mat_id,volume,energy_per_atom
agm001000110,17.48467077840724,0.49156951944639715
agm001001040,12.543587404906676,-4.046761126899923
agm001001919,16.160798662323316,-2.827016580520906
agm001003503,16.291205971426063,1.7435659499160892
agm001004359,15.334190022481708,-2.3807031746190823
agm001004594,15.673507677015273,0.9825925930749714
agm001006759,12.147684935926963,-3.764053669594464
agm001007227,15.740100973380263,-1.1593367349608836
agm001008954,15.400437021427187,-2.3590550928265603
agm001009320,16.10418151193331,0.313838156007364
agm001009484,14.34397381774719,-0.2742663514508206
agm001011011,15.542308002394321,-2.7810053121165006
agm001011034,17.241756791377757,0.7910652945365596
agm001011258,16.36605437529314,0.7058007696358057
agm001011276,17.536002130220123,0.02321822496574673
agm001012152,18.099882310902014,0.9584719123116692
agm001012672,15.238792706738401,0.9672010388900473
agm001012673,15.302143138599346,1.1239267329413902
agm001014575,15.645873837880936,-2.039448175948115
agm001015322,17.75505549499763,0.009512549890311325
agm001017922,11.241979431013656,-1.510871630566723
agm001019652,17.34027650902738,2.3469401986133414
agm001019766,19.038015005384548,2.0621926054826893
agm001020078,18.87498472881308,2.078217653959294
agm001021702,19.112385912207227,-0.21951126275716604
agm001022068,19.52990244238625,0.2845182836337467
agm001023885,19.309834917922416,3.2995131340197035
agm001023989,20.248361179290836,2.296773054480339
agm001024672,11.53861738594358,-2.4320384270871407
agm001027517,13.615815175454564,3.0490893657109273
agm001028442,14.298140528612342,1.4084844311221574
agm001029255,15.114001704644217,1.0532142325173008
agm001031293,13.936351144488055,1.244531836746349
agm001031724,11.264764642444336,-1.822041781127347
agm001032058,14.466246575828157,0.7071254653098767
agm001034234,12.532639995267054,-1.8065805141187983
agm001035741,17.312440199288822,1.5868859184718456
agm001036375,11.656568753847333,0.39243825645560254
agm001037498,15.290384960726987,-3.002700889071887
agm001037555,17.76249967686186,5.113139671129722
agm001038997,11.486473019847459,-4.1080009892975955
agm001039391,16.504216022704604,0.8705047463071148
agm001039511,15.886629702551277,0.6137806206876864
agm001039917,13.800863476202066,-0.7677056656007384
agm001039943,17.083659145040496,-1.1207017657443128
agm001040193,15.867785612603988,-0.8529864767594132
agm001040411,15.66175831534263,1.3660868426611863
agm001042892,16.65349119800827,2.2093033046948016
agm001043020,13.37664915126219,-1.6923368200338362
agm001043936,15.626778859099778,1.9455515994248547
agm001044286,12.978349135796535,-0.20911796510485617
agm001044489,16.340405471873378,2.180941136529476
agm001044934,10.871887211678176,-2.2722522068588638
agm001049739,16.0562138392965,1.9813049299531873
agm001053505,10.576746995009314,-4.343528706010489
agm001055435,13.598556723664593,-2.9759399597113974
agm001055954,19.22592308505614,1.7760436465083629
agm001056004,13.534697552394961,-5.5945938407411875
agm001057112,22.32841832832882,4.03139107151826
agm001057627,19.391424357589617,0.8647710711819497
agm001058307,17.030191926319635,3.5998808754525733
agm001058446,15.803280469254487,-0.9801637119057437
agm001060460,16.56389404165386,0.39743720194596577
agm001061731,14.959827844456383,-0.7161539940043328
agm001062366,19.483749141756128,2.846683892687185
agm001064415,13.50455820704174,-5.561764534135459
agm001064443,13.194249255684156,-4.928689994391808
agm001064568,15.381928274865954,-0.09803637786029935
agm001065948,16.96890446418709,2.8143187806277843
agm001066115,19.78242089173827,5.542076628890775
agm001067502,17.23174007774136,-1.609950131101595
agm001067554,16.04448069257419,-0.8314307811279716
agm001086200,17.547383300848463,2.3068953090722646
agm001086213,16.912785716731747,2.0201002318638333
agm001086235,16.462751259267986,3.2749942969301538
agm001086510,16.03473125833644,-1.0697435225579959
agm001086550,16.647034612213243,-0.7899631478834008
agm001086578,16.1322476848522,1.3120638253213315
agm001087647,18.577847688715266,4.124566934739099
agm001088240,17.701184192312297,3.384787144413516
agm001088337,18.192688805665146,3.553007121213674
agm001089246,18.74238317878628,3.5987268847326233
agm001089717,15.559526617054185,1.0952960055791792
agm001089775,15.074240165164492,0.8636812906122673
agm001090387,19.076520796084097,1.7712918372164692
agm001091522,19.22980016489176,-1.3540969293057996
agm001092377,19.581561986771565,4.063345126654347
agm001093963,18.224802683205716,3.628538155087364
agm001094206,15.302914225746564,2.4002214347474826
agm001095527,13.622115259633288,0.4699326716149317
agm001095605,16.280250544330553,-2.367832108685862
agm001095715,16.194078417279705,-0.064744418009683
agm001095905,16.769429873193317,1.6551509810566847
agm001095916,18.67447216997631,2.819941562856524
agm001096149,18.569984118405817,3.7412315979373973
agm001097092,15.881828679163654,-5.540581163379125
agm001097533,15.91378760279739,1.2320841685178587
agm001097606,17.81725850714431,2.8330653894869746
agm001097698,14.923707825890855,-1.8074492950606116
agm001098069,15.08224464767887,1.7816155609981248
agm001098458,17.872131606734172,-0.8006534448019522
agm001099198,17.25291482278346,1.2894174691851656
agm001099929,20.531586525403405,4.164836694143266
agm001099967,19.26541874638055,3.4360576618622822
agm001100392,13.281218644418376,-6.62225782976485
agm001100417,13.048255593479313,-5.935438395811335
agm001100499,12.853501236470535,-6.617668782183098
agm001100506,13.348335865772139,-7.5727839787847016
agm001100703,18.138955286372113,1.7585971506938733
agm001100706,18.521786992236553,3.209402690385783
agm001101352,17.342406735101363,3.158439954003799
agm001102145,13.220931107999343,-5.971527488761241
agm001102564,16.927743233257296,1.0414616023626764
agm001102584,17.309327013229648,0.10417551605730821
agm001102681,18.847970766502495,-2.3366968359106286
agm001102748,16.82670905998709,-4.5804644200562645
agm001102800,19.163705689326203,-0.36762080808757175
agm001102864,18.895632173594297,1.4600618850801659
agm001102979,17.20495902236073,0.6635149991931776
agm001103033,16.522200439166188,0.02978011359499675
agm001104968,20.6144414838492,0.5887261676242886
agm001105146,6.6601832377390835,-2.5064178906052303
agm001105375,8.128314687230848,-2.351278968234185
agm001105378,8.001420571752492,-3.2925659848842685
agm001105682,10.431245619553078,-2.2730929134638287
agm001105872,16.153063877951375,1.5845393859733257
agm001105887,15.572015248872399,1.379050655080657
agm001106082,15.634944168784344,-4.246678968103803
agm001106108,11.034029502695452,-2.811769095512163
agm001106135,10.752490150422188,-5.270305895047567
agm001106214,16.009665291710142,1.4993497454364473
agm001106241,15.66475630561033,-2.2363850364905717
agm001106364,10.060710469380403,-3.819343073901993
agm001107189,11.217929789127643,-5.323731433348906
agm001107258,20.414254569813224,2.632943724086302
agm001107266,18.104282677787182,1.0993529611426915
agm001107272,16.654501959756836,0.46916730735427803
agm001107544,18.02768833235641,0.257083885857481
agm001108482,16.205413243244543,0.4775395460417144
agm001108637,17.987835377727787,-1.2441651175325652
agm001108679,16.014694232812538,0.49297428453053344
agm001108705,17.66324449695035,1.046321177329736
agm001109069,20.291724765119046,-0.9202865808771754
agm001109181,20.674591900591242,0.2513353744124558
agm001109727,20.76958379373742,-4.696848966681893
agm001112024,18.398848912652042,-0.6064903607838126
agm001112253,15.22953555516528,-4.140050378704087
agm001114900,15.337606791389392,-3.145715992823491
agm001115160,11.679328828794917,-4.6605918631165215
agm001115359,14.35369606843949,-2.747584967280207
agm001115455,12.105219774548313,-3.771228237789858
agm001115631,12.282916693129383,-4.6694763174773435
agm001115716,13.12685918077948,-2.945261878501026
agm001115738,12.224083462837196,-3.0111652196916734
agm001115883,13.401741549919434,-3.0605328876206936
agm001115888,13.920379792890213,-3.194413980485879
agm001115913,12.907509033954012,-2.8579153330999594
agm001116011,11.918851956311157,-4.553167784375176
agm001116037,14.517895663867359,-3.754313304285125
agm001116151,12.961869336656257,-5.096909373958772
agm001116156,13.452552310132587,-7.271991999152482
agm001116169,14.499384114843458,-3.136239958781897
agm001116194,14.59594972996041,-2.4174731426426916
agm001116328,13.391788455437503,-3.5041397403592525
agm001116336,11.917988202782107,-3.958146202956566
agm001116351,13.901630822680582,-0.7043429852960479
agm001116413,10.335426186688078,-3.370049983027588
agm001116690,11.871478934904772,-5.539712491463501
agm001116704,12.855266272346988,-3.984473304486267
agm001116768,15.536337745482411,-0.5214334508756053
agm001116944,12.284254999720673,-3.0969990334895496
agm001117154,12.98903422514188,-2.0050940951759664
agm001118545,13.339988618633084,-1.4979505952522336
agm001118658,12.519352832895912,-1.249902399261114
agm001118677,15.865880562522948,-4.593909466998605
agm001118955,19.8836379959388,3.3261332246198236
agm001118995,11.218986278997487,-2.5516995345768354
agm001119026,13.794284087867817,-0.8001439486123019
agm001119133,15.284975280705693,-1.695606857809726
agm001119442,17.187673586496064,-3.759773724494851
agm001119448,17.118777809530208,0.727216156910754
agm001119591,17.533550443675658,0.6976060513398963
agm001119684,15.986230989341227,-0.15066276680645263
agm001120270,16.721365503142312,-1.951083889986112
agm001120291,11.40149620868314,-4.997751507460232
agm001120928,17.79324622161198,1.3372649837348467
agm001121188,14.896181796713599,-1.22319166907939
agm001121492,14.494951954172738,-5.6415470203204325
agm001121709,13.720023873060377,-4.01354338655481
agm001121728,14.386690494551027,-5.091246346579095
agm001121815,16.76781921947721,0.18836978255426562
agm001121847,14.83056718981833,-6.107244312829563
agm001122000,15.191924327863138,-2.823889417276332
agm001122410,16.136532569538684,-6.990244339725709
agm001122472,14.892036488298498,-2.165845314890168
agm001122478,15.035413968127584,-2.090087233680669
agm001122498,15.868895116177455,-3.1875750983274793
agm001122902,17.931751453843994,-0.30662135675896174
agm001122919,18.628901443942425,1.4997043278316688
agm001122922,18.017812499624696,2.0634702455670215
agm001123007,15.54633603015071,-0.5556548263216312
agm001123037,15.205270553698544,0.4607445529759211
agm001123046,16.652696118267155,0.7939937059753674
agm001123148,17.169587329169392,-0.6788119758069247
agm001123171,17.560533771826833,1.874301765240582
agm001123366,15.514231674079255,1.411520024505796
agm001123367,16.821960371363666,-0.2623239479605717
agm001123500,15.9615267442936,-2.5121664532524868
agm001123534,18.020145714825112,1.4806207518612755
agm001123592,18.851100648678216,1.9180488920796632
agm001123599,18.569720454837732,2.464174160132373
agm001123625,18.743974222079437,2.486469542191294
agm001123803,16.5029063136605,2.6309304737496726
agm001123861,15.724568970108892,-1.8066823851635405
agm001123923,17.767760389135436,1.6576229242645466
agm001124418,17.8123695724522,2.482459110370593
agm001124457,19.123855792544727,-0.032923918538907415
agm001124485,18.972755723123477,1.8334260588752764
agm001124521,18.87703894875553,2.2385198596692266
agm001124522,18.698056003425165,2.1889977417273743
agm001124525,18.938180457332326,2.2605739419568227
agm001124558,19.034586491228673,2.300721401431198
agm001124561,18.96740900638475,2.2773222266660547
agm001124567,19.275287997490352,1.1079584709073638
agm001124665,18.5823225284861,-0.6261399063024076
agm001124711,18.19658901817398,2.0259545140507838
agm001124713,18.43854606047331,1.6653404741428242
agm001124953,15.840143614098052,1.9369852644879941
agm001125093,16.882503940846068,0.14711033709716848
agm001125112,15.795665773919572,-3.2209691409459706
agm001125185,19.053268881040783,5.245389185380595
agm001125194,19.77832553340133,4.052949014642979
agm001125293,16.282448995729737,2.7634243857198078
agm001125325,14.50779474614965,2.1614487652938505
agm001125402,16.626012901120163,3.1887722645876337
agm001125480,16.383793600095714,4.341400121147615
agm001125562,16.750641106078508,2.657514339476604
agm001125587,16.14750573234353,2.4765618823365507
agm001125598,17.121342509400414,2.2203771286814336
agm001125842,15.153876078510375,2.3069261244221506
agm001125905,13.27541442426548,-2.698982209319839
agm001126074,16.339605565556116,0.002122506427949311
agm001126079,18.371057513788195,-0.06548218758927682
agm001126132,17.5436075725447,4.411727314741453
agm001126161,18.702497899946582,-1.7336094004642115
agm001126221,17.157485108975575,1.2340848785822338
agm001126261,18.628217454527448,4.808489456270201
agm001126329,17.46928015485188,1.6822013717816473
agm001126357,16.38113761480835,2.209646074799318
agm001126446,18.822293969398036,4.789185749205397
agm001126457,18.82270055676516,3.244089399059531
agm001126496,17.86702584005281,2.9231409823919936
agm001126526,19.42001397072216,4.006753007284947
agm001126541,17.291974154357767,3.2784042702091822
agm001126607,18.69981185281354,3.2129963122482827
agm001126618,19.121399236787756,3.3538424001499525
agm001126648,18.093008205157506,2.992052107246013
agm001126745,16.709683856584512,3.194799296670645
agm001126796,17.87161473869377,1.1028651010857784
agm001126798,17.728426151067946,0.5408998323273693
agm001126799,17.876292230859256,1.0834360261982274
agm001126801,17.88924976625911,-1.7309401783485008
agm001126824,17.158423769313174,2.4031772117649846
agm001126837,17.53134895748696,2.8389735793333246
agm001126886,19.112539495746176,2.582266743367801
agm001126918,18.746560383309426,2.374100989067732
agm001127174,17.588096355661975,-0.6607510706659152
agm001127874,18.716570443982647,-0.22590416345058273
agm001128170,16.543616631212707,0.008830200610110417
agm001128219,17.649544563757534,3.4024517817308526
agm001129674,18.913521677625734,3.029472704015535
agm001129701,15.682023129092542,1.3218638707035861
agm001130056,14.005518600847848,0.00630192724036327
agm001130069,13.84151281120255,-2.42101274264881
agm001130346,15.444824168100974,-4.8926186871121455
agm001130691,15.748792341226228,1.2263495370035207
agm001130762,15.538010277396689,1.2382032475637574
agm001130782,15.259234565853546,1.1213627671455377
agm001130878,15.655918451104089,1.1270354939724037
agm001130893,15.315994599256356,0.974007315646606
agm001131019,14.210411518085794,0.4991134637339396
agm001131037,16.176657297405153,1.5480268095748668
agm001131040,14.598460786316773,0.665615212525732
agm001131141,16.280897182902766,1.5580446066553408
agm001131147,14.806849398827248,-0.5124398231118192
agm001131195,14.818342273285694,0.7438578785918928
agm001131203,14.750845332147742,0.715119999500847
agm001133177,16.72669879709431,-0.7015318884533306
agm001133249,15.85761756942192,2.0751160121531793
agm001133529,17.046438116356384,1.6168034949170726
agm001133775,17.392206937042584,2.8167795600966627
agm001133821,15.00271823369561,-4.409801477777619
agm001133889,16.87030747677283,2.040460358562246
agm001133961,16.058269403954473,-0.1173032596052268
agm001134085,16.126807943994244,-1.8092285966822237
agm001134239,15.946214926112305,1.52338122257113
agm001134348,18.58125385076027,2.666864884406281
agm001134445,16.99748779071327,2.742022361580635
agm001134456,18.537874025941893,2.639527676842305
agm001134492,17.731678303745905,2.3511291029196784
agm001134539,17.792505374426266,2.3818397870818764
agm001134573,16.934926063809357,2.2268676409911645
agm001134629,17.06787832471407,2.195965122701363
agm001134720,17.172653402377748,2.2039245411039374
agm001134733,16.561037173222534,1.891326183892999
agm001134761,16.351053858264724,0.7397488493541484
agm001134817,16.43741382021279,0.7812842152054378
agm001134821,16.984128407379004,2.0470327703796416
agm001134948,15.04782322391746,-3.692822523488716
agm001135082,12.585396440543795,-3.06083716320488
agm001135293,15.404001264842883,-3.3634874424118513
agm001135330,12.89925470284911,-4.65328839586897
agm001135380,15.470252772300833,0.692448227508752
agm001135412,14.282497109889105,-1.9589676227652983
agm001135431,13.278305455533276,-1.1782278280103116
agm001135718,16.090037188231936,-3.1002734729195174
agm001136082,11.784134400301147,1.0894959071150976
agm001136149,15.594176263389096,1.8807844406136898
agm001136244,16.494358962726764,1.373140632134926
agm001136275,9.790071339912762,-0.6053978286484201
agm001136354,13.317309326149358,-1.6439886072832346
agm001136368,12.011385241132656,-2.7707694517159362
agm001136457,13.88832510159197,-1.0725247817773216
agm001136472,14.729322378123296,0.17997155982642532
agm001136492,15.621429810776545,0.757270799300092
agm001136713,15.312531829824698,0.3658354818653917
agm001136728,15.96854994388901,0.6254799696594997
agm001136902,13.617186528108459,3.1738068041139806
agm001137008,15.471694404649293,-0.15346875674251148
agm001137029,15.877578933956544,0.03758182655584985
agm001137121,17.383514451678913,2.0767926788385838
agm001137472,15.824133663228388,2.2481281729564984
agm001137483,15.211530596589032,-0.3081515460250417
agm001137510,15.48786547142769,-0.060750406954496405
agm001137713,16.949440875810268,0.4814638763529384
agm001137773,17.25286360578607,1.858280851538356
agm001137982,15.854643305587285,-1.0187191344944502
agm001138055,15.418442112610826,1.1969755554225836
agm001138099,16.299396529540218,1.4714263077620853
agm001138463,19.75128798988885,2.060870113300725
agm001138794,12.007487760963947,0.7094225980022562
agm001138867,13.991969812353872,1.1233796254242714
agm001138874,14.94061731632306,0.8345455382074034
agm001138881,15.348239482943026,1.1713195745096359
agm001138882,15.660437469870262,0.26201739357172116
agm001139144,19.044864187123657,4.3485588687264585
agm001139188,15.647125808620908,-1.640763653538512
agm001139195,16.568225006461965,0.9797352352297377
agm001139298,16.160870465152836,2.1928026756769956
agm001139485,14.083992482847208,-1.5728479028886433
agm001139504,14.366065012540052,0.348861593927837
agm001139567,15.102403443164652,3.0323318038718465
agm001139717,19.128989033242835,3.3837542956925635
agm001139732,17.98569212109465,2.841812104692779
agm001139872,15.58082019244773,2.4123855628472377
agm001139925,17.06222190733505,2.4916387536063906
agm001139983,18.11129871982582,3.092268299038527
agm001139988,16.45737399430678,-0.008345564372337577
agm001140137,16.985455870606458,2.4683559669895407
agm001140144,16.878977728797746,2.192356080454754
agm001140158,16.024964612541517,1.320622567537419
agm001140260,13.936166440666296,1.0598584242411428
agm001140361,14.643192061524662,-1.0216688933454536
agm001140405,16.19564013311163,0.4949098634353275
agm001140413,16.24696578828623,0.5198294136000321
agm001140523,12.695518437059372,-1.3253737793280949
agm001140540,17.048636857283345,-3.936812547581048
agm001140936,18.064817618412963,2.5891967663226074
agm001141195,18.665453333414625,3.5241420428579104
agm001141254,18.63476335610386,3.0007669325938133
agm001141262,18.322006033988576,0.48694667514174306
agm001141392,18.672882964582143,1.8857586391935675
agm001141401,18.084283809544242,-0.7118333775898824
agm001141555,19.17845584087499,0.96189575855949
agm001141771,17.32976873822586,1.31731795349517
agm001141936,17.577358311769867,3.2960557206330856
agm001141937,16.104492981426016,2.796128351155488
agm001142028,12.932516878596934,-0.3783845810305806
agm001142164,13.557763049416288,1.5114684927609838
agm001142171,12.203579476694438,-3.1754047392827878
agm001142232,14.181407623142977,0.5345383306610092
agm001142484,14.742129540253579,1.7234237746104295
agm001142635,14.520325259624467,0.8341464719861573
agm001143037,17.181191360127162,0.3373959510770037
agm001143134,14.872322254561514,-5.434986210731421
agm001143217,14.865652713733612,-6.034184081065474
agm001143517,17.181449454227362,0.75990796487471
agm001144223,16.620066594162218,4.050192930549598
agm001144423,15.861614813086868,1.6351889466527254
agm001144445,17.846410304939393,5.344103915738139
agm001144568,17.368208793337963,3.5733321098753077
agm001144594,18.09727692989568,3.069892078244428
agm001144844,17.489813696525037,1.8612406499015446
agm001144893,15.442969763582184,0.20819534472318058
agm001145090,16.987181242625223,2.2143410952258957
agm001145260,17.255625117128197,1.7172866963266102
agm001145285,15.80509368724921,-1.8248384440292202
agm001145892,18.32401680156726,2.0373185539508487
agm001145981,17.477826684160828,1.783673007692422
agm001146097,17.60389900035495,1.7928256617859812
agm001146108,17.961719493090104,1.9081228166131048
agm001146195,14.21314794236586,-6.524964234645473
agm001146233,12.53892365954346,-6.424725915913621
agm001146426,14.752473939554203,-5.807121891336111
agm001146527,11.300049660418242,-6.2654191294034725
agm001146803,17.27647897249628,1.3829042651938446
agm001146929,17.171117135726565,0.9744030567651238
agm001147028,16.09632167676038,-3.3205479179208943
agm001147035,19.942658309517487,5.478812908778559
agm001147066,19.50681635014331,3.0189486060694897
agm001147071,20.24399471797776,2.099538082249947
agm001147195,19.963093595126963,3.6865745658136175
agm001147198,18.970537424034067,3.9882663806702343
agm001147346,17.95519275700715,3.472428336292702
agm001147365,18.22511359148256,2.2610683579703785
agm001147411,16.754684161073325,2.000677141628005
agm001147420,17.24956202991518,2.1103737941281873
agm001147427,18.646128256068593,4.3080184967622746
agm001147609,20.12153123893986,2.6508485583696704
agm001147623,18.328767509154332,0.7137338514657845
agm001147639,19.095614307047512,0.7363201822139525
agm001147678,18.401898425518805,2.7400156691422
agm001147685,18.762564977897714,2.7548747821431805
agm001147705,18.64505580435007,2.984176859570769
agm001147740,20.196485171769368,2.8425604969812337
agm001147743,19.077687420210047,3.1193035789040513
agm001147762,20.938980022007993,3.7762752957278902
agm001147780,20.074610901666034,3.747720917871482
agm001147797,18.064180422655284,2.6836565263707346
agm001147922,18.670034022011563,2.990469911196562
agm001147958,18.83524236647114,2.8609367873393756
agm001148156,14.68780948443828,1.854488748032411
agm001148264,13.83102962134432,-4.3231709695102625
agm001148340,17.832822530767118,1.5965191979675089
agm001148404,15.656962924669406,-1.5783828179731199
agm001148505,16.303523016903007,0.9430705475747088
agm001148750,10.761007578906039,-2.277519202148706
agm001149092,16.37852938859188,0.03802236562412009
agm001149093,17.013104782587703,1.1488218436766298
agm001149177,15.884019833331967,-0.18003455352939568
agm001149273,15.814255166732877,-0.2198832903589958
agm001149440,12.325898970951567,-4.073579311887446
agm001149844,12.563740345475399,-5.486855047142156
agm001149913,15.192233004887475,-5.4073220822670285
agm001151294,18.573214807108446,3.206628663939494
agm001151351,15.932317695126835,0.08921940876855405
agm001151372,14.655630427433865,0.7494438029200383
agm001151441,17.34122202483426,4.4119912669585215
agm001151556,18.01018816458162,3.9058079034863527
agm001151587,16.323574306465254,3.8435131291372766
agm001151610,16.90859207615417,-3.1343228192806034
agm001151619,16.877160100486282,1.5157808572013538
agm001151630,17.00018998447558,1.578320113890742
agm001151917,17.03785916210603,2.0168385589781543
agm001151941,17.02004913040267,3.254746862466014
agm001151991,17.821507254857746,2.9573933716754555
agm001152034,18.467683266935516,0.9273989314315232
agm001152049,17.801489525951048,2.9691755427445843
agm001152080,16.418463468304612,0.7213164920700104
agm001152116,17.534456438227643,1.381632266870782
agm001152170,16.27070783651747,3.039864895247214
agm001152184,17.696338679327393,2.9060334626244932
agm001152211,18.191124114732183,2.28373668075235
agm001152223,17.361784864510057,2.816678316271947
agm001152631,13.573039557312628,-4.916341455663973
agm001152898,18.063226398604368,1.6068762644711594
agm001153094,15.501100752841685,-3.778612016306665
agm001153166,16.182031657981614,-4.651285707601511
agm001153168,15.831862028212644,-3.6324646593893872
agm001153439,15.947675824382618,-4.647487596853995
agm001153696,13.846546291337104,-5.588024833298835
agm001153699,12.150570402262339,-6.572258105804826
agm001154052,15.39650123237426,-1.4788732340734034
agm001154093,17.24198385139444,-0.21627739184943362
agm001154104,18.178976730023283,3.2663685573024424
agm001154232,20.23348874110024,3.112609217202542
agm001154258,20.9215735319358,2.7186309190843696
agm001154310,18.20332979569585,2.5662089326252167
agm001154334,18.232021207041026,2.490247179942517
agm001154389,17.570769741354507,2.924938357901225
agm001154480,18.69757725803951,2.6068106497410604
agm001154500,18.356490190098448,2.597949041292111
agm001154556,19.512754958955483,3.2900856716391855
agm001154558,19.352146001809203,0.6179058817375269
agm001154581,17.915139843641953,2.4585331027162898
agm001154700,17.974524848518556,2.407453678995589
agm001154705,18.13825809765708,2.447480555966173
agm001154712,19.450137012003605,2.1576217172335266
agm001154740,17.493535502753783,0.020914726594290833
agm001154820,13.859336943329104,-6.2974473769418395
agm001154875,15.721107053504689,-2.8359834179013816
agm001155010,17.311653369534845,-4.127902974372983
agm001155333,12.972144306449813,-3.0507092625398142
agm001155336,13.162065374137619,-2.9563829676473325
agm001155873,17.078038933879775,-4.684397478340225
agm001156695,18.6120413141366,4.786743634689274
agm001156707,17.95032570606707,4.577436420013114
agm001156711,18.048096183228896,4.337670328505032
agm001157234,19.873433825484813,2.3131383057764214
agm001158330,18.443787200271615,3.4636696686981887
agm001158363,18.285637271131346,3.4281115253157184
agm001158392,17.579871547210892,4.098407951831863
agm001158400,17.644241305264874,4.141104811257856
agm001158411,18.166586501277752,1.2965869063371906
agm001158501,18.927729264472866,3.566612088589106
agm001158578,18.318756428727816,-1.2826211807284666
agm001158645,18.666417108096013,3.48724164712842
agm001159024,19.13308394989136,-0.29736085536150814
agm001159193,16.361749455080698,1.4194742310574862
agm001159209,16.621569020953885,1.5068165051700904
agm001159244,17.28710221969229,2.5855584328737304
agm001159298,18.17299634251709,2.2864720203696827
agm001159306,17.485658624193196,2.013269988353551
agm001159326,17.071873981332892,1.8896599698359724
agm001159439,16.722756540822346,1.7890092897012382
agm001159445,17.11750074167205,1.904517419682227
agm001159456,15.623908967238217,1.134719373702283
agm001159633,17.112704242118884,1.8888236771843818
agm001160222,19.09630143205434,3.4058668829178753
agm001160237,18.678167976488318,0.9539720447950737
agm001160251,19.010718007199923,3.246883768869669
agm001160265,18.905770310621048,3.3686445739682975
agm001160294,18.82458961453634,2.6658131611001696
agm001160305,18.980831641424743,2.709355864422954
agm001160342,19.61513725106338,2.12457530551176
agm001160402,21.011430593788404,1.5137362435324162
agm001160476,18.817693928364058,0.29947227716085933
agm001160482,19.064288984301555,-2.7217336324624197
agm001160487,18.596994471496455,0.24990500682783168
agm001160566,18.540752792523023,2.5849215087660964
agm001160574,19.8087283008699,2.208402071508054
agm001160578,18.891681693227067,2.6782787479629286
agm001160851,19.896819185694632,3.80451447160352
agm001160910,19.52605861888888,3.5119922582341143
agm001160921,18.217382116215482,3.726632005218682
agm001160992,17.865745373982765,2.9810824066650676
agm001161112,17.470176903421585,3.4717095451224864
agm001161248,18.983533034046403,2.7516432043632104
agm001161313,21.334428384118745,3.9733110651867403
agm001161343,18.686151528882828,2.6448962090328756
agm001161374,18.67379322952434,0.281897660491925
agm001161378,18.706888806483445,-2.0581067591962405
agm001161441,19.384933287251997,2.0943197438686507
agm001161771,18.62859487496571,2.6106273128626993
agm001161782,18.849160020699667,2.6764728965640696
agm001162235,18.313689259964292,0.18465095393086894
agm001162261,19.452472486345158,0.9431854232097043
agm001162297,18.076336295474253,2.4459294326931147
agm001162358,18.930888879868903,1.9990885483007075
agm001162466,18.25417177204036,0.15643202153054592
agm001162494,18.708274712698227,0.2886788021647497
agm001162677,18.757134505604782,1.91818169580755
agm001162703,18.72174934479631,2.6351585699576727
agm001162707,18.37720727717358,2.5333269753120913
agm001162743,18.123217192725527,2.4480051645559557
agm001162825,18.46710256848373,2.5617425319323193
agm001162905,19.18973657472659,2.0526969489982214
agm001162930,18.47952666358149,2.5679806078492557
agm001169689,15.857173763887351,2.1966622215232032
agm001169874,15.281852061851572,2.50321466203985
agm001170008,14.54828314416556,1.1032384376906936
agm001170144,14.645820661998322,-0.8801231179585631
agm001170224,14.726844194572225,-0.7582565209060258
agm001170225,15.2235583036133,0.9099399908535979
agm001170280,14.956897535487686,0.8098276873413462
agm001170300,14.869315166963467,-0.8005734679354278
agm001170303,14.794637705306704,0.7516627075285675
agm001170565,14.064988887485258,-0.22285687222787942
agm001171188,9.0954201455114,-3.1873248751550123
agm001171197,8.712900435193538,-3.19030266641083
agm001171199,8.866391986070221,-3.3056555048133807
agm001171220,8.668074744399705,-1.2406107612021564
agm001171337,8.340624699338393,-3.4129330926567256
agm001171554,15.719736757795866,-0.9869326498327572
agm001171863,12.088293728753309,-0.9936916470041002
agm001172002,14.80434407765265,-1.4954073540215145
agm001172354,17.672271383876968,3.007533823663325
agm001172947,11.805292136146194,-2.402411007751804
agm001173065,11.774376818010525,-2.4207952122866314
agm001173171,12.114058337307702,-2.20885861878813
agm001173318,11.936280859931289,-2.3079844649238463
agm001173435,11.68077724332627,-3.1641433732710182
agm001173531,11.96155750890999,-6.17136801236596
agm001173743,11.447640317650816,-1.0864537476198546
agm001173787,12.063488789774867,-0.9248933021508883
agm001173958,11.060388639690016,-1.6204804388230147
agm001173960,10.982326423259321,-2.0408429206479792
agm001174069,11.592533904926947,-1.0045398991269987
agm001174074,11.549625687563996,-1.023781610461901
agm001174080,11.873335643135817,-0.857483850326247
agm001174429,15.618799053886654,-4.883009169559195
agm001174442,15.755610880132538,-2.811360639993852
agm001174562,15.428770396167684,-3.8243791763103787
agm001174886,11.97315540381753,-4.669627968206837
agm001174976,10.803595830233048,-5.070169241180536
agm001175046,10.680069209071666,-5.094690954432493
agm001175135,12.325453727529558,-2.9257769899675026
agm001175239,12.030847718306584,-5.364150570032009
agm001175656,14.410506190763117,-0.939323174529474
agm001176236,15.78009051974511,-2.8947951351600083
agm001176694,15.359602623509993,-5.372821480839132
agm001177035,15.079183795058164,-3.9887890489346423
agm001177355,19.792390725705378,5.56671335237084
agm001177362,15.799225458204512,-0.26299262228809656
agm001177429,15.812635121158165,-3.113059021392475
agm001177467,15.814317093910235,-3.68761244742892
agm001177502,16.05441387483076,-1.247515881387659
agm001177621,16.01920571172043,-3.7779215656033798
agm001178810,15.337208295996204,-1.3216589556992098
agm001179021,17.411545552944784,4.697967811679084
agm001179131,15.681847453720769,1.737035188343515
agm001179170,16.00413207225905,3.3941758440565337
agm001179195,15.944758904164836,3.381811009475991
agm001179276,17.109645127098524,4.565889956600625
agm001179286,16.495290608791482,4.193811745827864
agm001179291,16.619502831295947,3.7682929781241796
agm001179352,15.573515231625601,2.337380726790673
agm001179716,15.541510746906013,3.098423656535177
agm001179879,11.495517670418819,-4.6073476670219025
agm001180457,14.265749982400122,0.5187854663656187
agm001180489,16.366114609161027,4.74844435861083
agm001180720,18.874852631734697,5.142729531560788
agm001180903,14.527428289241541,-1.2381090357546054
agm001180911,14.608261422118105,-1.7865231865098472
agm001180965,19.391594340218333,3.282830697669585
agm001181032,14.122686721027108,-1.6798009491205217
agm001181243,15.973421469137742,-1.2522297693060753
agm001181290,16.03558295551508,-2.793384563692593
agm001181495,11.307860024401124,-1.5084377662734543
agm001181527,11.908626596910176,-0.9743406516250003
agm001181638,11.92283458677838,-3.267909247637288
agm001181699,11.878011431615198,-1.7240056085342548
agm001181705,11.880596835035808,-2.5417069157754253
agm001181712,11.26881027838347,-3.8403244746689533
agm001181722,12.419920670255545,-2.2857685013544806
agm001181747,11.677160103194431,-1.2701696930126147
agm001181861,12.3212513489796,-3.069798181226664
agm001181864,12.217824960047933,-1.5582244378941361
agm001181916,11.442462651945347,-3.2178322195435594
agm001182046,11.214305192306574,-2.225605684083065
agm001182060,12.006868218814802,-1.972149984661078
agm001182138,12.173656320300266,-2.5966322571468896
agm001182410,16.06359558290929,-0.12038991113614432
agm001183016,16.010870664660075,-1.224383736908403
agm001183023,15.675069308139783,-4.085861176512293
agm001183098,16.78002079552716,-0.7960586733938436
agm001183150,15.843186353436494,-3.8474148581850898
agm001183168,15.581565869992284,-2.92394913137878
agm001183211,15.636433526070713,-1.115785862040091
agm001183519,15.165837312772778,-2.690170049337103
agm001183560,14.804435318357898,-2.89868075483334
agm001183685,15.00773012701083,-1.5939101488941414
agm001183725,14.905933918580365,-2.021786874408432
agm001183744,14.957444980736168,-1.615004520190751
agm001183791,14.557080558572624,-1.4743920944721716
agm001183866,14.555986054538879,-2.209000579228723
agm001183883,14.844632320332769,-3.184107346781365
agm001183902,14.771263987982662,-3.0077392762098825
agm001183903,14.638947857563027,-3.064279873739245
agm001183919,14.633434271897436,-3.0680992477806246
agm001183939,15.286721023771785,-4.845739099432163
agm001183975,15.489097376530815,-2.6011992738671736
agm001183979,15.54197412159174,-3.1672382516098936
agm001184027,15.23700363934094,-3.485315623553953
agm001184060,14.809005593310749,-2.987980700826155
agm001184323,11.679619256095007,-3.5935100576369297
agm001184429,11.805806443925654,-3.910134212599148
agm001184443,15.365031651713892,-3.7639730039766346
agm001184445,15.075904581012727,-4.93190276353046
agm001184484,11.629689549428951,-3.675428843293714
agm001184491,10.720242014529894,-2.4952513894302926
agm001184549,14.174737387838524,-2.615688484887235
agm001184715,12.974339890138195,1.6423749502049478
agm001185027,16.11376965316678,-4.514891244180789
agm001185056,15.453933272128042,-4.062295325262916
agm001185496,14.96679994714127,-2.855375648073903
agm001185499,15.166062194324292,-1.2085286718145383
agm001185527,20.037236809973596,3.684633116245145
agm001185531,19.25085513145252,2.016513865855328
agm001185536,19.536464955210096,3.426838423320614
agm001185638,15.675604821748323,-1.3658002824617455
agm001185772,15.252335194711138,-4.945467595716225
agm001185858,15.47272395684486,-3.249967336395814
agm001185868,15.62650163063683,-3.149786953822558
agm001186485,15.2318313639695,-4.311674306190352
agm001187193,15.623206819583471,-1.6777730132787312
agm001187517,15.48833051819931,-4.381842364520797
agm001188066,12.179439292471935,0.9465943567911097
agm001188172,12.483210617942916,0.8138637702568321
agm001188242,13.907122651517106,1.9688510585270056
agm001188245,13.854331085822729,1.9529772392852258
agm001189040,11.67341132602131,-3.6346764753612537
agm001190347,18.052026843504965,1.9790987981263193
agm001190666,18.652826150112748,6.83060570955697
agm001190984,19.360712257888633,-1.397703690307579
agm001191001,18.211399384977483,2.589820145075503
agm001191004,18.63024862042321,0.20097237427903636
agm001191046,17.418713337130008,4.523757826262878
agm001191126,22.215559778397832,4.551167496421802
agm001191212,19.18341673473458,2.75751369877264
agm001191393,16.569126398186842,2.1837127883791068
agm001191421,15.789807873898301,2.2889083892101176
agm001191573,9.815596809170021,-0.48868685806882484
agm001191713,19.577238639758267,-0.40475375195888486
agm001191738,13.911696748277052,-0.7196738516441377
agm001191765,19.624883821989403,4.838418334072136
agm001192395,11.499902039391364,-4.320273369830826
agm001192698,13.228765682043422,-2.5262321432633765
agm001192699,11.567661221733362,-4.960038793196202
agm001192844,18.45936785918016,2.2620536526213733
agm001192942,15.358537593994003,-3.946263159289881
agm001192961,16.884305534232777,-2.012797438674715
agm001193286,10.792720946762236,-4.970697170502747
agm001193643,20.834602407953607,7.1306718857959295
agm001193789,18.595657270004605,2.6674777477884972
agm001193807,11.441971732543392,-4.679274511371245
agm001193826,13.99326929386635,-0.8384200893477173
agm001194199,19.823350968671928,3.3353382334386326
agm001194243,16.587107969249406,-2.526557747011505
agm001194392,16.854144522973986,6.815792890652301
agm001194458,19.7557371937736,2.924058317582665
agm001194460,19.22846196457208,2.771772275763098
agm001194482,18.888599300256832,2.608608865807619
agm001194483,18.46753500270672,2.594705973979149
agm001194529,19.33560659601341,2.811295834996925
agm001194545,19.515154437535987,2.86310257867072
agm001194603,18.671381413202997,2.637762124635613
agm001194779,18.60065944463264,2.6030674292062863
agm001194931,14.807013553744243,-6.78221007927482
agm001195117,17.47841637186791,2.113123582909422
agm001195146,17.108773901569563,0.8277361696161325
agm001195235,17.599965622162365,2.310198376440356
agm001195255,17.728002494521967,2.3572959398299647
agm001195282,17.314398654013587,2.191629756406426
agm001195396,17.46450549268666,2.894414234006782
agm001195955,17.294963126131773,1.725587493629587
agm001196189,15.422478103068084,1.0637441221892594
agm001196205,9.69879060983462,-2.9465230637514574
agm001196264,13.970463093900273,-1.4926145871418353
agm001196298,15.62810214211221,1.1363400505844474
agm001196452,15.476436715446722,-0.45820170000560534
agm001196537,15.850732841465407,1.2007226226347871
agm001196547,15.777187541443721,1.1917410762146856
agm001196549,11.800839346837204,-2.437683390903348
agm001196589,15.339187057075723,1.0503524065858043
agm001196627,15.875991893095334,0.7343602812866212
agm001196700,15.46745706904648,1.4456617747486327
agm001196786,17.08020007120891,2.40427964131006
agm001196931,16.700297447252357,1.744365985116243
agm001197013,13.82290217230542,0.3965540819554212
agm001197209,18.66349066441718,2.4594526415528044
agm001197221,18.019900874291928,2.0937938834691403
agm001197303,15.10734728269108,-3.3916289567167333
agm001197324,18.28849306321994,2.1656660894570665
agm001197325,18.047169672966344,2.1063717040546823
agm001197623,15.927770872585949,0.9913599033842564
agm001197776,14.534799705954438,-3.9785320624862175
agm001197863,14.713947437796069,-2.2432888581504287
agm001198080,16.62000943506503,1.6977875451052817
agm001198114,15.821304825191934,-0.7370209190924397
agm001198489,21.423173966019565,5.61322667047553
agm001199029,10.97103820532995,-3.6406384828673675
agm001199372,16.182816343337098,2.9969885008314225
agm001199543,19.367149401599356,4.977462327846015
agm001199669,16.195250566863574,-1.2207735773895454
agm001199682,15.692897489190125,0.91703219366509
agm001199819,18.446685338934145,3.564190157363912
agm001200314,18.56108307222056,3.113927537604316
agm001200396,19.338603097969465,3.35375220104556
agm001200483,17.089952918283704,3.7278014664235632
agm001200499,17.349118104198418,3.6054009456249148
agm001200508,18.42350438988708,3.679904837076707
agm001200516,18.62517438752271,3.727753250668404
agm001200559,17.999163137436327,3.574789672166947
agm001200562,17.56989031497829,3.4179905744845342
agm001200604,17.256612653622525,3.359462758281545
agm001200621,17.902436379670885,3.3668496997779522
agm001200633,17.05372839784204,3.27923104814095
agm001200640,17.284595810614793,3.7688372945322497
agm001200682,19.099243381306472,0.8818743046728601
agm001200768,17.11320738612163,3.334102699633914
agm001200894,18.35707939865237,3.1606000170565123
agm001200916,17.796473478079776,3.2171781428510347
agm001200924,17.108477528297207,3.01452760518353
agm001200994,17.21430762647117,2.9469400336313356
agm001201187,18.72015008436167,2.9767958630844404
agm001201689,18.768348417994094,2.2948242403206676
agm001202510,10.97122444724459,-2.2256080560390257
agm001202579,14.351511689269916,-1.9127478214311697
agm001202671,13.427404702467733,-4.001095252718396
agm001202926,13.053080928867024,-2.9318926177056532
agm001203062,14.945526763799213,-1.5421915392879626
agm001203078,14.551714359192804,0.6265846040585634
agm001203240,14.76018196061622,0.2557331930736719
agm001203241,15.32664404854667,0.5252974660668634
agm001203292,15.81771016359071,1.373987440348233
agm001203625,12.61535261639952,-0.24526375295782943
agm001203639,13.098670630509698,0.40224581234959267
agm001203647,15.377767184826931,0.2780180804971044
agm001203905,15.555640969244257,1.8521719789804907
agm001204040,18.80902313469874,2.645689541600669
agm001204358,18.253695473097896,2.8674099462539733
agm001204422,19.665813691182656,1.4334109039355916
agm001204558,19.29998264780263,3.1099272836469343
agm001204881,9.822127495381693,-3.6109626225187488
agm001205050,13.635776088517463,-4.865082816945215
agm001205155,14.41380441752156,-0.8953362551092283
agm001205312,14.09980336748741,0.2745235534533297
agm001205355,14.612939555562674,1.5240879962302731
agm001205442,16.68172677850031,0.8600498080341694
agm001205545,15.646876148589858,-0.13542278884079906
agm001205853,16.437207767666322,-0.15300898583175027
agm001206161,16.151830885250085,2.1256443910835836
agm001206313,17.70635478480846,2.837693274227095
agm001206324,18.154150855877216,2.531715665383662
agm001206407,15.435693060824441,0.4885634910315888
agm001206653,16.574173408711317,1.6548172268265322
agm001206668,17.14774612467769,1.7568338878035759
agm001206810,16.215703655337563,2.3652590163419553
agm001207010,18.22029254729426,-2.202976321283221
agm001207133,18.937695283615472,-0.3964094486038343
agm001207178,17.678722903329913,1.191272209717397
agm001207244,20.856588444773532,1.4933598045558405
agm001207246,18.45432882347847,0.21334907802721403
agm001207328,15.812461050833699,-0.43689769581728743
agm001207657,16.231508314449545,-3.4307451979490935
agm001207890,16.46078559680083,1.8312239042924547
agm001207991,17.17915259657092,3.230027811377834
agm001208593,14.847854540672941,-6.038395680607085
agm001208730,21.323550875059595,4.8786222921578
agm001208773,18.91911166883734,1.9513610457707244
agm001209023,20.536666394144778,3.6861601938253
agm001209031,18.85844296389001,2.5456623519500035
agm001209047,18.676888314044014,1.8136710555228541
agm001209077,19.412067940575884,2.0289014086853543
agm001209131,17.89222510704237,2.4054039065306965
agm001209134,20.945347652247563,3.717844347873136
agm001209143,19.599159505793107,2.9596330649724356
agm001209178,18.953954971287605,2.7138689062228423
agm001209210,19.161455940420005,0.4568232034012505
agm001209249,18.539693167188062,2.5781263443524285
agm001209256,18.38777224456043,2.5630708616354925
agm001209276,17.624247209284626,2.4117179907772597
agm001209278,19.153615085305145,2.2379510845283663
agm001209294,19.060801172249928,2.1984721193414094
agm001209315,17.827441523701278,2.7703651061781542
agm001209477,19.565937692848706,1.548148027709793
agm001209484,18.978503847879974,1.5168128488156745
agm001209507,18.329091096619308,-2.009290622592107
agm001209512,18.262341840422977,0.030841249825082073
agm001209618,18.701360508654936,2.5368524506079826
agm001209626,19.98666697125078,2.8806373040554414
agm001209659,18.701604975191007,3.2862547332906535
agm001209732,18.819678035445197,-0.020404614022371703
agm001209734,17.900051857886975,4.017260186390927
agm001209745,18.188374667002446,2.4201910578595003
agm001209775,18.66312094367692,2.5382511878623353
agm001209797,18.2966196320252,0.8835199182603235
agm001209833,18.25009913518898,3.138205199018282
agm001209983,17.79301951680192,2.951695472597068
agm001209998,17.61289733212076,2.235756901484952
agm001210333,19.415249028227475,2.8656049119970097
agm001210349,20.444588539488436,2.660345582912834
agm001210406,18.86134491990173,2.6593857454787306
agm001210564,18.434765359923794,-2.130406497860573
agm001210724,19.55359066738577,2.8711919684221954
agm001210830,18.602531501768762,2.606971313113804
agm001210846,21.042146836455583,3.908036155565327
agm001211219,13.309530742864816,1.8100178992482698
agm001211252,13.736773750843216,2.315628527040464
agm001211305,15.209725135991734,-2.478580117342939
agm001211360,15.390747702826665,1.9560113090741984
agm001211457,17.018429034423505,2.918590110987582
agm001211578,10.698659799762911,-0.7103708649150815
agm001211610,16.379053693612597,2.9053975686291897
agm001211622,15.854686721327944,2.463815948458689
agm001211730,15.754719959175882,2.0759131099574573
agm001211914,15.82193784786615,2.331752967654447
agm001211932,13.53787079845269,-3.631363965196452
agm001212197,12.58237441846359,0.8534061430573945
agm001212279,16.96224639129785,3.1070660365497202
agm001212353,13.103450805377278,-2.9694418481274223
agm001212504,10.747737639797736,-1.4004639255800755
agm001212541,16.839221416974837,3.0670171445204266
agm001212729,13.35106737983082,-1.0060598247428105
agm001213080,16.610367699580525,3.935332571209768
agm001213156,18.048722367321467,2.6860608211802113
agm001213257,15.988377912501166,0.6837112299692878
agm001213267,15.979708350356265,2.9970118560313175
agm001213320,17.72386876095799,2.817315097606614
agm001213345,17.035293646140733,3.2546479536332367
agm001213352,16.98955361786751,3.261067154012083
agm001213426,16.84968226919269,1.9641175027543056
agm001213439,16.419833451475515,2.491523950771187
agm001213467,17.17602706637961,3.1047607517157294
agm001213473,17.555190857506734,4.49658425818454
agm001213510,16.070913599741214,2.8290324102031814
agm001213605,15.967323058585865,2.456262402589405
agm001213663,16.911717517266865,2.3840397058989016
agm001213666,11.609846856717956,-1.888208098444156
agm001213674,16.23756613283129,1.206255915170492
agm001213993,13.276442249606003,-0.0451861656812893
agm001214022,13.41626268376132,0.25941418423417595
agm001214040,16.80896375794926,2.478736600222115
agm001214221,16.641027756774612,3.31023163786387
agm001214227,16.63219332113832,1.8572702549255622
agm001214440,17.522217794338264,3.4293504002274924
agm001214485,18.965302303655513,3.0019581743539936
agm001214525,14.199314247812953,-0.9032361641345226
agm001214735,17.596595870730944,2.294537184453194
agm001214866,12.246691194838009,0.12536020852783292
agm001214871,14.660916743859605,1.3867146033925346
agm001214914,17.636155603006593,2.8206102324829176
agm001215006,16.518364816521096,2.990892041258568
agm001215011,17.136906384021554,3.1501295185155893
agm001215669,14.78676916132532,-5.859562924516752
agm001215671,15.007783806765385,-4.748605120087881
agm001215872,15.815106286250177,3.7657621382543462
agm001216089,15.394000709737488,4.802936684226168
agm001216157,18.734136181890996,1.5928067562371977
agm001216256,16.759518215555186,4.554435520624154
agm001216412,15.573798208359184,2.9437751924065925
agm001216413,17.58557407809307,5.846150012726509
agm001216506,18.791474791892334,3.1750994946806053
agm001216595,15.370162525811851,3.2207189344859097
agm001216640,17.821475961803696,2.5484611720281833
agm001216732,16.354332456753383,4.0241479979433485
agm001216808,18.349234707974926,7.779489772258858
agm001216903,14.3464373233838,-6.259441346055683
agm001216907,14.427688976921015,-6.451446149398714
agm001217017,13.136009712773046,-4.986887022682459
agm001217174,19.076689721049796,2.741583240160133
agm001217177,19.121453367655004,2.755753862462022
agm001217252,19.34633094163121,2.8041151882159667
agm001217344,18.638653882607606,2.62830620089034
agm001217346,18.732869045447558,2.6538212643097747
agm001217417,18.681087682287185,0.27688800838895933
agm001217516,19.346711228330395,3.1749223047766675
agm001217533,19.1315263446769,0.39874919991034474
agm001217625,18.37283280445962,2.6292294374598972
agm001217900,11.965874630063825,-1.638782506795236
agm001218025,14.034777570182728,-0.07519187581889586
agm001218172,13.532169561416593,-5.5715405888776734
agm001218270,15.086138284160127,-0.8994250755544257
agm001218289,14.962967752446742,-1.1888987889113318
agm001218453,14.90513136980705,-5.000267806562457
agm001218668,14.342681842968247,-0.20620192803456838
agm001218673,13.89360358517399,1.2546687680435165
agm001218692,14.109548909891286,-0.30087195345561124
agm001218770,16.049726360268462,-0.12790247366270435
agm001218819,14.435970453936443,-3.5590253923400015
agm001219014,16.664158722800096,-1.10776690700105
agm001219015,16.61209946191345,-2.2087835272333045
agm001219261,16.861546544697802,-1.7524362766366064
agm001219309,16.653129591735905,1.7251997870018663
agm001219453,14.5297741790839,-0.5108225473433281
agm001219686,19.51705448807774,0.09004981891810449
agm001219768,19.183986929875154,2.8054704875146887
agm001219769,18.872417965300052,2.6858068023873587
agm001220019,18.294099824936087,3.7426758653221928
agm001220077,21.124965758517956,3.9303399620466015
agm001220108,17.453798523765577,1.4034150663795604
agm001220159,20.553361753264042,1.0910095352791185
agm001220192,20.499228790681997,3.427424643954107
agm001220198,21.011202809641112,3.56616206778593
agm001220209,19.942184394760847,2.991510527819468
agm001220246,19.55743866618883,2.8767825972828973
agm001220351,19.970753458700667,-1.416004003424673
agm001220385,18.651108937368402,-2.0617928212378924
agm001220391,18.76993940215769,0.3130187969747631
agm001220431,18.590892065826868,2.655692551360403
agm001220439,18.50099968498621,2.6764917892872555
agm001220455,19.895336957687576,2.9712083625228907
agm001220498,20.058001945116427,2.600476675075763
agm001220518,19.242455885523963,2.7904351719781486
agm001220566,18.941000824938286,2.715509418760023
agm001220619,19.539746469580514,2.875378785814595
agm001220821,14.906640917924632,-2.637694205099943
agm001220895,14.46209707885568,-0.5039463692081316
agm001220899,15.104262383161235,-1.1097428431536747
agm001220969,14.76730633163934,-3.4879035653809582
agm001221068,15.919457225067342,-1.2398067121618244
agm001221069,16.13919261299612,-2.238819112676534
agm001221298,16.397484141352123,-5.639554981781748
agm001221346,15.777576080892983,-0.3155603557825666
agm001221490,14.353440060249195,-2.00202649063909
agm001221542,15.389097465844417,-2.3711988931661576
agm001221588,15.457616783160196,-4.225223868557295
agm001221666,15.194097723838302,-3.7472581469912907
agm001221787,15.260340737006459,-1.9857134221500186
agm001221860,15.963913119423008,-1.3991942842647163
agm001221867,15.647523341308819,-1.556719114522739
agm001222204,18.127520750149877,1.266848790480923
agm001222397,17.770674562370004,-1.1350042968489715
agm001222836,13.240033317489,-2.674121761045874
agm001222887,14.417157203396833,0.03572133950307599
agm001222913,13.605559232441074,-1.7688189389543556
agm001222936,17.433842729083857,-1.8934987778751289
agm001223363,16.796666751780613,2.635205936952974
agm001223445,12.604553669329103,-2.1223249212930586
agm001223499,17.153258164616467,2.803340275011072
agm001223508,17.414140692496318,1.7691568687680617
agm001223719,16.217239472911576,0.5047384846955687
agm001223721,17.074707094458564,2.7734612806636267
agm001223744,17.276191298879315,1.7401369437710814
agm001224000,18.370268296930934,2.043778362674124
agm001224030,14.74391634969945,-4.499396310636802
agm001224047,13.840016655138795,-4.7238792915500385
agm001224294,17.80954521320848,0.9771981862913552
agm001224340,13.870422624896312,0.24190086406657585
agm001224413,13.435754758932253,-0.2470727218401274
agm001224815,11.391921983694179,-3.4272120519717193
agm001225390,18.598930875717773,2.607867766716728
agm001225607,18.414676932120436,2.546568625229501
agm001225622,18.09168175458269,0.7841825195068273
agm001225639,19.263610737906426,1.2867016367841853
agm001225647,18.530697406334966,0.21396272978714848
agm001225648,18.579982080196288,-0.856641440007933
agm001225716,17.81981150416647,0.3535886320138726
agm001225911,17.780638732868475,2.708143098929323
agm001226124,19.235440208408562,1.258415772398279
agm001226301,19.231260028657225,2.1591173901869807
agm001226308,19.340599561927792,2.177459126009806
agm001226310,19.529709408075416,2.6413724036810624
agm001226318,18.93622738548598,-2.6609237493319027
agm001226379,18.823040775089872,-2.7041171865509597
agm001226428,19.50921906114133,2.218844942371069
agm001226572,19.49782923748182,4.09452000354868
agm001226823,20.709208414244163,4.610617156645761
agm001226896,19.362624681840973,4.88688446709249
agm001226907,20.751854686028803,3.968520847607251
agm001227051,19.62844758704126,3.6545048056907365
agm001227154,18.504739002484087,2.6280898469763656
agm001227260,18.103189041570985,2.445046000211592
agm001227280,18.38072432543982,1.440761820954533
agm001227364,19.67359599485098,2.7126912239566403
agm001227666,13.878547547014936,-5.622910310766741
agm001228089,11.022077128502659,-4.595359253193449
agm001228282,13.853978529608876,-3.1780373004403906
agm001228451,12.808439892756738,-5.781782438527166
agm001228534,13.397630908409072,-1.7763962538343723
agm001229021,11.310212392531156,-1.4748974123772465
agm001229187,13.580676773596558,-5.500615592016237
agm001229194,13.370837392182045,-6.151286363684012
agm001229258,12.630095614624679,-6.650843393754635
agm001229294,12.498007478752607,-0.9585329071236623
agm001229333,14.430455775027626,-1.5806433723771258
agm001229371,15.682682827807529,-0.19401492453942737
agm001229661,11.524586157335271,-5.882410970510801
agm001229673,11.31190392874492,-6.00939559889731
agm001229884,12.103592050294303,-4.745911663765181
agm001230011,9.499050549086382,-3.955152295732744
agm001230213,11.080800131900968,-4.924886905696451
agm001230237,11.874943305448445,-3.383478071909178
agm001230448,13.517621350784625,-6.289335656937775
agm001230509,11.145657162639989,0.051261680257745024
agm001230715,18.829799785365754,1.6768297201142053
agm001230730,18.60657202075896,-0.5878434179503707
agm001230732,18.50425750361095,1.7450476896089882
agm001230735,19.182101569362807,1.9039819872689758
agm001230750,18.858549208048665,-0.5475142353554636
agm001230789,18.701256791302015,1.7694384148769222
agm001230798,19.33574427557048,1.9417300812638842
agm001230803,19.02670150927909,1.8635139498428757
agm001231147,18.403945050285422,2.1543790313735176
agm001231149,20.935405733781728,3.441013110046388
agm001231168,18.390908511892153,2.129434478501228
agm001231190,18.748460993669248,2.079114927890428
agm001231316,15.953011409684665,-0.6114759111308912
agm001231356,18.86514028962685,2.572561306602271
agm001231374,19.274378323667772,2.380161747577805
agm001231378,18.755875600021504,2.2376511879958754
agm001231380,18.83146190405081,-2.4559466326428456
agm001231391,19.151930904743722,2.6829978693623966
agm001231413,14.83557995684522,-1.9410204511502815
agm001231473,17.972348039640423,3.1816273414757994
agm001231543,18.607530222267176,2.1962771960167196
agm001231632,16.64919081617483,0.10987061242076823
agm001231741,15.57442125190975,2.188303611474578
agm001231945,13.372855010100453,0.7199916694427424
agm001231965,15.79390491583967,2.514956329310002
agm001231998,16.957425706790588,2.2117008022769005
agm001232135,15.670686702223318,-0.3977546154727474
agm001232139,16.06460480677928,2.1144013707597056
agm001232197,16.481558924054468,2.462647383647684
agm001232428,13.27292925610055,1.335910365380454
agm001232463,15.537906269157878,1.7905127271639758
agm001232660,15.868455237851592,2.237887201485986
agm001232709,15.866996829589278,2.776818102073901
agm001232788,14.05508056899653,-4.150379226626452
agm001232846,15.706527132650322,1.0811608253622982
agm001233025,16.80349353785484,0.5374883773344292
agm001233101,18.05294645684847,1.879392319549174
agm001233129,17.17973781318076,4.525155385115905
agm001233145,16.44295532598544,2.9934673318509954
agm001233209,16.044179385844043,1.7032479024158178
agm001233232,16.371732679078036,1.3332223605627878
agm001233520,14.854391525807841,-4.957872066445357
agm001233647,16.46988861521727,3.162181745896018
agm001234809,13.873140584876353,-6.586508256637473
agm001234837,14.442985256243794,-0.08488571370325933
agm001234846,14.168192175454884,-0.609493564174727
agm001234977,12.042072115377238,-0.5867505401740498
agm001235402,10.178473794932627,-5.9741409500233
agm001235421,14.234034447981765,2.1144824615001645
agm001235682,15.789080440294198,1.1989572316900414
agm001236295,18.465639290120695,-3.520701343366239
agm001237278,18.881192784505224,-1.0907427659449997
agm001237967,24.39533895361427,7.196714577239537
agm001238146,20.180197816224133,3.8484929487864163
agm001238221,13.034414818251724,-2.215538757742801
agm001238849,10.618121488093571,-1.6860873995509131
agm001239551,17.331590939415225,4.136536863429302
agm001239572,17.85347146859193,-4.0614123984060475
agm001239998,18.647371690052918,4.8650332989762894
agm001240372,21.51311718249678,2.375393539463584
agm001240691,17.773827207154422,-0.15982876813992775
agm001240984,19.02962021992913,3.878444614980547
agm001241570,24.9199964700735,6.900598430318895
agm001242732,15.756917378646445,-4.006776583307572
agm001243094,16.709747420575614,-0.8784814666197098
agm001248997,17.86893135769377,0.6286700062760717
agm001249158,12.951108337142996,-4.887234895318912
agm001258149,15.23503123266826,-1.4612659665296743
agm001258184,15.317343341662168,-3.9021832461278265
agm001258510,16.105992115940712,0.43304918700036765
agm001258526,15.383763390159638,3.1670761941559795
agm001258570,15.659467685895747,0.7903639189888073
agm001258611,15.100903342411856,2.778395264965454
agm001258629,15.219079505169333,1.3052936715941417
agm001258840,15.928324019152235,-0.04101582125759743
agm001258844,15.08319995137218,-3.540770441245068
agm001258866,14.520082416067646,0.19582311707029673
agm001258878,13.329831387253355,-0.2798902288642153
agm001260330,16.098256436119343,-0.7844445542572226
agm001260503,19.158284062645635,2.0601274793311304
agm001260592,15.111615321320187,-1.7740189940204882
agm001260604,13.26678141350133,-1.8070414774842039
agm001260825,15.939576181668983,-1.2065691371868794
agm001261212,13.769349916281845,-2.7965937333597712
agm001261282,14.650942743892779,-0.035650432828071864
agm001261291,15.327241677252104,0.14344664959132616
agm001261317,14.399695077527957,-4.282808472216855
agm001261372,13.61025120903002,-0.43069684621911186
agm001261379,12.3046233868764,-0.8537187062176361
agm001262168,18.662937279055182,0.8922804286657898
agm001262402,14.061217342451249,0.03652361370875153
agm001262842,20.89391199475454,3.11511944080182
agm001263003,17.056294546895256,5.033305526314435
agm001263023,16.11185619398974,2.727715411103287
agm001263131,14.969556294667624,2.9060932134337896
agm001263272,16.06991005429438,3.3842681346262453
agm001263273,16.138964864549678,1.6517853573618926
agm001263455,17.322283115344053,2.6150647168276357
agm001263784,17.10270030102881,1.736367818319394
agm001264050,18.513806448528918,3.805654564140273
agm001264317,20.92344076287939,4.300030222845435
agm001265113,12.3987449260056,-0.9670175869212271
agm001265501,15.75535039176078,2.3170766493690516
agm001265650,8.831157345001873,-1.214545277141794
agm001265793,10.315864876231963,-1.1559038224313067
agm001265882,13.86947322175785,0.4736151021271257
agm001265922,15.619189688069847,2.472744725035598
agm001265966,17.5752230672793,3.5448702465148223
agm001266154,16.400238014540065,2.5306100768958433
agm001266202,20.2167227477301,3.496506918734646
agm001266508,15.290940177239571,2.2656599032628044
agm001266535,16.688424288811643,0.3207185231989822
agm001266601,17.905424269933963,2.8160427721986103
agm001266608,17.49151085498801,2.6776768160614837
agm001266843,16.188519473139394,2.887954054177605
agm001266982,14.45425151131196,0.2294844840091841
agm001266996,13.497484262560912,-0.18964161795722725
agm001267198,15.999142695970798,-0.4781747193613004
agm001267457,14.80437295702456,1.836843988437014
agm001267489,15.948379892475822,2.6590246593919686
agm001267515,16.152018818314023,-0.1292557481736131
agm001267517,15.57498600500985,-0.5130342280778871
agm001267584,14.980746782502763,-2.4677243091632413
agm001267704,13.905024378508493,-1.5157155931532493
agm001267734,12.102473394916666,-1.3813360199139886
agm001268038,19.595610118901927,3.2523141394051946
agm001268192,16.6742460829782,2.799478190760047
agm001268634,15.632134605412155,-1.6210667603758158
agm001268897,18.61983710902421,4.032976753677903
agm001268903,16.88589239484614,3.024623415323647
agm001269214,16.612044535892853,3.503800516548724
agm001269217,15.775228479709737,0.08035462776080078
agm001269227,15.700437074071646,3.1901916640368753
agm001269356,11.975274603905845,0.31672636003297566
agm001269944,15.90594814521642,2.3045863744325277
agm001269993,15.803929191497005,-1.7369523301380347
agm001269997,16.39391248436521,1.545162733246385
agm001270170,15.681492450334355,3.1414523825757255
agm001270337,13.68325997831134,-1.6420650772250085
agm001270530,18.202866875623073,-1.1398517791461262
agm001270676,15.395263032457372,-1.1717309911431577
agm001270705,18.698460564755713,5.0918167107161425
agm001271418,18.20650195418136,0.8149251669159874
agm001271441,18.408893469721434,0.88074893227819
agm001271790,17.929449575176687,0.6969802691132022
agm001272294,12.20337994107828,-3.262715334799149
agm001273874,16.84029402234604,1.8961799747208403
agm001274131,14.882608773985668,-7.196567529135909
agm001275813,19.406732148914326,2.8076608339470326
agm001276125,19.778331425094525,-1.1558377005778777
agm001276163,19.905914727314848,2.0148531862499843
agm001276170,18.770097610633194,0.9804373767033697
agm001276177,19.24625624127715,-0.33294029902626693
agm001276290,19.31882109276175,-0.31312827417377304
agm001276296,19.04879135079152,-0.38328799970946176
agm001276503,18.43709543104516,-0.5689819432559027
agm001277063,11.741558233458193,-0.9216675547684764
agm001277190,9.333223011312743,-2.5825198367974416
agm001277205,12.237999480074842,-0.525637889687974
agm001279087,13.521659850265328,-1.0886922404957289
agm001280062,15.835076714312226,4.349755949580364
agm001280088,20.14473548299732,3.6643416069844816
agm001280102,18.585173171586394,2.0860529435441917
agm001280138,14.966036789619402,2.116958197962952
agm001280216,9.73277534517667,2.0909212194636893
agm001280254,20.300864833844535,5.073829772032887
agm001280413,22.552946208697016,4.631433583379536
agm001280421,18.969165972299095,2.704435702893554
agm001280757,11.403335066941448,1.329178766050013
agm001280786,16.737330088386546,1.5547270082194853
agm001280813,10.043849433460512,-4.136004067749425
agm001280851,17.340288748730927,1.7534871142309854
agm001281097,21.48838231921452,7.427937473136407
agm001281277,18.388277321611458,2.5546292024756205
agm001281307,18.421572167427126,2.5436078109238354
agm001281337,18.473243872114477,2.5695785385470593
agm001281718,13.850501150661827,-3.4091172789267485
agm001282042,13.90347439062185,4.3420704497087605
agm001282045,14.597035399704188,2.896763397157967
agm001282594,17.00572863635621,1.8859098258685627
agm001282671,9.499810052641466,0.9174783347790285
agm001282688,15.230024812788084,1.847411762463378
agm001282740,9.904229403458917,2.016269074785735
agm001282834,17.47857076483337,4.392529913739397
agm001282850,16.738467083537387,5.558783284940543
agm001282861,13.923727712662533,4.315031986027089
agm001282900,17.760118063680824,1.8392999461505095
agm001283159,21.624068803706557,4.568422134412788
agm001283354,15.600245727642514,-5.208628830217066
agm001283470,20.841361853803757,3.9228964609706463
agm001283703,18.32089624589347,-4.466311039437553
agm001283711,19.333191338229664,2.7945829884198146
agm001283818,19.01459492849061,2.7526581845473714
agm001283833,22.661938206969808,4.716280059386018
agm001283889,18.22237496042525,2.5172623053061045
agm001284002,19.318346883991588,2.0983205119628288
agm001284866,11.795881707672642,-4.698092090155816
agm001285511,17.871582788966307,1.880266591236464
agm001288248,12.189393708257947,-3.6448562407234486
agm001288294,12.751851147329795,-0.2901517018869644
agm001288302,13.01027095280741,-0.2186175812703537
agm001288353,12.149434904625279,-2.507848920758042
agm001290891,11.69892476387449,-2.9832957276373953
agm001291082,11.072134054980408,-3.115325025813236
agm001291270,12.380851157920464,-3.2858269031331266
agm001291315,13.456296644429619,-6.414668088810404
agm001292002,11.671523592223059,-0.9766325175767241
agm001292640,11.385004177958978,-3.637796928040832
agm001293365,11.371909688618613,-3.303620361956109
agm001293411,11.358451377914028,-1.3227477576477376
agm001293966,13.911492551214703,-5.8235960474522885
agm001294122,11.557155655784197,-5.7659502901144375
agm001294416,12.764274387466887,-5.8966148319607345
agm001294827,10.463437673105082,-5.433466638125431
agm001295563,11.788211792565557,-1.762899851724122
agm001295660,16.13784641943468,-4.080490599937491
agm001295669,15.890584296661661,-1.8674672040327884
agm001296232,16.324221107376932,-1.9228012288217604
agm001296235,16.028154735727462,0.2895875442583291
agm001296252,16.064230716366698,0.14026629098109122
agm001296935,14.77538913396291,0.2913246207246285
agm001297404,15.388893170233514,0.39527215648569847
agm001298350,15.58490951558136,-0.14296791751526072
agm001298435,11.443464142279952,0.5365622855023866
agm001298616,14.023553810248758,0.25928048935537884
agm001298961,16.47458698069245,0.48131630919399715
agm001299412,15.113703794150414,-0.795211461017761
agm001299546,11.253973227505123,-0.5110539845402751
agm001299626,12.383587532799831,-0.46450976715206416
agm001300435,15.763969766890327,0.647947334743086
agm001301082,11.027996536009411,-2.2031072501618776
agm001301143,14.268920932531746,-0.325386078022011
agm001301207,11.127720654271394,-1.934479887670972
agm001301294,10.849894306217378,-1.9522463240490464
agm001301350,14.579612934075271,0.5562972672427202
agm001301400,14.812330765261404,0.4145770970096647
agm001301624,15.262079477282782,0.5159368887335933
agm001301858,15.98479339628916,-1.5546672743702947
agm001301872,16.464278342349335,-3.685249915432032
agm001301903,16.24556141906225,-1.4553255189269443
agm001302668,12.238481529554448,-0.8606257747995198
agm001302821,16.228754238928467,0.35191506754904456
agm001302822,16.655411948884613,0.5497521959468648
agm001302831,15.779351925596366,0.16138611089806876
agm001305331,10.019557542663382,-1.148572687328993
agm001306706,10.053129585403747,-3.716531097762057
agm001306997,9.490376622670228,-3.736288246648998
agm001307650,9.404596720556947,-4.760125500218919
agm001308033,15.328937510663723,-3.354913409735767
agm001308218,15.823659531559574,-2.4145278027646446
agm001308270,15.708575278623044,-1.5469078842908974
agm001308803,13.056331679670405,-1.6163153406190007
agm001309233,13.733632057380538,-2.7383157712628234
agm001309848,11.80400512755519,-2.610370488713471
agm001309861,10.827685582173325,-3.1686097236675157
agm001310419,13.08735210257313,-4.944269668270401
agm001310506,11.574718777590634,-2.6752341519967784
agm001310810,12.966324050879274,-4.005187135734965
agm001310811,12.979458887746661,-3.451406888850201
agm001311188,15.746132347014552,-2.062649727487937
agm001311964,14.799044997830864,-2.3944864004336948
agm001312084,13.027022628631762,-5.266573349996803
agm001312201,11.727588557738782,-4.439631947599306
agm001312428,13.804426830886216,-1.7297417471271688
agm001312529,14.498502352187314,-2.557216639018816
agm001312770,13.278717871521799,-5.982472387415254
agm001312786,12.98547849658097,-3.671861747920418
agm001313797,13.771723789197837,-4.245199448244728
agm001314183,15.077538481715193,-1.9084493665190978
agm001315431,17.05572527674692,2.883277105209091
agm001315528,16.541956270152344,2.422673042735619
agm001316618,15.578610769226158,-1.656001468937192
agm001316621,15.343820000314642,0.5871261458380301
agm001316644,16.02258193018205,1.4515096499562832
agm001316647,15.5244172973947,1.2503162498164526
agm001316807,15.599272678892019,-0.0934701916882501
agm001317079,15.59800767389361,0.4643539872933111
agm001317117,14.550309797570126,1.8740741789783035
agm001317132,16.15800467023,1.727548571134383
agm001317137,16.808131748479205,1.963392922243087
agm001317247,16.733787907741732,1.043299963452018
agm001317286,18.195374599750554,-0.19932805965944755
agm001317294,17.964914993492947,2.067876548381501
agm001317325,16.68777572504821,0.5764274726168175
agm001317529,16.612476047916648,1.2681270467814674
agm001317833,14.918781811344553,-1.430973449295177
agm001318168,16.368819996568938,1.7788515937548812
agm001318505,17.042297928450683,2.184242513452073
agm001318578,15.771177233044302,2.214456375564163
agm001318850,13.771926948056851,0.4283299198272452
agm001318970,16.749564307664812,0.16639889724848622
agm001319179,17.703663995555434,1.9896512439177725
agm001319181,17.854790849673975,2.0448582303154303
agm001319279,17.22737725246783,1.0940636917057187
agm001321438,17.975747386664978,1.7264880714163464
agm001321440,16.971406269560198,1.3824210716063288
agm001323207,16.819711008529726,4.032001456327912
agm001323298,18.887369121876183,0.4209981850198039
agm001323338,19.221895463485364,1.596982254606628
agm001323540,14.479456215186202,1.9006239853389708
agm001323541,13.398346125229757,1.8021007209746518
agm001324184,12.778958044997346,2.892768821898869
agm001324202,13.557636026493281,3.1631006192591284
agm001324508,15.823759233124074,3.896953197014935
agm001324601,18.676896760567217,3.222651915276094
agm001324616,16.05506850361494,3.2080154859218846
agm001324709,16.9231285994977,2.5809060785754463
agm001324713,17.057740414903062,2.634028050681165
agm001325459,17.792624736152735,2.742387624639389
agm001325496,17.904422306514363,2.7936078598352907
agm001325537,16.3334356073533,2.240418991140378
agm001325700,15.20101025753563,2.3475154047728255
agm001326034,16.473590733624263,3.591435287938843
agm001326096,17.748065309677255,0.94260330141375
agm001326146,16.87924495980524,3.009179989541253
agm001326426,16.551755198705763,1.6627386657855592
agm001326475,16.531378292823465,2.770081592376589
agm001326782,17.16522442826868,2.2612250905091855
agm001326914,14.551006767138773,1.8306067266628396
agm001327039,14.283942299497259,2.858578903553277
agm001327045,14.546394312445617,2.926118539021431
agm001327051,13.420371181240103,1.5113429366460727
agm001327087,16.033062528570422,2.972499894697976
agm001327170,16.680980684967512,3.8144604584847848
agm001327871,17.58462038580808,3.551496579082934
agm001328047,17.476010255932454,0.08371811783306349
agm001328117,15.938737578943755,2.3634547141855586
agm001328494,16.324044845865682,3.3572109697157675
agm001328605,19.82442717139553,5.375285210913392
agm001328701,17.989423151118903,3.8323412108227783
agm001328760,20.242154179245006,4.184613900897273
agm001328798,19.487650917344183,3.0225047648848458
agm001328802,18.49693807928255,1.9603673988121502
agm001328881,14.738787424082927,-0.07330737013174726
agm001329427,19.5894567388822,5.296809368057646
agm001329437,18.089742105065234,3.225622652709184
agm001329638,18.981481842970396,1.827787927139095
agm001329653,17.367191861408617,3.3381494425715106
agm001330108,18.0568038807507,2.3807072299314447
agm001330202,19.06298707408864,3.319759754405144
agm001330214,18.669522898474817,1.8904926492474718
agm001330304,18.332409572068933,1.7767052620760149
agm001330842,19.623455215388034,3.194670060371841
agm001330848,19.504409568714518,1.856512757146274
agm001330887,20.822315100679322,2.600032871597606
agm001331546,18.885949066018664,3.83339085685063
agm001331706,18.772315130901227,3.801847380883048
agm001333329,20.40468791559649,3.95515099136947
agm001333369,18.069425093163563,2.4843176028033174
agm001333417,19.475248739123145,2.4759762588660426
agm001333472,18.6378844191134,2.172003753324754
agm001333493,18.972717104078843,0.9867409950395158
agm001333518,17.93250468393697,0.6477214692490509
agm001333642,11.87875826133174,-0.9119639551890866
agm001334857,13.35395889962011,1.8459468071057836
agm001335385,13.326404837195293,-1.3720313356651923
agm001335409,14.533472804670097,-2.7517761652704316
agm001335534,14.628739799441908,0.44517205706858576
agm001335843,17.09321974918862,2.9575165951960765
agm001335878,15.620901205238178,2.4995875430121215
agm001339216,18.433485589095458,0.34010514307519735
agm001340268,13.798356165380431,1.4310016961549712
agm001340305,15.068311181580782,-0.9105541200368243
agm001340473,16.33932928042166,1.6012601367761388
agm001340512,16.500311078422143,-0.677246521882048
agm001340516,16.158567617313796,-0.8231967101849245
agm001341023,14.113636231521657,-0.06583413644108571
agm001341036,14.561388622159441,-2.2045201457805854
agm001341037,14.502477294766935,-2.2323081539172636
agm001341059,14.250251031025304,-0.016178106557750205
agm001341155,10.419858603862776,-0.37016754437784005
agm001341597,15.254223743331107,1.0532239620664319
agm001341602,15.913077077443802,-1.0403217025357323
agm001341663,11.882140487246803,-0.1405835000435247
agm001341706,11.31619958744549,-0.13761716875935104
agm001342073,16.233476302969684,1.9988195111383025
agm001342137,15.675449129288275,1.8018641360802299
agm001342162,14.918919704733856,1.483367164566208
agm001342217,15.138761865170176,1.5522296149767048
agm001342851,13.389519479824925,1.3052536771353678
agm001343801,13.666308624295752,-2.7846143442101905
agm001343815,13.915989436721123,-1.3275308718420566
agm001344623,15.882777001784138,0.5003732588038821
agm001344669,15.607954491306913,-1.961564644125227
agm001345590,15.81547002347341,-2.4120018936424916
agm001346343,13.882707359845124,-0.38405520092297163
agm001347216,16.48499097342114,2.1963389196962027
agm001347235,16.555686741591867,2.2231055707903984
agm001347240,16.631460957479092,2.2514091586385954
agm001348665,17.355470818908252,2.078938108921954
agm001348703,17.019498456765035,-0.40553689340500476
agm001348719,16.954832250933283,1.9586081136247957
agm001348754,16.560940269306897,-0.5891341836308781
agm001348977,12.97279548303523,0.7047038764807345
agm001348984,15.104949963757933,1.3589427841372306
agm001349204,16.729576828571076,3.152373591122367
agm001349244,13.716275731912623,1.4448470664547797
agm001349274,17.822600827496373,2.82179886546942
agm001349277,17.31369811056255,0.27270137904544356
agm001349371,16.142916043713132,-0.161730340635855
agm001349376,16.444319014461968,-0.04881429926417358
agm001349389,15.84396723584535,2.062638743326394
agm001349938,18.03255958673281,-0.2933896667361564
agm001350012,17.591272702241653,1.8657981839848121
agm001350094,13.820307037904476,1.392398953119729
agm001350100,14.1104592940058,1.1082613944316924
agm001350121,13.163008241430237,1.317179977739233
agm001350436,15.443389015746027,2.843809805584476
agm001350568,15.08672716214324,-1.0485108820302083
agm001351610,16.049602333810622,2.643896770476675
agm001351794,19.56000010896561,3.126080162076473
agm001351893,18.00581474555966,0.21720198932641122
agm001351933,18.720265496786084,1.5195107134772625
agm001351995,14.560258142219194,1.0728107940700262
agm001352263,16.968219780364446,1.1707268498599497
agm001352326,16.171704812360478,0.8216296522683937
agm001352332,16.429819015655063,0.9271226812716806
agm001352848,15.798649520445728,2.923107335912329
agm001353220,16.417854725542824,-1.9492016218639305
agm001353438,16.964554709274328,2.818585146322463
agm001353535,16.588417397800395,2.9092042520876547
agm001353552,18.70521119586825,2.72911875175327
agm001353554,17.844584618331076,2.414961509032679
agm001353633,17.569888557524873,2.283040103464815
agm001354184,17.988750046383394,2.8376184741626185
agm001354185,18.217978639196858,1.6131703468349174
agm001354286,19.05379084617283,2.5033162385204353
agm001354335,18.85691297381692,0.08538558989644951
agm001354342,18.77632698331006,-1.2800848606944166
agm001354369,18.420328024786627,0.9868988772747604
agm001354604,16.203346322578316,1.5919226060770377
agm001354653,16.985069003577568,1.9180433560125119
agm001354999,17.937318037821377,2.9646005958528496
agm001355018,19.522194557612977,1.457100475999101
agm001355039,17.43394697972091,2.7918348216349465
agm001355540,12.098495935939411,-1.6024548481726382
agm001356999,13.405113830291036,0.363069004475304
agm001357178,13.61884403319191,-3.8517540342036334
agm001357468,15.227208458562783,-1.3109731416412744
agm001357544,12.083738388347545,-1.859427336224471
agm001359910,11.057036750577613,-1.6047510320301916
agm001359971,15.299163689579261,1.2612178660230056
agm001359977,15.092317041194729,0.8952613892611305
agm001360261,16.382137980188666,2.137582966735458
agm001360292,16.932544503101536,2.330546268365743
agm001360382,15.226494434679555,1.679394601386739
agm001360604,15.63191780416841,1.5647261356543556
agm001361146,10.613808590404808,-2.2352214922230424
agm001361160,11.756979943897825,-3.0067211377383454
agm001361503,15.516188035688474,-0.382120408170735
agm001361514,15.85166858157734,2.080106383811735
agm001361517,15.322247715925728,-0.45506602992572276
agm001361539,15.639624775876522,2.004361879372425
agm001361552,16.656741320186928,1.4067291977063787
agm001361758,11.086359708237511,-3.614766049375399
agm001363431,13.01543207726918,-2.2873136989530556
agm001363461,12.190164032751056,-3.812876415696589
agm001364196,10.096565511391216,-3.974575580932242
agm001364386,18.63521667433347,2.4913137232083784
agm001365268,17.586411894643717,3.4102428636591915
agm001365564,18.53699114331056,3.0353495724883928
agm001365692,17.969955528349892,0.4855822641192882
agm001366454,11.691764574285122,1.7204064232326925
agm001366795,16.97141730809063,2.810371083996152
agm001366798,16.309004357913885,0.217600181777593
agm001366874,17.991926028935094,2.453497096334032
agm001366875,17.77909788553482,2.37084187429618
agm001366910,17.873157761025386,2.4291008061334
agm001366926,16.6960078425133,1.9803975573692352
agm001367248,11.965027012939233,2.917605339818864
agm001367262,13.018882287116199,2.296835450794199
agm001367493,14.710696693595526,2.976921330011675
agm001367707,13.185374647488834,-3.746809120651217
agm001367983,15.531226918433871,-0.029903929542952845
agm001368614,16.066553906022857,2.2623179864048826
agm001368917,18.58249356111538,3.179886044924775
agm001368947,18.221640280240706,3.0709454308516193
agm001369447,15.76923624689315,1.1115149499733503
agm001369472,15.907676337482709,1.172794170569504
agm001370071,15.397884827186429,0.8638654042496272
agm001370073,14.713807196900682,3.0212978130054315
agm001370173,15.488540053386998,2.597974374763993
agm001370443,15.373485041577558,0.3804338649191079
agm001370456,15.859659068217379,-1.7532506970612722
agm001370478,15.524754272463102,0.4304565257530122
agm001370753,18.551965432378612,4.013526031793537
agm001370944,17.19390286175676,2.596743052404249
agm001370950,16.848131442292658,2.454562177644185
agm001371010,17.02922526445871,2.5046445815645457
agm001371899,16.208372297561557,2.858416807820751
agm001372033,16.583846671075882,2.159680182302159
agm001372072,16.122808621921248,-0.3604663872604057
agm001372150,15.484407278147582,1.7407037639374794
agm001372158,15.666921202287316,1.8006387744720858
agm001372183,15.732566478795507,1.825067543715961
agm001372319,17.96764904542098,3.4047845808253943
agm001372503,17.361341700089213,3.227255357101087
agm001372540,17.648026864382427,3.316319356324823
agm001372598,17.288460136663446,3.1697303076202266
agm001372612,17.71546087279735,2.003052369980124
agm001373066,12.512724973091974,-0.04332568627174371
agm001373144,13.909839461992837,0.47346973664295966
agm001373206,14.68193447304247,2.013819823341348
agm001373273,14.740134845165827,1.4767318479258158
agm001373791,16.77489451999523,-2.6482917614939456
agm001373806,16.205173690303724,-0.5689632253995001
agm001374190,18.296278706451073,2.6874715987073845
agm001374264,13.780376823431887,-0.062011415886340515
agm001374501,16.732311545742423,1.6827611307176582
agm001374977,13.907425925435339,-0.18842391077403864
agm001375024,15.105301085803447,-0.6698182218707682
agm001375047,15.698279078448353,0.769321673364928
agm001375296,16.2128604712828,0.4131328577600053
agm001375303,16.641275429676753,0.5936484309250609
agm001376463,17.553271506038445,2.8926223577991985
agm001377061,19.22765968425467,2.8325565037069538
agm001377796,18.380712834620706,0.3637361592988393
agm001377918,14.021338373709877,-1.076988381958941
agm001377921,14.097918936437521,-1.0540092867806221
agm001377942,12.310124801900985,-3.9500874120016785
agm001378378,15.861459252714972,0.17174814238825586
agm001378450,15.78874223188562,-1.072498857557651
agm001378543,14.544435319269466,2.745555755965043
agm001378912,15.517959385304419,1.6012166578091493
agm001378931,13.78224639110686,-1.443812269933038
agm001379012,14.540127209627155,1.1158417309042115
agm001379017,14.173952643087068,-1.3834266324494617
agm001379199,10.649947470846119,-2.8558594807619393
agm001379251,14.86167684641037,3.002183771830099
agm001379692,12.489619221512866,-2.4957156482530944
agm001379776,15.2655357354491,0.9246347399777006
agm001379780,14.326581552641892,0.6400628388237157
agm001380137,12.926204717252904,-1.461091088777703
agm001380472,15.435441973003526,2.697602068415283
agm001380481,15.276385146274162,2.6382058641943873
agm001380535,15.867059217850876,4.7468835557104585
agm001380965,14.71721049989375,-2.260383672848886
agm001381211,14.164671754248408,-3.481314177191404
agm001381523,16.526449520957193,3.19937642571075
agm001381556,16.939869683025364,0.2630919818227495
agm001381578,17.232548746216086,2.714894030085082
agm001381636,16.638407991895953,1.2710658756069648
agm001381706,14.481175760282953,-1.7789391125636111
agm001381758,15.758780050250868,-2.465470534883199
agm001382585,15.225710967516646,2.649062391087499
agm001382586,15.472183071060458,2.746736529924144
agm001382598,15.063064974608256,1.3605697740195017
agm001382626,18.072472840661163,4.533461231062416
agm001382722,15.486592584038217,1.9572763902512786
agm001382803,15.661742078484846,1.9939079893730582
agm001383737,14.61289548982075,-3.0906701804261907
agm001383751,14.678017623157302,-2.1471417852789543
agm001383830,14.874852281779855,-2.561059654109922
agm001385166,16.937564750130193,-1.1625569499976853
agm001385193,16.745461442773042,-3.579847059468417
agm001385258,15.977661062371897,-1.6438429260188325
agm001385272,15.753804453411684,-1.7860297395608056
agm001385654,14.32073732295587,-2.959910301443821
agm001385955,14.075672786291191,-4.7664409228686955
agm001386637,18.089090466665613,5.033834526447185
agm001387169,15.847864416230586,3.869150901887239
agm001387598,18.385542454247933,4.357064177273075
agm001387652,17.130621476554136,3.4704759782384285
agm001388406,12.717548947334585,-2.2786736351655983
agm001388866,16.762739747370457,2.035796025182429
agm001388869,16.21471447453075,1.873679059889798
agm001389498,18.102449003647923,2.595405472308367
agm001389511,17.315351135599073,2.281949804884735
agm001389618,13.562902511411698,-4.126720288032047
agm001389740,14.40184432850843,-2.6495684306871174
agm001391259,11.973519996689285,-5.2976924663251665
agm001392269,17.17197109086649,1.799221375960073
agm001392425,18.61200712690669,3.305229479060597
agm001392448,20.039538802713373,4.096447607718611
agm001392518,17.82031502634268,0.6873386606198801
agm001392562,17.9973285251383,1.8235338270492116
agm001392909,19.939179000295184,3.1954063639266765
agm001392939,19.22514931566292,2.98052648390052
agm001393223,19.84954877523374,4.638676325485197
agm001393321,20.29401430355713,5.1096154641152145
agm001393571,18.68004055420793,4.013498629094724
agm001393572,19.144244029962753,4.176669965433346
agm001393578,18.06119466394766,3.828962236921008
agm001394037,20.0462650580167,3.8141855828728533
agm001394039,20.18983073907259,3.864868787294358
agm001394045,19.913255122481562,3.7683238769689913
agm001394177,19.020766553624302,3.4931546490134986
agm001394199,19.24175746523994,2.2238638910738873
agm001394201,19.109813170321992,3.5588214722127427
agm001394209,19.247723107501763,3.5757579511641646
agm001394214,20.576026903690373,1.9624688541359436
agm001394262,18.314200126105646,3.2359380549104664
agm001394271,19.06713998055331,3.486906890765473
agm001395146,13.886247122896878,-0.6171986890693377
agm001395244,14.888596684364154,0.8346399873976251
agm001397942,12.272907380518111,-4.341906733343617
agm001399512,17.374308440152348,1.1334633182099294
agm001399613,18.311092520015944,3.054163041023214
agm001399634,18.553013989928004,3.147149750584787
agm001399732,17.49388102970726,1.5288624752125575
agm001400825,16.580202273407945,2.279900773022667
agm001401353,17.311003973240503,3.341624265342249
agm001401356,17.38458246180548,3.363040638086284
agm001402085,13.355047395567057,-2.76374653530322
agm001403992,19.715473106354406,4.501910388439658
agm001404323,18.689199139421195,3.910313459978526
agm001404619,17.578021718911412,2.041996491665045
agm001404875,19.558211142909098,3.5516721916385405
agm001404887,18.940402412006534,3.3284169986052756
agm001404911,18.971722251364206,3.353844761993374
agm001404940,18.742860787082094,-0.41856533817612096
agm001404955,17.933362965222358,2.9800708740930055
agm001406691,19.12380526026872,4.654205306313719
agm001407576,19.539022590592033,1.0141795227946675
agm001407581,19.302465583668543,3.1655598778557135
agm001409256,18.302565325812736,0.5659360121987236
agm001413558,18.85385513085528,2.0861563500515765
agm001413569,18.515832050422475,1.984761448936445
agm001413578,18.647581571823853,2.0285980737690266
agm001414224,8.366384217273557,-4.031448668478934
agm001414318,15.223293431900585,-0.6597405491525853
agm001415648,16.20827388659078,0.3183954326437002
agm001416735,12.01322579910598,-1.4386406459047767
agm001416835,19.006323674369057,1.871673742345167
agm001416850,17.254407272246617,3.866293638820771
agm001416911,21.62403598545094,3.5860024154068055
agm001417139,9.836372684816162,0.723782090496838
agm001417159,13.344518366173782,-5.781062843498429
agm001417178,16.403269697788023,3.3561487016879585
agm001417585,19.678581430336713,-3.250980071064518
agm001417661,13.186711203445178,-3.4599158790873714
agm001417732,16.872017455160663,-4.221680807654313
agm001417739,17.42301789305913,2.24550305564391
agm001417753,19.191909640621567,1.8792222584242175
agm001417758,12.577716739859042,0.6055088474074877
agm001418018,9.438190867894466,-7.098231488515511
agm001418037,11.808530344931013,-1.6575150840930655
agm001418252,12.969481826568227,-4.875106593931312
agm001418341,18.876430816476763,1.8848521216463459
agm001610607,14.140617105256272,-2.064907754635165
agm001610664,10.589271575813115,-1.642023351018595
agm001610718,16.623438091033304,1.548981855928195
agm001610794,15.61978715054307,0.7995041370378828
agm001611072,12.248769407608552,-3.055419903156701
agm001611086,16.225703484543253,0.529989414946104
agm001611151,9.169327243049377,-0.6090567825840075
agm001611853,11.555971688180986,-1.6298110264289185
agm001612064,16.993400484940995,-0.5005815687253261
agm001612088,13.306150937624954,-2.6420600045045006
agm001612096,14.422434432321628,-1.6661215472982789
agm001612300,14.0834325308759,0.07926263960880817
agm001612357,15.868086873539733,0.9995715795050153
agm001612486,17.265203468281996,0.9365749216403166
agm001612736,22.42121637275104,5.774041185543121
agm001612848,20.45799714031338,5.270457545479738
agm001613054,20.373881448230353,4.428747469617892
agm001613153,11.669170066589412,-3.178409838027734
agm001613393,11.84271734609964,-3.076732596566438
agm001613405,12.760924071044418,-3.1553363173248967
agm001613419,14.672308795827032,-2.235682555963966
agm001613435,7.989696242654428,-2.739670447395493
agm001613466,8.346971110310722,-3.654688546333398
agm001613557,10.063714160403064,-3.15884759018678
agm001613642,11.226229828302653,-2.053854512707199
agm001613896,16.509900547294244,1.3220170586798212
agm001614099,10.36052153372771,-0.9113686173334166
agm001614304,18.770746559692363,1.4377080231840211
agm001614538,13.447557949606585,-1.513099871863627
agm001614594,14.668925216199312,-1.9293829888526155
agm001614609,16.338281259141887,-0.268798112763384
agm001614624,13.934354431908977,-3.31759361775132
agm001614859,9.148393620852222,-4.79493459246862
agm001614946,25.855905600685265,8.103984468789905
agm001615103,20.2655634429836,3.9879744360664744
agm001615813,10.466038577416434,-1.9130741186612368
agm001615893,7.971254961479754,-4.599905880571205
agm001615899,8.36834477197683,-4.588032999553771
agm001616274,22.17843110650596,5.6385528697561895
agm001616291,21.994210006654615,5.119537213317024
agm001616483,7.832910168872177,-3.7327821195815813
agm001616834,18.878805957165188,1.2652642508273408
agm001616852,16.443557340935254,-0.469628189826058
agm001616904,15.261998767895028,-1.3289756506751587
agm001617264,11.95988815963717,-3.8432220339771206
agm001617560,9.225095621855655,-4.211516731922815
agm001617691,12.425587610637617,-5.077248864284824
agm001617764,25.971077913587955,8.225945578575793
agm001617859,16.953616010572052,2.071022524967136
agm001617863,16.570316884815163,3.1430436034023272
agm001618384,8.802344222090017,-3.956582596468125
agm001618587,11.959272139920127,-3.517919130906326
agm001619062,11.761403191259816,-2.9456733542541436
agm001619527,10.12552162424638,-5.250182166650804
agm001619697,15.546940238962822,-2.0999896974515027
agm001619870,14.356524363140656,0.21879507245566074
agm001619912,14.748023088949006,-1.7813250710364188
agm001620089,9.361319781683067,-3.9473034652817005
agm001620195,11.800804097379457,-2.3856874791625153
agm001620210,12.730156337780022,-2.678003509857285
agm001620287,10.753595068688792,-0.230275255642146
agm001620330,11.074858904403182,-2.4387767683215458
agm001620389,9.035045762723373,-3.711270811779774
agm001620440,15.338824734467044,0.7698876957984304
agm001620696,9.59619305731056,-2.0489408122351573
agm001621751,18.380420745389547,1.2608798267383279
agm001623557,9.0868921385312,-2.0461520791716428
agm001624890,11.389636495337351,-3.6482038459878696
agm001624970,15.125800896167524,2.31552480718438
agm001625101,15.793896522302614,1.4863337529228828
agm001625920,9.082026791686708,-3.1965012297962527
agm001625923,9.40564130728092,-4.179683810572329
agm001625936,10.620357394216226,-3.156957544997573
agm001626132,9.351968916085585,-3.5673053811641537
agm001627843,16.95907127893524,2.3568236055138905
agm001627868,16.897632236327603,2.4759897938608626
agm001628136,22.59222362051082,5.712511385390504
agm001628392,10.011520530724487,-4.513206619695307
agm001629463,10.38079647349668,-5.647222321268328
agm001629852,15.656909489697881,1.7209832882661829
agm001630417,11.272109051167398,-3.4282780357874962
agm001630546,15.83603926231575,-4.286670360098203
agm001630836,15.535497506107845,2.461884602441172
agm001630872,15.911784605640078,6.031796635290324
agm001630995,16.93385190151595,3.999493481509406
agm001631232,16.69901659510521,2.709898870248736
agm001631326,15.357956348965358,-6.432402650962648
agm001632103,12.660147641612927,-3.9750185893984264
agm001634272,22.746881046739624,5.46423209723793
agm001639992,11.501791542002147,-4.076968725176992
agm001640845,15.62631875911541,1.4398390005524953
agm001641535,9.304493307787016,-4.3198067475738835
agm001641570,8.954430525965474,-1.1400486148106084
agm001642081,8.85073137044753,-2.909708015661385
agm001647204,10.316109682312042,-2.682760585879806
agm001655882,11.727367531137233,-2.8287277571574045
agm001661708,10.538613477086091,-1.6824426382332782
agm001662821,13.54915389182741,1.4283667755258584
agm001663000,9.288429153269544,-3.5207664786104487
agm001663980,18.500782757540556,4.226876991488532
agm001665779,8.313916206525235,-0.42598019895739725
agm001817125,19.40092881961544,2.8192627097311584
agm001817391,19.462672599981374,2.8603288467565413
agm001827922,18.37970160100625,-4.9024948157221555
agm001828292,13.203439102497871,2.1306766971912907
agm001828402,11.26872216986792,1.169234680945809
agm001828718,16.096711358132954,3.536473191964448
agm001828775,16.102642224143352,-2.0516515257933756
agm001828851,19.101378538785998,3.6656064308159753
agm001828900,12.507409167549206,-2.199130097914342
agm001829200,18.386472240369255,1.9525873042631563
agm001829322,19.2077822486325,4.794763020602825
agm001829494,9.825738608097861,-4.110001145364018
agm001829650,19.40563466520972,2.8917108838265646
agm001829825,18.309620395057404,2.5242591708545925
agm001829853,18.6958345489166,2.6552851760224634
agm001829855,19.263131302702625,2.8206101108488566
agm001830035,23.159279598390754,6.9727832742158675
agm001830256,20.416901007318398,0.672734932865442
agm001830353,13.84321085850174,1.0074410940072758
agm001830481,14.45078678461217,-7.478381338400078
agm001830562,14.371915488918658,1.1823633903303685
agm001830793,16.49089374290025,-3.460542484110521
agm001830818,16.236013341283776,-0.3968221743691191
agm001830851,16.07474403651712,-0.4283617106414604
agm001831316,17.0564389646948,1.5906107909793519
agm001831364,16.532856203795316,1.9385923860158105
agm001831372,16.582094725435898,1.96003692232538
agm001831381,15.717979169512695,-0.344115925795732
agm001831382,17.01843047779975,2.028775469343089
agm001831469,16.234987060023553,1.0226602141487557
agm001831513,17.19769620205423,2.3417065200797005
agm001831684,16.824477473816277,1.1313506007630163
agm001831685,16.80181285819611,1.108981866032219
agm001831742,20.683472457147595,3.0335938158106237
agm001831755,18.83002277328087,0.4163888645284537
agm001831766,18.835838992730736,2.0876655320637916
agm001831816,18.427916389363688,-1.158674728688511
agm001832135,16.68990306089845,2.0639180996447366
agm001832380,18.7091985640771,3.3537659454450535
agm001832413,18.967197572669907,3.476517749791533
agm001832511,17.564880915775866,3.0460490080985636
agm001832517,18.05791413044524,3.231126333910661
agm001832535,17.7042279013404,3.1039016142127345
agm001833811,12.638528453824248,-1.3920802215419599
agm001835229,12.537444114980003,2.039589983122361
agm001835408,14.524284102523835,-1.4985799544903304
agm001835613,16.81537008546351,3.0434687927560766
agm001836470,12.551867749730503,-4.564574856572928
agm001837295,15.181302867245853,1.4025247432312071
agm001837535,19.712240317130643,5.165774359281489
agm001837647,15.992822621219824,-0.8017018793158629
agm001837702,16.22991761193713,2.405812953354461
agm001837826,15.446649745347223,0.1394063886094449
agm001838386,15.402736303790144,3.3974878173820575
agm001839280,16.032103042576075,1.9287083044144921
agm001839659,14.36720941710977,-6.576288175182195
agm001840071,18.531365507413557,2.880653676313982
agm001840108,18.575596642146085,2.882911310810755
agm001840439,16.325018523085085,1.6660776655358713
agm001841469,17.59990453248432,3.104300656735441
agm001841478,17.577091070717994,3.1170741457024236
agm001841506,18.815192344938406,3.8688008027967222
agm001842456,18.034001950004964,2.493213934883665
agm001842615,16.169562704146685,-4.102416837852517
agm001843653,17.463055772137015,-0.47279661422571806
agm001843845,18.549066917880328,0.6298858268142382
agm001844218,16.649025572905995,-1.3967872168832194
agm001844518,19.227079540918975,2.759187229782482
agm001844550,19.431973574302223,2.8148911542145156
agm001844574,18.541493663226696,2.6231472600403456
agm001844597,18.319270946423636,2.550158100995128
agm001844604,18.471719876511372,2.5874613264603674
agm001844614,19.92326379530525,1.9777729485860611
agm001844638,18.52717928341742,0.8832293488008851
agm001844888,18.768076588268613,2.682752374455274
agm001844936,19.05036591284623,1.0528322734534399
agm001844985,18.500442735459277,2.595298736404935
agm001845030,18.68442472725089,2.6353406438554807
agm001845125,19.484736566250152,2.867403852922196
agm001845326,18.33423141614868,-0.5985484113079664
agm001845425,19.387368404315566,1.8555214642277253
agm001845430,18.364538024396904,2.534236156755975
agm001845452,18.615409744763628,0.938039313625211
agm001850168,9.29309237585563,-3.369195107340644
agm001850340,16.246503641289078,1.8065470853799113
agm001850535,17.910256184843124,5.18313848505575
agm001850626,14.223958545308065,-0.9391212063968014
agm001850679,16.893380069226748,4.878893057721622
agm001850694,11.99263080918312,3.6368734499404916
agm001850704,12.900324395931053,3.735094077921897
agm001850843,13.927564447002226,1.087344711708657
agm001850928,16.48419215886513,5.0161839762792635
agm001851176,18.66893563645859,2.633182253127849
agm001851178,18.78529806380439,2.648477764586572
agm001851266,18.21447763978121,2.516685702617661
agm001851325,18.73033695176173,2.6493002860916106
agm001851473,11.849154368289303,-0.8975486195485652
agm001851620,17.548653539892793,1.6112652353300778
agm001851659,15.470469597040982,-4.667236443949387
agm001851945,19.00324765436395,-0.41234787131122985
agm001851948,20.16003029893933,-2.0515694668108666
agm001907207,11.633211507424589,-1.7680975285657485
agm001907227,15.132719566416677,-5.193113037624715
agm001912337,15.857324037045249,-4.283687788447303
agm001912484,14.63080093774602,-5.604647911870154
agm001913740,17.173638711522997,-0.2796732834941391
agm001914792,18.333756457084895,0.8469526716048987
agm001914796,18.5487501646009,0.9086634394622175
agm001916123,14.51918292669317,-2.706750955693625
agm001916328,13.989521821252065,-5.181451944210165
agm001916349,13.188129395490813,-3.3788873395841303
agm001917157,14.897741212273642,-2.581359512810894
agm001917162,15.091960609524591,-3.401668339111719
agm001917295,15.276459815806623,-3.615229810022802
agm001920191,14.880394362776208,-3.9984518298292118
agm001922333,13.23287352726517,-5.865829308007591
agm001924573,18.87170585119567,0.9771647692486116
agm001924584,17.80196948103989,0.6325793475462049
agm001924693,18.416831315256804,0.5884511298903607
agm001924847,14.4914561095841,0.5523555083255944
agm001925548,13.725505311610217,0.9856934047050219
agm001925579,14.694709781122905,-1.5278902903608103
agm001925733,19.562615098080116,2.6037300563406065
agm001927454,14.020364604644348,-2.1742537696448885
agm001928086,14.247197498477277,-3.6710183110020873
agm001930016,18.09319716346153,4.401095976015836
agm001930166,18.967034672771277,4.65198224654278
agm001930223,17.059183746765555,-3.6894176905317444
agm001930326,17.131181370530136,0.6917755948728974
agm001930363,16.487472828520634,-3.9252820696830577
agm001930670,17.00109613522795,2.490759483178926
agm001930685,18.23267474567978,3.1479416251784738
agm001930920,18.245947857782678,0.7534157869284357
agm001931019,13.73416718834207,1.5831522134051292
agm001931199,19.983222646143307,-1.6315369238055917
agm001931287,17.097898478263158,-1.7265797000362753
agm001931619,15.986725973259666,0.610050787557002
agm001932484,17.31958345039289,0.3774948210090292
agm001932577,19.60623000097785,1.5819553499719632
agm001932794,14.469123139561184,-2.3261631929707915
agm001935025,13.338517429309201,-1.9594669034584875
agm001935399,15.4323807713069,-0.4175037816404057
agm001935556,14.707994960060038,-2.7704465062959205
agm001935732,15.839854828577627,-2.623880138383848
agm001935807,20.25982424883399,1.6776544742869914
agm001936267,17.76194637226408,1.4017615953348477
agm001936521,17.235953486755943,-0.977833392911239
agm001937077,19.41741661041512,2.3924675889957374
agm001937248,18.57976244113609,1.7204599112042516
agm001937273,18.390242482081153,-2.5929031948332906
agm001937354,18.861066660802987,1.7864222635090057
agm001937370,19.914273438035845,1.066023784577994
agm001937922,15.349476000947222,-4.153975271297037
agm001937935,17.00575475479334,4.854767754967101
agm001938400,16.91317995002126,1.5739866519849448
agm001939074,21.466133686486867,5.204063235475265
agm001940001,15.628940540699265,-0.6007311266862727
agm001940197,17.473485138981264,2.5201675919527373
agm001940203,16.09482587885766,2.96830503391294
agm001942174,18.781062784321115,-0.03921703704015478
agm001942769,16.293813491276346,-0.28397813082661916
agm001942872,16.445496793474398,0.9273451878108938
agm001943003,19.033796996409734,0.608124155064937
agm001943020,17.021253750026748,-0.16129432720234416
agm001943049,16.151267985125173,-0.393344886306652
agm001943387,18.8228364635445,1.5911548224836158
agm001943427,14.907893929017389,-1.796346483164184
agm001943641,20.236212731664697,1.524663645874619
agm001943654,18.15580849888115,0.594802354887003
agm001943838,17.821615078276366,-1.9051873725162265
agm001943934,18.569631149220662,0.18086687109586297
agm001944463,15.772097085930323,0.34618336331340327
agm001945402,12.216261042802413,-1.4642580506537515
agm001945415,11.4622874907006,-1.7908008190419316
agm001947158,15.731054757587618,1.4045983189406464
agm001947241,14.085626460120995,-2.024510258043266
agm001947243,14.130712198514177,-6.407646888956529
agm001947426,19.53722194219819,1.9630957340395945
agm001947516,17.883701298400453,0.5018711276924588
agm001947615,19.682690055144825,1.0828774510947214
agm001947649,16.524819774023996,3.3098823070521197
agm001947974,16.88576243347784,-2.251110876916562
agm001947999,17.09132776341122,1.523250386880079
agm001948036,17.806519625064837,-0.7797165035669966
agm001948048,17.284525174768635,-1.7415287776545698
agm001948053,16.360631626111243,-2.0096501648631513
agm001948101,18.294965043112256,0.012188761407884385
agm001948109,17.67165396693051,0.07958435664160302
agm001948185,16.252349640109266,-0.9733453454486627
agm001948254,15.834634184007351,-3.6132346312938024
agm001948274,16.526391396452464,-1.996736584087908
agm001948520,17.456948867049668,-2.6964275753931446
agm001948526,19.775925895067015,-1.1759020607689852
agm001948778,19.12827903235328,-1.593436997092117
agm001948833,18.33558455658869,1.2190899490526332
agm001949205,21.178031011035895,0.1033138800847686
agm001949338,20.565291748255152,2.2647712940133164
agm001949349,19.916058558161026,2.1226397604225893
agm001949420,19.649088939048784,2.0825198655344463
agm001949717,17.09021442039597,3.181804869705929
agm001950195,15.650903198140872,1.1057924791893337
agm001951196,14.575290550524521,1.4553413666096349
agm001952181,12.476742938690137,1.9074543954369716
agm001953141,12.408097265022562,-1.7942842058699684
agm001954466,10.983110972270525,-5.0440630988402635
agm001954471,11.075841584861207,-5.0067413533623775
agm001954543,14.459312416640492,0.21204156254237105
agm001954552,14.669191959566339,0.2983976276418847
agm001954924,16.559606432772423,-0.27304500914708996
agm001954976,13.25198912535924,-4.211298506651649
agm001955095,12.30137357397217,-4.695272507422133
agm001955240,14.054056389268904,-4.363326258870952
agm001955565,18.371789853400735,8.086906525323561
agm001956198,14.139735203163195,-3.211526968773894
agm001956502,16.96959286462682,2.903522394484467
agm001956974,15.310413624921832,1.4457494314226533
agm001956985,15.043215363314692,-0.98124687470205
agm001957367,18.366676903437995,4.610014163367384
agm001959305,17.478078975510552,-2.140771611946157
agm001959765,19.687197326110983,0.778101675247159
agm001959841,18.279181495342286,-2.7987004126997164
agm001959906,19.08733213841473,-3.0326300074479153
agm001960054,19.97949876660044,2.3345827631767753
agm001960200,20.998398817980057,1.6612186854451299
agm001960588,16.778793394319298,-3.749929747208961
agm001960602,16.92782363954396,-2.569321581938853
agm001960994,16.07272211407955,-3.3125147367001597
agm001962595,17.720281626472563,-0.5228691955267886
agm001962633,17.386105861136752,1.720517835091334
agm001963302,17.590760278114928,-0.9032826294458527
agm001963341,20.05519189876648,5.555780777925823
agm001965852,19.35804970621203,0.9339997058649452
agm001966353,19.600280163874178,1.8162335577938862
agm001966672,18.321483713920248,-0.7478416676399684
agm001966751,20.266675018729238,0.07418873651224622
agm001966765,18.7965435190618,0.6340506475700138
agm001967114,20.134927478841924,5.451499838139575
agm001968431,15.180806297527699,-1.5716203464673821
agm001968453,16.56295718259804,-2.7149576773162813
agm001968678,17.52044741548125,-2.7293618243807263
agm001968758,15.662856842177444,-2.0257441011654267
agm001968858,16.1222291176903,-3.293378864725672
agm001969226,16.463921570689713,-3.000741351546048
agm001969279,19.02927641362435,4.9685218113570695
agm001969682,16.09567527455741,-3.3582977093688813
agm001971855,14.291003962478175,-3.332148261563111
agm001971887,14.399620252050271,-2.342231428209308
agm001973632,14.77176918578615,-2.421730582846192
agm001973778,12.217242200656555,-8.504038601584547
agm001974298,20.11786140422013,2.1867852498883895
agm001976158,18.712800804820493,2.639839657460648
agm001976166,19.29747375259664,2.7959633955688172
agm001976180,19.76438665899344,2.922117262582791
agm001976209,19.049901375532105,2.7223747328230523
agm001976215,19.119106386390758,2.7542434673894602
agm001976240,19.614910224045165,2.8909119457280754
agm001976270,19.99979916116971,3.309249593468609
agm001976271,20.984882654366128,2.6402746055196813
agm001976294,18.61136625213911,2.601542081534844
agm001976381,18.655435327288846,2.59880139938699
agm001976383,18.510063823138903,2.570652157005627
agm001977080,21.444513034236753,4.016741901072541
agm001977106,18.638563434354126,2.6271597910743774
agm001977144,18.732749768430974,-2.05321907572727
agm001977250,18.822299127401987,2.660041259801261
agm001977392,18.541638197016194,-2.1101323211975513
agm001977401,18.670033921911187,0.27568907246257446
agm001977686,19.32904445542556,2.808916709099475
agm001978040,18.82799722042749,2.6627850900275583
agm001978044,18.5670100065936,2.5987862883135344
agm001978061,19.174695997343207,2.049066023974013
agm001978345,18.80679566243636,1.9162794592458727
agm001978368,18.625600438440426,2.600153695367876
agm001978395,19.128231829597212,2.020623932791805
agm001978466,19.28782381895943,2.0672870340760907
agm001978514,18.83960514978956,2.6683154653498313
agm001979449,16.048677085837987,-1.527971099249906
agm001980239,19.192960601815482,1.8723161410912548
agm001984398,19.044115726039717,2.7084527414278163
agm001985178,13.724456580636721,-2.2992203080880076
agm001990337,14.035546214949708,-4.459334725414473
agm001990413,13.509612434647284,-1.7354252072803282
agm001990429,12.743655307544163,-1.9918781044261697
agm002014356,16.129582667645355,2.7147242557885756
agm002015093,12.660603972810051,-1.0795205735527613
agm002017786,16.39426125124304,-1.8283996389568855
agm002017833,14.975190709183336,-1.956305147107735
agm002020742,14.68889821120806,-1.1148556110570553
agm002025529,20.953028232966382,7.480255087346413
agm002027542,14.73136131313243,-3.6037115393875965
agm002030090,12.358653977511493,-4.020304128092338
agm002031475,16.911271949267604,-2.5723655097174394
agm002031953,16.463643304539136,3.805890348609689
agm002032633,12.152426722793923,-1.170462286769896
agm002033652,15.691349215047957,-0.332330655791095
agm002040243,12.977943694591403,-1.2932453987087686
agm002041233,21.898553277496887,6.034298838745891
agm002041311,17.674745150335426,4.446862178710751
agm002041756,18.77151295951838,4.818414533142525
agm002042401,18.416555160327583,4.397665371383272
agm002045531,17.299309804027356,5.2780461465246855
agm002046808,14.316574601650624,0.8466910441773928
agm002047952,14.803087480356789,1.5030349438436348
agm002055005,15.201631266996749,2.921324201268621
agm002055178,20.238742438823493,5.211673592349315
agm002055281,17.338553783724233,4.915561331087587
agm002056902,16.2914996162958,0.5772077245673929
agm002060786,21.286458289269213,3.7625023245626004
agm002060927,11.98095848098146,0.29611011085572203
agm002065056,13.809727455596805,-1.5190960246945977
agm002067063,15.508765004048046,1.6484706907506244
agm002067661,18.052709469535966,3.99907402708671
agm002070358,8.815118153350525,-0.27176072826667497
agm002071284,9.166021610900232,-0.10752720150115139
agm002072117,12.267026271353625,0.04276418819266681
agm002072200,8.66102222992334,0.07055711942685743
agm002072881,8.468310342607143,-2.0960222946770175
agm002074089,8.805573007932146,-0.6184273861022245
agm002076459,8.295111505256834,-5.312971655267263
agm002078878,9.473691863491036,0.4599300839937233
agm002082187,13.508241911969312,1.321536345567963
agm002082376,5.655516926879091,-2.2475521016214213
agm002083105,10.458084057261575,0.8193337728541307
agm002084270,14.165425221934775,2.6898723280051846
agm002087294,15.938587766503822,2.560572417449606
agm002088555,20.900069300672737,5.325444890088535
agm002088560,20.278770640844915,4.09469259974298
agm002088612,17.28871786113842,4.787243987053759
agm002088615,17.353094085469422,4.799714249638976
agm002089504,14.695092836212975,3.753739485610298
agm002089911,16.76220078386208,7.937439427631072
agm002090082,15.860523900304765,2.8233543080608423
agm002091298,6.4377024619308365,-1.8300445929113052
agm002091979,13.236758884777288,1.8239551466425103
agm002095497,15.476833976932786,2.748417719533826
agm002095504,13.514543748983238,1.631937957455892
agm002096048,10.675425096335331,0.15088172496753804
agm002097569,14.724196751752181,2.177989872128428
agm002097857,13.86901072916519,0.004780533130730309
agm002098650,17.132763891687542,4.356932775704525
agm002099669,13.743667599503476,3.6503594811340276
agm002101401,13.957337466864976,-6.914549187698114
agm002103144,15.404493823770753,0.40796229746282897
agm002104728,7.313424336979637,-3.5058563266849476
agm002106356,10.044324441592291,-7.031388437402184
agm002109148,16.743510318878723,3.38372053852193
agm002109758,13.304553746697003,-1.4302634249918704
agm002110406,10.970090794229677,0.6330812800169566
agm002112799,12.058721222512041,-0.11966390604309929
agm002114698,14.165482473836414,0.7212438275275588
agm002115127,7.264031008466566,-1.2214686278500617
agm002126726,16.098530635449567,0.9589075991128917
agm002131297,13.898641937644596,1.8383570822581916
agm002131876,18.29104711464236,2.8318336105450683
agm002131941,23.254974878382413,5.2954815254919145
agm002132760,17.80757256706669,3.87481821078291
agm002132919,17.361578771510416,2.7458270467326287
agm002132951,16.87060456256064,2.123077848203774
agm002133049,16.78167974532632,1.7967805194685775
agm002133179,16.755473346106033,2.1302902221291498
agm002133224,16.938554983000824,0.025139702753636566
agm002133319,14.726814209697977,0.5009625100190878
agm002133434,14.916414615561138,0.6439419322142023
agm002133477,15.643760699874996,1.259346100896029
agm002133544,10.747987992562607,-2.3326744433247426
agm002133783,13.544852174001699,1.480035636994033
agm002133787,14.087208581376789,1.618856961105341
agm002133856,13.328461633563444,0.19420267002513056
agm002133902,15.241650121839989,0.877792843797018
agm002134365,15.18078806242301,-0.8247688709057144
agm002134375,13.323157614318916,1.511328473792772
agm002134384,16.560328302545884,1.7267790102232183
agm002134391,17.279406625521318,2.0311634567552206
agm002134494,18.341129563094636,2.903462392520355
agm002134647,12.24553172319127,-0.18953415250222516
agm002134714,17.027358268962843,1.8197689064007694
agm002134736,9.633729076350743,-3.9413273507914086
agm002134830,16.95170585146596,0.14632477239856043
agm002134865,16.85774802886208,1.6821457914592504
agm002134928,16.44583910134457,1.6324941374902213
agm002135323,15.110222038396836,0.8201298668737191
agm002135328,12.362389591748556,-1.8391879065657328
agm002135631,10.374062266694944,-3.4715275380981923
agm002135645,12.147140176109625,-2.9796828635885517
agm002135720,18.873390485904974,2.174737418084311
agm002135777,17.051970689411725,2.3608377381416643
agm002135967,16.021221081433243,-0.722788986588857
agm002136059,14.133509646380608,-1.133539188875109
agm002136066,13.24555885936356,-2.2351674556105046
agm002136244,15.504390639096576,-2.8568661768239965
agm002136280,17.695628014375234,-0.36337990146236265
agm002136356,17.649620506704,3.650464977255821
agm002136678,18.88916215011331,3.1513527242205175
agm002136763,8.928020648890168,-4.353698712719608
agm002136849,11.024017991858488,-4.400882695051039
agm002136925,10.336811888043396,-3.9909766018396646
agm002136926,9.154173854399176,-3.8701998152438435
agm002137013,6.726653118966595,-5.620076610755074
agm002137173,8.1103078139058,-5.778475543587085
agm002137219,8.594944185566941,-4.49202696716946
agm002137730,9.642131765333001,-4.797557941104938
agm002138016,12.048636110853884,-2.6443277039009154
agm002138019,13.186069582363626,-3.666179956052602
agm002138327,20.322013863708836,5.213228298481802
agm002138347,19.565310594670454,2.5869936859789924
agm002138673,11.479983236032064,0.6120857283137345
agm002138718,9.843470764833091,-2.3397507492461687
agm002138873,13.151248560066989,-3.725012491579271
agm002138913,17.76270554810497,5.128815964415723
agm002139045,19.96938358230391,4.599949946241518
agm002139552,9.911078259847404,-4.630081133133347
agm002139660,10.587201681703416,-2.950671023151735
agm002139868,14.009165886393538,-1.1319436373359302
agm002139869,14.323323001399858,-2.9717551360364656
agm002139926,13.518040095733262,-2.2256416300540667
agm002139936,8.946997571351401,-3.821489274969463
agm002140465,12.203364619164393,-4.490563591734214
agm002140466,11.902518488422638,-5.824444334332046
agm002140556,13.361532087460738,-3.698333043984366
agm002140557,12.913980003732554,-5.049493695832754
agm002140752,16.43166333598062,-5.344644338138499
agm002140805,16.86820144187169,3.54255089088365
agm002140813,18.52825314257083,3.0480838633566023
agm002140833,14.660004340742512,2.2028010195586027
agm002140871,17.68792114050658,4.426718289555635
agm002141129,20.475705125402005,5.181491099132414
agm002141175,17.41389085736611,3.9880564718895526
agm002141179,17.15219564827766,4.71567465291273
agm002141318,12.62004880399038,-1.789793042045958
agm002141362,15.479322825412122,3.3403097438138696
agm002141497,18.369336433237976,3.2803199311817375
agm002141503,17.69746441911908,3.8648161414894258
agm002141542,17.405165795523732,4.039504202754409
agm002141660,18.179146917948685,2.155305338948022
agm002141845,19.706067451600948,4.161683516120723
agm002141887,13.06160483533879,3.180299840558139
agm002141900,14.833547402463546,2.9462142389484924
agm002142051,14.755321546740372,2.071706716474763
agm002142052,16.68425310571547,0.4721280318342143
agm002142192,16.546651669667227,4.2408174817454904
agm002142244,19.917949773569358,4.128776532158316
agm002142371,18.82479262403335,0.11515177058482795
agm002143075,18.823120442765067,3.1693379278503273
agm002144500,11.299668040950229,-4.215442188469423
agm002144587,9.793476998196045,-0.6289674602041382
agm002144953,12.765237416491079,-3.590345818896787
agm002145467,9.550094017687298,-4.49088151234937
agm002145832,15.166322574563956,0.4843841027334328
agm002145868,11.49558064018299,-1.0994344533871239
agm002146093,10.276995251178613,-0.6758100208903537
agm002146260,12.145493431680821,0.03807403833757602
agm002146261,12.287665783550805,-0.24186903438031315
agm002146273,11.65002287283955,-0.32166103021133335
agm002146384,17.284534347075333,3.538220712604845
agm002146581,16.042788694988012,1.0112946415258595
agm002146700,13.064785507563561,-0.49674376262713515
agm002146959,15.41451871043789,0.6950694397087283
agm002147106,15.14233131102772,1.4375653436424845
agm002147119,11.095105011777306,0.5480273656456784
agm002147143,16.19151682536886,1.9956124449140802
agm002147362,15.526817717077739,-1.2818702574699177
agm002147375,16.41435198036688,-0.48413206108340034
agm002147416,22.509674384758487,0.25909317622229366
agm002147571,11.26812557431498,-2.0538986225501006
agm002147574,11.053156480754211,-1.5141328598139778
agm002147643,11.293682823809087,-0.36623418784342476
agm002149311,14.037116709375425,-1.6896620895583243
agm002149345,15.251763144683968,-1.0609415286457302
agm002150180,9.814520258922387,-3.2913557010913723
agm002150290,13.625101102109628,-1.0305808136583585
agm002150296,13.618580900544995,-0.33966707643227634
agm002150664,13.366388095190224,-6.375806377773929
agm002150959,14.298020016831552,2.1537741360942273
agm002151266,13.816954846439051,1.89888927540769
agm002151487,18.401936145355968,4.590499294787494
agm002151493,18.63028801743617,2.7532608036108024
agm002151550,16.220356361785157,-0.585420974788453
agm002152086,14.568769845280304,-2.334377883016463
agm002152192,14.143357544721754,-2.2887192533540865
agm002152259,15.9473964541357,0.4766536960267523
agm002152284,15.520626685175802,0.04389504586087654
agm002152406,22.77271932147021,5.6934511049208965
agm002152660,14.131289048671938,-2.0381609396321565
agm002152664,14.53596672083737,-1.8901221097619885
agm002152760,17.983149661045925,-0.03722096633986164
agm002152887,18.54568683200458,0.9253940063142139
agm002152998,10.188397529920337,-1.99208853630414
agm002153127,7.335661381722849,-2.6213005714153113
agm002153375,6.206790057311675,-1.5245235011151068
agm002153735,13.4941708536734,1.1460311457342147
agm002153805,13.18691274823709,-0.4815821333123515
agm002154074,7.512450094790864,-4.306045191630134
agm002154160,12.236543600230862,-0.9253950345510104
agm002155135,20.948715976655123,1.1932688598562589
agm002155445,17.474206515435718,7.902124702838434
agm002155925,20.375491575264963,3.1806539023918097
agm002156045,18.691134105351818,2.145868453850634
agm002156108,11.803359314083481,1.511776038897318
agm002156115,11.856309723879862,2.0776255515143323
agm002156166,11.393300133912334,1.9532458058825481
agm002156355,11.180376361280231,1.2957135189340216
agm002156372,12.355168223857017,2.1636063275948993
agm002156397,10.27958667428249,1.500196299975601
agm002156402,10.4141757051797,1.0769782586872143
agm002156447,10.097653188126571,-3.1307557474480032
agm002156536,9.345932386749675,-4.464908634852759
agm002156699,13.471726146264078,2.0166457315194926
agm002156754,12.50308072694588,2.151372353466544
agm002156835,12.992264918896174,1.8804019924068989
agm002156853,11.69013689371066,3.0903592127472055
agm002156902,13.690675936916108,2.0722466114974
agm002157013,13.204242143820558,1.089149457481107
agm002157385,11.456349120861072,2.632909773736612
agm002157516,9.519592653568964,0.34912139748869775
agm002157618,9.108648087476286,-0.855505521998734
agm002157853,12.699256657444728,1.0500273449197568
agm002157882,14.675686649875558,1.6662429616024221
agm002157988,16.127396455568803,3.9622599091458772
agm002158075,13.693146829723807,2.701280951589978
agm002158101,14.946713901754542,2.544440845544426
agm002158224,15.652835363088244,1.6254076732002147
agm002158347,8.553939944322073,-2.352165112676398
agm002158660,10.724710530781492,0.48470325461931374
agm002158905,12.410661989131967,-1.7487765201444478
agm002158969,13.590500473306717,-0.397639120362709
agm002159315,14.411865656699293,2.0049883946298657
agm002159570,15.825567523599332,-1.1060972631969337
agm002159582,13.744508565351696,3.646803274894443
agm002159627,16.74526626665297,3.9682596171814506
agm002159641,13.279459874648351,1.6563783580430558
agm002159697,13.936846647162055,2.89697164947183
agm002159854,10.998650772488624,0.14360585785859867
agm002159865,13.402315066486715,-0.7139571430568038
agm002159890,15.608142911450088,3.296492305777192
agm002160057,15.400004294848237,3.328436384621508
agm002160083,15.501214026672288,-0.06780892035261488
agm002160096,17.423961356186283,3.3860887807919333
agm002160243,14.41275144244395,1.6912835319883512
agm002160313,12.655729462485482,2.9480613315815383
agm002160384,11.265195814999878,-3.21863510259746
agm002160501,10.825249621547023,-0.04150381797924515
agm002160650,16.120359597214264,1.2152060902780688
agm002160667,13.379361223420402,-0.8347927305751502
agm002160682,14.68204242949747,4.205706282163528
agm002160915,11.234307862203623,-1.3924380640378822
agm002160919,11.478590505676356,-1.2649281933154868
agm002161013,14.35859364347361,0.5625681900985864
agm002161228,14.163417341747053,-1.3560061284340623
agm002161446,11.2936904759152,-0.5554791218914383
agm002161570,12.820893122762618,2.04229211335668
agm002161583,16.614167865510208,2.671627719740613
agm002161637,14.639760505798252,2.6200557650795666
agm002161727,9.378172557181184,-5.9813339836353325
agm002162266,14.379190620825524,-0.24864478019862357
agm002162646,13.446034568766185,-7.16776572658079
agm002162905,14.946833258253326,-4.768225197796867
agm002163007,12.593876454850406,-0.3409371692406353
agm002163036,9.937210498733538,-1.1954072717775233
agm002163050,12.924890284863826,-1.2868119025901428
agm002163362,11.605548536454794,-2.7515852500443536
agm002164344,14.490755069904091,-1.7630769492197587
agm002164389,12.890974116506783,-5.2109408975738205
agm002164397,15.142450555127645,-2.4554094105417263
agm002164449,9.905304499749976,-7.4390837316654554
agm002164626,15.949873062283709,-5.608584920482349
agm002164662,8.254807208003534,-6.454469238663634
agm002164804,10.908507665551008,-6.531502700100876
agm002164859,9.633074694747181,-5.947856335295336
agm002164953,11.621793674708956,-4.947390251194132
agm002164998,10.533562722879886,-7.599162439861888
agm002165265,15.95085408657279,3.5542925202754487
agm002165313,13.302038770170217,2.5721306269489848
agm002165903,15.753703913629138,5.064906440678859
agm002166317,15.589849346177678,-0.11348938220309446
agm002166403,17.438008047941768,3.919354117311875
agm002166498,16.88241718817078,4.1681701949450805
agm002166694,13.936249319196984,-5.575889370156018
agm002166836,13.542523541727455,-6.554344712732563
agm002166960,14.173925046162733,-4.164937014791748
agm002167004,17.37309449259282,1.5359942306781587
agm002167407,15.96849136461345,0.18168241070383856
agm002167527,11.109320641481489,-2.6709416464034144
agm002167583,9.31276650632828,-2.1626714719729927
agm002167607,10.728931055034328,-1.4121036823900242
agm002167744,11.615992592326323,-1.1208307866395266
agm002167922,19.396176417034674,3.0271056780348387
agm002167984,9.388255529199348,-1.7322270999462592
agm002168236,14.204634374689475,-3.957292079807958
agm002168338,12.192216204198898,-4.069281729205219
agm002168426,12.044864649482284,-1.231857032756991
agm002168428,12.050431467503534,-1.2329102165327037
agm002168548,16.892213134876055,-0.16492917824551215
agm002168576,12.611553714420983,-0.39424163635114784
agm002168688,16.122638809017328,1.557745007338207
agm002168852,12.395798575217972,0.7416888092358236
agm002169502,12.12502220290088,-2.850152374573459
agm002170053,10.234015833568806,-2.7971725759863206
agm002170203,8.93688396729515,-2.207089355657661
agm002170337,11.38119619297484,-0.9693309373380687
agm002170396,10.931934545055494,-4.586354653908258
agm002170595,12.88763922151416,-2.5517730933086558
agm002170822,12.144046733862016,-4.5899491187059684
agm002171803,10.044100041432165,-1.3765407502045655
agm002173221,9.593685667485392,-3.187166722382847
agm002173240,9.398643453802135,-2.9498931307224834
agm002176088,14.476721029724331,-0.16471824828037906
agm002176125,13.943382424033386,-1.361827442003347
agm002176251,13.568040931418354,-2.124330249844244
agm002176429,10.753977086639075,-4.0399380654142405
agm002176638,9.285421570923246,-4.651498429092633
agm002176774,15.198329367782335,2.8782974394759404
agm002176892,12.835083107670611,-2.480110531737559
agm002176925,17.060368805020538,1.8718465309848142
agm002176935,11.031711493126515,-6.745531455267087
agm002177918,13.734050223680518,-0.8881679149513907
agm002178262,18.629549858350124,0.9484810343182246
agm002178274,14.779964207935766,1.1864854136194527
agm002178521,18.150175731029595,-0.18848635079665002
agm002179078,15.067742647149652,-1.491650016697312
agm002179104,13.670851425635002,-1.9095165326632944
agm002179175,19.474153716554305,1.387664653862521
agm002179316,20.607060762395125,3.897296524796965
agm002179568,13.22959429089334,-0.13514128956034513
agm002179579,13.62423404515775,-1.0315714249611314
agm002179733,18.667047616270903,3.2356855598612397
agm002179764,15.630937082554889,-0.27800646195809176
agm002179778,17.10852495337944,1.3153255627363416
agm002179991,19.473737143352245,2.8423758838902193
agm002180017,20.630203970864077,3.02724650518975
agm002180168,16.152866447393,3.3046279573730817
agm002180284,21.15861051734669,5.765870707608987
agm002180412,14.830167683248227,-0.8869595957141723
agm002180504,15.385153882179672,-0.6206238065196548
agm002180631,14.715045027541498,-2.2736396994204564
agm002180720,15.605034213839408,0.8291785957435879
agm002180801,15.886786541931786,-0.7869525418979606
agm002180963,14.672204762807382,-3.059695735006668
agm002181018,14.401984323206296,-2.393337302813057
agm002181280,19.34749061035354,1.9122177806856115
agm002181513,13.01616155313608,-1.164574660567701
agm002181786,14.09810271733436,0.18061809312432153
agm002181825,12.61409863841378,-1.0627718260756343
agm002181889,15.441256821867071,1.8157221866524118
agm002182239,12.804158361162019,0.21348473052317316
agm002182336,15.355636956168038,1.468083672601035
agm002182457,15.369254080868853,1.4403195406128753
agm002183009,13.879469858116416,-1.22737692804591
agm002183222,14.104452826314203,1.1270621056286487
agm002183264,18.78767934062058,3.771498162462206
agm002183423,17.912593764022667,2.9232324989062635
agm002183503,14.37635135993435,1.605753131764418
agm002183792,17.740192478255477,0.25847778450885645
agm002183812,19.081269440282643,-2.3142966925663786
agm002183970,14.064732390880044,-1.0061375003914792
agm002184044,14.82241394643439,-1.3722151163216587
agm002184147,12.946346121203073,-3.3255868726109235
agm002184361,15.265483804939029,0.00141148913863276
agm002184467,13.16129436763226,-1.0638100562438655
agm002184487,14.226543382744751,-0.4458072432868671
agm002184543,18.749944170400866,2.341585504263585
agm002184819,16.215984723425553,0.8467589031112652
agm002184935,13.042285606955849,1.9455148326175484
agm002184983,17.79972781932376,-5.780285861841381
agm002185019,16.71808968406952,1.2274051159520534
agm002185151,16.118422912631477,-0.6897721856478517
agm002185264,16.94341760281531,0.21589559638411515
agm002185710,18.660371539182847,2.7887542978683966
agm002185987,13.204480077362792,-1.1151799758235719
agm002186368,13.70346222422981,-0.6336343941691241
agm002186413,14.76973187781546,-1.1068710763677914
agm002186560,13.056634426092847,-1.858885198049282
agm002186615,11.324858152648227,-2.9175585996677023
agm002187373,14.767934216867191,-0.5095216462340145
agm002187617,19.60489357305116,2.079069220811764
agm002187852,14.429691125804979,-1.013864922232532
agm002188117,15.825838380329849,-2.682997140976744
agm002188288,13.651077781321355,-2.2631185845964032
agm002188371,12.392530264623842,-3.4446027312981475
agm002188422,14.08472840910173,-1.1289090238385668
agm002188650,13.86538726664428,-4.366897491627258
agm002188798,18.883400501593577,3.8456951828549304
agm002188850,18.120626271195526,1.7800551640067444
agm002188916,17.891386912641803,1.7632010971283119
agm002189069,16.794273747227773,-2.814144729519265
agm002189079,17.405360519068804,-2.3660924394280562
agm002189100,20.22116687059291,5.358456383347388
agm002189289,20.14020021705783,7.31053835667615
agm002189480,24.947637050528396,6.284347401063406
agm002189483,27.341994385220787,7.383987412029254
agm002189498,20.812820207533637,4.625168093289555
agm002189504,18.75000240703115,4.432336848995893
agm002189559,16.913062906221736,1.7055031396072693
agm002189741,15.060580372434805,-3.485146224037804
agm002190140,20.589082800303242,4.542357844051519
agm002190369,19.968521926451633,2.118474436779641
agm002190385,20.581433443671123,3.3616782659585214
agm002190418,20.622253383532765,2.6351706081736834
agm002190645,13.15246979263946,-3.500882849883254
agm002190697,13.347004340147857,-5.024361217725425
agm002190782,14.382794271568617,-1.8532206621075344
agm002190937,10.45195384303726,-2.920313475380922
agm002190991,11.514085753877003,-1.3509274135526201
agm002191120,14.12950533984858,-3.282584829739734
agm002191306,13.109047001949689,-3.461047825706065
agm002191399,13.409381884179167,-2.165608548793002
agm002191518,13.075144402561312,-0.7327287639227196
agm002191590,21.235289201852385,1.4607117935859888
agm002192446,16.82574615660822,-0.2926051666755001
agm002192451,17.928213156233273,1.9525399366871785
agm002192497,15.77099084664257,-2.881715711268998
agm002192705,19.14029678679449,0.4905584671141246
agm002192810,20.02347143167357,1.1793158943382318
agm002193000,14.933104687578558,2.644320991948907
agm002193002,14.64723934417644,2.4977398843988303
agm002193190,11.468597191479477,2.399639958626843
agm002193322,12.553242971654152,2.915646752400349
agm002193508,15.809608221587093,0.932812229735104
agm002193620,20.083499850184698,5.565115673797521
agm002194609,15.948102421667365,0.2184215957000184
agm002194750,17.944092616787266,-1.753703915960302
agm002194774,14.96449446579692,2.029367310817432
agm002194849,18.548150140795748,-0.7291580905843178
agm002194873,16.59967824231493,-0.764579504249595
agm002195580,14.229202443560833,1.6667805621341736
agm002195692,12.92659798255083,0.07128951447631533
agm002196070,15.501655858330611,2.6887014162459906
agm002196881,14.8640483310245,0.7653423148190924
agm002197062,15.643657803764427,0.3648500053738225
agm002197303,13.986160220769026,-0.4851512781400821
agm002198044,12.771263487248099,-1.5308720752084006
agm002198237,15.830598503251057,-2.8066657372136268
agm002198239,15.182396244779502,-1.1408488181046592
agm002198370,16.02284280430835,0.8662585256708943
agm002198542,19.685160787368808,2.1198939474176677
agm002198643,19.828042252887798,2.328820141229161
agm002198783,16.884910178726845,-0.11607668525251687
agm002198979,17.64860564337577,3.2446637459042216
agm002199124,14.761738803273808,0.16616167240954086
agm002199246,17.248737687341126,-0.8803528392028829
agm002199380,10.740640178942316,-3.2983997322573453
agm002199437,9.283707387495713,-3.4681293080453934
agm002200004,9.018410151956074,-4.644409867021283
agm002200026,8.475645550405648,-5.879965023828615
agm002200756,13.076214562476835,-4.468868925816614
agm002201316,8.550684766871525,-2.935020058289839
agm002201321,13.161610473355182,-0.32505440972547994
agm002201398,17.78175111136749,5.129031213534035
agm002201433,17.7279204619846,3.34702628787304
agm002201918,9.894133281385074,-7.179717961754713
agm002201933,9.643702349344537,-4.035607019285479
agm002202332,16.617115771963114,-0.03708780714751292
agm002202336,14.60749255362204,0.423759838067219
agm002202482,16.45017541923772,-0.17368086149463052
agm002203153,15.207309132867525,1.2671208138432881
agm002203187,14.287301103121546,1.3060781478095755
agm002203325,18.06840163480718,2.6662437471886458
agm002203339,15.62884466858232,0.6672812004797363
agm002203351,17.13736416638876,2.136585088421937
agm002203754,16.455666165294545,1.7805885604381304
agm002203815,11.659578569417347,-0.6249943538997146
agm002203864,15.6897263401335,0.5604247942643275
agm002204065,18.638476408534387,3.623074032979929
agm002204244,17.576500382937635,4.114933899993753
agm002204415,15.616352743066388,-0.48106200640428537
agm002204507,15.198120981780422,0.03313248132443588
agm002204511,18.082354203956218,2.2152296734778254
agm002204619,19.255598748275897,0.2995700709647468
agm002205138,16.28498692815013,1.5524323672364158
agm002205368,15.266437903295662,1.2205139171461028
agm002206118,14.235420575046597,-0.39907631815959493
agm002206752,13.742419713862393,-4.110200472698777
agm002206753,14.330159539140265,-0.06089194002242522
agm002206913,14.089871635590212,-3.6281845083708304
agm002207503,23.403274995926623,7.490332333600121
agm002207636,14.06856680837923,0.5529006188984169
agm002207642,15.104969293024112,0.9547989979063793
agm002207652,13.965056668532132,0.5365911445304178
agm002207835,16.132786082611506,0.6074409200681181
agm002208047,11.95477393832112,0.28889763622800696
agm002208109,12.384562709110698,0.24904980792042272
agm002208474,13.027796752674375,1.5100153954563822
agm002208593,15.431062387178883,0.968110529694688
agm002208747,12.43910138106912,-1.7963683402033475
agm002208780,17.81097422645053,0.41446735537770846
agm002208929,17.397854706371394,1.3490677746436848
agm002209057,16.612781397342463,1.4533320336416473
agm002209087,18.229919687942797,3.2445578448322863
agm002209217,12.720085318781528,-1.0629269249396582
agm002209291,14.814784044070192,-1.0178466869765082
agm002209525,17.873228862949,3.4930632819350125
agm002209585,21.6443820155242,2.1638162121813336
agm002210965,19.3130381059717,4.639719307002703
agm002212142,13.792878184136432,-1.02725925610902
agm002213018,15.200765711112043,-0.6061184829392522
agm002213524,18.9024286550875,-0.3054207833283229
agm002213599,14.424561794972433,0.009075558582940365
agm002213606,15.334530844030901,0.38210612931593185
agm002213693,16.035706468454862,-4.828709851445092
agm002214067,14.694109304967396,-3.9858152890080514
agm002214173,16.037902282580454,0.9426154000103416
agm002214197,13.939983156789351,-1.0706646574121468
agm002214286,14.983535216464066,-2.5773877580785665
agm002214429,15.117188644103033,-2.701938332227313
agm002214757,18.449731592095855,2.1726002202936954
agm002214772,17.60907408172559,1.0539814262622706
agm002214829,16.422483116354243,-2.1416487399581006
agm002214852,16.09385243286346,-2.4725337437289814
agm002214987,17.406530874586636,-1.810180121745282
agm002215267,16.366847184985733,0.17357176091147983
agm002215365,15.216885358043825,-0.4068988651124397
agm002215569,16.38470388599615,-4.485148890157359
agm002215653,8.113343403160078,-3.198466066723846
agm002216382,14.428584066330172,-0.7452062223288097
agm002216895,23.953092550961415,6.699694401297643
agm002216947,20.074586358782543,3.4622928408542677
agm002216984,17.117988180407938,2.499547654591595
agm002217255,18.141805090811367,3.038090296905149
agm002217274,20.15196955217362,3.8528185567623283
agm002217439,19.407374992925487,3.319094143775216
agm002217705,14.627811674178536,-0.36724975586264463
agm002217714,19.337608674384967,3.899000318457883
agm002218003,15.282461340988284,1.118244118518879
agm002218072,21.764425488687337,6.133795011339179
agm002218211,12.667997891504823,-0.8718973323626358
agm002218466,8.841825300032136,0.010555487917813503
agm002218477,9.907973986841645,-1.0419266514941259
agm002218530,13.592827551892091,-0.4200814600941172
agm002218567,9.473042801354376,1.8868614851762242
agm002218652,16.543504041105187,3.4607098512934096
agm002218949,11.254113963836755,0.3222547635429063
agm002219166,13.492119358530273,-0.17753512001277372
agm002219177,12.146811864756845,-0.970317878673375
agm002219300,14.639053815942345,0.40206178702032513
agm002219309,12.664249749391299,-0.24325880035451375
agm002219530,13.694519875556772,-0.27455304445981454
agm002219584,12.428772173741622,-1.9063143461278689
agm002219639,11.452204595846133,-2.2043409990134717
agm002219647,15.436949917730661,2.380001581699922
agm002219780,14.574934421311411,3.6084299001219264
agm002219781,15.426564728687815,3.721346824573156
agm002219891,19.402121901150895,3.6927968339508572
agm002220314,11.158405538583956,-2.0341768452459412
agm002220382,12.884979755490244,0.825579602230861
agm002220436,16.242409720316413,3.1043219500072716
agm002220564,16.5967344292976,2.3398131182247077
agm002220631,16.184854712822897,3.080979337451394
agm002220820,15.407415669001741,-0.7584427799582313
agm002220984,15.486410168750387,-0.721821922733542
agm002221046,15.469482752034908,-0.06421888813535286
agm002221136,13.877043929383461,0.9551339104130427
agm002221461,11.734783167385991,-0.800820524401419
agm002221463,15.013079881786204,3.077965766106171
agm002221623,14.204901818166135,-3.4233731426128764
agm002221637,15.648648077219136,-1.2125968133239173
agm002222472,11.091037014844877,-2.6093111171788146
agm002222576,12.625252578013187,-3.2308550574585246
agm002223010,13.689448832883734,-3.7836394198288126
agm002223034,11.830291338213799,-4.67298944645006
agm002223144,10.927659317764993,-3.077159138553398
agm002223823,16.377444096783595,-3.7726747562672416
agm002224156,15.04889905807069,-3.832851428966071
agm002224331,15.930115941038192,-6.115245780815181
agm002224407,18.849472488586933,-0.6233787590363704
agm002224582,16.428162364644642,-3.533692380219164
agm002224796,15.05473788812848,3.7851496563941938
agm002225064,13.73988625364399,1.581409193076696
agm002225142,13.701893386877428,3.8133500130364144
agm002225198,12.851585604689431,-0.25185857365321834
agm002225235,13.462865024609766,0.37670745554275786
agm002225498,17.81510488547605,1.4082340086158025
agm002225654,14.102386386573826,-5.583234726517717
agm002225947,11.317646157443058,-1.100717489487149
agm002226069,14.379250067523188,-0.6097386322129544
agm002226257,15.322608261053466,-0.9062713951783131
agm002226397,14.031534289925451,-1.8354683023969378
agm002226415,14.523322097270917,2.006903544118977
agm002226433,11.290420468453982,-1.4263933207805028
agm002226436,11.617959976534651,-1.2853967027223951
agm002226441,11.80592999063704,-1.7540637302298332
agm002226449,13.06410111518666,-1.167560810724379
agm002226968,13.085960258776659,-0.3879356111998753
agm002227501,13.314872645061293,-5.585041552989793
agm002227540,16.393399029865705,0.7442686125235441
agm002227636,12.461215002647554,-1.911520368021246
agm002227680,14.160540502438366,-0.8759116021742995
agm002227721,11.9057440220085,-1.8869671841018612
agm002229172,10.715128881514126,-5.815638780106053
agm002229411,10.538232224142742,-3.431507744221623
agm002231353,16.565572743038288,-1.66787931979244
agm002231520,16.424063519820166,1.2207211913251683
agm002232220,13.274912965273211,-0.8985901488968686
agm002232247,11.216283049742866,-3.1221869296492786
agm002232251,11.350617875051823,-3.082991073350256
agm002232271,11.907227229880458,-2.919516447152007
agm002232493,14.198619191845191,-2.015057764594573
agm002232515,13.525849356907731,-3.2427556377355016
agm002232596,14.440379205831098,0.059718851147889516
agm002232712,18.000784485087614,-0.5755671341790233
agm002232744,13.523361260888903,-0.23463038820997126
agm002233433,17.757684954950424,3.5582241208432968
agm002233446,14.610482151454255,-1.9926859253147438
agm002233460,14.316932060076859,-2.059780552048997
agm002233928,12.027234537935392,-2.4360545221325247
agm002233974,16.857228689152656,-2.394665883971773
agm002234193,17.94735074063644,0.6323932020510064
agm002234243,13.419875911012094,0.23652158876983087
agm002234338,13.540308268358652,-0.3536696206194036
agm002234751,15.184504602478894,-3.579363341851419
agm002234836,16.322277532775598,1.566989682555787
agm002235583,16.957113707012358,-0.003909158783494367
agm002235588,18.44022438282068,0.44749618391891016
agm002235839,18.65233849669072,0.5126732686214149
agm002235979,16.175896650035327,-5.310474539221542
agm002235998,18.019902363970868,-2.987063325919428
agm002236285,17.22602205335012,0.1114875105884785
agm002236681,14.182291675748724,-0.12457527406827129
agm002237495,13.340513770375956,-2.609042354034407
agm002237551,13.88242030302421,-2.3059239400425415
agm002238421,12.10748407810984,-1.758575689000537
agm002238510,14.460997099815406,-3.1818777906071904
agm002238563,13.157777995027205,-2.888070462360826
agm002238619,13.727557422404843,-2.3939956318538953
agm002238925,14.869831118210769,-2.4987945119475707
agm002238976,10.538036633204651,-3.147637051175139
agm002239100,17.50920346119336,0.5632527180929993
agm002239115,18.20472756863083,1.7540948369315013
agm002240001,15.052554060695048,-0.03799283581135242
agm002240656,14.126490274675385,-0.5253950482491749
agm002240834,13.58193654352734,-0.7690762085058858
agm002241057,13.886938968714071,-0.789719997919714
agm002241510,20.140606116309577,3.860179480486726
agm002241566,10.785786287806241,-2.823285120226892
agm002241857,22.888606127846725,5.500180135346825
agm002243047,15.376627571730253,-4.0527698208428635
agm002243904,18.79151152962789,2.7453958030710197
agm002244047,20.062811386388496,3.611496493109608
agm002244157,19.40206602156916,3.599845263682572
agm002244579,20.4325843115005,2.3371151241298405
agm002244648,12.85447290305688,-2.932257364075344
agm002244805,11.333512034322442,-3.1915341135740247
agm002244849,12.402436109071145,-2.6152190045169714
agm002244894,12.166417766665468,-3.1918056544284905
agm002245320,10.63432954657338,-3.4533776662358484
agm002245684,16.522437708495403,0.04899058836218941
agm002245708,20.261539093841034,2.5943643332010153
agm002245757,15.563184346776485,0.8695354851946234
agm002246291,13.236838028115086,0.7737981385893468
agm002246435,15.150349153513075,-0.8867060485261989
agm002246553,12.961554167334626,0.0954914301979688
agm002246612,17.503779105268496,0.10790323631125354
agm002246728,16.193240428600603,-0.6385199183892611
agm002246752,16.20596747266604,-0.07127278308602669
agm002246764,15.043702323799778,-0.5740140652220156
agm002246800,15.27613320312381,-0.6188174174512865
agm002247024,15.788159505764657,1.2050025459788936
agm002247436,17.006584028245918,2.079204984276484
agm002247473,16.47844062596644,2.6925764343258045
agm002247485,21.136661750993866,4.325325004763902
agm002247667,18.70654610382587,2.634439947721384
agm002247726,15.76715089649632,2.66607976044944
agm002247733,15.941213095166551,2.7175733714306105
agm002247768,16.0917329002167,0.43042663468285447
agm002247810,16.862398141277655,3.3587669857546296
agm002248287,14.974962052455329,1.3659382021776914
agm002249474,14.570621935588278,-1.7837527159989826
agm002249498,17.130824390150753,2.1809541095934306
agm002249715,14.551009520085248,0.7455104635974849
agm002249719,14.469345645315164,0.6023982194908613
agm002250184,13.007151592594523,-0.5158681032357464
agm002250249,15.283706805406643,-0.16569284995858952
agm002250419,14.237324750496796,0.9748664822383143
agm002250652,11.521389439950093,-4.235540431114317
agm002250858,12.218437773723949,-4.351639316121368
agm002250859,9.852826397323403,-3.490463726806455
agm002252667,14.336256203523115,-2.849082170434717
agm002252831,15.651691014186678,-1.6726874298943173
agm002253192,13.655721246737436,-0.3334635060584308
agm002253433,17.32675088766847,0.08773083169841556
agm002253723,17.05724505450046,2.1807267647667934
agm002254408,17.45339200666401,2.137053645535699
agm002254527,11.144756804747605,-3.894189606501773
agm002254762,6.93306421634431,-4.65978293522198
agm002255292,12.980541192974885,-3.2831116630983312
agm002255542,10.517067136935244,-4.059592518676113
agm002258039,18.92859740298297,-1.35980336898293
agm002259699,17.879884749600038,3.7726842039865445
agm002260090,11.899710256525324,0.8418827435674476
agm002260342,11.561174306652532,0.11789635131333338
agm002260469,19.942043365432024,2.984254433482358
agm002260473,18.10650589466743,-0.6930388343278638
agm002260564,13.350836288682203,1.4282779936506647
agm002261483,17.42377082747094,0.12307047695338842
agm002261579,19.738015289204288,2.0341688632237434
agm002261915,17.145660127655603,0.8340664289941643
agm002261986,18.70797358625019,2.0095678564029433
agm002261998,17.884389694655674,-0.6049407130953611
agm002262275,15.358400860437072,1.2420136936521817
agm002263045,15.93444254526168,0.29174676489765544
agm002263104,13.485475553728184,-1.8652399543397784
agm002263286,14.232158182065197,-0.03436732420773403
agm002263310,12.817735960194188,-2.4668402721209413
agm002263369,11.895233254425918,-3.600800823833127
agm002263378,11.459863412747504,-3.0445768061066985
agm002264516,12.731381131576537,-3.8439474231317936
agm002264645,13.264002732771596,-5.182398483359842
agm002265031,14.094451614170163,-0.7829434113699719
agm002265903,14.875951589166029,-0.9415052314106394
agm002266630,15.428989852262813,0.9285046842892527
agm002266715,15.2330186855759,1.559806571674838
agm002266754,12.976487488054817,-0.9015481713932836
agm002266857,15.05166029223181,0.6632228393763363
agm002266869,16.434837922340748,1.1828043496433054
agm002266998,13.25169305354956,-0.8617290763093498
agm002267131,12.154639286905356,0.43918358348554243
agm002267147,12.307166640964807,0.07249860309382505
agm002267233,11.920751058533968,-0.21475951856200007
agm002267242,11.519624950415471,-0.3515390830378375
agm002267460,14.340771951686216,-3.1780483333397753
agm002267557,18.52365413736221,1.9868394982642243
agm002268076,14.244825113691565,-1.8384485468082965
agm002268328,11.842078826333124,-1.0947297144764256
agm002268334,12.527493130676332,-0.8690088932204348
agm002269163,16.99926572866392,1.2654355936492099
agm002272178,11.520638574625858,-3.985005460471091
agm002272430,13.088098669532268,-1.9948610391250745
agm002272766,15.12900794343206,-2.3283223491068075
agm002274898,14.62234701322891,-0.12761787486421086
agm002275051,14.554937352899499,-1.9381359383950496
agm002275092,16.199655412266374,3.1418382112196555
agm002275188,13.653163962604678,-0.1394521348729416
agm002275399,15.357756173335595,-0.857332115085652
agm002275476,15.220740304572432,0.7113432137825425
agm002275649,16.275285891979628,0.35786215936315957
agm002275763,13.449695874316587,-1.8380618169807619
agm002275768,15.86812109163686,-2.6414493885952277
agm002275771,13.535722257667453,-1.792232683712296
agm002275899,13.850330900240811,-3.944933514661244
agm002275940,17.895498579525693,2.821577788274663
agm002275953,17.44548511227797,4.759010952776651
agm002276184,14.455547455772079,-1.074542998815294
agm002276982,15.301879555596972,1.0546131239390242
agm002277423,15.145187847562383,-1.2058820476217023
agm002277804,15.805409105462767,-2.0925861172292133
agm002277805,15.70736481914536,-2.1038129356867863
agm002277832,16.987558825406563,-1.0397895305892018
agm002278176,17.477482527552088,-2.3455469566820675
agm002278395,14.878205454170896,-2.75779582315288
agm002278553,15.239089459532087,-2.02575673636794
agm002279291,13.797053794143116,-4.987034540196559
agm002279973,14.419481098427198,1.1822829234070575
agm002279978,15.829687915198228,1.7802508276038047
agm002279981,15.945251539929224,1.7736591358070803
agm002280877,17.5788532074558,-0.8220293312775174
agm002280919,15.33686743578191,-0.39569352703105604
agm002281159,18.503414636830765,2.373454867180656
agm002281206,18.965773767121753,2.740100215816846
agm002281463,19.038385198260524,3.025684496711868
agm002281592,19.892481144479014,1.8338749488644952
agm002281612,15.311461249140086,-0.2662981590205167
agm002281643,16.3925539941204,-0.11593658493619863
agm002281691,17.729695201783944,-0.5001012228179391
agm002281746,18.134062959004254,0.26522214503626707
agm002282303,15.683992524835245,0.28164420284444996
agm002282484,16.640213726189618,0.1780658442894616
agm002282486,16.199221877203975,1.2711061729372313
agm002282571,14.675219522302458,2.0316720192828583
agm002283497,11.104672042617887,-0.08826254968165248
agm002283808,10.8662581843155,-1.3552727482082954
agm002283838,11.377458947361474,-2.057547042112512
agm002283846,11.860166765082502,-2.173099805315919
agm002283856,12.273096773243742,-1.2740445635402498
agm002284047,17.84445892597311,3.865077732446288
agm002284068,17.85546634992387,5.100098310397279
agm002284117,15.51751235143143,0.8146320086706353
agm002284945,13.933005430886238,0.6530917942182306
agm002284948,13.162047626651797,0.14738508770051872
agm002284959,16.503920548790692,1.9505755381647691
agm002284994,17.044467108642063,-0.7124678048089746
agm002285273,15.122132002318782,0.7083552840708371
agm002285660,10.884178513833186,-3.9659967306548047
agm002285799,15.96116755779338,-0.5078830616191196
agm002285800,16.901758402598976,2.8988839143952436
agm002285905,12.4023864607029,-2.6737410827216266
agm002286318,14.532492031213,4.09486155508642
agm002286333,17.987329513955842,3.901577502699765
agm002286361,18.219655574468455,3.971343718755177
agm002286400,16.001803805702725,0.4758773866699384
agm002286444,13.991157741437457,-1.9249366033385975
agm002286803,14.673020181770411,0.18480960698926907
agm002286833,14.38985905325885,1.2502192818366737
agm002286892,14.98904310772221,1.7772070198675904
agm002287155,15.185911690240252,-2.286982899426453
agm002287665,14.313283253428452,1.6517269750131185
agm002287668,16.05223962355338,3.5029472952553142
agm002288364,10.871541825511022,-3.3936145964726117
agm002288761,11.261441675066825,-6.534949309060821
agm002289146,13.584698714414555,-3.407309413794949
agm002290570,12.232609737803116,-4.233912455781184
agm002290571,12.50093895147064,-5.662658044464912
agm002290589,11.92005605583912,-4.141747416839828
agm002290629,11.975069336506742,-6.407954385387352
agm002290635,11.530392957513794,-4.31783559658415
agm002290788,12.812717903993123,-3.6447609786660515
agm002290921,12.14453940673027,-5.516837756511817
agm002290960,9.732385300151586,-4.750919833372637
agm002291021,12.123852919708655,-4.498023993026394
agm002291036,11.807296097531443,-4.6325001006703
agm002291775,18.027494425223754,0.5642514605794837
agm002291791,15.939201323659981,-1.497470575516786
agm002292147,16.235155639917238,-5.407709831945372
agm002292324,12.08978231502201,-5.557518477600999
agm002292378,13.3988739348937,-4.344535557456684
agm002293258,15.575711720087835,1.268089469762006
agm002293349,12.717723953984981,0.4633810831115029
agm002293395,17.219581467726382,2.9548864783645343
agm002293500,19.1937537469581,2.8794785162732293
agm002294749,14.978246822644323,-1.3531016278142176
agm002294796,15.574749607062287,-1.7303682356364363
agm002294828,12.694571693304901,-1.9670676646878715
agm002294837,13.789030031623032,-0.3947405350507651
agm002294851,14.640167368319435,-0.08016897820137743
agm002294882,13.046749761970457,-2.374532520150747
agm002294995,14.424687159282524,1.3549252540135277
agm002295178,10.981018152613418,-0.39432416097822287
agm002295203,14.173176202212654,0.2504421459378765
agm002295287,11.667839024520338,-0.42512700174634094
agm002295460,14.760999904137199,1.4297784311985484
agm002295705,17.438366064261658,1.5270759121500308
agm002295708,18.392416547166906,1.8759174690893694
agm002295727,13.06954804329892,-1.0434819412721232
agm002296063,14.2086388068019,-4.215097850354987
agm002296640,12.440133726005913,-1.4151281447156845
agm002296659,12.110524756009129,-1.8428526998610562
agm002298321,10.564930559464726,-4.524295208378027
agm002304887,16.890839045143785,-0.8204638430591629
agm002305053,13.067743531601446,-0.5350034578353716
agm002305058,14.15261476313882,0.33976860477813453
agm002305062,13.795304661521202,0.1787028880338113
agm002305070,11.760749555073431,-0.9163531071082275
agm002305073,13.576975987293597,-0.13544361229350627
agm002305120,13.485086599346976,-5.56967652300265
agm002305349,15.820747129318537,0.11822371981178392
agm002305596,16.267252985023006,-1.1354416294308027
agm002305630,14.391815506300626,-5.042200069500422
agm002305868,15.977649332403333,0.5875454790298775
agm002306192,13.994773209590377,-1.2092578093173494
agm002306241,11.401095505105793,-3.109128706158096
agm002306911,14.184539496565462,1.7008880831619688
agm002306916,16.009636441492272,0.7975057454501998
agm002307086,16.575350238290905,0.7992809086499996
agm002307196,18.57648802930631,1.3996807450362472
agm002307312,17.0730358957456,0.10592339331337304
agm002308042,15.788631799884186,-3.641647687842043
agm002308224,20.9559035140818,5.185298379841053
agm002308517,16.06150162759392,-0.47357939393883586
agm002308534,17.41547665352137,0.08794613438524834
agm002309062,18.33800584447557,-1.9395393128489988
agm002309149,15.372314065833104,-1.525216449462449
agm002309236,16.591303096637084,-0.4252526197282016
agm002309339,16.829058321226764,-1.3035647388591123
agm002309501,14.78247039483857,-6.320651460591294
agm002309767,15.444557545302802,-1.770277132089279
agm002309857,15.622205670724862,-0.4840127238769257
agm002309999,14.969889456512352,-3.5709197176007708
agm002310132,15.559464291023893,-0.3990681561488767
agm002310154,17.01938164316939,0.1760649881204722
agm002310451,17.572411910985743,0.6711066138083934
agm002311071,15.59170966373412,-0.8275208298939303
agm002311443,17.079030432698676,2.076597674086569
agm002312991,16.376915647491522,-3.2991504023016596
agm002313129,20.146213777504155,-0.6742513201944931
agm002313670,18.692932532753808,2.2927385978285066
agm002313796,14.172287463738842,-1.9958647434562273
agm002313816,14.586228179531247,0.0007781525065470399
agm002314112,17.551125647158518,1.7891208473949662
agm002314306,16.89229181119622,3.4774258622721756
agm002314359,14.662518826470533,-1.0093909175838238
agm002315115,17.622273016944686,2.7543952745392652
agm002315176,16.534737449643075,1.5370668337481608
agm002315540,22.04395025785706,5.178591533488758
agm002315541,19.500471951866302,-0.9271758122987037
agm002316227,10.931918278584696,-3.909595687102357
agm002316478,13.423978889430524,-3.215793706010649
agm002316910,16.562617430442415,0.27485277793591817
agm002317223,14.755248579883007,-0.40716808830565476
agm002317279,14.648886995596158,-4.9584902770090284
agm002317611,16.204301458551505,-1.218778712891437
agm002318319,13.729343995898844,-4.776362229588857
agm002318725,15.578550458609831,-2.8284113871511973
agm002319941,20.99754168744534,3.9614100087560304
agm002320633,19.006311319386523,1.6051195046800022
agm002321004,17.256517770738597,3.2129043473336742
agm002322064,11.987603402531255,-4.445096582986189
agm002322281,11.032348424930781,-3.6787337922717267
agm002322921,11.733970623025831,-3.017538777999827
agm002323441,16.24776068162046,-2.0735906626544938
agm002323454,17.387528737875083,-1.451243965516235
agm002323565,18.90424905246293,2.2160830918627354
agm002323593,15.265936470672713,-1.305441365275927
agm002323728,16.32894539274972,-2.8016445832966665
agm002324215,17.793913090844242,3.488013925959625
agm002324409,14.130060778518308,1.9470045615369738
agm002324410,13.75105076660769,0.5866548000165466
agm002324450,14.195144392935724,1.3064419881719076
agm002324488,14.247787634577946,1.6570187409191874
agm002324497,13.561825335222842,0.48445255694598305
agm002324795,15.035806862141008,-1.3037308780703316
agm002324868,14.085023835138843,0.10806935479758728
agm002324989,12.682304475976947,-1.2099449199576573
agm002325003,14.821772766441953,-1.009708074798843
agm002325158,18.365593635272656,2.863632181443426
agm002325373,13.514204842583926,-4.1559604895610205
agm002325413,17.088462161834123,1.5594530801942375
agm002325812,14.266614707923264,-0.9387867061368409
agm002325835,15.583936352904345,-4.110241298487873
agm002325845,15.455709956916294,-4.4987088424349535
agm002325899,16.434470383828213,-0.6832931687092142
agm002326423,16.717301909819213,0.6834759804618651
agm002326618,17.738762948058355,2.375555651308276
agm002326661,16.191366959583494,2.806538207117287
agm002327056,18.14747001817373,2.8746600940043763
agm002327171,11.141179564776314,-3.977092226366204
agm002327689,16.63605971787906,1.5637233109694888
agm002327706,16.077319392031892,2.8172708545709386
agm002327721,18.920301623334698,2.527233128063285
agm002327842,14.477989018959224,-1.6075278965592261
agm002327849,14.94118478242772,-0.32943380646922016
agm002329681,14.966721412794152,-2.8472640432314162
agm002329682,16.242381191037126,-0.23502708376866188
agm002330331,19.087216078860667,2.7901492868246294
agm002330347,19.059656160589732,2.6882410176376106
agm002331197,18.713289256751118,3.7942289643107068
agm002331718,18.5365709132335,3.685357760812976
agm002331738,17.754782717145417,3.4078777972208867
agm002332067,19.41861655200956,2.946824795996527
agm002332251,15.111020139718704,0.06927537457811184
agm002332284,15.081823675353844,-0.8490091371405134
agm002332292,14.857195432718276,-0.9169064750037895
agm002332731,12.175234353074847,-0.847761991860923
agm002332756,14.517701832539924,-0.4864889676249177
agm002332867,12.654963650678347,-1.6435724018175235
agm002332899,11.807703406736394,0.139490312130737
agm002333119,15.159858092128374,-1.3723796452776764
agm002334636,17.195016678863144,1.6393026568158813
agm002334707,15.200865095407112,0.775446473093116
agm002334777,13.505861565903226,0.5433722619450396
agm002334806,14.204392813893666,-0.19589450866401065
agm002334811,15.39218658477777,-0.5878467400362879
agm002334836,16.33586047728479,2.3224330768229358
agm002334890,16.831447557864777,0.2358107965849726
agm002335078,17.701290114293226,2.332012233195968
agm002335142,15.187044457036201,-0.768135738367981
agm002335655,17.151285636052894,4.93097044832257
agm002335680,19.696806507111283,2.307656161915651
agm002335727,16.455586048868096,-0.3163353950521248
agm002335788,18.121972534471578,1.9944028866062844
agm002335828,13.647840938752793,-3.5677466779720914
agm002337307,16.696136916585644,1.6388505331502916
agm002337310,17.24064437904275,1.830348868896377
agm002337315,16.890714023835635,1.700199836705604
agm002337317,16.389722853122944,1.5074302974324896
agm002337320,16.042551784026525,1.4100673337111935
agm002337338,15.664442386045742,2.116676281509746
agm002337435,14.278350007562558,-0.34888840708612534
agm002337664,15.842200233811363,-0.6947112798955827
agm002337675,16.016797830020938,-1.3383997214713426
agm002337718,15.90146296483708,-1.3849702947283453
agm002337741,17.158957707402323,-0.8866662300629933
agm002337792,15.721561372254602,0.14090930987471922
agm002337804,15.831799215374488,0.18237016941782755
agm002337875,15.307649819289646,-1.3389875008324388
agm002337916,15.318149728822751,-4.0183393683656465
agm002337994,14.971945365062917,-0.3398328929682233
agm002338016,15.360908824147709,0.4376212221044244
agm002338855,16.408279160421216,3.132371236508033
agm002339009,16.250302031034856,-2.034076612438245
agm002339051,14.903048918845371,-1.6057128264377116
agm002340001,10.457115937359294,0.7713169361582887
agm002340004,12.63744279711845,-3.0584073146900677
agm002340916,20.359302479059718,4.796948275709701
agm002341182,17.16895581974515,1.7556072728871142
agm002341298,16.950982622624032,-4.516825886847675
agm002341319,16.69204051486485,-4.502307604491339
agm002341749,14.038898693493463,0.09855589426905631
agm002342191,20.366905936353433,3.8993492853482383
agm002342265,13.939473411162632,2.3428847913716915
agm002342336,10.816721873909959,-1.7642639320890772
agm002342375,9.14541593118842,-1.3015244856016137
agm002342414,16.841693525484168,3.8330374043936644
agm002342527,13.002387050555638,-1.4727058757210596
agm002342543,13.954559704472162,-0.7217286201994823
agm002342549,12.880204372332377,-1.3343287767325986
agm002342582,8.995053846822639,-2.3374734408190467
agm002342636,17.072433887619074,2.9418802865706914
agm002342678,12.480191712510774,-0.31039957134509777
agm002342682,13.91094997183371,-0.29865703575784924
agm002342717,11.440462077358397,-1.5059804552068303
agm002342721,10.860850312325455,-2.7526532376445516
agm002342775,12.512486117723439,-1.229677855114815
agm002342802,12.020914677748848,-2.744432435032392
agm002342850,16.910801387132675,3.484696082077577
agm002343326,14.515374349891577,-0.6019114390502383
agm002343392,15.132504475151947,2.291601929447226
agm002343415,12.773781054659393,0.13896762716229905
agm002343640,16.389636963950913,2.919324041015288
agm002343714,14.29536929996082,1.2381099652940768
agm002343979,16.515202719595756,-3.361408982473981
agm002344054,17.05587640874941,3.1635569377207013
agm002344069,12.803019296175483,-1.7701069929901734
agm002344123,16.422349598176037,-0.156671995432351
agm002344125,15.761914843846418,-0.9667827777146222
agm002345002,12.633899241142267,-2.4153557618702686
agm002345368,16.135922033138737,-0.21187232737494158
agm002345378,17.462578333165176,-0.5327397192836258
agm002345379,15.818348121025101,-0.3128695334000457
agm002345434,15.555662671923727,-2.525453675361484
agm002345477,12.85997357983223,-4.569613156073642
agm002346272,10.82315585593624,-3.4116043031846077
agm002346294,13.619472476299993,-3.245165052121326
agm002346309,12.983063350270953,-6.561419891537115
agm002346394,13.255609775088285,-3.358358326147974
agm002346496,14.543239764699626,-5.228632120832435
agm002347336,13.48587247327479,1.0286772113228089
agm002347342,14.644207268885097,1.1331596975674152
agm002347361,14.460354720029779,1.7918428784630887
agm002347377,17.05447473088291,3.232495500282225
agm002347410,13.107137766097017,-0.6808220100697481
agm002347831,18.90609902075333,1.990923088263366
agm002348067,12.868315867690212,-3.1707141852984755
agm002348236,13.42336404068242,-0.6314335832611426
agm002348274,12.140476701645829,-1.009853483194969
agm002348281,12.884771092417818,-0.7551770923967078
agm002348299,14.185708259979531,-2.5009968921746832
agm002348584,16.97570022003704,0.31851905608244674
agm002348636,14.391466126804238,-0.6471039224159174
agm002348661,15.955007040932665,0.8309603453345323
agm002348756,16.48899260084479,0.9870715627133435
agm002349320,13.325244090753374,-2.1368115423475627
agm002349525,11.316686787561267,-1.8199976744653354
agm002349571,15.241121490994297,0.6913361764435232
agm002349825,18.045051364462434,4.060139066333703
agm002350119,14.793947087992464,-1.81172356812077
agm002351569,15.346727605004604,-0.8576647233626149
agm002351700,18.123758508443856,2.493867016590567
agm002351718,16.231122630869265,0.0431109563952333
agm002351755,15.757625326286565,-1.2881508803272865
agm002351760,16.344786036628797,-0.1395985222912426
agm002351806,15.93138643826085,-0.9165007994175683
agm002351852,15.751007449654518,-3.5491053555001537
agm002351929,16.729294802520375,-1.7817980429932867
agm002351934,19.534033235735723,1.5884514966845262
agm002351943,14.337338546304165,-4.97134724205574
agm002352974,15.817796755336017,-1.6514472102299091
agm002352980,15.524001104414102,0.5961946669833731
agm002353139,13.678488970612968,-1.5175246591506184
agm002354309,14.308300298716764,1.4661987001372783
agm002354321,16.349916985043635,0.9186832093629661
agm002354415,13.795175245283568,-2.4945679886926526
agm002354465,12.012615021762578,-2.413175508062954
agm002354582,14.233701444364195,-1.1457830195427645
agm002354600,13.052341982144812,-3.137921850787208
agm002354616,13.693666936601838,-3.0653092172793084
agm002355015,18.244221446871567,1.8200464443273061
agm002355097,17.741416579590574,1.090664707787133
agm002355385,15.133596754008238,0.5430252232188302
agm002355438,12.419658024982882,-2.9499642105977224
agm002355565,16.942839645350656,1.4910103922455433
agm002355685,15.889808494559977,-2.3434618254415973
agm002355854,15.45012330519895,-2.5385088636498527
agm002355863,12.242503593837734,-5.335158385816709
agm002355883,13.584606010599932,-1.1283925168960671
agm002355902,12.027141846159653,-1.7456660956485546
agm002355941,14.508505788826374,-3.269688467869307
agm002356027,13.915384645244421,-5.51496514032135
agm002356032,13.98994195396815,-2.852415407618828
agm002356155,14.641083962045537,-3.4527212700122134
agm002357219,17.449284584773423,5.001253832405827
agm002357479,18.670791910619773,2.269016966968044
agm002357480,15.217225894058656,1.787449567345325
agm002357818,17.26227484166206,2.81104797018918
agm002358489,13.916411319149132,-0.8712896889176415
agm002358798,16.98103530909356,4.913309588175463
agm002359395,17.169643138046215,4.62478985748113
agm002359675,15.136492720061305,2.2458874487224216
agm002359956,16.092049256013006,2.84186922218856
agm002360004,16.453562121238996,4.392865289538804
agm002360094,15.897301686559716,3.291706282008517
agm002360110,18.611528808160397,4.442910226516788
agm002360170,16.047530632349805,1.491052961778416
agm002360175,14.070914030270417,2.0431218580822805
agm002360231,15.639947393899044,-4.1509624634935784
agm002360243,13.363564169006493,1.0148384074570247
agm002360307,16.24153816424979,1.7369925558214216
agm002360344,14.843642496739962,-3.7971984068718245
agm002361319,13.094087613493107,-2.5956424883659337
agm002362059,20.274878747182054,0.3764266086826697
agm002362107,14.238367582215124,-1.2431572144730207
agm002363335,8.737048250460505,-1.0633757296456856
agm002363498,11.342723588090662,-6.945838038199658
agm002363530,10.23837563292881,-6.052892226682416
agm002363578,11.08840520776345,-5.657167656859784
agm002363723,17.852142119434085,0.6968009537809075
agm002363730,13.381044738295774,-2.4099106320177994
agm002363731,13.48312988235258,-1.9500704152528783
agm002367171,14.248484350685136,-3.340410989388603
agm002367345,18.534032386497486,2.5146184015541335
agm002367592,11.417773373423044,-2.999243573561206
agm002369906,14.0130320492623,-2.460211075115108
agm002369965,12.220323970335507,-3.7808101828640446
agm002370140,14.183420414690756,-5.889844366596354
agm002370553,12.886292506319869,-3.0312940742605257
agm002370609,15.328478488484926,0.7141228756204429
agm002370790,22.57233910055275,6.26776373945843
agm002370987,15.835376912378214,-0.0017252637373292856
agm002371033,15.092223846635969,1.1922273254394042
agm002371119,15.236846828825554,-0.11013656852718298
agm002371153,15.220661751008151,1.092871395371154
agm002371187,14.992289260996138,-0.19395101945434826
agm002371193,14.319016804853796,-0.5028234332736569
agm002371271,16.229274602723972,1.5273952246001865
agm002371274,16.91942053363444,1.9364357922226905
agm002371759,15.438643409683966,-3.0437329215143016
agm002372916,15.442843417779384,1.5920810353349275
agm002374467,17.780258891151437,1.1633377653711487
agm002374582,16.629724410283387,0.06538162345494491
agm002375174,12.726843297265182,1.3768959516392791
agm002375313,14.94934077959447,2.1006105359305556
agm002375409,16.827321004057104,-1.6973388770188849
agm002375621,15.120304175589945,-0.5371148855454486
agm002375622,14.34083271684503,-0.8203878320408995
agm002375998,12.658335128256736,1.3524368827467033
agm002377249,13.255676194051032,-4.666285520172798
agm002377306,17.72059643869936,0.11889078899189727
agm002377594,15.937384038653208,-0.5148794986247971
agm002377612,13.898934472365776,1.2357596493754002
agm002377638,15.198065763793755,-5.2137057093093535
agm002377774,11.875932621657178,-0.7900239601185183
agm002378078,18.85563656424731,-1.60825319801515
agm002378201,14.615476274998361,0.9186051823594397
agm002379046,15.66027443363324,0.236634063096961
agm002379076,14.91379460113376,-2.482755569908038
agm002379240,17.261837284709518,1.9920836631576317
agm002379297,16.58028289072143,0.022201328690384752
agm002379530,20.231772440600036,5.037389140982959
agm002379582,18.478884896922366,2.671826577615923
agm002379710,16.560095440153937,-0.9145063622114886
agm002379756,17.031284179558607,0.08898338842283451
agm002379758,15.986261551455463,-1.2215674976143598
agm002380223,16.77000485127251,-2.70582366183415
agm002380239,15.68326211064998,-4.549610836018809
agm002380360,15.198594634751883,-1.0100584788431373
agm002383792,10.96535103109669,-4.3186930141372795
agm002383806,10.877876023467778,-5.027812368611769
agm002384376,15.594917070461376,-2.469652086753831
agm002384571,12.331255763746835,1.0983485495163103
agm002384728,13.439849297741322,-1.18186297478689
agm002384729,14.593955679633114,-1.5901025207012776
agm002384824,16.524277585125315,5.029194879362179
agm002384948,19.187367498978773,3.8586831206173913
agm002385293,15.040436204154618,-3.106107737769794
agm002385411,15.330497324816974,2.060777736026019
agm002385525,16.98309751418432,1.019124116964835
agm002385594,17.445072050618666,2.4202484613946487
agm002385637,16.09363713465583,-0.6687680523594401
agm002385776,19.086081675125616,3.1619923230780405
agm002386093,14.28747874584065,-0.055385210542799136
agm002386165,12.362101614270896,-1.8606278749247263
agm002386180,13.67015543534729,-1.617358805357594
agm002386293,13.14337947983491,-2.157528307149589
agm002386297,13.68536051834576,-0.9614613792554844
agm002386485,12.396580754582937,-3.5892743671725755
agm002386666,15.518095148273972,-4.016155543754918
agm002386921,15.154711357528301,1.6777538778615686
agm002386978,13.752882098868168,-1.0539422804929899
agm002387002,13.124780773893995,-0.9809108225274432
agm002387164,15.125561082446968,-0.49568322676161714
agm002387204,17.507066986292752,0.4481618434127547
agm002387255,10.004432416022954,-2.608709865400574
agm002387836,20.509705561356025,2.953638478375396
agm002387973,11.470154706844431,-3.712051231824423
agm002387986,13.650411037745725,-2.9966596107656085
agm002433306,11.730110219829303,-5.0505273183929
agm002437434,21.642845692464327,5.941739282687486
agm002441043,22.929598192867605,2.962683916581362
agm002444968,17.965542780957826,3.0283401522849296
agm002445134,15.40768295551479,1.1947919550134238
agm002449630,20.913120986000248,4.143612162729829
agm002479708,17.13006739041197,1.6581222086627683
agm002486826,9.586774472603036,-2.983300638323174
agm002487107,11.754403954512952,-1.152087380583754
agm002489068,7.650571186803266,-1.2801385977642699
agm002489958,7.973652863010708,-3.3841364209339337
agm002490355,13.653371122228467,-1.40518624489927
agm002491523,11.180320991482983,-1.735468597504262
agm002493090,11.615205846400368,-2.306229445397259
agm002496001,9.352982636781139,-3.804514963756941
agm002496497,10.353014398146623,-1.5753504329224945
agm002500500,21.34159803527273,7.904464228717823
agm002503810,24.625945371722842,7.342917954839711
agm002533104,13.360404891977964,-2.2467625880768383
agm002533211,11.351271347401052,-3.704180725873772
agm002538568,14.93577863502776,0.9603609439874361
agm002538862,10.879537863160012,-0.6081209536179208
agm002541635,18.583236709390228,2.562963460393084
agm002541671,11.795194769884558,-4.122953607082407
agm002557126,15.168214810960421,1.9554968362524583
agm002560965,17.74741381208967,4.051373583487058
agm002563541,17.515196684966973,0.8825352418057726
agm002564031,14.54386179658454,0.6110097844757043
agm002565430,16.68621671070845,3.231974744537837
agm002565833,11.51555722789222,-4.602996583975552
agm002565837,11.209684649550637,-3.3348151286442174
agm002580039,20.043754611374304,3.045279222638181
agm002580145,21.90397009689419,1.9938636885941008
agm002588347,22.04041736016129,6.842651947622011
agm002634309,13.088931211480977,-0.6284482691149833
agm002635431,14.617511972705907,0.04630050554126619
agm002643054,19.881282625827215,5.363879466526306
agm002643914,8.513631195967738,-2.26579648185015
agm002646767,10.942615337855262,-2.281831350442246
agm002655487,15.780414126575714,2.4946910779779845
agm002656185,16.474335060235838,3.368586104469953
agm002656429,19.133633939030684,5.574387658198328
agm002664428,13.90608324265349,-4.067265666237424
agm002685804,14.809596143037911,-6.058510083746354
agm002690338,10.390509449727213,0.5399113954685948
agm002691451,12.719377692031406,-3.786630207730038
agm002691681,11.55579700551986,-3.647326172924316
agm002693125,11.658393835603782,1.5003786731015922
agm002693309,13.581134510624404,2.335805933462286
agm002693681,12.35667102866905,0.9389135252445571
agm002694384,13.873609526018555,2.427853994844533
agm002694433,12.897581596796936,-1.7433100047754104
agm002695685,13.189270182264337,-2.450550428220457
agm002696841,13.342614040010425,0.27831038089799165
agm002698393,13.068707992351255,-2.6714596881708905
agm002699666,13.712570668646674,2.7156865899976337
agm002709872,15.322475394272093,4.748775481596377
agm002710296,17.008469131425745,7.009348456400092
agm002711444,15.596317943607804,3.8088710384092916
agm002711640,16.87964543329752,2.2667503028772726
agm002713600,14.325533098603739,-6.980206069374426
agm002715581,12.506177697796153,-2.1472597325805918
agm002724743,14.952618819779174,0.5411584208092579
agm002726005,19.36836213221433,5.147312353214767
agm002734762,13.63622579494184,-5.210164947752157
agm002735022,13.533115634860422,-5.6874343455667224
agm002735310,17.21653840832671,2.336294252619207
agm002740723,9.546415187273755,-4.453365720893563
agm002741707,19.75021682692228,4.884385150040849
agm002746612,13.581551930382327,-3.816234696606446
agm002748502,12.172846301064348,-4.844986596597021
agm002751012,12.666312782597544,2.0702519478679116
agm002751663,12.864593294108131,-0.07073922472996497
agm002751911,18.37251469393228,3.503998317497686
agm002758040,11.13914591430123,-3.0701574703494097
agm002762023,14.95433087692966,0.02632138919386051
agm002766205,16.29251073944422,4.126442352973234
agm002767482,17.020197320436463,4.1670848741514455
agm002780850,16.631154372559926,0.24766782251700903
agm002783879,16.64116358050307,1.0984252893065758
agm002784712,17.294807435935756,1.1335114807746391
agm002908082,14.50168334183343,1.6805171357554627
agm002908120,16.215989859060226,1.118952507159571
agm002911883,11.289245784604304,0.2699497856729316
agm002915699,15.11142466452188,4.009008156249011
agm002915804,21.27153193256935,5.636335862759337
agm002919601,13.214099409100802,2.1711794110222065
agm002921459,15.903246994995929,2.3778163767311136
agm002921730,16.635765554215574,3.358961271215109
agm002921778,15.789084049285027,-0.11059427976850103
agm002921877,18.638368402636413,4.088982185281662
agm002921897,17.88960169794698,3.50290568910158
agm002923650,8.303562625512205,-4.723155465567137
agm002924171,8.594887726062383,-4.367949432986514
agm002924355,10.212544413216621,0.8587908480598407
agm002925122,7.46522934296182,-2.8009976556098906
agm002925285,8.675909505206773,-0.729899784300029
agm002925483,9.083062239932811,-5.059448279190311
agm002925861,8.913910947368226,-5.092386850248198
agm002925962,12.246163388322488,-0.5531474691963488
agm002926182,19.03109727993865,2.250671723128344
agm002926251,20.481287226577244,5.449681872094557
agm002927674,21.07948945175537,5.715321087230772
agm002927676,20.126363687193614,5.537101624814529
agm002927949,16.577330465699166,-0.4760849214028049
agm002929161,12.699868184418232,-0.7330340835373867
agm002929193,14.281804947941566,3.011516443721282
agm002929602,12.907149485147443,1.5149800441603332
agm002929617,15.759372828995387,2.2496383154565556
agm002931017,13.468474709624218,2.217881089444912
agm002931035,14.139391765484813,2.577970421237359
agm002931091,17.8285638814152,2.8354991303593495
agm002931248,15.370362984916813,2.63558747734963
agm002931293,17.396534199762065,4.21332938681042
agm002931525,15.544374357299944,1.5986312457522884
agm002931756,16.512490404093903,2.325783396416939
agm002934406,13.929109061642643,0.30283898048992697
agm002939014,11.104589914514222,-2.4328332581246657
agm002945981,12.019932208550697,-2.4954871016894886
agm002946123,12.967620958521682,1.274806296650133
agm002950236,16.469889091632425,-3.712378103938776
agm002950623,17.577789384133172,4.417450223170902
agm002951443,15.019142984263206,1.60263534179471
agm003031822,18.187534925185414,3.4141862067339597
agm003031856,17.272817661224533,3.171658942726373
agm003036207,18.4452241364536,3.527338681631752
agm003043138,9.219411917067369,-4.240593536583895
agm003054418,16.5804538191953,1.964152381436249
agm003054621,18.166191857968588,4.400730470843437
agm003054641,22.998268073415296,5.951444461299549
agm003057420,19.27617483340899,3.9449526772764307
agm003057422,18.6696888203267,3.7599061478807934
agm003058487,15.637847070300007,2.9206734512674273
agm003061489,15.285726635454091,1.8858822627812255
agm003062288,15.382492389151615,-0.8875916752244356
agm003062395,14.391863851927413,-0.3447826636981972
agm003062628,13.153535418409987,0.7840303179479406
agm003063415,12.432311878605118,1.1476870628294953
agm003065468,16.330604736944316,3.9373779849814885
agm003066009,17.0523280080704,3.8944669271038066
agm003066332,16.96721300434392,3.4750121038454114
agm003070364,7.789248906636435,-3.361985298513511
agm003082154,23.564836070912435,6.308666622037104
agm003082642,19.32470886002219,3.8029607670975216
agm003082742,18.687237331102644,3.606166600791598
agm003084782,16.08602419775722,3.345157260185372
agm003087673,19.799017182405613,5.182036966608358
agm003092240,15.415398475192125,2.670691670562455
agm003093874,9.812293379999792,-1.2196853713811873
agm003095455,14.60152872114972,3.0319485558517325
agm003096016,11.308289330321061,0.4278305479463054
agm003096021,11.62730278523089,0.5645747116366527
agm003101411,16.58384925815758,3.3931682380875765
agm003101955,17.528971262985664,4.326368804415134
agm003112455,14.735594753028797,2.565123460650828
agm003114970,14.511924226690823,1.3644949058482663
agm003115753,15.912249693365828,2.305692559767495
agm003116304,16.71458023903073,3.639208683205641
agm003116314,16.755492606235077,3.6121778512424645
agm003117072,17.286169043124442,3.9717143231360574
agm003117075,17.377022456350204,3.976137370739947
agm003122048,9.988877950862644,-0.3992783406337068
agm003124886,9.690469703753864,-1.7344043335089476
agm003124887,10.348466399843351,-2.926025218029395
agm003135176,20.276465601367853,5.117455814607848
agm003135202,19.634829135997506,5.158030712995359
agm003142277,15.579788847229295,0.4584299200697952
agm003142944,14.430196575841293,1.3623256456028525
agm003143786,16.121456707806363,2.1472897092070875
agm003143830,16.845710515194643,1.584449556645592
agm003146934,16.423748459293286,3.3100057555540787
agm003147126,17.516900960473553,3.0421155344870576
agm003147397,19.326411738083923,3.7553346605358064
agm003147491,19.982924302834395,3.7006148436170228
agm003147912,18.70869981407184,4.459805747638687
agm003147923,18.71910040676155,4.458592454135982
agm003153740,18.15743227823388,4.154127754762381
agm003154711,19.00108767002869,4.550329554599728
agm003154712,19.21022528080358,4.7644690268685865
agm003154955,12.389361811286571,-3.8162465876335765
agm003155230,18.790711275194166,2.0778343949074674
agm003156881,18.672500086241588,3.405873101286202
agm003156985,18.87485285168388,-0.44025230414620725
agm003157199,17.872053024148517,1.4977887139358526
agm003157286,14.543713353592624,4.651668663071283
agm003157405,18.87411798096045,2.346325738870598
agm003157441,16.38825364921201,2.160952526915705
agm003157478,17.61374440365,-0.37952878947977453
agm003157490,22.282121503858292,2.4608972777243663
agm003157501,17.694708105510244,0.12261854510604753
agm003157507,18.72819107922854,0.45952843909010355
agm003157524,14.61097728357631,-6.66780784512701
agm003157546,20.657371111151136,-2.5537143713073673
agm003157581,8.424329953057605,-6.24481753265548
agm003157639,17.036350711872277,1.7733477510049367
agm003157649,19.75620013296913,2.114599098442274
agm003157659,17.69793519665318,2.6940096666207074
agm003157668,21.63092282908369,-2.0016608868902157
agm003157722,10.725931323831418,-1.946999213606842
agm003157789,21.17083708930935,5.2091285975877994
agm003157799,19.978091358930364,4.335940029779471
agm003157852,12.382611507239224,-3.5712396461135985
agm003158066,11.79809970787894,-4.361325713410693
agm003158086,11.639961187356123,-4.332111266826353
agm003158186,17.442016962954934,3.1604573118386923
agm003158455,12.59998001161131,1.580999720771518
agm003158787,13.314982500288115,-3.0500086940234024
agm003159070,13.956592253303471,-1.3897204610909537
agm003159274,14.018841317002424,1.9435782812080902
agm003159573,14.57631818547941,3.0190134590030566
agm003159581,11.645572451988949,2.8744562125444695
agm003159725,12.989968182065612,-3.7808894373938107
agm003159792,13.448534514209385,0.4724133377546463
agm003160066,20.19798713272496,5.672187607726474
agm003160263,15.62438880063357,3.612190265846787
agm003160348,10.38591142039964,-3.0395673153692484
agm003160463,18.09711724710112,3.933986014109781
agm003160479,13.487000963773317,-8.033205175138544
agm003160499,15.134560416408796,0.8699318825727342
agm003160506,9.420892067610275,-3.9071673882819566
agm003160522,11.037468315578627,1.9325053929640923
agm003160523,12.31352850377963,0.45675161840853323
agm003160538,11.786785130225505,-2.713691706849742
agm003160560,12.905762868715875,-3.8219466219697313
agm003160619,11.259049925073276,-1.6311620114094925
agm003160624,16.49733662706978,2.082569001812131
agm003160626,14.09241396293953,-1.042324632945558
agm003160627,14.100153308857942,-1.0692780915018212
agm003160644,19.210294621541433,2.2947399441616425
agm003160659,9.606702484888668,-0.970163641304889
agm003160666,19.089351700383506,0.8114622386314471
agm003160712,18.243282739739843,0.2050503979379492
agm003160723,14.751621208446885,8.040652112069797e-05
agm003160725,13.737136993786736,-0.9517519577844767
agm003160766,13.83682796489274,1.991142365895626
agm003160824,15.867130829787824,-2.4016425599419975
agm003160842,14.711250582776323,1.8213151016606683
agm003160863,17.234618546226397,3.8687358218694463
agm003160930,12.869783023860725,-2.63594311996281
agm003160938,13.09760796487791,-3.2442281433241837
agm003160949,14.609312739022563,0.11755818433247119
agm003160967,11.740136536838465,0.2757199224798376
agm003160975,14.016151583609338,2.155807525637863
agm003161021,12.936131514867691,0.1325469123141687
agm003161036,12.206501379319088,-3.7470609838919717
agm003161120,15.33244899416602,-0.5597737030734914
agm003161156,10.615353602882138,-2.5987013462653947
agm003161183,15.518698677612313,1.3918044856779936
agm003161203,16.869446585198983,4.172243083854164
agm003161205,14.644923670150868,-0.45278565614812827
agm003161246,17.372641440623998,2.299039616942649
agm003161260,12.59249620455813,-3.705555533550712
agm003161316,14.318535283808265,2.7791962736502343
agm003161325,11.741060498319468,1.2633433143130268
agm003161354,15.975140339409927,5.057200775525777
agm003161368,12.500035389147769,-1.341793376953697
agm003161370,10.062254697328209,0.24097624662632278
agm003161405,19.632948679489598,3.6863762811380276
agm003161469,12.388718280632652,1.6909832946259626
agm003161501,12.465506095050479,2.3978136191276938
agm003161505,13.975296882698805,0.49331215293877523
agm003161513,11.22340969690349,-4.978204785740311
agm003161521,16.711278171695383,2.1501445764660736
agm003161528,18.256162927883903,3.2646161133063636
agm003161558,9.575706787063773,-5.036973809274159
agm003161630,16.772051338296208,3.571162315822649
agm003161729,15.256532553510924,2.1833528445843857
agm003161736,14.674501468017537,-2.028795197565981
agm003161741,13.305585826173244,-0.383167109904492
agm003161755,17.998928296062658,1.9260271139185692
agm003161773,13.243759594918176,1.629753797592417
agm003161826,13.491329160539735,1.8059586083311991
agm003161856,16.369066389830447,-0.37875393177884753
agm003161862,16.645760368713574,0.010700822244033681
agm003161891,16.986302980439646,2.5051045706628594
agm003161894,18.516896399955257,2.6462421544287658
agm003161912,15.790625358560325,0.7110554338281467
agm003161943,9.908047786360493,-4.165990954154805
agm003161951,15.948587636097106,3.002029344745587
agm003161967,14.39407602128518,1.1312695240991708
agm003161972,16.37872923711,1.9138870119602807
agm003161976,14.209421409441259,1.0508901131731774
agm003162039,17.550916979041148,5.594660781098699
agm003162040,17.645149175567248,5.586217003209018
agm003162064,16.89448394162345,3.180342094796777
agm003162076,17.673493950027094,0.8401993302463273
agm003162086,19.215247849470263,3.7671975457572318
agm003162103,13.089535281547567,-2.568518256633525
agm003162107,11.374050300693142,0.10952158754124586
agm003162112,13.243370688862562,-1.3965275721971047
agm003162235,18.973488272994285,2.69857767004616
agm003162273,12.080815676360285,1.3317222197724385
agm003162303,19.489704494780177,2.8590056499620067
agm003162305,18.724758649881846,2.640562803364789
agm003162324,19.633582408279874,3.0726893649157123
agm003162372,17.314536312582494,2.4108447171521385
agm003162404,16.969016624014365,3.2641588042430723
agm003162431,16.127738400274218,0.5709455420602296
agm003162450,15.437038098932769,0.5017238564430055
agm003162457,15.000119544389669,-1.7107785949944585
agm003162494,14.439141413983554,4.116452552113767
agm003162500,18.08253604648506,3.715771603876462
agm003162501,19.782960759141773,2.9358285649322733
agm003162508,18.95596320694531,1.3973517101983317
agm003162519,10.826266430094552,0.27394961776845594
agm003162561,15.690711387503686,0.6290868100002687
agm003162567,19.424763390724365,3.2212888880073764
agm003162588,18.93361990696437,2.7019252403452567
agm003162604,18.024931767638463,2.0395787226676454
agm003162628,16.34382909338045,2.6748325297596436
agm003162638,17.56555009486201,3.3557795175770755
agm003162642,17.634617303978253,1.0149365044683005
agm003162650,17.533806524853095,3.3898105731690267
agm003162667,17.025698768947738,2.8556949659220665
agm003162680,16.08213174436152,-1.169304174184795
agm003162695,17.859846410578157,-0.36628735604976015
agm003162700,18.402661507303154,0.8418005726120175
agm003162720,15.893518856247953,-2.079987526719857
agm003162721,14.753601967290361,-1.5088887351618272
agm003162867,19.035146005799895,2.831995808491482
agm003162897,18.406934660184092,3.746468736361897
agm003162968,17.61524676154616,7.479179829481791
agm003163181,18.316549658782083,3.3509822662356825
agm003163190,18.39037217272547,3.3470801151951894
agm003163314,16.22644417969802,5.2751434560034625
agm003163335,17.05252440399496,3.9920910471049966
agm003163438,13.955828377708192,1.7718004491371167
agm003163468,12.526130430339482,2.207994897617753
agm003163503,18.383672347045575,4.8285857677736335
agm003163617,9.188347059767187,-4.632545736594132
agm003163665,12.205101876076078,-4.3710885217569135
agm003163695,12.47537321556011,-1.07476026627626
agm003163961,12.369102115583589,-3.526714255041583
agm003164031,12.579336615818983,1.2322355508989853
agm003164167,14.998579671570596,-1.0707404861933858
agm003164216,12.114948028503724,-6.509528157333225
agm003164376,19.033180455233026,3.2693857100219406
agm003164682,12.215774555787485,-4.047242207736699
agm003164738,12.977456587097983,-5.090287353899664
agm003165086,18.924860102527354,3.8128256298755963
agm003165096,16.820028646051604,3.592476869709137
agm003165151,17.688610269803434,4.401676120090407
agm003165302,12.060925743903526,-4.48038384477508
agm003165333,16.759510368261658,2.9801019073163992
agm003165381,10.11298267194444,-2.7319086051452803
agm003165411,10.137856661630291,-3.5178891770091347
agm003165428,10.365475514108107,1.0152706200186978
agm003165761,14.28084741064673,-1.8554733019503686
agm003165763,19.280128768969195,3.8938069158933875
agm003166109,12.559787278263636,1.6753319747890312
agm003166184,13.464658065119675,-1.6296757295453972
agm003166254,13.404722739538398,1.2209331664269554
agm003166341,13.673867552638306,1.8670439949648587
agm003166509,17.438394701435623,4.182548941999588
agm003166610,15.663507667551055,3.953849209412798
agm003166646,20.17006143631465,3.0092470159591853
agm003166853,15.31974375060318,4.196015224865716
agm003167042,13.563035581520468,2.7657370018304963
agm003167300,16.528393210404978,5.107824395343498
agm003167507,14.042572412945688,2.399495217987309
agm003167697,17.522963144651204,1.4116768168016582
agm003167718,10.77396698483769,1.8772509518929335
agm003167733,15.614846402163051,2.600859084152554
agm003167832,15.025711705672304,1.1740842062143226
agm003167913,12.12652063836868,2.4871295346835307
agm003168156,18.186547419825175,4.6710017392730485
agm003168385,18.412642394537798,4.76321575279352
agm003168736,10.356086134055023,0.13274371474923186
agm003168816,17.821264231871666,2.718707024108446
agm003169087,10.986932304546537,-1.430041346452553
agm003169394,16.850320577535637,0.41331849221470307
agm003169448,15.304070845087109,-1.5528182246214994
agm003169458,12.578407795248625,-4.710558717179667
agm003169517,10.490435550989185,-1.9549856829266181
agm003169586,19.34061252774736,3.9682389482332923
agm003169700,17.442668546980805,4.08115302614424
agm003170000,18.79160855896166,3.691716099718941
agm003170098,18.55327810094884,2.1509526950790123
agm003170471,12.306919653709372,1.3854277665496784
agm003170474,12.356382352712876,1.393435691660248
agm003170659,14.166328709186681,3.3392290770635142
agm003170745,16.833292694891888,4.571678206871057
agm003170781,16.13957873565813,0.12510572709194978
agm003170859,16.544822543789067,2.46333885482433
agm003171302,17.155322647711944,1.7514328031466944
agm003171558,16.70276665936424,-0.1755961709747762
agm003171776,18.851318620004903,6.504115927574302
agm003172045,19.038228530864988,4.464294597112361
agm003172286,19.160063971079577,6.478255781148998
agm003172324,15.038001426439251,2.8251840070212166
agm003172481,12.892900185867699,1.1053450562533405
agm003172523,8.322682967849211,-3.107224677484867
agm003172718,10.361063161569323,-4.292228908340786
agm003173124,14.381204549345762,3.671118334315083
agm003173153,17.059629838083367,4.135231382704898
agm003173276,14.428259396503488,1.0924347053578183
agm003173278,12.340129772596649,2.2344635138201445
agm003173380,17.58024420018078,5.313355599911364
agm003173591,21.12503158493389,2.9534551589386426
agm003173654,18.837836543929367,4.5536536530973395
agm003173687,13.929891182120747,4.235334514494664
agm003173840,19.411014652622836,4.023811961179299
agm003173846,18.54806801278772,4.032890272962967
agm003173860,19.16599863528756,3.927987695054072
agm003173877,16.221111035145064,3.623624392844789
agm003173922,15.590401426613997,2.963086287991292
agm003173941,18.6079341330497,2.4882499988252214
agm003173960,15.03456847764574,4.283082976263882
agm003173994,12.479191456689005,-2.1923044771864038
agm003174151,16.847650087592744,4.488581870994825
agm003174154,16.85529385650252,4.4982061089591925
agm003174178,16.545962363521735,4.848042897469422
agm003174256,18.662136171743132,4.687033558734886
agm003174346,17.734821299822084,5.06169186641816
agm003174434,16.37573959591351,1.075224802697785
agm003174519,14.808247271001783,3.678442080029688
agm003174535,18.797052107873995,4.17009100418256
agm003174565,17.465900324296868,4.37192105038438
agm003174567,17.957340478951025,4.105156135167606
agm003174702,11.506988966306375,1.7676984026970475
agm003174776,16.161311996906395,0.49189113905011617
agm003174823,14.737178304560253,2.741017190072432
agm003175108,10.94455458718205,1.9555071590514652
agm003175153,10.807404543144369,1.9164502410531394
agm003175159,15.270412087377332,3.9893781631650516
agm003175299,18.82397177795672,4.63755633694021
agm003175340,12.444959090009156,3.061223380769302
agm003175396,14.011874333946741,0.8382147473539234
agm003175744,13.539090314225977,2.7554207724298285
agm003175983,9.378711770980665,-3.6563394677032695
agm003176023,14.357414115331979,-1.9897255708641133
agm003176050,13.014091855873824,-3.9497202075183635
agm003176375,17.826812027913977,2.4887546240106753
agm003176429,10.457562853090755,-2.7073499291316794
agm003177015,13.092386143534524,-5.668090055579824
agm003177108,13.058126473161634,-7.655870586066584
agm003177125,13.905002999527973,0.9733808933066719
agm003177512,14.250864927143908,0.11448470490680496
agm003177613,8.555842552590807,-0.3572590689558295
agm003177735,18.223032147003448,3.3070820745365612
agm003178092,10.71827631846735,-0.7054883306636603
agm003178223,10.303267057295448,-4.448485487328103
agm003178231,10.455900463089037,-3.747552062229984
agm003178277,12.018648710379134,-4.8775362858312885
agm003178356,10.522287153637832,-4.388812173429445
agm003178363,9.386063775623215,-5.025301438970716
agm003178388,10.068769602253248,-1.5529550114200346
agm003178418,12.052428556144761,-4.611753984681781
agm003178452,9.432335102860177,-4.160314933394035
agm003178453,14.005504104014461,-1.274051374636528
agm003178543,12.061540197260602,-4.9677618979232605
agm003178740,15.188925624503112,3.888888049311488
agm003178742,19.08813091009374,4.419926732280543
agm003178759,18.168953645584562,4.8905997504929655
agm003178769,18.08508565793739,4.855800804601539
agm003178777,18.24659995414862,4.31473896583568
agm003178799,16.215368231727727,3.1413656006151305
agm003178865,17.811689562916943,4.519926210697934
agm003178873,17.81268949883026,2.051083550616326
agm003178994,18.309674167296752,3.6089820198896616
agm003179404,11.78528755362108,2.441568481668427
agm003179411,17.200994560539126,2.391330093182799
agm003179507,19.066747487790213,4.838255112254378
agm003179533,19.406346072815218,4.608248642987035
agm003179686,17.361402748471384,1.403440227970905
agm003179733,15.43801163910446,0.9553672511574973
agm003179877,15.5537319270011,2.327583675299233
agm003179954,19.033167667248012,2.2356569343546093
agm003179975,13.817637077560004,2.7968527513859485
agm003180014,15.677972190351968,2.9462155073375254
agm003180047,15.381773337371191,3.2380366701476735
agm003180051,13.584365312095363,3.0094123108559474
agm003180124,18.00479597470812,3.720414796685972
agm003180126,17.971858028855223,3.7005998827147915
agm003180140,18.083645511966044,3.741888743456351
agm003180241,16.725377404873235,3.8108727626509644
agm003180245,16.691682913323998,3.7931232038804596
agm003180248,11.494964638403834,-5.19610229361972
agm003180281,13.272476522987636,-4.601057389026378
agm003180309,16.285999731796363,-1.4542470806058319
agm003180359,19.205837286348924,4.3118002125571095
agm003180380,11.149687949515961,1.5191879572971532
agm003180557,16.323232995131153,0.3677911128431406
agm003180692,16.547974800335414,0.6663759052113258
agm003181059,10.561149260617212,-1.958478048756516
agm003181167,15.10189979292624,-4.828814824414504
agm003181296,12.700360611084507,-4.410054786702227
agm003181599,18.5021948629829,4.859628828350652
agm003181613,17.941769289148866,3.8360802067611015
agm003181636,18.378827922785298,3.7753831845875006
agm003181930,14.94962067108953,-1.4652722992222325
agm003182104,17.70197911410398,2.2656921776207177
agm003182107,18.023175528561804,2.428839298341587
agm003182213,10.75771962128433,2.313575354406645
agm003182222,9.946280046114538,2.0434558834239933
agm003182302,9.132513222623817,-0.6161861941386109
agm003182306,9.014607977500301,-0.6566374378019519
agm003182397,13.311771097999657,2.3756420144672807
agm003182529,16.498416759405508,0.9442502631213188
agm003182615,15.808487160859771,1.772674957738964
agm003182756,18.4851377571545,3.994180063369896
agm003182983,14.20504525176521,2.3498600674452685
agm003182998,14.58902508490295,0.15773219767262425
agm003183030,10.606414983845337,-4.038720662156964
agm003183150,13.57956725934748,-7.056669775700338
agm003183192,12.25388427132512,-4.704034060282673
agm003183228,13.19748780783301,-5.763879082189234
agm003183279,13.431828677240981,-5.233557488503845
agm003183311,14.066526180419196,-6.980408330143963
agm003183358,12.17939095098978,-4.911420848926175
agm003183390,13.817214391440983,-7.170002123817991
agm003183866,11.947867650986963,-2.0134530226213863
agm003183914,16.549419615125057,-1.220975327577376
agm003184171,16.147606135909946,-1.9745686455943252
agm003184408,13.54455766531475,-1.5499037984891224
agm003184546,16.783711823571505,0.6350537746132163
agm003184600,17.039959969845533,-1.1123190247628543
agm003184947,11.097134485692475,-4.729430239183111
agm003184991,16.582126048935326,1.5109884827973517
agm003185010,13.01954702802579,-2.397396749465031
agm003185204,18.942796301717838,2.3771253078756374
agm003185206,17.8768150708327,2.0344432411752456
agm003185317,18.41310411276057,3.810589610564274
agm003185648,15.649857334102395,-0.23833516930220622
agm003185701,9.911155695563412,-4.482441057770524
agm003185790,18.609985213018724,-1.5286799282258583
agm003185999,14.58352854173401,1.7801616540119012
agm003186043,15.617950215016712,-0.45358100823667247
agm003186082,12.6063995492836,-1.2755088238238588
agm003186083,12.68223126468558,-4.949134027170443
agm003186089,12.865279649016232,-4.767080644680275
agm003186093,16.880976272430424,0.7823500275727486
agm003186129,13.546582322307463,-3.3137925978758815
agm003186144,14.433755180985939,2.438829160429214
agm003186193,11.954325941785317,-1.680222643788452
agm003186221,13.833409413276003,-2.5733514515955775
agm003186236,17.025275943930332,3.1060965933918574
agm003186250,19.03773174864456,0.11948536111300179
agm003186288,17.18304832960995,0.5877856844867031
agm003186299,11.725222693392334,1.5443389870531479
agm003186361,17.54611688640825,4.370257034957
agm003186370,14.908808608454029,-0.9771151494570427
agm003186381,16.071428325885794,2.9263939141135396
agm003186403,12.949436992601186,1.41002045655532
agm003186415,16.71328097896007,0.6839616022567121
agm003186426,16.804299250434777,0.22317368504895985
agm003186451,11.512195153730557,0.06489063852520927
agm003186487,12.481408430992845,2.1715141408418006
agm003186529,12.869742333657932,-3.576460846147408
agm003186542,14.153714362264907,-5.592565188413349
agm003186577,8.890681396086542,0.3506170728344995
agm003186610,14.107003791671454,-1.1768316848792866
agm003186622,13.314391344079855,-5.010281909225235
agm003186625,12.274015085577389,-2.912833895818424
agm003186633,12.199359295155544,-4.537792864133913
agm003186655,18.456677575883347,-0.3523694835243427
agm003186661,12.946082119473362,-4.164483996483785
agm003186667,12.671740985121588,-3.311017462313113
agm003186690,16.378040747732697,3.267676772829444
agm003186750,16.295521248579934,1.6299397327113336
agm003186761,11.32938261631123,0.33513702002429646
agm003186868,10.897136436205898,1.8820616045593677
agm003186925,11.051592755227576,2.472021631646252
agm003186937,16.37347848728325,-0.26295041159904464
agm003186960,14.95552282677207,0.4493255848920361
agm003186971,18.977203016572854,4.419392464106889
agm003187044,15.528278581353213,-1.0764730848489643
agm003187063,14.726138298868182,-2.9183617432869404
agm003187134,17.807203789086728,0.3647507380062436
agm003187146,13.17155211006176,-5.384070717078842
agm003187151,13.266173162444709,-4.64435294331978
agm003187167,10.672341225555726,0.9893231923083983
agm003187249,15.412415197833717,-1.1616266979711245
agm003187285,15.368518903051864,1.246743656947169
agm003187329,17.612585464986747,1.2982120274942037
agm003187349,17.576717946468065,1.0890916571479217
agm003187409,8.72688756504925,-3.9823264115232186
agm003187415,17.1250193848989,1.8146523187889025
agm003187508,7.0001826129659745,-5.6321767874361965
agm003187607,12.616769235328814,1.7468658752805486
agm003187685,20.412591341380843,3.4243921586495505
agm003187703,16.53415441075001,3.4866650279004974
agm003187707,17.309969284935,0.8311633296966336
agm003187719,17.57782739152723,2.283802912287647
agm003187763,6.341189729756305,-6.579621156294203
agm003187937,13.822547093786792,-0.8445888529009737
agm003187961,19.676403346788682,3.439451767154611
agm003187982,7.799275133081713,-1.70450401226462
agm003187998,19.215711710105282,3.957534527871781
agm003188094,17.926702532432625,4.327494641549018
agm003188136,12.316067853251111,-1.935280403811535
agm003188364,15.100775779808098,0.5522016052522583
agm003188532,12.226506690493192,-4.738627545265662
agm003188638,18.027449784976305,1.9481797520491115
agm003188655,18.31364994555802,3.1813718734987386
agm003188656,16.48405261353423,4.041951861398567
agm003188679,16.566174136138613,3.6493048551627494
agm003188762,18.48097821606654,4.165706832306034
agm003188770,9.982921579546733,-6.754215543255905
agm003188791,16.394726110332858,-0.29443362083300606
agm003188803,16.547248915469027,0.08903813015877216
agm003188821,9.582176429879667,-4.275150861621953
agm003188879,14.258452392671336,2.629840418769949
agm003188976,19.675640636323553,2.7785863788258807
agm003188992,19.261009062365403,2.6190441576287453
agm003189015,14.976873378833679,-0.7376483260572808
agm003189019,18.928394506870823,4.660052922143792
agm003189069,12.509102092788362,-2.9365497183242786
agm003189146,16.799009396933922,3.1739139992174765
agm003189291,13.629889301393657,1.9642758925758468
agm003189302,18.02966629781903,-1.6142002564467992
agm003189312,16.389512393482217,-5.6659761792802374
agm003189319,16.145336157165175,-6.25738774131743
agm003189449,15.508456164037938,2.418855498455552
agm003189489,15.693093988945076,2.003734589642712
agm003189501,15.889200605907007,2.018673102617435
agm003189576,19.11961536967244,5.082646994706048
agm003189628,15.273826149308762,2.3491942494460982
agm003189697,13.269294498972808,3.516339722294889
agm003189708,12.843889016531074,-1.5881382123369283
agm003189742,11.840428247992685,-2.0960754697947577
agm003189747,17.6500670518582,2.954697376048011
agm003189762,12.352074773271955,-1.9557808553919656
agm003189921,15.018570017159474,3.9205342639568794
agm003189933,9.966776685825067,-0.011640776726299151
agm003190060,16.52395267138986,2.2110189474232085
agm003190061,9.577513513807475,-1.4567689499295722
agm003190064,9.570364579614084,-1.4455836665467872
agm003190091,13.04083162140954,-6.7253280960003
agm003190095,17.254958882303093,-0.3933667186305989
agm003190251,12.954522489360057,-3.37153815084561
agm003190252,12.9702900433907,-3.363615317478806
agm003190277,15.211168436475232,1.7645308237749573
agm003190281,13.094617573222918,-0.8183679548232687
agm003190294,16.983771105184363,3.581310403355956
agm003190330,12.540785420098713,2.2871714409833634
agm003190355,12.955141528737009,-4.078686158002417
agm003190401,20.73307625110602,7.047693856498989
agm003190466,10.926076052371043,-6.479446716743086
agm003190541,15.463101029825602,0.6139052327623027
agm003190600,11.836310216214603,-5.452255244502461
agm003190656,17.18748677174443,4.755889653940116
agm003190732,13.022594632209156,-5.16983357593445
agm003190794,14.149375557334892,-7.737815325846925
agm003190817,13.328802954248848,-4.22247064818511
agm003190867,14.501248248376394,-2.1801990905696096
agm003190888,14.634748764620914,-6.83325521694797
agm003190901,13.73156699606282,2.168444434962767
agm003190935,12.756396887196162,1.5217005381309519
agm003190944,13.693468906450482,1.8700912187752632
agm003191014,15.30649304729765,1.0821408808104929
agm003191027,16.339526324544774,3.8098860300836837
agm003191060,18.163041189963483,2.567946922818403
agm003191063,14.182368315217616,0.09049791004413965
agm003191082,17.22318472535571,3.319154013330335
agm003191115,12.564160974231573,2.5592288984956055
agm003191117,13.5115803824931,-0.9383575831062352
agm003191142,17.115978670708586,2.849858458730858
agm003191178,15.379808396506494,0.09198049768424887
agm003191196,15.632339128569937,-0.7864681296917393
agm003191247,16.64521034771547,3.1721838849597326
agm003191253,17.628678761130764,0.16031624033782954
agm003191273,14.350929989920438,-1.4191310996006772
agm003191304,17.85060825750387,2.26067526231592
agm003191305,15.241143663962312,3.2200571171295884
agm003191320,13.774582018795238,2.7390008503381766
agm003191373,16.88441557349279,2.605565711615726
agm003191397,18.883402838036215,2.5309171072222822
agm003191408,13.886607035621633,2.781073611632392
agm003191429,12.59604392323402,0.9461177234480895
agm003191463,19.467509418157462,6.954206424911382
agm003191487,20.077273909878,5.65171612570503
agm003191492,18.106033153111802,5.49278340955719
agm003191506,13.539579730919789,0.6472278795831405
agm003191524,20.165482293753232,6.6519392672081255
agm003191584,18.126786986330764,5.567548691507372
agm003191590,18.276753943635324,3.7982721677531757
agm003191626,8.402687679904513,-2.217450041558275
agm003191702,18.017117949117385,5.593775109740219
agm003191726,16.29942527590903,2.6190795601855763
agm003191737,18.488681104934034,3.5127940043920374
agm003191827,14.492726151743746,3.9328332724884714
agm003191873,14.325737167828704,3.965959936769991
agm003191913,17.066926474930224,-0.22103896513364685
agm003191983,17.23157561601381,1.3256895831972333
agm003192021,16.2674821880181,2.179939344261749
agm003192082,9.45993919537495,-4.896945830322455
agm003192087,12.292687385757656,-5.648340690706423
agm003192128,9.559140324641085,-0.5294321116847991
agm003192150,10.65188477870705,-1.5047171175802352
agm003192155,12.73838589435869,0.3461290256748164
agm003192156,14.706652765484709,-0.7113227163356299
agm003192169,11.939422969192808,-1.6363314730553222
agm003192251,18.305487039246227,4.806756919705106
agm003192263,19.794537499360665,3.576858936273828
agm003192264,19.57605604804028,3.30481285532173
agm003192293,14.145350767342853,2.025696282769373
agm003192310,19.494802277583442,4.631947284242843
agm003192324,18.756685527897712,4.62583243247777
agm003192330,17.543715001911366,4.755904469884173
agm003192338,17.902194315896466,5.2819051304773454
agm003192359,18.932009389104348,3.2624308521997802
agm003192510,11.990020423329302,-4.250145112230803
agm003192524,13.186090488568887,-4.426511642798626
agm003192575,13.387595164391215,-6.361050151143038
agm003192631,18.9850490406242,1.129296173876451
agm003192697,11.425852062928593,-3.7515699393977973
agm003192698,17.223707351578582,2.9592430688733833
agm003192743,16.199544373834144,3.6591364941835005
agm003192777,11.560241287032849,-2.6940621045862683
agm003192811,14.342939384006323,-7.489313713542956
agm003192849,14.955785873101846,-1.2059473014586217
agm003192889,19.75318029135717,4.1305672329717975
agm003192891,19.740080586072505,4.131755339623285
agm003192966,15.22674570226133,-2.9749492673406355
agm003192975,11.28977729661789,-2.8810688059738823
agm003193023,17.64023989448045,3.848069398476669
agm003193081,11.009368218674533,2.5224403407381364
agm003193117,7.541626979382525,-2.3085580347850003
agm003193118,15.021005780905583,0.2965995102950451
agm003193135,12.92652334095846,-2.3961655471142564
agm003193151,15.040914473903674,-0.10409016995549933
agm003193229,19.25309715339953,3.186238331237167
agm003193238,13.544769080131863,-2.4942838126297175
agm003193278,15.291315661869808,3.966839921036608
agm003193321,15.50398797900542,1.906577803957609
agm003193376,14.65766263703548,4.007167858945495
agm003193407,18.843088423433848,4.374922281137697
agm003193456,10.230175876987717,-3.499957750883584
agm003193514,9.357817608467677,-1.9115365137870857
agm003193517,11.93176034048724,-2.67725790950805
agm003193582,19.274592615797495,4.730003269651002
agm003193725,14.611144603745496,-6.683514143013161
agm003193736,11.210502338332843,-2.93303788383542
agm003193789,14.124964856997602,-8.155726885394708
agm003193820,18.075847015369188,0.6274135506838079
agm003193881,9.709965212518991,-0.6437022674995617
agm003193956,8.9167319942475,-5.467554749564716
agm003194017,8.888249504267241,-5.688848831129512
agm003194087,16.582449316297865,3.149818652800866
agm003194151,16.09788876497919,0.027296783705509142
agm003194162,12.47695850067074,-3.542911301099219
agm003194164,14.827378650778993,-0.18697701798603533
agm003194190,8.093677234337788,-5.040223385363545
agm003194196,10.61710493979149,0.2210015954150805
agm003194235,18.60032915511402,3.558314530447388
agm003194237,17.96575203484535,2.871207693751722
agm003194254,12.711169130689148,-0.7239638175069267
agm003194284,9.913332879745722,-3.3913385048761766
agm003194330,15.14760990015784,0.19315758324738752
agm003194355,11.013361646202316,-1.3748646103643267
agm003194360,9.324896365976695,-3.778003968039699
agm003194416,12.390946968713447,-1.9788464830534225
agm003194445,14.766516376279915,-2.6182722758136228
agm003194459,12.71359631104857,-3.1956280002069177
agm003194474,17.742633247801088,2.9421898265063766
agm003194475,19.909628079047906,3.5262758566493497
agm003194490,14.542146627125387,-2.6031843828451775
agm003194502,13.822320222191006,-0.08566526537742405
agm003194527,16.000779987844048,-3.6822199080103566
agm003194528,12.039877243327352,-3.343950627330487
agm003194533,14.26352670517951,-2.3551197159179047
agm003194541,12.754306581782355,-3.390441329262907
agm003194574,14.192210840853885,-2.2453390562421673
agm003194577,14.67053544141362,-3.966619277132952
agm003194618,14.030540888715581,-3.568693433889236
agm003194629,15.522669973703099,1.109820868291822
agm003194643,12.599327848395756,-6.0716288064133135
agm003194648,13.540024425653252,0.26513637606516127
agm003194659,11.879216150240941,-2.703554038119615
agm003194703,17.94117016300357,1.006013711872317
agm003194719,12.50986363620478,-3.0698982752880135
agm003194728,14.021565443879691,-2.229346622783402
agm003194736,12.318298880839189,-3.133925165906343
agm003194761,13.204341569223422,0.061631123526450435
agm003194802,14.099063729420717,0.7885345213376567
agm003194803,14.165254476595692,0.541833774936417
agm003194805,13.762631129367211,-4.771621410055025
agm003194823,13.323345692554156,-3.6529140362875445
agm003194838,14.652892564216577,2.8529606446039146
agm003194908,13.801142157588979,1.2664852697795261
agm003194910,14.902316958090456,0.26684342471698275
agm003194911,14.610178034430026,0.6429912365214001
agm003194932,11.793765123448292,-3.2795673671854098
agm003194937,13.1688885280673,1.0425259084295646
agm003195041,19.538112557774603,3.8892936829150218
agm003195043,18.857927180992256,4.219161094882561
agm003195096,12.620842526890216,-2.9106390906098207
agm003195112,14.436166503566062,-8.016390471964236
agm003195120,15.816997780451066,3.611912954018006
agm003195185,5.405830144384191,-3.5659520517155774
agm003195189,10.817674403934712,-6.695231230274871
agm003195191,15.88084067170378,4.1732593430567935
agm003195229,14.087394288877936,0.3324996250259827
agm003195244,11.275535689379744,-2.981496767300113
agm003195255,13.01087368954383,-1.9231715956774937
agm003195263,12.177057381872343,-0.11825909918364275
agm003195272,15.6726214387347,-1.3681408537166682
agm003195341,16.803993156655686,1.4988074990212272
agm003195374,14.62738031417438,0.6775573386930139
agm003195429,11.992073019784739,-4.078130067325779
agm003195474,19.37735880666921,6.204826587854942
agm003195486,11.125774057193846,-3.8165688613879056
agm003195518,12.473709218548855,1.0977994549216448
agm003195543,17.080250545529353,-0.6450707631535325
agm003195550,11.92632093300295,-1.831223506918245
agm003195569,10.240136709674864,-0.6056806886956091
agm003195581,9.603739891812735,-4.51680479748788
agm003195639,15.126357609888004,0.005210351632329117
agm003195757,18.335697576345332,3.3540130740029745
agm003195785,13.752316773286319,-1.9844699620561155
agm003195806,10.199906053438964,-0.6529176450707462
agm003195808,16.29877534147648,-0.08519709487098719
agm003195854,13.896308321460268,-1.1008661822807984
agm003195889,9.817672988553943,-2.5938130181672086
agm003195924,15.508700301974905,2.7280506740433843
agm003195936,8.117603194169382,-2.6378025713399293
agm003196134,17.638763030301845,-0.7023261202113625
agm003196270,20.879942944172345,6.7436804671108606
agm003196287,8.563004863047135,-1.0614940592625655
agm003196564,16.67905215791253,5.580234710521151
agm003196574,16.216134988439446,5.1690992674372565
agm003196640,14.342119362031156,3.416937869790401
agm003196750,15.699076134528086,3.377465789302802
agm003196919,11.390010489752036,-3.4225512937010065
agm003197214,11.591771150320826,0.1775210420510144
agm003197258,16.358289665180283,0.4600793814971726
agm003197533,19.18865240895769,3.8604602615239307
agm003197750,18.95845537707248,4.957846474726936
agm003197776,17.9188728729519,3.0554638391549944
agm003197988,14.631782864336161,3.598583490130647
agm003197995,19.51990716619103,3.8513937707612533
agm003198025,15.533985187235194,2.034504628634092
agm003198086,12.918894509203872,3.2122568726020457
agm003198314,9.848775137217016,-2.6826976517615275
agm003198417,13.403591502098402,-7.386691377362754
agm003198487,20.187137324549287,4.189116342340275
agm003198546,13.032594725548991,-4.8271640454976446
agm003198641,12.735740479128188,-5.72926338461582
agm003198798,14.047377075645166,-7.843382103574581
agm003199236,15.334976609316746,-0.01077411659614865
agm003199318,11.49191886044821,-3.8754448985518715
agm003199356,16.26310627401805,0.12404779722724928
agm003199428,11.12702243751261,-0.7123212784507077
agm003199459,8.81491149486497,-2.0220596662439676
agm003199596,11.47823223735051,-2.1218190985774927
agm003199601,10.18124943325253,-2.7244299589167156
agm003199672,11.200578662424418,-6.713032249942581
agm003199763,10.843406334867112,-6.19472096606411
agm003199829,14.45830925328319,-2.8902380401388132
agm003199971,15.426446443313722,-5.468032866323242
agm003199986,12.745629054623093,0.8672559772208069
agm003200017,19.62695742245366,6.147556604421318
agm003200166,15.317885320969436,2.762970436430038
agm003200199,15.122307575333515,-1.227619358104579
agm003200254,12.7621025627801,1.7546661783267552
agm003200311,13.429009297814012,-3.0807454200330233
agm003200349,17.359675739664333,2.338979024612216
agm003200391,18.35832769944459,3.7930014715072153
agm003200407,6.713375502921426,-5.928213453938523
agm003200457,17.39950136073455,2.3242034278215336
agm003200486,11.929723121676316,1.255033774046229
agm003200491,16.286506859363296,1.537466077497804
agm003200528,11.218504189342271,-2.767753582982928
agm003200530,13.017369233444606,-5.95682971720495
agm003200763,17.4464603950879,2.717304133091106
agm003200790,9.064550991500901,-4.070423600611716
agm003200870,19.170328753644224,4.361704197777926
agm003200900,17.450890059325243,2.581821224625917
agm003200912,17.007060123802983,2.454871645587082
agm003200982,10.497702319069598,2.288492239809265
agm003200995,12.563662543557422,-5.04751330446544
agm003201024,14.701778111749286,-6.711924951974809
agm003201026,7.88664913848924,-2.219158822096561
agm003201030,14.029243196854134,-7.246132153937907
agm003201085,11.612109071739285,2.1026672495416237
agm003201120,10.637233350076533,-5.946289107730792
agm003201129,18.532140076555105,3.7439331454901414
agm003201191,19.035269048001986,5.04492872611297
agm003201203,14.722707423194615,-0.9085190633384634
agm003201206,15.254410611592263,0.9161903245151475
agm003201221,11.5329831809307,-1.9939862892101772
agm003201277,9.667923364559087,-2.527274487148446
agm003201419,15.441212021353067,-1.69395404119254
agm003201431,14.936192495245363,-5.162764422084138
agm003201441,17.50433289583358,1.5098293274069678
agm003201443,15.506991143830547,0.8124036796932117
agm003201447,13.487502457831424,-3.0169563707364944
agm003201489,9.960845419879156,-4.2103097336340785
agm003201510,14.065937129689692,-1.670901682955284
agm003201602,10.421018420408219,-3.3302133280174377
agm003201613,15.314734182414929,-1.8571232229398043
agm003201674,20.52073384244859,0.8192274654672916
agm003201696,14.421517980295624,2.9095386225959867
agm003201709,15.600579272434409,0.13313131001866965
agm003201765,15.686740581227255,-6.869628958939091
agm003201812,10.476289687403348,-5.803254846043209
agm003201835,12.19964118121037,-1.2047406330418458
agm003201867,16.905429522861024,-0.8338545946923558
agm003201885,17.740513123558003,3.508140113526719
agm003201888,14.453905518057434,-1.2216052679131952
agm003201903,17.225559865213402,3.268722105514005
agm003201928,15.281405622690897,1.9333135862528021
agm003201935,10.95770633752597,-5.710312642435393
agm003202000,15.185458405392923,-3.1466087131569602
agm003202045,12.671600542719197,-5.850830304662658
agm003202067,8.823940772131454,-2.1808139888894478
agm003202102,13.396657741780201,0.29953231911924405
agm003202114,7.1803503156893065,-2.2968450471540627
agm003202136,8.506673559217898,-3.6751989614394476
agm003202143,8.58528854400688,-3.8627585074613506
agm003202173,14.593755325715,0.30918162327328186
agm003202177,10.665900318212328,-2.3753006142411177
agm003202211,13.383539525340993,1.934570309650158
agm003202215,11.067691844828945,-2.3507382394477183
agm003202226,19.446127421983025,6.027590057608072
agm003202245,11.338102194358939,-4.312420540891314
agm003202270,13.51399299773429,-3.8853518956337645
agm003202293,11.607935026110766,-5.054996470710349
agm003202310,15.360913100485604,2.5557621415037395
agm003202337,10.91562003121473,-2.9496341337834235
agm003202338,11.227382492060933,-2.443752312135624
agm003202416,11.715691205346602,0.30128249751702124
agm003202472,11.626280967199248,-0.7027752065256442
agm003202527,14.571213942701243,1.603317042113418
agm003202528,14.913786587144157,-3.6263067184401634
agm003202558,11.437989019292575,-1.3508080474952902
agm003202659,9.136941591641342,-3.99074596224428
agm003202670,8.843148231317265,-3.976408506554341
agm003202684,9.173107045122862,-3.9693919899800867
agm003202686,11.632277575638403,-3.424179314733563
agm003202705,11.848245996861301,-0.2815378749194763
agm003202728,14.59856778604886,-0.9642004320186786
agm003202774,16.01651892625636,3.5233062807383124
agm003202797,11.152420568205436,-2.315724223900041
agm003202838,13.251551974887725,-6.325876802227582
agm003202880,7.805664856363521,-4.77960194822547
agm003202883,14.693191935988812,2.897390733491244
agm003202914,14.134115017139107,0.7390293533505302
agm003202973,12.276961768967709,0.10817960959184585
agm003202976,14.449531691810668,-0.23220338857490871
agm003202979,13.903557720888005,-1.4770535805404073
agm003202988,9.213632969441555,-5.684264832670261
agm003203037,11.515255362441119,-3.862037652584165
agm003203060,15.258864732320637,-1.6403884291574709
agm003203075,16.319750315224614,4.602070121536925
agm003203141,13.136594140514688,-5.967156856773499
agm003203167,15.629099344801277,-5.902287428215927
agm003203198,11.947750188836736,3.109901789644145
agm003203260,10.552439329152298,-6.115014017194447
agm003203268,12.38478190256671,0.7565521041146136
agm003203289,14.015008128278664,1.9314774070628342
agm003203296,14.672429515496143,1.7902129795186077
agm003203314,14.835133831629868,3.657799293235786
agm003203333,18.651700866318418,2.5168424260926074
agm003203401,11.896154231036975,-1.0300114463394656
agm003203422,11.46810464330887,0.058119756703462144
agm003203453,18.79675909434151,4.649804435317204
agm003203459,14.283113482117963,1.8656067191330965
agm003203517,12.249514886673744,-2.071097088166443
agm003203535,10.841477437844746,-2.8542661037520394
agm003203545,18.632186823970166,3.1040333646589624
agm003203574,15.730210800059192,4.8540331651735995
agm003203609,16.254702829949117,3.8271876749070195
agm003203667,12.110147225503086,-6.710872002037544
agm003203692,9.497836104611098,-1.4011136838780551
agm003203763,9.41681907324557,1.88540964733578
agm003203775,17.78485538046106,5.525414898388994
agm003203782,17.37593710226,5.725510847405601
agm003203783,17.35256004652074,5.7080757383183505
agm003203826,12.817258765940027,-4.808078568549348
agm003203869,10.159240911706489,2.225759436141725
agm003203881,12.81571044635185,3.2623973300952045
agm003203915,15.20447973984534,0.258061789075444
agm003203933,18.01960499070547,4.45723369128196
agm003203947,11.886456822184307,-5.335493671731645
agm003203958,12.565939949612803,-3.90944232700804
agm003203970,14.01464679257654,-6.424290391324419
agm003203978,13.950420962405268,-6.917816464321878
agm003203981,13.87056420474664,-6.58651373834777
agm003203987,9.99625902562215,-2.499009298201095
agm003204024,13.143355023236877,-7.384004343587695
agm003204034,12.770166588581139,-5.709349308573292
agm003204049,12.445621502637676,-5.509383949724966
agm003204057,12.89301275045058,-6.453978650323433
agm003204073,19.69624026974925,4.466430099850868
agm003204088,12.528701400615937,-4.606847586191312
agm003204097,13.063961516794672,-6.589478231547073
agm003204105,13.093253548763506,-7.142272332109307
agm003204116,13.272987003911735,-7.403457933059156
agm003204139,12.44258828261161,-3.783265774775335
agm003204152,12.65837418675919,-5.880550093906188
agm003204179,16.07315444889576,-0.19408001347075596
agm003204288,14.209473491868271,-5.642070743724489
agm003204325,7.620822494938889,-0.6489487506768695
agm003204333,16.464777401062708,2.2832902533890387
agm003204349,14.010131410582018,-0.1311890077425121
agm003204377,16.62870437147684,0.3250783052126944
agm003204393,7.915843161644635,-3.7701279764756794
agm003204411,12.171629108920031,3.3669327355872523
agm003204440,11.959225045482869,-5.437425913699059
agm003204447,11.171126309901085,-1.3546838825810426
agm003204457,14.398265873829205,-3.2763657841344416
agm003204461,10.65342518123956,-6.363976970911648
agm003204464,10.775314597655118,-5.686687838247714
agm003204504,14.926456558669104,-1.6088404377975578
agm003204574,13.456431629283841,3.125351110319002
agm003269273,11.654715050610887,-4.293866404599228
agm003269282,13.502582763132438,-3.040656320767102
agm003269292,12.44127005823652,-1.9077982539986877
agm003269558,9.078534054345306,-4.917335591816361
agm003269567,14.005968285105478,-5.339005372990385
agm003269779,13.101446633162691,-0.4269969847710824
agm003269933,15.542650128091168,-1.60800629047938
agm003270005,15.386162594869193,0.3933237623062267
agm003270328,12.384619825624524,-1.2146008727682098
agm003270449,13.517284842830824,0.47574277598050035
agm003272036,12.133881901996581,1.663728706842214
agm003272431,14.400650118201854,-2.459230092990113
agm003272914,16.80797189405168,2.916402867854723
agm003273177,19.37323548833548,3.0719968406017877
agm003273366,14.130371286386989,2.6494355495220336
agm003273558,14.046999862576572,-3.255510015386174
agm003273559,12.197355902652292,-6.954662580599438
agm003273566,13.957637222361958,-6.91809740568753
agm003273952,14.498756141622964,1.1753133655560468
agm003274055,9.172790614227507,-4.320956601298746
agm003274165,9.299035559913131,-2.7554537252060833
agm003274200,9.328195572861524,-2.4780077680349635
agm003277909,16.779875437558907,-0.43092179524408064
agm003277918,15.221269089643084,-3.061419049615975
agm003278376,17.110724444526323,0.33473402728214907
agm003278510,11.862683895628933,0.8946616408062459
agm003283080,12.285152926069001,-3.650783563386064
agm003283089,9.496655779970615,-4.431107926867969
agm003283187,17.288247876479,1.372327408584308
agm003283350,20.215837789793373,4.187468671565895
agm003283364,13.699044901767225,-4.174388873050895
agm003283530,13.29182662291711,2.0845450153121803
agm003283565,13.086662298868125,2.43613735248855
agm003283567,12.899111941501195,2.405652380492554
agm003283572,13.914818648006579,2.6794610649844053
agm003284120,26.23894162188559,6.255485007313521
agm003285094,22.072157864242268,3.6797710169501876
agm003285335,17.02639472166462,3.690452840701646
agm003285387,11.808328122241997,-4.384232563456828
agm003286800,18.70527736505095,2.9385394354819576
agm003286817,17.235504566627032,3.1638226221952395
agm003286854,19.351216876926642,2.7312647207473915
agm003286876,19.04380468476156,2.736418398146148
agm003286877,19.265946648686025,2.798115584247609
agm003286891,18.897064916099254,2.683792776551352
agm003286894,18.88365534892551,2.682679192525453
agm003286964,11.160031559908868,1.4004809104320295
agm003286976,20.55776601764285,8.822991889177537
agm003287023,18.75914570907359,2.5921206719357164
agm003287293,11.493304955699744,-2.149985375049771
agm003287798,16.28456477568331,0.18642620618982236
agm003288006,12.93443814435932,-2.5497586110654398
agm003288066,14.33582850441899,0.45369001007942844
agm003293639,12.882932752195707,-2.6362396657884215
agm003293742,20.105346925232176,1.463272911774646
agm003293743,20.358037869861246,1.6178704604815186
agm003293826,14.237510546205653,-4.944007496540636
agm003293905,19.612163474534597,2.099058201107563
agm003293960,13.566820618565364,-5.892624580002598
agm003294113,11.003526012736208,-5.547891612585637
agm003294514,11.63479861702642,2.3176370208421027
agm003294539,17.126986009723055,1.513573727264652
agm003294563,18.658601779128876,4.425488582774583
agm003294671,18.7443229679502,2.5947240910241915
agm003294685,18.965365846016493,2.696523034959166
agm003294693,18.512263456323108,2.60405106809948
agm003294694,18.652062883015237,2.6094061803080684
agm003294957,20.115690869298984,0.525161827932763
agm003295035,20.225506298059738,2.2361664986135055
agm003295190,15.76504780801635,-0.21212152123376646
agm003295228,13.536522172572885,-1.0806933261889924
agm003295647,13.458460885336239,-3.4550642562351723
agm003295735,9.888398496916583,-3.906649490394461
agm003295855,21.843054449697757,6.4110149124021705
agm003295966,22.667973652500923,1.775896314842079
agm003296157,17.279514413481003,4.072366261296861
agm003297347,12.100677377123276,0.7322509276060771
agm003297458,20.40031368072203,4.076475004105283
agm003297666,19.879528142566446,2.9947476243536846
agm003297787,22.194121577033037,5.284206469030785
agm003297822,23.643076530934675,6.2720218809032175
agm003297826,25.953467834259367,7.194094018574593
agm003297876,17.851514105548258,1.4833763588832014
agm003298008,15.16000592319256,0.3710327306242114
agm003298156,19.683645502567995,2.3248283975960646
agm003298282,20.407044894585855,0.3819419303453017
agm003298293,18.026026753541682,0.7158560430811385
agm003298298,16.62355280999105,1.7079909692772113
agm003298407,14.663074777958442,3.4019214018786386
agm003298440,17.89206345825999,5.782293936807553
agm003298585,18.9403058729118,1.2368766547281744
agm003298719,20.20267950932904,0.2728619277034407
agm003298784,17.7225082087965,5.255070392984741
agm003298924,9.447939555469457,2.206156980694473
agm003298929,15.25710804755007,5.29304874489379
agm003298971,17.777751736812732,6.033068147432488
agm003299062,18.749539983719874,3.0538272200495733
agm003299063,19.478163131094618,3.3024636639169564
agm003299128,20.103859395619413,5.497059426528566
agm003299160,9.761194747909668,-4.587229786256428
agm003299310,17.80185007777504,5.195795527164233
agm003386930,20.981296834856924,4.480649928766998
agm003387149,19.569036029001772,1.7535006044573707
agm003387266,19.799323845882366,1.799653287191512
agm003387325,14.914910081017563,0.8238087839148889
agm003387545,17.472684849474874,2.1415801241835863
agm003387821,14.844725139251938,2.7919463745673085
agm003387971,11.788106286732894,-0.43426609049327214
agm003388465,13.42298363498993,2.0011993570374136
agm003388466,13.21412409296301,1.866372584830824
agm003388799,13.511917553220849,1.2749810151517942
agm003388923,16.85548580612467,4.085502523432411
agm003389113,20.30194960496872,3.410134412705932
agm003389435,20.149599361575916,3.0739551500157987
agm003389460,19.458253981490707,2.8904389428422848
agm003389473,19.070880429813116,2.77181356924308
agm003389518,18.56132141384633,2.654808545449493
agm003389540,15.91319769173231,-1.59085636173389
agm003389908,14.21586257425933,-3.0119477989115753
agm003390159,15.810137006160394,0.8467513593088214
agm003390209,11.721790671657336,-2.942553882001234
agm003390212,14.17287109208822,-3.9217038018307955
agm003391113,16.84998905904623,-3.226336510758604
agm003392121,17.41355754463488,3.92400189068976
agm003392880,19.383202077490175,2.888609035118466
agm003394102,14.497765339487213,0.34245131425464875
agm003394650,13.016968715704627,-1.8916153026300229
agm003395781,13.595663190479371,-3.948482339266037
agm003395811,15.729903787192393,0.8801392071491996
agm003395941,15.50536933259427,1.7584184211487979
agm003396172,15.684624685678537,0.9390182018504702
agm003396353,14.833895758147813,0.34597416966824496
agm003396488,14.28540686373826,0.26968644982153905
agm003396549,14.621018603287819,-1.200008210588822
agm003397256,14.607975732875811,3.2299320307196653
agm003397369,18.321723787454903,3.71038726419061
agm003398650,15.79332732579282,2.7193149951740856
agm003398670,15.558072942647524,3.9246898760257096
agm003398671,14.432067463466385,1.4558206517834171
agm003398688,12.701853673762034,0.3237710705717582
agm003399082,17.576045704511877,2.895732681752037
agm003399587,16.49360812905963,3.234877502967209
agm003399677,16.011671293415823,2.194755165391199
agm003399847,19.216844799494986,3.776917086997641
agm003399934,22.33534208175043,6.134820414391402
agm003400728,10.881154981974564,-0.5136004061265738
agm003401019,14.096960631079995,-2.1862909629722047
agm003404793,16.34043818130436,2.130293436218332
agm003404824,15.945079407037355,1.0559190821105395
agm003406540,20.724670624933957,4.469111008253163
agm003407117,19.106716954287897,3.0628041689949628
agm003407177,15.06102080045387,-1.7988561283370088
agm003407196,20.293827114495283,3.2971959496675085
agm003407271,15.327093159631692,4.7391183667847905
agm003407272,16.804520890963136,5.10867910239728
agm003407353,13.479777041946283,-0.4036634463470861
agm003407402,15.635705650963676,-1.7191166516915566
agm003407453,17.318626333145357,-3.3160306860627444
agm003407462,18.587444989512157,-2.1068166071979193
agm003407498,17.486846404213654,-1.8258380181262681
agm003409592,18.34642146034636,2.587681937042556
agm003409647,17.64923112602133,3.0671344233208466
agm003410047,16.370475772019073,3.611044168005425
agm003410099,18.574022037576324,2.966308922939522
agm003410803,20.547974412108125,1.5146093261507179
agm003410914,20.660175592947613,2.292963463649285
agm003411071,17.21051857795788,3.0393672155173994
agm003411072,17.093375882502464,3.008572273492785
agm003411073,19.29092915705435,3.0622005403884116
agm003411095,18.404330781093545,2.6864285040776075
agm003411119,18.268436775753504,2.8785386430666926
agm003411434,16.396387228582068,-0.5452254161624482
agm003411435,16.499042861274898,0.10900390584671212
agm003411518,17.893409077544714,2.5843252275003294
agm003411522,15.087682459194665,1.3904519969647804
agm003411539,16.28673089866662,-0.7687756126952193
agm003411564,15.048611914287887,0.6215667882656764
agm003411647,16.332307653070927,0.2703113347263771
agm003411733,16.536425706837278,0.7423567919665341
agm003412041,13.986871919906825,-3.0278469345201224
agm003412085,15.20137388230844,1.5388749953274214
agm003412102,14.833043284628479,0.25312498592098837
agm003412166,15.654655764724469,3.860250640068255
agm003412172,18.604414296058696,4.185134809013271
agm003412183,16.6810041938875,3.5018469168221102
agm003412275,15.66434186648403,3.30124661610124
agm003412325,18.6264068202597,4.137680661673127
agm003412331,16.31947359885155,2.97295703429323
agm003412348,16.787900496191856,3.6974603268531148
agm003412402,15.891378965348176,2.4451447350243476
agm003412613,14.310721700100494,2.012137541841673
agm003412623,14.095325643676647,1.9281270113431528
agm003412636,17.92855256297508,2.1028571914295155
agm003412657,15.974217937346355,1.1512090837750872
agm003412800,16.406227470071844,1.640475702739506
agm003412967,16.50497793036755,3.2450584166123826
agm003413000,16.26441123963068,1.3004546863847153
agm003413004,18.24574848333187,2.283979546161367
agm003413034,17.008219651520733,1.3040840738642665
agm003413072,13.54320109609255,0.6733959432204841
agm003413260,17.376038429746263,4.054600440863568
agm003413272,16.520836473037694,2.513759621140625
agm003413372,18.299769165603845,1.90635959520955
agm003413414,16.265575076857992,0.8131835504964471
agm003413514,15.989793983734847,3.9472339863880914
agm003413625,17.58175286501812,3.1911630384633596
agm003413955,13.967006336804658,-5.487460776640589
agm003414109,14.633945414338735,-2.566472981671394
agm003414117,15.413241654288486,-6.392644021776138
agm003414290,12.510963919636723,1.6306112898102711
agm003414555,13.81784412898986,1.0860045036419066
agm003414757,13.695722089713348,1.9415486715972126
agm003414991,14.426730312669696,-6.385010375234653
agm003415039,19.58975608296121,3.2560093306512656
agm003415115,18.307674015768505,2.8908767648396654
agm003415724,14.535866465447663,-1.8270468601432412
agm003415728,17.340347955183358,-4.544855869256192
agm003415757,21.567902665911504,2.5031048850269833
agm003415816,18.113449694255294,2.851972291652926
agm003415819,18.199375772342968,2.8756291423437688
agm003415880,17.793976563501193,2.4007981245276624
agm003415907,20.47434210078696,2.338440829878518
agm003415994,13.176068014676753,-1.364425253807217
agm003416039,14.410202638141598,-1.6271893851410766
agm003416317,16.356925789406514,-0.07259760868948402
agm003416401,14.015643961621278,-2.9340824250477895
agm003416639,14.66429408581662,-0.08643229557630978
agm003416681,18.244481938637033,2.8683408219526534
agm003416724,16.293569964977866,3.043398848091035
agm003416773,18.507433254983987,3.008938639308673
agm003417082,8.276664575952726,-2.278280300365331
agm003417715,14.536600799658059,2.530343034723563
agm003417739,17.282821720465993,3.112099130175951
agm003417774,20.702713842704387,4.695747808401887
agm003417835,18.66140907165101,2.793354759285883
agm003417946,19.886550965821524,2.7686979268588843
agm003417997,19.215059693271687,3.353566833315778
agm003418103,20.04655982853531,1.3516302149404957
agm003418112,18.36708096212077,-0.9155775545982093
agm003418124,18.7668436542413,0.5401963820477876
agm003418475,21.483158263579355,2.876434695741036
agm003418485,22.173658236031258,2.5696436861180687
agm003418514,20.454467870442233,2.204657609783556
agm003418654,18.931932111033287,3.500241109720399
agm003418661,20.141508399513445,4.180988614487627
agm003418672,17.01252774025966,2.249393798705574
agm003418713,15.279766772834309,1.5431435314099673
agm003418715,16.319501578657402,1.9665864796557517
agm003418877,17.4688903588403,2.763717108520801
agm003418896,18.13212595468141,3.604412607192522
agm003419124,16.937913895989357,-3.420109968548099
agm003419268,18.612154834518794,3.4212116158593404
agm003419316,17.80830963438628,3.044974715828855
agm003419499,20.804032253292124,2.0002546633193674
agm003419500,21.341004803811767,2.1344838051098862
agm003419753,18.00983983638964,2.952430352930842
agm003419787,17.59738356324816,2.5454675831683793
agm003419812,19.37685788975807,2.8506217337206095
agm003419828,17.671294464328785,2.3686642054644396
agm003419829,18.06675155323275,2.4820983625563477
agm003420075,14.032621177014667,1.2499463939619104
agm003420140,17.755576267744434,3.4193576620390806
agm003420162,16.612768335758474,2.1103345390662103
agm003420217,16.52359641431928,1.5555998396142343
agm003420288,17.28185115093095,1.2973184776589288
agm003420344,16.286420968885217,-0.01412335396891192
agm003420386,18.36231106765057,3.76640190234448
agm003420389,19.458015707386878,4.046024990091062
agm003420424,17.44830736019401,3.4667108440202825
agm003420441,17.80064300679468,3.5810695839121736
agm003420447,18.266308711899793,3.625185006050535
agm003420448,18.206406106351665,3.6076870985751035
agm003420553,19.274060127120205,4.051910584418451
agm003420777,11.998409354198335,-0.4298920734453393
agm003420849,16.363991538288072,-3.9274278808936303
agm003421030,15.683931374430848,1.2518746132209249
agm003421148,19.67662800932181,4.923462162274586
agm003421173,13.118167011444953,1.1706640242601296
agm003421460,20.798935421198298,3.6332860051876943
agm003421936,16.47922321833803,-0.7322903931768785
agm003421955,16.40507607561403,-0.48823832756496915
agm003422074,16.476163632032005,1.5370794920618458
agm003422083,16.578608744160093,1.5510618922182673
agm003422160,17.827960898426944,2.8822989327855004
agm003422325,18.031046686832784,3.205678841208145
agm003422341,17.270237930465296,2.9822875052411084
agm003422403,13.310537203978432,1.0270809439251434
agm003422744,17.377216085564047,2.295134940355234
agm003422973,17.41846226286115,2.741067506012744
agm003423323,17.29848481500587,0.3763165165517049
agm003423326,16.49564929064481,-0.00418244833329003
agm003423530,17.7562090565518,3.150854222333031
agm003423532,17.965883944756992,3.2074588561389263
agm003423556,17.61852190449977,3.099106233665148
agm003423564,16.06006665393446,-0.27701704655860365
agm003424457,15.584893233437091,3.003462738837
agm003424469,14.169711239666626,1.9470244412516635
agm003424667,20.313114129409467,1.7424693329198722
agm003425374,17.37455489785994,2.7182810292901096
agm003429030,17.00819365290703,0.361004277087142
agm003429160,15.804155024620144,-1.4208214690485004
agm003429178,20.712157551944795,1.6116658190713526
agm003429202,20.139649944046006,1.498795508759083
agm003429263,19.563433588732675,1.2754061408455672
agm003429286,19.769374327932063,1.550696614340615
agm003429318,17.70648779230399,0.15756059080914753
agm003429324,17.859743532948233,0.32075138492455224
agm003429357,16.63600000615662,-0.15809056463154114
agm003429460,18.063934806779645,-2.6659246746137817
agm003429491,14.238583326642667,2.664907563306739
agm003429505,16.227599999878855,-2.698255551674935
agm003429538,13.637198087906219,-2.444878023905149
agm003429542,17.95399494770925,-0.2490152833651488
agm003429545,18.580461634718766,-0.04344087694806594
agm003429618,15.64650444818237,-3.90390083270316
agm003429652,18.495045725335387,-0.7682076662880005
agm003429728,20.337183138876693,2.9494082847071987
agm003429730,21.66234427558673,3.572189609865783
agm003429741,19.95028089158016,2.84964133803881
agm003429786,20.543453054536382,0.6673953785116638
agm003429839,20.65141853040878,0.551347898759469
agm003429904,21.63452359495381,2.231215219391595
agm003429935,20.083859386624137,1.81144306082554
agm003429943,21.501820249977104,1.4928206502939574
agm003429955,19.95889537110685,1.7787960117184565
agm003430049,21.172048096124616,2.6188932771281954
agm003430052,21.085924730558528,2.4464792300092015
agm003430154,10.488932339405787,1.2305925967029836
agm003430159,14.42409968997975,0.19003346385916112
agm003431080,23.59754258028263,5.071423773151246
agm003431683,14.695200334837024,-2.1052054368740767
agm003432245,12.069447989511835,-4.947339561584634
agm003433895,13.424876919432997,-0.12716226677132644
agm003433918,15.078172532057792,-2.0694841253808995
agm003433924,15.085009398050675,-2.076316953229403
agm003433933,15.277901546796748,-1.9747725442317983
agm003433989,16.240356452232824,-1.3806492402925177
agm003434026,17.052772410221248,3.1647472156703134
agm003434028,16.128736179446225,2.903070418815028
agm003434052,16.74409456262929,3.148922124520336
agm003434093,17.307722792168594,3.3538900587526115
agm003434095,17.386937040955903,3.375530990383074
agm003434097,19.306544164660217,4.11448710910938
agm003434145,16.448552286414635,1.8774467513192867
agm003434154,14.565198950469318,1.116589980858467
agm003434157,16.031786680307412,2.1211840765527428
agm003434198,15.522409421049232,2.110515974253607
agm003434223,17.269289157171,2.2531502705490367
agm003434228,16.947720120594727,0.15177508153655062
agm003434233,17.16757891555991,2.1193153038942327
agm003434241,17.31635119485492,2.9504969623861754
agm003434250,16.94809851150543,2.56406421399179
agm003434263,16.91412059980375,2.0295719537419097
agm003434309,16.9707570539785,1.7209830553955634
agm003434331,17.49731143333741,2.5566722199469667
agm003434348,16.548153773819443,2.542704754709702
agm003434350,16.68322794787005,2.5880573486502088
agm003434378,15.22252990532955,3.367806950990024
agm003434383,15.270703023063048,1.876673345829337
agm003434409,15.62268667152321,2.4191714359260543
agm003434444,15.106694035729793,2.2443172231557345
agm003434454,15.726682370441333,2.447900094510077
agm003434455,16.010433520437594,2.547163216149594
agm003434457,15.974869964053624,2.5313669033809987
agm003434495,16.921620582657464,1.1732079473576114
agm003434541,16.250037008374786,4.339624555005911
agm003434585,16.35693820693452,2.4834724616863166
agm003434589,15.478003598435492,3.830243285092465
agm003434591,15.829891870223543,3.8871349808320397
agm003434597,14.865020860521875,-0.814058340105646
agm003434619,16.711354040920735,-0.8396805192955364
agm003434624,15.338260422834523,-1.5350274104248622
agm003434645,18.351291202824772,2.1645304910528353
agm003434695,19.15097674830562,4.222568693772541
agm003434713,17.559331492592076,3.3281500372665818
agm003434719,18.376431730110927,3.349133568239979
agm003434755,14.239616279917007,-1.3976652163872714
agm003435647,15.430012490498926,-2.285870643596922
agm003435683,16.875058258782307,-3.502653552086777
agm003435758,13.231820871382846,-4.375863995373331
agm003435813,10.471143318742604,-3.198322128808258
agm003435889,13.26665117157332,-6.3711010080879165
agm003435922,11.956145205957348,-4.752128104201384
agm003435967,13.272984663342756,-4.005611805786583
agm003435970,11.978434184978346,-4.397995391192788
agm003435985,12.908731684682344,-6.150739670829374
agm003436005,11.487889126126227,-5.260941040723616
agm003436017,12.208184631419195,-5.876210593723798
agm003436059,12.057076007990508,-0.5029214904562664
agm003436070,14.75093112897202,-0.5582881028117003
agm003436109,11.727735260897566,-0.5801650708854614
agm003436117,14.917258006703834,-1.3836354168506677
agm003436160,11.265542625003421,-3.7650706288281253
agm003436188,11.922396718929788,-2.457979036518521
agm003436206,17.500217898071163,0.6195677689299259
agm003436238,13.827727086822025,-3.219177271709682
agm003436239,13.878225591389887,-3.2003559975159486
agm003436293,11.018184410627583,-5.005063620086896
agm003436316,14.671395467522444,-4.281621625873217
agm003436339,13.893502676832197,-1.6031264902157194
agm003436358,16.167033789518765,-0.6270167545881117
agm003436359,14.538912488705508,-4.913729403979734
agm003436363,14.598491147915242,-4.450090259747181
agm003436411,19.46667455401042,4.1283219746693876
agm003436419,17.915350978172228,2.4866058641625037
agm003436452,14.714894102587209,0.3889267514275083
agm003436490,16.88820713571356,1.407010701041975
agm003436510,14.812633411410166,1.1913439087258866
agm003436512,16.667563954589646,1.6370851372235826
agm003436523,16.532404289979265,1.5385143608886296
agm003436526,15.896752648850068,1.8917839133896273
agm003436534,16.179219615223506,1.543564071199264
agm003436554,17.4349737480609,0.7462546675659402
agm003436561,15.939717721760124,-2.691102780736305
agm003436565,15.452531806412907,1.1102415802799257
agm003436600,16.056678751531493,-0.43033796910431005
agm003436670,17.702305927203547,2.753655880741526
agm003436703,15.03470542699167,2.1798434221095815
agm003436704,16.38426876096731,3.7037022552057213
agm003436751,15.16118175428975,0.7211098252364904
agm003436763,18.739614528674363,3.1198971841747607
agm003436787,16.889239525007884,3.2618791134466742
agm003436795,16.013793719090803,2.9869083950531796
agm003436835,16.715194761544836,2.036263126411805
agm003436841,16.603292802965473,2.7875913860688564
agm003436872,16.54832663373681,4.609511690134163
agm003436873,16.752641301498908,4.606730538667073
agm003436893,19.126302886448304,5.361756843147879
agm003436898,18.46373930775418,3.3298075940749605
agm003436908,18.79461016365803,5.8895021531668545
agm003436947,16.621262367554532,3.9552933623483337
agm003436966,17.692626101089886,2.936845994805919
agm003436982,18.061961435521134,3.5637195389207044
agm003437032,17.01453024245248,2.650672887493899
agm003437036,17.21592559027734,2.7050659308325335
agm003437045,17.826578437575055,3.0857665663378255
agm003437065,13.431119380405441,1.748233588189376
agm003437097,13.477672904494488,-0.49059195421779184
agm003437125,10.262864740003513,-1.0088702811613324
agm003437136,15.930903610626679,1.3650314900678395
agm003437157,10.384114990564186,-0.06596678895855845
agm003437160,16.019383511533963,1.7062870331302726
agm003437175,16.59776180631862,1.184071690690521
agm003437182,12.196858983943814,-3.2486351768737296
agm003437184,14.771012377261842,-0.3622883686225471
agm003437211,14.058825548097353,0.15884949970950224
agm003437237,7.46674659783321,-2.646744809865956
agm003437278,12.979957233834183,-3.891015231148973
agm003437319,14.891363743106519,0.7927127877229706
agm003437334,15.621100137542534,1.2545151123183604
agm003437353,15.062903933105337,0.8645278895437093
agm003437360,15.0379542351329,0.8486488209155336
agm003437375,14.429234201265148,0.5840012744388421
agm003437378,14.724394595736214,0.7261210914613218
agm003437414,11.409707149133327,0.6872319740096232
agm003437417,14.756682678597215,0.1767952617241543
agm003437474,17.1640698745171,-0.3231739518156864
agm003437517,16.171887375662887,1.4687947037972215
agm003437627,18.791232776319077,5.230962052480397
agm003437638,16.84652721860243,2.693749776312193
agm003437676,16.134839842069905,1.5242274270084035
agm003437717,16.69655227227852,2.1420381916360838
agm003437730,17.084636273876274,2.2917662708361326
agm003437744,20.547278091689005,3.811602714997567
agm003437752,16.6352899553435,1.9266920166726393
agm003437798,14.609746447200315,1.2313120668265085
agm003437834,14.822272254828915,-1.2782651941690866
agm003437842,9.7199694608559,-2.5101827719738097
agm003437868,14.977857011053745,3.4260702586956757
agm003437873,16.924241013450967,2.2059610934352367
agm003437884,16.544472096846015,1.2083577231621732
agm003437911,11.933232777937846,-2.944363807261236
agm003437913,18.5414925753051,5.073618480687031
agm003437923,13.750957470555813,-1.8216804372175843
agm003437925,14.183941365006858,0.6545884067617068
agm003437927,14.94415066280903,0.37215486175629015
agm003438002,17.8321742808341,2.201679469333301
agm003438035,18.147100463868373,2.3559529638504286
agm003438053,15.336569940090733,3.3437920378814074
agm003438055,17.66677577619726,2.5834310204982764
agm003438096,13.644396781584271,0.12228130772965724
agm003438120,14.09970487086139,1.2374101429546804
agm003438152,16.311836159080425,1.794238400959624
agm003438165,15.814931466155905,4.316482115737013
agm003438169,17.97723676229849,5.485555607377193
agm003438227,17.480536616294867,5.095074248541387
agm003438293,18.819035123405143,3.716258203092314
agm003438354,16.54195624772438,2.5971935282901133
agm003438375,15.520001783806613,2.314217283356688
agm003438377,14.950503831852531,2.1192358028438485
agm003438416,14.753667130131447,-0.3676556181681132
agm003438426,16.501356867473294,0.7387238531213143
agm003438483,15.236470391835459,-4.96698202684002
agm003438492,17.181268870670593,1.5678714061860752
agm003438510,16.95668638451237,2.8440227016883566
agm003438511,17.87119783424194,2.3946330870728567
agm003438513,18.992837979728495,3.3465196390255394
agm003438519,17.45106039157073,1.560945998265615
agm003438520,17.663524278633542,1.215625536428071
agm003438540,15.951806540496046,-1.7329978054286652
agm003438551,19.605785359703116,3.4350807612151706
agm003438570,17.822923204476883,1.5204429405238276
agm003438577,17.129178044773223,-0.006548822849323936
agm003438590,18.374805088499667,1.8571312777077889
agm003438595,16.569323362819453,-0.2561456923711785
agm003438606,18.058981241225872,1.363420221829897
agm003438613,16.456457360550232,-1.7446453536371926
agm003438622,16.095723546277394,5.332294226286323
agm003438640,16.37294305952403,-0.37858902747466416
agm003438642,11.393735947916488,-2.315421465868391
agm003438667,15.54631288921613,2.8440465408786992
agm003438699,14.869868999187657,4.121668521704895
agm003438736,12.582224654075516,-4.337880905401296
agm003438759,11.534356971983913,-2.9567406478640916
agm003438781,15.515003439047922,-4.103416217552182
agm003438788,20.16687768116266,5.866684624435592
agm003438841,17.793320546361638,2.0282570100452175
agm003438845,17.047977904876817,0.29818936722423334
agm003438852,14.411989571700019,-0.788137744084621
agm003438873,14.092814425928688,0.14182197360114182
agm003438929,14.518484589108915,-2.789840803623789
agm003438936,16.895795804491446,1.439313503539737
agm003438952,12.32210136360757,-2.4103150780511267
agm003438972,16.801253000630076,2.5811443941680032
agm003439001,12.485965329004024,-6.7771986762587035
agm003439039,12.282614426029186,-6.495637300554317
agm003439040,14.335766526347925,-7.565524252613123
agm003439073,17.331465853376255,3.071221681211559
agm003439087,20.365374501389656,2.189914961529748
agm003439175,19.621259769766322,2.6499398647387493
agm003439257,15.775486708962434,0.31367438866182457
agm003439279,15.829785028435126,-0.2065931282303417
agm003439294,8.014814009023219,-3.9151150426374417
agm003439321,14.0997179092585,-5.951501040767142
agm003439331,13.755590588515082,-6.029385504930314
agm003439335,13.257209401118878,-0.8051751011284818
agm003439412,17.18706764827431,2.782082929265549
agm003439452,17.084146065138626,2.9329897840819767
agm003439455,16.91117272763857,3.2306160556563572
agm003439468,17.747464238410362,3.479329275697566
agm003439502,17.06424279475949,3.3051314218474306
agm003439518,18.387056399734416,4.12483677143834
agm003439523,18.426897168787335,4.131948912825533
agm003439529,16.286566022117754,2.8921251835433215
agm003439531,16.42915919566952,2.928685356668399
agm003439544,17.29313875616319,2.979021756792323
agm003439571,10.831744507297147,-2.761390579144153
agm003439572,10.256031079602822,-4.421276132898516
agm003439605,15.11569257764945,-0.9800811008237164
agm003439611,14.884623331134328,-2.993750979256104
agm003439636,15.618611023996506,-4.388824227246782
agm003439643,12.786650433064109,-5.116083691100219
agm003439689,17.27345026476532,3.23248445902763
agm003439711,21.656991430136827,4.721712736953948
agm003439713,18.883035085355896,3.1470872673691503
agm003439754,13.730467457496909,-4.193029497926269
agm003439758,14.555502221876381,-5.94904008064223
agm003439780,12.990571323068389,-3.5143565056727106
agm003439797,14.516751412707402,-4.594127590998399
agm003439799,13.892788061786325,-5.5474826267942845
agm003439802,14.765379858480133,-3.7056287556616834
agm003439822,19.154715330525477,5.924846337808359
agm003439826,18.59023795784139,5.104280480528637
agm003439832,17.81551952556583,4.207923000811699
agm003439834,17.935315226291944,4.253676631958627
agm003439873,16.72679546833262,-0.27484118201279867
agm003439917,19.38982345298739,4.7520511013518645
agm003439939,17.944142413331523,2.0993656709498296
agm003439962,17.251142814447594,0.363063350660268
agm003439971,17.296994940949258,0.3649348535257637
agm003439981,17.37645490895559,0.3893000269416902
agm003439989,18.957617031037937,3.120200146730524
agm003597576,16.695554136739233,4.205843255471385
agm003597671,19.813163719970138,1.6354122169797591
agm003597762,19.783953461623273,1.9709975434625875
agm003597944,17.616155312710006,6.601052907436062
agm003597952,20.786907107940056,3.6567405920862526
agm003598041,19.96675122762831,3.7096193790617726
agm003598072,13.257376241814638,1.178712503986129
agm003598411,20.85120116346373,1.7810246254463067
agm003598451,7.367328055934498,-4.741202318608788
agm003598736,18.250645359112262,2.77717898520833
agm003598978,13.444695775593258,2.5597362064268494
agm003599058,12.35247784128655,0.3245427115801718
agm003599079,18.955051035935224,1.6606308359249435
agm003599324,13.513923259258846,-3.34995673832049
agm003599411,16.34392725957205,1.226176247395788
agm003599430,19.47388426850588,2.846495258936482
agm003599634,20.560256328491928,1.994955119745903
agm003599686,15.36593716291727,-0.653357291358116
agm003599856,21.86550364859242,3.6825855089693995
agm003600117,18.785923994453956,4.691508496721068
agm003600197,14.699580169907527,2.6558168777705027
agm003600347,18.288862524276954,3.3604136015059787
agm003600360,15.396169750592106,2.438770975102489
agm003600581,14.365995289270286,2.3315036253915387
agm003600603,14.582436043077722,-0.5929104173331687
agm003600734,18.974044380527374,2.4338053926173004
agm003600834,18.239920203336954,-0.14090863511303908
agm003600851,13.717970989075452,0.5831333364651119
agm003601037,16.2752347370667,-1.5723428103634884
agm003601364,19.610937547077025,1.8369447893621877
agm003601575,19.36823566530305,2.139665644524115
agm003601673,19.015265261049496,0.9642809213161575
agm003601760,16.512329566138494,-0.3208769935928621
agm003601785,15.250370945050228,-0.759506289695223
agm003601817,15.625176371945864,1.4446229848555838
agm003601982,17.671479172652713,4.947907493184477
agm003601997,17.875374351467965,4.842147098379364
agm003602037,20.998543781045292,4.983094674371579
agm003602120,15.983552327971294,0.15912445766957953
agm003602131,17.25992831493284,2.131868462027081
agm003602163,20.497052131190465,4.700952477123432
agm003602176,18.79141150346174,2.042204937192745
agm003602307,17.569728839959566,3.3127576138621664
agm003602403,17.49929155812337,2.19368943739707
agm003602496,18.568265923213282,-0.6600283838391796
agm003602504,10.764206407745503,-0.20957378389590056
agm003602542,15.621542949578897,4.253211506465973
agm003603153,18.983810494407763,2.5279621149891724
agm003603299,14.756214144866734,-0.11304860324829669
agm003603333,16.530032272238554,2.126013146386787
agm003603454,16.38887667314782,2.5114307390821757
agm003603459,11.343123270162083,0.14865499161362253
agm003603616,13.387687991287228,1.1293788142925099
agm003603627,19.86865574045554,5.5039631585356865
agm003603781,10.577923238832105,-2.430660611930174
agm003604308,15.903587688477822,0.07591171756307169
agm003604337,18.470684948382207,-0.12793142002076152
agm003604689,13.307531890310592,-3.192895268244047
agm003604700,13.685703535851012,-2.148214098553271
agm003604955,18.068717123006586,4.443222817275245
agm003604974,17.416195321616136,1.8658826628147043
agm003605123,19.427482027459437,2.411396519029298
agm003605170,17.192964145204048,1.6245652155839814
agm003605234,19.026114565399098,2.153994657186672
agm003605400,8.380054197719529,-4.100373927963517
agm003605486,21.617060072962293,5.239048853405092
agm003605751,14.624366878166674,-4.17144941068016
agm003605771,16.097216419277704,0.16762346013737192
agm003605947,14.632263990880162,1.5590491038435228
agm003605953,16.271316845392988,4.626179054244507
agm003606023,19.404831068384475,2.7176726660848183
agm003606036,23.26728608760037,6.0914651482023805
agm003606155,16.927418693231772,2.51916126285341
agm003606181,17.153342685369264,0.640589625369221
agm003606217,18.061896355690173,4.6197440460735875
agm003606270,17.708887464275783,-1.2335642080369134
agm003606290,11.027009163770652,-3.6031969298070723
agm003606514,20.320454005120855,2.1524382142161804
agm003606651,12.242943715376397,-1.2217302479435428
agm003606654,15.721695228274376,-3.214934359044815
agm003606726,9.29811474422525,-2.4671652809748483
agm003606819,21.18208986475312,3.1928427888025603
agm003606825,15.640475936789317,-0.9145807823900848
agm003606827,21.69050704682704,3.325931039285809
agm003606930,22.507744625904184,4.762097106329072
agm003607006,11.87487160512535,1.02923135861695
agm003607211,15.253539469753164,-3.4033659765586997
agm003607280,13.19174487359542,2.3026937860340038
agm003607386,14.00249126470734,1.6135430970061175
agm003607399,17.45018190591144,3.7884340667426812
agm003607411,14.22880800703809,2.744646029170825
agm003607463,14.435691059138229,-2.0225235978844593
agm003607573,10.078229003280981,-3.8054018737789295
agm003607604,16.766137172718718,0.11793941703198503
agm003607640,20.400075878931546,4.687682886322669
agm003607653,10.882608000701529,0.664744458726417
agm003608020,16.6963968363624,1.0994109866970436
agm003608031,13.621726520308501,0.5513687884232326
agm003608215,15.246457991386732,2.2473962892233703
agm003608326,15.940734473960822,0.32629546546037896
agm003608355,20.276530935082317,2.111949502047306
agm003608452,18.215416323795075,1.3686524048631838
agm003608453,17.926730286762783,0.569728473129763
agm003608569,14.550342447228678,-2.9748545738201706
agm003608646,14.123871596571425,-1.0157304390017359
agm003608723,14.879299003430233,-2.686741891525625
agm003608732,18.22879590750731,1.1683349576940418
agm003608752,18.22511424149301,0.7089658361115833
agm003608987,19.48376277587603,1.8607780498034014
agm003609013,19.28397382867304,5.440310249117927
agm003609059,16.65764750855691,2.8782235892117893
agm003609083,16.91539629326041,1.9425855245300603
agm003609100,15.844714766607106,2.4241860081609325
agm003609129,17.044447576403932,1.2323770212897578
agm003609172,17.970399328534327,4.910111953475326
agm003609182,8.173581470604462,-1.485989024226743
agm003609206,19.93135592973529,1.9421704059607876
agm003609230,16.792588325958814,0.38758422300117407
agm003609347,7.33960528724694,-1.0435836964011858
agm003609362,20.308979706388225,2.915317150121839
agm003609552,15.742708838062349,-0.9544079704598385
agm003609725,18.341518584350876,2.742964537625786
agm003609738,13.314390312510456,1.0554376912309038
agm003610064,15.427920290957497,1.1567553807425057
agm003610090,15.851179780087223,1.8842145716070788
agm003610167,15.283281999817286,2.3587795031631313
agm003610214,19.95762527556224,3.374860624261937
agm003610383,18.270990854814936,-2.064645780090539
agm003610462,18.104098097280183,4.084544209872875
agm003610469,12.164307732872624,-2.960915358023858
agm003610490,14.41360957730823,-1.42314612154218
agm003610544,16.748670021581308,1.0191487457181136
agm003610789,16.182344143597025,1.7181215547349413
agm003610847,13.567137620909108,1.3259134508213244
agm003610871,13.741676456088419,0.7314906526934717
agm003611211,19.172981302222976,2.2248528930493627
agm003611328,10.04017411265268,-2.4136415745458133
agm003611451,19.99700145883269,1.0308991553580509
agm003611469,17.12704101776691,4.694060088973056
agm003611609,15.490149586003533,-4.110351063603814
agm003611676,17.006834870235547,3.8151552961630344
agm003611991,15.424471614573465,0.8426388769861051
agm003612127,18.08445076136617,4.065944182121271
agm003612227,18.049634749351576,1.482590889751168
agm003612385,12.866212459420098,2.8761078300295644
agm003612737,9.233792266060599,-2.276196502468969
agm003612959,10.000797960778915,0.5847730227983812
agm003613000,13.462451416626031,1.6580558299669699
agm003613186,18.18133245282467,2.5130832680712
agm003613262,18.770905228680988,2.6406250478156164
agm003613382,19.252282393136888,2.795655657268836
agm003613817,17.162962110081732,1.4661667835141872
agm003613836,17.61192263285037,-3.6327642696591624
agm003613927,14.820503456401648,1.3876213868139553
agm003613938,17.18284552405268,1.2289877861533425
agm003614060,20.57424060961548,1.8674099002361206
agm003614085,20.80900594782053,2.362354850717969
agm003614136,10.404803097925559,-7.12230967425781
agm003614299,20.241375128560307,2.239402316309012
agm003614450,21.375000835214276,2.7239740779634856
agm003614481,20.613373792741758,2.5589479868134193
agm003614582,20.333873603128303,2.1824748479509557
agm003614584,20.875559301681136,2.3666993862404553
agm003614619,16.11323314702177,-0.2975223840941448
agm003614635,15.647290557036193,0.6065316416239508
agm003614646,19.724234190863573,1.872952455997976
agm003614657,20.912968912182176,4.7385493786774
agm003614659,19.3481588361527,3.676063335760527
agm003614661,19.19763724590505,3.6187897976032604
agm003615495,17.817717773194076,4.399786388107396
agm003615622,20.398914609275877,3.584647587769262
agm003615652,19.051339977910626,0.96910197129698
agm003615697,17.865861265518603,0.37094081821316394
agm003615735,17.69985199963121,-0.34213864813790273
agm003615748,19.490943514172688,1.3191496455377312
agm003615759,17.132772369121415,-1.3315935932838316
agm003615965,18.557306592226126,0.6990410193139915
agm003616088,16.451267007353543,0.05426704657832193
agm003616101,18.087819049876494,0.8269185619758463
agm003616112,16.9812669563261,-0.5243963548905546
agm003616121,16.77076663341508,-2.8222217277323693
agm003616131,16.45607970303822,-0.636420722670807
agm003616164,16.469618113168792,-0.6261656344491762
agm003616168,16.033538376041655,-0.761746632145961
agm003616258,21.14614857806717,2.345555222010228
agm003616273,20.650616209387838,2.2513212778445357
agm003616302,20.512315509772574,3.304921058467456
agm003616355,17.875133128699538,0.26541158295097755
agm003616364,16.25967229937023,-0.7150467298164136
agm003616418,18.098935543051507,0.2663036936162779
agm003616447,18.316093323735583,0.03985142905932637
agm003616450,18.11767215831504,0.28884356977126924
agm003616503,15.354708511522249,-1.5489668982962836
agm003616512,18.75071672137461,-0.6413234068793523
agm003616513,19.9153275775796,1.8028487273368015
agm003616526,16.848492587072695,0.23000018037552472
agm003616555,19.55128514666348,1.8486810138609107
agm003616571,22.28146989629136,2.012075991814929
agm003616574,19.72318041438916,1.9081508275329755
agm003616586,18.450869331668247,-0.7161982950073256
agm003616612,19.94671449753731,1.2817805296395735
agm003616614,22.009798317814145,1.7320811189655627
agm003616622,17.845940397398074,3.960462534363667
agm003616634,18.34901014852154,0.9747679555518465
agm003616638,15.24623226628259,-4.762034149565592
agm003616701,19.095501097896395,-0.6218184228826118
agm003617190,16.409043099515472,0.014536370444374391
agm003617414,13.284518788837863,-0.9093257941182555
agm003617626,15.30734369148995,1.1271439234233007
agm003617946,16.19119723425085,1.6370053135794516
agm003617960,16.255876705113714,1.6623543353851842
agm003618181,14.12190065479396,0.15024691745944185
agm003618386,17.556795985447092,2.357930864224124
agm003618391,17.80059769239419,2.4037262200387177
agm003618795,13.841713528732251,2.476227234966016
agm003619380,15.951499981851507,3.872509902166793
agm003619544,18.323922699081976,0.5949380840458414
agm003620488,18.11958145065708,2.2464551658424643
agm003624031,16.370418563487025,-0.668067268798203
agm003624604,14.843725507108147,0.742713019561763
agm003624949,14.707064570227558,-6.399748012302228
agm003625363,15.024305992954583,-2.0495164180297527
agm003625596,17.278902616750344,2.455266307453372
agm003625623,18.023608971744128,5.911058601193905
agm003625654,12.463463727520871,2.3875212475696754
agm003625681,17.742186801892004,4.651129648080782
agm003625718,18.981960557849682,4.752505856200874
agm003626092,17.603009343805542,0.8904131264876707
agm003626093,18.90670723295702,1.385780521791597
agm003626409,15.096979311871255,1.0559139384033056
agm003626534,13.924073202866703,-0.8363015380884802
agm003626586,15.408663425706576,2.670450366039538
agm003626596,13.512439461367359,-1.2504306989008747
agm003626685,18.034952986261292,1.8408807187166687
agm003626700,18.545018884744565,2.0910076331657477
agm003626832,16.74289523441124,0.19533637714809338
agm003626833,16.681506106997563,0.16717374430345977
agm003626927,14.980094421067882,-3.5368702830544665
agm003627261,19.08653820656496,0.3395487357649749
agm003627348,13.819914091438521,-2.23016902075286
agm003627486,17.75025259746562,3.5991200982464004
agm003627580,14.1508385405748,-1.0115053215390288
agm003627982,18.73087233415183,3.4824413228570616
agm003628011,19.186760330647402,-2.587279009574339
agm003628084,16.37265890783717,0.34331399370519033
agm003628364,14.750047787072605,-0.5076881083806972
agm003629859,17.01689274190195,0.3667569787894891
agm003629868,15.894398652589105,-1.7275768287739295
agm003629887,16.53628099782907,-3.2944515593863795
agm003629904,18.08854406393831,0.9237277106268875
agm003629925,17.782183882176078,-0.4319191124157271
agm003629933,16.406230595636362,-0.8365009880675931
agm003630011,16.24698941292276,0.0178946285238899
agm003630174,15.834487263089194,2.3379796081678945
agm003630188,13.299808105409166,-1.324358946731926
agm003630204,13.614284634749092,-1.8290031739808361
agm003630205,13.680109013770846,-1.8094299339678095
agm003630277,18.570193733768026,1.3186619353170324
agm003630355,17.621418482328206,-0.09534125718860231
agm003630390,14.59586416489426,-0.7452328852557066
agm003630391,14.905184895363309,-0.6041191102099761
agm003630452,19.488390416925945,3.1628810847916826
agm003631616,13.987602174620221,-4.321611718271612
agm003631667,17.827149951124124,1.7333917130204002
agm003633112,14.379201248040934,-4.028017493673786
agm003633255,14.138246223454951,-7.040433262668805
agm003633698,18.395771275986498,2.5574423346790702
agm003634111,16.819002882827174,0.684739218400968
agm003634659,16.060390565437647,2.1067316390812847
agm003635168,19.166657366130863,1.0386452055043707
agm003635677,15.110496468438935,-5.771124078410954
agm003636413,15.55325996548176,-0.47621256097670805
agm003636744,16.978474763068082,0.08093821037096571
agm003636845,16.288362213742513,-0.6578884128634117
agm003636869,18.726240117018676,0.9197169015437394
agm003636984,22.643865356816015,6.426569653450897
agm003637747,18.00297158565024,-0.7056718709946601
agm003711950,15.271979549607858,0.5966580272304789
agm003711959,13.804905904938545,1.9386303782293361
agm003712480,14.47968439696692,1.050811305120329
agm003715837,13.818843736467008,-1.0801175771102982
agm003719819,11.151643751524865,2.695334899955629
agm003719849,13.258287552694018,2.6940435618500245
agm003719877,12.175933644510945,2.4875442703303086
agm003719981,17.377621311446326,3.82798025058948
agm003720872,13.294894582768157,2.057946412379754
agm003721150,16.74334750631815,2.833319221617375
agm003733914,16.997979636161755,3.4473607115239795
agm003734798,9.611677118158914,1.919891099560217
agm003735654,6.794467479400602,-2.625906529022335
agm003736676,17.598284707874477,4.321645039622243
agm003737973,19.31385165175518,2.803717644289776
agm003737993,19.39445660694054,2.82606199424837
agm003738655,9.565290713611278,0.41990357930145034
agm003739979,13.852725260964547,0.522995865977979
agm003740506,16.7469339352717,1.2426701932990138
agm003740605,17.07936977906928,1.4410385087230715
agm003740895,8.968280215210951,0.022449192459893297
agm003741569,16.726166134467288,0.9528152396841177
agm003741571,16.56707050339122,0.864233551402989
agm003741621,15.308712610763358,3.45329716178726
agm003741868,15.700348721642415,2.4632380825519395
agm003742044,17.627462216822657,1.6852280295888669
agm003742311,17.07549974759728,4.474648780394689
agm003742316,19.484282357584938,5.520827035507903
agm003742480,14.215959489389112,0.40433547224826505
agm003742573,14.735850572354458,0.4407363995264853
agm003742583,13.331577052652369,-1.1315704352967455
agm003742654,14.676126348993995,-0.724120364596267
agm003742817,19.067511087942336,3.7588949068285715
agm003749449,16.99313038400235,2.5758497186246365
agm003749944,16.864089599729333,3.680055034936007
agm003750183,14.518261603589133,-7.5270071784306465
agm003750318,18.073142676159495,3.1929027277600426
agm003750492,19.14863547102387,4.32900432887973
agm003750771,21.302672426285074,4.251750120712789
agm003751032,17.117353148636585,3.4243538000853526
agm003751158,15.80013377721584,3.533956669215087
agm003751187,16.309052716048175,4.030289557145739
agm003751514,15.702494838550935,1.8170820425601513
agm003751772,17.52777141006124,0.3405819210557297
agm003755635,14.999700076575294,1.0010710012066777
agm003755654,17.00422668856149,0.790357232347984
agm003848744,16.669269057268462,2.874666201757586
agm003922680,11.78369972055185,-3.1435365505755755
agm004017393,13.314768874637068,-0.03671390733592261
agm004043699,17.075606137199816,3.293797620711352
agm004063661,10.874055312490054,-2.6522315202878723
agm004081835,17.40619398256615,4.478315465472419
agm004095660,10.467975460193513,-5.315993110214186
agm004098850,10.660234286369871,-5.274686819584497
agm004107857,11.990445493470618,-0.4280381807761571
agm004111069,11.328116435780148,-4.52935190436027
agm004115413,11.732820641922531,-4.17631853951295
agm004125178,11.021214827562861,-4.5760837547122675
agm004141992,10.636888250038377,-3.362959521148844
agm004145031,9.609690506324041,-4.778800829869152
agm004158696,18.081445605803747,4.479625792628667
agm004164736,10.50929037022008,-6.113341440034643
agm004171858,19.06136468027387,5.7710365061426385
agm004177081,13.143812798640507,-2.661995034399429
agm004230125,12.022575129225405,-4.30348456138019
agm004234112,11.840617417370309,-3.6369252481514813
agm004258749,15.062442992595736,0.7930090686625171
agm004316581,20.49705534156379,4.346539492796097
agm004326454,13.974432584682942,-7.665104749365671
agm004333120,11.795929101445246,-3.2333613420810057
agm004408849,15.797932039192629,3.34304598617849
agm004421625,15.106804006082974,1.5488748512757438
agm004442358,10.715998021169296,-0.030027869591394918
agm004442524,16.240723714244716,10.428408167967227
agm004458931,21.068102139788447,3.9763165943401093
agm004464908,8.58966264140953,1.6870485073561698
agm004742296,14.55156597241878,-0.3949680927937867
agm004742319,15.015543764629323,-0.5780592287830952
agm004742342,13.865244891426912,-0.4912636066860679
agm004742355,11.873910179890371,0.42335289885166577
agm004742409,14.403501584516242,0.7339189323913597
agm004742456,14.945944952980687,0.2148871204695594
agm004742654,13.390950245107115,1.5491781641594742
agm004742678,16.028877350330635,1.6405929058180082
agm004742720,12.274741161470033,0.7876274256854892
agm004742724,13.41514389976296,0.6572348746159195
agm004742747,13.610799398247721,1.2647352317680536
agm004742749,13.3102710795521,1.1239261716285107
agm004742752,15.053009677163475,1.9882428974554103
agm004742761,14.251979417194407,0.9553481234537541
agm004742776,14.043022661606704,0.7490016791743811
agm004742810,15.678728187008623,1.126481701782991
agm004742811,15.028532339487805,1.2948216885752544
agm004742829,14.75297291685687,0.5744441080967432
agm004742859,14.366763025763857,-0.7899577055400252
agm004742880,16.26010767064921,0.23217070473106696
agm004742888,15.248822331139666,-0.2880056644810504
agm004742899,14.762287818647339,-1.9462361665443353
agm004742918,12.311571954072354,-1.1012170787115014
agm004743059,16.14211299338049,-0.6852191350027166
agm004743064,15.126271647362612,-1.1882677207878196
agm004743089,15.940484827478855,-0.3515803963671568
agm004743109,13.241918557930873,0.48800056772101935
agm004743110,14.910839098934753,0.9250882011327507
agm004743195,14.337849223634606,-0.8260761524275692
agm004743221,17.19937354387984,-0.2474770793860266
agm004743223,16.60898176463844,-0.5702043676389502
agm004743225,17.284235352144602,-0.22563818577074812
agm004743293,12.4585558009567,-0.583822471149333
agm004743314,12.49392079084186,-0.3767514943365639
agm004743323,12.389582856810824,-0.3688309174338394
agm004743358,12.233003148327079,-0.3124109105483767
agm004743384,14.674693607080558,0.6777199950326794
agm004743388,12.896351380305648,-1.480314828163405
agm004743452,13.516965074215896,-0.5753865391696144
agm004743459,13.884579327555747,-0.544008248634911
agm004743488,12.565939950045875,-1.030313870757163
agm004743536,13.857525805683318,0.6797391433234997
agm004743553,13.652196381779982,0.5245039101345542
agm004743581,13.335303813255727,0.31636326324883335
agm004743584,13.598228803408437,0.4951093742451847
agm004743598,12.233027184033615,-1.1474775164465072
agm004743614,14.986182317922106,-0.6323179772787361
agm004743616,15.258679164235616,-0.4557704879445943
agm004743631,14.90699758347022,-0.6663148804503104
agm004743637,14.712004759799564,-0.7281051346158804
agm004743638,13.395712324232484,0.2834968829143669
agm004743665,13.66730944860067,-0.9082939777561231
agm004743728,14.148644936787676,0.448110713060536
agm004743742,14.57832947889134,-1.2718169955704866
agm004743743,14.345264326974538,-1.3624443825084835
agm004743750,13.547778828872842,-2.293029322767333
agm004743818,14.82212027842629,2.7877326619969534
agm004743836,18.58523695100443,4.366997167756122
agm004743870,14.184132430176946,1.9129545368077416
agm004743886,15.899722041611478,2.554978908709959
agm004743909,12.612102574680312,3.168633099985558
agm004743918,14.813874046209447,4.0828623225132565
agm004743943,16.46476585062101,3.5739168304101265
agm004743945,18.86815978133043,4.552501164274665
agm004743960,18.683584607351904,4.88097941189703
agm004744039,18.239339292510063,2.363712144950135
agm004744052,14.810806755895989,2.902704288281905
agm004744056,14.300799421609186,1.309954694038284
agm004744057,16.56144846518733,2.589719931595613
agm004744087,15.388165064008604,2.3635511096697694
agm004744117,16.859003261370788,2.3600652642819386
agm004744118,15.924827035841824,1.8237572919118612
agm004744177,14.775173122367498,-0.5369825500019859
agm004744180,12.860041792043097,-0.4033279705031087
agm004744240,12.717985645168879,0.7455472155339837
agm004744260,14.076893140546474,0.7248793779536248
agm004744266,13.476064343238201,0.4725958573713213
agm004744321,16.538927691478218,1.5665832379858255
agm004744324,16.249162433538974,1.4783986085627407
agm004744329,15.804612966817672,1.7609236036076539
agm004744477,18.776831720924232,4.646438348937075
agm004744478,20.93287068447776,5.336017726048818
agm004744495,12.186048623186322,1.6624415024155113
agm004744496,12.960337450065168,1.8780192085628375
agm004744547,13.582271728573971,1.3833822534682394
agm004744576,17.203999558921367,2.28925825812181
agm004744577,15.765639059745952,0.22310791833766785
agm004744579,12.313198094661317,2.7074767719759723
agm004744599,16.99839106167739,2.4887542771089612
agm004744639,10.065089426538584,-0.3449256919949188
agm004744690,15.779522610725017,-0.40416451447099
agm004744750,17.00270563494588,1.1012193840722684
agm004744798,13.715295919463356,-1.715915127953498
agm004744857,13.262558458474025,-1.8758642409137618
agm004744886,14.324426319193856,1.7749512327418848
agm004744899,14.571815399262789,1.7219901926889332
agm004744900,14.636868925508997,1.7581781083384562
agm004744927,14.25111389820458,1.4885561173146382
agm004744964,13.694255627846184,2.092744314635802
agm004744965,13.514856999283667,2.0218175081449097
agm004745051,14.422152352893567,-1.4621220020878063
agm004745099,14.786795034858583,1.5338408917585458
agm004745106,15.322547683957495,1.132469186077356
agm004745129,15.233012130524118,1.0974342257110916
agm004745141,16.383856797197698,3.9836719707415615
agm004745147,17.075665170771277,4.641245160207079
agm004745166,19.41526216406576,4.936680715598455
agm004745175,12.416719522412398,1.2557719365836053
agm004745188,15.657974982983786,2.588329797422259
agm004745214,14.490051901890018,3.2431447256344073
agm004745228,14.109923807873718,1.1766095831034142
agm004745267,16.36098691917616,2.4665358858065196
agm004745279,16.419271322961695,2.659554341799229
agm004745296,17.173114958471047,3.1494665942293936
agm004745329,14.609128696101628,1.6998867658996488
agm004745345,15.552351286224004,1.5975561963610918
agm004745359,14.291245162029059,1.4226648649006954
agm004745363,14.283507982311269,1.5366468671100957
agm004745365,14.567502848362365,1.6714020138541337
agm004745387,14.45205860828869,1.76195239516738
agm004745440,13.444761481844852,1.2351757244407822
agm004745453,13.326441532164557,-0.016326384818681206
agm004745476,13.711358029005185,1.7907108915920162
agm004745480,15.792147159177174,2.0654814867211972
agm004745508,14.286607036244595,1.0340472638370606
agm004745517,15.726423026674375,2.424544261156616
agm004745548,14.757544668195507,1.2141084747764097
agm004745552,15.358874930118015,1.4082605517211448
agm004745638,15.474789505494321,3.3463970849420064
agm004745671,15.668618438898704,2.4111243074935746
agm004745698,15.350460491189681,3.5914201438508027
agm004745714,13.586956369483746,3.6016662033413964
agm004745728,13.596984630071708,3.0067189569666826
agm004745749,13.653280310679873,0.538766458542988
agm004745752,13.733540701537647,0.56256221804771
agm004745754,14.160780319156075,1.1956087038251944
agm004745771,13.98986743489904,-0.03698990220499413
agm004745784,15.793919169395016,4.024802934858686
agm004745808,14.435167031790257,3.282382948388413
agm004745902,16.97467841428247,0.060967509569719525
agm004745914,16.629977903687113,-0.16734054590762723
agm004745938,15.535681085075403,-1.3965581108834542
agm004745961,14.646474593653394,3.941645155601364
agm004745981,20.791020204853705,4.933955864911202
agm004746043,14.102852569603165,0.1393114230470823
agm004746047,15.739962829443343,-0.15211666269928456
agm004746058,13.994753629888955,-2.2014978318116714
agm004746077,15.429870479872333,-0.9658516885160395
agm004746095,14.19810004221803,-2.8101861582527845
agm004746120,17.001249969597925,3.6378528650267525
agm004746149,16.552437179723494,2.625980085207294
agm004746151,18.54007338180695,4.371897693433689
agm004746187,13.866165898740851,-2.2090411268577004
agm004746198,13.708671547438124,-3.9515429940097206
agm004747161,12.717482806194722,-2.218900009173364
agm004747467,13.320025538118673,-3.1997645620015436
agm004748104,11.351099401903868,-3.691563487405764
agm004748135,13.249673329648092,-3.819140134113711
agm004748400,10.794311132252995,-3.3949795330421417
agm004748409,10.792242771534958,-4.019516848101342
agm004748414,10.839509262139373,-4.009634961755236
agm004748859,13.686845647848251,-1.9981168185315046
agm004748883,13.274108582552442,-1.3729298458247285
agm004748940,11.429690199792901,-3.059212902732497
agm004749022,11.185494488729459,-2.96295856309167
agm004749194,13.536421356812967,-1.237720561628701
agm004749906,9.419185952563312,-3.4120384072704986
agm004749907,9.477299353706359,-3.39983258799139
agm004749940,13.271768303883434,-2.8919122442084757
agm004751511,15.764839622146454,-0.6209233556598571
agm004751518,16.00729031825769,-0.4997619139721146
agm004751521,16.030647575291365,-1.2664887497441732
agm004751544,13.723130965589789,-1.330323080564882
agm004751553,14.525024676960014,0.07072897026645404
agm004751563,15.180036873683727,1.957309889442783
agm004751568,15.475623716504407,1.0817465648408937
agm004751574,12.819383329591508,-1.1586471193905925
agm004751601,15.347937725238296,-0.0018445505822128894
agm004751639,16.685220718286242,1.3136619818820037
agm004751652,14.056967683457847,-0.22546022893798914
agm004751659,14.884757385458522,1.908991280002627
agm004751669,16.204903015505348,2.3588054110916854
agm004751672,15.933396817711788,2.251953243193766
agm004751701,15.921757765391655,1.3744733370957871
agm004751714,16.925729920078705,1.7098316335257973
agm004751735,15.31340678321458,-0.8863613241900019
agm004751756,16.23894069355472,0.013121658950331868
agm004751841,13.648604383543317,-1.3677443328274677
agm004751844,16.212669468250972,-0.955809723587158
agm004751868,12.8962020037738,-2.020707590542625
agm004751871,13.128574593769608,-1.9716800784682693
agm004751926,14.17925926640378,-0.8374504590501708
agm004752045,14.362514176130531,1.0131647784099507
agm004752053,16.03476013577796,2.614175700310071
agm004752092,14.499102453711847,-0.46886948301306103
agm004752146,14.39773289836085,0.058882137994813157
agm004752200,15.395296208679136,-0.17220955469149027
agm004752204,15.508592106942762,-0.11490800374122578
agm004752210,16.23392216760608,0.24826700225017953
agm004752231,14.466999423849915,1.5585462093448055
agm004752271,15.142895900600074,1.0595236026287633
agm004752281,14.809995010235866,0.9958810046514728
agm004752398,17.66810762490459,0.21528078051268906
agm004752442,13.4468472064234,-1.7088958655992468
agm004752460,13.79725137664675,-1.2196961156305643
agm004752468,14.4916458230408,-1.3205471258009613
agm004752469,13.73671667919436,-1.133929382128592
agm004752495,13.841402294415396,-1.8969482001414413
agm004752562,15.53807682443621,0.2624880330023718
agm004752599,13.112202774627624,-2.6264411666935916
agm004752603,13.982805829628324,0.2800643982054692
agm004752646,14.583255797759536,0.20474365729147515
agm004752671,13.395841529906766,-2.6901041907347225
agm004752672,13.696798595134213,-2.0242599392499443
agm004752729,14.947018112752756,1.4204610053631377
agm004752759,13.305027194156954,1.6092958711400296
agm004752802,16.153646193697323,1.307024375771802
agm004752908,15.339546359973859,1.914660041979688
agm004752918,16.806697634186715,3.2099354152825836
agm004752994,17.926491371069,5.589011028435899
agm004752997,15.584657044616186,0.9749577734908043
agm004753037,17.442049520279095,2.597082939252015
agm004753055,19.133692893565772,2.943069595950879
agm004753091,18.15291455392766,3.7228320196302938
agm004753135,12.657424158122168,0.7268337462131681
agm004753148,13.367780948675124,-0.25210134970560166
agm004753155,14.86971009288503,1.152593080651976
agm004753188,13.85252570596556,2.0636060509524246
agm004753193,14.89825449873666,2.656048297282999
agm004753201,15.500087692787806,1.1944144101311445
agm004753227,15.222585222048417,1.4729602905895962
agm004753269,17.676789918232874,2.7477424067051595
agm004753309,13.868589007472261,-0.08717528952275148
agm004753323,13.824558697697851,-0.08774073996378758
agm004753342,13.2926852976452,-0.3047939978366217
agm004753400,15.00555935954017,-0.6316807546796799
agm004753405,14.934149996834783,-2.2835895951070158
agm004753505,13.386496114145297,-2.640500549452495
agm004753522,14.489152764924578,2.7730938544828105
agm004753546,14.211009514110073,1.4177592606332894
agm004753554,12.553518904793755,1.5938113568432997
agm004753568,12.953760690110512,2.4333159682161374
agm004753587,14.580819008447136,2.4976339812368664
agm004753599,15.372194538574476,2.833131652964786
agm004753618,15.635043673592818,2.274522860000326
agm004753624,15.764318532693038,2.3297460741631233
agm004753664,15.520502091210489,0.39421391816752954
agm004753665,14.669102286144605,0.5175799495712651
agm004753706,16.463183625071387,2.1773266681508283
agm004753729,15.83342440175778,1.2548710508632084
agm004753773,15.404354734304624,-0.0041725230794913415
agm004753795,16.47845646346349,-0.2573887890685415
agm004753833,15.929619847303528,-0.5212244978092203
agm004753858,14.242478262905905,-1.0534079819468076
agm004753944,14.096552253323686,1.3904787048816385
agm004753945,13.888911682562089,1.3243475317788906
agm004753949,14.628214655126312,1.1314096985498943
agm004753979,15.916396778676194,0.07195960902131837
agm004754008,15.558375043099405,-0.11191342426810102
agm004754024,15.865056212897718,2.1049735045305766
agm004754040,15.41673499614118,0.7297529017405301
agm004754044,15.002429371418573,1.0011267469774978
agm004754051,16.130705228781004,3.4161615139747497
agm004754065,17.5912056350051,1.106347004414296
agm004754089,16.81217973173186,0.688971364937118
agm004754092,19.414460135684845,5.401389844972818
agm004754109,19.081871259513868,4.961374728690662
agm004754112,13.365406838102565,2.372807041917927
agm004754141,15.247788758118825,2.4303342036554643
agm004754166,14.050214378364686,1.3192830705442216
agm004754170,15.487906469111222,3.522104181112386
agm004754224,16.561358756454197,4.189993201418339
agm004754241,16.658983997347107,1.6333263943687697
agm004754242,15.749551667844875,2.700156135781047
agm004754253,17.5994333166114,1.8654575034992504
agm004754266,17.105109933965352,4.111173124912811
agm004754297,18.422402616881488,2.390029134053863
agm004754308,17.168847195179698,0.8486577886262955
agm004754383,17.340988987062623,4.47762050310694
agm004754404,15.10849432107571,-4.320180613838716
agm004754441,15.333164964629809,-0.7047020403528533
agm004754442,15.664683469840796,-2.3010322988103855
agm004754566,15.943046807760455,-1.2153222368651697
agm004754662,13.11007180038051,-4.860359034675138
agm004754680,13.374082953792113,-4.277878623904602
agm004757599,11.655471347612256,-2.517602703424076
agm004757600,11.491032242130858,-2.738217012731104
agm004757908,10.524079742243094,-4.456487512078499
agm004988168,15.373206764040717,-2.0533790986652973
agm004988194,15.453515545579029,-1.990938769334798
agm004988372,16.02633239555809,0.09576818049051923
agm004988429,13.292076876081348,0.9170186667714674
agm004988762,15.967289296039942,-0.5351149971232516
agm004988771,16.442710631476892,0.016582182308376048
agm004988788,18.19269813072581,0.37371306096880585
agm004988836,21.354353959429282,4.976989045917091
agm004989171,14.334206105660972,-0.7926376813685024
agm004989576,18.251070865478585,1.189669550672034
agm004992385,20.604045479895216,4.841820521658141
agm004992909,15.161243055254891,-0.8192687518580982
agm004992935,15.527144870988892,-0.6895348843966282
agm004992944,14.514153974263158,-1.7210205445569173
agm004992965,16.042722947714225,-0.4211412665992526
agm004992977,15.224429550821934,-1.2026381763286338
agm004992989,15.399692007036453,-0.6777148701438221
agm004993019,15.18865735220595,-0.24572395119256854
agm004993073,14.776312107708469,-1.7570266393079343
agm004993105,14.365346665936642,-1.0594327672164923
agm004993127,15.986292064667634,-0.8976962808538133
agm004993144,13.850505544540457,-0.8757035465600473
agm004993164,15.899255763843794,-1.5703858230733494
agm004993168,16.084632688222293,-1.4934393861787072
agm004993181,13.739568694971968,-1.787438319733581
agm004993182,13.889843043157814,-1.745337602826242
agm004993224,13.802195291462874,-1.9168118664432725
agm004993254,16.62159102797138,-0.563669228374539
agm004999390,14.741759403348809,-2.591347135355528
agm004999569,16.13636041331727,-1.2960594027373347
agm004999645,15.129594699389099,-3.5607490493923977
agm004999679,15.810247287408142,-2.7327113712269124
agm005002905,15.491679217406102,2.6734141080934024
agm005002938,15.91010291601518,1.4576716243949086
agm005002944,14.196270747329063,2.401088234502685
agm005003108,17.549281566192896,4.154381403112395
agm005003220,18.407408855818908,3.9376947164812983
agm005003278,16.09433563436375,1.549064678349378
agm005003298,15.275735009716055,0.5416605042696461
agm005003353,14.107924239495109,1.218236009394154
agm005003477,18.10764515876915,4.117360545623753
agm005003522,15.793208392277426,3.1392150127320604
agm005003530,16.165812943565165,3.716491231490899
agm005003546,16.47427159985111,2.409994818336724
agm005003642,17.837747104655158,4.705169874806468
agm005003660,16.627779151923793,4.182390351200264
agm005003670,16.213182555129606,4.328753277313796
agm005003682,16.836228385409676,4.3850988341772945
agm005003692,17.188161149608018,3.7060139224032644
agm005003712,17.834370918080566,4.836015940468725
agm005003778,16.499978354495948,4.150363323414196
agm005003800,18.063470543719628,5.506262472801486
agm005003905,19.497805104231684,4.157227716446843
agm005004111,13.329022835854365,1.5256229119579843
agm005004154,13.627825056147032,2.30363852060671
agm005004173,14.236491177624643,1.830055448912964
agm005004177,15.224718125915853,1.282389167252432
agm005004243,20.275497115432096,4.5686270961038105
agm005004273,18.746736475753316,4.8020782397215545
agm005004280,14.180431735380887,1.6213600350777653
agm005004304,14.296484589334934,2.135311848164579
agm005004323,13.528327667147863,2.357726339192433
agm005004434,14.377203232676631,0.7426079829484251
agm005004483,16.504494875643932,4.788931594141907
agm005004724,18.199280046399746,4.806848696421765
agm005005506,14.32897235767798,-5.167064203290261
agm005005706,12.510141172130703,-0.8933300347193246
agm005005842,13.971090110765413,-0.7979334369347321
agm005005928,18.22580907316125,4.770648575171078
agm005006342,15.358613848223555,0.2454039076403724
agm005006595,12.502049597209906,-0.4779681011763543
agm005007031,13.484655643893884,-2.0589009794426296
agm005007186,15.042445879877516,-0.18704311816420258
agm005007234,13.568841409153228,-1.891761435059474
agm005009835,17.732799722683794,1.653906409800254
agm005009947,13.233642661381282,-3.2579619836795977
agm005010320,14.939403705170985,-1.889042199680432
agm005010602,14.230579507678238,-0.9537615603754042
agm005010692,15.989486025982325,2.908566284186327
agm005010802,13.79507573029448,-0.793938720781599
agm005010803,14.461156233345474,-0.4896010832431976
agm005010834,15.761804580111,0.4420077323341275
agm005010843,16.69061758461972,0.28943850419122724
agm005010845,17.373475205598996,0.560168332085442
agm005010866,17.08023802615058,0.04994206366096421
agm005010961,17.41620819381944,0.9235114968079557
agm005011012,16.126769918650535,0.4558865278132579
agm005011030,18.323533155095646,0.3039309731053116
agm005011047,13.520848929510993,-0.790488099690954
agm005011101,15.549528502543811,0.16490113545177607
agm005011111,13.171283542793244,-0.5867973525973369
agm005011112,13.05243179778538,-0.6343292730377641
agm005011119,13.739447807016052,0.21790649194421263
agm005011127,15.291801376134666,-0.531414337475254
agm005011136,14.808461186525914,-0.27843710601790833
agm005011176,14.041018148803392,-1.024303971931269
agm005011186,18.143097303567473,1.5589964181841978
agm005011206,18.395015308765718,0.8347779986578935
agm005011212,17.813818314082006,0.648639939157676
agm005011225,17.179235126544757,0.4925176134353464
agm005011276,17.852699996920457,1.0911278856832731
agm005011291,16.470514954982796,0.6510957923637853
agm005011348,17.330814512684768,0.38410015510106704
agm005011349,17.541527841435542,0.46392683536412777
agm005011404,16.510889608870787,0.1112394473292646
agm005011410,15.926157827037489,-0.07443045867985205
agm005011418,18.21108703916415,0.4265961055874044
agm005011423,16.43492179202868,0.5865986812734206
agm005011461,16.60357961600541,0.03228837374619218
agm005011472,15.77507310066459,-0.280731370872261
agm005011479,16.944670365283873,0.16447371329506452
agm005011493,16.420060516289865,-0.06688635662021199
agm005011497,16.493881894185762,-0.04627466389002564
agm005011502,15.628538035709997,-0.3444858127111402
agm005011510,17.619682947068576,0.9859310324766255
agm005011565,13.001710696298455,-2.8374650602464007
agm005011610,12.440513141521844,-3.98945727491393
agm005011616,13.518572883179008,-4.341487933411012
agm005011617,13.289394748341257,-4.438124008270571
agm005011620,12.705832883888311,-3.6771340272334876
agm005011645,11.480951282385854,-4.329684464321271
agm005011651,11.002838200961085,-4.3582886424354745
agm005011654,11.531182152999735,-4.002009893675095
agm005011694,17.063104560722216,0.36188066733923563
agm005011695,17.38161556118021,0.5078087586301514
agm005011739,16.87161545287842,-0.4094857442063294
agm005011777,16.21538970846023,-0.5941120586723351
agm005011779,16.306187702934583,-0.16804712239838154
agm005011815,18.58786147989306,-0.23008903555741397
agm005011878,17.066567536830195,-0.5558157071623213
agm005011897,16.482318405032096,-0.7121224197510401
agm005011914,16.910115851640143,-0.25549912656049045
agm005011934,17.7921160668608,0.15137457044862473
agm005011936,17.356543251092383,-0.047220283824605504
agm005011954,16.70861451743961,-0.6855572774042983
agm005011996,16.800131960734937,-0.7989734767702465
agm005012013,16.237779493923448,-0.4261510165335494
agm005012016,17.333178237226377,0.4030949566292271
agm005012029,16.66095853894992,0.5737762413926859
agm005012043,15.42911066027846,-0.8509894748457001
agm005012047,18.35063898875648,1.6339255304566067
agm005012108,16.84642286018076,0.7811221908590766
agm005012111,17.391660651907877,1.2530658535792647
agm005012126,18.328869225097073,0.4177479477254728
agm005012127,17.42430440640555,0.6232392826612368
agm005012130,16.610496359874375,0.9066942341982986
agm005012142,15.35709163517237,-0.4071554882780937
agm005012204,15.931250541558118,0.20031139464220474
agm005012255,15.112165038072458,-1.4682098269818957
agm005012280,18.994290816956248,0.9026065787881876
agm005012300,17.087570939911195,0.15217288414006233
agm005012301,17.83673396675368,0.462675354607012
agm005012307,18.44800999228628,0.6857352077172898
agm005012330,17.44444934168273,0.2314696107867114
agm005012354,16.557957053392443,-0.1266255167946518
agm005012448,17.4570378869561,-0.10958968246571602
agm005012469,17.004591472688563,-0.28298391150824287
agm005012494,12.1111142349183,-3.526151988897373
agm005012515,12.949714346792527,-3.592958812517529
agm005012524,12.552231333120684,-3.5169035603099887
agm005012533,13.613668345300502,-2.1332694087365374
agm005012556,10.959562602675968,-2.732154230820414
agm005012640,16.60518561815502,1.692565110812734
agm005012658,16.209155637416693,1.56517100216355
agm005012700,16.11508796849501,1.5440598781322095
agm005012738,17.092083674505858,2.0379081326622797
agm005012834,16.03274315114732,0.08924831215371683
agm005012856,13.910125477584174,-1.9263214141515939
agm005012861,17.020558235097724,0.8299617222283991
agm005012864,17.77155639853823,0.41715574449454706
agm005012914,16.82888280734307,0.002479044084104487
agm005012935,16.78464786505213,0.1580019494505258
agm005012965,15.721447342678587,0.21452065092263553
agm005013030,15.268960949111067,0.7011027301118631
agm005013107,17.616646510665106,0.888794317768862
agm005013131,17.605599279241293,0.45342154656547107
agm005013134,17.93507091658872,0.012613628439159896
agm005013143,16.2924932674674,-1.451473117569126
agm005013151,16.843367146672886,0.49318432474211776
agm005013162,16.523557875903965,-1.3524592275828553
agm005013194,16.250739904002412,0.274631661723766
agm005013199,15.885950460969633,0.5199054304239553
agm005013245,11.881896887288768,-6.272565315755257
agm005013254,15.368249077601693,-1.3341293043701803
agm005013261,18.55669756781173,1.1747064989712208
agm005013263,18.878115137980142,1.3179627103561642
agm005013274,17.39965810245518,0.7048162697623013
agm005013280,18.680182409637027,1.2732856593507507
agm005013307,17.930858431602754,0.9130697977357343
agm005013324,18.566867493957336,1.216942783313589
agm005013391,16.87240259907342,0.4171614245770428
agm005013394,17.01344980191807,0.48002683248352584
agm005013395,16.887852568259497,0.42146685222047253
agm005013399,15.312102628098609,-0.8442003665189368
agm005013415,18.06263806483197,0.21971088656422352
agm005013429,18.98236412703803,1.0614085841826522
agm005013430,18.86215922901041,1.002856385952787
agm005013435,18.110552558061684,0.6870075739019867
agm005013479,16.608557932599233,0.052782337562342005
agm005013481,17.181619735937684,0.308626247676483
agm005013516,17.48959030953619,-1.3224884264879002
agm005013519,17.99914554698764,0.606715201448992
agm005013532,17.320891941816434,0.3004665311886683
agm005013553,16.026933232268053,-0.11364094703019276
agm005013593,16.523646986901934,0.22743460960452921
agm005013594,16.527064061468796,0.23134675886932995
agm005013614,17.707264532434912,-0.028430019541584528
agm005013657,17.273945687283742,0.23574404107548333
agm005013691,16.415616153169093,0.8306532109203892
agm005013720,15.37829252596276,-0.8017431290678687
agm005013751,14.42211663379872,-1.1508967040315796
agm005013769,16.74192119911621,1.5267271029726892
agm005013792,17.40483818089745,0.3684407491585439
agm005013814,17.77893624194759,0.5195438802429301
agm005013827,17.201600566447674,0.27704286578361914
agm005013838,20.050357593360438,1.8899355238618298
agm005013863,16.236367426956555,-0.08308277684374729
agm005013930,17.714281511954006,0.996064342455756
agm005013967,16.546783411108827,1.3646166964793096
agm005013985,19.97281572269592,1.7126978213504997
agm005014018,18.371556681736074,0.11214379769018379
agm005014034,17.126216281793187,0.13687604540109888
agm005014035,17.78813762893263,0.3969091969576766
agm005014057,17.115794967584243,0.16127883831103632
agm005014061,18.77214722654264,1.0705654860515288
agm005014077,17.469266662355963,0.11400467911019732
agm005014082,16.645350721330527,-0.20544760275639362
agm005014084,16.524239517838858,-0.24609568599390103
agm005014090,17.020296528396806,-0.37171563787591566
agm005014093,16.247953232935927,-0.2273972764198689
agm005014115,16.61897784152294,-0.09192423862918417
agm005014156,20.14801002916561,2.26855002446752
agm005014179,18.366817260380337,0.3613807592847785
agm005014188,19.249321252676847,1.0020008451179963
agm005014224,17.165539397757435,0.8355545325222188
agm005014239,18.10165016026328,-0.11132576069915316
agm005014246,16.714372153081975,-0.4682022178361798
agm005014264,16.290899451635756,-0.29473936823532015
agm005014275,15.853205375643219,-0.4769941100480203
agm005014293,16.08072810101005,-0.394005598782185
agm005014297,16.382183330317268,-0.25582939427434326
agm005014312,16.998474243797233,0.6453698078418946
agm005014341,16.283720011905462,0.32788392014253065
agm005014768,14.744067171514043,-2.4305897061070296
agm005014772,14.337468989441073,-2.6074797822452807
agm005014780,14.276098340101706,-2.3133118957288232
agm005014784,14.504584666329631,-2.2228250974837978
agm005014785,15.220234132353664,-2.148829284140175
agm005014788,14.176892889984448,-1.8893509038381047
agm005014876,16.299342276037322,-1.4119898238640354
agm005014877,15.26948579591199,-2.135653262629151
agm005014998,12.99816701590332,-2.9854001795554845
agm005015022,14.241971991282492,-1.8704867023992526
agm005015032,14.892600138389724,-3.213461371385983
agm005015035,15.638090428255769,-1.6750138091694189
agm005015060,13.981781254408347,-2.386070763545652
agm005015166,15.113972750000059,-3.219843331551968
agm005015550,13.178153071920752,-5.203261252952335
agm005015568,19.095639026640995,4.470241413590661
agm005015608,14.57425445104469,-3.4464541139668183
agm005015610,13.700543141608884,-3.8115450325166527
agm005015611,14.040084406757703,-3.3564393182704975
agm005015671,14.93649151651879,-2.90865219415788
agm005015674,14.579397489886745,-3.0827771068066534
agm005015734,14.63109136447726,-1.597881747335503
agm005015794,14.146255211626357,0.15666224582275917
agm005015840,14.049454794087643,-1.604121968703815
agm005015941,14.428169422691933,-1.9467563428497088
agm005015960,14.542676351813858,-1.7181424360808797
agm005016055,12.749258828698236,-2.15246964255716
agm005016059,13.896914070378276,-0.6767444952057347
agm005016095,15.022648999569649,1.9215481247838433
agm005016097,15.934319534469154,2.2137744925814538
agm005016133,16.151349284662498,2.1714627232901442
agm005016161,13.309483251442511,-1.6155916806464419
agm005016289,14.037740494626107,-1.5341349833405467
agm005016328,13.431693253689886,0.6529196811975269
agm005016357,14.43526609011764,0.855411050629246
agm005016362,16.217983251259263,1.4739241137619268
agm005016433,12.6472718440891,-1.0965954798297717
agm005016456,13.657639837389391,-1.578249835620762
agm005016479,13.537384329502402,-1.3286467464026095
agm005016502,13.838667336380215,-3.547353740802657
agm005016505,13.777943807660659,-1.7973289965969321
agm005016518,13.605274861820817,-2.0606416165405443
agm005016543,14.818421996281723,0.9093462534367767
agm005016565,12.949173889739,1.398261226493463
agm005016571,14.554918326031238,1.4182379506499672
agm005016593,14.891518139040176,0.3754717456439998
agm005016605,14.805722432614166,2.2528325247186864
agm005016641,14.217768943330418,0.5434158851379045
agm005016651,14.257443460324904,0.21767133631091723
agm005016655,14.085649665252324,-0.6862083194834554
agm005016697,14.526821135234556,1.1872519471970506
agm005016775,13.645163651648065,0.43229299335323434
agm005016843,13.90099299329716,-2.214248342649436
agm005016875,15.036980469557244,-2.118676183041741
agm005016992,14.111027700354999,-0.1924409844544094
agm005017128,13.608504777945967,-1.9915420557400432
agm005017153,13.481608900983034,-1.757245973424593
agm005017199,12.799037564334503,-1.4172884670623027
agm005017208,13.303846033973599,-1.958030849500909
agm005017224,14.320182770520919,-2.222147153015669
agm005017239,13.41253777215545,-2.2306114513227526
agm005017299,14.375066895330601,-2.201047301929413
agm005017300,15.035167614388886,-1.764650561016697
agm005017354,14.097006779141754,-2.133195811783056
agm005017385,15.657023218737695,-1.1127096285053013
agm005017425,15.56691030109721,-1.3557631464330662
agm005017476,13.961351092127085,-2.9342357613672108
agm005017547,16.490065488771126,-2.4318605067769816
agm005017561,16.26186863667809,-3.6263493744758413
agm005017566,16.40902743722278,-3.5958368645407317
agm005017582,16.855728278611164,-3.063105927033946
agm005017628,16.115892292651683,-0.0027887977085342187
agm005017630,13.796932158111968,-3.216495514139394
agm005017690,13.786604261438388,-1.4397346952288224
agm005017717,14.885224460003798,-0.5767944811364835
agm005017738,13.849700240939603,-0.3233982519413175
agm005017786,13.933484362885455,-1.354632723063844
agm005017867,17.837315086010204,2.215333209128997
agm005017948,14.9185860498486,-0.651757598446563
agm005017981,15.454328618574433,0.1736574695705407
agm005018032,15.225476977727258,0.5197819005843719
agm005018052,15.153266870361971,0.23451000567910327
agm005018098,16.961631923352368,0.8334381113292985
agm005018108,16.11813985450714,-0.10229033071147668
agm005018147,17.16448032955256,1.7394735960828442
agm005018163,15.308927522880273,-0.2753426061162266
agm005018193,13.349547340179148,-1.4894926993485313
agm005018212,13.689093866898602,-2.360704465409775
agm005018354,14.52719830428033,-3.6960978311213943
agm005018364,13.28638355019732,-2.662881173152987
agm005018365,13.102659359004889,-2.7495420877114087
agm005018417,13.15708295326545,-3.9133279307833617
agm005018431,11.510154376528492,-2.0771542999325208
agm005018453,12.468393681965454,-1.6516323733193978
agm005018490,12.72605789746456,-1.3864266975278903
agm005018518,13.468307780746983,0.23019853239289317
agm005018519,14.363190786405678,-0.2637726327862794
agm005018528,13.557012069659695,-0.4653673271850508
agm005018532,12.632662399357852,-0.39603082759329383
agm005018574,13.470906898818251,-1.9762531487730761
agm005018585,11.571628217221841,-1.0782254840587306
agm005018633,13.483264841570648,0.3807357097750398
agm005018664,11.777631957411078,-1.1407495169814965
agm005018700,12.746847935515447,-1.7525048600613182
agm005018717,11.356743088574305,-1.7452500004779474
agm005018749,12.77734901318912,-2.327436753334702
agm005018752,12.550254260858509,-2.451738771980716
agm005018778,12.742304290475676,-2.052612853119329
agm005018822,11.85238376541447,-2.628337450085339
agm005018866,14.740474291970722,1.4974016694921495
agm005018870,14.552994685281178,-0.5870689439011862
agm005018888,12.705418600114808,-0.03742872030457391
agm005018897,12.640430817965294,-0.8450171698605196
agm005018914,14.104890666734983,0.7772033225144661
agm005018942,12.746076635687185,0.53850847977194
agm005019007,13.614938113628465,-2.807244483096826
agm005019019,13.218955200944865,-4.80303019873772
agm005019028,14.016837688534409,-3.366577196660733
agm005019043,13.779011590378115,-3.34226935790605
agm005019060,13.50536205060273,-2.5868460615777797
agm005019064,12.799719482567582,-2.874753116835356
agm005019076,13.802643330761722,-3.1030501419088248
agm005019102,13.305970657311358,-3.8943440487687533
agm005019107,12.0698047319393,-3.0969194948634398
agm005019264,13.47612901753222,-1.4955615640441529
agm005019289,13.43956487890605,-1.9847280715946076
agm005019308,14.289375667898721,-0.7572648336626606
agm005019563,12.606875448545892,-2.622145852693547
agm005019652,13.08836998642083,-3.119782852768625
agm005019682,12.670463958294247,-1.8135830251921234
agm005019731,14.313353407335702,-2.441446093222113
agm005019940,10.196304941938976,-4.231895683657701
agm005020055,13.434669469257779,-0.9847711286185572
agm005020060,14.088842337987424,-0.8338695727150786
agm005020129,14.05070436366429,-1.4550248096113294
agm005020210,14.087944010047252,-1.922843156121597
agm005020216,15.097517578407727,-1.4385520425455944
agm005020222,14.692625274385856,-4.115935146637663
agm005020332,12.438158936558791,-3.513439492578157
agm005020333,12.38418323330806,-3.525905475277443
agm005020350,13.812136179403087,-3.3925620220719153
agm005020451,12.337458236850132,-3.441002946937708
agm005020530,18.407533704423138,3.4882894800580315
agm005020603,15.621151654813406,3.3488305695787113
agm005020606,16.30422089731021,3.3125818379141436
agm005020626,21.400543170606717,5.317720589302114
agm005020635,15.22460376347438,2.6789633560813626
agm005020664,16.628915877658887,4.157007523686416
agm005020679,18.411711027986534,5.618850226996172
agm005020689,20.698885864089224,5.423453495658971
agm005020703,19.409388828225545,6.11043885910925
agm005020719,17.859927339267493,2.151985122708279
agm005020765,18.89710265668848,2.560889667988343
agm005020774,17.574346024434153,2.285072896931953
agm005020832,18.976175168796804,4.5369714973900965
agm005020833,21.690314540502925,5.152432318377693
agm005020870,17.855139106745867,2.9508316760599334
agm005020880,17.975529261351728,3.3904574659088724
agm005020942,19.160514833290172,2.4018133967347937
agm005021004,11.730281181651891,-3.4106134307361393
agm005021023,8.657594344270818,-4.668698840012077
agm005021056,10.323586371570729,-4.21864445775377
agm005021061,10.975318668353342,-3.9941053592736147
agm005021088,9.390492368081407,-3.9234289092576575
agm005021138,12.363807191205677,-1.6234294990468285
agm005021149,14.759010651871161,1.7348997074490213
agm005021177,13.505567823272079,0.838774719352952
agm005021178,14.572848747106487,0.4727410656916938
agm005021193,13.231940420492284,1.2061029648657047
agm005021194,13.748809141783894,0.49728476764915114
agm005021245,14.629862308436747,-0.2983515177183591
agm005021246,15.410188904053125,0.11469784037900795
agm005021341,18.306946898228937,3.807279704139782
agm005021366,15.379383860416478,2.491488952010112
agm005021416,17.55655611958681,3.2155390943715902
agm005021526,13.194507123432478,-0.6229397356506865
agm005021730,15.784341515031524,2.5906100941561645
agm005021754,13.490047218876594,1.6188840462900138
agm005021778,13.872519057228583,2.5693628941774405
agm005021790,19.36924378510114,4.572991054649624
agm005021796,13.973523759498963,1.3489609938347216
agm005021801,14.0542580728112,1.365282824190666
agm005021838,16.84605820612221,2.376558356182149
agm005021873,13.068084771943623,1.7016915765667882
agm005021892,15.528249954766688,0.05963276955140131
agm005021903,14.19976621214117,-0.9869005828588122
agm005021925,14.795923108402695,-0.3208131435288323
agm005021959,13.801042385261564,-0.858649245010976
agm005021980,10.037336974752915,-4.914341835676493
agm005022049,17.64015839868115,3.348368167221783
agm005022155,16.22289417630745,2.845905377629547
agm005022156,15.751738213090793,1.0593828525567859
agm005022164,15.335246490229455,1.9188698142544325
agm005022188,18.154086499322666,4.364749790038026
agm005022212,19.416498942206825,3.525864602656649
agm005022249,14.477765677620445,0.1829521591870055
agm005022266,13.988989377732441,1.5352975960553237
agm005022287,15.648799031582604,1.64640402609324
agm005022302,12.249253139008504,-2.706921469314808
agm005022438,12.390715500449573,-1.9764918082170986
agm005022441,11.877846342367935,-2.239325073172361
agm005022452,17.765764893441037,-2.0244976809196493
agm005022471,14.446213825108632,-2.1587742061011
agm005022482,12.612596015795273,-1.5594612510315926
agm005022533,17.031976942933845,-1.7553900319988998
agm005022571,13.805821495999405,-0.44847249911240966
agm005022629,11.849228023981606,-2.4927175889811863
agm005022648,10.89678823889231,-4.184330857493924
agm005022767,11.35906366007976,-2.472884648008898
agm005022768,11.358223011435507,-2.181115896406029
agm005022769,10.965280245835391,-3.8127273013387204
agm005022847,10.522272930602915,-2.6292161634811597
agm005022903,13.770466594891042,-2.9623043579221005
agm005022914,13.272332534687575,-3.1636643130713873
agm005022957,11.817674029972883,-3.296989254535924
agm005022988,12.663539312029915,-3.56842195481521
agm005023014,12.985870716707737,-2.853151279544315
agm005023016,11.576312806294649,-4.86039886898648
agm005023031,13.117667519631976,-2.498912669389481
agm005023038,14.05816495552495,-2.3085116665139083
agm005023116,12.297409807293114,-3.3410071823812046
agm005023150,11.9783062220821,-3.0516511496535337
agm005023171,12.973170644672205,-2.4678118343920374
agm005023214,12.39093316492018,-2.4496054142915895
agm005102633,18.066124652522067,3.0539102988555618
agm005103111,19.230285395217443,2.337383739968449
agm005103356,8.688353381198558,-6.308357359439793
agm005103457,11.761846635374187,-4.079596588849437
agm005103791,14.655271998087374,-2.6318526320237083
agm005104476,13.47160879620471,-1.7054589619191862
agm005104736,17.533598711244753,4.417424686164599
agm005104994,20.81423942607719,2.013641525586337
agm005104998,18.585069533241903,3.4914547321828557
agm005105090,19.411348298118167,4.867484408792224
agm005105125,17.73147860084518,1.1380443100715727
agm005105138,17.654655825901862,4.098530280587962
agm005105696,20.51064111628595,3.6110317553801554
agm005105977,16.327011852548893,-0.16218470790946338
agm005106039,19.631331641295098,3.1984167520007976
agm005107226,18.643011227768437,0.2615567951428295
agm005107333,14.732796815295226,-1.9849306915411278
agm005107365,16.488443332252494,-1.021650303719258
agm005107375,16.601525113259964,-0.9879943762539583
agm005107384,17.744099479955228,0.2505249421632936
agm005107809,17.711681248460085,1.3603492423658174
agm005108480,18.760538296376133,2.2120229041766857
agm005108495,19.03516349167667,1.8437638844230078
agm005108533,18.77987168849982,2.200382650495178
agm005108536,18.924838023709356,2.2335784175053544
agm005108551,19.544972940286055,2.4374260606634897
agm005108594,18.831491307576496,1.7917775398137454
agm005108603,18.621520399292557,1.7130576423093675
agm005108696,18.737194497818724,2.1795789954491305
agm005108933,14.41412830174682,3.209456207430998
agm005109074,17.327267254333393,5.305585246313764
agm005109574,17.94369627039569,4.092945541641709
agm005110902,18.686641654815443,0.4614706740960015
agm005110957,19.017400711142642,1.2585558493989648
agm005111107,19.824264786813984,2.6801428698799077
agm005111294,16.156138545235535,0.8288386434780666
agm005111652,20.31224524057518,2.9647132802416154
agm005111958,18.96784711759311,0.8848298038453795
agm005111997,18.44341478772812,0.7510111524278154
agm005112021,17.80459124256008,0.5803122078204739
agm005112064,17.312126692424798,0.39799299095252305
agm005112897,7.644158256170083,-2.127226967409405
agm005113261,10.196925031160557,-5.817730840295582
agm005113561,19.563161411519182,1.0822714522788628
agm005113901,15.1866276651604,0.21982438836247553
agm005114220,15.532422065664402,0.6005230436141487
agm005114252,18.155219281550433,1.5408522240093108
agm005114516,15.253187574561906,-0.029858781115589927
agm005114634,15.748343527312425,-0.7645582441648706
agm005114810,18.224519459704197,-1.1170744000306296
agm005114840,20.576779392953593,4.046278221028648
agm005114841,21.621885149931195,4.681447735246731
agm005114971,16.399138680512248,-0.5057497803973465
agm005115022,15.49228562355187,1.2517027940963636
agm005115237,22.655362338511193,5.534072853402642
agm005115345,17.99775079607083,4.411475408544845
agm005115348,19.631334400041254,3.2511069268263135
agm005115379,19.287941726216356,-0.017190549464246807
agm005115532,16.690476275148395,1.8430492664236784
agm005115538,19.95422846893068,3.7269049967063665
agm005115783,19.971041393818236,2.0835079274227857
agm005115874,13.047299153785843,1.4304287608048751
agm005116301,20.251465090925798,2.476311025984133
agm005116726,13.008094744650366,0.3418152046085172
agm005117055,12.14785956730643,-5.44814605253055
agm005117060,13.504725899084502,-3.3500354450237584
agm005117763,12.246197597933996,-4.99873882873869
agm005117918,15.624209928330412,-0.5311095839002737
agm005117929,14.08066355258103,-1.1513885541546633
agm005117992,15.347929665468007,-0.7536371125306003
agm005118198,18.817883700132157,0.8244915413181175
agm005118214,18.65316048530151,4.213723057388583
agm005119253,20.549945745311813,2.1306648995121114
agm005119771,17.99941868165097,5.1516027719981174
agm005120135,15.977085901048227,4.132762775122451
agm005120742,17.696294149613184,2.249756691390343
agm005121731,13.734002442778028,-3.254420275844333
agm005122678,16.527491577930604,3.800303299242432
agm005122846,20.22717612429011,4.384113659310871
agm005124254,19.909558823056706,5.545822663010779
agm005124320,18.55739860637931,4.357052560905739
agm005124330,17.67229561549796,0.1762282525177543
agm005124997,18.988676872764916,1.3223543337495638
agm005125012,18.131256922411158,0.7044084959371251
agm005125013,17.643415362661695,0.5892373002807192
agm005125151,19.376524080173063,4.853554257647642
agm005125414,16.89629254955949,1.821640951071478
agm005126354,16.096024853707384,2.5585615783460662
agm005126580,15.226952474858203,-5.303514232401498
agm005127450,18.85087578110059,3.529627275998081
agm005128234,19.790468842447723,2.174398212141175
agm005128242,18.938015317681863,2.6862812445786144
agm005128258,18.896018302969964,2.68636837596115
agm005128326,20.02164833755058,3.3645661004252654
agm005128344,19.35711341762941,2.0863469022163894
agm005128617,19.689561156995698,2.9286430073073637
agm005128639,19.40547361623181,2.8462065991247423
agm005128719,18.661324156267476,2.6241386472081043
agm005128768,19.451370535997853,2.8623952882661223
agm005128769,19.355334836457228,2.832880282997534
agm005128796,18.901354790701454,2.6767227085752294
agm005128800,18.946399908586372,2.705514214062884
agm005128810,19.51810835432987,2.900613728208147
agm005128878,18.856193688456095,2.6795343447550346
agm005128902,18.846873607278884,2.65900807368483
agm005128991,18.759791242215606,2.669062773347868
agm005129040,18.949681388519085,2.7169187899257077
agm005129058,19.71655876696722,2.9434994015107616
agm005129190,18.267198123919457,2.494685210703622
agm005129241,18.395876737419083,2.539714016135016
agm005129329,19.69180624917231,2.1900472091629837
agm005129339,18.79924541486684,2.6578525984293915
agm005129388,19.731475877498923,2.2014350668163933
agm005178664,17.09777051010078,3.7308061969894704
agm005178681,18.905933631724565,2.2631707641101144
agm005178702,18.986572497118807,2.282960551120061
agm005178717,20.580790231527562,3.0538317851895487
agm005178762,18.66489912061545,2.1799956884371072
agm005178801,19.50939601610227,1.6538600541295008
agm005178873,17.539470792655244,1.7877262185128435
agm005178878,18.456583412395663,1.2699518231112972
agm005178949,19.103243500396054,2.751518925859015
agm005178994,19.756805595666773,2.1847653319676876
agm005179026,19.31810206680939,2.8192681469364613
agm005179044,18.959134138118607,2.70456038094326
agm005179088,18.51587720720133,2.5885837058553713
agm005179138,19.65555758279128,2.142523161012389
agm005179143,19.906403230938228,2.2531271457931554
agm005179173,19.462370395459537,2.074717320413736
agm005179200,12.026789794542937,-0.5013508244797533
agm005179327,11.587953410025124,-4.217652791424689
agm005179414,17.721742154672338,1.3888076268518565
agm005179432,17.810711232566046,2.4916209006682957
agm005179440,17.734822522071042,2.464507530196882
agm005179451,17.394546586029445,2.3916056715535694
agm005179484,19.698282701848154,1.7243797906011258
agm005179555,18.034764877995975,3.0081694459267982
agm005179599,18.765762415686197,3.2336751390298994
agm005179614,18.39218775161264,3.0926947589169
agm005179624,18.29454859958581,3.043014829496318
agm005179707,16.746416655257317,2.400534504479645
agm005179758,16.505487033233223,2.049539855749745
agm005179779,18.967608824764206,1.4550674616649104
agm005179781,18.803223456770795,1.3775784493746128
agm005179796,18.64705210584384,1.330618375862631
agm005179824,19.10554232875786,4.403478113096362
agm005179847,18.3107384421736,3.052967022228347
agm005179857,17.985383953967617,2.990906359168801
agm005179896,17.669025369858787,2.9071236398928635
agm005179930,18.08844090182819,3.0321695324538736
agm005179946,17.608053678763387,2.8950565019901147
agm005179970,19.61426024978894,2.165437402902737
agm005179986,19.205403775124264,2.0619679543579057
agm005180117,11.430385955480837,-3.22176461524851
agm005180297,11.197345830967881,-2.9257306094929865
agm005180338,8.762999090132238,-1.5939888481003401
agm005180405,12.891639997817938,-1.2158253953179763
agm005180453,10.794753105404595,-3.563526881372248
agm005180461,13.482267238604695,-1.6141462543750293
agm005180484,10.027469045935389,0.08145205046513038
agm005180520,13.141959335311153,3.1050353069737513
agm005180623,13.052442674619186,-0.10784253361315255
agm005180770,15.78540128944609,1.216392197794118
agm005180805,12.635934335916689,-1.3085871977414043
agm005180874,13.676104161181012,-0.9409387871849928
agm005180889,12.094898997078639,-3.418117273871668
agm005180891,12.068650278137207,-2.9444167458952157
agm005180997,12.724237983559574,2.0982340812578406
agm005181029,18.8697256448035,3.524840624399449
agm005181031,18.633937804116048,3.507107770675735
agm005181050,18.32354545376407,3.71864030228385
agm005181116,17.715982647071588,2.826371321317784
agm005181120,17.25062676062286,1.3924679551389527
agm005181314,13.51539594249526,-3.139910847588137
agm005181377,11.559203273175124,-3.4980574032504284
agm005181439,10.484238732392013,-5.4309567283280575
agm005181478,16.035274225581887,-1.3887736378798747
agm005181487,16.121756786840436,-0.34058818775717814
agm005181493,15.820805137004248,0.2417207120521061
agm005181496,16.182021421578693,0.41187104049532586
agm005181557,13.188980437448418,-1.1564599804099425
agm005181573,14.866292443007259,-0.36082483795629816
agm005181588,14.129264493716486,-1.9858655773860407
agm005181645,15.781133965352359,1.0880212765733566
agm005181680,14.651412342129905,-0.4022412484666056
agm005181736,10.900228630855201,-4.002304551254129
agm005181911,16.191571305398725,-1.4659088680250782
agm005181995,12.373889255114165,-4.266980560194483
agm005182010,14.930345943867557,-0.8920528684478404
agm005182034,11.571679404468572,-5.360028662607383
agm005182081,15.86901794022072,-1.9440250911698058
agm005182119,16.043638228796144,-0.09168740550325971
agm005182156,10.380726249773199,-4.528461716074688
agm005182349,15.550867203965584,-1.6763287136606602
agm005182467,17.028116146449673,1.9920148894419043
agm005182522,14.968452711708302,1.0275460560322713
agm005182560,15.781691763912784,-0.47425529554050616
agm005182563,15.549430230199402,-0.6194312907474417
agm005182569,14.386667590843938,-0.5772750129712136
agm005182594,16.054519491953993,1.680768981386639
agm005182630,17.672593941725747,1.987071122022237
agm005182637,16.855111540308897,0.7679997646319316
agm005182663,16.602923599176055,1.368729774695641
agm005182733,15.829690104222188,0.9366002160362026
agm005182746,16.021878562154388,2.033560053055788
agm005182762,14.827614954238815,-0.1596597546466425
agm005182782,15.799270846305097,0.6797421143778264
agm005182787,16.580303325647975,2.4810855872974127
agm005182828,16.673050916123707,-0.8321752136921088
agm005182830,17.61138020820948,2.27764160436701
agm005182846,16.851120426929647,0.21588620174018835
agm005182847,17.003418845107213,0.27511018506507945
agm005183015,17.05608003511614,1.3736903793026558
agm005183049,14.270325473675932,1.4817958666226145
agm005183114,15.855816944889218,1.8397303776646572
agm005183220,17.266138861310292,2.6962867529067394
agm005183306,15.457784628921493,1.9917805974802434
agm005183338,18.420161162074685,3.904312371106597
agm005183359,17.026718251544057,3.119279207996864
agm005183361,16.57366440965128,2.9752858316556132
agm005183369,16.46612669326515,2.9350316328815644
agm005183381,16.395003455218646,2.819705942639332
agm005183383,16.42266442358317,2.808652745142547
agm005183464,18.188774233531884,2.5957112415055104
agm005183661,19.520368519661545,3.9722855524978016
agm005183720,16.26286577244304,3.152135539880563
agm005183731,16.648956989853186,3.8811535083506152
agm005183782,17.571912660835093,3.410439173355817
agm005183791,17.442739779132506,3.3480444433055236
agm005183888,18.351971149278192,4.682967282629777
agm005183899,18.966355758575126,4.006854078079985
agm005183939,17.50792788176493,2.6247941189813675
agm005183949,17.614976658536442,2.663208443417785
agm005184192,17.36063566829315,3.145350909357343
agm005184283,15.869413222055535,1.4017737350339834
agm005184316,14.39999506516107,0.09283684715267349
agm005184393,16.46811740508079,2.0972944829275875
agm005184398,15.925991268652288,1.8832400833643321
agm005184399,16.277078798811814,2.0286118251661094
agm005184649,14.301111229366946,-0.15573048183222493
agm005184720,16.355163341194487,1.7420043043359028
agm005184789,17.204231764360877,2.5778474041398765
agm005184800,16.848021730583778,2.446684921734449
agm005184828,15.222388047885477,1.8023773391191495
agm005184886,18.403968352229796,3.30137445679608
agm005184906,15.847889089328344,2.3642238140052365
agm005184933,17.76640097601441,1.9292104416914864
agm005185000,16.250114789283096,3.102734789860217
agm005185046,16.697208702229027,2.150429785008747
agm005185066,18.669961108438084,2.878127687207943
agm005185095,17.66639689446978,2.554867695920562
agm005185181,16.589783672855233,1.011110401751874
agm005185225,16.220602006673385,0.28131914091526156
agm005185274,17.586322223729468,2.390535094792928
agm005185292,17.51555251894087,2.34613505838679
agm005185387,17.209173264036785,2.838136864154671
agm005185389,17.260956524093864,2.8586740369405295
agm005185455,12.332509007196569,-1.8483633674913191
agm005185461,12.207177412122405,-2.549053506943611
agm005185497,10.341169813311282,-4.114299789715284
agm005185566,15.039700339002758,-0.8876835453830711
agm005185585,11.798849096421723,-0.8044586930880739
agm005185630,16.291239989350526,1.3251335220486924
agm005185632,16.33579200787049,1.3514992526867777
agm005185703,12.290124677689969,-4.068369002767965
agm005185745,17.449121096878795,2.2347888847682684
agm005185815,17.445362919493625,2.115213330348272
agm005185856,15.568003922134691,1.324699567665185
agm005185859,15.929350181424603,1.4632034367715496
agm005185871,17.97601900872119,2.8849073316305613
agm005185875,17.25316721586412,2.632741502739024
agm005185911,16.69418568256474,2.1507743119319356
agm005185998,16.551130120581277,1.8959184283053103
agm005186008,16.99114262134216,2.073491315243798
agm005186121,15.564030663344449,2.0614857532356083
agm005186139,19.32616595110471,4.668316078451222
agm005186158,19.34167389860868,3.7015153798102594
agm005186171,17.122795974708374,2.742511789858378
agm005186211,13.091648942941497,-2.25288623412428
agm005186280,16.59303032137984,2.9266951247379973
agm005186326,16.999883924681658,2.5607983477757905
agm005186385,16.827588016377028,3.7464902071219788
agm005186402,16.37380779376082,2.1273977944922757
agm005186432,16.779196160629237,3.093842234189089
agm005186440,18.06592912574073,3.4206970332708435
agm005186444,17.18202515328154,3.1031524114233964
agm005186479,16.679629552164908,2.9230280418379087
agm005186510,14.709472451139856,0.7762758929843754
agm005186561,16.321668222900843,-0.5207439556502251
agm005186562,16.485178256883167,-0.45102923895653824
agm005186581,16.80841192386062,1.2677847194464675
agm005186596,16.473209798026623,1.5692444497001947
agm005186607,18.009552212916187,2.9695792891203396
agm005186612,17.600496819732303,2.752658509371533
agm005186619,17.92351611275635,2.2119236600343415
agm005186630,18.00173107187999,2.2367918232752295
agm005186653,14.858518258435948,-1.0782558911131765
agm005186719,16.738373024649437,0.6240961193516368
agm005186790,17.155821031402553,2.9771249213184774
agm005186803,17.86164183713171,2.6406108335994363
agm005186807,19.08960243450704,2.9712597153419633
agm005187196,14.669730332096801,-1.5521957730792328
agm005187226,18.263115171163946,3.3821982909517
agm005187228,18.442067166531,3.44638159901607
agm005187244,16.389703092096365,5.353878452839205
agm005187372,17.289573566265258,3.0876672077119114
agm005187460,18.588950565058227,3.5429016552488433
agm005187538,19.226409144661694,2.42432122069867
agm005187601,19.14950743522647,2.4734088232232923
agm005187610,19.30407182966981,2.7659876195196844
agm005187745,16.828878266937853,-0.2799089619152175
agm005187749,15.481174107066826,-0.9354911482108053
agm005187795,16.796489049886915,1.6395442965476752
agm005187837,17.849853079505092,3.4985003026117028
agm005187849,17.577686341709967,4.200408593312679
agm005187867,19.41457631899521,4.322933699902014
agm005187869,17.635617545187966,3.4581588495972015
agm005187872,17.699063965802114,3.477367880602997
agm005188132,19.02594970944938,2.900665748956894
agm005188180,17.591857990218287,2.6922006351315844
agm005188230,12.418404022145424,-5.849281907560009
agm005188344,13.595070415628488,0.8952034531040658
agm005188376,12.215963970326616,-4.35458284586383
agm005188379,11.762803212999597,-2.0005622360508486
agm005188400,13.496677334861305,-5.806769406677251
agm005188402,13.17329010331234,-6.1474815409654715
agm005188500,18.571634515587167,2.048523169980922
agm005188534,17.995818281362,2.651863195286781
agm005188538,18.11138640258897,3.356790797030487
agm005188574,18.797758719658464,3.2748207548060275
agm005188575,18.137310832790398,4.570880907432274
agm005188597,16.476517531675718,2.862112973937304
agm005188617,18.611252748602553,2.7671663259282813
agm005188653,16.189871338805762,1.5368090672650032
agm005188664,11.91510408722994,-0.13275279615817093
agm005188687,16.455599269051653,1.3136899848642907
agm005188695,14.111566572739882,-3.7220514868736565
agm005188699,15.695758127911558,2.7959342481047944
agm005188704,17.141302532087874,1.8655104949838872
agm005188834,16.012123874181476,3.543704216477215
agm005188867,15.8444493430099,2.6879167510795705
agm005188883,15.843272538924177,-0.09582743273661709
agm005189039,18.577035413770087,2.963272183899317
agm005189044,19.845930182657217,4.096585666782481
agm005189064,18.361524863672802,2.4942336411395516
agm005189065,18.07377601325738,2.3864444134619314
agm005189135,19.183761556252502,2.836140891853603
agm005189140,18.416359696126662,2.633140708702384
agm005189266,17.19726466636215,0.18515304802768373
agm005189285,18.903029382049233,2.612550664413563
agm005189295,18.285001705731798,2.4251260677639506
agm005189304,18.489561902401707,2.4936840186712335
agm005189475,12.228773146884372,-1.5566157850497477
agm005189514,13.510389029777922,0.4617895191471275
agm005189531,16.713284775982096,4.144417966428571
agm005189680,19.650857540043702,6.48631135070327
agm005189686,17.255951871101587,5.049723365468506
agm005189695,15.889404959718432,5.125335253654164
agm005189798,15.69601972562101,0.5046953239666667
agm005189832,16.015538684185763,3.979158532410186
agm005189865,15.910208580437063,2.906640966702496
agm005189876,16.359478914125905,0.4648378955971504
agm005189881,16.313262180916855,4.313825081548451
agm005189924,17.37540658793113,4.708459052620903
agm005189974,16.436545478813937,3.077900624933286
agm005190017,19.032750595276543,3.1810364485937193
agm005190178,14.098148783224543,0.8266178340719623
agm005190205,16.165150862573707,-0.03220467225199286
agm005190223,13.241442575946015,-6.485936871770547
agm005190233,16.907946059741214,3.36618153226527
agm005190246,15.946997339838608,0.5818281382220514
agm005190267,16.266214292735764,-0.4379759518177089
agm005190282,13.469868914902454,0.9572146547108629
agm005190296,17.19257111083925,-0.14422402608121132
agm005190356,17.360572443020207,2.0307569843469784
agm005190450,17.867374647311227,0.10934483588967936
agm005190474,20.250087982349317,1.5698806500305018
agm005190545,16.177205514823417,-0.2845986788630963
agm005190548,16.278368315580476,-0.25691638184483434
agm005190625,19.402121088997976,1.3724716827317476
agm005190649,18.793824810801716,-1.0276273386181636
agm005190650,18.605632487473788,1.1843939324960537
agm005190680,19.296344556300102,0.7120438586327582
agm005190681,18.771138130076626,0.2850487361791343
agm005190823,18.70183500073381,1.0535386710979582
agm005190876,21.330139985515284,2.21718960770186
agm005190923,19.24751581940067,0.9050680518270768
agm005190936,20.279961852333923,2.3446256574264037
agm005190946,20.302953505388963,1.9818884021039604
agm005191104,13.9277386836395,3.0394586337931626
agm005191144,15.920649959331692,3.9697185670726682
agm005191683,17.017043641462152,3.667165227302223
agm005191714,18.759178813285267,1.7274696908444085
agm005191723,17.878951809651653,0.7174595083528201
agm005191728,20.528246170985167,2.3045642100101063
agm005191730,17.466364049821806,2.5773312897423404
agm005191790,18.692816673349373,4.54985118362778
agm005191841,19.711382916770983,1.3836480235677158
agm005192270,15.052732503895465,3.9304660959503934
agm005192272,14.627744469190882,3.7282261521183155
agm005192303,17.78040744594175,4.02755038544075
agm005192373,15.722920277468175,4.1890329257323415
agm005192543,14.643957525753612,4.054763858366996
agm005192545,14.448966755429106,2.0703894927585846
agm005192626,17.057500549471886,5.21617196823032
agm005192737,18.071663359327292,2.8978984387711204
agm005192860,19.19562422078768,3.781364106056408
agm005192883,18.84515138692264,3.5435678762248433
agm005192892,18.476517921350787,3.389143246262317
agm005192900,19.14657367680262,1.1237562678054456
agm005192927,17.542684816103364,2.640997693759677
agm005192934,16.818898488577045,-1.5964923389063523
agm005192938,17.484361408446425,-1.2075656918252013
agm005192953,15.038366228275503,-1.9605638778548409
agm005192964,13.020088744578473,0.4535010572042113
agm005193027,12.651402894961747,-1.4545891553047507
agm005193100,16.241849723907556,0.2536740233603689
agm005193126,17.41098243119054,-0.248607692992886
agm005193184,16.81983224163462,0.7944026048330413
agm005193196,16.51615933865799,0.6152311838846876
agm005193208,16.669968917379684,0.6831808145344214
agm005193226,16.63939287103893,0.20754428705498906
agm005193233,16.584931027664933,0.1720892392022284
agm005193245,16.0392107361031,-0.09465221667091406
agm005193378,16.76231925251564,0.958111526811428
agm005193398,15.674931685064015,0.45476356752377
agm005193448,16.71419703983374,-0.06453133766598462
agm005193464,16.692085574451173,0.15447363508141265
agm005193470,16.478154854027064,-2.1097180722555464
agm005193567,16.283031251403045,-1.8424825448809274
agm005193582,16.58730253186903,-1.5034740592294078
agm005193590,16.98979919944931,0.331352820332949
agm005193601,15.986243193590266,1.6104174921880325
agm005193612,17.44691696658694,1.8256563867810724
agm005193657,18.251727289250514,2.5797671732800485
agm005193659,18.75235366595389,1.915384609790027
agm005193670,16.40855375968292,1.179881916176197
agm005193672,16.50523108112034,1.21105484708362
agm005193687,16.72850912929759,1.2565650008111655
agm005193748,17.91954298791415,1.956912678620644
agm005193768,15.270122163163617,0.8058365688487124
agm005193773,16.145788565892946,1.249712405829535
agm005193776,16.204516978089497,1.2603761366379818
agm005193804,17.453170399948856,2.1535781027329755
agm005193814,17.39031647356987,2.140707796581161
agm005193827,17.22987613763546,2.0830923575078737
agm005193938,17.1838866206656,1.4719162272743995
agm005193985,19.14192760299915,2.872985835153691
agm005194007,20.47732459289722,2.280093581142695
agm005194028,15.834965050809425,1.950707344436089
agm005194046,14.670265245616498,0.4698670457690337
agm005194053,15.655292250117059,1.3131923249738504
agm005194107,14.403612291141135,-0.19172461301626775
agm005194111,16.146918031284194,-0.35934492485567127
agm005194123,16.839659916998954,5.375200077238181
agm005194124,17.633375621398503,5.541559193317329
agm005194139,15.687832745501513,0.16521963018998598
agm005194214,16.592143937164842,0.947784863782994
agm005194290,15.206975579038383,-0.6890662917473378
agm005194296,17.333724367635252,3.6766498423919227
agm005194298,17.37710167694985,3.688011504873362
agm005194309,17.99110118624542,3.81059301283379
agm005194310,17.76784282479158,3.726781812908028
agm005194356,20.072136877817453,3.822556850810474
agm005194384,18.714895482846554,2.448252878453143
agm005194394,18.849812521740077,2.496123328263269
agm005194395,18.687628199664786,2.358472495461049
agm005194450,17.64100237557899,2.0013170032048437
agm005194468,16.399992293828145,1.6187932493987178
agm005194502,17.441831776489625,1.9556383324525148
agm005194547,16.555943219802298,1.6388405090347726
agm005194581,15.12709474092084,-1.3458048522083281
agm005194643,14.943512821988588,0.28928607233637393
agm005194712,17.931320727517196,2.428684955174644
agm005194720,18.25712148049338,2.5243874652513334
agm005194761,18.08446197053484,2.4784606978821104
agm005194777,17.3500061180195,2.247303834929104
agm005194799,15.178297432427293,0.29338897278672604
agm005194816,15.089695097375499,1.1942137385905536
agm005194817,15.197227069317861,1.2385283204154272
agm005194833,15.975163085359144,1.2791605805536506
agm005194904,15.334184232731007,2.0328755156477447
agm005194945,16.066423513429555,1.6854728945864723
agm005194969,15.609034901373136,3.407267751245551
agm005194977,16.410130778124188,2.9073747782742316
agm005194984,18.452785616249816,5.1396168295676175
agm005194989,17.246899217680355,3.4577626673059756
agm005194992,16.446526297545137,3.2153794023965174
agm005195078,17.422445798282837,2.6012031104430333
agm005195087,18.83666940144847,3.3084937365289715
agm005195137,18.69200063112228,3.2717828438579977
agm005195153,16.820767417566838,2.426601913362531
agm005195202,18.78681220751421,1.6201790501697673
agm005195261,17.286426731204585,0.1905231246434127
agm005195291,17.401270010295033,0.07274789550411676
agm005195329,16.223709284991674,-0.7871906192703451
agm005195330,16.37391261967587,-0.7211679721370636
agm005195366,14.181408394364608,0.11742431352785232
agm005195383,16.770408876850663,2.1266073791613147
agm005195425,16.338732105426928,-1.0836226628111696
agm005195443,16.720952140025915,-0.5064926222197625
agm005195457,15.161206456668712,0.9760197381204447
agm005195557,17.436192234848832,-0.1189446777162626
agm005195598,17.19843981834973,0.15426501574883922
agm005195641,14.433193611719597,0.13772412366940223
agm005195653,15.972372987669155,0.13456994796862443
agm005195693,19.4630287001452,4.793456753916224
agm005195704,17.46684562409397,3.6832624171731103
agm005195708,18.61634507279132,4.3150509197572955
agm005195730,18.634469673280726,2.447410425054276
agm005195756,18.6612602063687,2.4323295397762257
agm005195831,16.696162142123026,1.0021837628585155
agm005195878,15.731985602984908,0.5916997832491413
agm005195900,16.477638454748025,1.4476754940360976
agm005195926,16.990521971408818,0.15938389882601278
agm005196031,17.52278063172175,2.0488533547082026
agm005196046,17.53354621521247,2.0274203578847283
agm005196064,17.79723406447742,2.1237403666319654
agm005196122,19.20370550609131,3.3879636544459277
agm005196144,18.964452610980793,3.249056096639956
agm005196148,18.42846606102339,3.103942180701738
agm005196151,18.497961860713318,3.1081638074140994
agm005196168,20.584909938950183,2.7137895391083573
agm005196178,19.238143663723733,3.4085292737089796
agm005196179,20.12561519780632,3.870084849873898
agm005196180,18.60597258638087,3.1776867812826834
agm005196246,18.603766672007445,3.1586210654709026
agm005196251,18.307525232192464,3.0827429047264383
agm005196523,13.397472798338407,-2.2715813802559914
agm005196692,16.776616529376494,-0.44033639969524163
agm005196717,17.381060379072494,0.5257090587279327
agm005196733,17.393120290098647,0.217933011000909
agm005196739,16.730975197240376,-0.6526943343890936
agm005196804,12.243491604362932,-4.1898451437374185
agm005196976,16.89359194681026,0.18144393026285766
agm005197147,18.447670314116575,2.105006052625664
agm005197166,15.756659370249396,-0.3573448104412158
agm005197183,15.576832044207942,-0.6279668398644898
agm005197257,17.3520320249741,0.7104457028769673
agm005197537,15.78399554176285,-0.6686166233207045
agm005197723,19.40646120743514,2.2753342200536455
agm005197767,18.222772916201112,0.8981433525474234
agm005197917,18.74948148387089,0.6768998666467887
agm005197950,19.779929600692643,1.3826756216731315
agm005198075,16.054672959077692,-0.9626004836891457
agm005198107,18.32925946890071,0.13921468105350066
agm005198115,19.992227468061017,2.0075895595417013
agm005198137,16.405290208438775,-0.35063227416242704
agm005198145,14.30186315022524,-1.538398448010172
agm005198155,15.505058604356377,0.061433099051744655
agm005198226,19.128610344355284,1.0283657304430003
agm005198235,17.857436173264272,0.5851451451647529
agm005198280,15.880398410474106,-0.03916594286741226
agm005198341,16.11335888825761,0.6043904452214157
agm005198350,16.243050649670305,-0.12725069288126623
agm005198351,18.156468692556412,1.8944459080176363
agm005198445,17.31880976138754,-2.3252832112871262
agm005198494,19.770623209480817,3.2892569039262334
agm005198514,16.771113099506962,-0.3848210283324702
agm005198529,19.500179184349285,2.9836958806165184
agm005198534,18.728207079771526,2.6269249710868516
agm005198593,20.182122926981194,4.067971838854184
agm005198602,18.97766722982788,2.6890447418123564
agm005198778,19.59611997664903,0.7328854188181575
agm005198779,20.091890859464662,0.924556315702322
agm005198951,19.469721937931787,1.3256294438821783
agm005199044,18.524850686997887,0.14633363067585936
agm005199121,17.09346410140319,-2.479553812140833
agm005199189,19.89489502842557,1.9017616894648128
agm005199413,13.108587538196819,-2.7864365934680047
agm005199543,17.349148182067985,0.0736886210310308
agm005199550,18.193932159915594,0.01701818843372127
agm005199559,17.665423857479553,-2.296948397140538
agm005199569,18.075466904794926,0.015146642590791792
agm005199617,16.73009547170186,-2.601028910843513
agm005199677,18.361353376836675,3.209454696679357
agm005199784,18.56644937567042,-0.12315848056052925
agm005199806,17.086704270941304,-0.5557901097451676
agm005199808,17.319184207054647,-0.4953218811922264
agm005199815,16.693702650599082,-2.9088659190908377
agm005199867,17.002829368711573,-0.6086101148562149
agm005199949,16.206982590887097,-1.6062757947492559
agm005199974,15.645092407356342,-1.7841065297101704
agm005200029,17.549515174762217,-0.49428684328907924
agm005200054,15.931371192134039,-0.5381244640164491
agm005200064,17.445116315471292,-0.7387106555394736
agm005200146,20.7016019603413,1.1194007625287536
agm005200176,20.03093194098858,-1.3187864477669589
agm005200213,19.68579524459847,-0.3535395314088374
agm005200214,23.01761596598183,2.1579263037274288
agm005200262,20.342916767567612,1.3339447828064603
agm005200340,18.520262478966423,-1.598198879597092
agm005200403,20.12456737910207,2.484120568048459
agm005200430,20.584365160542884,2.505697545326796
agm005200609,17.282341769996123,0.4404871314473544
agm005200616,16.83411273968838,0.3232794591623307
agm005200619,17.92928516126007,0.03692879426160367
agm005200637,17.31826952528029,-0.4456538702309638
agm005200687,15.028612911989487,-0.7952016388111067
agm005200711,14.499034810071732,-1.2622087056241584
agm005200721,14.170572075723989,-1.1246621169529503
agm005200734,12.690178682757757,-4.673528184550672
agm005200931,16.794835792083244,0.31938390422286655
agm005201024,19.76180237641681,1.247727025462079
agm005201025,19.66129343564738,1.2264781827325688
agm005201029,19.179108881259786,1.0863375706567489
agm005201080,20.326795670750208,2.1354809762388447
agm005201093,20.290897089312292,2.1581738794471663
agm005201143,17.481799274440455,-0.15381271587997603
agm005201216,19.014288776098258,1.5126858947684836
agm005201228,19.827360122655403,1.5215376774181113
agm005201309,20.73780913852461,2.333460830592565
agm005201393,20.797778906117916,2.363209458181764
agm005201396,18.750504089275406,1.3831773630890511
agm005201407,18.666983704480074,1.3329098772552683
agm005201590,17.415617334739984,1.085352079014128
agm005201905,19.35867837354649,1.6678852056767068
agm005201979,11.872221705274663,-4.268587594137564
agm005203080,13.168407673977107,-5.363353066683556
agm005203308,18.099018911550733,2.965281432070122
agm005203310,18.950651670148424,2.6437443227889217
agm005203461,18.37622281589711,2.3263756908824904
agm005203462,16.52698459368734,2.3474975151080333
agm005203476,18.150742864423815,3.1076734752931303
agm005204112,12.471236310501034,-4.7877884487245215
agm005204571,17.251119813095908,-0.27767150643178606
agm005204603,16.885148664984936,0.2386549136120415
agm005204615,16.45229241289663,-0.18579943557239886
agm005204641,16.309257655567578,-0.3519552078025887
agm005204646,17.159918049688212,0.6049260412155624
agm005204656,16.754434261827345,0.3428058707442583
agm005204690,16.035871720053862,0.035938086405393754
agm005204712,16.44065191791648,-0.37945747794466467
agm005204738,15.433013660781002,-4.364344922881687
agm005204760,15.798008346409759,0.9714480718446712
agm005204781,16.381272674428242,-1.125895463236791
agm005204811,16.68202606146446,0.4704284890367827
agm005204812,16.635496798145944,0.4494071269778379
agm005204827,15.895698610591959,2.927975455028892
agm005204838,15.68661746193503,1.7067643698028272
agm005204847,17.32220929193425,1.4466140520614301
agm005204857,17.246303017451858,1.2792330733780224
agm005204904,16.46290018704162,0.9013046305208796
agm005204925,16.325565192573038,1.7334200002503968
agm005204951,15.666277393856554,1.4205815096245749
agm005204985,16.684945086897162,0.8863451291295483
agm005204989,16.733632972677697,0.9115253470676015
agm005204997,16.79339712187081,0.9221305978267118
agm005204998,16.865799434099767,0.9756141398863978
agm005205100,16.19600171540033,0.1972216866318286
agm005205128,16.61552149603416,0.027591145433494724
agm005205173,15.723455910206381,-4.68683769290666
agm005205175,17.637988488389865,-1.0513541897969017
agm005205197,16.72886951057613,1.230667430494604
agm005205204,16.1481463669661,1.0039544012995547
agm005205207,16.25858712308343,1.0337672736685954
agm005205216,16.516562839939837,1.170185273693007
agm005205256,16.573380728794326,0.03737400622947806
agm005205293,16.44531686280842,-0.1295585364604559
agm005205303,16.52340452661745,-0.6441635782720381
agm005205336,17.047793705448683,-0.14132410291930153
agm005205385,17.555093084269192,1.0829229023942828
agm005205428,15.591596654281274,-0.09386583552967132
agm005205430,15.565810445111685,-0.07316075155703672
agm005205449,17.607767211141315,1.252367758222702
agm005205530,16.755686339511072,-0.9652383497675894
agm005205612,16.31338226257021,0.4090546904655534
agm005205690,17.505825597694294,0.5726660990971073
agm005205723,17.19046787063642,0.21852673928256383
agm005205833,17.52374463238059,0.07126203523803376
agm005205836,16.94861529512937,-0.15359277071583577
agm005205845,17.658079624473853,0.13868021836660915
agm005205860,17.73239361979847,0.17621028571375152
agm005205939,17.49152551260725,-0.7483692726496924
agm005205960,16.88728257555278,-1.0695394472452495
agm005206024,16.372272276031207,0.23105029570455482
agm005206043,16.200580760375026,-0.2348691460587773
agm005206072,15.439327287184266,0.5942379919340803
agm005206092,15.115335451769274,0.44409063554891404
agm005206115,14.654868570213157,-0.35575964081783873
agm005206116,14.727293404125206,-0.3074670721551973
agm005206128,17.114658573351328,2.363110495932629
agm005206164,16.48436790299372,0.797504318916026
agm005206165,16.453137845100393,0.7787369021528265
agm005206194,16.530745696754224,0.8289406951316689
agm005206223,15.802539237872773,1.3963671196907272
agm005206234,15.14918918005603,1.112571622282024
agm005206245,15.252568156581107,1.1437207256250659
agm005206255,16.130580211725444,-0.7460215259467331
agm005206267,16.2194183319621,-0.6822923088959625
agm005206319,16.069247946554242,-0.36738664739833826
agm005206322,16.05667487160958,-0.3275825207428529
agm005206328,16.612049325578766,-0.41062574597104096
agm005206348,16.3682214329397,-0.5162184544530195
agm005206356,16.16395048294682,-0.6252072834385274
agm005206389,16.17949115177606,0.8533440549282556
agm005206403,15.931199258047075,0.7402089492770623
agm005206530,15.593729835995436,-0.25541392421051157
agm005206541,15.996820328518378,-0.038594876024864
agm005206625,16.677028128363816,0.9653721099027655
agm005206646,17.14293801206629,0.9218058288640165
agm005206658,14.74614464185828,0.4000217332760263
agm005206662,14.94379764673578,0.48958028522963826
agm005206676,15.869980879231262,-1.3843721836200062
agm005206680,15.99368391595944,-0.38615417877641356
agm005206683,15.238152726642914,-0.712293269371914
agm005206691,15.713646881374412,-1.0367959752993379
agm005206706,14.193021091410992,-1.1692377128905411
agm005206720,16.12690897120156,-0.6923109296543872
agm005206768,14.861120183046612,0.3278252516625164
agm005206770,15.872390042456619,-0.5046397063104875
agm005206777,17.243758339860715,-0.07944117355139024
agm005206786,16.478646275871046,0.8412299852485141
agm005206811,17.359317361845488,1.4565580647842156
agm005206823,18.288807195307974,2.1199527076531464
agm005206840,17.648889043242658,1.8216133311591793
agm005206854,17.900643002875466,1.7210811952944125
agm005206878,19.355391939724452,2.7460906141305683
agm005206947,18.08139013527196,1.965955441704902
agm005206948,18.215188446793178,2.0109597792202667
agm005206975,17.548193681851842,2.4241506962762838
agm005207013,14.81110579956704,0.29507040274503105
agm005207016,14.89971515079498,0.3699524964699652
agm005207027,14.808915482180515,0.3030276245910004
agm005207117,15.120832071630403,1.1008958508942435
agm005207170,16.10965562413149,0.15080974432772098
agm005207194,15.599147218852956,-0.1076699777743455
agm005207224,14.558711403439764,-0.019053931812694103
agm005207280,17.127121052963606,1.4557534302005326
agm005207284,17.18203591071715,1.4762922889407672
agm005207315,15.311400436276866,0.6936946629076521
agm005207357,17.25313157890709,2.0302330420707397
agm005207414,15.966775940711935,-0.8959710416497053
agm005207425,15.658885557774378,-1.0311204807421612
agm005207470,16.176718117908372,0.1791969895019765
agm005207508,15.807307954365443,-0.018486224131513573
agm005207532,15.987114474239181,-0.47081208642312866
agm005207533,16.31971344586173,-0.31469801443016987
agm005207578,16.16790463630393,-1.2855128438212953
agm005207600,15.246795422945711,-1.174555240571891
agm005207610,13.903260996688774,-0.8237664226812207
agm005207719,16.157280092139768,-0.36413015047552655
agm005207752,16.810776550510663,1.1092173272960606
agm005207856,16.040402530664426,0.23548169512473294
agm005207948,16.960171024481077,1.2790672722111607
agm005207953,15.781053678377033,1.2690567735759384
agm005208038,16.06578159831125,0.8824413956899084
agm005208044,15.83840930107251,0.7428290682423908
agm005208064,16.70585255992749,3.2572487674536292
agm005208076,17.5781830201862,0.1451366392516995
agm005208107,17.502231188823448,1.0485183827761597
agm005208117,17.41125159383378,0.9700904074717336
agm005208244,18.64727731501622,0.2093064216371472
agm005208302,17.325797944657303,-1.9631804385840885
agm005208329,17.456551262450212,-0.03159461152116183
agm005208331,16.35647937424118,-0.5388857772079056
agm005208338,17.305740935828254,-0.05566667892134092
agm005208341,16.825047202729834,-0.4982299588280332
agm005208348,17.09020429273957,-0.1543763552333708
agm005208361,16.822554517553066,-0.274626417853586
agm005208374,17.277828061985694,-1.0226033288435348
agm005208618,18.301814492207217,0.8281962595150816
agm005208638,17.588091923896968,0.3074034071898728
agm005208679,20.180865567463417,1.7194349165589458
agm005208688,17.09180933328712,-2.9795929106603607
agm005208719,19.994249639953054,1.7095803785979449
agm005208732,18.7536184920832,1.3567635800964526
agm005208738,20.192262747731693,2.32842301507472
agm005208769,18.03341351035147,-2.8045520111410385
agm005209195,14.628729162489998,-0.08189320170253822
agm005210032,19.293099881678557,4.6436999612328
agm005210084,13.093115319350618,-2.6435137618949707
agm005210104,13.718960034372563,-4.117185969520706
agm005210119,13.351977362198165,-3.1765011871918736
agm005210200,16.424831639399894,-1.1888179307957856
agm005210224,16.03356084566752,0.4734355128242509
agm005210251,16.759893276627935,-0.6264449229032998
agm005210252,16.248057402932027,-0.8739787468604074
agm005210253,16.406425913720476,-0.8035430385429363
agm005210390,16.509118241787316,1.2115831963632777
agm005210399,16.556018628779537,1.8453300018747054
agm005210406,18.240393276640532,2.9156728360730924
agm005210411,16.904169683803836,1.614638714432611
agm005210419,16.700482770146785,1.1112524998815392
agm005210450,17.4067791436229,1.4051475311320036
agm005210467,17.179321534096275,1.6218988176215436
agm005210519,17.51800832246067,2.510005034865653
agm005210559,17.78045308807826,3.9317922436340975
agm005210655,14.1642242325769,0.07403760972748685
agm005210714,17.605825540505798,2.9654213353907544
agm005210744,15.73764033009562,1.7731155067498285
agm005210762,16.231911289210643,3.1928522974913056
agm005210765,16.344816980059893,3.220379081400363
agm005210766,16.453253767196635,3.2593677136036696
agm005210778,16.766420975474542,2.6113581456832806
agm005210786,16.842741182551666,2.637687310443596
agm005210796,17.996031612448906,3.488706027244345
agm005210819,18.666647253810556,3.594291171144433
agm005210826,9.89835190994859,-2.275609454392108
agm005210875,16.922193813179266,2.0887296463040386
agm005210918,17.93963954500942,2.6617016433863814
agm005210974,17.195064612788805,3.639091595004615
agm005210995,17.510909690387273,5.045498962167305
agm005211040,18.210217502527232,2.0731620744091748
agm005211057,18.064457561219186,2.0189511920810537
agm005211116,17.52651528083518,1.9330115914801755
agm005211124,17.232342772090334,1.8250005918328416
agm005211174,16.9979154771902,0.09816650746337707
agm005211241,14.143113859273118,-3.1210474861516326
agm005211320,16.8705590357635,1.0964794920007996
agm005211328,14.869644984265545,-0.66849012089145
agm005211872,16.044142915171488,0.45828193478498136
agm005211906,13.820715248621832,1.9392337374045043
agm005211923,15.737724579487132,0.01128929609425633
agm005211929,13.179863025167942,1.2993867728144277
agm005211939,16.136658053133058,2.4277144563969637
agm005211979,13.138568960074993,-2.5697279661475525
agm005212010,15.757348425192065,3.768354693247158
agm005212058,18.312535604866657,3.076219122443235
agm005212067,11.867111580105382,0.38194540398584254
agm005212302,12.29046310809111,1.9736650235839845
agm005212393,14.772790673298779,2.497711371095419
agm005212437,16.851372877485414,1.298721027843043
agm005212452,16.357786474078004,3.747809444309355
agm005212456,17.072759490265202,4.026628362559216
agm005212586,16.397993412520727,-0.21071896868765538
agm005212729,17.128514666361937,-0.13572106583162125
agm005212742,17.936966428981286,-0.8657372229226103
agm005212903,19.24314162644494,2.309001683433886
agm005212961,16.48648550256378,-4.282655390687224
agm005212967,15.12170348869725,-2.8919028036439896
agm005212985,20.442310009707363,2.9829506069512446
agm005213017,20.788663613179143,3.455598239377812
agm005213035,12.427297715997637,-5.04920606524782
agm005213089,14.5639641673927,-3.812517746225393
agm005213132,12.834269685830684,-5.02979649946314
agm005213199,14.617913865972518,-0.9683483959439378
agm005213201,10.574172795543598,0.32273070891606714
agm005213212,17.38926160138055,-0.9583519672560907
agm005213346,13.211322204210282,-3.2011644135364214
agm005213348,15.162762533613323,-2.0439404721264722
agm005213369,20.070624954535027,0.8167782959285885
agm005213371,18.930005557276974,-0.025687008188699956
agm005213395,19.831626505777155,-1.2193131439137037
agm005213425,16.646201094689662,0.6369703734176992
agm005213454,14.37060138263006,-1.9615098447548887
agm005213557,18.59295045153357,1.8890767557522086
agm005213692,20.74521195577348,1.1739764056877853
agm005213705,19.540848411705607,1.0386684222815887
agm005213718,17.274908632211446,2.413971283662801
agm005213813,12.63105482784197,-4.0499976868362975
agm005213845,12.09658837726745,0.5759957651880421
agm005213926,11.877151777575248,-4.64233514186972
agm005213981,13.573052888892976,-5.937097831398802
agm005214010,12.458274611543066,-4.444877223789421
agm005214050,13.533609973800948,-1.8780783571395858
agm005214134,14.028093999098665,-5.492707246447198
agm005214157,16.454110139342013,1.4409708923876057
agm005214161,16.414558690171095,1.5094236207635952
agm005214182,14.430989338358877,-1.3294926684625343
agm005214202,15.459175734612773,1.6474969864110278
agm005214208,16.87470519294598,2.4349974125482223
agm005214211,15.835394479717047,2.1937014374700246
agm005214215,16.596321992282494,0.10284105920558861
agm005214248,16.869875717106133,2.8734996072168846
agm005214266,17.920500312145982,3.5357441317873812
agm005214274,18.79405181791721,2.9587258533637986
agm005214312,17.451367244180567,3.3145079682096794
agm005214317,18.977782266966212,3.213042186116658
agm005214352,19.40554222460406,2.3150502509432895
agm005214358,18.498418593493447,3.7679275812133612
agm005214359,19.538693880603812,3.5230281276088924
agm005214379,16.522753284263686,2.006666109625349
agm005214401,14.288779903826471,1.3111431741907689
agm005214419,16.873758784848366,1.9898861877095886
agm005214423,18.09788882873691,1.7377747444655913
agm005214450,14.091508807135355,1.4071810631835877
agm005214510,15.663659493823493,1.9022870149176025
agm005214570,19.207252847369926,2.882849398191003
agm005214606,19.22002849240858,3.6416443125120557
agm005214621,17.953470709026096,1.372700215408158
agm005214631,19.35556267403303,3.2761591262966583
agm005214670,13.089170888800838,-1.425142137019746
agm005214709,17.00469806544968,2.387314598913939
agm005214732,12.606444097375268,-5.624799120676572
agm005214749,11.547993488626295,-4.988629600193893
agm005214782,12.170330588726829,2.0690876062187
agm005214809,15.66339865759823,2.4515742342524085
agm005214844,16.10393772214575,2.711421853793145
agm005214956,14.144277953726563,-5.262633854469391
agm005214990,17.5354369080756,1.8364582345522908
agm005215013,18.437725246356305,2.882594541591404
agm005215044,17.924459144657767,0.7028893534007699
agm005215051,18.703438934710704,0.7326957975896313
agm005215059,16.01372107278804,2.2682236209079285
agm005215085,20.103983420883573,3.007823868387514
agm005217341,20.147119250814356,5.233391134024098
agm005219079,15.42169119971656,0.002898745042211104
agm005220322,17.873749858603716,-0.7070036934108449
agm005222123,19.517893881481918,0.547318227465496
agm005223425,15.657441456164841,-1.0024373527189947
agm005225922,12.390737568192646,-1.4736217368051072
agm005228378,16.420818522189176,-1.3064805816126075
agm005230496,18.906713479481287,0.6619245915398366
agm005230499,11.332604388286805,-3.4265528565163486
agm005230618,17.290199490887073,4.461498073895672
agm005231823,11.053358317330138,-4.553272370962098
agm005235621,12.415791637117223,-6.180408181077764
agm005248519,21.20073404962588,1.5703694154551637
agm005251704,12.820220109597889,-1.9061534293135782
agm005252276,17.565930438750236,5.593814802352808
agm005259933,13.324609781892184,0.20927282862664498
agm005260830,18.676447662173203,-1.4232776221520531
agm005261212,7.696212874078552,-1.0528123159527645
agm005266890,15.163706599194505,-1.0995168622561113
agm005268058,18.503259477599176,-2.990961039253727
agm005269005,10.303067704094273,2.3542857770867207
agm005273412,11.304121741314484,-0.922678091353081
agm005275801,14.1594800028844,-2.6594825584634028
agm005280053,18.663115770134162,4.049112082736204
agm005414294,14.161057129080032,-0.08162233918034474
agm005419099,19.98700971586631,2.1146242139000813
agm005463605,9.64661550486386,-4.793440545297465
agm005478149,16.921256970042133,-2.462725916009177
agm005480439,14.578999473198913,-0.30124683297939
agm005483676,9.288036802186463,-3.8158424587410327
agm005529966,6.170482909775713,-3.54021630422895
agm005529980,16.671988148017583,-0.626450282685132
agm005530016,13.714575465815846,1.6643310749640825
agm005530178,16.792977109685935,1.214235564355171
agm005530212,18.855937611204247,2.868619735421126
agm005530623,18.13696659706008,6.825748107404475
agm005531057,14.846588249472479,-1.0795425069604925
agm005531143,13.271026516951462,3.3585085437395343
agm005538986,20.463224115043474,5.565178861060428
agm005539007,18.23600181570797,2.5185971458152707
agm005539187,16.23482016052581,3.5192798055475882
agm005540356,18.689620894306454,3.8390981208484987
agm005540382,17.261298117503376,1.9093774333523055
agm005540385,11.047576952181409,1.2356634199936671
agm005540400,10.818934302629925,-4.651052951599831
agm005540462,9.583857774813731,-4.352593004143663
agm005540504,14.370154119311293,1.639946294996178
agm005540716,19.119734434497683,2.729244026132431
agm005540725,18.403718809180578,2.536994803649146
agm005540827,12.501695467826053,-1.329403333469181
agm005540859,12.772547580910535,2.019548558911295
agm005541001,15.938282591858318,-0.35959696506632116
agm005541016,14.961154832433246,1.2095419689236835
agm005541251,17.235267626852004,2.983304279591047
agm005541255,17.92694176865306,2.936962262167962
agm005541414,14.342999563304133,-6.481303142289648
agm005541415,15.074238979745834,-5.060032445518392
agm005541605,20.292653354477846,2.4083897701465298
agm005541629,10.90484806796386,-2.4615737817147565
agm005541810,11.347791423091904,-2.5642490653352117
agm005542205,12.149204159398996,0.6990901332138151
agm005542271,12.356292095330767,1.8783718952740815
agm005542412,18.41041203436116,3.342261905345744
agm005542536,20.238886910789002,0.3870351712203419
agm005542869,17.90978682269749,2.973203527255536
agm005543720,19.13996825056475,2.401464773859181
agm005543759,17.587947886093012,5.718058467779839
agm005543786,18.71485299390787,2.630799681106665
agm005543808,18.210190150851044,2.48352140895316
agm005543809,18.101289023477783,2.483830549824898
agm005543838,18.446358283405797,2.553381142126665
agm005543886,13.65134752955701,2.4036342983791967
agm005543948,18.64040404763002,1.2088759592674023
agm005543960,13.807057437520964,3.794020599259305
agm005543980,8.492099659387119,1.0329256243287204
agm005543984,10.361950543582939,-0.8372013449542344
agm005544072,16.487952191052308,-0.27661219347159616
agm005544076,19.310412119362304,4.418975923317285
agm005544219,8.018961289484547,-2.47066472655935
agm005544224,13.82841539121235,0.9064136603473919
agm005544252,13.39288059285347,-2.264694735509201
agm005544318,22.749437530951887,4.979903227118787
agm005544322,18.71212193420322,6.558234652088106
agm005544329,14.828307377950043,3.4382789595314107
agm005544453,14.988458614456778,3.478851853855314
agm005544454,15.045995638754984,3.4916961479984807
agm005544612,14.757708832609094,0.46407126906241203
agm005544653,20.670806752068508,6.904281911003791
agm005545095,14.6404974896212,4.038088236525333
agm005545192,15.446442779748375,-5.0003756202164755
agm005545233,17.455720821195907,7.561048411678193
agm005545243,11.760249246686021,-0.7298053683958508
agm005545485,13.711898086495216,-2.1647465806151343
agm005545487,13.255505971206498,-2.3633620342683095
agm005545534,12.694810776763918,1.7679093292886687
agm005545577,17.737021516811396,5.643108978107894
agm005545614,15.185151357185653,4.225577254413314
agm005545644,19.664825935848643,2.6187146924839766
agm005545674,12.98890757435794,-0.5941696076311599
agm005545824,18.50718790706539,2.6024267415362026
agm005545908,21.061369196032217,0.8413979010550179
agm005545913,18.700016039387197,2.1939512615886003
agm005545917,20.51212730931451,0.36077807877030094
agm005545951,11.20554573789948,1.146214067714433
agm005546014,17.89793373264992,1.0853688251292926
agm005546054,17.17541615430161,-2.5412580665472206
agm005546069,13.275404632883712,-1.050442860794971
agm005546130,18.18021474616658,-3.1406095361563175
agm005546161,7.5155373762813715,-2.1729727206043457
agm005546301,15.19718555628686,5.536516018802132
agm005546351,16.812253976938642,4.284723409250446
agm005546378,18.233623384735363,4.841649181340567
agm005546385,16.68378620312512,5.469264231984236
agm005546391,12.327247249667508,0.7028014213749358
agm005546419,14.739581626493676,3.0416981777354923
agm005546530,14.230772580088273,1.6581346175693958
agm005546540,13.942259789967087,1.8747676816323136
agm005546637,7.626802284689389,-1.96221474617522
agm005546716,14.813196726774876,2.0342855137308344
agm005580491,18.91549926915459,2.093487030907427
agm005581560,19.34502471614817,2.8144781860860975
agm005581572,19.42992712084484,2.876899372162748
agm005582010,19.061322399193568,2.7398233394203864
agm005582352,15.36347737903123,2.488541410337533
agm005582456,18.80467172691063,2.0894682800640076
agm005583054,17.88849898248716,4.043083816158277
agm005583145,19.808417199219715,4.632024390446552
agm005583358,18.43308389603303,6.904342151523671
agm005584751,13.210130225141661,2.097091770336839
agm005585003,18.990763828022263,2.295474474260592
agm005585248,18.907756134622502,2.265921529369522
agm005585340,13.13546384537235,-6.28768412926135
agm005585407,20.18818071179351,6.4564214138384814
agm005585641,19.422015175366564,1.1553734829289937
agm005585646,19.640143014595697,2.9092288962259167
agm005585802,9.191055457452322,-1.9350892666774915
agm005586174,18.981554904084273,3.0989083877842405
agm005587043,16.18344211446364,3.480746893906573
agm005587399,17.299711802408172,7.245626749049711
agm005587945,17.810334642361166,0.8492506924687445
agm005588407,18.03304403340693,2.5640510698693166
agm005588754,14.942563271722817,-0.2808432197606609
agm005589462,13.623007095384295,0.9104497853548684
agm005589799,19.81242854820227,2.9566111663379075
agm005590007,12.915928640739908,-3.6618667345313067
agm005590208,20.455856650071027,3.4364965898900515
agm005590296,18.66585647762345,2.6654753108595797
agm005591073,18.740913385997814,2.6537129158847277
agm005591365,18.915229865423576,2.723170136104276
agm005591392,12.775833419656864,-3.2363945096926137
agm005591457,18.88732583902977,2.697116307449611
agm005591736,18.594481136338313,2.6437305847426336
agm005592312,16.698968285135813,4.5792997128789965
agm005592421,18.203161633693746,3.5299036368735286
agm005592668,17.41253505579414,5.168726833724517
agm005594027,13.297918720951806,-0.44151539421430935
agm005594574,14.06268614844813,-0.336866605198221
agm005594915,15.560581332759613,2.8215545756638356
agm005595080,17.015509489398312,3.6307707634495707
agm005595112,16.95843109635938,2.280203544874134
agm005595341,11.56167491529295,1.4393594434037889
agm005595570,16.104992898547177,0.662051841962055
agm005595976,16.023150107601367,0.7621544457968268
agm005596010,15.93794295940234,3.2539905197032732
agm005596104,22.378030265800252,5.497996579787857
agm005596214,13.705005514019115,-2.259485054323955
agm005596489,13.356666059892271,3.7602660462211954
agm005596916,17.425102269296385,7.661780779443881
agm005596934,14.226455165445467,1.1065346618874627
agm005597030,15.323939592669673,3.0799059775125
agm005597043,15.469920540529921,3.1234126486459672
agm005597173,19.493098483459438,2.9307201764444955
agm005597347,17.36391832502779,4.07041176932094
agm005597470,21.348514964364185,3.986258261902517
agm005597490,15.646221548774186,1.396872001558946
agm005597557,17.859758047866347,2.890388762778086
agm005597589,16.344649563922342,4.083204680697002
agm005599119,18.688398946421234,3.0300252792872144
agm005599432,17.261127373384273,3.290787040199992
agm005599559,15.87675501859205,2.3821452022126963
agm005599773,14.980298879680609,1.227257994387313
agm005600084,15.62859004613312,-4.615087765942165
agm005600520,12.352207474436758,2.2037180820021036
agm005600630,15.320756232380438,2.3967028782222326
agm005600866,15.575873442192005,-3.8093608014255955
agm005600916,14.406612700391586,1.2116863033967025
agm005601349,15.224657040839714,-1.6901434762228458
agm005601378,14.81247553989921,-1.8964195543493982
agm005601476,14.503605301178915,-1.624810344516143
agm005601522,14.792661529808486,-1.513526151896442
agm005602004,12.383188491703939,2.865944664877688
agm005602108,18.607702510427554,5.042126594331677
agm005602568,17.925350080839024,4.667981022502236
agm005602691,15.150252815411733,0.3021726226279169
agm005602875,14.346990171788645,-1.3985696388491444
agm005603554,14.787704427017694,3.3496856673957764
agm005603613,17.884155614639923,1.8816970389909418
agm005603697,17.455760391461215,-0.4093022205736882
agm005603713,14.444711923984748,-0.4648985191673726
agm005604092,15.623237245162803,2.23526758302463
agm005604160,16.81057705485169,2.2588752615528236
agm005604440,14.706960301960638,2.0238930778915396
agm005604879,9.584671542590948,-0.7146930078662846
agm005605396,16.301608514536287,2.2909540977130067
agm005605704,15.812133682205362,3.1128747640851824
agm005606391,16.175684916266086,0.5053010586704995
agm005606574,17.15512036987176,1.8557433706636128
agm005606651,17.51878271797922,1.3578395353584203
agm005606743,16.60465349963788,0.043563549602313976
agm005607468,19.362687636212375,4.131969325856427
agm005607676,13.03563456818275,0.13438864666004177
agm005608751,16.551092097559014,3.1081068065210675
agm005609335,18.746321575310223,3.4309295868080034
agm005609365,12.518499203510066,-1.1109692212527957
agm005609787,18.58138985720013,4.684382456851885
agm005610635,17.222562137714043,1.9627049029526766
agm005611428,18.15800997435373,4.6804609284764025
agm005611509,19.447216010091577,3.0622062646818744
agm005612643,12.921879834731806,-2.2367173529166102
agm005612657,13.086817640857127,-2.1831614871028613
agm005612766,14.664801728372646,-0.7862530191156166
agm005612957,17.85687493273357,2.917344250632514
agm005612995,17.373047412121867,2.7617511241189625
agm005613185,16.594395609421973,2.583770548746715
agm005613995,16.171205073861987,-0.044805429065175595
agm005614486,19.684538716090945,3.0840302331444085
agm005616187,17.37020883184381,1.8975872017978486
agm005616359,11.295035485832406,-1.3178189038784425
agm005616433,14.427124002703719,-1.5172676818808775
agm005616995,20.805900264066068,5.498554606793391
agm005617700,11.851321451489895,-3.7511189424334357
agm005618941,17.669331528902266,3.106071882624279
agm005619020,15.715358686596366,1.0965016228690905
agm005619897,12.758829663988699,-1.4159092876622825
agm005620115,17.59339638859685,-0.07432447364688688
agm005620155,16.4376245826604,-0.570618776266345
agm005620461,16.240432244679557,1.6100865785023977
agm005620956,19.513280885188383,2.379161095245434
agm005621427,16.041680864258037,-0.6562944069913469
agm005621431,16.89459449968627,-0.314681224019127
agm005621453,14.440500974896423,0.44980201830014127
agm005621525,16.853045507469663,1.7201018746244567
agm005622034,19.103554912378712,2.516572822618378
agm005622106,18.32945641985473,2.804104206669839
agm005622533,16.698414916479816,4.043470528187795
agm005623066,16.755261252209642,1.0444299018685586
agm005623619,16.920413101080133,1.5858417192224055
agm005624058,14.732058005292773,2.337537019238455
agm005624618,18.984291556282095,2.687869220945975
agm005624646,21.663801677314463,4.0307876634278985
agm005624755,20.954493957083837,3.8205598301478503
agm005625912,17.869042754897006,0.7532964390559655
agm005626445,13.929140455955801,-2.635422426746001
agm005627113,6.891186281371628,-2.067765366396675
agm005627280,13.883862943137153,-3.7273182098929
agm005627399,17.445513886773288,0.18742450221625973
agm005627455,14.490729685164226,2.9599550737925995
agm005627815,15.303699516728814,1.7651401192910452
agm005627897,14.449774538536362,2.772445266274991
agm005628209,21.39172736053331,4.3359886911758805
agm005628517,16.529368240561038,0.2975316683675171
agm005628938,13.792997569786323,-1.6921005896795485
agm005629217,18.240883572669926,0.19427029453703545
agm005630079,13.438248980118717,-3.382300850856625
agm005630107,16.27256754914429,-2.055834832047624
agm005630212,14.03485526576494,-4.031743817339979
agm005630353,11.734904209303506,-6.252319882452963
agm005630608,14.16840859445814,-7.0952178672582775
agm005630833,11.29247402574721,-6.202316100360375
agm005630996,16.46138865162491,2.4781457047898705
agm005631153,13.785944261096445,-2.5422631799885784
agm005631568,14.107551785994863,1.8171812966924843
agm005631586,20.43619011760878,1.5904985495519217
agm005632220,17.943135886393105,0.6082112825138933
agm005632287,17.607727027231054,1.530101736263532
agm005632741,14.831227086048884,1.5460524194688816
agm005632931,14.017982293878541,3.8665964007444384
agm005633147,20.129651488836895,3.206942071818054
agm005633314,14.264270319364796,1.1414815189608476
agm005633370,15.563508042049273,0.3012583719496889
agm005633541,15.70390958685841,-2.2823859137344815
agm005634107,17.1315246969982,0.8812252374163698
agm005634211,15.157962732622648,0.6602001953958508
agm005634234,14.585916546656,0.7180795430284572
agm005634251,15.293924022115611,0.4599196275444424
agm005634305,16.044928848661275,1.7039978881173738
agm005634382,15.142077230856714,1.3454845338434545
agm005634835,17.627540261531127,3.260639704355912
agm005634875,14.008386143467154,0.5966805548572817
agm005634910,16.176219942677513,1.0431238576652746
agm005635181,17.821255899556128,3.027128737660391
agm005635305,16.78107821718268,1.4726448113316757
agm005635408,22.777718949249063,4.679169405134293
agm005635430,20.51120776964877,3.6419544181649726
agm005635661,16.068686052635286,-0.721685593076194
agm005636070,15.84025750370114,-0.007382047010025872
agm005636112,14.467841578422915,0.028786721854102026
agm005636199,14.558707929918507,1.3917742103625208
agm005636311,16.188347848673164,0.9484640586945314
agm005636516,16.734040063638115,2.050030533475372
agm005636525,19.45996626981872,2.889493457777642
agm005636880,19.0915589394521,3.881558685790381
agm005637049,15.397067669838185,2.563913705613641
agm005637127,18.776579798160903,2.970942227304607
agm005637237,15.635544431575456,1.2551550368336237
agm005637631,19.29308887474814,3.475504298558485
agm005637657,15.93609877030122,3.426657959882073
agm005637788,14.092996257662918,0.4040806638095458
agm005637795,16.427499401179794,3.5646941191166275
agm005637925,16.45952761548152,1.7388274968715602
agm005638274,20.033419691100605,0.8058745958713575
agm005638603,16.878398707070595,-0.5554205640090158
agm005638804,17.794457600786835,0.1421696723755493
agm005638839,18.26950315084626,3.0500260110871587
agm005639192,17.79703122083369,1.2901762814605746
agm005639915,14.586044573622367,-4.051210527616833
agm005639976,11.228877676321693,-3.576917725954434
agm005640127,18.76990986159908,6.350178200108367
agm005641129,18.65145058931791,2.986007052513622
agm005641898,11.595255434152591,-2.501949167350331
agm005641920,15.7792447059584,3.039448515530263
agm005642216,16.332099743726342,3.2719846817101654
agm005642258,20.8550583852983,5.064319987294592
agm005642306,21.938229196474854,2.054185341406351
agm005643129,17.738681523833936,-0.6238290489988051
agm005643283,15.93168534549438,-1.0910608889813986
agm005643914,17.27720323017709,-1.0810724336735962
agm005644070,16.975301094910964,-2.0560914706168494
agm005644236,12.065408760400663,-7.291892342180706
agm005644298,15.057554643162867,3.2736541960732137
agm005644357,13.618927655889335,-3.2139038790794614
agm005644588,18.191911794776328,0.9775221158073428
agm005644954,18.667195295361097,-0.8698699817407167
agm005644991,14.272829784362969,1.0415573886211196
agm005645271,18.708790060309873,1.2333105119215755
agm005645406,19.11534944783198,1.285358298839269
agm005645663,15.18379968092111,3.6848179463381205
agm005646455,19.578660385898388,6.309748816154123
agm005646509,22.758967258469834,3.1690125768138215
agm005647164,17.73625917054423,1.5546011791940113
agm005648423,16.63845025706895,-4.938935754568764
agm005648768,21.684629502868905,2.1032557121887465
agm005648968,13.049251530413523,-5.0531816604003295
agm005649023,17.86374238913446,0.8685894990643549
agm005649113,15.509887949289274,-0.44027493493676256
agm005649125,16.759447405025572,-0.0942058717707468
agm005649260,16.833478793643046,-3.585267417009445
agm005649652,17.357930259242753,-0.7562712786518387
agm005649657,16.356322801767337,-0.6045984541787952
agm005649765,18.52226120212889,0.21335003865801738
agm005649803,15.356224472748586,-0.8859422420134789
agm005649856,11.294461649483646,-2.882261963712732
agm005650071,16.65595013226857,-0.985681784025223
agm005650074,16.12605810008807,-0.9157359377930021
agm005650147,15.556446529015423,-2.0610683515079784
agm005650273,15.630342950703438,-4.715967169912734
agm005650359,16.56040396388527,-0.9546727786544486
agm005650555,19.299909203886475,2.0309453754135887
agm005650995,13.023019878282426,0.01785571760400965
agm005651111,21.806685463354956,3.003320462154498
agm005651236,21.592223784576674,3.1042818309238975
agm005652123,22.424873038412176,0.49075406254269066
agm005652184,16.4319469558175,0.10941101275974437
agm005652223,11.462995681730368,-5.742023959020508
agm005652264,10.216969371622634,-7.5797459861534735
agm005652281,10.8311139778068,-7.347513407830763
agm005652426,12.585405600352253,-5.415485596818595
agm005652534,16.81664856302471,-0.6419291223922711
agm005652649,22.51007316897396,6.5579624246949
agm005652681,13.579603746231738,0.8410867434070036
agm005652972,14.252059269472557,2.9672383016067583
agm005653772,17.981138943852965,0.2642634817374881
agm005654033,18.8728328033209,-0.25542738939519555
agm005654085,18.63990276170558,-1.3109498218072158
agm005654133,19.157116066411657,-0.7977749290016997
agm005654177,18.245515997411108,0.3520136443177104
agm005654680,18.290242341032492,0.10918529197617488
agm005654842,18.121953550573263,0.27182050294869126
agm005654862,13.291791169519,-1.8629858598176796
agm005655232,17.62177419197658,0.11043518049540661
agm005655524,12.33383268978231,-0.15127561382911855
agm005655762,20.133829918363784,2.0590526112777887
agm005655971,22.60967025804663,2.7036791031956753
agm005656815,13.30077943633911,-4.754660276043974
agm005657189,15.546775885974403,-1.7065951465140017
agm005657198,15.919862993227154,-3.5519316497187785
agm005657305,18.98650218910826,0.10131411770610892
agm005657691,17.713836976045627,-0.7604219153841155
agm005657855,17.777700664265165,-0.21945611345396662
agm005657871,18.05881847396697,-0.6157381126957494
agm005657946,17.120342676475595,-0.5049363887245603
agm005658131,16.11336257975625,-0.8703573320940977
agm005658294,16.71538120037874,-0.9101902771111909
agm005658734,18.56689506428822,-1.057077899365294
agm005659056,11.39166551933131,-5.7866448358040685
agm005659085,11.537976147136169,-7.838896714587979
agm005659150,13.931958356908725,4.085546883394224
agm005659328,16.571391055472386,2.9864976204594402
agm005659597,12.490619970040264,-6.155522078009995
agm005659709,12.061550983964986,-4.058074668335627
agm005659983,12.790663807350883,-4.093853559441846
agm005660539,23.390987064716782,1.7558483389965172
agm005662506,16.75896428660647,-1.030438527463333
agm005663619,18.881927726814062,-0.6493344508673653
agm005663660,12.353655494941476,1.3271415083908404
agm005663784,17.36261118358498,0.53212183241673
agm005663842,18.28503480225397,2.6855964552242733
agm005664341,19.828568769974563,2.3487145771733737
agm005664999,18.67587790587564,-0.12000675204560096
agm005665066,5.413952779587829,-3.913990557416258
agm005665311,18.215313069799347,1.9700498032039313
agm005665631,19.349568153670653,1.7734979465567153
agm005665681,20.873271277570314,2.0613054794665886
agm005665734,18.285882596621025,2.5841303664670896
agm005665776,18.78041550112951,2.719450450796497
agm005665795,20.70033920891323,2.512564396269324
agm005665827,20.528236017517305,2.5041611021428296
agm005666137,21.172330414068238,0.141657849524778
agm005666762,15.874538703354593,-1.7502294870942592
agm005666789,19.88379643905894,2.370900618470847
agm005667046,13.45815357230781,3.5512727695397186
agm005668490,18.554046057414123,2.6478333555552247
agm005668537,19.82783501692277,2.9110962170756296
agm005668545,18.669454402558948,2.581163539181722
agm005669978,16.367595157124455,-0.22905895362734885
agm005670704,16.67449216783767,3.9332930287289263
agm005671259,14.5520047399402,1.4790307844297577
agm005672078,20.722112231669794,5.201950342682999
agm005672114,23.70126614024589,6.326713291403728
agm005672851,16.725034350086677,-1.5289734203082859
agm005675910,14.84339814793268,-0.8726289203567538
agm005675966,16.057929513440754,-3.0723877971263205
agm005676057,20.91667863959144,5.456479093546289
agm005676379,16.091689534616666,0.34809272907984595
agm005676632,21.8716780977296,3.043605115403595
agm005676668,21.050941912227046,3.1522348483548135
agm005676740,17.8648557471505,-0.05214681743359062
agm005677145,14.861360222792719,1.3810264973198532
agm005677210,13.679776597624004,0.3246435350582626
agm005677220,13.892334635583723,0.4104455124014912
agm005677393,16.809215862795273,-3.0877829009992097
agm005677505,17.42211521212733,0.4426278814604805
agm005677694,21.479673603651054,4.738117299470287
agm005677735,22.01162357322792,4.4559567564825775
agm005678969,19.24393060555039,2.2542598380928354
agm005679614,16.208467554238094,0.3681693242201736
agm005679645,15.438125390923679,2.656804460818639
agm005680013,12.051905793826554,-2.715808816542873
agm005680119,11.754716179896247,-5.015161583736696
agm005680306,18.408506756450734,0.645200710003909
agm005680318,17.897261996191528,1.0408568880817544
agm005680342,15.290554219516286,-0.9816201846641052
agm005680663,15.540363275669995,0.26475416010155745
agm005680702,17.23943141694121,0.8731744818055075
agm005680810,10.933344611513625,-3.223699056034373
agm005680853,14.50255847141625,1.3176193005486063
agm005681081,13.274593715572239,-1.2632088981556653
agm005681139,12.447946283682278,-1.589823120557514
agm005681165,14.220971657246587,0.2474736799208118
agm005681191,15.410192693167502,-3.4075624059644003
agm005681244,15.275467524917069,-0.47766392270913904
agm005681260,14.023772821896054,-4.237091414153151
agm005682034,15.131714103224363,-3.425458958105273
agm005682154,17.782690024020685,1.867960083028688
agm005682165,14.540461941368589,0.04788078757318933
agm005682336,15.425916134970178,-4.5326692894621035
agm005683187,13.983811291989626,-0.77820730649193
agm005683984,14.99923115645685,-2.2107808629693975
agm005684832,14.424055994007112,2.3093488030960505
agm005684875,14.440243362520356,2.030707010966674
agm005684967,13.317219813837152,-4.104172505776615
agm005685367,14.80095718080504,-4.570756822214459
agm005685513,16.047913414524846,2.688898032612302
agm005685665,15.510639053940436,1.6085564843139615
agm005685906,10.981171255468247,-5.476325592201234
agm005685956,13.977522788745564,2.6963832089820388
agm005686061,13.58128391327476,-2.007716640881615
agm005686362,15.187367864283061,-1.4952013046375725
agm005686530,16.368555691290712,4.261464928511967
agm005686695,14.725217047714061,-3.3144512641878348
agm005686837,13.029930683848528,-2.608240254797415
agm005686863,13.755605945366158,-0.38398352615470976
agm005687138,12.34130957173686,-4.473174681813363
agm005687448,14.45138759488394,-3.9602692135920754
agm005687526,12.26238623430256,-4.287719803194297
agm005687809,14.92050552527568,-2.896637143764439
agm005688045,12.082332921091654,-1.4569897298996672
agm005688201,20.1374795515796,-1.8480516070923727
agm005688376,9.109211661331491,-2.990660957246064
agm005688537,16.73725383010264,-0.6700447657865739
agm005688550,17.062374400921833,0.5703985680723997
agm005688846,17.149014327914692,0.4354192584478002
agm005688923,16.692864351089604,-3.0263213896215464
agm005689651,16.775394245268174,-1.898854879935942
agm005689739,20.453463123582353,1.711252469696846
agm005689900,11.434033202790665,-4.042654082138137
agm005690481,17.986448703246438,-0.1338889921268477
agm005690501,20.0685223745583,2.6286526499010794
agm005690629,18.28225088311127,1.5151220893691384
agm005690814,18.32860422499731,0.7792651698785965
agm005691100,14.42109194542489,-5.296498975171584
agm005691220,15.850341318313754,-3.723487404436914
agm005691223,13.802520785361564,0.5085035259954213
agm005691259,13.598960638063659,-3.184470218976161
agm005691277,15.048047491595101,-6.643104568030218
agm005691376,13.960696138178214,-1.6615885939196595
agm005691429,13.718700828759388,-5.4826347506350075
agm005691552,14.192273043892227,-2.491899386632234
agm005691620,13.43827217342893,-5.390242170329564
agm005691976,15.549057356006307,-7.474442929475795
agm005692077,13.832212834849763,-5.500881322718198
agm005692101,13.34843301804279,-6.4670325041430985
agm005692117,13.396560143331506,-3.234206711348863
agm005692202,16.739686240687686,0.48865487652819556
agm005692344,10.698378905085834,-4.645771432150642
agm005692589,20.642314976229382,3.1188070051689194
agm005692986,11.055478453112192,-4.0288871263255865
agm005693021,14.321063131832103,-1.4958724545478834
agm005693356,21.541383359130396,5.117316087384654
agm005693527,16.509746830127444,1.263640172682516
agm005693906,12.446085855136417,-4.171482561894217
agm005693940,9.805677904583057,-0.9030459295708061
agm005693976,14.888292220199736,0.02253007394020301
agm005693996,13.34717328931931,1.7587155003385835
agm005694212,14.466223479063656,-4.384361679858958
agm005694286,13.465352140837163,-5.024676385274092
agm005694579,14.264060685879995,-1.8438375544414203
agm005695245,13.972831265869935,-3.9104273016925775
agm005696009,11.536425354319945,1.3666951483169605
agm005696103,13.469865591582076,-1.6431307224223708
agm005696122,13.674860221771718,-1.5703214550180213
agm005696280,15.16736774805981,-2.3773043358330335
agm005696471,12.44754096013349,-0.8006970130085467
agm005696771,11.939180068023864,-5.75624885217101
agm005696874,11.342796143951523,-4.203004192293342
agm005697047,13.441447632200552,-2.0396526208933885
agm005697148,14.292573799618063,-0.714930842833318
agm005697262,14.00788735640001,-3.264301278762423
agm005697553,16.254768332736102,-4.550350432526044
agm005697606,24.40449752010475,5.644034325147243
agm005697611,15.360740865177272,-1.1500179145524185
agm005697643,10.906871283385316,-3.5463496429190027
agm005698477,15.24888857959469,-1.277147117141143
agm005698726,11.840583904908298,-3.310337539148921
agm005698962,16.181177090684102,2.1397197663102907
agm005699635,13.732183960845632,1.2325877515827113
agm005700188,17.423100330374332,1.669466659325914
agm005700732,14.116329701716376,-1.8044642113193337
agm005700896,19.297555171439,0.02301049857454866
agm005701008,16.679744623885746,0.20414141731928778
agm005701548,11.079107092174079,-0.14091641133718666
agm005701776,13.052729584513516,-0.6109398577509566
agm005702045,11.11889891269417,-0.9408766083705439
agm005704081,17.85688964038742,0.8917341020659393
agm005704164,15.77673309533747,1.0153312334730475
agm005704438,19.240576794461038,2.8501030097078535
agm005704470,16.978111926566523,4.433572100450881
agm005705880,11.759679986628088,-3.9271320429084255
agm005705911,10.996418066290303,-3.9142700480443438
agm005706253,13.582765368635316,-5.7193355884207975
agm005706502,16.023076522639244,0.4015472227029934
agm005706851,16.684938563588137,1.0082191741957995
agm005707251,11.389038834850512,-4.452073197053815
agm005707792,17.626927862737304,2.111000830730383
agm005708294,15.659911429327204,-2.1220615593348313
agm005708927,15.271117416787718,-1.9669015556927623
agm005709092,17.36779292338281,3.9013333272702
agm005709179,15.315734630636603,-0.41218260998082873
agm005709401,15.545145092055153,1.7590271330566711
agm005709404,15.403316175116501,2.0248828948620807
agm005709410,15.588138014651252,2.0853240492626433
agm005709417,16.64449681830959,0.18448398686640566
agm005709518,16.05608186684653,-2.6157748423437632
agm005709638,9.421820147802205,-2.210177184265053
agm005709639,16.313978461194235,1.5222899386728634
agm005709722,18.7473334167311,2.4000233321277356
agm005710025,17.75588539915552,2.759832577765318
agm005710924,17.231544252900832,4.328233735358776
agm005710962,17.9214312910359,3.1603349883924543
agm005711281,18.108288969446487,5.609647588548229
agm005711375,17.271534666146742,4.238031648172427
agm005711417,21.150062763922655,4.643464664235364
agm005711522,17.160814048024466,4.171046301962698
agm005711549,17.67592002839518,4.318801721188475
agm005712111,18.149001229618218,3.54553356023127
agm005712310,17.58308084506172,3.348944221065922
agm005712766,19.971531723278428,3.533075836230546
agm005712800,15.095979497001249,-6.630775127770891
agm005713801,11.563120476216595,-1.7334107027546903
agm005713849,14.850389103605211,0.30613893644772955
agm005714663,17.881603618569876,4.001246851934579
agm005714758,16.797927970942997,1.6745972621179064
agm005714869,16.6533694171498,0.6327774407876579
agm005715192,17.405711218507538,1.8425045159404618
agm005715690,16.865416813842142,4.2190974861804555
agm005716630,11.84070686031528,0.9246934952814083
agm005716942,19.287231108387605,2.732081283090583
agm005717407,10.544371874722419,-0.2828399882654491
agm005717627,13.592213302183643,0.26450506114881617
agm005717823,16.45358011998938,1.8348543360979068
agm005717837,16.636549952163907,1.903920481609786
agm005718647,16.883520732603873,2.431216651770653
agm005718756,15.961457929688349,2.527226477220934
agm005718806,16.427616027204596,2.7195995948263767
agm005719058,11.744460981809924,1.1714983645742347
agm005719756,17.12369584643037,3.3439317658130014
agm005719965,16.703785654019367,2.110502421032992
agm005720559,17.123843323360475,1.2364495800569806
agm005723799,14.514269458391459,-5.510462552483687
agm005724261,19.125831870132778,3.691020562440522
agm005724341,19.205835266366048,3.745415981935048
agm005724531,20.60331646658643,4.014860792257984
agm005724601,11.992297721542748,-0.528828096294839
agm005724937,18.942641837529504,2.930272341506985
agm005725054,13.668203415944896,-3.4636609351772463
agm005725080,14.330697731705838,-5.94294342506372
agm005725082,18.45178935365617,4.11560537324579
agm005725319,17.318222330787826,5.132546380698021
agm005725343,17.788642827913343,4.03208310777045
agm005725673,18.073663444899076,2.882366419794321
agm005725710,15.605333413821848,0.9596499289197098
agm005725716,20.3907039467211,5.006736705332499
agm005725859,14.666773275127102,0.7693480615635601
agm005726174,15.604032186079145,-1.3820983154077748
agm005726359,14.246636201967938,2.823536517861183
agm005726400,15.879546730866394,-0.12313839620866673
agm005726421,16.13557181336254,-0.4234825531575318
agm005726758,19.127070929823784,1.9947651616161828
agm005727003,19.71233781092403,2.9704760722381636
agm005727289,17.866319409053723,4.279286203310193
agm005727295,18.474712397629617,5.265160978639783
agm005727306,18.114532020940107,4.4947916247224065
agm005727527,19.62801211178866,5.468665944856126
agm005727540,13.966791690295485,2.778654246831183
agm005727812,18.587260185863183,3.130917862351263
agm005727973,16.055712613425335,2.317075519243259
agm005728056,21.55721571651767,2.694020810904347
agm005728424,15.811965233771415,7.200514933042645
agm005728537,20.729824200648405,2.135398776450225
agm005730035,18.891409027192026,1.5171099573129243
agm005730171,18.572436623362105,2.295595050579925
agm005730200,18.76949932687818,2.3618125821072824
agm005730261,18.35433922812613,2.2634618863156923
agm005730557,18.202983225727518,2.217932244590577
agm005730622,18.22715579832098,2.2261860806867744
agm005730636,18.567470058704995,2.303941703921128
agm005730800,18.479186231095284,2.2693116815771894
agm005730884,13.866189382579478,2.4538711001975564
agm005731217,19.380528600882336,6.745647639848694
agm005732215,17.081056220084367,7.924794760609803
agm005733992,6.500921274531307,-3.9589215355852034
agm005734296,19.5070094446959,2.8664131077019817
agm005734703,19.118566378586305,2.7592664292945606
agm005734737,13.698990296643546,2.3203969583701003
agm005735078,19.553467945987435,2.8789865151378913
agm005735265,19.05159290558853,2.739534856861089
agm005735524,18.73311027056467,2.656151666615133
agm005735593,18.59516899123266,2.596326540351574
agm005736265,18.689823809207045,2.6296536623547007
agm005736599,15.328872232516634,-1.5248281906229963
agm005736631,15.844167519004154,-1.1137631201282794
agm005737533,15.151213089310207,1.064672369970446
agm005737791,14.136299362548748,-0.017637026666963724
agm005738536,17.61248499396843,0.5664678548095665
agm005738973,16.355503656345117,2.183318314611141
agm005739069,15.220713878294964,2.7872722379081054
agm005739494,16.6350086280578,2.362307498919481
agm005739560,16.826443862629244,1.9863531352314645
agm005739568,16.526955516764,2.378435013535579
agm005739673,16.630679383554767,2.5522129710981054
agm005739857,15.481874269873286,1.8379296157517846
agm005740084,20.645685449990278,3.9256843986566885
agm005740179,17.63417952029883,0.7632676461917592
agm005741208,18.224669122221425,3.0403450985295755
agm005741249,19.177741740380558,3.9772998126704864
agm005741321,17.503802929610778,1.1617231751184391
agm005741360,15.994369359055801,0.3442279148352571
agm005742017,13.144909720136532,-1.828661906815012
agm005742330,19.482859545755996,2.3550354347158127
agm005743058,17.625103010410218,3.179225112758862
agm005743214,13.595102771564898,0.37202885376439393
agm005743468,20.774826021492792,5.532655386072892
agm005744375,21.19828828651923,4.225470391556681
agm005744518,14.853284510780169,-3.689257539580768
agm005745022,13.963382662841001,1.328827733669203
agm005746064,11.42670550047953,-3.493635107306447
agm005746420,18.13408141813954,2.0856352962738165
agm005746500,13.667993114184332,-7.481153373870266
agm005746952,19.025466899129892,2.2414520543641743
agm005747654,18.62378146739145,2.31340888079207
agm005747698,17.59373376197958,3.4197895123583706
agm005747946,18.51086489216322,2.2620790423138217
agm005748632,9.321073702991894,-5.983512875821267
agm005748638,19.8273448107843,2.4975597518845682
agm005748853,18.943076709151445,2.6894625561182344
agm005748910,18.984765882431542,2.7057228459624567
agm005748983,23.77880641062903,5.380505810159997
agm005749024,19.88122507166156,2.9850451589563356
agm005749207,20.101740530896596,0.7683954736898725
agm005749249,12.981307615559137,2.074113246525324
agm005750209,18.91743838814858,2.65880883935505
agm005750268,18.461742102959146,2.5860275644803252
agm005750626,11.631666570368155,-4.956157866796528
agm005751773,12.555860634591781,-5.433712355733632
agm005752114,18.672379860476727,3.329438639637105
agm005753021,16.337836034538217,3.217804327435713
agm005753251,18.671231551501496,2.2696870336211035
agm005753355,19.40427347811268,3.714801029096653
agm005755331,21.869652590411793,5.969299914937868
agm005755741,19.637788078168956,-1.1752557927521654
agm005755854,19.690105594477334,-2.061399686553577
agm005755886,17.59100694057555,2.679006478082774
agm005755978,19.030642888691393,2.7305557824199838
agm005755982,19.312239766637198,2.744987393335027
agm005756780,19.124553199129767,4.626762852594371
agm005758419,18.2431474398596,3.4672180664390324
agm005758638,21.35417748393283,2.9989751658902137
agm005758688,10.71383375491668,-1.3105059242488555
agm005759120,16.840661981271882,-0.9320558972510314
agm005759277,20.05823514767405,1.828547390662249
agm005759929,19.839634216857522,-1.0055687559659414
agm005760064,13.476842654218272,1.158465096985264
agm005760584,16.662771110489505,4.748281247750116
agm005760652,17.392980567567083,5.004914580533267
agm005760917,15.329513944281915,-4.579377226226742
agm005761385,17.60487783358162,3.7364644395138455
agm005761818,13.620745935604253,0.34754899077456436
agm005761825,14.483078713085504,0.8969671124283227
agm005761883,12.942426674156897,0.06798379249217017
agm005761896,13.106849257179517,0.010207465300381932
agm005761902,14.299527702091568,0.4585344654697536
agm005761943,13.706395477731787,-0.11341408644849693
agm005761998,13.744143612880094,-0.09777143896638958
agm005762174,16.851179495995265,1.8645892963394683
agm005762389,13.040927117712286,1.1706113333305985
agm005762686,14.668211830934233,1.6399992547725002
agm005762812,20.24814323243044,5.609418423242732
agm005763047,18.533474811350224,6.0477342259255655
agm005763089,15.787886943638627,1.4245963648132236
agm005763160,16.992196940907974,1.9938692151331867
agm005763167,16.937263609113703,0.46004769621097746
agm005763243,18.384917376659768,2.6459042672357973
agm005763390,14.664823204325302,-0.40566096441814165
agm005763628,14.270621842977713,3.609349153835467
agm005763689,13.274807731156457,1.180391788255335
agm005763724,13.829410643265142,2.8897918619655285
agm005763734,13.942198902940634,2.9393752150656187
agm005763999,14.442325350082447,2.5027875266885253
agm005764099,14.0048190759381,2.3541679135073097
agm005764152,14.243300331871223,2.4555241408569946
agm005764268,13.837354192805451,2.117365644039971
agm005764399,13.7563060542038,2.2700259114053982
agm005764447,16.357305874885,1.8371295297105874
agm005764472,20.501080794857206,3.5963154764846514
agm005764573,17.303290371695734,1.5098606871322968
agm005764837,17.283470673348237,3.889596606106933
agm005764979,19.445950598979795,5.11016590716081
agm005765146,21.37218538841371,3.1069754255700204
agm005765180,17.802845578794365,3.839769883126163
agm005765570,17.475353200463445,2.033564533571706
agm005765871,18.726584896447225,4.667296149182711
agm005767487,14.996593071603577,4.432191345761167
agm005768371,9.724751485314526,-0.8935625381408716
agm005768517,16.356391473124198,2.526763956996012
agm005768955,15.053696090307435,1.481263862673302
agm005769719,13.068737977222009,1.244506484455152
agm005770113,17.27543191197879,1.489059214374823
agm005770367,15.622067177446432,1.877673995548659
agm005770484,15.265865736893701,-5.10703751080066
agm005771035,12.925299039086418,-4.82819104412428
agm005771162,11.847144356169787,-3.4910701312446624
agm005771389,19.69448784479307,2.8314868964120725
agm005771399,18.996343095392017,2.6648904542464766
agm005771704,8.608148508386327,-6.186048464532185
agm005771807,15.96431526451683,1.5798702717454223
agm005771959,11.222473476353846,-5.026780852052302
agm005771970,14.14868658624467,-2.0932263359597867
agm005772082,17.498169630799563,2.3888739380584285
agm005772868,11.31414546514032,-1.567549537709415
agm005772927,10.857190772199992,-2.0307531200923274
agm005773607,13.436743864688468,-4.432643912492076
agm005773704,11.944354658002515,-5.007058229754596
agm005774011,18.30292232889906,1.6909917930979976
agm005774071,16.326104731646105,-0.800158660098969
agm005774223,10.609977343598512,-2.13824700880747
agm005774394,18.242233020184457,2.8642429554596744
agm005774410,9.462078707995847,-3.656077939274716
agm005774681,14.90062199702335,-4.646536610336444
agm005774736,18.295363059126185,2.730379505843621
agm005774778,18.22033218637926,2.7092619313146407
agm005774851,18.329267547438743,2.7665905796490384
agm005774917,14.519451832765483,-4.347473393774241
agm005775070,15.81168251635649,-2.95543165387102
agm005775208,15.481321058649234,-0.12736175398794902
agm005775397,15.755372975098528,-0.0024687244953387477
agm005775553,16.356129281535477,-0.5255350321927436
agm005775556,19.687200422867196,3.344673877325512
agm005775702,18.97608367014226,3.1263525485677612
agm005775996,16.249777877783373,1.2079894010231342
agm005776403,18.329566110289136,2.3340989912135712
agm005776464,17.507271678256718,0.9716219604420525
agm005777169,8.941169931051226,0.8633053351453478
agm005777700,14.482964173400054,-0.884260458462979
agm005777869,18.562486725025654,4.322906102272515
agm005777908,18.462097543085985,3.0962067462698335
agm005778011,18.51749674514794,3.4715509101691815
agm005778455,17.902289759973318,3.426379660023393
agm005778523,18.925461843046186,1.8937111137368052
agm005778599,18.66591469270058,-2.771386951229433
agm005778965,16.495250512052017,1.6148648810164048
agm005779262,17.076173027876006,1.9769045260535762
agm005779558,16.51842286239673,1.7555154396888746
agm005779757,15.551688629589435,1.2361007453491926
agm005779982,15.850650345720352,3.062314601838255
agm005780138,16.28135342623495,3.7985477258483384
agm005780206,18.645692837350396,3.69255720210633
agm005780308,15.615221255538778,2.1271317769111664
agm005780819,16.938004471122422,4.307515772779757
agm005780858,16.205685884203955,2.8590379632147864
agm005781227,16.697349997646757,1.7844599555599021
agm005781552,10.617683473341035,0.7251356937826307
agm005781845,16.073802973093358,1.8598031128274404
agm005782376,13.648916718482168,1.3153908971146258
agm005782514,9.411348965936124,0.10858206435133096
agm005782597,16.571429968179896,1.574399117594633
agm005783025,10.369073803323893,-2.833719118852891
agm005783171,12.658836951834617,-4.2624647735741545
agm005783280,17.22755034710606,2.546361833117004
agm005783353,13.227148157331657,0.30441471136296866
agm005783776,10.246214523729291,-1.6128101616146484
agm005784023,14.869508004364114,1.8594220273344064
agm005784074,16.07121451744846,2.1500878740791585
agm005784133,12.469999786146007,0.17065935683117198
agm005784384,14.15623201626582,2.381014088709344
agm005784426,18.526771339150507,2.5861621895541353
agm005784760,15.519977188791415,-0.07679495452183716
agm005784897,18.110727593382617,2.2687790534966616
agm005785341,16.413606954184626,-1.7623183491402437
agm005785406,18.249423288882,1.3860870942865613
agm005785420,12.351961843149903,-0.9667814454013713
agm005785665,18.24561600076107,2.241794061994883
agm005785724,13.691845056398675,2.469489866431779
agm005785861,15.816260658997876,4.37979651373825
agm005785997,13.734807414351131,2.9027791845719766
agm005786090,13.17073232714671,-4.964874519752667
agm005786147,13.873285275314716,-5.750551033618006
agm005786200,9.528917628041402,-3.1020185709347996
agm005786316,10.13902339047867,-4.259089502351352
agm005786352,10.330477441318122,-3.549363390163832
agm005786429,14.320335937523645,-3.442064843058809
agm005786548,12.853537759817042,1.3405367127400651
agm005786590,15.112219272343049,-4.294314804262976
agm005786949,15.559497649863644,2.6378740869576904
agm005787170,16.25774866003594,2.7490113688517734
agm005787410,16.981794669438884,3.1941565709625537
agm005787780,18.01689711725375,0.4062293350389439
agm005787958,12.81170309189836,-7.208351583321343
agm005788178,18.657969904324254,3.0231596737462945
agm005788214,17.437690765300488,2.6717508668728533
agm005788221,17.464733161871646,2.6798833698836404
agm005788356,12.430811230237943,-6.609913083545666
agm005789578,17.09407740201403,1.4972606422462296
agm005789809,15.845415129148476,0.7388233668452132
agm005789864,15.769181708672347,-2.9079117265914487
agm005789947,19.462475113989115,3.0179667217134707
agm005789964,15.40804073677383,-3.072322545835863
agm005789981,15.449611432123547,-3.052751197412358
agm005789997,8.695382002276082,-3.881927601702484
agm005790037,19.20870840992971,2.9292397511765103
agm005790119,8.064531857650408,-4.35601386294987
agm005790157,7.856503128855304,-3.700945382582448
agm005790203,13.815870885126389,-5.9432390108584885
agm005790302,18.61003222212844,3.1663705176660337
agm005790340,19.169736616611118,3.326333592439324
agm005790487,11.95469132376027,-3.4829488498910206
agm005790528,12.458947311481367,-6.114140620829073
agm005790548,15.546829256678954,-3.406599598818565
agm005790876,16.664276433997415,-0.4850599985804204
agm005790980,15.561916535660066,1.807528974816302
agm005791039,16.828238845089587,-0.3655923786971081
agm005791276,23.127329458252508,5.810771441380806
agm005791535,14.183004669216258,1.1214639413045298
agm005791700,16.00666087375448,0.6043615421875046
agm005791712,15.79953731840344,1.548850981024381
agm005791761,12.364284335910563,-1.5012214711739755
agm005791916,11.659828143853543,-6.650814765471424
agm005792322,16.86306000801277,-0.839738874398277
agm005792888,15.263297445385653,-4.373736126616542
agm005792985,16.27890824553484,-3.7378668798960284
agm005793075,20.13106742012241,7.44604666894663
agm005793112,19.680511296775908,4.081228263085676
agm005793156,20.901256003940873,3.1675558392677594
agm005793291,14.009423348416306,-4.560754153812057
agm005793314,19.317665693981752,3.908680394540511
agm005793445,16.149286659878495,1.3494610473555841
agm005793562,16.111610839183076,1.341009419384345
agm005793590,11.39591741065662,-5.059020546338572
agm005793597,11.264936487047288,-5.223078774592714
agm005793654,17.1287673634631,1.2885042880074888
agm005793661,17.367832819284345,1.3683858397525566
agm005793677,19.319614008354293,6.251903940565101
agm005793703,18.463183060075227,4.701938362898552
agm005793748,17.664371470602592,4.433771047473272
agm005793781,18.34632596342273,4.392434763809603
agm005793980,18.159168873882603,2.1448484476400664
agm005794106,11.230033116022076,-0.763325355490597
agm005794445,11.955322149126829,-0.26640015779123044
agm005794659,13.075748538216667,-3.954903541051556
agm005795070,15.971267518891269,2.9553394983954457
agm005795076,16.196799508925626,3.0088564489172644
agm005796437,20.556697611565834,5.52104554828135
agm005798336,15.75968264023681,-1.5158464489317975
agm005798657,18.548100983426526,1.617993424737218
agm005800456,21.607669114318043,2.465154337932186
agm005803552,19.608813334282246,1.0630195328677665
agm005805916,15.549790167926332,-2.0622259149213717
agm005806151,14.472976961754247,0.37975560057807556
agm005807102,13.847665728471537,-2.9851179206625758
agm005807140,19.204563605114835,4.556357933822169
agm005807173,19.85658779276487,4.0422567400006155
agm005807185,16.038391293488267,2.592473322948763
agm005807233,18.369843380427742,2.7159147672063284
agm005807347,13.969999866065896,0.8390462707422586
agm005807471,13.586422966970764,0.3673416706266067
agm005807524,14.863251710279684,1.4968003282993565
agm005807599,18.090967239919994,5.430854985384233
agm005807633,15.41892014146688,0.7799447705230584
agm005807659,13.665488581798115,-0.5796399279259233
agm005807683,15.214052623276842,2.7043889803494574
agm005807986,16.55931898329097,2.9283870630315136
agm005808076,15.603737832882791,3.076519922450766
agm005808200,18.223491656164388,4.028103282413258
agm005808207,21.883901136861198,5.342918346722738
agm005808280,17.20605985382607,4.2044699994997305
agm005808713,14.865401705685803,-1.9238765197411383
agm005808919,14.219624789183115,-2.4803247903983427
agm005808948,13.918471486472871,-4.376620577178011
agm005810017,16.30522622917011,3.2038496267413503
agm005810291,14.981730106520239,3.508258621851097
agm005810669,18.551006951256444,2.601222680953371
agm005810708,18.250330990715746,0.44230654332211544
agm005810784,17.865433315970318,1.427288150214609
agm005810910,18.552378259604367,0.5709663522362582
agm005810947,11.19277674320486,-1.8784598963297108
agm005811675,18.98521046259157,2.7827461761245558
agm005811694,18.213208188048032,2.5785539803326336
agm005811791,18.579701356151364,2.55903385421381
agm005811799,18.637381857562655,2.5779827931729606
agm005812842,18.391793738679645,3.607717671174489
agm005812920,18.392455941524176,1.4090548139640213
agm005813104,25.047570240397548,5.9020102321446615
agm005813111,10.583110067558232,-5.652567930965311
agm005813705,11.08326870543273,-1.5557057782286208
agm005813863,18.44533767479095,4.1158702905619595
agm005813878,19.497915658244583,6.899048220753658
agm005813998,17.85010428762345,0.9977545808393401
agm005814223,14.523138854267094,-0.33116411159748377
agm005814307,11.54324193577631,-1.4696125780036244
agm005814484,21.556408356947383,6.08420403287266
agm005814497,25.232542350467853,7.389057285485351
agm005814714,18.09100296468815,2.9138158282052613
agm005817004,19.14589891012835,2.790225834951356
agm005817085,20.193580142018504,2.4741390597870785
agm005817430,18.82341586059607,2.673687894857762
agm005817700,14.433055927366402,-3.431570063669511
agm005818066,18.736199506871507,4.6738032935793825
agm005818345,18.83552890517006,3.6200129205366594
agm005818705,14.075270467902449,-0.495395542522098
agm005818743,14.436470236586004,0.0452034662506294
agm005818777,16.211488817630528,3.270988635956907
agm005818943,14.316921177329682,2.589226868922593
agm005819009,14.592621146485952,-0.1032270238996702
agm005819285,18.73698876140482,5.257827584531355
agm005819487,18.06464939170915,2.885484891388625
agm005819568,19.385072273217958,4.183607642615256
agm005819608,18.163747761674895,4.237901983977335
agm005819674,17.127125173429615,-3.4654681296164527
agm005819797,20.256644071463594,6.580578656085791
agm005819801,17.75175354991588,5.391266102852064
agm005820519,16.1092055910697,1.3847276801815707
agm005820619,17.923138496933564,2.8312151381427895
agm005820769,12.0541956847538,-0.12445444762412865
agm005820994,18.45058446272612,3.932224595616824
agm005821130,19.290616016768542,3.231001399449332
agm005821522,15.735197512094388,-2.6545835426997333
agm005821531,18.716744503605373,6.430982811556498
agm005822057,16.879294973858954,3.2391337233102377
agm005822082,15.756780220294177,1.8759610059017404
agm005822128,17.09185115097432,2.542510415695812
agm005822204,18.189839757812965,5.898033749994048
agm005822209,20.08020664175015,1.604447441342953
agm005822522,14.951106161735732,-0.7154274579474844
agm005822873,15.444720617835102,1.8965866555741637
agm005822895,16.156389181996722,2.0444184556031346
agm005823088,17.18627807580675,4.126419398647118
agm005823107,18.958135493558302,2.6979233246371463
agm005823483,14.45506134705931,-2.4467372937801763
agm005823573,20.424953461624124,2.5545033599627125
agm005823802,15.976531102067833,1.7880581197434122
agm005824106,19.822650444847103,2.9619207900386066
agm005824177,19.001205566936115,2.811583528218771
agm005824547,7.100126824047185,-5.826680354856823
agm005825039,12.502745088953851,2.64771185824017
agm005826178,16.596813868867834,3.6597861534596845
agm005826463,14.50736927836065,-1.6119615815776769
agm005826527,14.926433414722432,0.5643367343811493
agm005826632,15.799413697946616,-1.2095152727518106
agm005826843,15.719012816071896,0.6541069769725864
agm005826977,13.763831823364916,-1.4882311338767138
agm005827008,13.588458421652144,-2.1618083973315105
agm005827052,13.361021786077755,-2.270344026867987
agm005827392,20.36136351138601,1.1245079692723305
agm005827402,20.340871973501205,0.8341291968630635
agm005828353,18.767875045271477,2.8056263623946536
agm005828621,18.22413804201277,0.8726886565767984
agm005829441,17.2807267970153,1.7849256123826884
agm005830384,7.649086150319517,-3.6868356380043066
agm005831284,15.823897988256158,0.8924665699250213
agm005831478,12.480899273609747,-2.282497980388862
agm005831632,20.110762779552708,3.890871155667032
agm005831853,13.131350253552336,0.03611299127644045
agm005832390,13.96227011275866,-0.1423748609045795
agm005832452,18.329393404307286,2.8180214580512186
agm005832685,14.104931035933308,0.9960776913803364
agm005832698,17.434259327063593,1.8945661076177722
agm005833023,15.318557775159562,2.184550640219158
agm005833399,14.142451269271941,-1.7200863946607179
agm005833680,21.30384199619284,2.866992815581083
agm005833822,17.441859984868255,-3.1194075099431813
agm005834122,14.893426416127696,-2.998296182096119
agm005834142,15.4006415753934,-2.4087419025096204
agm005834241,20.40754349665394,5.753364850538793
agm005834555,14.993164036778003,1.1442641635883057
agm005834751,16.016119529316764,3.2972375965503358
agm005834776,20.353260010366466,-0.49455930018789357
agm005835447,16.947424866263024,2.313921505986991
agm005835522,16.523246359137648,-0.1854833852378171
agm005835598,17.888261988998135,2.170563478234943
agm005835727,18.869229057545294,1.7756217625186714
agm005835843,15.578796735743754,0.17993484347359043
agm005835984,5.641308679294306,-3.6930789560109254
agm005836124,14.81909218812405,0.5404884025190014
agm005836184,9.47937769470953,-0.21197263420092285
agm005836201,9.480626473365612,-0.6632329047559727
agm005836257,7.600906786207497,-2.6011538812227286
agm005836568,9.110826885569287,-1.18376167259579
agm005837175,18.526168840957844,2.608501986514466
agm005837329,16.029458889350387,-0.683148466775809
agm005837881,17.937961777128077,0.22213624794191986
agm005838058,21.173017197061803,6.169211397687869
agm005838126,17.077950482483942,4.2424999415468685
agm005838987,18.35639529926845,5.644215214096971
agm005839159,10.747452682494052,-3.21837531012051
agm005839174,13.01870698504946,-2.2623147188415573
agm005839257,15.575701620706978,-3.1623953542938743
agm005839399,8.91530815720705,-3.0363691503111463
agm005839515,13.867648295733655,0.8575580437635587
agm005839972,11.753980376952809,-5.640314280047822
agm005840376,12.762277909217808,-1.711238967195321
agm005840605,13.584530878211408,-4.684410379153701
agm005840607,18.401400505835145,4.4312227569786025
agm005840615,15.461092475191778,0.2833353910199505
agm005840744,11.86616614942902,-5.428186188303873
agm005840839,12.783983189182756,-2.5462971251045334
agm005840892,14.523777207461194,-2.861428115922123
agm005840915,14.574596852714114,-2.1072256310019823
agm005840973,13.141214167704675,-3.661681780261146
agm005841088,12.709422250093782,0.5712223141156597
agm005841146,18.32633364462688,6.220580617695613
agm005841149,14.76186918170544,-1.6044421455006048
agm005841184,14.84441097078299,-1.562635719180158
agm005841275,10.4618143734312,-2.1845543356619923
agm005841332,15.716893950192642,4.410927417210705
agm005841419,15.635594624697482,-4.24119770732804
agm005841496,15.29453762830443,-3.8329517268900823
agm005841566,13.48146149146125,-0.01329821716309354
agm005841887,17.592234652414987,4.553549270796792
agm005841908,15.48369931039115,-4.297171495822114
agm005842217,22.17406810842926,4.4437914743495766
agm005842289,14.640895264642445,-5.41735497168316
agm005842310,13.36492676744414,-3.207722739272995
agm005842403,15.23534285177898,-5.061959377440095
agm005842584,15.151542163961103,1.938548450186514
agm005842618,16.50796907691809,4.220960074998532
agm005842636,11.903395484169714,-3.0343961958177683
agm005842750,13.470943680153537,-4.01076442616184
agm005842812,13.42465675202709,-1.4284134046107522
agm005843054,13.908241917476309,-4.6677800206921924
agm005843133,13.567224234216596,-0.04404923232425991
agm005843158,13.894630871680079,0.05058564063606378
agm005843320,12.889756640759684,0.396908795272872
agm005843702,11.297891893632302,-2.289115485021574
agm005844093,18.19692033661241,0.34221477456989885
agm005844163,11.960198120052858,-5.310733691203935
agm005844179,15.683268265259144,-1.1197042318853565
agm005844427,15.12679625411907,-3.450669616687893
agm005844602,17.717338547018986,4.840562024735635
agm005844830,13.99094826309217,-4.064567285277537
agm005844836,20.824046088931773,2.6905396061145708
agm005844868,13.377301019344847,-1.1432461351968826
agm005844958,10.788448862002982,-6.506085457359307
agm005845103,15.347933309137373,-3.7897214221064353
agm005845129,15.625471706519802,-3.648567230166016
agm005845149,17.785772592527433,1.3500647886413966
agm005845246,11.819069878023173,-6.500830937506083
agm005845272,17.844391934999273,0.9788297906850992
agm005845329,12.677122710301555,-4.975172543797526
agm005845518,23.308884285887775,3.896604606696971
agm005845687,15.211573695275314,-0.4230438348134221
agm005845707,18.81203853463108,3.409687710446101
agm005845791,16.182018307859874,-4.0937079722965555
agm005845870,18.526986686748906,1.7239988390376957
agm005846178,15.306223244605848,-3.4468408418676675
agm005846384,15.807970144509332,-0.8962722008450926
agm005846447,17.29825779573863,3.604179235185846
agm005846554,14.29567126036826,0.7573822087592148
agm005846624,15.403656512845355,1.1038919226865638
agm005846627,15.02558776914057,-4.334119433468143
agm005846972,11.722870445521663,-6.634231350980549
agm005847037,19.90403205618374,3.75196363358578
agm005847115,14.818997262580524,-4.131876528216694
agm005847278,14.804198030087413,-6.002831827959551
agm005847333,13.464037839457252,-2.7517801449062986
agm005847547,19.768771009215293,2.6897454193549812
agm005847763,13.013287904225114,-4.56033855816791
agm005848653,12.910894454958973,-3.112034734701663
agm005848893,14.02464024333873,-0.308427349257995
agm005848930,14.31043556820025,-0.06324736015059784
agm005849433,13.854826836985685,-1.3974050311628101
agm005850074,8.113576990062276,-1.3194715340391194
agm005850334,13.180537629012127,-0.03431182997951794
agm005851911,13.100047793828706,0.6750913881364534
agm005852563,14.635932305177523,1.4610384686763134
agm005853391,15.834923595351354,0.3941541564268925
agm005853558,9.751473301492682,-2.4847325543608427
agm005853805,9.585859983695977,-3.1285604185318103
agm005854203,17.241288853080842,3.9287323537571104
agm005855236,16.533535647840754,-1.311466228944682
agm005855260,16.06942228453659,-1.0247086255280506
agm005857153,18.460415430937534,5.125992749043347
agm005857568,12.539302079471996,0.6432391136589004
agm005858376,12.099988418284667,-0.5959074999480075
agm005859178,15.767327915820957,2.7712790754149284
agm005859459,17.604904400729886,5.072830284268707
agm005860117,13.1737534538124,-2.852047265252048
agm005860125,13.158440178668732,-2.534923569602977
agm005860319,12.90769711066489,-3.0893896895117052
agm005861058,19.865524129019292,2.4994110907655958
agm005862598,11.641002389240604,-3.849473177145228
agm005863937,14.047212310468858,0.18245142344517973
agm005863960,18.43869805828913,4.104172985071912
agm005865564,16.364784539714677,1.6266510137437293
agm005867674,15.91822099973757,1.0903163919430248
agm005869357,10.639622415463949,-1.9075249945449233
agm005869431,18.567724151443354,2.3501066755858466
agm005870004,19.400737662096873,4.992206918449657
agm005870626,18.223283475696185,-1.1970112448766586
agm005871461,18.100117389179342,5.937827590044437
agm005871482,16.43022131212612,-2.190809690422128
agm005871991,12.803410977632574,-3.65332979055901
agm005872767,11.16177715566122,-4.320233385525227
agm005872868,13.949164662937386,-4.795530912246872
agm005872917,18.37404839619295,3.209015849977432
agm005872922,17.674152458672975,2.992880827471005
agm005873533,13.80775705774228,2.8377527402200724
agm005873667,17.225413114845935,4.4923078492603565
agm005873811,18.312422940055075,2.9365881678430115
agm005873863,10.561070908883758,-3.38205374196629
agm005874133,17.26236713729284,2.5007306786230217
agm005874660,10.541895012414075,-0.5108634368523581
agm005880011,14.287807066505101,-1.6174887001407388
agm005880071,18.952308947820857,0.9315376275344048
agm005885787,12.203217351459912,-3.852644157303881
agm005887875,13.776136499739344,-1.1494817072956944
agm005889108,15.283098854754167,1.7003785243331748
agm005889608,19.336999128970362,0.30211928059412446
agm005889835,19.457178872327294,0.8727067550928093
agm005890309,20.33862979133826,2.065068057336257
agm005890346,19.498491299412596,1.516797914791282
agm005890499,17.611436361339692,-0.8959368563960766
agm005890660,20.530919707862505,2.1233864741047817
agm005890673,19.649783180413877,1.863030939560204
agm005890866,20.174257827730035,2.0130868636320742
agm005891401,21.270686402565286,3.049629077998958
agm005891419,21.31007339967813,3.0589376998332902
agm005891906,21.33848927635285,2.705291101662938
agm005891937,20.26210111585096,2.4231646425528717
agm005892036,21.94867192829975,2.9111118388133086
agm005892166,21.040502062096746,2.6157883253679444
agm005892258,21.154657917562837,2.6390997232777402
agm005892870,14.580983759221096,-6.811097022659105
agm005893875,17.283340559293265,2.0580658019327003
agm005894750,17.13535342598808,2.6069234161789305
agm005894769,16.42817992920181,2.382751394705058
agm005896020,15.007487123536432,1.5841352009884346
agm005897429,20.556932185733736,3.249398693409108
agm005897791,11.1991850395676,-1.2731868869077605
agm005898686,16.829451077876254,0.3737570038251249
agm005899816,15.153887755332045,-0.3426720248175819
agm005901596,18.760473235245527,1.7119712243096559
agm005903358,15.019586871227148,1.524419223246138
agm005904311,16.454524959392863,1.1948979740396175
agm005905659,12.744655909030477,-2.2317485589019523
agm005906452,17.86529026483551,1.0224373703814784
agm005906505,17.457253781654725,1.7819501915467153
agm005906609,20.5136908751113,0.9219998244457971
agm005906860,15.870755952325661,-2.366479062299486
agm005906936,16.412400913505675,-1.1364549482241089
agm005906955,19.022160717293428,3.742891882095653
agm005907060,19.503694212228417,3.457075244213751
agm005907070,18.49800489383831,2.975229474189009
agm005907111,21.645928154195005,4.69261108932655
agm005907220,18.517691754823396,2.455797940387986
agm005907305,15.727765722240006,-2.477708689422641
agm005907604,17.708361095131064,2.1431280110746727
agm005907820,14.65958099852264,0.5785693005534304
agm005907952,18.410540855933306,2.55247619110637
agm005908029,18.09981116971023,2.4724645907542495
agm005908170,18.0199892725818,2.452490671938788
agm005908360,19.28277685705072,2.860865857413001
agm005908417,19.371597659888888,3.0739557310214756
agm005908519,17.579219129916318,2.3418905078587655
agm005908539,18.458928865261154,2.602334833223704
agm005908570,17.672392956216584,2.336081729939076
agm005908735,12.923365686267218,3.0257435042013903
agm005908886,11.273727278583829,-4.260645036005471
agm005908942,20.469970319397397,1.9836800884961066
agm005908976,16.65092913877868,1.917519595144121
agm005909249,21.206198965307614,4.397533249175761
agm005909257,18.82961713406734,3.129992132884231
agm005909621,17.347967106243527,2.464271669707563
agm005909659,16.828911170767768,3.1504340626049947
agm005909864,18.456305490033415,2.6421728677680676
agm005910001,18.313274210614722,2.68763724015313
agm005910014,13.963977051958803,1.5736001089261464
agm005910020,20.650557429717217,3.56929721083454
agm005910273,17.745798356596694,2.7293396377903556
agm005910503,16.03595688127619,-2.7515465266459365
agm005910587,20.12728343168945,3.302806452857928
agm005910599,20.4245462423322,3.400679580852833
agm005910763,18.989886045897425,2.5860203438771534
agm005910984,18.120355437914682,2.32335614926331
agm005911136,18.75860357012697,2.0249975703058105
agm005911184,18.21018136279944,1.8325084074254339
agm005911198,17.571957905990626,2.132601473266309
agm005911217,17.67054346004713,2.1665191807567914
agm005911233,22.01509390246184,4.787044294193659
agm005911238,18.837365658798838,3.0635403486247093
agm005911254,19.122625315815814,3.151935050658956
agm005911350,18.344644285003692,2.9118136925430513
agm005911768,18.375082316891444,2.927221303406135
agm005912660,15.06172530611569,-1.9973606346455128
agm005912820,12.419410948619733,-3.209371049325608
agm005913767,16.352259498066108,1.3191657862347597
agm005913768,9.729518727226838,-4.658170469010112
agm005913782,15.540516767597618,0.42259256307734283
agm005913810,12.034155796642043,0.014514704076719199
agm005915138,20.515864941509427,1.9926022067142142
agm005915563,13.116817296595244,-0.7074002016179499
agm005917845,14.555551703604326,-0.6052940935654568
agm005918172,15.980222844647278,0.625747583138431
agm005918230,16.260478697421384,0.18536730617029976
agm005918235,16.610818372428483,-0.8617843751494476
agm005920035,14.705097227107089,2.6988080772273384
agm005920143,23.094559022601523,5.19362504977366
agm005920174,13.586340826239123,2.5525661916513207
agm005920861,14.876790356081342,-4.166629138736373
agm005921498,19.05454122218867,2.7651611588416394
agm005921526,22.673949129314195,5.218375179029664
agm005922134,14.971797373161518,-1.202462746635073
agm005922224,18.568603928758268,2.662868135365553
agm005922304,14.377394866630429,-2.0877803634327643
agm005922505,17.699372025543873,0.9849505049224134
agm005923438,12.8746853880321,-2.623078220972027
agm005925240,14.687879249582101,0.042622111360611115
agm005925277,16.541846065710274,1.5056353051445697
agm005925301,14.313357189959087,-7.232305661049213
agm005925556,17.884813856521752,1.6918545602445696
agm005925670,16.003213314754447,0.22880558687677208
agm005925683,18.03254180728553,1.5031004130916508
agm005925810,16.674276431145422,1.4666039222067446
agm005926294,16.790995271863757,1.789558167227942
agm005926523,17.858666554719427,2.3818298143454433
agm005926644,17.58361675131323,2.3249335315146356
agm005926693,18.190890425825227,2.486639597516997
agm005926731,17.812781629197076,2.389872201381993
agm005926796,11.638594971805157,-2.268714819312676
agm005926811,16.996827154962816,5.512508780276175
agm005926930,18.02854197716408,2.790875563634432
agm005926986,18.23074985669121,2.796089932284503
agm005927101,17.84657539672182,2.6796094239530497
agm005927199,18.18286620921226,1.5742473596738762
agm005927659,15.23067342686777,-4.037166132586219
agm005927748,14.79148710271797,1.4367311683929018
agm005927765,14.8713163588417,-0.9346214914536098
agm005927847,19.403044876832034,2.1205422999862096
agm005928127,19.220009660979176,3.3116066592569084
agm005928272,18.66731491383394,3.105430308046946
agm005928287,19.41821315251908,3.345556593820273
agm005928304,18.868331000803572,3.141612583611444
agm005928352,19.96334985350844,2.255858868209279
agm005930089,18.23265742173641,2.7580314813284077
agm005930593,8.398816721880173,-2.046884352762418
agm005930808,13.920396374422307,-4.407150848338189
agm005931994,13.063657486212717,1.5171095064294
agm005932597,12.793036264602621,-3.859007745702575
agm005932741,11.673566141169367,-2.053083921037526
agm005933040,16.511174621806486,0.6417790866374956
agm005933131,16.625580730763616,0.9145839801637413
agm005933229,18.003275591860305,2.8430266955262695
agm005933259,17.200517659881378,2.582497789333823
agm005933278,17.296286666634092,2.626204322442618
agm005933313,14.837735005931329,0.6772172418059021
agm005933324,20.175595303422032,6.224340180720133
agm005933663,17.006226802938205,2.226677702930973
agm005933669,16.504237140855107,2.071166002392637
agm005933729,15.832467818954727,1.8407220584381427
agm005933813,13.294007437241673,-1.5431973339188338
agm005934095,16.74224175682102,2.3531586612452497
agm005934098,15.995828331782265,-2.307443405732712
agm005934107,16.038159878194534,-1.2791965040151243
agm005934800,17.608501411843026,3.0133500389963395
agm005935726,15.966499716227096,-3.0973572297816894
agm005937019,15.175262528065412,-0.9528201016380471
agm005937123,14.58438487380634,1.4562652189258878
agm005938182,14.0259722670768,0.3312838570825015
agm005938437,11.952110665387211,-3.328699481840225
agm005938558,11.040239886621087,-3.9761183457166958
agm005938677,10.780776569509326,-4.122679112015348
agm005938690,10.251757946671637,-4.356837934119669
agm005939227,12.34819888383261,-3.7622543261141304
agm005939355,17.796113358389068,-1.2115781835450392
agm005939578,13.066845716255983,0.4660254329760143
agm005940104,18.38674452930551,-1.6930876850320735
agm005942162,16.124688325726105,-1.1131609896908308
agm005944335,16.72505899284595,2.362685487234799
agm005947483,18.152100044321312,-2.030956803734805
agm005947570,16.670505693264012,-3.247534410907302
agm005949803,15.4365476285115,-0.4441618962413216
agm005950105,15.370776496857891,0.2520716573339648
agm005950177,16.167422974855615,1.5232047728284086
agm005950314,13.094209688762504,-1.0111668306353743
agm005955974,16.976050778105154,-1.951283309400734
agm005956255,14.958378674833716,-0.9564344811733612
agm005956505,11.7423286833924,0.3310952887348989
agm005956720,11.693885471620085,0.35397440637040917
agm005956956,16.719144041311708,-1.9478989417254418
agm005957118,16.812994254847084,-5.01511938257558
agm005958042,17.397708815020046,3.041848325855907
agm005958548,11.974337237888422,-1.8468270738425432
agm005958612,6.769539529324794,-2.5546715337492403
agm005958793,17.219119604451727,3.7809749026480217
agm005959307,14.568182520250701,0.5294097745225563
agm005959732,17.933847869062237,-2.5241877324101134
agm005960128,17.941887922740307,-1.7746525669781796
agm005963512,14.817096121520413,2.6168119284026594
agm005965254,15.60227008161884,1.7887060688619818
agm005965295,13.960252964647458,-0.7064050133462161
agm005965482,18.64415647258395,3.9862482471660607
agm005972045,19.402821788011945,1.4515952685522144
agm005972058,20.756316210369548,3.9521990608941366
agm005972133,15.713901405821186,1.3707087637610655
agm005972172,15.949593700015523,0.424484483103695
agm005972311,16.8650004351001,1.797617733040589
agm005972584,14.504257320130284,0.28948691511319635
agm005972626,16.20696315296604,-0.10498991825090513
agm005972680,17.221893630921244,1.1835108734220186
agm005973134,15.05997486046742,-0.004079085945694061
agm005973181,15.91324408263144,2.8433442882124744
agm005973259,17.61735068696872,3.1810846534389308
agm005974023,18.430085341673355,1.467123328309676
agm006185041,20.707160506882254,6.739099477788993
agm006244508,6.1918720288247195,-2.7507589212503993
agm006244514,8.476129351947167,-1.6689003195214123
agm006250425,5.7557278016559135,-3.406850595701239
agm006375724,6.3951093679441735,-2.18423218703173
agm006380137,10.721304687625484,2.0873440323483865
agm006380305,12.149590316025714,2.811542907801613
agm006381615,8.794752788995606,-1.0667184200478033
agm006387056,12.321190813621188,-0.542041308360932
agm006391904,12.180851226959708,-0.2732494750844629
agm006405482,9.462844994028167,-5.008172123372334
agm006419766,16.27026971869447,4.387403333968298
agm006421402,9.004376185026818,-2.6501205986869
agm006464260,14.448504095821344,1.6445560783567792
agm006471507,10.737750318393028,-0.9107277495266167
agm006498905,11.003670143780937,-1.1164927459018845
agm006527518,12.677441476901885,-0.6997333021954866
agm006616162,6.983112455027341,-3.426231248241693
agm006617266,14.750942853808048,3.4826475757734467
agm006620029,13.676297510827025,-2.839411155991914
agm006631948,7.0978912063413775,-3.3821456449150396
agm006632236,6.764315732838784,-3.8675463355510815
agm006633476,8.487098041089203,-1.758195766711838
agm006668187,11.131309619047256,-2.3468860769936626
agm006675001,7.094439049432785,-5.862623613123112
agm006675723,13.033698978335984,0.29490501130930485
agm006676269,9.945875167544735,-3.0169320366740986
agm006716390,10.769450463823127,-3.2687918366154043
agm006716895,12.297611071093975,-0.836105302250696
agm006716973,12.465076881922366,-0.16900218963254923
agm006824546,9.288869750338687,-3.850777294508741
agm006907774,13.349472936456255,1.4070310171108524
agm006912301,13.05025740342185,-1.9141183116112124
agm006912508,13.952585114525682,-2.094738131459845
agm006940460,11.157142877261796,-2.515745995631217
agm006979682,13.23992956211402,-2.9213840345541406
agm006982603,12.34684762184204,-0.8634313318750019
agm006982826,11.205947880705216,-4.567056823665103
agm006983364,13.322345849573663,-1.9403334032366946
agm006993993,10.640377473496555,-1.7494696115400654
agm007043693,13.031902928721522,-0.6706766251165099
agm007044399,11.577815740909449,-2.2058791083218514
agm007044488,12.871328027255664,-1.1938964023868328
agm007044521,12.094644636169427,-1.5226697676821463
agm007045279,12.651044902651709,-0.1473521477383244
agm007049514,15.215811492682066,1.5112948825799588
agm007056727,13.94608584241126,-1.3008135978345008
agm007075807,12.057552069126299,-3.018837885211393
agm007076130,13.698949772114952,1.8252768993210937
agm007076918,9.82549126454072,-3.129156113080022
agm007080800,9.953712112733934,-2.3222324109066594
agm007081128,14.13535758868217,-0.5874916179233338
agm007100780,13.146816339612403,1.7348067837142072
agm007288464,9.675520824696635,-3.2462983630801774
agm007305751,14.793437651198989,-0.2537478360781783
agm007308847,13.906622631184968,-1.4457449498407349
agm007309702,14.228545928650405,-0.41935628874502484
agm007323518,14.440159521491225,2.3576433172475504
agm007381324,11.116359745379553,-2.3058956793078584
agm007383408,8.011569737749872,-1.6557891936484115
agm007385582,11.031575470434202,1.2139570847181638
agm007532809,12.227397777555721,-1.9533400747087528
agm007533558,13.070925771580805,-1.1261322778379474
agm007534159,10.261001547000097,-4.093444219199728
agm007534170,11.802195253855299,-3.968615149776787
agm007534307,13.604266324515482,-2.9840213510923084
agm007549370,12.097983481297883,-0.21097363270458924
agm007553548,11.280435323055833,-3.1284128412795034
agm007584816,11.890344379395351,-0.7631555889692789
agm007590735,10.475250196171157,0.24373078869019338
agm007590751,13.101442942183358,1.3855447787090966
agm007593545,13.06873379249254,2.2232666527952762
agm007836839,18.74673567343796,2.6601132676589385
agm007837299,18.347008603381692,2.522381504506904
agm007841331,19.275899979368265,2.7783908113271543
agm007857457,16.77622537197515,-1.8848925409069062
agm007872444,19.57267788684165,5.569488375247892
agm007891523,16.650715010847197,2.934389645461841
agm007899943,13.219163595128387,-5.30618019088328
agm007905760,20.29250763152521,6.362940916374526
agm007939000,18.872667385916895,1.9255719878522783
agm007939455,19.151928593525852,2.713229911378435
agm007943225,19.887730882603936,2.981148440576555
agm007943412,18.777624350316348,2.6660869415178183
agm007943979,15.973786916463732,1.4858511967802492
agm007953709,12.879835711220228,-2.5695055994817815
agm007955303,20.550277945975328,7.346044717120814
agm007955453,18.924315972241796,1.6417371647729353
agm007955593,19.329476853405545,2.7643525532166926
agm007955598,19.095366745382982,2.7035644155359884
agm007956468,18.33513657615361,2.5418451000353377
agm007956545,18.556761863803338,1.877160722497336
agm007956576,19.122633455418047,2.77329118529112
agm007956722,18.34669433674875,2.522582120399936
agm007975486,18.212891313717257,2.5112566561657728
agm007979304,15.108919386138197,-5.845342901142306
agm007998851,11.341217876648967,-0.8805587653888752
agm007998893,13.905492648724229,-4.125900039177044
agm007999104,19.48291982134789,2.9080826698295468
agm007999154,18.959738228472574,2.738611970343071
agm007999225,18.342894590568374,2.546693859263609
agm008001808,14.302376436219864,3.921205861444179
agm008003242,18.438452138857354,2.5509041009811533
agm008004413,13.82774952049288,0.401640476434995
agm008010851,10.74490849952833,-4.066149064198661
agm008012955,18.837821873915015,2.0470811596652587
agm008014034,16.43366869259673,3.254210558920655
agm008015918,19.0031755336431,2.0972035580443076
agm008016287,19.209280021684908,2.79566372484267
agm008020423,17.117302718177818,0.6874927276059957
agm008021582,18.180476652824026,5.335255208807155
agm008021714,17.12815131785534,5.970070776831079
agm008021786,19.198268103127244,1.4379883473108375
agm008022428,19.736501989152284,1.4957983768141194
agm008023310,12.47770138932505,-5.311451716184165
agm008023384,15.203599350823259,-2.0509039835106138
agm008024720,18.02732822480647,1.6159608392359628
agm008029827,9.177974333059792,1.6687659303726061
agm008031180,16.613321004169322,3.6825220206496354
agm008032343,12.222568345066682,-1.9657110030317528
agm008032367,13.068845715293234,-1.0341886961359696
agm008032389,13.461978500353657,-1.3790738150732826
agm008032450,18.768836304623484,3.120962167852876
agm008033151,19.226185176222316,2.758044012108156
agm008034326,18.34186678257578,2.564715123742779
agm008036097,18.79273377917589,4.507507192829636
agm008037988,20.3303283881123,8.696844859109534
agm008042403,17.402833896939256,4.3716558985347795
agm008042460,19.7375002108848,2.9307189925723045
agm008045481,18.943857380636,2.700842557412104
agm008045564,19.02387010966834,2.7337986350598036
agm008047555,19.308278650319924,2.4488256000339015
agm008047717,14.11234457233067,0.7882087027231647
agm008048072,18.701629575943464,2.6319029268628293
agm008049199,13.230627169559625,-2.1087359609255607
agm008049815,15.1494061947215,-6.1275303368594285
agm008049952,15.458220361350286,-4.652567384771697
agm008050601,14.164149979074237,1.8594834922075432
agm008051615,13.124176553446468,-4.423542278881244
agm008052549,18.921211668028878,1.5541415718233165
agm008060396,19.465458907319924,2.7681664221779876
agm008061010,18.48576114853416,2.5861638143881884
agm008061071,18.624558452956354,2.6600036182348012
agm008062538,19.001721049503548,2.119443919058863
agm008062985,18.935815232922973,2.592798564858583
agm008063638,18.46351608003679,2.590361035550221
agm008072144,18.8999165955568,6.6201536464545425
agm008073622,18.55574537922172,2.58793244608916
agm008073719,19.12256179500825,2.748326042295021
agm008073831,19.578886832749802,2.893324066110025
agm008073960,19.57186045944683,2.8851349848235683
agm008074129,18.092677885448087,2.4842003233837424
agm008074199,18.52622116655409,2.589843465584925
agm008074355,10.737786131039835,-5.7158695935015045
agm008076156,18.711660137776427,2.634056275054011
agm008076716,19.878897699337845,3.1082647151653733
agm008078054,14.820570480042036,0.3325852544495028
agm008078715,9.2205965214286,-2.940298491547165
agm008081407,18.44248255891048,2.5564092436721246
agm008083608,16.608040261105753,3.5908787653414835
agm008084858,14.579874243521635,1.1077861050124362
agm008085817,20.07322803372318,3.019576489083053
agm008088625,20.173687815846428,7.320626427373206
agm008089403,18.57606035893107,2.7581403938258733
agm008089523,18.317349890564056,2.6708999104637243
agm008091246,22.41071813724788,4.6620968073115066
agm008091258,22.369676449721247,4.653856803925133
agm008091491,17.108316560458086,5.299494050835479
agm008094241,14.709713597512708,-6.23175403379899
agm008094354,12.367960142279134,-3.6184866143596737
agm008095392,19.583642922022857,2.4904707756304933
agm008095431,19.525809018513733,2.917404524071557
agm008095483,19.15879067712257,2.351480655992388
agm008099709,19.75214889756857,4.122219427972594
agm008100736,15.070167817598655,4.40179921055483
agm008107755,14.762964524073743,-5.988680038117802
agm008107897,14.522879438564175,-5.189752161665127
agm008108716,13.909050820192439,-7.38836562013459
agm008109249,11.34940499668602,-5.577917617587661
agm008111726,18.413749507167203,6.2803855962928266
agm008111762,16.115465809872287,4.587456582672694
agm008118541,19.625012923725127,2.9205160519152047
agm008123339,16.900343508635228,-2.7810132056903485
agm008134744,18.59759649612393,2.604745606614744
agm008135991,12.514485705046908,-5.7285839894418915
agm008138810,19.119554786433543,2.7151387502429807
agm008139018,18.708890650564218,1.4739447148486704
agm008140436,18.987860672386248,2.743276686990074
agm008140633,18.366975509946,2.5524602023615124
agm008141670,13.231840891089051,-0.39189727815058006
agm008143940,18.98985189233683,2.746762935511216
agm008144658,18.61277216245236,2.6137670540952436
agm008146668,13.620270924231916,3.907252000442839
agm008147758,18.03056903423116,5.989869841285422
agm008148637,11.340223134825733,-5.535931239590454
agm008152052,20.06236819536792,3.0665216947100986
agm008152131,18.61890783628496,2.6339348558308053
agm008152185,19.05082896129961,2.6713347557884837
agm008152303,18.534919117015928,2.611171888486602
agm008153544,11.965021946305962,1.432901032441783
agm008159153,16.325729578968538,-0.31125888525261897
agm008159848,15.91865097513849,-4.780792455107201
agm008159901,14.90662866275141,-4.628112013301641
agm008160735,12.923255363298155,-4.719694786889029
agm008161821,13.848921575007125,1.8673091392092616
agm008168424,19.5301465467229,2.888369487020055
agm008175934,14.627851362836736,-4.691979877941091
agm008194169,15.227143892268494,-4.819632308937915
agm008199382,16.109842072646117,5.32159577933965
agm008203900,18.975923446354894,4.608263161178506
agm008205227,18.711304510793678,2.6514005207708577
agm008205935,19.134210851876485,2.781236303945004
agm008215645,17.858359121258797,2.0390305612593402
agm008216416,18.925295634286456,1.2235952715891258
agm008218537,10.227536148238155,-1.1454155379506161
agm008225828,19.034836160885803,2.621296353183593
agm008245098,12.191329698199809,1.5934496681281025
agm008252295,20.245969644291264,0.2441703562580789
agm008253035,18.46674330829539,2.5643402812151828
agm008253117,18.550445739575533,2.5951201367940713
agm008259123,13.570890265736734,1.873474138941166
agm009628081,15.915629350649445,-2.453931023464401
agm009902156,14.119962046991743,-6.507492607383479
agm010132175,16.831531593318932,1.7051268652290439
agm010132331,18.783626396859724,2.1550161293263983
agm010139614,18.8241425317261,2.6679100832729965
agm010143864,17.737717990966882,5.524346824899879
agm010152592,19.79730359911506,3.526135142792332
agm010154292,18.12579669787841,2.4987904873234967
agm010154546,12.796434915785724,-2.683609722998862
agm010158754,12.378077445273902,-1.3234274096580207
agm010163645,11.31457703279657,-4.716250101804399
agm010165822,19.090329129201557,1.8397437830847725
agm010167437,16.858711172963314,3.6701719408590905
agm010170525,18.466351663184827,2.5641214193912005
agm010171452,17.983700562201854,4.008213293120701
agm010174870,18.635651100000835,2.6136683030172505
agm010176768,19.482513142534476,2.8546523546778264
agm010181312,18.844718896812235,1.2006503297974322
agm010182303,19.213423021210044,2.651155744903324
agm010182397,18.71436169051785,1.1636940970417602
agm010182911,18.811302083685927,2.6583746035253535
agm010184473,9.176497743052439,-4.178923563142509
agm010184881,18.827342566612938,2.6831465845381053
agm010185167,18.685867629420922,2.6080713610550603
agm010185701,15.562226328052768,-6.160516220258955
agm010186039,18.54926126284982,2.5862011183242757
agm010186361,19.338514372045168,2.517199389537627
agm010187722,18.580482937503316,2.592916243896288
agm010188473,18.71078424617723,2.6094602302830356
agm010188609,19.174629423941123,2.771813793199933
agm010190999,18.695032999889285,1.3011136188223915
agm010191080,15.090406062381826,-0.6036499172796432
agm010192263,18.267630658768848,2.520008799204748
agm010192272,18.317205029036145,2.216941395546364
agm010192480,19.067886393323985,2.731859810018678
agm010192624,19.292630885183325,2.732280914204472
agm010193584,19.232449191402743,2.789459287649084
agm010193744,18.343256097978085,2.515510900486258
agm010194062,18.370804103300713,2.5279309192603443
agm010195028,18.361257490874568,2.534860649870292
agm010195165,14.16513235398078,-3.307768443793471
agm010195412,14.13576158581933,1.5426053280961352
agm010195919,20.161888739817456,3.0634765383665865
agm010196620,19.127386241064013,2.6394577550202314
agm010196640,14.824338802158977,-0.6185054378216197
agm010196743,18.282017135480135,2.498778504958287
agm010196937,18.55032280222217,2.562254711635523
agm010197421,18.745930768685582,1.738173996807081
agm010197690,18.59368448762356,1.683268785874784
agm010198733,18.883745617560113,2.683027130149073
agm010200197,20.163737522190427,3.0632101319820735
agm010200779,19.721372470138924,3.890720723274763
agm010200959,18.724093192368063,2.595569869253352
agm010200976,19.69161362344921,2.9398605746099116
agm010201574,14.354324908712378,2.8026334035790335
agm010201872,19.45677004163103,2.8437079507032847
agm010201952,20.68241461967544,6.045035806724102
agm010203349,19.616802808594752,2.895505463912356
agm010203617,17.359436640461865,4.240436302621235
agm010204294,14.128123104490918,0.7963593934505665
agm010205616,19.566230984413362,2.433623878021426
agm010206631,19.348783573086358,2.8250887941153806
agm010206765,13.16813314353675,0.9229747697444619
agm010208359,14.140027745729022,0.8305193207824821
agm010208499,18.884689167763963,2.6348808147276537
agm010210562,18.397298680886863,1.4333467231912114
agm010211755,19.126469030344833,2.304730807906127
agm010213342,18.694088113217408,2.6250204856911474
agm010213876,12.318856113416167,2.1408014276608376
agm010216264,13.500590061818132,-0.03987343167095325
agm010216324,13.286554357074467,-7.330808571236962
agm010216555,11.706640610061951,-5.92234427826508
agm010216878,20.281759316798567,5.557642987263978
agm011088416,19.1802680415276,3.6090299817146247
agm011089396,17.091666724437417,2.4776423621446524
agm011090087,15.88425768071203,1.9618244361364474
agm011090679,15.89967683970113,2.2658978518230164
agm011090743,17.680007573849878,2.7501258254247083
agm011090856,19.103346076258852,3.4884314304322688
agm011138262,15.728179522813925,4.5955948447309565
agm011138351,10.414842795375455,1.0402253625206466
agm011441659,18.49632265869298,2.5308314023233303
agm011468141,18.554200471884183,2.5432998705814045
agm011473752,18.877141070796565,2.647387617360719
agm011600447,18.80445100643479,2.0132917376914383
agm011696424,15.139053126201743,1.4464478793230324
agm012004566,13.16375718133618,-5.360002239643636
agm012021056,18.3853751511109,3.1696414750424147
agm012103479,12.741607805387682,-4.709028329138152
agm012110299,18.02702654917684,3.543481064658046
agm012113023,12.259048977249435,-3.202217878129565
agm012122720,12.468430410336802,-3.486924408610603
agm012192686,18.2953015398131,2.904767312485975
agm012310534,18.803664574450252,4.317839192582983
agm012332217,16.416788198343827,-1.0471684564254904
agm012401136,17.019618263426903,0.37656588685419184
agm012403874,19.431216017587552,3.316572133359398
agm012413505,12.733462846603748,-3.382751531747678
agm012521189,15.49662796508037,-1.1892320558896123
agm012560804,11.553100929739422,-1.896991353680135
agm012567960,13.508788060180915,-0.8937118398576296
agm012640057,17.677218934275015,1.577727124703524
agm012737521,19.104400123742177,0.5099784819124373
agm012767450,14.13522970558143,-0.7144391936245972
agm012779727,11.751997266331648,-2.1016729317248717
agm012908513,17.10219129643841,0.001558994385021606
agm012923806,16.048734711811157,-0.40876544266508813
agm012977330,17.639557566030945,5.78621548265495
agm013160744,17.174823149859282,-0.43034324973220706
agm013173269,11.741436975193876,0.6944286112751671
agm013220847,18.301257106437742,2.6025099674648176
agm013349247,11.321758300366097,-0.6541191474765841
agm013362151,16.018360145207808,0.4122467844728768
agm013386778,17.76289562758011,2.553909488673471
agm013462024,11.902601497763278,-1.2377187526405171
agm013688730,16.450652019149533,3.5685881396010117
agm013852420,17.358956445870515,1.9299474319395777
agm013873763,13.104210268618814,-4.9729052853723
agm013916012,16.593009239632938,3.585438682335529
agm013938164,15.504497851594753,3.3614701990457596
agm013975329,19.9889305490664,0.745787649072529
agm014137181,19.840861396861655,2.940801791053245
agm014170057,12.593099179888302,-3.932332691780663
agm014179099,18.828341596824355,2.6039752774369074
agm014193852,12.320927263249917,-3.832562462315026
agm014199315,15.998241458849924,-3.3506413625478713
agm014304090,18.94298294801087,3.0080004444119046
agm014345390,14.66554718321728,-2.7625683851052214
agm014407251,14.843343950748965,0.19883110237273924
agm014432366,18.56942949249456,2.0512986861429163
agm014479225,18.84700743314597,1.7364772246909137
agm014524328,12.636197739992367,-1.3081594478003193
agm014578292,19.423950322628762,2.8067279365808475
agm014599556,14.927136865505314,2.7145453922179903
agm014713500,12.008276152285225,-3.414247275137242
agm014777643,16.222972139875118,-3.3430503943935603
agm014793546,11.255700359548696,-3.7169246341002626
agm014808984,14.06079132909916,-0.0081478961055808
agm014853698,13.216895044074851,-1.364869005294425
agm014869037,13.592845362175634,-0.4940226640267156
agm014915092,15.79842951053856,2.875665333706121
agm015170817,10.614460904119472,-2.5497156635850486
agm015201282,17.18338345635842,-1.9279830674723464
agm015207847,19.143831091018008,2.404393370311108
agm015219380,14.64481053347398,-0.04532959725966753
agm015374207,14.573370199263525,-5.398145319930452
agm015386376,10.489538944355933,-4.075256985075901
agm015510645,17.88123922954492,1.9683427920966292
agm015601434,20.095134638851828,1.671301403905928
agm015603685,17.89836075344034,3.6125487682877484
agm015725705,16.855186807538725,1.3071266027369166
agm015775660,18.619393196840466,3.918580883917764
agm015788544,15.65030331231584,1.4355812719220467
agm016203725,12.943495025598764,-2.998386597630844
agm016261994,15.860889306276247,-1.2407943657320306
agm016452139,12.136778556875278,-4.034547126563537
agm016488082,15.58337330770363,2.402045795625862
agm016520661,10.991433931530862,-5.852517394136195
agm016692370,11.673383205978004,-1.453346622803462
agm017108216,14.376340940593295,-5.663448775938346
agm017358307,16.58341623772475,-0.6971345386012905
agm017383628,15.011700979795696,-1.6017270345080241
agm017578893,15.023298395326586,1.6926713480051465
agm017787461,17.85677690720241,3.177105828205287
agm017910208,13.955790127534984,0.8127228364613828
agm018237147,14.039993288398739,-0.35210971676112085
agm018312543,13.298918539852044,-3.6222209330547526
agm018630176,15.682645328912898,-1.5415123282671601
agm018672718,13.87838594900525,1.549886052589067
agm018846712,11.843554504588953,-4.175410345482747
agm019052755,15.805357868980714,-0.5288508861746024
agm019058405,17.362603694625072,1.360178691768314
agm019277158,15.36878759278939,-1.703487410734238
agm019325283,19.50046083031681,3.0475097237440805
agm019327468,15.954158244577913,-2.066752447126188
agm019383947,21.055317074189357,2.102065576310602
agm019384904,16.192857186202655,-0.49783904286125225
agm019390409,20.191363473026215,1.9525103258574736
agm019391716,20.177115809072912,1.9314214091325148
agm019396523,19.28238437376274,2.2188552313797354
agm019428951,16.74143744915949,-1.4911913882350243
agm019507614,16.89214898845042,0.6847415584377705
agm019573091,20.277814183493454,1.4762889397676338
agm019573858,15.71995250058905,-1.7438544829756375
agm019789883,18.84514123985322,1.0308572377259928
agm019944708,19.6732974062407,1.470025257356017
agm019957202,18.56726202002304,2.5688337312958884
agm020007692,19.371047758428766,-1.196893446255931
agm020149089,18.9168003366918,2.1048684230231327
agm020266597,10.439467747615732,0.296475561663937
agm020267873,14.857861947133953,-3.7515614991502395
agm020287097,9.332112287481046,-6.325865861178734
agm020554470,15.561610852390578,-1.4462485579651503
agm020590753,16.961379460199083,1.3253628599999052
agm020702133,10.000030535908495,-5.390870734210952
agm020842886,7.912218611812484,-4.509338180563331
agm021097834,12.413175448171842,-4.40293941215149
agm021177519,17.53380347591146,3.198222570913355
agm021243229,13.882175336167066,-0.95847256632754
agm021258972,15.280051052946193,0.05255377891558884
agm022169397,14.06238007232675,0.007993129557610246
agm023579109,17.938106380737427,3.5397183014488185
agm028360408,16.430084200603698,-4.005808953867254
agm031053121,11.090236334646036,-3.9842742517394156
agm031076615,13.327884543535577,0.2311805867815
agm031081640,13.990630758538884,-2.017298638925739
agm031134027,19.484908008308096,4.762984718604142
agm031181492,18.094540693958617,2.508269641360137
agm031197498,15.180329887023216,-0.4644768471999825
agm031226091,18.5326267700432,1.5554598220457252
agm031366540,18.173643528698083,3.5756691777802545
agm031416881,14.791399341637769,2.1619837473039083
agm031513630,14.91756340791648,-2.6272909987239093
agm031632681,16.462956651569097,-0.0716963945261752
agm031779785,16.578417202106348,-4.452398050184977
agm031792319,14.850753427818889,-3.978669648808086
agm031812705,19.24821093397691,0.4349884381758666
agm031819539,15.6348800577704,-0.9576987822997373
agm031855991,15.751367668782683,-0.41476881122822606
agm031881173,15.448996658461683,-2.154836796062634
agm032006245,15.55039590377392,-0.937778583935355
agm032075365,12.684757647097761,-0.08817206193211706
agm032116309,12.706695409214463,-3.0312887586677086
agm032210382,14.912234837911305,-2.7241102663649284
agm032270065,15.951374388209345,-2.0699837895458484
agm032281107,10.85266399953756,-2.743585873940597
agm032302034,11.675201091399684,-2.190772545737447
agm032414126,19.526398351306934,4.048259146802976
agm032478274,18.019434495418107,3.936874532450999
agm032551116,10.822872212071218,0.5528769061065439
agm032558563,11.700858845668185,-4.526318297674561
agm032739509,11.761286857933355,-1.6951146934132169
agm032764363,18.64137409157555,3.764690828355725
agm032770781,15.827556407543094,-2.4836872848645704
agm032796661,15.758423277520913,-2.4984178352838726
agm032841206,16.42916872375214,-4.706659036183877
agm032871362,18.658105506860586,1.873655686631152
agm033074582,15.638232593656525,-1.705115850918166
agm033132677,11.392358677800082,-1.0751639077681172
agm033134656,13.083314280264602,-0.8871439245107441
agm033139417,18.338585903765754,3.076084080787073
agm033139550,19.67805257245774,0.04503783570931338
agm033142293,14.789491128851123,-3.5219593021528364
agm033380449,14.145991379747722,-2.3677389118560885
agm033380460,16.532727129585922,2.481900417500946
agm033404383,15.607197321324934,-1.4176648909295633
agm033417768,14.679180583001894,-1.0060311479594208
agm033424924,19.10402131189442,4.45079215642722
agm033505843,14.87459002097559,-1.3393313173344499
agm033545494,14.13554508625922,0.7506593815322157
agm033548110,11.83771280842582,-0.364574767650429
agm033548266,13.154387488409057,-0.8899321858180441
agm033562785,17.933869864401697,1.895694022440831
agm033578838,12.907964220936627,-1.6586498978463038
agm033635963,22.42814945352794,6.082523430862591
agm033671908,24.10740983263624,2.685829397711436
agm033718521,18.327622503222983,2.9181291273839634
agm033746396,14.101228278424536,-3.729264809214881
agm033820258,11.427660294146115,-0.584944233448315
agm033903286,23.9834078901451,4.0091608284411535
agm033976844,15.307522216657455,-0.4206620982796287
agm033996079,13.64005128909564,-0.12419136553867638
agm034019527,18.167723020486275,3.6995216883725255
agm034184582,11.413589755439082,-1.5950996286954169
agm034293206,15.41027192310613,-1.5230066591269875
agm034308768,13.845495515670313,-2.7604602603928576
agm034338280,16.735500149762874,1.9540989631426828
agm034373268,9.73372852596924,-2.796748127862491
agm034415352,17.841957349829766,1.2613776005342305
agm034416781,18.535937774630714,1.9256485440542146
agm034492254,18.49223703146693,2.498781943934963
agm034594732,12.226767673953729,-5.693524405821347
agm034712438,15.05381736663501,-0.4167333393999056
agm034717620,17.56069491890044,3.4148665244338345
agm034743584,14.411779508146111,-3.859246950073303
agm034755995,11.829597755329464,-2.427145207354806
agm034787686,15.440360086960732,2.496503192291254
agm034795397,20.469203462415987,5.3181679790733405
agm034835730,11.175998335601433,-1.466354093877469
agm034875450,15.947409884544436,4.075929502673962
agm034878806,19.509796533381827,0.2712768141341968
agm034879118,18.137779289485685,2.4082242858318934
agm034909723,11.706547041319299,0.8337805815906313
agm034914590,16.812168866997713,2.2678629073850303
agm034976681,12.711697096746077,-1.7731475019658383
agm035018476,18.391690512757652,2.609583014474276
agm035086558,16.887437900723704,0.6563594173162819
agm035225697,12.858161036192143,-3.1550068653357557
agm035256291,16.919526370070837,2.02958462775646
agm035286771,14.231825803488022,-0.5886098707804924
agm035292838,14.979666949657942,-2.1192447447393827
agm035330454,18.100010086593514,3.680567382095282
agm035336033,19.741356119937006,0.8063660171312973
agm035354220,11.668951773469916,-3.8613088996560574
agm035403109,12.845168175011182,-1.8907046593923031
agm035444236,15.515616428264037,-1.626757150311624
agm035545656,14.307190761119708,-1.3145155695176391
agm035628902,13.303991873553896,-6.363432342772924
agm035722046,17.50481130108162,2.4286470549998462
agm035757346,14.627674958634586,-0.6876793080250885
agm035790793,17.43125608238363,-0.8601269551072525
agm035917435,11.896255550003602,-1.9309541008583657
agm035972573,17.4106752810482,0.0538610739579705
agm036069595,17.100779111974873,1.786558731220482
agm036210606,13.053958747963016,2.6791518715056135
agm036341932,12.57779041289247,-6.5804324275061346
agm036493029,17.089335472364112,3.295897023497041
agm036513268,19.404125834722695,2.9397454800534732
agm036563554,20.24335573005183,4.553921043102584
agm036567873,12.738045069706311,-3.0265025524830165
agm036827060,18.424075511805658,4.072016670317879
agm036946266,11.802495934996548,-2.67620869250212
agm036970084,17.185974901664306,4.670295052416222
agm037131534,13.064697854879865,-1.6872333882508759
agm037219545,13.829614640644346,-0.388402958074422
agm037262586,18.011211629880815,3.176913428341269
agm037427117,11.737459023166926,-6.110098408673641
agm037485921,11.929626294847395,-8.205825860141395
agm037535409,14.691319597116049,-1.8114681963014008
agm037634837,18.230147202848055,4.022956232234674
agm037641523,17.460699726419193,3.314439936205312
agm037757730,15.718767426760627,-1.9614509796566477
agm037874556,16.924049971631646,2.0298516057065146
agm037891295,12.580423306971554,-3.2114047417151075
agm037930437,11.478647558628666,-1.5049969439703184
agm038144242,14.337563917317851,-1.9414911172609284
agm038325840,15.951353313878892,-2.069654672967759
agm038452895,18.674216055651613,2.5589659862696954
agm038538948,14.173103533277391,-5.853433122178383
agm038619238,18.99536719047444,2.780273586465757
agm038643047,18.14057056662398,2.50716583746323
agm038798875,18.33915242429565,-0.6659023033649921
agm038827824,18.132647895603085,3.6898357244334434
agm039079614,11.214881534621815,-1.4533806862940086
agm039214096,14.204752531379192,0.0076781893806436114
agm039286936,16.791006784756245,-2.783135434298199
agm039352188,19.00993439825951,0.5037224013185622
agm039384253,18.41913671136697,-0.13167209190825466
agm039391848,17.375075368847668,2.218331239833199
agm039392355,11.631620353484985,-4.258677783115494
agm039416217,14.953076760104295,-3.687534726825135
agm039466187,14.622696484729177,-0.9052400730502009
agm039482009,13.753755188626632,-0.10134812227408396
agm039487101,10.600455789783995,-0.518159179292652
agm039621957,14.587114948591859,-2.1994703924477146
agm039628245,16.052096012152177,2.2539049483140157
agm039656398,12.156371479977919,-2.111354002174789
agm039933136,18.4806556335606,2.6197868399551383
agm040011824,13.965901596793687,-3.0539072488852264
agm040189302,13.086463496741905,-3.7569395330343305
agm040214963,11.594905389999099,-0.9933637587965792
agm040435954,18.601663066612055,2.533598060021943
agm040444446,13.103172167706559,-4.248603472989931
agm040463022,12.450984378325176,-1.5760240536371293
agm040518097,12.56136532815722,-3.191112874008032
agm040627440,13.955350447801141,1.6059362244041153
agm040645361,16.78222230685161,1.9728721539301202
agm040675271,21.687739257954515,0.2143943295658639
agm040796270,19.72319601862989,5.337354121254925
agm040809534,17.32544183340352,0.8132204148842703
agm040810729,12.27074634822535,-0.49569068895852375
agm040853550,16.2383664772209,-0.855591628008821
agm040949986,14.46529332558228,-1.381704087040783
agm041062834,11.92022509346588,-2.4018698924642248
agm041214832,15.327831821980133,-1.6878301334821817
agm041237498,12.103356246020013,0.05060173786476696
agm041365543,17.244172339942732,3.3327063248158972
agm041423230,16.753312158084615,3.1732719586276352
agm041682032,16.85414114035155,-0.3085025095652824
agm041688826,15.379880299879389,-2.9210148764025097
agm041699409,22.73749250196622,2.804742409425864
agm041726471,15.707129932287891,1.0715764846683111
agm041793581,17.459304760902217,3.41572270956438
agm041918271,18.354526658767643,4.132636049340721
agm041977071,12.362405745661626,-1.804683887664811
agm042034097,11.339718390957918,-5.6745913873612945
agm042110408,12.275085076501668,-1.1865958310822595
agm042146267,14.326847958693776,1.0648680133398294
agm042232268,12.910170829640819,2.210381130169091
agm042271688,12.755856839753436,0.47314709771739133
agm042407943,21.737905277324124,2.325054471514325
agm042428579,12.40339215705339,-0.7332385673630538
agm042510531,12.94183754853673,-4.799608811595963
agm042736050,20.946004875212125,1.9159864627484362
agm042832020,17.23952395056954,1.0406539462345399
agm042918042,12.18142275340873,-6.365022803837796
agm043102424,21.606969350987764,2.230738660285882
agm043344049,16.984257715797515,0.6665763363384499
agm043350123,10.677968981731908,-4.326938562182596
agm043577218,13.2290373407631,-0.8791232105813863
agm044603963,12.38595597250721,-2.651626832606855
agm044758917,22.41836451022157,2.2332966627231725
agm044992392,13.370607388965393,-0.9604838515764861
agm045249968,14.839256716576742,1.395148566507143
agm045298996,13.124935412625273,-0.505740683997184
agm045949129,14.91151124747685,0.5775762265593295
agm046066198,14.718448919338813,-2.0733389690654285
agm046071820,15.251544913917988,-3.272854395277941
agm046093453,16.497277469889735,2.8608877010544345
agm046110206,15.6930785578529,-0.643125198861776
agm046232287,13.921287695060299,0.22043825456013502
agm046302397,12.450577670126108,-2.4522939877412893
agm046353452,9.143937113015037,-4.024668941338711
agm046402477,13.926258785029257,-1.448424361216789
agm046448994,15.826866472253144,0.4072437452246411
agm046449671,12.18388146914328,-1.343709221638943
agm046736258,14.795656875862063,0.75276977219578
agm046884723,11.307807137271263,-1.4176832317216512
agm046901051,18.518975510406666,3.5813894628064062
agm046910527,14.93687764341645,0.8238258403426819
agm046982599,15.465076360167162,2.2265633172143704
agm047039985,11.351498177341133,-1.0404342481194544
agm047085581,13.857014802946745,-2.1913878751874822
agm047139790,15.096242380562897,-1.3492033981185798
agm047221883,12.500717952984258,-3.1180524572077783
agm047269073,13.783703150044794,-1.2462083744893728
agm047384164,15.938046762664092,-0.31199002466379316
agm047695221,13.756275326829522,0.24871235053757226
agm047712724,15.770160532512447,-0.04031385552011398
agm047865421,13.368329862095726,-3.6481953950980657
agm047950906,12.574411613954004,-2.74291277613316
agm047979706,13.481328818683167,-2.4108336192904853
agm048029205,16.790437715341024,3.6396017960007043
agm048115678,14.825722268454095,-0.442736218394872
agm048282605,17.84897800087171,2.138998680528323
agm048573830,16.286572172402924,2.2352410021273257
agm048597860,14.752948084344496,-0.5596407136644412
agm048696755,14.252421891782978,0.13380613994315618
agm049032731,16.13998548462453,-0.466871135722928
agm049096122,15.294886949910486,-1.3149174497393095
agm049189626,13.564271645747242,-1.978708099648421
agm049218422,15.069292595790087,-3.8253929240444844
agm049218651,19.29843386682663,3.8865542058553473
agm049277985,17.32520971900708,7.8722149090847475
agm049495190,15.801512886510091,1.1848120126527661
agm049757473,14.70998080783371,0.7056790569116002
agm049838963,17.843601590078332,3.184590973735183
agm049859830,12.309159559783893,-2.8954075676320676
agm050033487,14.509036692048836,-0.9880617060885424
agm050125160,13.316321388971145,-1.73371294529801
agm050216186,9.285865520064283,-3.9480749840681555
agm050252246,16.02685611726688,2.063342026658649
agm050379828,16.131614239201344,1.8325307549329957
agm050559441,15.649246523453764,-1.6434543136029856
agm050611168,14.360384146283607,-1.4136671218331565
agm050869952,12.212052680780076,-2.95015189396731
agm050891097,15.181067812684063,0.54730656984772
agm051002930,17.499587180692906,2.6094123524129587
agm051117696,12.536048671590896,1.019213805316794
agm051140841,15.577660691182357,1.7141843208412364
agm051147917,11.829056751255656,-0.36000402608748017
agm051159562,14.7773652795967,0.9450804416548776
agm051193864,13.451280233358952,1.1963444865531265
agm051259667,15.25012282657525,2.1514251134573494
agm051285427,12.602501955176129,-3.6007554076601873
agm051286752,14.035729642941043,-1.667482069341002
agm051360377,15.942846829657098,0.4543976755353416
agm051439740,13.708718105778715,2.257375484171645
agm051474563,21.006838078450347,1.279833950334086
agm051488376,12.496629659368852,-1.9316191407365413
agm051593339,13.314024775512431,0.8582789256554181
agm051704010,17.739997171290533,3.927927357476843
agm052084791,12.806773707070304,-2.61726653059992
agm052088254,16.092868936188218,1.2811962344786743
agm052270463,15.370666391581421,0.13687495537960595
agm052414571,13.117461829414445,-3.3852242408325175
agm052538474,16.550159809150426,2.7123177453794463
agm052563388,12.832940909709642,-2.3437805646775574
agm052574115,13.36402600243141,-1.8475810757430668
agm052584940,16.237857973539224,2.521956208182651
agm052678971,16.85192114812426,3.3433570357095554
agm052684671,17.3087829560488,2.3151468068417578
agm052696731,12.535319453894894,-1.6260510987989942
agm052706368,14.568214782118233,2.0937493714681796
agm052902985,20.663336752410864,2.3104762061601996
agm052913920,14.113098018896297,1.5655637893310115
agm052958612,11.697265203625365,-4.328622214150598
agm053085436,12.426949405642125,-2.604045179705187
agm053251630,16.82631014355451,3.6439849226531593
agm053384127,11.647310986545548,-3.5776705361129753
agm053445772,19.541785620713966,2.0251617116892704
agm053471436,16.84556112268937,3.4739736479545544
agm053492783,16.85600592616081,2.4423068002740576
agm053494456,23.159449317224112,3.0933026106755364
agm053695294,17.75891651711962,2.75696604326149
agm054000778,14.199157331181047,-2.6689410330118797
agm054191532,14.24269931611879,0.0002390622140507522
agm054374296,14.781974376147659,-1.8757982958489634
agm054551773,17.497595214932748,1.4413585595381342
agm055028904,13.034962090677423,-2.1282625343046733
agm055052934,14.9248218030871,0.32415222815675965
agm055166540,15.149165321577437,2.4318837427273308
agm055276058,15.589125853195291,1.9552049688923496
agm055311908,14.305412163327036,2.4656516739762355
agm055402753,20.336690942104667,1.8517637357231607
agm055420943,13.074581505589698,-2.5687740604297957
agm055579385,15.394197508120039,2.52126788541646
agm055637410,14.777394112783023,1.3559673033507391
agm055661960,11.464893585783654,-5.629288153206549
agm055715306,15.991744663753364,3.229305812481812
agm056233791,14.741668604130103,-0.6481547608087403
agm056491024,13.256914990748411,-2.2056754062997577
agm056518807,18.133908651230424,1.8312993822811652
agm056695864,15.398060838322168,-1.759744284533327
agm056894988,14.070782604735227,-0.49633006561850895
agm057023488,17.74515292057326,3.5258955137436194
agm057063227,12.021265453459993,-1.698229979481733
agm057268400,13.313292786259069,-0.9644302841506054
agm057456046,17.748656945246722,2.4263814002517528
agm057759190,14.0970434005136,-1.600789719658889
agm058131735,16.46575651627111,2.6129551836713336
agm058189357,15.592995658129297,1.0860621202168168
agm059394271,14.813205906588829,-4.399086026381762
agm059819585,12.928819971460255,-1.475052592497489
agm059854547,17.51088103155132,2.3870985427705094
agm059874422,17.665005255834075,3.5035446228791596
agm060163828,21.159843505992814,2.028596118230491
agm060255427,19.445370661257268,2.773002036834928
agm060302844,14.14294991435081,2.405057140355131
agm060355585,20.393026464150033,2.2867518642443923
agm060364005,13.693787388198531,1.9366025016851467
agm060428354,19.094477508421516,1.2873406454174312
agm060571038,18.771918355403024,2.1895094685484597
agm060796651,14.782068572717149,-5.010957955808042
agm060824465,17.3835341483147,2.823961644583881
agm061068251,18.460992576179965,2.2375255440218744
agm061212443,16.980034256614136,2.0200538814758446
agm061420322,17.071195455130113,2.1140571166244753
agm061474413,14.241078737500047,-3.3736438448027712
agm061543395,19.844844319334733,4.057159261539839
agm061721407,19.00076532286186,2.2587592886185233
agm061812576,15.320669187598044,-1.7991050404073023
agm061853986,15.129827046776835,-1.3313851957863871
agm061903604,13.781735780225697,-0.058422550605836676
agm062234490,14.236655486111705,1.8915916346166561
agm062312689,18.811182630927725,2.19615480343126
agm062830898,15.66977619601427,-3.0437115602701326
agm063085059,18.01857989496432,3.5181343504924767
agm063144478,13.798362087976113,-4.7154696248750625
agm063809045,13.956101847624371,-4.269091924059931
agm063870354,18.633945108210863,3.2122461108191835
agm064155564,10.151666223279259,-4.514090721189903
agm064236107,13.8098102679901,-5.0384521809486555
agm064833606,13.367942613197036,3.444486596483262
agm065373797,13.222954132093934,-4.282448581793045
agm065460782,19.478904325233426,0.41985004748927085
agm065514768,17.817577263934187,3.5293937672028313
agm065531945,20.978800670208553,2.624776218112262
agm065622749,18.9702119560753,2.2454763926738037
agm065932436,18.47562209080865,2.5534669128745175
agm065945107,13.463566989514243,-5.180644889572188
agm066110763,12.10674535384437,-4.037515829068717
agm066420234,19.15857256021312,1.8626835869667975
agm066426256,19.168859427177438,2.3127427349922547
agm066471272,18.58437093636616,2.1217410869798163
agm067521681,12.569139604047223,-1.5339142727198598
agm067554877,13.72598439987986,-2.8836448460557937
agm067793528,22.05222109061543,2.9953269008650008
agm067901243,14.4098119718002,-1.8990460170258876
agm067913213,19.078705110938515,2.4028345522014067
agm068299497,16.195580736806928,0.5504177428134316
agm068350495,14.058489859603487,1.900790777879338
agm068421791,16.643905400477223,2.0827435161238643
agm068805815,16.962615420258214,1.3578058581081596
agm068943153,17.849870288990576,1.8897851322693693
agm069119895,14.297224080920687,1.2804884057748247
agm069128259,10.955961447198014,-2.223475562652481
agm069258117,12.222473122892538,-3.3040628821633717
agm069260712,17.79201533550498,4.649934780223472
agm069283242,18.13239277445854,4.081464640355001
agm069295999,10.622483907392512,-2.5980948564381823
agm069315443,12.527977047172923,-0.13493523427636886
agm069395575,16.626202227530232,-0.9112612530626777
agm069461818,13.60312930282469,1.397759203580069
agm069497264,15.004950235456427,-1.6663019869841478
agm069499209,15.151861940766329,-6.091839133759399
agm069527535,20.82825901814156,5.037597418032047
agm069538790,11.126792581350058,-5.990021273755249
agm069542762,17.718359462014927,4.550567383382865
agm069654459,14.580381344852976,-0.6266845092112288
agm069780602,8.108098430698236,-5.699367293108738
agm069978030,15.49355652079249,2.4073693506268055
agm070019833,17.431351929087093,2.663654215146561
agm070103954,17.23222850772556,3.8215522091878085
agm070120908,17.4980648895463,3.8918333245788865
agm070134454,17.80631465863743,2.726767618243816
agm070166615,14.652450246522733,0.9543493135317735
agm070190128,16.54346409614179,2.6802327362502916
agm070195390,9.811956233314103,0.4447293591934732
agm070200207,15.10348993108243,0.7604267265985264
agm070260224,14.766983587750468,0.8275585981855121
agm070277652,16.336590254993798,0.6032782185712549
agm070325606,12.933762285557068,-1.3269803840948302
agm070346469,12.20624105055142,-2.140125980586843
agm070399565,14.67153320608998,0.25914961009242177
agm070401774,12.62842860752903,-1.7413097367979518
agm070404710,15.243086150297813,1.2463707232578554
agm070407576,18.66213599271345,2.5183267281525032
agm070416276,16.081646074490113,0.40083991192222196
agm070480086,18.51235181146522,0.8678350756934906
agm070548142,17.846896382446232,1.272374950130273
agm070563557,14.737190438195363,2.737814326266092
agm070599800,18.682842337377576,4.307363323737236
agm071590064,9.716821635154146,-0.7795596013308597
agm071659156,13.28668667708306,1.4168577556508044
agm071710261,16.588905630956692,4.903285844865884
agm071746895,19.840634011952027,2.141485758392683
agm071755728,17.472253165116523,3.5455031631502116
agm071788543,11.020228427838171,-2.156945594340327
agm071827366,9.082901400717395,-2.805530170753
agm071848698,12.447706829196742,1.8513256139973382
agm071905563,12.29073358671433,1.5359614634166174
agm071922004,16.697623617001145,4.147170149623649
agm071947044,13.47429717424921,2.44680855543343
agm071952880,16.341423095010207,5.191561563331708
agm071997748,13.448647382643125,2.8685012396487157
agm072010787,16.649729577688028,5.172307142884453
agm072011051,14.353722416665855,-3.783268005936945
agm072017833,11.167175208949653,-2.2448036938259537
agm072055361,17.042679578514246,5.698935429554545
agm073029910,15.779258734369629,2.1036772796683088
agm073032751,11.617586002103884,-0.48414215445310244
agm073035089,7.581092876038151,-3.6686442697099735
agm075736854,18.949738281877533,-3.550215605525498
agm075752243,16.499566427906178,0.6560615305741146
agm075757954,21.23590042517345,2.726056744161942
agm075759623,13.502393083145957,-5.473313374935951
agm075772830,17.45257760663079,2.0410168934140245
agm075877595,15.36618161603426,3.3320055501606753
agm077614787,18.380060000600793,0.6360033769045152
agm077618192,12.365163999036792,-3.24397670326958
agm077635730,11.726427109879767,-6.094025842618469
agm077689631,17.462729056738407,1.1787674313696561
agm077719115,13.560258749350831,-0.906625732213703
agm077739096,16.95144800223194,1.5978132253882642
agm077768652,13.77124268164061,-2.6986901205006824
agm077772848,11.71393287640373,-0.4495532897593808
agm077805716,20.48782796862557,4.111353375768295
agm077806547,12.439269452605167,-2.4231107042655218
agm077827255,19.246374686858104,2.1750916346183238
agm077870433,18.000486438657475,4.101438063497972
agm077894967,12.532648527305538,-1.9771183432189041
agm077896372,20.038710452159464,1.5962827188702597
agm077903872,20.22849106235139,1.5688672141678957
agm077937136,17.127586958321555,5.967419968562056
agm077938356,12.569215560529063,-1.025675236534881
agm077983527,18.339140857758306,0.6046400464752454
agm077993194,15.087868456342074,1.2829505201164295
agm078012823,19.598866148764795,2.8718530693990454
agm078020845,17.76973154689313,6.17568065825899
agm078051732,11.866495660194781,-5.683763758201247
agm078128480,18.900245873257088,3.051102779183257
agm078134840,10.851915176400185,-4.91026624905389
agm078165825,15.364501765480952,3.0056675397385586
agm078188146,13.031357950847296,-3.570646682041986
agm078208142,14.845981166888057,0.24144730026200514
agm078239464,18.915954278883948,2.6510066051043397
agm078252032,13.190791681118982,-3.798574903866845
agm078282223,12.081026188269076,-7.526283968147062
agm078283996,17.52712618336116,0.6652678373346864
agm078294958,14.48063387350607,-1.8750936347244178
agm078335224,18.264049912637613,-1.976495105326696
agm078340323,15.709672213299518,2.1674489722806745
agm078341714,18.809627065016304,1.7380878294090927
agm078404586,11.715590385040636,0.20399373772972731
agm078439128,13.972169828253625,-0.10997008997086037
agm078454585,18.367441777391832,1.238148455398722
agm078490819,14.822929568446156,-0.28993864853749185
agm078515325,19.008885778889333,0.6074820288656566
agm078547554,13.28670295159032,-0.20744130111538142
agm078560408,18.545122041091894,0.2929896605535163
agm078574004,13.922378187963664,-3.6699341674065726
agm078596872,12.32937910375057,-7.7174749500250135
agm078635712,17.461570045343592,1.838636750426172
agm078649580,22.430272553247228,2.5932746008780674
agm078660711,12.014295731369025,0.9000762925331198
agm078674135,15.217929180429635,0.5068106880130561
agm078702479,5.689184823483626,-3.5282346890431207
agm078703084,17.199480053529136,5.982242578830486
agm078711475,18.47385804047716,2.5167740468192346
agm078789426,15.100547546558039,-6.119270485662422
agm078844528,14.885119813434718,1.6957652150585225
agm078857003,18.91754774376197,2.6501811401063744
agm078863778,12.231440361200503,0.8833271840496829
agm078875830,15.43059416086642,-0.5425717225147906
agm078940507,18.586094829650474,2.630233112926245
agm078987497,13.231222452523163,-3.4403949943942322
agm078999228,12.91457112937891,0.9539378026018417
agm079004138,13.944425644123552,-2.813184160111838
agm079077732,17.88378224772515,-1.318510714502286
agm079078497,14.065377614691343,0.7165408173523566
agm079082569,15.697695249573622,-2.6226323186630247
agm079133833,16.7441474892281,1.3836199300140983
agm079136810,14.868007019134682,1.7247954722235874
agm079193515,14.757876718861793,-2.2891976039329878
