mat_id,volume,energy_per_atom
agm001000110,17.46066742563849,0.5291111633992015
agm001001040,12.531761337917613,-4.043289022252612
agm001001919,15.972888129086058,-2.8161989307622712
agm001003503,16.36975086286618,1.755957953756069
agm001004359,15.69794373431507,-2.296935392994598
agm001004594,15.457411434953594,0.9926476094412203
agm001006759,12.105396672019488,-3.727246475525711
agm001007227,15.665372549917095,-1.1548319683900712
agm001008954,15.608980268417758,-2.288317939385743
agm001009320,16.168879245673605,0.34896899262639103
agm001009484,14.444868516760474,-0.23028486921646873
agm001011011,15.565852087214076,-2.796116175471837
agm001011034,17.29695766437727,0.8240439708498002
agm001011258,16.98046831694118,0.7973572970848087
agm001011276,17.80508063773366,0.08988501304860345
agm001012152,18.183996312307027,0.9741897664219188
agm001012672,15.128832186943244,0.9687460748204556
agm001012673,15.07880417013772,1.107773438510847
agm001014575,15.489134933082127,-2.0522227350706004
agm001015322,17.97180977831805,0.08564394317726236
agm001017922,11.288332889941975,-1.4794085163795472
agm001019652,17.01235777942497,2.36119403975744
agm001019766,18.901301329277626,2.04584172225969
agm001020078,18.988714681312462,2.075240030421778
agm001021702,19.157614573585363,-0.1926865721138166
agm001022068,19.425323094989103,0.30236533968911655
agm001023885,19.509727181753693,3.339620268239102
agm001023989,20.13628710571192,2.2786985030648075
agm001024672,11.535966954591382,-2.4379314796295044
agm001027517,13.714729490563775,3.085305744989044
agm001028442,14.369878559545242,1.4212101174682334
agm001029255,15.032926993974876,1.1112461385245833
agm001031293,14.100966740358205,1.2907611583522833
agm001031724,11.228525190955372,-1.8457394538567353
agm001032058,14.418162064028278,0.6929653784678985
agm001034234,12.714952340738511,-1.7570718311897402
agm001035741,17.453214930713287,1.6171358915983447
agm001036375,11.624148548312185,0.38005668319292124
agm001037498,15.434733606852406,-2.99930081264719
agm001037555,17.736141352026426,5.132998321931965
agm001038997,11.495791405768053,-4.118551201712626
agm001039391,16.35648471662707,0.8690095477039387
agm001039511,15.870525043887051,0.6449120421273751
agm001039917,13.951756918718914,-0.6987401442057651
agm001039943,17.09888177296175,-1.1016123459511817
agm001040193,15.672215201472376,-0.8274796156658564
agm001040411,15.553333333851127,1.3386323735053718
agm001042892,16.542361454064295,2.1983463593319925
agm001043020,13.411312294765962,-1.6745625674615632
agm001043936,15.7565619942105,1.990297899133271
agm001044286,12.987472653501184,-0.19850878389294144
agm001044489,16.448387834752516,2.2531421569815375
agm001044934,11.037473446678085,-2.220586979541276
agm001049739,16.045426265527407,1.9605357440211104
agm001053505,10.699083398776189,-4.294950380671707
agm001055435,13.80992843425467,-2.888688754373378
agm001055954,19.25253962528566,1.7964410163203013
agm001056004,13.567959354892112,-5.591648493520421
agm001057112,22.364995574016366,4.139133078050552
agm001057627,19.306182296869967,0.8853804453296602
agm001058307,17.091533437906552,3.61064221210394
agm001058446,15.784392277556444,-0.9822569071232875
agm001060460,16.588489175659344,0.39360125483144276
agm001061731,14.926848935472357,-0.7097438858789461
agm001062366,19.236387485775143,2.8205681410882733
agm001064415,13.43822284072854,-5.538837481219133
agm001064443,13.12766525665328,-4.906440076897887
agm001064568,15.489249921675855,-0.06680667722325258
agm001065948,16.938566101505454,2.806602027241341
agm001066115,19.74635010025101,5.546183553152233
agm001067502,17.301434975561506,-1.57554925636443
agm001067554,16.0413536116954,-0.8285919690544669
agm001086200,17.63283540220814,2.3326830480384997
agm001086213,16.959732858240347,2.0516866309825774
agm001086235,16.489961529564045,3.283469503566728
agm001086510,16.269422082921878,-0.9819868764545809
agm001086550,16.853122155472317,-0.7226237056897951
agm001086578,16.256664703414195,1.3906664562927604
agm001087647,18.589625944865475,4.182198909619424
agm001088240,17.701184192312297,3.3918707988172025
agm001088337,18.26152359796946,3.5680033082422415
agm001089246,18.707443961874677,3.587114155818126
agm001089717,15.562227909175384,1.0929985630265566
agm001089775,15.065599176615876,0.8662801652285523
agm001090387,19.006431861110162,1.7845421490893933
agm001091522,19.382175343948386,-1.2625642541612496
agm001092377,19.646187932317012,4.07756523138746
agm001093963,18.279233339592196,3.6591633618330706
agm001094206,15.322969724801556,2.3928946962919095
agm001095527,13.73015567495935,0.4905564388360837
agm001095605,16.2241353997396,-2.3795602333100927
agm001095715,16.109006616426996,-0.082826518497507
agm001095905,16.729001962604624,1.6443108792455856
agm001095916,18.771547855490212,2.8328421974328313
agm001096149,18.630401835039404,3.7508463339724196
agm001097092,16.0419607114118,-5.446386961970531
agm001097533,15.884968573866612,1.247015522908594
agm001097606,17.675644288381214,2.7953605828533075
agm001097698,15.023537395941144,-1.758144606845673
agm001098069,15.126925967860656,1.7767489937463044
agm001098458,17.945966289279724,-0.7838742317920566
agm001099198,17.265021922074567,1.28995235137074
agm001099929,20.498492942989397,4.160966328107394
agm001099967,19.23381631846575,3.44033830986307
agm001100392,13.326447692311648,-6.610914331569282
agm001100417,13.048255593479313,-5.927314997984187
agm001100499,12.8252343193828,-6.617815571649248
agm001100506,13.409604896380612,-7.564295933054474
agm001100703,18.100059421194093,1.7772981490272723
agm001100706,18.599466880243355,3.219026518539925
agm001101352,17.342699231772052,3.1708674891556443
agm001102145,13.180486807485726,-5.9630256576598555
agm001102564,16.80950387118062,1.038957980325629
agm001102584,17.374591768181542,0.10171704021053003
agm001102681,19.090234530082736,-2.2197333135938777
agm001102748,16.76554677053582,-4.578931704845155
agm001102800,19.28220328880017,-0.30745679303013845
agm001102864,18.865976164223547,1.4417115897334987
agm001102979,17.168119011017765,0.6579690635778128
agm001103033,16.666294780834907,0.0904005053712595
agm001104968,20.17604659787741,0.6107944987819941
agm001105146,6.584520439991569,-2.5225299349731074
agm001105375,8.069362894035418,-2.362432647357311
agm001105378,7.927079658920806,-3.310553556833791
agm001105682,10.555616265947082,-2.2501837416109387
agm001105872,16.197908313196525,1.57369826554713
agm001105887,15.689722004193815,1.420162935447705
agm001106082,15.804497745870634,-4.212423142494464
agm001106108,11.016496193199393,-2.843471050941658
agm001106135,10.749918472134455,-5.252134148523433
agm001106214,16.18069822809778,1.5387436801527066
agm001106241,15.906511695092467,-2.17589730392433
agm001106364,10.09765424389899,-3.8227430278306245
agm001107189,11.207367874000834,-5.288206899638084
agm001107258,20.18040902264513,2.591849126527825
agm001107266,18.040526437818322,1.078995388033124
agm001107272,16.654501959756836,0.4714423928034968
agm001107544,18.119074228553394,0.27982811092157717
agm001108482,16.426078868623414,0.5326782095388204
agm001108637,18.326185224850587,-1.1660234702491898
agm001108679,16.298334388725156,0.5423118044042561
agm001108705,17.85971631336465,1.0850220651652727
agm001109069,20.145801651184794,-0.8708053090526178
agm001109181,20.438411949333364,0.2759543747867859
agm001109727,20.7296601181681,-4.712500304623997
agm001112024,18.47172479984109,-0.5966031148216038
agm001112253,15.313075189941507,-4.115063083086083
agm001114900,15.672788761953,-3.0441385045127616
agm001115160,11.600081147832654,-4.68209970012362
agm001115359,14.506236300161868,-2.750503709122481
agm001115455,12.06019602396751,-3.8006131746299308
agm001115631,12.244178680880248,-4.678720689840082
agm001115716,13.290850211122896,-2.9289430064917346
agm001115738,12.26266620159148,-2.998002496056599
agm001115883,13.307735001394882,-3.0729938034430093
agm001115888,13.957107948767502,-3.2076679249027746
agm001115913,12.900073943452282,-2.857493351864049
agm001116011,11.804442546363113,-4.556771475698822
agm001116037,14.509774767449889,-3.7367060351776225
agm001116151,12.953301599949384,-5.1206717544596705
agm001116156,13.5314036069384,-7.26079882765699
agm001116169,14.553163051997894,-3.14731083818969
agm001116194,14.731560162912524,-2.42373977713602
agm001116328,13.396411571619696,-3.505241859180524
agm001116336,11.894558614134107,-3.9554367928078773
agm001116351,13.8380633610616,-0.7281996134555886
agm001116413,10.326562293021793,-3.35972223832378
agm001116690,11.986059402435611,-5.527095647064012
agm001116704,12.993206385653673,-3.967056531612548
agm001116768,15.47958491411048,-0.5292135291280928
agm001116944,12.345176150197066,-3.0856145248392823
agm001117154,13.016096024689661,-2.0118360352227187
agm001118545,13.373549698490802,-1.5066782846284354
agm001118658,12.562041128306207,-1.2388940438841267
agm001118677,15.894323701221012,-4.594279887682843
agm001118955,19.80306591204176,3.3168976113007904
agm001118995,11.290335099072385,-2.5360527724260877
agm001119026,13.254913738574986,-0.8672518802562603
agm001119133,15.249957831564924,-1.7140527588648213
agm001119442,17.264144521201366,-3.7692056077364633
agm001119448,16.823905857147377,0.7276316019631572
agm001119591,17.449434630504282,0.6948269260011184
agm001119684,15.973414045921103,-0.1407513730191683
agm001120270,16.795193451443087,-1.9333120962567145
agm001120291,11.352430582654742,-5.002157465608979
agm001120928,17.742537769924525,1.3416527708355828
agm001121188,14.862943595622054,-1.2291547058123689
agm001121492,14.518568391160944,-5.630060851621687
agm001121709,13.745912458486522,-3.9745050651116367
agm001121728,14.451717759308814,-5.076485197967722
agm001121815,16.79461769975422,0.19728701529253545
agm001121847,14.671380637639523,-6.126116940968105
agm001122000,15.335654773486947,-2.792349396843427
agm001122410,16.29859803879511,-7.003481847665993
agm001122472,14.892036488298498,-2.176880757242463
agm001122478,15.076045891198355,-2.0921369844022992
agm001122498,15.960197067889464,-3.1631322549081853
agm001122902,17.956257699831536,-0.2854838356547784
agm001122919,18.828193187830827,1.5359517726148324
agm001122922,18.161075075282497,2.1218584836298406
agm001123007,15.541385301671154,-0.5640700969462715
agm001123037,15.1805446226599,0.4592747635371994
agm001123046,16.743765375471,0.8333418631261704
agm001123148,16.496530623670864,-0.7190299467188686
agm001123171,17.653279245160014,1.8906847451474444
agm001123366,15.482638269416148,1.4013567530598978
agm001123367,16.80729429247967,-0.2759521941573473
agm001123500,16.033891191671668,-2.479369433388789
agm001123534,18.27947721176115,1.5106970641766706
agm001123592,18.843860283533907,1.9628510335709537
agm001123599,18.569720454837732,2.4898496953343994
agm001123625,18.743974222079437,2.512172257111338
agm001123803,16.844823803100578,2.697489609932516
agm001123861,15.627030432704277,-1.825830264824102
agm001123923,17.76942277344628,1.6278415732260303
agm001124418,17.94483341570896,2.5378740576075822
agm001124457,19.198082321034313,-0.036166405775521326
agm001124485,19.070802286361907,1.8292725695832948
agm001124521,19.031972577874086,2.2448381240132633
agm001124522,18.805827759913306,2.1885105789538075
agm001124525,19.090417286768965,2.259803319281392
agm001124558,19.123202444405564,2.288610907482626
agm001124561,19.03191568276779,2.270673048653305
agm001124567,19.445488305358253,1.1071139631500646
agm001124665,18.584415940107892,-0.639259091555707
agm001124711,18.314880573733337,2.036152980835017
agm001124713,18.521316252346708,1.672376006111537
agm001124953,15.640716030452644,1.9420686803193234
agm001125093,16.908533931522566,0.16764906740300756
agm001125112,15.888066584480164,-3.2252065411212936
agm001125185,19.085973072136248,5.256856296999669
agm001125194,19.706290478041034,4.06750076925261
agm001125293,16.210177079299513,2.7734437943737626
agm001125325,14.550221056814697,2.149976651411068
agm001125402,16.516285889920635,3.1705608995956913
agm001125480,16.548449168771917,4.366575847682273
agm001125562,16.721370606596796,2.6357116022129095
agm001125587,16.13919912103822,2.45909179665009
agm001125598,17.146302672031343,2.2454679038533225
agm001125842,15.145446629380404,2.3145856461126293
agm001125905,13.318579381528657,-2.6997946658228322
agm001126074,16.349417170416494,0.009072120842560594
agm001126079,18.424732153973373,-0.04542478406992512
agm001126132,17.590325825523834,4.428238363766485
agm001126161,18.845045776836606,-1.721309261244384
agm001126221,17.246986371597323,1.2522737659745724
agm001126261,18.610615766371676,4.798909668543061
agm001126329,17.478688398704495,1.6987912089628718
agm001126357,16.339655608051274,2.2227170323827474
agm001126446,18.818791793484408,4.796562864500292
agm001126457,19.046311329032537,3.291808147025633
agm001126496,17.762581140315053,2.9525420997690306
agm001126526,19.321509823827544,4.005865624659565
agm001126541,17.267762913565413,3.290390038190357
agm001126607,18.745489232445806,3.250221300924311
agm001126618,19.14519081592939,3.3887415714478877
agm001126648,18.038468584683358,3.0235393207301176
agm001126745,16.6704382452187,3.1852837430940415
agm001126796,17.856997984381415,1.1078312540722708
agm001126798,17.66285457744298,0.5455258174844451
agm001126799,17.157440105833587,0.9490385618672974
agm001126801,17.72130464404084,-1.676474402031821
agm001126824,17.25129942677382,2.4346822245824846
agm001126837,17.63143334812518,2.8786841953710507
agm001126886,19.165287611512614,2.6134774242232286
agm001126918,18.612805686806553,2.4087206104769203
agm001127174,17.612588038721004,-0.6537110165049906
agm001127874,18.652930633813256,-0.21375975302623562
agm001128170,16.601235278955432,0.033867325825405636
agm001128219,17.6470893573882,3.458830929214807
agm001129674,18.947393259098096,3.053210812964129
agm001129701,15.675523473074858,1.3390930330573054
agm001130056,13.926757288426828,-0.0032638505085724745
agm001130069,13.777295027351274,-2.4196549925348734
agm001130346,15.372506388774628,-4.914538792558436
agm001130691,15.655553857016132,1.2306147215288918
agm001130762,15.586127564773335,1.2271579370958703
agm001130782,15.333178504424398,1.1164783166510857
agm001130878,15.655918451104089,1.1243308736110755
agm001130893,15.311034593913782,0.9752019486315024
agm001131019,14.181778175415703,0.5137768480515748
agm001131037,16.23609063534743,1.5826896842309157
agm001131040,14.589545193157564,0.6768642849397253
agm001131141,16.35787293509513,1.59698756116169
agm001131147,14.78623366117166,-0.5015476107042183
agm001131195,14.797085151836207,0.7510573370940969
agm001131203,14.729749868909947,0.7222497445993561
agm001133177,16.766602002393377,-0.6669576480086663
agm001133249,15.927364955819106,2.1174949378446346
agm001133529,16.993035901761164,1.6522062079201412
agm001133775,17.478433971824284,2.8646120389858494
agm001133821,14.283792478103624,-4.374546570211926
agm001133889,16.604093413825773,2.014631029447144
agm001133961,16.125771880458206,-0.10026714427331296
agm001134085,16.07847607079311,-1.8458600592442211
agm001134239,15.92455412909317,1.54421479371001
agm001134348,18.69271544476752,2.701702717977083
agm001134445,17.450268134469585,2.788706627168649
agm001134456,18.47753725977662,2.678297835953688
agm001134492,17.881860541604464,2.3879775141213457
agm001134539,17.881154189729525,2.42144633952046
agm001134573,16.923976296478727,2.2264495546616603
agm001134629,17.275198773282245,2.212687298777622
agm001134720,17.354056026815524,2.22100890850622
agm001134733,16.60510541940332,1.920362863359835
agm001134761,16.382897773410367,0.7479084279404802
agm001134817,16.480819441344213,0.7884523472347889
agm001134821,17.03078498960692,2.07920131030851
agm001134948,14.88761018896273,-3.718948703988204
agm001135082,12.461136174705508,-3.1016856924693563
agm001135293,15.352059416971079,-3.3525298980357423
agm001135330,12.865766866263932,-4.652708930608041
agm001135380,15.377119208961865,0.6781130280503387
agm001135412,14.306323383398759,-1.972219130859468
agm001135431,13.219403247838097,-1.1977837344370128
agm001135718,16.143241954969703,-3.116525558611631
agm001136082,11.789830820210351,1.1175585530477146
agm001136149,15.472064437836316,1.8838948561462097
agm001136244,16.44144310940747,1.388699198744436
agm001136275,9.7119142610545,-0.5974093458865251
agm001136354,13.343268979229144,-1.629963488686764
agm001136368,12.042552380826503,-2.7619451282779157
agm001136457,13.956705888974449,-1.0578047466205112
agm001136472,14.619894224292576,0.15642514667524043
agm001136492,15.17598463077464,0.6988428175589751
agm001136713,15.407175113817416,0.386809239889903
agm001136728,16.01752631011811,0.658073957178007
agm001136902,13.733758051254139,3.199389368454539
agm001137008,15.489781286452871,-0.13721561175501407
agm001137029,15.921302997759412,0.05610555468374301
agm001137121,17.689213286124726,2.1783931419806617
agm001137472,15.748536103208707,2.283017246349294
agm001137483,15.167894618239849,-0.2640605236448277
agm001137510,15.489206126798289,-0.05704089125206657
agm001137713,16.764568985948284,0.5082787928423231
agm001137773,17.21491201548057,1.888292188493697
agm001137982,15.927683213261242,-0.9510519343695556
agm001138055,15.53825529102571,1.2605010371318404
agm001138099,16.301178970113746,1.525952423794294
agm001138463,19.804697916678347,2.1354217800456254
agm001138794,12.039854414104852,0.7116518082423036
agm001138867,14.137952426020867,1.1361048320859153
agm001138874,14.966119913356527,0.8685305217451944
agm001138881,15.161753396644576,1.1774493224443479
agm001138882,15.93668000199804,0.3335226340601567
agm001139144,19.22412687399213,4.42570730195275
agm001139188,15.546048912213559,-1.6366017056993813
agm001139195,16.61496200850088,0.9845712939302311
agm001139298,15.957425646972203,2.1871409675736775
agm001139485,14.088948729903501,-1.569111066759417
agm001139504,14.483213335511556,0.3267592493968019
agm001139567,15.118573260581869,3.0692889033217883
agm001139717,18.69633442547707,3.3921498162804076
agm001139732,17.72133420413872,2.869252062329098
agm001139872,15.539980216635932,2.427577821022692
agm001139925,17.010526494400093,2.565585191582551
agm001139983,18.072226754930973,3.1536513481135575
agm001139988,16.438659987797873,0.0287906329018357
agm001140137,16.914651384867646,2.544484264687507
agm001140144,16.397699171605797,2.1486567123532474
agm001140158,16.056445063206336,1.3522714418553683
agm001140260,13.895886431633365,1.0561877107633624
agm001140361,14.598764323910956,-1.048397812687372
agm001140405,16.168441370867388,0.4899885392406773
agm001140413,16.235938254342425,0.5165248431771259
agm001140523,12.760002224392347,-1.3082879015074935
agm001140540,17.068972083559242,-3.9325702281041455
agm001140936,18.21765599939908,2.578022604582036
agm001141195,18.712703491598752,3.5173210281234075
agm001141254,18.704648670678505,3.0026460613265407
agm001141262,18.57160922356674,0.507935957961867
agm001141392,18.731260498756452,1.891778863464344
agm001141401,17.458042623747186,-0.7424443492932022
agm001141555,19.233350045993106,0.973954298980666
agm001141771,17.352482233416495,1.3191186306235112
agm001141936,17.67570126435425,3.3334747915735736
agm001141937,16.290523472514266,2.8182322871666
agm001142028,12.679766469595059,-0.4176728520257207
agm001142164,13.447346615958924,1.5366322832390678
agm001142171,12.201365061822353,-3.170220693188201
agm001142232,14.258197544639165,0.5565823572146433
agm001142484,14.95020631618886,1.7942040224527451
agm001142635,14.745859635119876,0.8741649864759546
agm001143037,17.129455980500907,0.35611884923003245
agm001143134,14.916095667928271,-5.447576442014835
agm001143217,14.95566018150577,-6.024454143755732
agm001143517,17.10240403615405,0.7577193641106899
agm001144223,16.742507337496342,4.075694421407714
agm001144423,15.942647132680927,1.6349494290816278
agm001144445,17.758198931905024,5.374335430686277
agm001144568,17.39987179339561,3.6289190311447337
agm001144594,18.247859056416075,3.1035619954692493
agm001144844,17.52212524440362,1.821861018854599
agm001144893,15.360849192954287,0.19984620143798804
agm001145090,17.119216833475353,2.252004931332123
agm001145260,17.178428427456673,1.6668578805767824
agm001145285,15.73121615148488,-1.8122631067403487
agm001145892,18.60627436653022,2.0837193463776043
agm001145981,17.575050183730767,1.7809301599727778
agm001146097,17.715252762391984,1.7854235562614447
agm001146108,18.070618692856268,1.8884681721439325
agm001146195,14.26382979992619,-6.518582370833704
agm001146233,12.571530717736557,-6.414570080510244
agm001146426,14.750086801848562,-5.798007773341825
agm001146527,11.386946761162442,-6.258762713170899
agm001146803,17.025810238441053,1.3608812630537033
agm001146929,17.42634486750313,1.007303298953663
agm001147028,16.108380563299075,-3.321017042018142
agm001147035,20.05681812140557,5.489895860375536
agm001147066,18.846370069613315,2.853652262504488
agm001147071,20.04444238945176,2.064618369199583
agm001147195,19.920075775790533,3.683323319404262
agm001147198,18.925520182361815,4.001314352786315
agm001147346,17.94108562991634,3.4871336667723574
agm001147365,18.22662909766993,2.292062703077585
agm001147411,16.717296595556984,2.001422663380687
agm001147420,17.241255380791458,2.1099375120234463
agm001147427,18.69478088671544,4.318710578687478
agm001147609,19.9668717802173,2.6419436604424904
agm001147623,18.379229879558412,0.7489921879003605
agm001147639,19.07411237646418,0.7286586672853401
agm001147678,18.448744971372843,2.79176997368479
agm001147685,18.753586601728003,2.7193439408570725
agm001147705,18.611463589087766,2.946841899612129
agm001147740,20.029487119872194,2.812871347378378
agm001147743,19.04632031148626,3.0872554387543634
agm001147762,20.945145829453164,3.7755735506695487
agm001147780,20.020100573124513,3.710909157643334
agm001147797,18.266253427049115,2.711350585723431
agm001147922,18.628131834118594,2.954050657384622
agm001147958,18.746043509029718,2.889445952838657
agm001148156,14.754325453719098,1.8678243022919832
agm001148264,13.910187704529902,-4.294034996358096
agm001148340,17.727453101287345,1.585349718856241
agm001148404,15.680153731403404,-1.5644850749539954
agm001148505,16.253798761331613,0.9473930683068925
agm001148750,10.7212252455019,-2.2695299531615767
agm001149092,16.33840906919621,0.03846747781075255
agm001149093,17.240895613897784,1.184666736934557
agm001149177,15.821430073056032,-0.20137115649633497
agm001149273,15.770919749008721,-0.2407485955066555
agm001149440,12.458324940526765,-4.05035029450951
agm001149844,12.52469130596365,-5.493073200093562
agm001149913,15.28250910739631,-5.383993791911472
agm001151294,18.529041154580774,3.22521538742257
agm001151351,15.969547131718297,0.0827485077468122
agm001151372,14.59249527853932,0.757625355857976
agm001151441,17.08804127905348,4.379026742468873
agm001151556,18.2466894231262,3.9464110166607975
agm001151587,16.49727254782079,3.8950979595328405
agm001151610,16.87972366815353,-3.1351875622177765
agm001151619,17.057475705747834,1.5393090011736632
agm001151630,17.16622659920045,1.604473405593792
agm001151917,17.197740868538766,2.066968080929497
agm001151941,17.292895151289468,3.309680145565613
agm001151991,17.75750960641716,2.976447536712585
agm001152034,18.368051498315978,0.9655792967733028
agm001152049,17.901987980898348,3.017547902199386
agm001152080,16.647598944744725,0.7759621348448631
agm001152116,17.619630937004025,1.4298858631185425
agm001152170,16.602901418958428,3.1039997902788468
agm001152184,17.66109880167704,2.9342484270132605
agm001152211,18.19031804068049,2.3129116995318926
agm001152223,17.405350862830094,2.8677838748708906
agm001152631,13.551872961839154,-4.90356455379791
agm001152898,18.007947857101023,1.5976680007556423
agm001153094,15.414520016011425,-3.7999354425673575
agm001153166,15.977605367253679,-4.677679028869504
agm001153168,15.690327176446395,-3.665123363836843
agm001153439,15.948060375734498,-4.589120021592246
agm001153696,13.86924220594159,-5.565995057831594
agm001153699,12.229118679533675,-6.5648731070569095
agm001154052,15.317509607068468,-1.460086623820458
agm001154093,17.231409474464023,-0.2475529545896391
agm001154104,18.15201127901119,3.2757171549467925
agm001154232,20.35109211417518,3.1315522124894217
agm001154258,20.920246878467836,2.713202960379504
agm001154310,18.2179465771835,2.540669172091639
agm001154334,18.03232047914651,2.5165795254528414
agm001154389,17.540095839242618,2.90616020614564
agm001154480,18.124138921621423,2.4781428196252415
agm001154500,18.26295311084049,2.5579694970607534
agm001154556,19.490408083985393,3.2608613465414935
agm001154558,19.26340056371883,0.6443535606167812
agm001154581,18.000625223007866,2.4929567342862393
agm001154700,17.968040744518742,2.4437340013624818
agm001154705,18.130720612841486,2.4833148420934172
agm001154712,19.46253752432632,2.1834215920992577
agm001154740,17.452434764568995,0.023145281915828875
agm001154820,13.89477282483888,-6.279599500591996
agm001154875,15.68585215516416,-2.8478224556002534
agm001155010,17.25611397812173,-4.145416653410649
agm001155333,12.813594564000107,-3.050767435335325
agm001155336,13.005864900152318,-2.9526805522974238
agm001155873,17.073045679309246,-4.642048585011371
agm001156695,18.625070336827754,4.789225858269709
agm001156707,18.05120607394533,4.594499389604364
agm001156711,18.091236758272775,4.355410791665015
agm001157234,19.888199663004933,2.292254646780542
agm001158330,18.690755195141854,3.5231258079961343
agm001158363,18.555878748133967,3.4803308444444623
agm001158392,17.63258397565248,4.113033470394986
agm001158400,17.68368634688887,4.160063896373767
agm001158411,18.217908979332076,1.3415660042462427
agm001158501,19.05413747677436,3.609476096849474
agm001158578,18.316150500462385,-1.294190919595719
agm001158645,18.776752753386116,3.520671905434141
agm001159024,19.063471011280033,-0.2951137873254286
agm001159193,15.979554112029582,1.3662280862776939
agm001159209,16.242228334683944,1.4533287404571098
agm001159244,17.273755231322408,2.5913678834819205
agm001159298,18.070856786898034,2.299179138887541
agm001159306,17.413995206195303,2.0487874266050587
agm001159326,17.018828979362468,1.9442776872010121
agm001159439,16.764492719342787,1.8687686790404001
agm001159445,17.028879254903302,1.9493150428574744
agm001159456,15.826279376000526,1.2241991987687184
agm001159633,17.064174089498884,1.9527360627243349
agm001160222,19.329774517059672,3.4398608672695996
agm001160237,19.038778699529313,0.9942441757326543
agm001160251,18.696867693846222,3.289256944410444
agm001160265,19.085425029053244,3.3894804808574808
agm001160294,19.011951606466337,2.6907771315355546
agm001160305,19.085523255194786,2.716952588759143
agm001160342,19.706023929220844,2.1566366792306813
agm001160402,20.959539697274653,1.5551838745204432
agm001160476,19.030902712636593,0.314856799652393
agm001160482,19.184958908594513,-2.6786443355457763
agm001160487,18.816378179665158,0.2732213818450946
agm001160566,18.697887486277565,2.591321088169824
agm001160574,19.796724513913745,2.212569812112571
agm001160578,18.990096722658393,2.6815897390456156
agm001160851,20.273161939702764,3.8780777693584403
agm001160910,19.3972380364502,3.5394789813078926
agm001160921,18.1660301977691,3.7139924717076367
agm001160992,18.095797217534148,3.041821186455479
agm001161112,17.43170786460692,3.465959332913217
agm001161248,19.18161047436995,2.7701932076399416
agm001161313,21.413799920025507,3.9788930462255214
agm001161343,18.744761445603512,2.634230989104963
agm001161374,18.700424838111633,0.2721094238797317
agm001161378,18.677276678876655,-2.1062350013567537
agm001161441,19.548667574553885,2.129212123886435
agm001161771,18.749201573930502,2.6067529757368417
agm001161782,19.011768399468124,2.673640126958313
agm001162235,18.289742214673876,0.16940188530614275
agm001162261,19.52150998511839,1.0034208991573665
agm001162297,18.22069795448197,2.452653469360123
agm001162358,19.08130624025046,2.029718707587114
agm001162466,18.292314932438085,0.14719689765586352
agm001162494,18.748138309208034,0.2633561334911736
agm001162677,18.937961931965894,1.9538596369260617
agm001162703,18.908977893560643,2.646382556593964
agm001162707,18.57306853604091,2.543390505724491
agm001162743,18.278868508159466,2.4532422978823396
agm001162825,18.57365066462692,2.5566549164596344
agm001162905,19.254203118095063,2.05895848711826
agm001162930,18.576816759969695,2.560062448849121
agm001169689,15.841718840947147,2.180009743173948
agm001169874,15.262630132962386,2.4802330965300583
agm001170008,14.58996628105813,1.1370384112110645
agm001170144,14.555059295531224,-0.869313169347496
agm001170224,14.708347818470747,-0.7214580359990611
agm001170225,15.228795771131294,0.9421232074051028
agm001170280,14.881598669679905,0.8192801144164186
agm001170300,14.768146038206291,-0.7821879587816992
agm001170303,14.711871145564665,0.7704512664156784
agm001170565,13.939674084822746,-0.2195654579075311
agm001171188,8.984411340755967,-3.1535577609215273
agm001171197,8.685725280038135,-3.1783855432936465
agm001171199,8.866980443653107,-3.288592462027177
agm001171220,8.639512877997612,-1.2223505406119621
agm001171337,8.402810725324885,-3.370992943473824
agm001171554,15.769298821790308,-0.9880486708933601
agm001171863,12.08328518573647,-1.0251663673940932
agm001172002,14.765157225660262,-1.5151642780086039
agm001172354,17.774175092215213,3.0160550083118216
agm001172947,11.774266466411435,-2.3953188623484043
agm001173065,11.742135663696047,-2.4132310765149523
agm001173171,12.073542018366643,-2.1969354813355166
agm001173318,11.89686556036176,-2.296136707264818
agm001173435,11.632210340741201,-3.1581887411052008
agm001173531,11.934129195900843,-6.163178015753192
agm001173743,11.536953669936366,-1.0919909968874002
agm001173787,12.055584999792229,-0.9529390156393868
agm001173958,11.085616825657004,-1.6141395779109207
agm001173960,10.941805818618242,-2.0471140476998007
agm001174069,11.552464065287362,-1.0310014183453233
agm001174074,11.5048826314488,-1.0535465677550218
agm001174080,11.835183347546801,-0.8852091591585266
agm001174429,15.671968823791646,-4.877132945539931
agm001174442,15.820504430393996,-2.8082878090383265
agm001174562,15.474772588909167,-3.8108965866938775
agm001174886,11.822155436511473,-4.649306232682274
agm001174976,10.880115323504612,-5.066012006048573
agm001175046,10.822439917856727,-5.0696888036992975
agm001175135,12.22165413784637,-2.9244356547953547
agm001175239,11.902972025329873,-5.36320075598605
agm001175656,14.43324463784969,-0.9176631849022326
agm001176236,15.858489274823041,-2.895776017572274
agm001176694,15.397093886303312,-5.369415801317085
agm001177035,15.18344188421686,-3.968783938705663
agm001177355,19.979656780522465,5.600579099471098
agm001177362,15.788884062340118,-0.2652614754332099
agm001177429,15.860913708195914,-3.1154459708694215
agm001177467,15.875306876662892,-3.6830144833831073
agm001177502,16.102764253399414,-1.2422917220627578
agm001177621,15.987298445871778,-3.786430726757017
agm001178810,15.426014355224412,-1.3121287903262384
agm001179021,17.290360231263126,4.6449178735575165
agm001179131,15.335318896020043,1.7279858856663701
agm001179170,15.682565269321557,3.358228178584936
agm001179195,15.576344153097615,3.336921108203813
agm001179276,16.99265226892768,4.547314633035293
agm001179286,16.23105197009372,4.164551901702205
agm001179291,16.422561760354878,3.7414311719635283
agm001179352,15.569261056950424,2.3313972652750645
agm001179716,15.297214984833245,3.081352965999787
agm001179879,11.537033426298983,-4.60948446829365
agm001180457,14.236581156488091,0.4896029789776228
agm001180489,16.325459301621823,4.73309568625268
agm001180720,19.037149993526917,5.169671482857325
agm001180903,14.46260536519116,-1.2593457594340756
agm001180911,14.573827319200932,-1.7972724038041914
agm001180965,19.498313824640253,3.2622402328229683
agm001181032,14.054833631767146,-1.7104080719015518
agm001181243,15.995635144623014,-1.2481896027032608
agm001181290,16.07902166055325,-2.800994893558179
agm001181495,11.309903252818332,-1.537571611750974
agm001181527,11.895953430900692,-1.0134881253141248
agm001181638,11.962486099139293,-3.297839340717404
agm001181699,11.872923196682846,-1.7426172441032286
agm001181705,11.808309449783417,-2.58020511125391
agm001181712,11.242002796301712,-3.868114234565399
agm001181722,12.45095507359111,-2.3122206887528587
agm001181747,11.66281722391787,-1.2960878490460577
agm001181861,12.325708083918919,-3.0986254680265457
agm001181864,12.205519894509008,-1.5788447643255334
agm001181916,11.508792792416815,-3.220536649980234
agm001182046,11.273218694019421,-2.236655701821462
agm001182060,11.9579394306796,-2.0001465601881705
agm001182138,12.155414289155125,-2.615183856039786
agm001182410,16.037051203919418,-0.12947357518148372
agm001183016,16.036334150026324,-1.2188716207322396
agm001183023,15.676498842188822,-4.095972228704267
agm001183098,16.81187100630226,-0.8058047495724002
agm001183150,15.792346459837127,-3.8714346565833324
agm001183168,15.605332862962413,-2.9218802417692955
agm001183211,15.678248518925345,-1.1216293530559298
agm001183519,15.150837359247367,-2.7158072061066516
agm001183560,14.805944320131482,-2.9046280605657153
agm001183685,14.981389485239609,-1.5951507922636392
agm001183725,14.888661107904591,-2.0357571846148237
agm001183744,14.932385333333393,-1.6144097989205732
agm001183791,14.487697613734703,-1.5014629503244379
agm001183866,14.533772463386315,-2.221953759674504
agm001183883,14.855866582141198,-3.1648969365416746
agm001183902,14.779081941005137,-3.0078159135826628
agm001183903,14.653423638921105,-3.0679957259316826
agm001183919,14.645465509899699,-3.0671681054507274
agm001183939,15.364994619662802,-4.840494036478884
agm001183975,15.503562427401116,-2.600953096973862
agm001183979,15.583274135087537,-3.161875928758315
agm001184027,15.241774110627984,-3.4823289720906736
agm001184060,14.827010420606046,-2.9874067732662692
agm001184323,11.595786928617313,-3.6080855623252734
agm001184429,11.854317898860607,-3.9314482252351373
agm001184443,15.210221859212481,-3.776369965854459
agm001184445,14.97713189130146,-4.9322580371152025
agm001184484,11.64131256995949,-3.705669737748103
agm001184491,10.786628055669077,-2.508803904018839
agm001184549,14.142098378973971,-2.620570617706658
agm001184715,12.974339890138195,1.6366066511021646
agm001185027,16.059514146761202,-4.521564063585761
agm001185056,15.430496784213846,-4.077021234709785
agm001185496,14.969905724196684,-2.867062941026655
agm001185499,15.139728632284227,-1.2271913713173266
agm001185527,20.100329749763212,3.707923312654804
agm001185531,19.32632360754962,2.0576978915137594
agm001185536,19.66966365749483,3.4479959313941855
agm001185638,15.743056524066786,-1.3570424878384924
agm001185772,15.225187662672726,-4.948741513357084
agm001185858,15.389440704078055,-3.2575578032439307
agm001185868,15.564467406043853,-3.1490606600989923
agm001186485,15.304014242448865,-4.299396621439256
agm001187193,15.684820118900383,-1.6730008100687013
agm001187517,15.469718338140183,-4.3979510875054455
agm001188066,12.180293985150422,0.9197306405541745
agm001188172,12.47770890148899,0.7942209213500243
agm001188242,13.897510053238321,1.9319091388834853
agm001188245,13.836558501308806,1.9143806326455792
agm001189040,11.531622949641891,-3.652569404208867
agm001190347,18.189550803571773,1.9905692401320527
agm001190666,17.78945352791516,6.7415604506432985
agm001190984,19.96122878774656,-1.3050938778022338
agm001191001,18.553458393940378,2.6089681352064744
agm001191004,18.89354790667301,0.24511290213636006
agm001191046,17.397633535869115,4.492259648964171
agm001191126,22.30118859895697,4.576849214153369
agm001191212,19.26266045636921,2.7520453837126366
agm001191393,16.91604667678833,2.244769306610621
agm001191421,15.814262818793157,2.3013369206897725
agm001191573,9.802152329371573,-0.5084879999130756
agm001191713,19.676425034573377,-0.35679276161715734
agm001191738,13.905203804978605,-0.7189783533876701
agm001191765,19.665481667348526,4.894512054673231
agm001192395,11.499902039391364,-4.316556424182632
agm001192698,13.252914475544111,-2.5307242737740867
agm001192699,11.572494834425141,-4.9678153144543975
agm001192844,18.520104087236522,2.2618390849458785
agm001192942,15.36104582081093,-3.924441076275823
agm001192961,16.854735302381687,-2.016921517330964
agm001193286,10.79522320849309,-4.975361120595125
agm001193643,20.263880889267337,7.047962371909498
agm001193789,18.589978113750472,2.674424866784026
agm001193807,11.44287521577398,-4.678747144239048
agm001193826,13.993312408413559,-0.843273870175223
agm001194199,19.8371856680884,3.3296313149405337
agm001194243,16.555219167423353,-2.550013487712354
agm001194392,16.38867982548435,6.672858953397832
agm001194458,19.72043564858453,2.9012331763741557
agm001194460,19.33375013637139,2.7725119685003734
agm001194482,19.062236196575906,2.627191884635748
agm001194483,18.60399077599897,2.592656606336856
agm001194529,19.46609088030633,2.80349128520659
agm001194545,19.562263866082525,2.8371399201200127
agm001194603,18.789566993318175,2.6328428550578487
agm001194779,18.686962787224946,2.586535923580963
agm001194931,14.848102682281015,-6.777040725018577
agm001195117,17.5098786010323,2.1228999723434283
agm001195146,17.183140296867304,0.8600960319390207
agm001195235,17.69832568229,2.3445915324105195
agm001195255,17.72422011088876,2.372610301708317
agm001195282,17.34144088052679,2.213805219601097
agm001195396,17.344565432089897,2.8776600208849485
agm001195955,16.759684953907215,1.7018968754490729
agm001196189,15.669546045436556,1.151835721676031
agm001196205,9.684170316743726,-2.95569576003446
agm001196264,13.979423554591051,-1.5043183884269489
agm001196298,15.825124379992028,1.22523898517741
agm001196452,15.495963761201933,-0.4673632394938645
agm001196537,16.031075741688042,1.2863043820456044
agm001196547,15.954181954023221,1.2787028101844173
agm001196549,11.809570565977609,-2.4429565813606438
agm001196589,15.596045541724163,1.1425417600498005
agm001196627,16.085121878144168,0.8258444616136424
agm001196700,15.47470290883735,1.463939029977328
agm001196786,17.09635308589242,2.416586168517478
agm001196931,16.867895507012072,1.7817239574587962
agm001197013,14.03866765547082,0.4492653131804438
agm001197209,18.605441248323178,2.4867763252728867
agm001197221,17.782326010465987,2.1089448872631715
agm001197303,15.114725159439038,-3.409108568809345
agm001197324,17.946763197475324,2.2306376167728788
agm001197325,17.818313211885698,2.1626367664120725
agm001197623,15.971203404070987,1.0046215908689042
agm001197776,14.619047761584405,-3.9239457487901417
agm001197863,14.742486886010887,-2.2498586236330462
agm001198080,16.70494696004749,1.7209928414872806
agm001198114,15.91002011702542,-0.7330286154671892
agm001198489,21.404784034893375,5.61371523682353
agm001199029,10.971717321870502,-3.6159156868199833
agm001199372,16.191376794063558,2.9875550192998253
agm001199543,19.39973557172394,4.9982075622976
agm001199669,16.03591747847085,-1.211023055421263
agm001199682,15.70460340631605,0.9409191926461187
agm001199819,18.3525411033969,3.5714931346817274
agm001200314,18.512404901969713,3.1234443080197485
agm001200396,19.333331621155878,3.3503220626118857
agm001200483,17.088524997077766,3.689422736070874
agm001200499,17.403156296216178,3.591945725188981
agm001200508,18.403317314187348,3.6930970955694953
agm001200516,18.583135964103487,3.7405549584178885
agm001200559,18.027538961197735,3.5608758575922304
agm001200562,17.446523049632177,3.399107759548362
agm001200604,17.224529138643188,3.3488644862559935
agm001200621,17.9915211444897,3.3801783838190245
agm001200633,17.01679809699762,3.269084067041055
agm001200640,17.292368345401954,3.735628036574971
agm001200682,18.993753848218795,0.8826602755393225
agm001200768,17.107226924110567,3.3239565438079257
agm001200894,18.351095102951536,3.1398125204818905
agm001200916,17.896588602765057,3.2225501007950914
agm001200924,17.16806538062411,3.0054559889576185
agm001200994,17.099439084478295,2.920672039483361
agm001201187,18.65613685376937,2.944057312073496
agm001201689,18.776020203993696,2.3041633112277324
agm001202510,10.986166697863005,-2.214493339608731
agm001202579,14.433421208018716,-1.893639861929083
agm001202671,13.39814232804927,-3.997497676791898
agm001202926,13.073609828129188,-2.9220871568375237
agm001203062,14.916412373895115,-1.5375979214074817
agm001203078,14.516745617716298,0.6359303831910887
agm001203240,14.725785053017283,0.26124889595402845
agm001203241,15.325873691439,0.5273444443688797
agm001203292,15.789923558741792,1.3893489925717386
agm001203625,12.672835124134552,-0.230524927296186
agm001203639,13.17191645477567,0.4055463219167592
agm001203647,15.341981092996523,0.2591706571272825
agm001203905,15.414111023285587,1.8357840125159095
agm001204040,18.73658548872909,2.6114987714232685
agm001204358,18.285620701029465,2.890016125159189
agm001204422,19.80408446775719,1.5081904283308525
agm001204558,19.35636436212353,3.1370126459928365
agm001204881,9.700282422272473,-3.632536120511339
agm001205050,13.652835980732803,-4.845585335607353
agm001205155,14.498077907673505,-0.8783110499436111
agm001205312,14.255719862427092,0.3003255060884227
agm001205355,14.800929019970042,1.5385237177373572
agm001205442,16.71364150016528,0.8595225297399054
agm001205545,15.645346910322274,-0.1463847220055099
agm001205853,16.393567444768742,-0.12937420285389845
agm001206161,16.31668612694913,2.138072081203534
agm001206313,17.62716625871535,2.8274858651658636
agm001206324,18.098852132484076,2.5114530248586817
agm001206407,15.398068791485517,0.531140784886615
agm001206653,16.697059700105264,1.7047946963883795
agm001206668,17.30131162147643,1.7967661195165947
agm001206810,16.617767999973125,2.414088055855615
agm001207010,18.155773912237,-2.229501575352433
agm001207133,19.10797933616834,-0.3289123157189149
agm001207178,17.774862489127212,1.2036263179236082
agm001207244,20.908587807951655,1.5297992261714102
agm001207246,18.469823548979758,0.19356788326594287
agm001207328,15.817437694348083,-0.4450024673239703
agm001207657,16.32505699464134,-3.4475733660536587
agm001207890,16.600717708317376,1.8506399134664981
agm001207991,17.225630874085414,3.233505920176068
agm001208593,14.925007401396616,-6.0199190956526
agm001208730,21.235923533802925,4.859780340367836
agm001208773,19.18712842647121,2.032235650093318
agm001209023,20.6325604338792,3.7155389609737
agm001209031,18.914193174404367,2.5641769001221197
agm001209047,18.721243221501087,1.7764643778606546
agm001209077,19.405301367542577,2.038741173851645
agm001209131,17.47458260316225,2.311217910202161
agm001209134,20.96652821367504,3.7521518444165736
agm001209143,19.608963942687822,3.00320630456247
agm001209178,18.875450316820682,2.7440172144561563
agm001209210,19.195987507367395,0.4924342907864476
agm001209249,18.48389871736312,2.610638401172759
agm001209256,18.33684332089664,2.5930355777232554
agm001209276,17.69400857435946,2.4121968294080283
agm001209278,19.209456265505583,2.2253813512083385
agm001209294,18.940243296304835,2.1826845307630096
agm001209315,17.845397720244204,2.7622110887191234
agm001209477,19.62856331797267,1.5948778651466933
agm001209484,19.010712914219592,1.5278744489914944
agm001209507,18.39504473901348,-2.006271452595776
agm001209512,18.303910655661188,0.08113494750639383
agm001209618,18.527195081815815,2.5631938941648915
agm001209626,19.660549077799303,2.9443354674533717
agm001209659,18.572620315752435,3.2657097050085238
agm001209732,18.843679447640127,0.00957995374114251
agm001209734,17.93198980656443,3.9883384242324214
agm001209745,18.196034307722023,2.439953098242607
agm001209775,18.617054742538315,2.565625011345893
agm001209797,18.41991953938871,0.9444554390773963
agm001209833,18.179635794437218,3.1206093742140117
agm001209983,17.66422173147528,2.9514323806924017
agm001209998,17.618118326064526,2.232505340400894
agm001210333,19.268698089908984,2.8755733626164783
agm001210349,20.309201001152683,2.6878600228896987
agm001210406,18.975712886984,2.676864624152377
agm001210564,18.551452971164306,-2.1488889435255807
agm001210724,19.503288917197715,2.870110516190265
agm001210830,18.80527489863301,2.635375502937296
agm001210846,21.11076048619544,3.920384117238461
agm001211219,13.469199615941909,1.8583832224312529
agm001211252,13.944434493027675,2.366714073940507
agm001211305,15.092498389110805,-2.5125511170758887
agm001211360,15.361670891922643,1.9685087862436932
agm001211457,17.092648467074643,2.958551862637311
agm001211578,10.719036710538939,-0.716202549973409
agm001211610,16.370794510056882,2.8775758441599866
agm001211622,15.9161836542854,2.4891535860041634
agm001211730,15.876427880534173,2.132376419627594
agm001211914,15.92446187715987,2.3608282885391416
agm001211932,13.631566413913623,-3.6035047836588774
agm001212197,12.572702369752275,0.8308517156709301
agm001212279,17.00471191437826,3.07410628769171
agm001212353,13.139434075958107,-2.9725155599394153
agm001212504,10.736020888745443,-1.402065267859148
agm001212541,16.87121822241832,3.035537041320394
agm001212729,13.437953399609958,-0.9866300149534117
agm001213080,16.749671106555986,3.9593022712694355
agm001213156,17.75487043246406,2.6565404630722
agm001213257,16.182732449972054,0.6980970014729087
agm001213267,16.040710616061805,2.9942200376709707
agm001213320,17.888248880354286,2.808100363555397
agm001213345,17.28745202725619,3.309891212967864
agm001213352,17.256529121725283,3.3229283682645114
agm001213426,17.047507091369692,2.0060419057339
agm001213439,16.64699533899711,2.5206930643851013
agm001213467,17.38235093413345,3.1609403767923396
agm001213473,17.75918142999003,4.531607180752477
agm001213510,16.118528814674672,2.8083046393390765
agm001213605,16.01351398769636,2.46638163190996
agm001213663,16.668820502882916,2.3785903020424115
agm001213666,11.626263661864003,-1.8888974614458065
agm001213674,16.527605942419015,1.2695194543369057
agm001213993,13.348759796268503,-0.035763557923015554
agm001214022,13.493219607361645,0.268660043469243
agm001214040,17.00800653950616,2.531252327755281
agm001214221,16.617721722324088,3.311791208837577
agm001214227,16.840006389643257,1.8866917512256904
agm001214440,17.437412812328642,3.41552007778889
agm001214485,18.887130434488654,2.9897601471212125
agm001214525,14.296377295348078,-0.8947304285325233
agm001214735,17.627066182063892,2.28751618383958
agm001214866,12.249489792889682,0.12772703627128434
agm001214871,14.706294300965366,1.385855454748432
agm001214914,17.62906002108031,2.7984328494688535
agm001215006,16.67497171663165,3.026450010263723
agm001215011,16.69833901482059,3.09894770612546
agm001215669,14.734324044179681,-5.874909326861823
agm001215671,14.991320674144545,-4.753463433137858
agm001215872,15.996258430074697,3.7822557368598924
agm001216089,15.490792831292456,4.802305981298155
agm001216157,18.74630811836302,1.6370201290463573
agm001216256,16.789968345514104,4.541666506467818
agm001216412,15.607193130399928,2.944950459396358
agm001216413,17.625029053254988,5.901817453364226
agm001216506,18.748257385708907,3.1710890646081946
agm001216595,15.470956841663856,3.2238110195437546
agm001216640,17.837277722326114,2.5420869430510535
agm001216732,16.437445706982235,4.037719308571769
agm001216808,18.02964674470015,7.543294146952088
agm001216903,14.399231812245398,-6.253078244305555
agm001216907,14.484781659740255,-6.430247195230865
agm001217017,13.172433239432833,-4.980481147774209
agm001217174,19.229818352432112,2.7497116659669754
agm001217177,19.24781740219158,2.757705045611429
agm001217252,19.429541434564463,2.8087241739391793
agm001217344,18.8472275522437,2.6338289956987637
agm001217346,18.90346805711405,2.6529824497699535
agm001217417,18.705021177730647,0.2669691979263149
agm001217516,19.29501157052983,3.146056081517121
agm001217533,19.177291085743576,0.3811375221973421
agm001217625,18.33726393903849,2.6123490475219944
agm001217900,11.942975973361879,-1.6629869880315797
agm001218025,13.954581993405977,-0.10322540531674562
agm001218172,13.540784685631714,-5.577737403663165
agm001218270,14.98543997390158,-0.913599055129783
agm001218289,14.874628402019477,-1.1979212275735014
agm001218453,15.010632485026806,-4.966810393947838
agm001218668,14.432496465232555,-0.20192186347385288
agm001218673,13.956342417604839,1.2542604346413384
agm001218692,14.193986492498578,-0.300750914733503
agm001218770,15.956876628671816,-0.148438101480167
agm001218819,14.431589317981954,-3.596410055249798
agm001219014,16.688052357550497,-1.0922808291268105
agm001219015,16.61429410778652,-2.2150881111860015
agm001219261,16.49013130792107,-1.7534233326297732
agm001219309,16.624844430537152,1.7144343393663197
agm001219453,14.622771630241974,-0.4842717723299437
agm001219686,19.597195596090764,0.12473587138344655
agm001219768,19.167799804569547,2.829382210406691
agm001219769,19.02082539188457,2.69032443349103
agm001220019,18.233324117074243,3.726616534713168
agm001220077,21.227471609234208,3.9476341162216135
agm001220108,17.513897834489093,1.4123768278042341
agm001220159,20.472043889472825,1.09933793719635
agm001220192,20.533526423903734,3.4421640431986233
agm001220198,20.887343848631136,3.553549280059248
agm001220209,19.916893514141773,2.975812517267566
agm001220246,19.604321381472214,2.8794394457490533
agm001220351,19.92231595662673,-1.4168093221941538
agm001220385,18.63950446939137,-2.0869697146134527
agm001220391,18.81961894294925,0.30349433357601274
agm001220431,18.80888330915743,2.6614864358765686
agm001220439,18.414437944459433,2.6570463539897435
agm001220455,19.848870729001813,2.9473599541912536
agm001220498,20.11818290398735,2.6358702050302645
agm001220518,19.343436593519463,2.7801506577261446
agm001220566,19.085082195185873,2.7090136504288242
agm001220619,19.578026836008853,2.8852003622578737
agm001220821,14.952629532922977,-2.624361288097079
agm001220895,14.468676247096743,-0.5180860853326887
agm001220899,15.079670318414104,-1.1519962231822687
agm001220969,14.911254247221327,-3.483795353662356
agm001221068,15.787474176153143,-1.2618007794085138
agm001221069,16.04273066353453,-2.271210384254842
agm001221298,16.34023755471582,-5.65163524802423
agm001221346,15.744471791570444,-0.3405631944989471
agm001221490,14.373500291921623,-1.9943380573977327
agm001221542,15.489645065103467,-2.359872888262026
agm001221588,15.429586488314897,-4.23251517493005
agm001221666,15.370683038055477,-3.7189913681173667
agm001221787,15.273369552944933,-1.9819864796905335
agm001221860,15.950827618632959,-1.4016547942080813
agm001221867,15.666158561901577,-1.560382088583875
agm001222204,17.993193523193646,1.2408253570160062
agm001222397,17.688173714172184,-1.1242794198126376
agm001222836,13.224166456260317,-2.6780701536229135
agm001222887,14.399085025903414,0.029540246291026584
agm001222913,13.758719541128837,-1.7181794162715773
agm001222936,17.826476580981215,-1.8059548390337241
agm001223363,16.76661502809062,2.618617753737965
agm001223445,12.531413749625576,-2.124555498245064
agm001223499,17.110621970656144,2.805261167880577
agm001223508,17.60474006847918,1.7865068320470998
agm001223719,16.18662681964869,0.5030013416574448
agm001223721,17.017804775521128,2.773829712830384
agm001223744,17.194746681093175,1.7120876979809054
agm001224000,18.608513359774985,2.0895383586208958
agm001224030,14.749018958291385,-4.508670076893315
agm001224047,13.835286281164024,-4.735608477742337
agm001224294,17.96745890310545,0.9950351003976543
agm001224340,13.879647668162628,0.23265618890593043
agm001224413,13.391629732907383,-0.2464516371991019
agm001224815,11.418013976099866,-3.430772872747029
agm001225390,18.76994589527141,2.6068354824348416
agm001225607,18.58279032101328,2.5559838291348136
agm001225622,18.0450853602779,0.7641997396802376
agm001225639,19.35316385196446,1.2929814852476609
agm001225647,18.39488746501625,0.20243257502804646
agm001225648,18.567524978229088,-0.8581533930662788
agm001225716,17.86854581152482,0.37106668125579745
agm001225911,17.786921958591176,2.7057132229109984
agm001226124,19.346783498601507,1.2884526062046442
agm001226301,19.21473246868724,2.169471295542846
agm001226308,19.32916373865234,2.194866829669536
agm001226310,19.452233570327998,2.5994900862545016
agm001226318,18.92300657719216,-2.633866396314918
agm001226379,18.789233586223286,-2.6795981148053123
agm001226428,19.533686761621272,2.2494909650690653
agm001226572,19.477149939026784,4.084463639689385
agm001226823,20.82421611224915,4.65491010720555
agm001226896,19.38276638159354,4.883852679952734
agm001226907,20.89209973876474,4.014580757908034
agm001227051,19.742739867246645,3.6855956997237227
agm001227154,18.555531041688948,2.6336139334521285
agm001227260,18.273781696270223,2.4500862729090134
agm001227280,18.360451526696018,1.4496310245938187
agm001227364,19.563007918308564,2.7025224132724004
agm001227666,13.974207020532047,-5.606108369940047
agm001228089,11.0955129685352,-4.580003413561732
agm001228282,13.899340105619514,-3.166468384329061
agm001228451,12.898662984436019,-5.772987521994766
agm001228534,13.50027390793587,-1.7654133924333637
agm001229021,11.253639827138276,-1.4944553786343513
agm001229187,13.602955155926129,-5.498303634908873
agm001229194,13.44344052516088,-6.15760610193526
agm001229258,12.734070536682093,-6.638081117749676
agm001229294,12.566779413842623,-0.976791409378531
agm001229333,14.466736317050621,-1.582551906299365
agm001229371,15.614903002476488,-0.20654803598546945
agm001229661,11.488764221975654,-5.880833769677242
agm001229673,11.456936896862235,-5.97466197997321
agm001229884,12.030297424789483,-4.75256788571302
agm001230011,9.492680939856402,-3.9505382839842844
agm001230213,10.932929569747376,-4.940748797261211
agm001230237,11.677496276459541,-3.3647655948809687
agm001230448,13.54265026741291,-6.28847607845274
agm001230509,11.232552633556052,0.09323024044884853
agm001230715,18.844871582248622,1.7016362357562889
agm001230730,18.801228910423358,-0.5839743470294918
agm001230732,18.795764215978714,1.7624018447033007
agm001230735,19.30628624600104,1.917303436551359
agm001230750,18.91303064324949,-0.5531535753885644
agm001230789,18.83281417275521,1.7768476611656636
agm001230798,19.460401823797444,1.951309064626467
agm001230803,19.18782306497001,1.86455019850336
agm001231147,18.453531561492458,2.154835539768304
agm001231149,21.144286018440884,3.475026767811878
agm001231168,18.303882811374216,2.0990953894575606
agm001231190,18.837547898397897,2.1240752726342373
agm001231316,15.878389379707041,-0.6303705144472298
agm001231356,18.82116539530815,2.537854125408388
agm001231374,19.419527968958835,2.3979463621717825
agm001231378,19.004121789262246,2.2457028699366193
agm001231380,18.8378862309485,-2.4852289511932044
agm001231391,19.099022982056006,2.652249439797002
agm001231413,14.82837365211438,-1.9679123063232877
agm001231473,17.95990537468461,3.1755439260656724
agm001231543,18.6759366336046,2.2037177254921403
agm001231632,16.655514374660367,0.1010451086987203
agm001231741,15.570989275453634,2.1968637327774294
agm001231945,13.465929288429694,0.7383018787046467
agm001231965,15.791379593528642,2.538069462333852
agm001231998,17.012326529191906,2.2715187949510067
agm001232135,15.654481190316872,-0.39048047224714466
agm001232139,16.06460480677928,2.1360500161607066
agm001232197,16.414514782263037,2.4504010814369375
agm001232428,13.385040813649969,1.342665771651384
agm001232463,15.564499702546803,1.8076872550488892
agm001232660,15.800223542340625,2.216506979612885
agm001232709,15.819008809721936,2.7824308552754626
agm001232788,14.167112362028204,-4.127312987119492
agm001232846,15.686775854342537,1.0944645284113834
agm001233025,16.745185532785793,0.5180468582268363
agm001233101,18.07976982647506,1.856402608644034
agm001233129,16.66348932052202,4.527891963464116
agm001233145,16.43693144839808,2.992161777861318
agm001233209,16.04140935784808,1.734067366478996
agm001233232,15.930005521137728,1.3320965355855732
agm001233520,14.966637605346445,-4.947317917612363
agm001233647,16.54809572951443,3.1619945558764
agm001234809,13.889311763161972,-6.575462381562102
agm001234837,14.371676388743275,-0.07258752269146918
agm001234846,14.094687681844865,-0.5935311835172156
agm001234977,12.042072115377238,-0.5871434539924092
agm001235402,10.268167246319216,-5.924149194558616
agm001235421,14.234034447981765,2.10485591400464
agm001235682,15.911651460294792,1.2330410819224717
agm001236295,18.581943960728392,-3.516578031172602
agm001237278,19.011097665040793,-1.0467401675255914
agm001237967,24.636460475564107,7.303441885951753
agm001238146,20.206785057894677,3.8683251831107293
agm001238221,13.0460104019958,-2.184549607774011
agm001238849,10.507557798661503,-1.7022041367768022
agm001239551,17.40226279325498,4.1776083982240815
agm001239572,17.976754359541133,-4.056096182592626
agm001239998,18.689392026573753,4.918682026232776
agm001240372,21.7278889012852,2.4570885757214036
agm001240691,17.596236452864698,-0.14920853740738238
agm001240984,19.24817698327607,3.949580186236782
agm001241570,24.96993062580448,6.9626916359087
agm001242732,15.730664376901444,-3.9980064957403183
agm001243094,16.694308120565786,-0.8687766638877426
agm001248997,17.770381804171585,0.6285828912228881
agm001249158,12.98335258719855,-4.90372541026166
agm001258149,15.102468998512315,-1.4597270356146363
agm001258184,15.203673537730714,-3.88512842070895
agm001258510,16.280854468121017,0.44687624330876474
agm001258526,15.60059205857246,3.2396788412131254
agm001258570,15.730246317454203,0.8332232193396152
agm001258611,14.969583773079881,2.755084599745951
agm001258629,15.136915210950166,1.308278653940172
agm001258840,15.858712925446376,-0.04003243172392068
agm001258844,14.955270023150605,-3.5362434720808014
agm001258866,14.487891133241966,0.18646365330158984
agm001258878,13.281159561823811,-0.2739022191236919
agm001260330,15.873168458959775,-0.7606134666022921
agm001260503,19.114845221823163,2.086359529415354
agm001260592,15.169290414292412,-1.7614737585884601
agm001260604,13.336170950657227,-1.7945667749839629
agm001260825,15.983827495172333,-1.1723259624303832
agm001261212,13.719229181321646,-2.8128938556534724
agm001261282,14.601009886636646,-0.014179190150703272
agm001261291,15.224412434384348,0.16135349641490215
agm001261317,14.337640037803688,-4.276950277168091
agm001261372,13.538760458758775,-0.4154395802760682
agm001261379,12.210717296215096,-0.8426268482665957
agm001262168,18.622057191540176,0.8985997398351474
agm001262402,14.156305225434709,0.06772217973647858
agm001262842,20.872613694313646,3.100494642533826
agm001263003,17.288817822674833,5.073500998209912
agm001263023,16.152331610357788,2.727263019296822
agm001263131,15.087882542921326,2.96182654781439
agm001263272,16.145193234828923,3.3885980821546564
agm001263273,16.102882566115586,1.678330514864907
agm001263455,17.41838256466966,2.618192533963891
agm001263784,17.221432229044307,1.7881894215039427
agm001264050,18.53704943497667,3.8019494581717694
agm001264317,20.842063796986015,4.274597593675522
agm001265113,12.365107171733511,-0.9958059420401936
agm001265501,15.800629549353182,2.316059477130677
agm001265650,8.91001406115514,-1.2059377328213852
agm001265793,10.44462008897386,-1.135225120435134
agm001265882,13.979975937408646,0.49851713222146365
agm001265922,15.470057531076167,2.5183655766282484
agm001265966,17.644430721152425,3.5856568197053007
agm001266154,16.49667984966423,2.5478755186708177
agm001266202,20.048758809582544,3.4978423952662054
agm001266508,15.331657873025426,2.2676407627720825
agm001266535,16.684031736777968,0.3365475497066062
agm001266601,17.92024503373348,2.83111388150301
agm001266608,17.524776907626308,2.683599589297048
agm001266843,16.21778371046405,2.882548416277342
agm001266982,14.352521122869119,0.2112221993423263
agm001266996,13.45251249037698,-0.20384277939581827
agm001267198,15.973070733363748,-0.48365674547438076
agm001267457,14.639117376374964,1.7795058627836433
agm001267489,16.053518897057366,2.7009457771828163
agm001267515,16.00668078914639,-0.13540440355546104
agm001267517,15.517984728416058,-0.476792191192807
agm001267584,15.119682641165296,-2.4642103506149646
agm001267704,13.87219363078088,-1.5244016883320601
agm001267734,12.073720953605639,-1.3821213392579115
agm001268038,19.597972974988433,3.2587621306031855
agm001268192,16.648300658371614,2.7921265570154716
agm001268634,15.690973643725753,-1.4727746802132493
agm001268897,18.777635473483528,4.047960046777804
agm001268903,16.866025508742087,3.0157488681572193
agm001269214,16.67510623704712,3.5198384434967718
agm001269217,15.789539217511063,0.08453646284376622
agm001269227,15.740198865342867,3.189982755147702
agm001269356,12.032846861025154,0.32275261021908425
agm001269944,16.139234508375612,2.3913239349368105
agm001269993,15.810488389301767,-1.7016672724319217
agm001269997,16.43247751912568,1.5754731949915506
agm001270170,15.782998543963139,3.192792800117228
agm001270337,13.754721369489024,-1.606404661141599
agm001270530,18.061481483069986,-1.1326403089369432
agm001270676,15.46286265910006,-1.1283448949074024
agm001270705,18.762297960951923,5.136719976089534
agm001271418,18.324332885722438,0.8570340701168474
agm001271441,18.446200083737452,0.913758483929108
agm001271790,17.946792932263612,0.7021584191993782
agm001272294,12.254866136914435,-3.1928198351912527
agm001273874,16.785607109901658,1.9044850830801117
agm001274131,14.48216706515778,-7.335454116894098
agm001275813,19.410232552614154,2.787873796436911
agm001276125,19.793111231408542,-1.1464098662635156
agm001276163,19.850984608532578,2.017129242905939
agm001276170,18.876001738879932,0.9718315974916543
agm001276177,19.261176132907732,-0.3606925634407882
agm001276290,19.311210073666626,-0.34611198150724576
agm001276296,19.030235757485983,-0.4175268498154902
agm001276503,18.4197476749371,-0.6021266939314671
agm001277063,11.796961698797297,-0.9100709287114453
agm001277190,9.451354178350526,-2.5462014079991806
agm001277205,12.312002335722527,-0.5252055775254109
agm001279087,13.829534429661381,-1.0215307248371583
agm001280062,15.803873324482563,4.34998313999812
agm001280088,20.057472419442014,3.6444124229414543
agm001280102,18.575425687004618,2.0334621284809904
agm001280138,14.919741566409096,2.1039878365714664
agm001280216,9.785660677626499,2.1279075566173398
agm001280254,20.327757319461274,5.068471107575064
agm001280413,22.606544531868128,4.65775999020871
agm001280421,19.14685692325136,2.7121611026524546
agm001280757,11.375731748797175,1.3219758859331878
agm001280786,16.750819465114407,1.5484796727375638
agm001280813,10.175867997692771,-4.116001633108104
agm001280851,17.471336137694625,1.763801598378051
agm001281097,21.018048852923975,7.360512109017934
agm001281277,18.550646449815858,2.553513722681447
agm001281307,18.559170175754225,2.5449733403339536
agm001281337,18.621609989743543,2.5617939924798154
agm001281718,13.692725756987414,-3.4653083463405974
agm001282042,14.120301544320187,4.376932095477166
agm001282045,14.573673051195001,2.8730885760402893
agm001282594,16.915947067618053,1.8787266014654875
agm001282671,9.488567908813282,0.9049014485394165
agm001282688,15.261823281386308,1.8429982212249314
agm001282740,9.915546056233687,1.9990876334675378
agm001282834,17.603491086555323,4.404555180099985
agm001282850,16.462817560780707,5.523470005810088
agm001282861,14.080001849292644,4.331168234894956
agm001282900,17.962635709951517,1.8270913206340245
agm001283159,21.293909136631253,4.523676218297658
agm001283354,15.669540307134966,-5.205019554214477
agm001283470,20.877051258003025,3.9362274605801533
agm001283703,18.5976702042331,-4.52625702311595
agm001283711,19.39090046764364,2.785332049398127
agm001283818,19.16651455474479,2.715686752459326
agm001283833,22.49324165037218,4.7143437289368295
agm001283889,18.203424281900222,2.4623491925371077
agm001284002,19.3042106110826,2.0932766420726807
agm001284866,11.731427959591045,-4.695674059924521
agm001285511,17.852745116344163,1.9062953743985531
agm001288248,12.45043316148392,-3.5723653558902417
agm001288294,12.896459072699574,-0.2680452924286456
agm001288302,13.160794918374485,-0.19657179266366054
agm001288353,12.302102543605418,-2.474546452032079
agm001290891,11.725172531580958,-2.9805899782216665
agm001291082,11.335724876150131,-3.054137664554211
agm001291270,12.380536083672295,-3.27559646038905
agm001291315,13.48938538640994,-6.411656586565533
agm001292002,11.63769112884316,-0.9789839546937276
agm001292640,11.459357237179816,-3.616614952708403
agm001293365,11.383503527362791,-3.3024989288001696
agm001293411,11.392498567182182,-1.2710787071290137
agm001293966,13.96868030033066,-5.803928590282473
agm001294122,11.648878114713048,-5.766323383156443
agm001294416,12.790102538310336,-5.885908053773003
agm001294827,10.676049871628042,-5.393913837548691
agm001295563,11.948979179621963,-1.7214634759523961
agm001295660,16.12902345568206,-4.0767847942314415
agm001295669,15.903094449768329,-1.8602228480005056
agm001296232,16.344372063192,-1.9125930086505827
agm001296235,16.017688723598972,0.2993046808913036
agm001296252,16.050937806347523,0.15183826745302476
agm001296935,14.79747905424734,0.2993303269298204
agm001297404,15.542558398069918,0.3987712974828552
agm001298350,15.510756479074121,-0.15159815182041658
agm001298435,11.45907559172176,0.544770903724876
agm001298616,14.026331915025867,0.2474121008500374
agm001298961,16.42575169864181,0.4712611435230878
agm001299412,14.981148082362449,-0.8346714966255737
agm001299546,11.253973227505123,-0.5146321705754313
agm001299626,12.385473569325146,-0.4599410216833175
agm001300435,15.753419694823092,0.6575166448569822
agm001301082,11.110934797029001,-2.1828409193964196
agm001301143,14.192871892747759,-0.34030668929257857
agm001301207,11.086615607396979,-1.9371468409261499
agm001301294,10.908695394076801,-1.9386271260084142
agm001301350,14.567355775342913,0.5506653728460194
agm001301400,14.933087390192691,0.42035710158026784
agm001301624,15.213213788111947,0.498105510113966
agm001301858,15.98479339628916,-1.5469262999440252
agm001301872,16.412518732405122,-3.6807366968864557
agm001301903,16.208533051067793,-1.446927912879632
agm001302668,12.230749188079427,-0.8551085700154841
agm001302821,16.177638474097247,0.3536785460170737
agm001302822,16.611249724593517,0.5506453900311152
agm001302831,15.732492074484341,0.16460650161468493
agm001305331,9.964668207438176,-1.150758701964155
agm001306706,10.166349341600997,-3.6572459833915842
agm001306997,9.404643684223469,-3.727914322252226
agm001307650,9.445435144193079,-4.7369729058762395
agm001308033,15.300043941776888,-3.369299569831462
agm001308218,15.858180235090265,-2.394773987421109
agm001308270,15.666946626029324,-1.5461419361926723
agm001308803,13.074716067683015,-1.6074571251408383
agm001309233,13.651944589914146,-2.767419989582141
agm001309848,11.884257689024437,-2.590202247591124
agm001309861,10.876042140956624,-3.1455308524461847
agm001310419,13.106018835794247,-4.9315768302304575
agm001310506,11.613608194208846,-2.6736305755481844
agm001310810,13.007176783484603,-3.9913059891527194
agm001310811,13.022788309450611,-3.4372020089904334
agm001311188,15.651418057044465,-2.067553344320199
agm001311964,14.78956866739231,-2.412356335864941
agm001312084,13.011918002982732,-5.232110192020406
agm001312201,11.679123207638755,-4.403218326439001
agm001312428,13.881711551254732,-1.7274631782736192
agm001312529,14.498502352187314,-2.564003462291521
agm001312770,13.28083355664655,-5.972400322185958
agm001312786,13.025797768375623,-3.6674434986004076
agm001313797,13.85766126241086,-4.214898607149806
agm001314183,15.042858239331164,-1.9155137885045255
agm001315431,17.117544050817337,2.905929737207093
agm001315528,16.476402175909055,2.41754171880166
agm001316618,15.534283846879978,-1.6710569470909666
agm001316621,15.267884552348676,0.5715147607939626
agm001316644,16.02258193018205,1.461831267082748
agm001316647,15.517209694633971,1.2665582020540684
agm001316807,15.550561436033062,-0.10698567883870691
agm001317079,15.50488472116567,0.4464262701361603
agm001317117,14.57827985303797,1.8819918467948966
agm001317132,16.15521101193752,1.7500098116103802
agm001317137,16.822029915781435,1.9825348008148982
agm001317247,16.6537800194005,1.022904333537964
agm001317286,18.214199305561035,-0.19509746552552265
agm001317294,17.952838075150524,2.064711552840027
agm001317325,16.686967595203637,0.5759025242723377
agm001317529,16.567637875289545,1.2589537851760015
agm001317833,14.811873840791487,-1.4481410289086378
agm001318168,16.583034229858246,1.8213688829145038
agm001318505,16.999259845706835,2.1802005462053593
agm001318578,15.89971025970293,2.261162321149735
agm001318850,13.962175407740366,0.47032561022873676
agm001318970,16.681290749733584,0.14294138308362125
agm001319179,17.781510789317096,1.9957821134088674
agm001319181,17.937332266981276,2.050051632570045
agm001319279,17.10664867804217,1.0649178835143438
agm001321438,18.01535253964268,1.7660912433816565
agm001321440,17.04840795893304,1.4292077470722875
agm001323207,16.865085337710937,4.052527923710351
agm001323298,18.871586894132232,0.437662695107238
agm001323338,19.18371369541535,1.6057332611877424
agm001323540,14.50853713937021,1.8958861708057428
agm001323541,13.355986980281582,1.7800552156883782
agm001324184,12.750331707797422,2.867519069194357
agm001324202,13.594523409104985,3.1445833267720413
agm001324508,15.794761782468749,3.890088076182745
agm001324601,18.754904609150078,3.2377131844212252
agm001324616,16.041618705325316,3.2084308182334587
agm001324709,16.936223192501917,2.6022638599509182
agm001324713,17.102643071581987,2.6561513525583518
agm001325459,17.8427454155953,2.7530244141522777
agm001325496,17.893736068597406,2.7928602656817008
agm001325537,16.24184380918958,2.22652917596566
agm001325700,15.20101025753563,2.3565395479918196
agm001326034,16.463469098263225,3.6088817804546673
agm001326096,17.763115508549916,0.9561244475439592
agm001326146,16.86658266263284,3.0088795394938073
agm001326426,16.514081718303608,1.6497004357547782
agm001326475,16.521747248278725,2.775693142460171
agm001326782,17.195291735721586,2.2725886639201116
agm001326914,14.753474561337153,1.854215425465629
agm001327039,14.399846183083358,2.8905477718715904
agm001327045,14.658940083505707,2.9559684465835785
agm001327051,13.41219785018672,1.5047455620850556
agm001327087,16.129242081352743,2.976432656802129
agm001327170,16.67480202981988,3.818950241591132
agm001327871,17.679668839305204,3.555490485933454
agm001328047,17.44303358626723,0.0705186787723493
agm001328117,15.8956434864849,2.3545296213191733
agm001328494,16.45387816255538,3.380900105067293
agm001328605,19.682067118919427,5.3785058471937175
agm001328701,18.00761360184484,3.8328062931034026
agm001328760,20.295028275279442,4.187462522285432
agm001328798,19.487650917344183,3.036132770866291
agm001328802,18.409486731269794,1.9643090517584127
agm001328881,14.76531565011296,-0.06755484515291066
agm001329427,19.622073365497094,5.337471581750166
agm001329437,18.08977729267199,3.2675573952654196
agm001329638,19.11527347764572,1.86623080902649
agm001329653,17.438375380329003,3.3707295578642373
agm001330108,17.92382291234123,2.3918749897530516
agm001330202,19.083750391959327,3.3220661974952215
agm001330214,18.612767763335942,1.8930034284313697
agm001330304,18.262899277728774,1.7755916664892428
agm001330842,19.63810258213649,3.216705066533982
agm001330848,19.504409568714518,1.8745891769765963
agm001330887,20.934860786784423,2.608596503486618
agm001331546,18.91662026095377,3.8363774628503036
agm001331706,18.82459611991512,3.8112629222872876
agm001333329,20.47012296509453,3.9490359148637726
agm001333369,17.97348008374762,2.458364501457643
agm001333417,19.475026326467457,2.483644724319774
agm001333472,18.625676462883046,2.1716922656249036
agm001333493,18.914620244849655,0.9900661559568196
agm001333518,17.86542776245313,0.651574880690732
agm001333642,11.930566703782754,-0.9270758526122638
agm001334857,13.366148697109626,1.8595442252746341
agm001335385,13.32840805719715,-1.3680625977157357
agm001335409,14.64780766138077,-2.7379866566252273
agm001335534,14.771026762623103,0.4594178062831915
agm001335843,17.126540420926723,2.96240840511126
agm001335878,15.723361587579067,2.5157107006773414
agm001339216,18.433485589095458,0.35411128092309774
agm001340268,13.686084514040955,1.4091654676405758
agm001340305,15.03291083285879,-0.9211930505726329
agm001340473,16.351398559688583,1.6154026391730039
agm001340512,16.500311078422143,-0.6622638215341476
agm001340516,16.13136274934487,-0.8069951000436779
agm001341023,14.038457046820396,-0.08320841164893267
agm001341036,14.489263347739065,-2.2248356996150918
agm001341037,14.428990639420377,-2.2542263491062613
agm001341059,14.183752591392533,-0.03338058480617523
agm001341155,10.454184382194928,-0.36101123108939737
agm001341597,15.20168582455649,1.0348666974418297
agm001341602,15.886224731869982,-1.0453108715012727
agm001341663,11.913038617233031,-0.14278105708619915
agm001341706,11.339837893161787,-0.12293890315051303
agm001342073,16.21103464174377,2.0093090290384907
agm001342137,15.6756238177226,1.8147987389518825
agm001342162,14.89991331903689,1.5048162045385025
agm001342217,15.118253893247285,1.5710819225053214
agm001342851,13.389519479824925,1.2828199193533854
agm001343801,13.60726683245794,-2.8004220023398645
agm001343815,13.851123335848389,-1.362420043184148
agm001344623,15.85374826971151,0.4884030131458488
agm001344669,15.582678009087891,-1.9716386353804394
agm001345590,15.758970920720275,-2.442360660666827
agm001346343,13.827989272916648,-0.40262625735968527
agm001347216,16.48499097342114,2.1964185515016226
agm001347235,16.555686741591867,2.2245329828234794
agm001347240,16.631460957479092,2.2523790454183805
agm001348665,17.355470818908252,2.0745185437211484
agm001348703,17.016849650360633,-0.4075417854902117
agm001348719,16.95179990354299,1.9462579933723223
agm001348754,16.524764026020968,-0.5950652052774608
agm001348977,13.012920105196939,0.7263438663896418
agm001348984,15.038781094245392,1.3599486635314264
agm001349204,16.77964296231063,3.1704513298329777
agm001349244,13.766855271653315,1.466590494945991
agm001349274,17.81968679641356,2.8318602988069497
agm001349277,17.31369811056255,0.2895370685901213
agm001349371,16.10532843766736,-0.1462245251413492
agm001349376,16.43256731829783,-0.02827364635916929
agm001349389,15.820446530998257,2.0868214979019424
agm001349938,18.14387823852532,-0.266152403531124
agm001350012,17.669984760382608,1.8848130930164126
agm001350094,13.842427341140517,1.3674594482578337
agm001350100,14.201149825823915,1.0936469087806353
agm001350121,13.188716768999473,1.3052554493719413
agm001350436,15.43518170864019,2.8410613478898847
agm001350568,15.020476459323197,-1.0767048686531275
agm001351610,16.095873234880337,2.641964340795668
agm001351794,19.56002412937568,3.1382613109058326
agm001351893,18.006995024003572,0.2193942273904783
agm001351933,18.72183728967689,1.5368159401705794
agm001351995,14.507625752404424,1.0622625349775854
agm001352263,16.99764327284848,1.1742248239397313
agm001352326,16.137329771665296,0.8140815959292107
agm001352332,16.382020103289527,0.9232069239617493
agm001352848,15.789223949964496,2.9296017388086666
agm001353220,16.402536723880797,-1.9701801524862814
agm001353438,16.953091455989096,2.836759388550033
agm001353535,16.596761441033696,2.9084257788053103
agm001353552,18.715359307500627,2.7326192759136276
agm001353554,17.831859182359736,2.404870961544158
agm001353633,17.535068746186138,2.2766206782906027
agm001354184,17.972983307292335,2.8301488904187524
agm001354185,18.203677326469275,1.627352067862751
agm001354286,19.024604507036702,2.5087914860634557
agm001354335,18.894672648051927,0.0933647737775507
agm001354342,18.760340208311217,-1.2609373975229223
agm001354369,18.391858119281338,0.9955450366448853
agm001354604,16.072008124375547,1.5863308001974739
agm001354653,16.985069003577568,1.9097084809057003
agm001354999,18.03349551504633,2.9834403087219794
agm001355018,19.626753936909463,1.4673853490951663
agm001355039,17.49810833384886,2.8077858161698197
agm001355540,12.088806321536188,-1.6057839147900856
agm001356999,13.453317249400405,0.35801985957217575
agm001357178,13.589250718570252,-3.861852456623792
agm001357468,15.160683163597445,-1.3122986476914873
agm001357544,12.04844901162016,-1.864505092460853
agm001359910,11.074455926510062,-1.5899565286859088
agm001359971,15.353546002935811,1.2623022292596442
agm001359977,15.163673806156005,0.906169677370487
agm001360261,16.473045399431214,2.16221644510442
agm001360292,16.93554601460451,2.3492539720681016
agm001360382,15.237772928786104,1.681699838339405
agm001360604,15.583503054170988,1.5292389676645746
agm001361146,10.749250989743459,-2.203914299403471
agm001361160,11.920601006561519,-2.953786480427976
agm001361503,15.653024444979408,-0.3800860876896017
agm001361514,16.02497395239017,2.1061493737239223
agm001361517,15.439609418099204,-0.4604043772761397
agm001361539,15.803628923727246,2.024537212434918
agm001361552,16.78847705751609,1.4435288880405714
agm001361758,11.12897232349003,-3.5993925027140814
agm001363431,13.122115984312325,-2.240931089990646
agm001363461,12.232740934303834,-3.796131663482781
agm001364196,10.06006675003968,-3.983283739520302
agm001364386,18.657048250786655,2.5339976128731942
agm001365268,17.484117736070157,3.392559393920112
agm001365564,18.54020351101407,3.0346337909056658
agm001365692,17.934018496478352,0.47078472093054113
agm001366454,11.660492695678634,1.7058267714058335
agm001366795,17.002963046850653,2.820576938961155
agm001366798,16.311473609702343,0.2423485311564244
agm001366874,17.979480576251028,2.4652365070788127
agm001366875,17.768858385594815,2.383023660776489
agm001366910,17.85492817135089,2.4460434438203187
agm001366926,16.699004598482457,1.9952425880976552
agm001367248,12.081563809532328,2.9279861674825787
agm001367262,13.161670030916092,2.3429322512082065
agm001367493,14.770795912796086,2.9841782508244146
agm001367707,13.205129658640129,-3.724869339664405
agm001367983,15.52125117342036,-0.009168104252387899
agm001368614,15.94391939089506,2.2307181928193787
agm001368917,18.629562923432474,3.197874473944961
agm001368947,18.251219929950338,3.077730577328775
agm001369447,15.760331236416086,1.1188210206614144
agm001369472,15.894613299480216,1.179768218165644
agm001370071,15.489478563947227,0.8680738843341738
agm001370073,14.85217851914243,3.0400991842145464
agm001370173,15.605672012263282,2.637833581039021
agm001370443,15.323966728569216,0.38849325506310706
agm001370456,15.814226745877166,-1.7540789998678852
agm001370478,15.469629921964689,0.43621280124862327
agm001370753,18.551965432378612,4.0341340993060495
agm001370944,17.185721978321588,2.5926970223309933
agm001370950,16.79951169382711,2.4430402895772527
agm001371010,17.02922526445871,2.4993593185030223
agm001371899,16.208372297561557,2.851597321202709
agm001372033,16.76546657021563,2.2139414923876286
agm001372072,16.246830352405365,-0.3390008660725403
agm001372150,15.570959232050477,1.7619302312972973
agm001372158,15.73425199207423,1.821502049805546
agm001372183,15.806613509223876,1.8457513259932394
agm001372319,18.007981716955307,3.4111761109200733
agm001372503,17.340654631812672,3.2198541011631603
agm001372540,17.622361845240167,3.31316055975702
agm001372598,17.270766570534068,3.1668268927326197
agm001372612,17.71546087279735,2.023432628540305
agm001373066,12.694083749901875,-0.008550992628166387
agm001373144,13.830288231163617,0.459236210615491
agm001373206,14.721673107703666,2.0140447622138744
agm001373273,14.844970852815269,1.4856053044274455
agm001373791,16.74410627939902,-2.6714603108314847
agm001373806,16.120765071970805,-0.6022778732453125
agm001374190,18.334374247224495,2.7016619749396753
agm001374264,13.735302728372524,-0.08182954447128576
agm001374501,16.721454895355468,1.6784896957587483
agm001374977,13.937169926565785,-0.1930222677245359
agm001375024,15.107668962670823,-0.6553711509929103
agm001375047,15.682110741201162,0.7730635641295187
agm001375296,16.119664515319247,0.3833072054969078
agm001375303,16.556713620125162,0.5684761308890804
agm001376463,17.568606030156886,2.8954127997405914
agm001377061,19.124463826543117,2.822656859491798
agm001377796,18.490441610933384,0.38205536349986957
agm001377918,14.010699663185349,-1.065744425077269
agm001377921,14.089915497982325,-1.0427688081234585
agm001377942,12.34469909159102,-3.939962812606305
agm001378378,15.7936104555766,0.1763033774446079
agm001378450,15.78874223188562,-1.073278009474155
agm001378543,14.757509555754176,2.8007456633567047
agm001378912,15.461361475414146,1.566172648001185
agm001378931,13.816387726770662,-1.4501186947445488
agm001379012,14.822861400204653,1.1522851797561513
agm001379017,14.338753832773566,-1.3741691347631875
agm001379199,10.874112089863777,-2.7921721831158943
agm001379251,15.086676798375997,3.0497452474453883
agm001379692,12.48067247477569,-2.49038097263619
agm001379776,15.375627476574483,0.9371489521992347
agm001379780,14.404074089628981,0.647815026028832
agm001380137,13.003875071195498,-1.432974914697187
agm001380472,15.59686889398333,2.712971017957262
agm001380481,15.434996404945025,2.654313546277158
agm001380535,15.798075727231957,4.8008286013457715
agm001380965,14.97043753324038,-2.223190654760378
agm001381211,14.162689482091416,-3.482164538538182
agm001381523,16.57835447109318,3.200483386697681
agm001381556,16.979126074282547,0.24782132777678978
agm001381578,17.316830368320858,2.7132273722462337
agm001381636,16.523458009272872,1.2487750369431172
agm001381706,14.411060658461073,-1.7852477670451883
agm001381758,15.710911304385318,-2.4773984457745257
agm001382585,15.333503165042838,2.651686055778695
agm001382586,15.640294158668896,2.7540431569972403
agm001382598,15.026861690404512,1.3829770905284384
agm001382626,18.051217116062062,4.539347677535073
agm001382722,15.791709243155418,2.0207870935220367
agm001382803,15.91314712298072,2.0328178899588716
agm001383737,14.616140919103099,-3.098616654967513
agm001383751,14.678017623157302,-2.1583121725470207
agm001383830,14.907159386178304,-2.553293397840621
agm001385166,16.86377795669957,-1.1671685461762253
agm001385193,16.650143368839842,-3.6005717318509953
agm001385258,15.934922889499955,-1.6414243306005138
agm001385272,15.750969546515494,-1.7781754498255946
agm001385654,14.345221116434958,-2.9476966420748525
agm001385955,14.16466026348648,-4.749877695884917
agm001386637,18.08607777617422,5.017019775039732
agm001387169,16.04881123113383,3.929497550627236
agm001387598,18.430374673148496,4.3855913547923935
agm001387652,17.194061380964698,3.47871846287201
agm001388406,12.747725458725595,-2.2648565101451434
agm001388866,16.867721961767156,2.0381757644338245
agm001388869,16.25737786650943,1.874108163719634
agm001389498,17.983055543444774,2.5578336138168885
agm001389511,17.180134621895057,2.2524847938889634
agm001389618,13.67193437122259,-4.108211355433208
agm001389740,14.349766699128251,-2.641885739482647
agm001391259,11.97346335080771,-5.299143516612065
agm001392269,17.159591910080724,1.793378548005525
agm001392425,18.716292622918175,3.326005843330212
agm001392448,20.135859153796098,4.126967449927994
agm001392518,17.91084078331051,0.6992044491018143
agm001392562,17.9973285251383,1.8344231188125173
agm001392909,19.939179000295184,3.214394496403483
agm001392939,19.139900986912025,3.002789321617084
agm001393223,19.814090453322446,4.637777656173225
agm001393321,20.347421290861266,5.121255656725675
agm001393571,18.591409273806597,4.005130978777411
agm001393572,19.046986798422296,4.16308181923766
agm001393578,17.986836810417493,3.838803817472929
agm001394037,20.105654111519062,3.825334671774388
agm001394039,20.243193214040442,3.8772077218300938
agm001394045,19.971690280752426,3.7768495053417652
agm001394177,18.953188104196705,3.488181931101412
agm001394199,19.182285813464148,2.238139731760418
agm001394201,19.032100823879404,3.5501998398643035
agm001394209,19.19266486606161,3.570800776405985
agm001394214,20.613644269967974,1.9531406915578824
agm001394262,18.236900239421832,3.23877908354278
agm001394271,19.032033841890524,3.4853283676581954
agm001395146,13.884129898961158,-0.6186657543296779
agm001395244,14.885824353518911,0.8313942014717686
agm001397942,12.306939183866355,-4.327966502489788
agm001399512,17.377413430344088,1.1385021145860668
agm001399613,18.503768559900234,3.1003502624183534
agm001399634,18.67147151326711,3.180705427946795
agm001399732,17.506858489983937,1.5440992601999657
agm001400825,16.87879327883732,2.341556893317035
agm001401353,17.33858967334705,3.3587730003750362
agm001401356,17.412542471864533,3.379504622805354
agm001402085,13.46322308460726,-2.7349347433024205
agm001403992,19.654486998706197,4.492929013897633
agm001404323,18.57791529980511,3.888947627892234
agm001404619,17.612181068539478,2.0889569686294633
agm001404875,19.55056487393874,3.545102924790328
agm001404887,18.878881503439995,3.309378765533636
agm001404911,18.877049080567076,3.33448363862437
agm001404940,18.696799688668403,-0.40911756889432116
agm001404955,17.83628142139339,2.969058593775471
agm001406691,19.16410430725212,4.683419928750464
agm001407576,19.55162766231813,1.037261606067175
agm001407581,19.261964633514452,3.178450863643385
agm001409256,18.384534823347487,0.5693528125936504
agm001413558,18.93601100155606,2.0813828248290087
agm001413569,18.606287997909494,1.9844731248309226
agm001413578,18.732421514457517,2.018957301758897
agm001414224,8.17926333859244,-4.087039428019517
agm001414318,15.364229660360413,-0.5596080107291138
agm001415648,16.228562384914305,0.24867144828213839
agm001416735,12.300434111573738,-1.382812966884945
agm001416835,19.09693777803793,1.8291428157754712
agm001416850,17.269280375177157,3.8696573648296297
agm001416911,21.599135759435484,3.5768691038316396
agm001417139,9.800245451233273,0.7761272812392721
agm001417159,13.387303906067439,-5.7702310878315854
agm001417178,16.14326906938279,3.336363166459752
agm001417585,19.723657354933433,-3.2157461798754836
agm001417661,13.12625684301463,-3.4656405691236287
agm001417732,16.914032240607387,-4.201775048484846
agm001417739,17.395151083454156,2.287906762379814
agm001417753,19.26960604361578,1.9295085223762092
agm001417758,12.601740009493222,0.622340484449234
agm001418018,9.402700332821073,-7.078450127261023
agm001418037,11.982564955389112,-1.626400327695642
agm001418252,12.948068472862806,-4.861622778964994
agm001418341,18.537111323994164,1.8727913290286997
agm001610607,14.123954287002297,-2.0610242541160155
agm001610664,10.6111936391252,-1.6527418275606898
agm001610718,16.553577872246397,1.5692910208584259
agm001610794,15.63701179672212,0.8125287573107499
agm001611072,12.210958080971832,-3.0610446582363515
agm001611086,16.343658141492888,0.56589913684154
agm001611151,9.16410249926415,-0.6239010267432008
agm001611853,11.638616257186559,-1.5755315256665852
agm001612064,16.919300722153785,-0.4902639794898775
agm001612088,13.373053220364287,-2.6189536608883786
agm001612096,14.43651360893335,-1.6844225602753113
agm001612300,14.11232370133665,0.08866681952513389
agm001612357,15.917112281415257,1.042766561262389
agm001612486,17.320226660412708,0.9429221059400568
agm001612736,22.335165796454092,5.806769622946982
agm001612848,20.43337620034808,5.2723465557240345
agm001613054,20.29400241069316,4.4702908545882405
agm001613153,11.69386055070726,-3.1728987577977206
agm001613393,11.99784509447012,-3.021912342303586
agm001613405,12.930289650849115,-3.1011951608088495
agm001613419,14.741110858874785,-2.1874792481857654
agm001613435,8.012920439078105,-2.7348279123254855
agm001613466,8.313110918668272,-3.6294156373404247
agm001613557,10.092005373700092,-3.1479681971077214
agm001613642,11.26739726533409,-2.03385842333537
agm001613896,16.603837032013956,1.3570753567447902
agm001614099,10.288238494019847,-0.9171272161142177
agm001614304,18.919268703224088,1.485712191630843
agm001614538,13.446174569424034,-1.5139107717735272
agm001614594,14.7425557640666,-1.913512245975054
agm001614609,16.30837186737407,-0.2624067733087216
agm001614624,13.967345708128846,-3.2839358811771384
agm001614859,9.197425761902702,-4.771240530692838
agm001614946,25.551456807342213,8.168883567427173
agm001615103,20.199378248105383,3.972716504131482
agm001615813,10.45516750642992,-1.9268598557999546
agm001615893,7.952060748457505,-4.614726947528252
agm001615899,8.447798398093024,-4.578225418485974
agm001616274,22.040383060303476,5.705173668404993
agm001616291,22.04520764712216,5.144500977884786
agm001616483,7.927921209789284,-3.7125210014840007
agm001616834,18.823057274765258,1.2783947146069317
agm001616852,16.524075907552806,-0.4530738535132244
agm001616904,15.231736112287999,-1.3121431035575917
agm001617264,11.951474032116273,-3.8536947089379128
agm001617560,9.29649125319043,-4.18632681956184
agm001617691,12.411514071451554,-5.0378099988659555
agm001617764,25.591492300058697,8.289353490732243
agm001617859,16.60557858304681,2.100861497341698
agm001617863,16.626617998691874,3.179579711070506
agm001618384,8.850742309380111,-3.9414322019866646
agm001618587,12.08224974144769,-3.4863973766608836
agm001619062,11.791472963932037,-2.9465027866857803
agm001619527,10.126081012123755,-5.252021755579977
agm001619697,15.605242166566786,-2.0591357950338542
agm001619870,14.340985693358775,0.22698485171690805
agm001619912,14.800996507926232,-1.7706496903798274
agm001620089,9.391477569380049,-3.948935508509325
agm001620195,11.843165400885777,-2.3281453514517176
agm001620210,12.851719499020481,-2.6494439196629678
agm001620287,10.773512082441446,-0.228657880571253
agm001620330,11.101441051813246,-2.42079752353048
agm001620389,9.07098178823984,-3.7020656427388543
agm001620440,15.419340071837059,0.8334789119156077
agm001620696,9.619039421094588,-2.062039980962475
agm001621751,18.393418464577035,1.2840950314314257
agm001623557,9.155343507967348,-2.031452074125586
agm001624890,11.457168337804369,-3.6550935981504318
agm001624970,15.05878060244213,2.34246861033359
agm001625101,15.48544614846241,1.5205236382762657
agm001625920,9.113700160765138,-3.1868292273264247
agm001625923,9.368197323325491,-4.1763156006010815
agm001625936,10.67194216897477,-3.1528419299277486
agm001626132,9.366007339711924,-3.5512513600725
agm001627843,16.92204061758085,2.337304636637441
agm001627868,16.860056977965378,2.473259678523624
agm001628136,22.661615430968123,5.7967416343684475
agm001628392,10.073674674125296,-4.486924308468473
agm001629463,10.386319663272618,-5.637541210802709
agm001629852,15.623896533963801,1.7747932275760276
agm001630417,11.323344000849442,-3.443781480233356
agm001630546,15.919070916225165,-4.289453007432473
agm001630836,15.583310639649033,2.4608455324399574
agm001630872,16.55207414764963,6.136885624331808
agm001630995,17.13440339116082,4.05327397367595
agm001631232,16.599772954013094,2.727220161487676
agm001631326,15.374601479372293,-6.424406854937104
agm001632103,12.745427348811294,-3.9423669830298325
agm001634272,22.636025801894725,5.5106130962241195
agm001639992,11.493435895533107,-4.078238121560672
agm001640845,15.606718446516386,1.453320231256793
agm001641535,9.226619970360083,-4.35450186611501
agm001641570,8.999069250703574,-1.140174742373676
agm001642081,8.848818573979925,-2.9102679499283335
agm001647204,10.307328424296426,-2.679532525640071
agm001655882,11.752075486457603,-2.8290690737149844
agm001661708,10.573193686359655,-1.661839220808568
agm001662821,13.40421820141135,1.4354315886204092
agm001663000,9.325028303735598,-3.519327844772916
agm001663980,18.495133687411517,4.261400600150184
agm001665779,8.405747940809219,-0.40089385109796966
agm001817125,19.401994214119945,2.786537026703378
agm001817391,19.513619815045615,2.833808788550881
agm001827922,18.33282070169374,-4.990517108134263
agm001828292,13.241670321010277,2.1366219853063084
agm001828402,11.442888911632494,1.2127283569123386
agm001828718,16.201143880155104,3.5475307681177437
agm001828775,16.22977518003341,-2.1248914896364637
agm001828851,19.154159812140982,3.6456263542231833
agm001828900,12.439722778393804,-2.1937893732518057
agm001829200,18.446097003445466,1.9614147992918465
agm001829322,19.064870273404164,4.814926531457795
agm001829494,9.56808784408715,-4.118097177414329
agm001829650,19.47036683272192,2.859070779597828
agm001829825,18.362510443828334,2.4623928553102514
agm001829853,18.77025667637281,2.605701037627811
agm001829855,19.366909955504287,2.794477994709368
agm001830035,23.204602740761477,7.0712516807305965
agm001830256,20.34621322978037,0.6742169397734905
agm001830353,14.085224003191183,1.0484589898448426
agm001830481,14.479208146047768,-7.4699342067837255
agm001830562,14.612780041843486,1.2228538000963107
agm001830793,16.558411083599477,-3.48447205549799
agm001830818,16.394498124640613,-0.3893284479064967
agm001830851,16.202760220548733,-0.42056127015144246
agm001831316,16.991464072844924,1.5999631114026265
agm001831364,16.23247088414134,1.9187843732658756
agm001831372,16.347489814666215,1.9427300550902036
agm001831381,15.744858931540891,-0.3548002623409546
agm001831382,17.129929184355714,2.076810703819541
agm001831469,16.29777320957724,1.044186374584718
agm001831513,17.037616983586023,2.3829362483705236
agm001831684,16.74879917197611,1.1597666845621208
agm001831685,16.693561110054617,1.1393604529955006
agm001831742,20.715495240878855,3.0208212273741126
agm001831755,18.99515325668249,0.4089957710390995
agm001831766,18.958473435487782,2.0800230354555125
agm001831816,18.377357930387447,-1.1718715043599819
agm001832135,16.548499314122836,2.06032443399256
agm001832380,18.833244928660637,3.3918210075615285
agm001832413,19.07802799659233,3.4967686189098637
agm001832511,17.610765603565522,3.063004766679421
agm001832517,18.409895904016754,3.277742281436043
agm001832535,17.739566086853767,3.127558667770719
agm001833811,12.628268559776386,-1.422841998836864
agm001835229,12.540823137283665,2.060695177660604
agm001835408,14.589689217460716,-1.4876767563369995
agm001835613,16.904116844063545,3.078633337295465
agm001836470,12.594846909293745,-4.519003582008992
agm001837295,14.95372927975181,1.4023661105883136
agm001837535,19.412487294091118,5.186471987334688
agm001837647,15.763067578978207,-0.7957647986435438
agm001837702,15.805421864421463,2.393610567775714
agm001837826,15.45754129686752,0.12694036648359605
agm001838386,15.608119493623873,3.4440769064211767
agm001839280,15.9208431202959,1.9428632579003502
agm001839659,14.392416014299323,-6.570916626874361
agm001840071,18.4703089647933,2.866122705198739
agm001840108,18.528187833343075,2.8692847541002293
agm001840439,16.348934315519017,1.6783887239226178
agm001841469,17.637515498378242,3.1323214692482133
agm001841478,17.6946783414815,3.139706888573445
agm001841506,19.095271897024222,3.9422856549245524
agm001842456,17.941316635956124,2.4837866767175925
agm001842615,16.255389897691064,-4.108287357424213
agm001843653,17.590688054564197,-0.44667319029053704
agm001843845,18.598579613363373,0.6693853754119642
agm001844218,16.615606284589237,-1.3741800066476266
agm001844518,19.199584875017898,2.746091807270439
agm001844550,19.380327234740164,2.798943671149521
agm001844574,18.70311025479312,2.6179486972190715
agm001844597,18.53864529547825,2.5508688381808917
agm001844604,18.662914422311687,2.5811542160472905
agm001844614,19.943868344126816,1.9967499797593657
agm001844638,18.761039334321918,0.8888030870807787
agm001844888,18.86225385637469,2.66742468178429
agm001844936,19.250908319359564,1.0366320117369021
agm001844985,18.632685441669697,2.5931336604378408
agm001845030,18.846787375335254,2.6260477686974952
agm001845125,19.52820713657761,2.8400589122758704
agm001845326,18.299412098636168,-0.617702095518105
agm001845425,19.512456572454354,1.884607137776379
agm001845430,18.51061760511372,2.532814540484823
agm001845452,18.804065030311058,0.9265309260453153
agm001850168,9.157030138124377,-3.375496005318416
agm001850340,16.204942552633884,1.8220367565153932
agm001850535,17.746423760188147,5.1911791425157015
agm001850626,14.355503220017539,-0.9070192575818066
agm001850679,16.161625820824057,4.794907331121547
agm001850694,12.285462707366932,3.724930933765151
agm001850704,12.968858642270634,3.7590774581132735
agm001850843,14.011397705006814,1.0930535608890988
agm001850928,16.45340379452282,5.000233570410554
agm001851176,18.808957865421025,2.6296007141039084
agm001851178,18.89085539829374,2.6398721605354183
agm001851266,18.343584305621203,2.522876509629993
agm001851325,18.817797174595956,2.6350203147822158
agm001851473,11.854276141697332,-0.8893177527960532
agm001851620,17.659437329846796,1.5874001539349838
agm001851659,15.473775194424311,-4.659330763665003
agm001851945,19.032835936911948,-0.4467739405220558
agm001851948,20.20344045116054,-1.978809857008726
agm001907207,11.64011784197661,-1.7260157021284446
agm001907227,15.156244158114594,-5.189006453217705
agm001912337,15.857324037045249,-4.267523962458533
agm001912484,14.777812974204695,-5.580216245213239
agm001913740,17.173638711522997,-0.28293151179614107
agm001914792,18.36387401888659,0.8493077849456494
agm001914796,18.567648160183065,0.9110634395011443
agm001916123,14.700452260244056,-2.6491088389447937
agm001916328,14.407246081010113,-5.108070588297669
agm001916349,13.34735392806188,-3.334077222405842
agm001917157,14.880732045865495,-2.5400496714071705
agm001917162,14.866955858448081,-3.442791149753033
agm001917295,15.206926447517787,-3.6196240935137043
agm001920191,14.85550867687712,-3.9904023067480807
agm001922333,13.849350592825234,-5.756189405889666
agm001924573,18.870488749239556,1.0318491429552807
agm001924584,17.723535595386682,0.6765691970898118
agm001924693,18.419657317302928,0.6477122290472002
agm001924847,14.450113166162568,0.5512770445675814
agm001925548,13.8019182703293,0.9940161031416075
agm001925579,14.838202978983642,-1.4967323459360191
agm001925733,19.586179129352168,2.649046487246564
agm001927454,14.041225778254972,-2.174329107363463
agm001928086,13.87606007813042,-3.6490009198085795
agm001930016,18.073176743977815,4.3921346526215
agm001930166,18.791819916200087,4.657467426709793
agm001930223,16.929870848104837,-3.6710858623030003
agm001930326,16.82045465532301,0.705991440968698
agm001930363,16.407120029028828,-3.909151846385698
agm001930670,17.10590081723777,2.5025983891658807
agm001930685,18.258659558739815,3.144951747457988
agm001930920,18.463802760584183,0.8163618326896165
agm001931019,13.694459407328438,1.6005965673528015
agm001931199,19.9763377632065,-1.636937079371413
agm001931287,17.036658112721284,-1.7088728107228794
agm001931619,16.188939617928032,0.6424340848827592
agm001932484,17.261429919759106,0.41848864413330666
agm001932577,19.88478952347166,1.6659448547931923
agm001932794,14.660901876995709,-2.2657768373382554
agm001935025,13.41944922712608,-1.903610958447028
agm001935399,15.321560313619493,-0.4323871225116074
agm001935556,14.694991199167054,-2.759388446157942
agm001935732,15.78738706263897,-2.614343186040289
agm001935807,20.310544801442397,1.72698664629542
agm001936267,17.875965892505256,1.4042532208727332
agm001936521,17.271694330372153,-0.9101152217766808
agm001937077,19.50673869838114,2.391659157940329
agm001937248,18.609658943997918,1.7215363016051226
agm001937273,18.33259140044443,-2.618011953864257
agm001937354,18.888818677764704,1.7828764324525732
agm001937370,19.985563519126583,1.1090055024766237
agm001937922,15.254205282946241,-4.187012359269332
agm001937935,16.953765998135452,4.837281330867099
agm001938400,16.817483516311086,1.5389646730660003
agm001939074,21.428377196138815,5.222689936030492
agm001940001,15.426427639488361,-0.5879969763162229
agm001940197,17.595678331054774,2.560003635198478
agm001940203,16.010314133662686,2.9786631892768654
agm001942174,18.323931634486836,-0.05769374810012007
agm001942769,16.359318310614054,-0.2661468447206561
agm001942872,16.46220641105372,0.946551682074614
agm001943003,19.03777360432003,0.6713473116392361
agm001943020,16.98610055822951,-0.13944407397354297
agm001943049,16.197699492524155,-0.38064336862910864
agm001943387,18.812940839240206,1.635323110740102
agm001943427,14.923059178779617,-1.7764966124983053
agm001943641,20.162258864959963,1.5514559038801679
agm001943654,18.13441754461552,0.6233693205996227
agm001943838,17.810404159618628,-1.8661368917710384
agm001943934,18.493446300594147,0.1966946830354459
agm001944463,15.748544633969377,0.35228575102806925
agm001945402,12.085922393175975,-1.400913902332468
agm001945415,11.41073267011894,-1.7208187987948187
agm001947158,15.892846855364228,1.4709850283477701
agm001947241,14.118878353091576,-1.9932710558632794
agm001947243,13.742615368887275,-6.368476434441632
agm001947426,19.086578199173875,1.9263818188936472
agm001947516,17.87370354872119,0.5547269894008551
agm001947615,19.679630966702437,1.1198213251700446
agm001947649,16.391257785972794,3.307590498978014
agm001947974,17.137991850591344,-2.2092891574102307
agm001947999,17.021341538852777,1.5427430793012205
agm001948036,17.86161605148523,-0.7502899575322859
agm001948048,17.272925531326877,-1.6983557576657207
agm001948053,16.32582038706703,-1.9864434063812686
agm001948101,18.411163525627444,0.037937673358281465
agm001948109,17.712617670314398,0.09617948247214336
agm001948185,16.313185108488767,-0.965878090451656
agm001948254,16.30508748361079,-3.5224575133356275
agm001948274,16.4914904118302,-1.966928365987748
agm001948520,17.547048979931485,-2.6225493868292746
agm001948526,19.53566498740584,-1.093528191972906
agm001948778,18.859679473213575,-1.526138710707527
agm001948833,18.261825668046654,1.1276321266125455
agm001949205,21.114607762393618,0.17091956987780232
agm001949338,20.494823220874338,2.2996369052463885
agm001949349,19.861942461629678,2.1593193412572527
agm001949420,19.581032556611657,2.1107377353061665
agm001949717,17.13207806724812,3.1918921151836326
agm001950195,15.683814894108892,1.1358240203990606
agm001951196,14.95910286948825,1.5237937347283124
agm001952181,12.598770446624949,1.9602612747293509
agm001953141,12.374242948400049,-1.761577765582007
agm001954466,10.994814174238993,-5.020563900547122
agm001954471,11.087807180497096,-4.985976468702095
agm001954543,14.038745203757822,0.2179750933974205
agm001954552,14.273167094790486,0.2978620148204998
agm001954924,16.516638070030737,-0.23378819326953693
agm001954976,13.308025246595806,-4.173683712100039
agm001955095,12.311683649221187,-4.6777651300273355
agm001955240,14.078377558758017,-4.340416394586276
agm001955565,17.759187625626634,7.819223698227713
agm001956198,13.960341991632571,-3.2004836183012513
agm001956502,16.998232384539644,2.934833523610777
agm001956974,15.323549122896344,1.451876924799116
agm001956985,15.104165539840663,-0.9575604457956377
agm001957367,18.366199632361113,4.6410324875313425
agm001959305,17.610806378588613,-2.1577221909521063
agm001959765,19.77211261411244,0.8587713073427601
agm001959841,18.279958019455247,-2.8165225774842098
agm001959906,19.077734407216305,-3.038201098119666
agm001960054,20.085685112174204,2.3953440919986217
agm001960200,21.08189925889092,1.7662990543377353
agm001960588,16.76005279764421,-3.6915234667253713
agm001960602,16.90397226874552,-2.5110096420849626
agm001960994,16.056947888045457,-3.2619298255753275
agm001962595,17.75787809629678,-0.5431372785755162
agm001962633,17.499168328383284,1.7130159731972103
agm001963302,17.487159594974898,-0.8960964572602341
agm001963341,20.15960650047126,5.593137245001592
agm001965852,19.61297952677385,1.0318556718858076
agm001966353,19.09789361912858,1.79693273705948
agm001966672,18.12290237040537,-0.7852454732896215
agm001966751,20.048921467284845,0.07372377528331864
agm001966765,18.809413921922918,0.6887688026101708
agm001967114,19.914373323428723,5.441081540029121
agm001968431,15.180215921637265,-1.5282893829094721
agm001968453,16.518971280382384,-2.6722823913998504
agm001968678,17.49483824759658,-2.667246357111676
agm001968758,15.775955228965007,-1.9135026119576448
agm001968858,15.975975981535232,-3.2137700625804992
agm001969226,16.37242733720849,-2.970735992157695
agm001969279,18.833128192905956,4.898840853201142
agm001969682,16.060311250040165,-3.3585478969379476
agm001971855,14.20068577599059,-3.324801399467903
agm001971887,14.34125597729858,-2.3367600305614538
agm001973632,14.74400969956868,-2.398530424588551
agm001973778,12.179272038256771,-8.517660084220903
agm001974298,20.147597677907445,2.2013652560812726
agm001976158,18.859906728110687,2.670547667502973
agm001976166,19.2879222040308,2.768910421434245
agm001976180,19.719878288538418,2.902517406013229
agm001976209,19.12756606838381,2.700498009387183
agm001976215,19.157259642572157,2.7451836323751886
agm001976240,19.583196602595415,2.8632264926566355
agm001976270,20.05652192408655,3.310468068703382
agm001976271,21.114394461606466,2.6751965136113975
agm001976294,18.703117333748587,2.6085114380035437
agm001976381,18.756526841316944,2.6064381036195297
agm001976383,18.56207475569254,2.559911913916566
agm001977080,21.431205853994108,4.012266237970226
agm001977106,18.74958049720562,2.6364615966616993
agm001977144,18.668408677353156,-2.0974506299839852
agm001977250,18.900514388430256,2.653531486482195
agm001977392,18.48064278335923,-2.1474723175754953
agm001977401,18.736082094865832,0.25445242665940704
agm001977686,19.45969545003267,2.826702788971277
agm001978040,18.958571300394894,2.675535131358206
agm001978044,18.662146253751107,2.609524083202543
agm001978061,19.156798025962118,2.0536905436199584
agm001978345,18.94989030455985,1.944461061163893
agm001978368,18.685599837478012,2.5875031038644547
agm001978395,19.108605656447295,2.0222076353502496
agm001978466,19.27848609151957,2.0656635182932295
agm001978514,18.9188765625462,2.6484009503955894
agm001979449,16.194782361688258,-1.5160919072413295
agm001980239,19.293425935322603,1.8836517588230288
agm001984398,19.115043529355347,2.7054685017730806
agm001985178,13.957540849403273,-2.2197827738335745
agm001990337,14.248659481863706,-4.419968876444875
agm001990413,13.68774558779212,-1.6995104307276305
agm001990429,12.939398154090991,-1.9540483449907917
agm002014356,16.027005910636657,2.732626546116574
agm002015093,12.698459125141607,-1.038023319680502
agm002017786,16.5156008019757,-1.817325069540577
agm002017833,15.118563231928052,-1.9165034061768662
agm002020742,14.550330978858911,-1.1321298559012132
agm002025529,19.83619537924202,7.312171430927116
agm002027542,14.574885812187818,-3.637438455246187
agm002030090,12.360773836510202,-4.0174848839871675
agm002031475,17.013711036024986,-2.5082795771302204
agm002031953,16.515782935261633,3.861332017488741
agm002032633,12.215197177536965,-1.1222066721873127
agm002033652,15.783674608435415,-0.3261297845641584
agm002040243,12.926097733461367,-1.2762965122821115
agm002041233,22.002465740279913,6.167408434496617
agm002041311,17.709216001861584,4.490825512506855
agm002041756,18.908977698007917,4.888106350903263
agm002042401,18.565679141749044,4.478436279982208
agm002045531,17.326752547029574,5.30039193041778
agm002046808,14.31824072724519,0.9089156367026773
agm002047952,15.04125992248603,1.6358687293606975
agm002055005,15.209354344561133,2.9312734975861505
agm002055178,20.32893608269941,5.2910281983904355
agm002055281,17.477889895390238,5.025061802988269
agm002056902,16.15082039225461,0.5556936497855821
agm002060786,21.423684206941232,3.8615276697384653
agm002060927,12.012526054794057,0.31950422798751443
agm002065056,13.482570986549636,-1.5878030070489029
agm002067063,15.549406260466258,1.6849359237113688
agm002067661,18.131938824949007,4.050414707151393
agm002071284,9.073957736489913,-0.14524435946459419
agm002072117,12.301860768334238,0.05252052519165318
agm002072200,8.547053420500465,0.07863833522763031
agm002072881,8.370450387073614,-2.119849643644475
agm002074089,9.203649877791849,-0.47770038908396967
agm002076459,8.349993127096754,-5.308725409189666
agm002078878,9.47208073244443,0.5087416294928518
agm002082187,13.624206238509363,1.3761461851081804
agm002082376,5.756848106855088,-2.190451082247915
agm002083105,10.540704001785052,0.8429726162027004
agm002084270,14.417480875066746,2.728971439300384
agm002087294,16.166397427626727,2.631523806028173
agm002088157,22.501427972125153,6.787720201381788
agm002088555,20.990002481610023,5.388410897802277
agm002088560,20.19105672074828,4.139068210044557
agm002088612,17.23594241088288,4.787763355048396
agm002088615,17.40138731398261,4.827509780529797
agm002089504,14.830485733724922,3.7931843706696027
agm002089911,16.657032307714857,7.693607040852987
agm002090082,15.98143830986953,2.8942664212832
agm002091298,4.739303791059105,-2.2086067634640947
agm002091979,13.16250286678304,1.8462128030293306
agm002095497,15.527590857913234,2.7750736346396683
agm002095504,13.651077926382303,1.6741590161392539
agm002096048,10.55907840475355,0.20223404443073978
agm002097569,14.658877830968093,2.203229219416967
agm002097857,13.93261253343549,0.02724279862934864
agm002098650,17.43293030159449,4.426325604851812
agm002099669,13.699605141638555,3.6735085341640037
agm002101401,13.975635060741746,-6.905286203019879
agm002103144,15.35543535711184,0.43785985455291954
agm002104728,6.930847631803719,-3.383485057916723
agm002106356,9.912331883720425,-6.9891774414604875
agm002109148,16.704346796590887,3.398567974122185
agm002109758,13.191610540641925,-1.4163667542495453
agm002110406,10.90345260021889,0.6391803403942747
agm002112799,12.096110910452097,-0.11027891632342524
agm002114698,14.118175513617734,0.7138253680249479
agm002115127,6.640405434013239,-1.2584584862756476
agm002126726,16.186902339138058,0.9594443267861079
agm002131297,13.689536826503291,1.8545670251442956
agm002131876,18.32535286673152,2.8579894355990234
agm002131941,23.36608819458148,5.35132088688334
agm002132760,17.830242651260033,3.9164560522269682
agm002132919,17.431903784690245,2.769793162674609
agm002132951,16.808463754161306,2.1331591675994765
agm002133049,16.78158097635692,1.7906466573095434
agm002133179,16.652154103719678,2.133266650705218
agm002133224,16.797589533157126,0.018942594614012265
agm002133319,14.289925936286439,0.4513087623230625
agm002133434,15.037850077486855,0.7105765997858257
agm002133477,15.519137847848539,1.2350761021043326
agm002133544,10.659149679360352,-2.3389567639608178
agm002133783,13.4691606085858,1.4836575806411596
agm002133787,14.035961783899893,1.6129308887482439
agm002133856,13.34063197850787,0.2039405375109394
agm002133902,15.227707628100193,0.8923693078590045
agm002134365,15.154209216774168,-0.8138803174148368
agm002134375,13.230719301835899,1.5004536914125648
agm002134384,16.50672513110791,1.7130627179476878
agm002134391,17.268010950729998,2.0258585844858095
agm002134494,18.3585503220578,2.909984265194846
agm002134647,12.24553172319127,-0.22063061093728376
agm002134714,17.16327880636456,1.881696639295197
agm002134736,9.649139541224661,-3.946039607309176
agm002134830,16.99829164815226,0.1557685279580235
agm002134865,16.72355684562675,1.649730691179253
agm002134928,16.49098460898037,1.644588094133952
agm002135323,15.058794569119115,0.7781721457790125
agm002135328,12.41471719739129,-1.8248337583415917
agm002135631,10.327572495040563,-3.4899659466581547
agm002135645,12.187075165594758,-2.9354322612084247
agm002135720,18.909213715130413,2.219642707216161
agm002135777,17.09020331206887,2.3856495266200994
agm002135967,16.0956493422195,-0.7119213722834268
agm002136059,13.972267956663016,-1.1680163250232318
agm002136066,13.305579496081847,-2.2147160595527815
agm002136244,15.562980841920565,-2.8518949060003624
agm002136280,17.848302030915356,-0.31378350621785245
agm002136356,17.54583848759898,3.683084048174885
agm002136678,18.846386702878934,3.1308633973997253
agm002136763,8.959810532443681,-4.3315625738767
agm002136849,11.08236815103708,-4.355053998514541
agm002136925,10.249998417456728,-3.9726565102171194
agm002136926,9.17878112953139,-3.860913738140521
agm002137013,6.7802518009977275,-5.56886809323658
agm002137173,8.10791808270692,-5.787023011732476
agm002137219,8.601640516525759,-4.491705700282334
agm002137730,9.581090991085883,-4.77456119848178
agm002138016,12.113165023502471,-2.623547419022407
agm002138019,13.139796517390304,-3.6889290545628137
agm002138327,20.29620324132785,5.224947237892825
agm002138347,19.604408477103256,2.6573511889681107
agm002138673,11.49184414457661,0.626684863173411
agm002138718,9.82531649035335,-2.352838699942713
agm002138873,12.757094900428108,-3.739641353878927
agm002138913,17.47799822540554,5.143578835631787
agm002139045,20.047757861421694,4.684601887722403
agm002139552,9.932848447487933,-4.61155509045139
agm002139660,9.748686353303782,-3.0846795172200085
agm002139868,14.084134819183296,-1.0463007150129684
agm002139869,14.221816486715747,-2.960347093873859
agm002139926,13.583308014100572,-2.1452342301674228
agm002139936,9.023182619530825,-3.804151474401545
agm002140465,12.281501240907257,-4.47096041140326
agm002140466,11.996203210340262,-5.782857168124623
agm002140556,13.402895158949008,-3.663860796716232
agm002140557,12.966509964314461,-4.992591478368494
agm002140752,16.470894715109825,-5.322136600193361
agm002140805,16.894024134015982,3.569262316062625
agm002140813,18.40873765034113,3.0842489746890465
agm002140833,14.68671068904236,2.2188761990816337
agm002140871,17.675333482127982,4.454389273541849
agm002141129,20.359460805980515,5.187513847574391
agm002141175,17.381138354681998,4.001685064602194
agm002141179,16.875978262888133,4.653664173785137
agm002141318,12.486168809068568,-1.794758822178747
agm002141362,15.497254612480694,3.3391356804732943
agm002141497,18.32151727332405,3.2807902405916884
agm002141503,17.310412527307143,3.8413436068953475
agm002141542,17.419297427356383,4.053772827243328
agm002141660,18.293034191063033,2.1733646398857984
agm002141845,19.820491481849942,4.220643504242836
agm002141887,13.24992034724898,3.22846140622627
agm002141900,14.804031404848377,2.9911077063081484
agm002142051,14.822064897641816,2.079157296432806
agm002142052,16.887085264611468,0.5006474217277935
agm002142192,16.58430505603075,4.256770485746504
agm002142244,19.946252433144412,4.108853591679821
agm002142371,18.754038095115096,0.1346040120044396
agm002143075,18.80371013184078,3.224307019392974
agm002144500,11.241918942947983,-4.2076678511574155
agm002144587,9.865166221399136,-0.6128530240259198
agm002144953,12.799002713359048,-3.5238171349444207
agm002145467,9.518596190897261,-4.509186514667048
agm002145832,15.15783978205957,0.46786134692542536
agm002145868,11.527630853593683,-1.0930057860762288
agm002146093,10.201060831419705,-0.7160597378577513
agm002146260,12.144462236834295,0.015350100151499882
agm002146261,12.269521626543757,-0.27021452407308466
agm002146273,11.663383851634194,-0.335728192718656
agm002146384,17.383024511062814,3.5776744216631307
agm002146581,16.03163993364445,1.0124554891289304
agm002146700,13.065130701678282,-0.4859505921381011
agm002146959,14.971889919237862,0.66299747525941
agm002147106,14.451679533252438,1.1128694516740794
agm002147119,11.132789952866194,0.5593413528327549
agm002147143,16.15855679732734,2.0080887277075385
agm002147362,15.58939407974429,-1.2547256674467029
agm002147375,16.324775230609088,-0.5141247681515777
agm002147416,22.538628407559795,0.3317600738388151
agm002147571,11.414304818948008,-2.0220564472553177
agm002147574,11.180955588050335,-1.4786554889626244
agm002147643,11.374093834482625,-0.347658439683903
agm002149311,13.70231555012373,-1.6429790339889383
agm002149345,15.313971269658646,-1.011047832723832
agm002150180,9.818160941770183,-3.2869813321890664
agm002150290,13.650127076736188,-1.0080056539712374
agm002150296,13.519798444448185,-0.3611181306136416
agm002150664,13.431265869525193,-6.353959987024943
agm002150959,14.256608532489805,2.1597613541339147
agm002151266,13.691753719324236,1.8625699528165243
agm002151487,18.33424284201388,4.6451126639100115
agm002151493,18.736584434943598,2.7952249122383797
agm002151550,16.285056870950026,-0.5396926788065132
agm002152086,14.621791481128275,-2.3122914284466014
agm002152192,14.123515840030278,-2.3077420966522673
agm002152259,15.939154255987953,0.48652657663830184
agm002152284,15.50540594143988,0.07467702299501795
agm002152406,22.26631683282483,5.737076665551282
agm002152660,14.108617457106467,-2.0446677970222886
agm002152664,14.499402843788653,-1.8854519420526064
agm002152760,18.08015033739444,-0.0052404516325583
agm002152887,18.011634193120628,0.8827809516091655
agm002152998,10.076911186992835,-2.0021835746067005
agm002153127,7.176813170803224,-2.6033492430207357
agm002153375,6.293431478797509,-1.4865369767100347
agm002153735,13.296894069432398,1.1974562826094557
agm002153805,13.033142952514693,-0.5155585294200371
agm002154074,7.675702463891453,-4.251932888995814
agm002154160,12.499000336306361,-0.8605579096892537
agm002155135,20.880501615701178,1.2324871758772984
agm002155445,16.739543537408366,7.488857026093701
agm002155925,20.237675805641217,3.170707679658852
agm002156045,18.65612743895041,2.1269414512711164
agm002156108,11.798209375384797,1.490146238736509
agm002156115,11.891689062940637,2.1270860599872727
agm002156166,11.373797867496197,1.9847616941856736
agm002156355,11.264956825453062,1.203819773630301
agm002156372,12.569477948101321,2.2076792960441254
agm002156397,10.36427590348506,1.5767947209110615
agm002156402,10.611503661139333,1.1105162004718268
agm002156447,10.117224483640888,-3.1086758890189357
agm002156536,9.381782304604016,-4.424620973072313
agm002156699,13.533204428034269,2.0121544836831076
agm002156754,12.708886327745574,2.215588382198654
agm002156835,13.097736429347071,1.9032104985887806
agm002156853,11.970056298597,3.1507517561227947
agm002156902,13.811739655717611,2.117942805717782
agm002157013,13.368004200221938,1.1471465086751476
agm002157385,11.501970491277453,2.6111574813192493
agm002157516,9.521073693894834,0.37160178802279153
agm002157618,8.99466800313533,-0.9125805494071084
agm002157853,12.690653250890454,1.0757183763954412
agm002157882,14.673241826400634,1.6536959155102533
agm002157988,15.624023136407382,3.850058900955511
agm002158075,13.893899016686918,2.75061272010993
agm002158101,15.168788794317193,2.6107539284247063
agm002158224,15.57204563125952,1.617033254506353
agm002158347,8.576570773697764,-2.3386800665888243
agm002158660,10.790339151586041,0.5251857478408374
agm002158905,12.447882871419349,-1.7454491798048286
agm002158969,13.698576235901655,-0.3574559059887976
agm002159315,13.861675115358192,1.7429317957027797
agm002159570,15.790104490885788,-1.1393320879602902
agm002159582,13.696151424249294,3.67280729587953
agm002159627,16.976012087545143,4.0047261635426
agm002159641,13.270027854659787,1.652836663886382
agm002159697,14.03953545179213,2.931804822176314
agm002159854,11.047194810144942,0.13566203698877585
agm002159865,13.45694231676111,-0.7036247756460187
agm002159890,15.215956416194457,3.274378109122246
agm002160057,15.34779404684309,3.3275911000120932
agm002160083,15.454965179393342,-0.04817585021391846
agm002160096,17.280115375994253,3.3979363575048502
agm002160243,14.474834321025577,1.701473555199896
agm002160313,12.743564568861471,2.9527529702970052
agm002160384,11.265195814999878,-3.2241177762424797
agm002160501,10.879870857579165,-0.042698163688184465
agm002160650,16.328950837842886,1.2557849991314622
agm002160667,13.23935397682824,-0.8166289682120276
agm002160682,14.79847160704407,4.2139072606469155
agm002160915,11.302967427836423,-1.4041716263112665
agm002160919,11.523400752650355,-1.2868431773369018
agm002161013,14.342163684059939,0.5659075235987263
agm002161228,14.109919592753302,-1.362046536561948
agm002161446,11.248625582271018,-0.5866307055396613
agm002161570,12.878573567967614,2.0431793968968077
agm002161583,16.69748079037146,2.7191909303315747
agm002161637,14.665074294558165,2.6347589308848707
agm002161727,9.357053423702109,-6.040567569117977
agm002162266,14.351295331060545,-0.23667121844069072
agm002162646,13.441298689026024,-7.167481288274937
agm002162905,14.916631139399817,-4.776859941810822
agm002163007,12.618171761543895,-0.3444178223887725
agm002163036,9.971557004052457,-1.1789695763173853
agm002163050,13.108875736207128,-1.2419369020503432
agm002163362,11.599536025991698,-2.7265803890340576
agm002164344,14.376509308284417,-1.7357770613717363
agm002164389,12.888806719232557,-5.172706741174893
agm002164397,15.157121974581807,-2.4392017160068282
agm002164449,9.938432518499804,-7.431953450498369
agm002164626,16.66751501104796,-5.40927629265693
agm002164662,8.303710807280074,-6.450250220514647
agm002164804,10.73111741323391,-6.504306073160848
agm002164859,9.70155537799442,-5.969335689208384
agm002164953,11.599228493424057,-4.89646186197318
agm002164998,10.568141098949647,-7.488842111014583
agm002165265,16.18835589594757,3.6307314146278804
agm002165313,13.52906070952576,2.6107873257118577
agm002165903,15.798098178042231,5.054527102157503
agm002166317,15.687166274792487,-0.09266639088202222
agm002166403,17.551271576232555,3.930411515001575
agm002166498,16.648151383912563,4.0869868267500635
agm002166694,13.934086968785572,-5.546120995119006
agm002166836,13.576881298438341,-6.529895312019415
agm002166960,14.288242581250195,-4.1183274418293045
agm002167004,17.4366943873849,1.5473907350736635
agm002167407,16.000694878987385,0.17558968272741565
agm002167527,11.133182700926916,-2.681672869458884
agm002167583,9.379766535184107,-2.1760012227037033
agm002167607,10.684347978101512,-1.427457014684605
agm002167744,11.615992592326323,-1.1465526545187583
agm002167922,19.439062387312383,3.028168627549352
agm002167984,9.459900795170162,-1.7415656441314975
agm002168236,14.309306683187623,-3.942750683863894
agm002168338,12.192388194891178,-4.060411336076271
agm002168426,12.12082120037344,-1.2257424265708967
agm002168428,12.113105526063208,-1.2266210823855221
agm002168548,16.95139670052713,-0.1427528258134032
agm002168576,12.546017780574378,-0.35805698250725726
agm002168688,16.112083899338945,1.601518403404657
agm002168852,12.42017423945731,0.7366498959216621
agm002169502,12.178201772850427,-2.7990304647390696
agm002170053,10.376965672234345,-2.7610095637894814
agm002170203,9.055616361535456,-2.143196633261599
agm002170337,11.254732277856082,-0.9771323730258659
agm002170396,10.999756227072588,-4.567127037757075
agm002170595,12.892226649874527,-2.5289014403655887
agm002170822,12.166294605071872,-4.570437439595795
agm002171803,10.066633909351735,-1.3387480359072494
agm002173221,9.589610924153304,-3.1372406619826556
agm002173240,9.373819713707261,-2.9150959637017593
agm002176088,14.904929099719082,0.024552340171216436
agm002176125,13.992611866732062,-1.3533483982087489
agm002176251,13.654848559576152,-2.0787200002353536
agm002176429,10.7623653474152,-4.00970760894779
agm002176638,9.232268182790722,-4.628999001415444
agm002176774,15.209624640046632,2.913968711633491
agm002176892,12.897876985420366,-2.457588866666469
agm002176925,17.060368805020538,1.9029576760043454
agm002176935,11.02618735328432,-6.682409364910614
agm002177918,13.874065576648528,-0.8554173077105147
agm002178262,18.768783104649437,1.0588241741503075
agm002178274,14.618626312389772,1.2307403084369
agm002178521,18.179146785745623,-0.1931144003887333
agm002179078,15.06253896176572,-1.4617105182292534
agm002179104,13.740123050839248,-1.849893492701471
agm002179175,19.224523089484823,1.4136970666534858
agm002179316,20.637572842461076,3.8897666609101105
agm002179568,13.279787251432849,-0.13774206900503985
agm002179579,13.622131103231274,-1.0353048906500024
agm002179733,18.581034740434085,3.2162042737007646
agm002179764,15.627932409224577,-0.2808472038570491
agm002179778,17.118165837102133,1.2867352011233777
agm002179991,19.496548264523533,2.8166599066430402
agm002180017,20.590407757574106,3.014214824857367
agm002180168,16.25050042749518,3.3188964248676154
agm002180284,21.329231709933293,5.826269633620512
agm002180412,14.953655643649093,-0.8773288563298296
agm002180504,15.505769965836903,-0.595210976098028
agm002180631,14.785463185373375,-2.254590429269292
agm002180720,15.579224871237733,0.8183870880864325
agm002180801,15.792903441387582,-0.7943509763366521
agm002180963,14.677614834262384,-3.061820174405755
agm002181018,14.502924236311738,-2.3581080436323942
agm002181280,19.27312014910333,1.915577951511225
agm002181513,12.850450024125646,-1.1919056166749602
agm002181786,14.26406368554035,0.24864340538093632
agm002181825,12.259640381254,-1.101865405197012
agm002181889,15.412418451655125,1.8799219020003655
agm002182239,12.74855219058133,0.22849657263374942
agm002182336,15.390432282278473,1.5135467031795151
agm002182457,14.977779166983646,1.4139143698604066
agm002183009,13.922962406426697,-1.190376007929747
agm002183222,14.556822417183726,1.1830721177663428
agm002183264,19.111072645501675,3.8729289482732185
agm002183423,17.995056992998464,3.02227810076716
agm002183503,14.382635241152109,1.6540608412914617
agm002183792,17.639400992728692,0.2172862209020122
agm002183812,19.112724768964842,-2.2503408013554966
agm002183970,13.97685791762591,-1.0360295526968928
agm002184044,14.748348023849763,-1.4063337208451125
agm002184147,12.953426010378218,-3.3303595805279276
agm002184361,15.313331704957454,0.007299950827122537
agm002184467,13.136907660971488,-1.0717867597900366
agm002184487,14.179929844895296,-0.44483090964113653
agm002184543,18.72094254716041,2.3810553744905043
agm002184819,16.197008714614952,0.850515797140261
agm002184935,13.085745161026038,1.9513200674761135
agm002184983,17.78533825798761,-5.876322867307455
agm002185019,16.806294438118396,1.2467260025822364
agm002185151,15.789221134729056,-0.7608771467559153
agm002185264,16.643360621192247,0.17257723274649983
agm002185710,18.671126468494684,2.820234979768779
agm002185987,13.099939839096857,-1.0870103509987026
agm002186368,13.639559756554386,-0.5880272533548284
agm002186413,14.742592446242828,-1.1072332507607485
agm002186560,13.047618144585062,-1.8563393085566964
agm002186615,11.437859329991378,-2.87810707543754
agm002187373,14.7274525903527,-0.4926737162655505
agm002187617,19.767514199261885,2.1954017202213785
agm002187852,14.235656149379905,-1.0164172756793424
agm002188117,15.846197131180269,-2.7017895231076436
agm002188288,13.615831486656937,-2.2551781161626554
agm002188371,12.604912917395515,-3.4438407435625726
agm002188422,14.110626906542342,-1.1196327381883127
agm002188650,13.865746455213898,-4.351077237290107
agm002188798,18.940402648951366,3.8558032610570256
agm002188850,18.191934921895726,1.7981466911034925
agm002188916,17.960297195688316,1.786106299049898
agm002189069,16.643985875366074,-2.850582171106373
agm002189079,17.308175864608362,-2.3555939515453574
agm002189100,20.457090580873594,5.4109468142650705
agm002189289,18.719037304386013,7.2852587066263155
agm002189480,25.085746120577664,6.373535593969202
agm002189483,27.002641614369924,7.426490962061745
agm002189498,21.071019757315185,4.671483536064922
agm002189504,18.410221902108034,4.425703074229805
agm002189559,16.789473985152316,1.7406782087534964
agm002189741,15.137230303764037,-3.47368904064957
agm002190140,20.479863390056444,4.591331821892781
agm002190369,19.90560541104755,2.1372899776153416
agm002190385,20.37199332946909,3.3859058842404144
agm002190418,21.547665693888,2.6893780699553638
agm002190645,13.171239874570993,-3.4825727245590348
agm002190697,13.308304158202745,-5.037762294615784
agm002190782,14.277190091043854,-1.89675529044895
agm002190937,10.37224859744527,-2.9242467456284325
agm002190991,11.391233982539434,-1.4169814833498577
agm002191120,14.175481389121066,-3.278804816175954
agm002191306,13.065081379340693,-3.473943965996493
agm002191399,13.461474772447733,-2.1707539959256996
agm002191518,13.068279476377276,-0.7110907929772834
agm002191590,21.17572551467542,1.4871730960900678
agm002192446,16.81153109045101,-0.29820768362173133
agm002192451,17.659066394811507,1.9406003833910195
agm002192497,15.813047875998794,-2.8659276091137125
agm002192705,19.24183109245576,0.5466754247376949
agm002192810,19.936210235599198,1.2048906710045948
agm002193000,14.97719001721523,2.6648244386968085
agm002193002,14.720841528156242,2.4809479352203674
agm002193190,11.524217299858016,2.4379075347618624
agm002193322,12.400291496613546,2.849894039044812
agm002193508,15.809608221587093,0.9365520635668911
agm002193620,19.673962470462676,5.577754699170484
agm002194609,15.915268089864853,0.23161421396926318
agm002194750,17.993981374321457,-1.7263731938446298
agm002194774,14.984467526132079,2.0063118823853863
agm002194849,18.51418269203617,-0.7096009315845562
agm002194873,16.60556399554063,-0.7686434060130954
agm002195580,14.168853423987807,1.6581041272534711
agm002195692,12.933759285004802,0.08005768605755807
agm002196070,15.553111275454665,2.729664975266464
agm002196881,14.828131958802782,0.7434006643430088
agm002197062,15.65019575304685,0.38377495191647454
agm002197303,14.012055389430552,-0.47309549848316623
agm002198044,12.843796572798572,-1.514718721658868
agm002198237,15.952786586691337,-2.768012747673809
agm002198239,15.17656756161264,-1.1361675629229246
agm002198370,16.165827697933373,0.9080306412649449
agm002198542,19.637817740290206,2.2092716423718874
agm002198643,19.51510666792194,2.314934048001466
agm002198783,16.928278112199994,-0.10668029259279048
agm002198979,17.7454046422479,3.3361837415563826
agm002199124,14.203477713936442,-0.02681128142594365
agm002199246,17.19830570573392,-0.864152234235449
agm002199380,10.624696623765525,-3.311747329372025
agm002199437,8.879044202194985,-3.5819654917172015
agm002200004,9.005799711475278,-4.656306549181757
agm002200026,8.475264416200593,-5.86061311583294
agm002200756,13.107574685262179,-4.440349748796359
agm002201316,8.627716306402203,-2.942608537308215
agm002201321,13.023033786965579,-0.3343585697670335
agm002201398,17.490186905618533,5.145867771523915
agm002201433,17.683305342666003,3.1715184679195345
agm002201918,9.435260116164578,-7.1760856870236065
agm002201933,9.460588703000017,-4.037571267563392
agm002202332,16.49483916530662,-0.03690342856134787
agm002202336,14.648867006648615,0.5296861885850177
agm002202482,16.542575052876007,-0.13517570903664833
agm002203153,15.248496816354017,1.2702706520567382
agm002203187,14.306075805084086,1.305066810981068
agm002203325,18.01679366311089,2.72858093015534
agm002203339,15.540905746191838,0.6817058309875753
agm002203351,17.09072199691521,2.2035861680742364
agm002203754,16.44183257305198,1.7637771101890252
agm002203815,11.659578569417347,-0.6340386832250727
agm002203864,15.631654527120226,0.561075085638838
agm002204065,18.57081166950854,3.6266586471426514
agm002204244,17.20648465573635,4.026892322709925
agm002204415,15.680905269269644,-0.4702583051550994
agm002204507,15.057781120833681,-0.041563192668340555
agm002204511,18.0399752475905,2.236643123016078
agm002204619,19.34860430232452,0.39195757904726963
agm002205138,16.132393676626318,1.577371751112043
agm002205368,15.376314864262563,1.3177132640492448
agm002206118,14.371998522751694,-0.3600353756507892
agm002206752,13.741093291085965,-4.107622168156814
agm002206753,14.361492586894627,-0.05798317168332971
agm002206913,14.045081593049618,-3.6347173638373733
agm002207503,23.111203478491543,7.505271169452016
agm002207636,14.085885408615246,0.5317634283346855
agm002207642,15.062836740784457,0.9240025284813946
agm002207652,13.970347312490256,0.5192889012934835
agm002207835,16.11634776719891,0.5820800598065133
agm002208047,11.942861776013089,0.25378391267842976
agm002208109,12.356600678582469,0.22748772396846326
agm002208474,12.92612955479462,1.3880413577263824
agm002208593,15.501967553391308,0.941910210027275
agm002208747,12.502414343255895,-1.77349044995061
agm002208780,17.35939566083488,0.3926527832310474
agm002208929,17.50132421073428,1.3722717764349817
agm002209057,16.59979972333112,1.4475854567579625
agm002209087,18.262654627849642,3.25854921275913
agm002209217,12.728271711586236,-1.0793915974532553
agm002209291,14.806332576715713,-1.0431945058412557
agm002209525,17.873228862949,3.504678081434524
agm002209585,21.613841027944577,2.141058610452511
agm002210965,19.38440321494171,4.713665567991761
agm002212142,13.807329711561058,-1.0027900300606283
agm002213018,15.206740714264447,-0.6205921794927812
agm002213524,19.016721338291532,-0.217292489486591
agm002213599,14.425990035224627,0.027035506132142118
agm002213606,15.357994540157412,0.3992409280324658
agm002213693,15.959227271772452,-4.82634155120243
agm002214067,14.737245739576082,-3.9751712562081845
agm002214173,16.003251629808155,0.9342767573214765
agm002214197,13.86296821700165,-1.0423659338836284
agm002214286,14.964504770328793,-2.5546363551049502
agm002214429,15.155853151028339,-2.6930726195920656
agm002214757,18.33969189299274,2.2220787295940183
agm002214772,17.533831893471906,1.0793138151808208
agm002214829,16.42977483917306,-2.120147733796376
agm002214852,15.469461856277507,-2.511437628426659
agm002214987,17.3454994767293,-1.8272187207524055
agm002215267,16.309959502194886,0.1826323363185267
agm002215365,15.133918753242801,-0.4541968798689542
agm002215569,16.462509660806408,-4.4507478614183
agm002215653,8.578180435021585,-3.102830777722577
agm002216382,14.32688914616446,-0.7351434835456772
agm002216895,23.856935760788975,6.747682004258925
agm002216947,20.135390349701655,3.509616958375772
agm002216984,17.169887140515584,2.494881784794117
agm002217255,18.028395918441014,3.0190273661723976
agm002217274,20.011496447879136,3.92062318616698
agm002217439,19.059669290185457,3.3261127883003057
agm002217705,14.705327924127086,-0.34828649792254823
agm002217714,19.302719806531975,3.976365857180463
agm002218003,15.114425163287725,1.1285718957533808
agm002218072,21.817885676400838,6.194175027316853
agm002218211,12.6981273486371,-0.802702340399329
agm002218466,8.216535963788791,0.04351276972882475
agm002218477,9.860470798416978,-1.0387205872340455
agm002218530,13.710653318134016,-0.34955912470758754
agm002218567,9.390872056020932,1.879924413521426
agm002218652,16.625996994368002,3.4707171782196475
agm002218949,11.231614433467405,0.32663581930059715
agm002219166,13.588640614901573,-0.1529592978756753
agm002219177,12.245207998950516,-0.9467977498457407
agm002219300,14.700406227454216,0.4252452722189908
agm002219309,12.35205897090116,-0.2237272618385906
agm002219530,13.607027467544539,-0.2457716910646551
agm002219584,12.466138542359111,-1.9080402638623426
agm002219639,11.341144220389593,-2.210741574799402
agm002219647,15.587507652802012,2.431207918095341
agm002219780,14.732209605720573,3.6469717357245326
agm002219781,15.578621487055418,3.7482862338588587
agm002219891,19.56392907616295,3.733821751553319
agm002220314,11.267058755187406,-2.0184897445858474
agm002220382,12.844752825396807,0.7996461908446157
agm002220436,16.194234159836476,3.1220350470836067
agm002220564,16.79685781210272,2.3811592790023095
agm002220631,16.15834739855247,3.1010843497957215
agm002220820,15.465420781777768,-0.7433105497425453
agm002220984,15.549025221319196,-0.7064965421107665
agm002221046,15.447098003036801,-0.06959481664687199
agm002221136,13.824833924804237,0.9371270145557199
agm002221461,11.76480604342648,-0.7896482003666567
agm002221463,15.052861810781218,3.102577429527789
agm002221623,14.286826213478378,-3.417996979251689
agm002221637,15.72953471441062,-1.1987193338343343
agm002222472,11.133394416089908,-2.60161164301832
agm002222576,12.664113049666849,-3.1969767310639643
agm002223010,13.95273972982034,-3.7101168970331315
agm002223034,11.91807844529651,-4.632567961137003
agm002223144,10.989363914148603,-3.0255263591138624
agm002223823,16.48953388128249,-3.6884068710730538
agm002224156,14.95564006744378,-3.832904443993133
agm002224331,16.321220850412693,-5.995531473065984
agm002224407,19.120517217476852,-0.5551268852833239
agm002224582,16.428162364644642,-3.4872110569769768
agm002224796,15.233318583048709,3.811055574512621
agm002225064,13.639136685711506,1.6154946879730012
agm002225142,13.859744056592598,3.8413899931115063
agm002225198,12.883032709362743,-0.23852501010274985
agm002225235,13.514333090731768,0.37930468650759863
agm002225498,17.710970925918158,1.4501401184884335
agm002225654,14.15002806992609,-5.569586675897622
agm002225947,11.310924934241534,-1.1216790141545754
agm002226069,14.382300241430736,-0.6155639389610897
agm002226257,15.199029801012509,-0.9266357529505171
agm002226397,14.103519157931117,-1.8341385405982642
agm002226415,14.517945168723273,1.9880977367012165
agm002226433,11.285040274255657,-1.4445346733897015
agm002226436,11.602969043607649,-1.310256342948217
agm002226441,11.831302759887118,-1.7630757739363911
agm002226449,13.065143282427073,-1.170769511454165
agm002226968,13.023194152007342,-0.3937167116396652
agm002227501,13.365818126361345,-5.570983310097617
agm002227540,16.256901276271897,0.7458951170794563
agm002227636,12.389541942611478,-1.9111400953582016
agm002227680,14.211281864519357,-0.8776266190032723
agm002227721,11.750282375291304,-1.9713080420246143
agm002229172,10.71529879129475,-5.798315985129375
agm002229411,10.579903696915787,-3.4393574145098156
agm002231353,16.39377468653744,-1.6447587338187126
agm002231520,16.7103635371622,1.391423971621034
agm002232220,13.312600765915443,-0.8751923587756615
agm002232247,11.183549509135023,-3.1156854979131707
agm002232251,11.329951837701325,-3.0751910162201868
agm002232271,11.861889663439934,-2.948917111493626
agm002232493,14.163494337785426,-1.9981781829290994
agm002232515,13.519234710210785,-3.2457308563287084
agm002232596,14.425092211443873,0.11246743233597971
agm002232712,17.70462599306027,-0.5347565251962635
agm002232744,13.494442420236949,-0.2180122177995211
agm002233433,17.991252754867904,3.5798471157310865
agm002233446,14.583070821284124,-1.9796529568590433
agm002233460,14.280538713956034,-2.0525401014100506
agm002233928,11.79332359675411,-2.3687291283875767
agm002233974,16.93111959471014,-2.3131003339410396
agm002234193,18.114305243806566,0.6824757226060413
agm002234243,13.421929749625445,0.23748536014835242
agm002234338,13.27562475819611,-0.491356030016858
agm002234751,15.277236516550353,-3.5521259782178802
agm002234836,16.34268050580364,1.562721192226985
agm002235583,17.147644857676834,0.006800377509441328
agm002235588,18.505123421035474,0.4543310653595671
agm002235839,18.713144658582223,0.5203928434912193
agm002235979,16.09357037608885,-5.32904260158483
agm002235998,18.309123522841002,-2.945553152935402
agm002236285,17.32694325357535,0.1463560041470847
agm002236681,14.444316321759215,-0.03739886391600056
agm002237495,13.399885591733172,-2.5263913478896947
agm002237551,13.917793945136104,-2.1711994935305694
agm002238421,12.098458024735546,-1.7647318847121825
agm002238510,14.189387160406676,-3.2105047729870173
agm002238563,13.19367057055426,-2.897832303516013
agm002238619,13.792908209457536,-2.4015108519263078
agm002238925,14.864300574771958,-2.4857016315035927
agm002238976,10.555630178168732,-3.1476536888884468
agm002239100,17.488318690195296,0.5604668212542828
agm002239115,18.228576395956157,1.7588905475359526
agm002240001,14.997470070115932,-0.051402069376142376
agm002240656,14.128953170323237,-0.5375881444917822
agm002240834,13.68512449400074,-0.7033250452055733
agm002241057,13.901110938330572,-0.7674570793329089
agm002241510,20.16375115046324,3.923173033713175
agm002241566,10.811304751477772,-2.832822629304482
agm002241857,22.9116558638828,5.531908253484487
agm002243047,15.220489606144236,-4.016428898674527
agm002243904,18.736334344884426,2.743830683450404
agm002244047,20.08732890392701,3.623285229236938
agm002244157,19.485688415976103,3.6314666343070527
agm002244579,19.98052991312809,2.2630683255608597
agm002244648,12.95796716094639,-2.921015839444023
agm002244805,11.35106198446569,-3.155740852030892
agm002244849,12.49442015607271,-2.6135282502751704
agm002244894,12.227006154208567,-3.1741129636561087
agm002245320,10.72466513597201,-3.4446594125562315
agm002245684,16.428672145296886,0.04392413778901201
agm002245708,20.070741033255853,2.5918800386738874
agm002245757,15.65225629003432,0.8775072893706415
agm002246291,12.979034627911766,0.6905278245803613
agm002246435,15.238191033526533,-0.8714273057412137
agm002246553,13.055563658922743,0.14299888825748752
agm002246612,17.402742863055998,0.14215056038318963
agm002246728,16.235207035376067,-0.6321866286826436
agm002246752,16.255536839635493,-0.07910585998761732
agm002246764,15.04818124101234,-0.5727372309925236
agm002246800,15.280624992852667,-0.6276231342220123
agm002247024,15.726067045029911,1.222680505363794
agm002247436,17.077213605600704,2.104426053609661
agm002247473,16.216478211782412,2.5645146848384552
agm002247485,21.157080734416205,4.3229814480199895
agm002247667,18.78658881087455,2.6819298406110748
agm002247726,15.716936388166008,2.6517730375407087
agm002247733,15.907325848401817,2.7041510371809006
agm002247768,16.079992395781492,0.4314724320156875
agm002247810,16.859825301438896,3.3429284363155176
agm002248287,15.115088847818374,1.4741874550423482
agm002249474,14.797785978510205,-1.7413587253562255
agm002249498,16.787062500619733,2.213926574403779
agm002249715,14.460439144080226,0.720633886290311
agm002249719,14.483331476847919,0.5941728273926294
agm002250184,12.98590088342573,-0.5059899182305507
agm002250249,15.312694592342558,-0.15196850986676935
agm002250419,14.210213536111794,1.0392190895874822
agm002250652,11.493479992998303,-4.232572542502321
agm002250858,11.571839472523726,-4.3780570364749885
agm002250859,9.829042215843906,-3.5034322790813133
agm002252667,14.360475844125498,-2.821202159769014
agm002252831,15.67680359427826,-1.6435987315367164
agm002253192,13.7020053220333,-0.30751997723409463
agm002253433,17.464375178605664,0.09291449216011216
agm002253723,16.76203589565309,2.210961686549544
agm002254408,17.463101297525448,2.1216895245881653
agm002254527,11.061393925588334,-3.9131380068991013
agm002254762,6.9958280309378535,-4.602097871769262
agm002255292,13.060104441060494,-3.2620737352298046
agm002255542,10.515192875181489,-4.031828507038639
agm002258039,18.138690761615415,-1.3384404619491357
agm002259699,17.6544539726928,3.768106596402967
agm002260090,11.872089573060073,0.8103481196972648
agm002260342,11.527881772804768,0.10102635164162048
agm002260469,20.004698069398668,2.991022788817426
agm002260473,16.79980434496579,-0.7090582717287303
agm002260564,13.353818295571791,1.422804363885301
agm002261483,17.374637815913623,0.13712951238417284
agm002261579,19.81944065404353,2.045225968973634
agm002261915,17.219789256222352,0.8992550591514779
agm002261986,17.691003897644038,2.0031134774286095
agm002261998,16.783784189060164,-0.5876758315301231
agm002262275,15.325701247462064,1.3310603762522704
agm002263045,15.93004344268083,0.2855448876838942
agm002263104,13.48397149734279,-1.8574821758297695
agm002263286,14.162528923199718,-0.029726222633771116
agm002263310,12.816129080496818,-2.4584878274821933
agm002263369,11.857310520442637,-3.6135186807618744
agm002263378,11.610919108000514,-3.0054691477433124
agm002264516,12.677425156359137,-3.8718827130632634
agm002264645,13.195763034086786,-5.173120382819749
agm002265031,14.0995311747562,-0.7846518148014503
agm002265903,15.071738844689913,-0.9055729352992762
agm002266630,15.498634351344942,0.8980318392807952
agm002266715,15.296599649974752,1.5447977466673493
agm002266754,12.91277838229308,-0.9215074672635994
agm002266857,14.999228154326184,0.6525061894378077
agm002266869,16.444332358245646,1.1502677573066733
agm002266998,13.27160699139897,-0.8563225051058131
agm002267131,12.153283671535965,0.40947700564100725
agm002267147,12.277627091450272,0.03556625906558845
agm002267233,11.91028933825583,-0.23616102494939284
agm002267242,11.529446373272455,-0.36858673145985205
agm002267460,13.876936161141792,-3.2043136949005486
agm002267557,18.630795522155424,2.00566031802119
agm002268076,14.332826404120382,-1.7873080594852397
agm002268328,11.84563199887886,-1.1106611092184704
agm002268334,12.514892869327893,-0.9042871287446932
agm002269163,16.809723361813028,1.2603683740220193
agm002272178,11.455789943528812,-4.005040311872801
agm002272430,12.993426492202383,-1.9871710235236193
agm002272766,15.158808886007293,-2.289769836156072
agm002274898,14.587574258395202,-0.15302616506972852
agm002275051,14.593512171594739,-1.9107289047489406
agm002275092,16.182748952339804,3.1429637542400544
agm002275188,13.509513043612502,-0.20805016806085477
agm002275399,15.319257527074141,-0.8641840407182594
agm002275476,15.319121885132033,0.7405932444427362
agm002275649,16.36750427487223,0.36912607078795573
agm002275763,13.565734837407811,-1.8321747942135662
agm002275768,16.016380074054407,-2.603427248616936
agm002275771,13.648810601067838,-1.781372292818923
agm002275899,14.021891257512552,-3.926750259490117
agm002275940,17.837749647016693,2.7964544664328788
agm002275953,17.35438673467175,4.783785047254063
agm002276184,14.472225686217255,-1.0782626166918678
agm002276982,15.298710948521972,1.0340030025848044
agm002277423,15.248872554230394,-1.1821347486758014
agm002277804,15.800721404701449,-2.0697710286190767
agm002277805,15.707709960903912,-2.085172790315717
agm002277832,17.049305601153964,-1.0157120872526946
agm002278176,17.401722780731102,-2.347992713100634
agm002278395,14.906885726959837,-2.7473531043653168
agm002278553,15.295034110134603,-1.9802712031933951
agm002279291,13.876314878995878,-4.981752785463693
agm002279973,14.249400323786906,1.2195413697844675
agm002279978,15.361416234070907,1.7288397020891668
agm002279981,15.551972064323557,1.751096399504359
agm002280877,17.587042522631574,-0.769031905063939
agm002280919,15.390026514593371,-0.3755762419584035
agm002281159,18.470125478809333,2.384275139542604
agm002281206,18.962532690111484,2.7852122598686515
agm002281463,19.068863941129262,3.0472175469496405
agm002281592,19.7211016530585,1.7936433973435975
agm002281612,15.2342126000253,-0.31285251671781406
agm002281643,16.272154981233765,-0.14505583900522723
agm002281691,17.771186678529613,-0.4777177333765709
agm002281746,18.19570430378996,0.302134772454286
agm002282303,15.508712877317956,0.270998076129926
agm002282484,16.362440785090968,0.17874535423874605
agm002282486,16.156030900618145,1.2935002654601968
agm002282571,14.700440087272817,2.063114468264012
agm002283497,11.067111509569425,-0.1089521466057275
agm002283808,10.832955737213801,-1.3560217520043327
agm002283838,11.408373068441596,-2.05853551542994
agm002283846,11.895312255165548,-2.1615888018840956
agm002283856,12.347663122108797,-1.2408789114869674
agm002284047,18.02104480237391,3.94973201586548
agm002284068,17.71467369428518,5.116711246657169
agm002284117,15.587248364734895,0.8513323076603214
agm002284945,13.906053176191953,0.6846202195160102
agm002284948,13.03475946434861,0.14724955091724765
agm002284959,16.462571124257526,1.9475571855999465
agm002284994,17.079721582495488,-0.6900470883129847
agm002285273,15.17548048778013,0.7688680964620325
agm002285660,10.848110444642328,-3.9780334311788876
agm002285799,16.043857238302557,-0.48081497704847526
agm002285800,16.810565834005352,2.8613667943378087
agm002285905,12.36347217666698,-2.6836559665864654
agm002286318,14.64148733287094,4.102559253591502
agm002286333,18.34207614451524,3.997912512887135
agm002286361,18.53673828426959,4.049897998843555
agm002286400,15.972581824111407,0.48854842788657216
agm002286444,14.047956641145655,-1.9004147007792822
agm002286803,14.797549837893703,0.2005727384238341
agm002286833,14.445964943326166,1.2412381508585413
agm002286892,15.051958199773907,1.7921736123531957
agm002287155,15.266807252723567,-2.272758040252691
agm002287665,14.33815099708662,1.6531899037464277
agm002287668,16.13219229313155,3.5122611633297414
agm002288364,10.913729385735598,-3.3722949789603156
agm002288761,11.171043695947345,-6.546241163595239
agm002289146,13.518730281446151,-3.392200512951489
agm002290570,12.253178733451325,-4.208935828555807
agm002290571,12.614903760375372,-5.644159380290896
agm002290589,11.92005605583912,-4.132192077026596
agm002290629,12.0504579229121,-6.385042577819611
agm002290635,11.538525767703767,-4.3225678822842815
agm002290788,12.850102490304716,-3.626096581537861
agm002290921,12.197103847850457,-5.4943492424257165
agm002290960,9.663402833497607,-4.738703709792572
agm002291021,12.124118709390302,-4.486313849324593
agm002291036,11.815051612210134,-4.625555563931121
agm002291775,18.06065108673174,0.575301889554838
agm002291791,15.987588705402388,-1.4559059804700951
agm002292147,16.761015337294268,-5.251548704283477
agm002292324,12.100399037714972,-5.532913144764433
agm002292378,13.424444516747837,-4.323104983898253
agm002293258,15.661367673861829,1.3277337986281452
agm002293349,12.717558555634389,0.4843258779872143
agm002293395,17.36425040480013,3.0389716715779684
agm002293500,19.182735697793557,2.9188881637517072
agm002294749,15.065231675367276,-1.3563104807617783
agm002294796,15.417355387545172,-1.7363665335591327
agm002294828,12.310411565546081,-1.9764113608106286
agm002294837,13.632277587691064,-0.3970122444125458
agm002294851,14.623500000028537,-0.0899282550589497
agm002294882,13.000853091296989,-2.394489289515428
agm002294995,13.998552889271798,1.1253449689761061
agm002295178,10.964960053244779,-0.40400993432777366
agm002295203,14.100222373861955,0.23904093716985506
agm002295287,11.65091774555306,-0.43335584280458167
agm002295460,14.96135810410402,1.4826356860899885
agm002295705,17.62489750878981,1.5764268918491997
agm002295708,18.65700563646128,1.939142356895875
agm002295727,13.123765091214633,-1.0367068418456746
agm002296063,14.191003923164208,-4.200226330834333
agm002296640,12.154332667157993,-1.448768588471498
agm002296659,12.086334373903403,-1.862420763912862
agm002298321,10.544871327983753,-4.483546052008188
agm002304887,17.102061707775114,-0.742486650303276
agm002305053,13.075951820736961,-0.5254282134437188
agm002305058,13.791346261405172,0.38598273574773323
agm002305062,13.87293899421416,0.22013526039246933
agm002305070,11.772977245467235,-0.9159642690725931
agm002305073,13.759976290203657,-0.10390286209290878
agm002305120,13.489037331792366,-5.557667839536121
agm002305349,15.910527415242127,0.1716583177141553
agm002305596,16.310486032594486,-1.1311316327013035
agm002305630,14.311845037171103,-5.011749048143749
agm002305868,15.926118504653902,0.6293602686300268
agm002306192,14.12873004013434,-1.1642835383436136
agm002306241,11.394997465245725,-3.0976091066179516
agm002306911,14.231500485031681,1.6892430247677392
agm002306916,15.985570356301904,0.7829549692380523
agm002307086,16.41985529974317,0.7845907380276472
agm002307196,18.558565483428698,1.43246341284573
agm002307312,16.91629151099998,0.09509134807369908
agm002308042,15.88685295385696,-3.619296057648253
agm002308224,21.238559751030618,5.264190896944239
agm002308517,16.097395751733426,-0.4766473568312442
agm002308534,17.452495811197505,0.07518211718893184
agm002309062,18.415955935474965,-1.8936720429560825
agm002309149,15.259528150882971,-1.542682975606283
agm002309236,16.487934762572262,-0.4356483560442346
agm002309339,16.806414776365507,-1.2977001726627884
agm002309501,14.841863742126469,-6.387833773759934
agm002309767,15.47537946955263,-1.7619750723546659
agm002309857,15.640387471474915,-0.4941155822193532
agm002309999,14.79343672980823,-3.673104469751988
agm002310132,15.464477828475625,-0.418412052956081
agm002310154,16.881127146701896,0.1751729652047954
agm002310451,17.559541333372923,0.6793733476224171
agm002311071,15.708361535582478,-0.7489613779511775
agm002311443,16.96024208939455,2.0960884084141105
agm002312991,16.29212826779595,-3.267700306258143
agm002313129,20.076843752319306,-0.6576640201980778
agm002313670,18.397405076262373,2.2321912669085946
agm002313796,14.157238938310968,-2.019056578588066
agm002313816,14.572527981952314,-0.00853719377498526
agm002314112,17.521582860230083,1.8006520297161774
agm002314306,16.500613500120025,3.3498306407785554
agm002314359,14.588395871047512,-1.0425259626241203
agm002315115,17.538590642914677,2.6089670101636684
agm002315176,16.608422929922146,1.570385470212165
agm002315540,21.867304191126014,5.1999962325632465
agm002315541,19.281715100849226,-0.8942138350594441
agm002316227,10.974114787984574,-3.892788606768839
agm002316478,13.501243370037267,-3.1618252483508287
agm002316910,16.573476876718374,0.332219710896186
agm002317223,14.856328095089447,-0.3596515150244439
agm002317279,14.652684481938564,-4.910013101158243
agm002317611,16.16016369826833,-1.180962422968425
agm002318319,13.720208179344823,-4.742034491218339
agm002318725,15.647037321498585,-2.780686389454098
agm002319941,21.009270575541677,3.9970872517457736
agm002320633,19.01259710734291,1.6166509486983596
agm002321004,17.305877021460805,3.2529768515676287
agm002322064,11.892679745617945,-4.430090829545657
agm002322281,10.897157297743663,-3.6870090589355304
agm002322921,11.807612961185226,-2.943135328358419
agm002323441,16.341481906909525,-2.0962733139506677
agm002323454,17.411913559014625,-1.4329382859825277
agm002323565,18.8774834958658,2.253801032707413
agm002323593,15.300655073861165,-1.294999455162354
agm002323728,16.314567621587067,-2.809380701188741
agm002324215,17.81652129915773,3.525555499757612
agm002324409,14.146951141859136,1.9627894118847593
agm002324410,13.831928934391412,0.6153754844953312
agm002324450,14.228248584887753,1.3342471684800952
agm002324488,14.273029098883645,1.6771990168744388
agm002324497,13.333039108438571,0.4163282726481257
agm002324795,15.025707798437223,-1.3201812184346817
agm002324868,14.031638543261083,0.10109177080990772
agm002324989,12.722011959244886,-1.198627026278794
agm002325003,14.806713023767205,-1.0074975267690562
agm002325158,18.237960174938937,2.9166512782995695
agm002325373,13.707996963082513,-4.102919477449542
agm002325413,17.064985474599787,1.5504004318006102
agm002325812,14.386533720095157,-0.8987341224417795
agm002325835,15.752472587486121,-4.072374585260695
agm002325845,15.615286661956077,-4.439571253428949
agm002325899,16.502818271241892,-0.6658372956310921
agm002326423,16.58476448804155,0.6499191746900186
agm002326618,17.83740960227375,2.405544532880235
agm002326661,16.188007468558848,2.813497636711997
agm002327056,18.161859591380303,2.853072740865146
agm002327171,11.173287673550371,-3.9716282527164273
agm002327689,16.652025629745822,1.6165955896731186
agm002327706,16.235609208964167,2.9060820377823595
agm002327721,19.036596590768564,2.6022024334103584
agm002327842,14.561476094040671,-1.559148113761447
agm002327849,14.887517373786894,-0.31203625544716385
agm002329681,14.425681785452312,-2.860424442785536
agm002329682,16.35523428983696,-0.18697448829917343
agm002330331,19.203968602264943,2.838300772816568
agm002330347,18.917029742589214,2.6873854457288586
agm002331197,18.535487671577386,3.818889355658605
agm002331718,18.601496853371238,3.699786165831913
agm002331738,17.765670611751542,3.413800971488019
agm002332067,19.301362773076892,2.9497854580325287
agm002332251,14.677389168790903,0.09761588083834798
agm002332284,14.826457729002902,-0.9005456650695217
agm002332292,14.624436401572689,-0.9603783163450466
agm002332731,12.056754654929868,-0.8562659225705614
agm002332756,14.541291672769578,-0.4841904051520082
agm002332867,12.668769960274593,-1.6419483846512173
agm002332899,11.757310617159654,0.1524997559401573
agm002333119,15.311537812901117,-1.3608151792496006
agm002334636,17.309976831500155,1.7049233650515585
agm002334707,15.280076574180326,0.8074715767386772
agm002334777,13.505861565903226,0.5233193520939654
agm002334806,14.353541263949262,-0.21144076544992316
agm002334811,15.49720839533109,-0.6176422010167109
agm002334836,16.405337946785483,2.332027849328805
agm002334890,16.860887355661493,0.22442404668316485
agm002335078,17.75495209059265,2.38291053198864
agm002335142,15.135756306963145,-0.7892214163965701
agm002335655,17.1547315434771,4.945007060142881
agm002335680,19.89938881741989,2.36176445285764
agm002335727,16.437463266154104,-0.31782669288860593
agm002335788,18.009097347873716,2.0083900848854106
agm002335828,13.652897646022126,-3.558567342604751
agm002337307,16.75567177282287,1.695067849565798
agm002337310,17.30088930064299,1.8832589458947675
agm002337315,16.864318464685905,1.74054593807766
agm002337317,16.399382219471345,1.5640870215423979
agm002337320,16.042551784026525,1.4655687947402463
agm002337338,15.55905871150934,2.1220929521112986
agm002337435,14.259053726476736,-0.3479174858857119
agm002337664,15.671154121851034,-0.7298289817395164
agm002337675,16.089523724772008,-1.3104570200633603
agm002337718,15.971372130893206,-1.3569659208673919
agm002337741,17.299582069341383,-0.8685483352346217
agm002337792,15.819879632126575,0.16408126824002522
agm002337804,15.930272453629826,0.2040825429037348
agm002337875,15.297405346432427,-1.3240010319177933
agm002337916,15.468746986832207,-3.9675681618205374
agm002337994,14.9632808349538,-0.338487579008141
agm002338016,15.3107656019645,0.4142619784219607
agm002338855,16.46866285350303,3.127899503187178
agm002339009,16.48027963732118,-1.996423372483843
agm002339051,14.861065329151876,-1.5869004812410772
agm002340001,10.693578666788506,0.8362351445329589
agm002340004,12.70054230740759,-3.0280770784902686
agm002340916,20.49647314179969,4.847949246554568
agm002341182,17.12484904099312,1.761325480810851
agm002341298,17.186382813803736,-4.457598189089949
agm002341319,16.268913925527364,-4.462479264989571
agm002341749,13.899438020685947,0.10550272177465618
agm002342191,20.432886300572665,3.914214753859871
agm002342265,13.9131518616332,2.336617646327448
agm002342336,10.85211781629637,-1.7493744197227614
agm002342375,9.110697821352009,-1.3124135150065208
agm002342414,16.213471442105607,3.679802303690076
agm002342527,13.14847712086555,-1.4339703971382487
agm002342543,14.027250772755963,-0.71737377804051
agm002342549,12.925199391739921,-1.3021353343644286
agm002342582,9.043812614551372,-2.328491671975267
agm002342636,17.121379006640577,2.957000679574879
agm002342678,12.465116244342688,-0.329813091825874
agm002342682,13.867584975353934,-0.29008465195004735
agm002342717,11.430343033322707,-1.4764692931087169
agm002342721,10.933778160347051,-2.7148706967988754
agm002342775,12.612040926898246,-1.204024523275299
agm002342802,12.116644218790022,-2.700276639834392
agm002342850,17.087439252208565,3.56327299247416
agm002343326,14.486916412725535,-0.5992291616900935
agm002343392,15.141874266516405,2.2931336468607215
agm002343415,12.787141026827413,0.1578631085294977
agm002343640,16.539115343330845,2.956570490115804
agm002343714,14.344219224401943,1.2326562803906917
agm002343979,16.611505331895223,-3.32076951588619
agm002344054,16.956290417172642,3.1998471013441283
agm002344069,12.765166639017952,-1.7990760977269773
agm002344123,16.497037108616937,-0.14560363060023285
agm002344125,15.853941548611559,-0.9335118050564504
agm002345002,12.68180011296778,-2.3894684310292535
agm002345252,12.201714643812304,-5.276387346435717
agm002345368,15.822625952764957,-0.25171180880546906
agm002345378,17.09798628337794,-0.6298122113416463
agm002345379,15.502089032955531,-0.35040868816259163
agm002345434,15.550679774706069,-2.479959002149582
agm002345477,12.851585826615926,-4.589171202759667
agm002346272,10.822621177020823,-3.391933307058381
agm002346294,13.640626809705182,-3.224447016639857
agm002346309,13.057358483810509,-6.531633823893475
agm002346394,13.342722850593637,-3.2742747377647503
agm002346496,14.607261754360177,-5.225537042233366
agm002347336,13.50481774050133,1.0406800463131514
agm002347342,14.526004654057603,1.1204411665935232
agm002347361,14.424210135461456,1.8084869426171781
agm002347377,17.236211463612428,3.2888397132953906
agm002347410,13.171467740517514,-0.6359287372132373
agm002347831,18.599450554516622,1.9436992248135168
agm002348067,12.655433291510192,-3.1758734944363183
agm002348236,13.453491354458986,-0.6344469017881031
agm002348274,12.061428686768505,-1.042529478067506
agm002348281,12.85276921922218,-0.7593404793633693
agm002348299,14.047907381999735,-2.5104142805030394
agm002348584,17.086820663510327,0.396759272499225
agm002348636,14.23818405584891,-0.663775007448051
agm002348661,15.400842783596266,0.7335328036945951
agm002348756,16.549579589475023,1.011258815851241
agm002349320,13.226684574130488,-2.129290968757868
agm002349525,11.265705020040555,-1.8321385304588795
agm002349571,15.373052032126933,0.7495146985682221
agm002349825,18.291218560970258,4.129961837026117
agm002350119,14.882023308144996,-1.813673252978198
agm002351569,15.428511825985938,-0.8438572874220931
agm002351700,18.073563837435614,2.486978965731158
agm002351718,16.270656209981862,0.030693319700190357
agm002351755,15.699374120674648,-1.299211426800652
agm002351760,16.39922521952274,-0.13786150279161635
agm002351806,15.815283225256861,-0.9316359435825875
agm002351852,15.75099914417779,-3.5442585135366693
agm002351929,16.698617676041366,-1.8494605596321996
agm002351934,19.566302489804503,1.6421525388478955
agm002351943,14.309180863638367,-4.9823346903698
agm002352974,15.824336758853669,-1.5964935235508033
agm002352980,15.494880786695093,0.6230575912493483
agm002353139,13.667789486701631,-1.5385988688451295
agm002354309,14.213297952026137,1.4515060816560883
agm002354321,16.228565349765127,0.913497431522709
agm002354415,13.83651161754895,-2.4993693883346424
agm002354465,11.991422899098687,-2.425525400426313
agm002354582,14.231344668655222,-1.1470320650169121
agm002354600,13.105283321678684,-3.134337227034563
agm002354616,13.768598332962235,-3.0982465885105386
agm002355015,18.229109897982767,1.8472969486427244
agm002355097,17.63276364545076,1.0868598414765553
agm002355385,15.154158523393656,0.5464723049607088
agm002355438,12.386217675636596,-2.946683234450868
agm002355565,16.96247892566351,1.510659379659296
agm002355685,15.835695840195049,-2.3470287696751373
agm002355854,15.448438820882862,-2.5198536162269782
agm002355863,12.281415995525707,-5.32206237755378
agm002355883,13.587241003189916,-1.1223562721585616
agm002355902,12.023498734338075,-1.759591794015612
agm002355941,14.398369698823004,-3.2560411007976326
agm002356027,13.791615924645484,-5.545734587041532
agm002356032,14.002788512409984,-2.8244627288607105
agm002356155,14.670168588493906,-3.4368049197449273
agm002357219,17.482768779686413,5.020914650142668
agm002357479,18.850562451545226,2.307370346271547
agm002357480,15.188385409477052,1.7762147010364338
agm002357818,17.27133108504232,2.7984077021457723
agm002358489,13.922479939638235,-0.8680816582014211
agm002358798,16.962901540683685,4.922973606467046
agm002359395,17.17113325162425,4.639837678273815
agm002359633,17.862832666508567,4.247071895254848
agm002359675,15.112017100863286,2.2525893709703393
agm002359956,16.098906081785593,2.8196585214297416
agm002360004,16.38314248370886,4.411492972822129
agm002360094,15.946540550016381,3.3488248611985862
agm002360110,18.63450374843566,4.463402812740995
agm002360170,15.953280765960328,1.4840080049191233
agm002360175,13.632812449180934,1.9137013252069568
agm002360231,15.776300813187351,-4.087773158684334
agm002360243,13.414304972697936,1.0235315383847778
agm002360307,16.09850485722699,1.709289766103445
agm002360344,14.933669258764043,-3.8035239132450838
agm002361319,13.15261158943096,-2.570484162346238
agm002362059,20.14170240471915,0.40383590318634904
agm002362107,14.318798066668826,-1.2129101719429667
agm002363335,8.692448972640374,-1.0547827781178873
agm002363498,11.38716339385868,-6.9178862390151705
agm002363530,10.272835930875482,-6.030400189990348
agm002363578,11.10649435789827,-5.629144191351577
agm002363723,18.109258424007475,0.7507028275202657
agm002363730,13.573819797977004,-2.3893971789267416
agm002363731,13.608934390155477,-1.9293211160275987
agm002367171,14.512616387290995,-3.248425283953079
agm002367345,18.534032386497486,2.5375399637489577
agm002367592,11.424074294442425,-3.0103539929855696
agm002369906,13.934410039947805,-2.415772102775456
agm002369965,12.284520646472185,-3.7672738358209545
agm002370140,14.199249322210617,-5.883418728474496
agm002370553,12.950908871408949,-3.0076146027853268
agm002370609,15.125930549670104,0.7214632358810302
agm002370790,22.792595802391237,6.320232991588703
agm002370987,15.832838980834197,0.0049633314559187625
agm002371033,14.509556754869223,0.9214931403608538
agm002371119,14.628087015490404,-0.2918834483480829
agm002371153,15.295113432351764,1.129950745741036
agm002371187,14.967328303118009,-0.21138395856976544
agm002371193,14.344839566287247,-0.5205537261893619
agm002371271,15.117563559825541,1.4315504043870042
agm002371274,16.757774969952795,2.021830595133402
agm002371759,15.636946545431275,-2.9938941939062396
agm002372916,15.489349984393902,1.586255899077268
agm002374467,17.939877796623506,1.1438121096065703
agm002374582,16.548763534208362,0.07089746702250288
agm002375174,12.74535552344796,1.3699198671738508
agm002375313,14.889599097078214,2.0999665105659453
agm002375409,17.045539032222784,-1.6587679578406758
agm002375621,15.168988660369683,-0.52774822134688
agm002375622,14.446205725646788,-0.8074114535929846
agm002375998,12.666612376125677,1.3425569158483068
agm002377249,13.296399128265726,-4.652705233570913
agm002377306,17.79919813252196,0.12061237350590588
agm002377594,15.752794327200897,-0.4244579970095357
agm002377612,13.758650294085536,1.2433351901616292
agm002377638,15.169757576779768,-5.173140433038213
agm002377774,11.61886397559959,-0.9827750329687094
agm002378078,18.88703834806772,-1.605852458817352
agm002378201,14.69322094488395,0.936267196479438
agm002379046,15.592833212512467,0.22951620347093193
agm002379076,14.988948232200826,-2.4570493874652666
agm002379240,17.245393770114497,1.9844260804645941
agm002379297,16.53273073404097,0.013591822005642129
agm002379530,20.25802032793555,5.0861679671047435
agm002379582,18.548418734690138,2.6690821831567897
agm002379710,16.403924688045706,-0.9432529767521132
agm002379756,17.06191837308232,0.07748033592307806
agm002379758,15.8230776512066,-1.2432640236208519
agm002380223,16.683121721412416,-2.706654013232191
agm002380239,15.319927848300969,-4.600279578105633
agm002380360,15.242319784100603,-1.0200596054753348
agm002383792,10.920513148806984,-4.299425471253118
agm002383806,11.023594705841065,-4.992662894034711
agm002384376,15.581248374053727,-2.4801541456686125
agm002384571,12.366646244830038,1.085182120178215
agm002384728,13.502074984547185,-1.192183245066543
agm002384729,14.71012810799274,-1.574258494831871
agm002384824,16.648608106561237,5.038171871731675
agm002384948,19.031768714815687,3.92789872770118
agm002385293,15.072743944119663,-3.0976255505813017
agm002385411,15.351868654092724,2.0525584399336267
agm002385525,17.046069150808997,0.9323650389734617
agm002385594,17.581904471295296,2.424908051561972
agm002385637,16.159307395759445,-0.6623456309340099
agm002385776,19.119138990518525,3.117429749744127
agm002386093,14.134633437617309,-0.07791923987913012
agm002386165,12.355765671515565,-1.843387358109812
agm002386180,13.575804710888692,-1.6191391661743844
agm002386293,13.203768575208647,-2.1472139230902094
agm002386297,13.708730016926538,-0.9158007430077438
agm002386485,12.497569829076063,-3.557684150542457
agm002386666,15.521148783857308,-3.9432901950036863
agm002386921,15.098837684398271,1.664461108620906
agm002386978,13.774875468929162,-1.028997024456693
agm002387002,13.194244448834276,-0.9365554929047614
agm002387164,15.389932372415654,-0.4197712326885622
agm002387204,17.843773743228134,0.5316691710624873
agm002387255,9.303684741061028,-2.6030454044425753
agm002387836,20.5461758813089,2.94770887392448
agm002387973,11.576279740185997,-3.6511898277558625
agm002387986,13.785772060562849,-2.9547759751313545
agm002433306,11.789748913152236,-5.029144549867607
agm002437434,21.37185790294837,6.0011819513868385
agm002441043,22.885545596076287,3.0296559394168483
agm002444968,17.957541921512266,3.0510633884549385
agm002445134,15.14761539511197,1.2470987359539136
agm002449630,20.715114558756166,4.106693903793281
agm002479708,17.13006739041197,1.635803559370776
agm002486826,9.762970255956066,-2.9105412028058977
agm002487107,11.795504409045309,-1.131017376690656
agm002489068,7.62545405494672,-1.275262652162875
agm002489958,8.102256221916253,-3.3525168733193977
agm002490355,13.653371122228467,-1.3798543662371607
agm002491523,11.184759364715571,-1.7597674653722244
agm002493090,11.511259726326296,-2.3547504789818037
agm002496001,9.44633601684858,-3.782016186560168
agm002496497,10.370926232042407,-1.5574536128680427
agm002500500,20.219446844740357,7.893806958120149
agm002503810,24.25365454122784,7.383320865081944
agm002533104,13.437592724711015,-2.2491168784621687
agm002533211,11.439804293440051,-3.638900704329869
agm002538568,14.87609941632373,0.9484957866640578
agm002538862,11.074124359853121,-0.5160739490348689
agm002541635,18.632536443622083,2.5885770452269945
agm002541671,11.883028883265691,-4.058144969957517
agm002557126,14.978136661497782,1.8887562360273507
agm002560965,17.427303132081263,4.018311349442927
agm002563541,17.607476348214078,0.922360986675755
agm002564031,14.599530414784667,0.6251721446830281
agm002565430,16.45558785469371,3.220762972253356
agm002565833,11.49960068136451,-4.539526828658598
agm002565837,11.209684649550637,-3.2870368083317176
agm002580039,19.87902582765134,3.0148720836797707
agm002580145,22.098481527219043,2.1069997088226273
agm002588347,21.999582613417783,6.874779302665308
agm002634309,13.243767113061324,-0.5845576016782861
agm002635431,14.524497492239348,0.018807907919955902
agm002643054,19.94714747804184,5.369492041540832
agm002643914,8.43294890299454,-2.2876561817863688
agm002646767,11.07334778735689,-2.2155097758815905
agm002655487,15.750050331711448,2.504500723285841
agm002656185,16.479275392205707,3.4011582773123434
agm002656429,19.04068808635567,5.579217188304484
agm002664428,13.943694844231656,-4.043262803129665
agm002685804,14.870009302554136,-6.055092791909509
agm002690338,10.39241457526213,0.5398276375316557
agm002691451,12.719377692031406,-3.7676401679045983
agm002691681,11.564201405298638,-3.634064175354648
agm002693125,11.698331367895001,1.4941392128584368
agm002693309,13.74589255525864,2.3825918329391795
agm002693681,12.357105581044182,0.9295219319544104
agm002694384,13.954032757858496,2.4378484138408396
agm002694433,12.862463915269059,-1.769729385605479
agm002695685,13.158701356710298,-2.4389539245290983
agm002696841,13.36929848010509,0.27264777591338873
agm002698393,13.08349763581663,-2.657416179146014
agm002699666,13.704910810055138,2.711601933709435
agm002709872,15.366577890336215,4.7428730402983685
agm002710296,17.103091483121865,6.973370358024497
agm002711444,15.754631242993728,3.8520330278030794
agm002711640,16.845825398753234,2.266978857242006
agm002713600,14.37305091074379,-6.977512432144988
agm002715581,12.495229521420264,-2.1616827450043328
agm002724743,15.07996504118702,0.5794719236736308
agm002726005,19.34927029450384,5.169289466139878
agm002734762,13.643009159593872,-5.20969216065465
agm002735022,13.58046503581757,-5.691056044569876
agm002735310,17.14634197766379,2.327114453242295
agm002740723,9.703316078665578,-4.379805542999381
agm002741707,19.84046295330348,4.91841349052807
agm002746612,13.699286284388343,-3.795992213706663
agm002748502,12.165265941461193,-4.830527518489012
agm002751012,12.728716790453875,2.0683262554341035
agm002751663,12.905563787501059,-0.0547995383454154
agm002751911,18.453861212273544,3.5319699803987517
agm002758040,10.862538462150148,-3.0706892330385522
agm002762023,14.777741690231123,0.04832825075154101
agm002766205,16.278590183855037,4.161832452791781
agm002767482,16.56344777872854,4.149797753041801
agm002780850,16.513876842015335,0.29403089662922266
agm002783879,16.25505139922753,1.0204916388954874
agm002784712,16.887414078586048,1.0793687219034087
agm002908082,14.636283074045432,1.76687589371002
agm002908120,16.113411171209016,1.1084020846284866
agm002911883,11.334432143928378,0.33440152858624544
agm002915699,15.176129554029751,4.018781309320451
agm002915804,21.43788243010683,5.67751168348267
agm002919601,13.210305150354348,2.177849586927666
agm002921459,15.95168377566429,2.521568095123482
agm002921730,16.796690998262456,3.398912796821456
agm002921778,15.614773385924135,-0.12369063227886982
agm002921877,18.902831806008546,4.1781069009068545
agm002921897,18.06550794716698,3.5526703720650517
agm002923650,8.324397529646237,-4.711206778596804
agm002924171,8.563704256790773,-4.378927671454692
agm002924355,10.4084120781642,0.9256452513251439
agm002925122,7.499422010693829,-2.785186658660078
agm002925285,8.602833360996495,-0.7387745438740587
agm002925483,9.02487068839068,-5.055747167100444
agm002925861,8.880261290599034,-5.06872899410382
agm002925962,12.278944481165892,-0.5498341037714525
agm002926182,19.143479193373228,2.282111768245778
agm002926251,20.61573840109531,5.47154619831287
agm002927674,20.981444863160043,5.716290397380763
agm002927676,20.12603888438479,5.530493055866623
agm002927949,16.698732831634306,-0.4365022082541067
agm002929161,12.708745224651732,-0.7085875228835157
agm002929193,14.428536285309573,3.032494231479344
agm002929602,12.972182085597797,1.5343615026247555
agm002929617,15.963520834444688,2.268289646981445
agm002931017,13.438245115917322,2.2331854869628196
agm002931035,14.142912463581514,2.5988468241457214
agm002931091,17.931279727139845,2.865427340322058
agm002931248,15.383362753696835,2.6484775083767937
agm002931293,17.326270470775107,4.18915933173829
agm002931525,15.60758891788269,1.6264934190398024
agm002931756,16.534084999874448,2.323518709792583
agm002934406,13.97588148680671,0.32676320416889626
agm002939014,11.082872473779721,-2.4245686240936144
agm002945981,11.934406799601003,-2.51152722941631
agm002946123,12.897682796747123,1.27898071725987
agm002950236,16.180842784081545,-3.6669881850117614
agm002950623,17.581028165079793,4.403895785480482
agm002951443,15.038100949017467,1.6125595689779366
agm003031822,18.22442278275436,3.5014624193648194
agm003031856,17.328013153264084,3.1830118514867265
agm003036207,18.48823320371228,3.5261754198718918
agm003043138,9.31595101086233,-4.20679758763383
agm003054418,16.39361426434684,1.967816324423269
agm003054621,18.22117993277451,4.37647910217363
agm003054641,22.967304467791106,6.009776932826725
agm003057420,19.318236007559047,3.9611594643792905
agm003057422,18.753097306745403,3.7691057628942217
agm003058487,15.683292730349095,2.9695240858487026
agm003061489,15.349839004373116,1.8918663787429757
agm003062288,15.169116560519678,-0.8998775471649688
agm003062395,14.35852499369232,-0.3662361737241267
agm003062628,13.110717333282901,0.7794786507686737
agm003063415,12.420826946201915,1.1522117992867968
agm003065468,16.359933520895922,3.9471981122186457
agm003066009,17.1633227821631,3.9618823455099013
agm003066332,16.736514268809092,3.47693964270309
agm003070364,7.85862825797471,-3.3518229381684095
agm003082154,23.298906671606147,6.31490349685871
agm003082642,19.447810679987196,3.8431902817720753
agm003082742,18.56474836444259,3.6492894582381954
agm003084782,16.13015512028505,3.371295891776487
agm003087673,20.01627137559941,5.2357597199152375
agm003092240,15.533315714715142,2.6951266772707836
agm003093874,9.727853495915182,-1.2007140916862693
agm003095455,14.667047195365138,3.061853646512605
agm003096016,10.798644770768467,0.38667366533872344
agm003096021,11.660237202069737,0.6348000665458375
agm003101411,16.66996556079302,3.4816366742984455
agm003101955,17.402474733765594,4.360307621727578
agm003112455,14.703506744512119,2.5710089210631017
agm003114970,14.641767585614206,1.4197076610124473
agm003115753,16.098310898361387,2.364945019739051
agm003116304,16.762492378144728,3.668063867957678
agm003116314,16.844514010751915,3.614144713443364
agm003117072,17.56992528839649,4.024558619643579
agm003117075,17.468797717875244,3.979766320006224
agm003122048,9.747297847357844,-0.4268103697720269
agm003124886,9.671710177096397,-1.7231803216922343
agm003124887,10.55157482344596,-2.8368560484009064
agm003135176,20.305492554937704,5.143198628662074
agm003135202,19.769403920593867,5.186496197537029
agm003142277,15.695828779603326,0.4792579840043425
agm003142944,14.311044003420959,1.3340099054472934
agm003143786,16.07827750082044,2.1834463725146884
agm003143830,16.853294197820965,1.6197532877273106
agm003146934,16.328286426548132,3.319330303888082
agm003147126,17.571039445279343,3.0590564442573664
agm003147397,19.411845212114745,3.805391730311129
agm003147491,19.801739622268666,3.71131353834857
agm003147912,18.650000815052433,4.453899143018006
agm003147923,18.659265813205014,4.447505707345225
agm003153740,18.282481680786642,4.190693554898494
agm003154711,18.962945636087728,4.572706852828863
agm003154712,19.04602339510881,4.794268335564214
agm003154955,12.340720769573203,-3.816333413189454
agm003155230,18.897952548688203,2.07365197382072
agm003156881,18.81529681549106,3.456091903366051
agm003156985,18.87290573556705,-0.4729879674508008
agm003157199,18.305243698978483,1.5536674279448173
agm003157286,14.155500101495159,4.731222184728868
agm003157405,19.00412643404751,2.376135494692038
agm003157441,16.28885885881578,2.1594402972805717
agm003157478,17.695961270658444,-0.2971735545712164
agm003157490,22.369596627854502,2.57134984163028
agm003157501,17.75315590850599,0.20053388657013915
agm003157507,18.785402320719616,0.5541505848313397
agm003157524,14.6635082812595,-6.660517985079852
agm003157546,20.685145812181776,-2.4502513417590155
agm003157581,8.261855828052882,-6.255457861320098
agm003157639,17.105875108848295,1.6770622213720792
agm003157649,19.78875397453888,2.155768981150863
agm003157659,17.728486544212753,2.712089391062924
agm003157668,21.706648335475247,-1.8884883333625782
agm003157722,10.78570450271154,-1.8959214984501793
agm003157789,21.135429824390737,5.26816676893068
agm003157799,20.007135508898855,4.331494722604512
agm003157852,12.396838338191621,-3.509810131552706
agm003158066,11.819078605502776,-4.348326789720257
agm003158086,11.608314213089434,-4.352776746193902
agm003158186,17.346065875846584,3.1750011267877483
agm003158455,12.612111717917648,1.5773411878931085
agm003158787,13.278866610846954,-3.0306036886386987
agm003159070,13.922052721568782,-1.3638910231247945
agm003159274,14.006055615026256,1.924055365947087
agm003159573,14.778394348836953,3.077888727019974
agm003159581,11.761521685396438,2.896521656321235
agm003159725,13.034290185761655,-3.7655056818622636
agm003159792,13.55147667961751,0.5103561564349365
agm003160066,19.904278896840847,5.721248684481509
agm003160263,15.653453567901606,3.603464149935583
agm003160348,10.708082233293448,-2.8506010293135646
agm003160463,18.084506195105536,3.9793523564934454
agm003160479,13.49471107065902,-8.003834216609164
agm003160499,14.77190852430226,0.8690602259104528
agm003160506,9.352001620450578,-3.932956033088823
agm003160522,11.217503682680695,1.943553878471804
agm003160523,12.290484381978345,0.4448880631064244
agm003160538,11.789563427478733,-2.691118405242435
agm003160560,12.924774034339235,-3.8136988183257823
agm003160619,11.383115439318564,-1.6105878633106527
agm003160624,16.156394910047272,2.065734101219349
agm003160626,14.24222516656254,-1.0316020488907605
agm003160627,14.104308791933185,-1.0710819803190674
agm003160644,19.282565449884533,2.3346247013541834
agm003160659,9.635141494170218,-0.9720507391674396
agm003160666,19.249964093311302,0.8539754212874028
agm003160712,18.407993358753064,0.24573578333809346
agm003160723,14.54037625568134,-0.0444091745674798
agm003160725,13.650891124892581,-0.948327617753837
agm003160766,13.896803197763516,1.9773005639522918
agm003160824,15.577155891553026,-2.4159456726191686
agm003160842,14.632732918699029,1.8214565175011632
agm003160863,17.388799599146626,3.9122725591897756
agm003160930,13.005986563847978,-2.547062063414204
agm003160938,13.22898057588248,-3.1566855828967344
agm003160949,14.454474459974605,0.09283086033466563
agm003160967,11.71150398712534,0.25863176262373305
agm003160975,14.155669156249617,2.190911014886264
agm003161021,13.021180911486558,0.19788548432870812
agm003161036,12.225293435762119,-3.7474906947910913
agm003161120,15.454092304122375,-0.5643526797371022
agm003161156,10.592344221930404,-2.619580587205812
agm003161183,15.299531532660671,1.4005247651600765
agm003161203,16.962044637310353,4.214850764664287
agm003161205,14.435758314714626,-0.49364823895257953
agm003161246,17.317543198056118,2.3193855614347236
agm003161260,12.61302236592803,-3.690473929227444
agm003161316,14.298200303045848,2.7554990747373753
agm003161325,11.798410393915637,1.2873729350041145
agm003161354,15.936187104109278,5.0511536943184145
agm003161368,12.530901058279676,-1.3350127632730249
agm003161370,10.043065248818586,0.22205491332186256
agm003161405,19.659613419923335,3.6656618060471082
agm003161469,12.352545951480169,1.6878061164529516
agm003161501,12.412010700737087,2.383941100785672
agm003161505,13.9696952282529,0.4835636402312347
agm003161513,11.163193104611905,-4.995132155076172
agm003161521,16.710243382087803,2.172596340377217
agm003161528,18.20255214076654,3.2774029941129506
agm003161558,9.608125609555472,-5.025724996930408
agm003161630,16.888611614578213,3.6428254563933558
agm003161729,15.29654042156323,2.224590168390338
agm003161736,14.676773444656646,-2.014476283250204
agm003161741,12.505782244049492,-0.41310971030372157
agm003161755,17.93696996134999,1.9637311760433054
agm003161773,13.235519372071035,1.641978721725053
agm003161826,13.496490774124782,1.8120161661647902
agm003161856,16.324882414042193,-0.38585836290016573
agm003161862,16.610446453971058,-0.0003116775810783068
agm003161891,17.003130000587213,2.5230113672507732
agm003161894,18.562765709801063,2.64885573320365
agm003161912,16.01368974522216,0.8022719383681638
agm003161943,9.943382919122016,-4.150032276584903
agm003161951,15.891936705220315,2.9976010458506046
agm003161967,14.33605881911863,1.1220954160704393
agm003161972,16.275199306248965,1.9033290269367358
agm003161976,14.160124474922466,1.032097794669645
agm003162039,18.89326214883134,5.945429530430554
agm003162040,18.188784961550216,5.863093560437368
agm003162064,16.95362553253431,3.2026744661881175
agm003162076,17.661625115174257,0.88091989203794
agm003162086,19.215276871336695,3.7674447829299664
agm003162103,12.965837308083657,-2.5688999988920074
agm003162107,11.39046412627119,0.11505878797568458
agm003162112,13.19583708235989,-1.3950180505383214
agm003162235,19.149603264316763,2.7102715862623317
agm003162273,12.06093665575082,1.33695254356161
agm003162303,19.531129133085592,2.8515079431913612
agm003162305,18.840668218718267,2.6481870942866523
agm003162324,19.564053851824937,3.0780600623128525
agm003162372,17.352519052125714,2.405947385395873
agm003162404,17.277953589132483,3.347508686742362
agm003162431,15.959926047319769,0.5511815503180992
agm003162450,15.436661013688926,0.5024086943307253
agm003162457,14.953770459079742,-1.7278331863847294
agm003162494,14.68586014890406,4.12067371889834
agm003162500,18.103744704838828,3.7133953686665473
agm003162501,19.77071699201918,2.908849035458278
agm003162508,19.10666179590858,1.401696009221058
agm003162519,10.963137146748116,0.32692657527743263
agm003162561,15.677600628046783,0.6404409729889089
agm003162567,19.35056891623756,3.2394868855610897
agm003162588,19.097674203992305,2.7156259931748012
agm003162604,18.135507643281656,2.0616453428008636
agm003162628,16.346743569484012,2.7013978126794793
agm003162638,17.537655523106086,3.3612492445701196
agm003162642,17.603108382130475,1.0124285157296367
agm003162650,17.492331354443255,3.39332021816372
agm003162667,16.90504754993962,2.8809165220296933
agm003162680,15.90725449406263,-1.1953608719466313
agm003162695,17.81810174981983,-0.3378238084570384
agm003162700,18.42058194616164,0.854562825256517
agm003162720,15.964406098039213,-2.0612952480713744
agm003162721,14.705675415566517,-1.5138895526335308
agm003162867,18.8959259634793,2.8435322661342353
agm003162897,18.337176676506825,3.7383784861701876
agm003162968,17.11212578887294,7.348253379893846
agm003163181,18.62793751763616,3.4295535421332657
agm003163190,18.660761714036077,3.440124040074207
agm003163314,16.15701931455675,5.261489656282403
agm003163335,17.143493675106118,4.012798954114269
agm003163438,13.985286456898898,1.7723382829649816
agm003163468,12.56047057442683,2.1904146662737727
agm003163503,18.486035040064465,4.833813942768037
agm003163617,9.212429532480828,-4.64021506723631
agm003163665,12.18399994686881,-4.364317707141689
agm003163695,12.499130463975286,-1.0801945893645812
agm003163961,12.427525716590807,-3.5033456700679015
agm003164031,12.594864691813983,1.231595470795368
agm003164167,15.423124996499187,-0.9835021565122197
agm003164216,12.057576875024036,-6.516288601846314
agm003164376,19.17870967544366,3.3224734024430607
agm003164682,12.264356733344714,-4.023427261760692
agm003164738,13.00856110850451,-5.071753186716254
agm003165086,18.92496916215217,3.8023544652753998
agm003165096,16.912629486992206,3.6016745537891577
agm003165151,17.78126520746726,4.414276230253257
agm003165302,12.076704863279067,-4.488749974169476
agm003165333,16.570233319924554,3.006229442728161
agm003165381,10.186743220073225,-2.727763916827478
agm003165411,10.159435821609897,-3.5148651207400317
agm003165428,10.313406843583909,1.0034801701725846
agm003165761,14.232932370739334,-1.9033706123159195
agm003165763,19.140267393691673,3.917304960980938
agm003166109,12.546619003495554,1.6642647100382564
agm003166184,13.556187601183197,-1.629485326075697
agm003166254,13.424014541856998,1.2132231384678116
agm003166341,13.65582500111449,1.8492754676032925
agm003166509,17.422845745590205,4.191449074198255
agm003166610,15.606868993766941,3.939334801783388
agm003166646,20.04570612145372,2.977297838433528
agm003166853,15.270469549226986,4.17607480319764
agm003167042,13.525655516945703,2.7353347618275867
agm003167300,16.604287175807134,5.062334816578206
agm003167507,14.128770341313142,2.4039986729119747
agm003167697,17.662714425478757,1.489180962552898
agm003167718,10.816057656572221,1.8777552395779935
agm003167733,15.632250811112169,2.5947010458867537
agm003167832,15.024948243317182,1.1664223090540018
agm003167913,12.059806010258992,2.468785871246541
agm003168156,18.084256974091126,4.68334812904861
agm003168385,18.35624044297644,4.764907038654315
agm003168736,10.289935866777318,0.12160868809487058
agm003168816,17.874783076200746,2.7310501734096437
agm003169087,11.058964403817305,-1.3984404782055342
agm003169394,16.909849822464498,0.45635165582148396
agm003169448,15.332716384348306,-1.5462189716582309
agm003169458,12.553136649589185,-4.724234024593001
agm003169517,10.41756164142446,-1.9778289309835078
agm003169586,19.37327602790905,3.9841744980094935
agm003169700,16.860901670902564,4.010432222957974
agm003170000,18.73990124745629,3.67897269010494
agm003170098,18.636208549090117,2.1554132505397385
agm003170471,12.283838359827511,1.3676193259940397
agm003170474,12.348227072388289,1.3840885467699806
agm003170659,14.25687281736036,3.3450686024551164
agm003170745,16.67726254299966,4.544250353954093
agm003170781,16.10684836179557,0.1085995144316243
agm003170859,16.622921488715644,2.5043053133852773
agm003171302,17.25241370316367,1.7570457252243816
agm003171558,16.530851159830537,-0.1692272858327657
agm003171776,18.759841866473987,6.4769788814990905
agm003172045,19.074338845439172,4.482850884670978
agm003172286,19.06398167360023,6.370877620545252
agm003172324,14.968883109053047,2.836190675977334
agm003172481,13.009675101156134,1.087289683996076
agm003172523,8.266238643849473,-3.121783993142534
agm003172718,10.285934370507487,-4.30222509120796
agm003173124,14.35463047267634,3.652330150570114
agm003173153,17.03793698105345,4.1091559876340815
agm003173276,14.338506122722434,1.0946337375537674
agm003173278,12.257118728114518,2.231574733862393
agm003173380,17.611863037205215,5.274982207567067
agm003173591,21.107763849368766,3.0359147473944885
agm003173654,19.137140912729944,4.622866271293731
agm003173687,13.815093938550827,4.310510693279871
agm003173840,19.291470020317398,4.031990988863215
agm003173846,18.639164081113012,4.027224428775634
agm003173860,19.200209510789595,3.920660367472899
agm003173877,16.175222163383832,3.64185942080882
agm003173922,15.772986278884826,2.9943617975981445
agm003173941,18.497637880569282,2.5055393742890457
agm003173960,14.909251888879837,4.289007573689783
agm003173994,12.475579807123042,-2.1874763651038776
agm003174151,16.892468900741285,4.500618935418824
agm003174154,16.893274435200876,4.5079847333532514
agm003174178,16.506524284475102,4.855410763998258
agm003174256,18.653497057724408,4.668350583882439
agm003174346,17.83563979589671,5.0582495897426885
agm003174434,16.27825909348758,1.0650543276951536
agm003174519,14.811183566826369,3.696715775284714
agm003174535,18.816119726516522,4.159589942757133
agm003174565,17.495774999479924,4.372379800502771
agm003174567,18.014312379705686,4.103606357628063
agm003174702,11.548192656733773,1.762226250733959
agm003174776,16.228742178727465,0.49941897139781766
agm003174823,14.749303603002362,2.740437899700318
agm003175108,10.967608019308587,1.9529707535140473
agm003175153,10.839525523750305,1.9054662768441095
agm003175159,15.376551302364089,4.009776194267136
agm003175299,18.876414692667083,4.636083170924433
agm003175340,12.468649567805402,3.076141326212417
agm003175396,13.850550551285307,0.8486019189232987
agm003175744,13.587796087103682,2.754578893048529
agm003175983,9.487338121913606,-3.6491017225340707
agm003176023,14.461563193908086,-1.9557898271472967
agm003176050,12.918656755744701,-3.929262643275041
agm003176375,17.954854361102537,2.514586954335119
agm003176429,10.522050225110872,-2.701903958161414
agm003177015,13.10277638215942,-5.66290011416585
agm003177108,13.117546544796168,-7.630248869321839
agm003177125,13.759321613083989,0.9989264672467346
agm003177512,14.19085930900902,0.10021065279328756
agm003177613,8.57903181610777,-0.3502664095876482
agm003177735,18.144019117773354,3.3184023646471434
agm003178092,10.677333509478512,-0.7256083918599883
agm003178223,10.31602872848741,-4.45090060711941
agm003178231,10.402466307176901,-3.765197437597742
agm003178277,12.05766824016034,-4.863322199930592
agm003178356,10.548636126763745,-4.383613883712776
agm003178363,9.540040928249196,-4.990729135268488
agm003178388,10.025945783936333,-1.6047003737624723
agm003178418,12.015610534401228,-4.624372182333552
agm003178452,9.350757857237545,-4.1549609260561695
agm003178453,14.174611225013274,-1.2423309837343712
agm003178543,12.081635801964438,-4.954285543455354
agm003178740,15.254471116450702,3.9168625529760526
agm003178742,19.103672449861897,4.405717564972536
agm003178759,18.195177202354163,4.88852879782711
agm003178769,18.182056053258055,4.8616836911854575
agm003178777,18.297558597721586,4.321523231595237
agm003178799,16.32717949611398,3.147316090138683
agm003178865,17.8956922262907,4.533470267186002
agm003178873,17.790366057817543,2.0399775292058635
agm003178994,18.32790351728663,3.6502298915858002
agm003179404,11.749426072479062,2.4345478882004503
agm003179411,17.26347131778373,2.373484292081584
agm003179507,19.167249678007035,4.845633635602213
agm003179533,19.458752710837764,4.631684023422921
agm003179686,17.191713647410527,1.347431712842372
agm003179733,15.387654192671379,0.9293539143969491
agm003179877,15.63819364987168,2.343307922119787
agm003179954,19.01389586329662,2.250858831441376
agm003179975,13.951177112130493,2.838919397961405
agm003180014,15.910157981121554,2.9953595642494593
agm003180047,15.300204851422016,3.240043987756124
agm003180051,13.653763981399218,3.0462912895907337
agm003180124,18.078434064779735,3.734235633855203
agm003180126,18.01529617471716,3.702964613011491
agm003180140,18.146826048596218,3.74921391339603
agm003180241,16.873245438577108,3.831872143156134
agm003180245,16.838914597367904,3.8133954212852625
agm003180248,11.488453531620817,-5.190149135188741
agm003180281,13.25569526264074,-4.61666180199998
agm003180309,16.361478849084783,-1.4008466629054315
agm003180359,19.2207539198617,4.312987529533951
agm003180380,11.218775407169918,1.5045317213288714
agm003180557,16.199569346741487,0.3324054532338483
agm003180692,16.491801751631304,0.704970362600382
agm003181059,10.55206967730036,-1.9725024551289527
agm003181167,15.177654874582602,-4.800829536228761
agm003181296,12.73033931233175,-4.388900311188807
agm003181599,18.519086391122993,4.892815618245869
agm003181613,17.934306706879525,3.9258612365886227
agm003181636,18.33673822120193,3.793193680444359
agm003181930,15.05581783438511,-1.4673008493072066
agm003182104,17.177950959308905,2.1814135787713678
agm003182107,17.701714279350497,2.4411447312205485
agm003182213,10.721959112955881,2.3142530983237046
agm003182222,9.84940797998642,2.0421959228244284
agm003182302,9.123894816071637,-0.6187470412631972
agm003182306,9.010210160187578,-0.6536601800893895
agm003182397,13.577767084847473,2.439539054367235
agm003182529,16.575057477817126,0.9337350622593332
agm003182615,15.66550391091816,1.6614237465623969
agm003182756,18.53627104216498,3.9959541045598996
agm003182983,14.446979477497505,2.3878027688936667
agm003182998,14.587125056464162,0.1418613828817925
agm003183030,10.55681450324594,-4.05251938062692
agm003183150,13.6044303942081,-7.048351748394393
agm003183192,12.24329576707567,-4.700530191632968
agm003183228,13.188699425884716,-5.751072060766831
agm003183279,13.42970826369391,-5.225885057678005
agm003183311,14.115645356897172,-6.967941417355341
agm003183358,12.168164762309932,-4.928478839939966
agm003183390,13.838432376991204,-7.155531771671742
agm003183866,11.91428957819503,-2.0302771870736156
agm003183914,16.627420638254307,-1.1812741978271761
agm003184171,16.123350840243564,-1.978723497167068
agm003184408,13.5714103984138,-1.5469072110706037
agm003184546,16.712033558851697,0.5935998170244892
agm003184600,17.304347964853484,-1.1060744019907416
agm003184947,11.039705127406023,-4.746679238307654
agm003184991,16.662635022236536,1.5808440206756638
agm003185010,13.07165224221066,-2.3876696137146833
agm003185204,18.43711830644432,2.4660707399011628
agm003185206,17.685117814882073,2.111060463328041
agm003185317,18.49902607014394,3.8548822106543144
agm003185648,15.611882156051951,-0.22804244953035546
agm003185701,10.00529234055629,-4.474089455821337
agm003185790,18.593649943797047,-1.5303297553309294
agm003185999,14.582062196716645,1.7741450761311919
agm003186043,15.813536551908339,-0.3878602951755985
agm003186082,12.613834209407118,-1.259839115792364
agm003186083,12.670623137426482,-4.946079964892386
agm003186089,12.899842105105819,-4.746191324717462
agm003186093,17.082880463410188,0.863659903395142
agm003186129,13.580496086738675,-3.2992449970702173
agm003186144,14.46154773008391,2.427866617114315
agm003186193,12.019602722948658,-1.6699436209748577
agm003186221,13.984389112525685,-2.5493347691902306
agm003186236,17.025275943930332,3.155827371132336
agm003186250,19.031452023976122,0.1763081906863473
agm003186288,17.10478211757655,0.5655961332516188
agm003186299,11.782278911529161,1.5347657964129082
agm003186361,17.509119076928595,4.396925848633045
agm003186370,14.84420861624909,-0.9895528437238976
agm003186381,16.036966539862515,2.925178840702623
agm003186403,12.943080107668749,1.3818997536368327
agm003186415,16.586672325834765,0.6502136797930449
agm003186426,16.490913701047585,0.21868791756536154
agm003186451,11.554191821270258,0.06722501630668765
agm003186487,12.603459995979039,2.2053538659223806
agm003186529,12.890861767948197,-3.540625089304842
agm003186542,14.140945540849751,-5.5830831891608454
agm003186577,8.895166326766022,0.3689339383214745
agm003186610,14.089114060241076,-1.2105575600555536
agm003186622,13.315434897449858,-5.001736522898017
agm003186625,12.272138217716936,-2.9076870838964606
agm003186633,12.19691272257884,-4.550172132560972
agm003186655,18.471805459003548,-0.3024304516215963
agm003186661,12.968560857335941,-4.15392412667432
agm003186667,12.719527063141417,-3.2900797627166707
agm003186690,16.261503038826355,3.2523964566778387
agm003186750,16.127246643300985,1.600739357662209
agm003186761,11.33985462930016,0.3374700005888993
agm003186868,10.876394491428693,1.868247763837346
agm003186925,11.019836435866793,2.45317664674897
agm003186937,15.746934006213076,-0.2929636667594071
agm003186960,14.960002822348928,0.49963382254709465
agm003186971,18.878619875434552,4.444930586482392
agm003187044,15.493654124557121,-1.094458265093607
agm003187063,14.857256042219438,-2.9035132316527736
agm003187134,17.91000785823922,0.40931267006323857
agm003187146,13.201848497032982,-5.377116492348351
agm003187151,13.279641281870303,-4.647478860926193
agm003187167,10.817690193735462,0.9984872828700913
agm003187249,15.506009715845812,-1.155540933531456
agm003187285,15.290994675496687,1.2440470210251515
agm003187329,17.615979100162797,1.2983741670456892
agm003187349,17.502147584089045,1.128418305737056
agm003187409,8.757586212120728,-3.9806001020635353
agm003187415,17.161658737378307,1.8279948637393657
agm003187508,6.946147265056593,-5.636135726115739
agm003187607,12.660696632764129,1.740551430350303
agm003187685,19.504550191100748,3.4033348439985076
agm003187703,16.548572612398605,3.50042691813844
agm003187707,17.262229118877766,0.8595391982091716
agm003187719,17.535491222572066,2.274977496480102
agm003187763,6.502603254455051,-6.437871652295328
agm003187937,14.17119625140976,-0.7923264044946183
agm003187961,19.791184943290066,3.5309363487569545
agm003187982,7.824105694849122,-1.7042160743854198
agm003187998,19.31046398557539,3.9729184820174783
agm003188094,18.0222424246338,4.341904403676187
agm003188136,12.310658981005492,-1.920574241749443
agm003188364,15.019503426188384,0.538925843535579
agm003188532,12.177469854853632,-4.713068654688042
agm003188638,18.034779656793628,1.9520739279456416
agm003188655,18.297706170582806,3.1861642218340878
agm003188656,16.55723003586235,4.05239907898045
agm003188679,16.62535462732305,3.6539701518971803
agm003188762,18.36937590201529,4.1292049100090065
agm003188770,10.001257380986678,-6.763013081122299
agm003188791,16.394726110332858,-0.27869990196093575
agm003188803,16.547248915469027,0.10173821103035419
agm003188821,9.624547750265844,-4.256909578225719
agm003188879,14.451327580360587,2.6526522893071904
agm003188976,19.63951922146122,2.795824342326851
agm003188992,19.199223922646837,2.6437595812905386
agm003189015,14.5928048061366,-0.9240188089790884
agm003189019,18.89002743318583,4.676582798876337
agm003189069,12.540704425954493,-2.930758164601079
agm003189146,17.0925364898323,3.2423027372956366
agm003189291,13.70758735920585,1.9645662969183162
agm003189302,18.075302323053947,-1.605340910889959
agm003189312,16.326901792191663,-5.670813567985123
agm003189319,16.07689390239341,-6.26945714768902
agm003189449,15.438733782647889,2.408969861290009
agm003189489,15.951156810737139,2.037317414886397
agm003189501,16.173371633262132,2.070620609395478
agm003189576,19.202788798458414,5.093166373495603
agm003189628,15.200635068538118,2.3339212304743553
agm003189697,13.404721460484243,3.5192466233904263
agm003189708,12.931502864072987,-1.610968409836575
agm003189742,11.871807526226634,-2.093938864633826
agm003189747,17.812278710452038,2.977638302711912
agm003189762,12.356150276657385,-1.931760997344091
agm003189921,14.986644565528074,3.8979339757049143
agm003189933,9.93990795124308,-0.036566138256192815
agm003190060,16.590223463644115,2.2138304858141087
agm003190061,9.593005099317612,-1.420832225831819
agm003190064,9.599275684875892,-1.4121586017720373
agm003190091,13.065155934628162,-6.709777709008831
agm003190095,17.29938432507192,-0.40453419492732223
agm003190251,13.049103891569045,-3.340992602006895
agm003190252,13.038542199828699,-3.338632881242556
agm003190277,15.614285127529996,1.8711752857333819
agm003190281,13.205414044732926,-0.7865701023790068
agm003190294,17.308506700765946,3.6712483750464457
agm003190330,12.551862757097085,2.2837012733751494
agm003190355,12.935511823866625,-4.071412982961253
agm003190401,20.106398842910696,7.026269095748486
agm003190466,10.951945780534192,-6.473841518653224
agm003190541,15.396045708148039,0.5555672228945241
agm003190600,11.833529359249368,-5.4352722058542815
agm003190656,17.23626475471931,4.773912351050303
agm003190732,13.07213281311365,-5.152295869189251
agm003190794,14.169127410622414,-7.73160738820101
agm003190817,13.361687197325214,-4.214235794618844
agm003190867,14.479913130559979,-2.1860294678906147
agm003190888,14.676257479933467,-6.821531605544788
agm003190901,13.678008891497887,2.1558057922335747
agm003190935,12.80571997233084,1.5125068617160822
agm003190944,13.712503942771017,1.859981962931192
agm003191014,15.22664414404544,1.064744819319861
agm003191027,16.177721786777667,3.795184347991488
agm003191060,18.246741738135167,2.5914754843705827
agm003191063,14.240652001238818,0.09477175600302523
agm003191082,17.344899465015146,3.3364131844217146
agm003191115,12.551338020084378,2.552169689370682
agm003191117,13.428105113110668,-0.959733254389012
agm003191142,17.107994222195288,2.9101621089373166
agm003191178,15.413735186758887,0.12269408216913824
agm003191196,15.52366026784199,-0.7808719773027617
agm003191247,16.31325977059452,3.191079947918242
agm003191253,17.53886652313246,0.18507487227110797
agm003191273,14.443215191541514,-1.3479355614597397
agm003191304,17.82111040921296,2.2568291190904626
agm003191305,14.883056799678842,3.2279937183208105
agm003191320,13.76166787091436,2.728572699175408
agm003191373,16.9143754183555,2.607376886819141
agm003191397,18.86234814525136,2.5341809823336794
agm003191408,13.78428450248256,2.8038535559460653
agm003191429,12.614835564144535,0.945978515119398
agm003191463,19.1738532275228,6.919535979282934
agm003191487,20.05731261531791,5.667938036749163
agm003191492,18.05223504022204,5.503598665535146
agm003191506,13.680641339992908,0.6654433185982676
agm003191524,19.53909528802253,6.603141578603287
agm003191584,18.182880962156112,5.593542497367404
agm003191590,18.12398931349823,3.807576659433412
agm003191626,8.43418865001606,-2.2315918732285094
agm003191702,17.64890277212533,5.5735806647798585
agm003191726,16.31485081371556,2.629548303794266
agm003191737,18.498739917514406,3.5100031660184223
agm003191827,14.86348562223107,3.9711735202649407
agm003191873,14.439187593507315,3.983198309263253
agm003191913,16.99364719165793,-0.22800701902031761
agm003191983,17.02640075362634,1.28262369005797
agm003192021,16.052095547211046,2.1951659357754867
agm003192082,9.32191582337561,-4.884771276620363
agm003192087,12.249376207061422,-5.638146795706192
agm003192128,9.509071199042014,-0.5349752120293338
agm003192150,10.65505934163596,-1.509608677589255
agm003192155,12.75137259665734,0.34888009127853037
agm003192156,14.66533102225363,-0.7209375785609033
agm003192169,11.94242566950498,-1.6358335710079905
agm003192251,18.374097774582676,4.815945819761035
agm003192263,19.814128924751596,3.5828596904670853
agm003192264,19.67376418050156,3.306456040434788
agm003192293,14.185491051991775,2.027008824130342
agm003192310,19.487410501013436,4.636528762575042
agm003192324,18.699902621972612,4.629808925574045
agm003192330,17.446887039898698,4.814330867166995
agm003192338,17.201961204775152,5.257871187644031
agm003192359,19.028005104956414,3.2749350885248862
agm003192510,12.016715214039106,-4.247538753323591
agm003192524,13.222253607214906,-4.4141369249768125
agm003192575,13.453888521508055,-6.332333591076018
agm003192631,18.414522304045576,1.1179806166422788
agm003192697,11.43253681546456,-3.742365567102266
agm003192698,17.130627057233493,3.0364679294109553
agm003192743,16.30723610773378,3.6876271440067905
agm003192777,11.499518276792534,-2.7013640876139853
agm003192811,14.382935568460372,-7.485290977215958
agm003192849,14.832376489067666,-1.1949288814837224
agm003192889,19.65213691237862,4.13191938740562
agm003192891,19.64114418832643,4.132800866452749
agm003192966,15.18916198153359,-2.985251527358634
agm003192975,11.27662338419107,-2.8856120325449246
agm003193023,17.591891603067776,3.8544103836812456
agm003193081,11.044120529936169,2.550965017819216
agm003193117,7.180410196592599,-2.3065804135454715
agm003193118,15.15706045786445,0.3614816262152821
agm003193135,12.954686079456632,-2.3921541745024184
agm003193151,14.865304684593346,-0.1256646101428366
agm003193229,19.203217876340926,3.225496489986451
agm003193238,13.50947074177142,-2.502991665834274
agm003193278,15.243228460716612,3.956214265604385
agm003193321,15.491866751291727,1.898840941837325
agm003193376,14.541157022444741,4.017444705439258
agm003193407,18.84001427467846,4.351820885953549
agm003193456,10.268390420180115,-3.4902230919891166
agm003193514,9.455429177605266,-1.9152254160793905
agm003193517,11.960846762502014,-2.673761653185435
agm003193582,19.28289845996242,4.7125351619827995
agm003193725,14.616586809605826,-6.68019680661652
agm003193736,11.282264894288698,-2.9190577736086296
agm003193789,14.157429499674185,-8.140251839288297
agm003193820,18.118325984942977,0.6338457010882479
agm003193881,9.90106636511642,-0.5589864682801607
agm003193956,8.733806685852558,-5.471991559929115
agm003194017,8.860777302893684,-5.672040761182006
agm003194087,16.572900312536678,3.1619694490641783
agm003194151,16.09788876497919,0.03141474940375133
agm003194162,12.528621109217609,-3.5124835542175163
agm003194164,14.898011889146355,-0.17014156113031403
agm003194190,8.240905339993871,-5.017088996760033
agm003194196,10.452820784317893,0.20789420187448043
agm003194235,18.725071881903492,3.6195176911635736
agm003194237,18.227942745638078,2.97052537185347
agm003194254,12.837359506392653,-0.6407997105631139
agm003194284,10.447960825530002,-3.3536133548553577
agm003194330,15.111228070421012,0.19462452317148832
agm003194355,11.115258848682865,-1.3589783855183923
agm003194360,9.35012367649033,-3.770380624801253
agm003194416,12.428413603987627,-1.971495572712432
agm003194445,14.863297600238132,-2.575575334701776
agm003194459,12.719356264088384,-3.146738785429097
agm003194474,17.56133206917614,3.023656824578488
agm003194475,19.827253269595317,3.6091742759638166
agm003194490,14.502472439818877,-2.6278215823269533
agm003194502,13.86671003971017,-0.059459540134768216
agm003194527,15.974258823030933,-3.6632229530505476
agm003194528,12.007938299198367,-3.3613108711938744
agm003194533,14.232216312150626,-2.349909842007583
agm003194541,12.76156590929382,-3.3942229294228463
agm003194574,14.226028168575336,-2.241320074678863
agm003194577,14.563641998802428,-3.9925661402235866
agm003194618,14.026695070526376,-3.5553046911328026
agm003194629,15.398732318147998,1.141134270372671
agm003194643,12.760112806064534,-6.011676224170701
agm003194648,13.830953937286683,0.3910601720951007
agm003194659,11.835890935346958,-2.703604696812048
agm003194703,17.919495501278487,1.0019870086822507
agm003194719,12.564414127766986,-3.0556248024711814
agm003194728,13.985051652985044,-2.2138427244390515
agm003194736,12.34886365224451,-3.1205948418414686
agm003194761,13.145598513970407,0.11769956881382342
agm003194802,14.221635310444631,0.9186707164515007
agm003194803,14.161832257736055,0.5496818763432032
agm003194805,13.802587614924212,-4.746568811192521
agm003194823,13.402903026033528,-3.621530206419719
agm003194838,14.64994666780296,2.842425785973839
agm003194908,13.831393861141157,1.272351521896492
agm003194910,14.968889874398068,0.26408442317024095
agm003194911,14.658775143122146,0.6546133476313045
agm003194932,11.77249485340044,-3.264922337431716
agm003194937,13.222699443659561,1.0644724397376237
agm003195041,19.52119135504463,3.8706819590527024
agm003195043,18.905994852065064,4.236930161071264
agm003195096,12.667335304585722,-2.8978929888722824
agm003195112,14.442829268455124,-8.012956969042005
agm003195120,15.608610039103542,3.6229596231421772
agm003195185,5.46253704549668,-3.5599523530580313
agm003195189,10.913984407437248,-6.657196802655065
agm003195191,15.91632742967922,4.239818660972893
agm003195229,13.69766999000884,0.317164510756714
agm003195244,11.19973228927708,-2.975868988633352
agm003195255,12.774280115383783,-1.9690118516230897
agm003195263,12.122192888756915,-0.1407253517761292
agm003195272,15.733815300761572,-1.3589047437338724
agm003195341,16.606364053263523,1.4975040232203316
agm003195374,14.55776201975239,0.6946673389904247
agm003195429,12.04437061245285,-4.061444332859048
agm003195474,19.102300042268013,6.190796750549904
agm003195486,11.132778609944088,-3.7236865775533694
agm003195518,12.5439971709202,1.1222233718042958
agm003195543,17.38795481445054,-0.597021896318933
agm003195550,11.830856673377646,-1.846544505223448
agm003195569,10.227776936796287,-0.6224019833103842
agm003195581,9.515806695047825,-4.498498833033687
agm003195639,15.007016378363154,0.035095699589901365
agm003195757,18.2896657973218,3.3348260671621452
agm003195785,13.841652521346957,-1.9392672916506324
agm003195806,10.091812636117398,-0.6915687281620381
agm003195808,16.37142540934096,-0.08717727287147466
agm003195854,13.81288582583943,-1.0836174689253315
agm003195889,9.823649119487115,-2.565563024958791
agm003195924,15.492542214643963,2.697898363652925
agm003195936,8.005248998271837,-2.6399482176947013
agm003196134,17.581171733699826,-0.6829301759629468
agm003196270,20.381391095073372,6.680017331985691
agm003196287,8.614720469851997,-1.046856924719748
agm003196564,16.58457761862309,5.57614234924637
agm003196574,16.15120864284499,5.163858821679685
agm003196640,14.322263041408137,3.4015028768957634
agm003196750,15.64790435952636,3.362935587758931
agm003196919,11.425120423609302,-3.4015737711381266
agm003197214,11.588653634198842,0.18015684539802437
agm003197258,16.283576037623945,0.45709733586054807
agm003197431,19.529526852164846,4.577468367490053
agm003197533,19.21750135104308,3.8547784722190883
agm003197750,19.0043995124042,4.97537304232867
agm003197776,17.694137918876468,3.083682008067631
agm003197988,14.662169023873735,3.6117664416081574
agm003197995,19.505638861454376,3.832751262896211
agm003198025,15.512682196399153,2.094325998444832
agm003198086,12.954874376000163,3.2369447499959185
agm003198314,9.840846879292105,-2.6939240535641624
agm003198417,13.453679438477176,-7.365216045551578
agm003198487,20.226407504659118,4.186335018770024
agm003198546,13.045445362677361,-4.831018947030981
agm003198641,12.760146123564908,-5.71097536639149
agm003198798,14.06170169879359,-7.834934282587002
agm003199236,15.351958213521385,0.03498346870096233
agm003199318,11.494986770661013,-3.880971828641029
agm003199356,16.23759648982442,0.0992360302970372
agm003199428,11.142884040928152,-0.7219751940258133
agm003199459,8.831337871019524,-2.038567181386513
agm003199596,11.510137838018425,-2.123608868137328
agm003199601,10.347412459733716,-2.6934581167890457
agm003199672,11.161896392845179,-6.7111218998277415
agm003199763,10.91577830107949,-6.187101144841402
agm003199829,14.464985732116368,-2.879562505152571
agm003199971,15.375577429097577,-5.484783310168441
agm003199986,12.739808289719562,0.8564094351469423
agm003200017,19.46960641027452,6.116911429635195
agm003200166,15.433618071360184,2.775723402347331
agm003200199,15.309341968862974,-1.2032795213591747
agm003200254,12.759503036155957,1.7653600568225023
agm003200311,13.391502865442996,-3.078745957102416
agm003200349,17.104743150562943,2.3222066049476298
agm003200391,18.35566728626561,3.844857913134637
agm003200407,6.694095635443168,-5.890679736046085
agm003200457,17.370941095644394,2.3716834576308194
agm003200486,11.942500466579604,1.278756923982303
agm003200491,16.35733047726019,1.5916582595506952
agm003200528,11.258434046051574,-2.7380786333194798
agm003200530,13.07087063136118,-5.92421324078255
agm003200763,17.351233199020548,2.71101879405519
agm003200790,9.04325745044733,-4.089196986325308
agm003200870,19.154186406441656,4.37047036735613
agm003200900,17.496833468748246,2.588223511098493
agm003200912,16.97444840135025,2.4420354834279667
agm003200982,10.574701560132242,2.2881740309631855
agm003200995,12.571611972926869,-5.038894634767298
agm003201024,14.703212303295805,-6.706196563412138
agm003201026,7.8477639277935,-2.1664692018755694
agm003201030,14.052678685943468,-7.237606710822166
agm003201085,11.7565893905669,2.1230056193230293
agm003201120,10.614263033631289,-5.963151997034369
agm003201129,18.499328968684225,3.7316471778925298
agm003201191,18.66432091692322,5.0245231316339956
agm003201203,14.648364376689818,-0.8832368086012862
agm003201206,15.18383444943597,0.9221603460648383
agm003201221,11.492497378075408,-2.01853294260447
agm003201277,9.721364169113134,-2.4853588865731377
agm003201419,15.483066726559457,-1.696789965821689
agm003201431,15.139713458137217,-5.101711004460566
agm003201441,17.296889360572397,1.4511267783421562
agm003201443,15.443439131008198,0.7801627176539382
agm003201447,13.50264813710259,-3.022446806810157
agm003201489,9.937548829558088,-4.202143219420397
agm003201510,14.168663279700459,-1.6454046521142065
agm003201602,10.478328668373633,-3.3397787677567403
agm003201613,15.314212137199014,-1.875857994076462
agm003201674,20.764564736669524,0.8796039145226496
agm003201696,14.292483315572197,2.9280839605460276
agm003201709,15.68449900160307,0.20273948206840528
agm003201765,15.748125921992612,-6.833865451946949
agm003201812,10.615367090994958,-5.7396591018815615
agm003201835,12.235388568533972,-1.1877282368544584
agm003201867,17.060181318364823,-0.8054896075795455
agm003201885,17.76938770081939,3.555711074036123
agm003201888,14.444236496689982,-1.220604584381898
agm003201903,17.543576592414958,3.3676211369877485
agm003201928,15.339265522150967,1.9596894597313839
agm003201935,10.981784677072625,-5.676351723274863
agm003202000,15.227236417489705,-3.1375533649141096
agm003202045,12.755387830375872,-5.831789129641411
agm003202067,8.76535123907813,-2.1659664268334176
agm003202102,13.46702155274163,0.3205222044261588
agm003202114,7.289886090240928,-2.2600558642064703
agm003202136,8.584311883338053,-3.652976476775456
agm003202143,8.690797952192673,-3.8404936896158666
agm003202173,14.643623305866948,0.3412567488308067
agm003202177,10.74670547375243,-2.3432842463619212
agm003202211,13.238524331072318,1.931361014719491
agm003202215,11.010209329338528,-2.386578860183029
agm003202226,19.61720886606422,6.143354283707147
agm003202245,11.339013154064661,-4.312417904540264
agm003202270,13.659152865393525,-3.85568814357308
agm003202293,11.546240810130103,-5.062420980875399
agm003202310,15.326942831285747,2.529276454828693
agm003202337,10.951290619247624,-2.9940829936898083
agm003202338,11.28110098259446,-2.4655680304868386
agm003202416,11.784487134133741,0.29948776921859377
agm003202472,11.594116966077372,-0.7290570543747835
agm003202527,14.670430184181377,1.6504374641051136
agm003202528,14.889910315715921,-3.5997740503670346
agm003202558,11.427561276100619,-1.3603721173788206
agm003202659,9.130500235031985,-3.9870538149180685
agm003202670,8.805951263382031,-3.9821599354269988
agm003202684,9.171192658481923,-3.9643010736586586
agm003202686,11.700025689172607,-3.4145209374074708
agm003202705,11.84863666644681,-0.31376745036576814
agm003202728,14.658934806179282,-0.8825422036618011
agm003202774,16.167048591661693,3.5790268166711807
agm003202797,11.092100562736599,-2.352395042504744
agm003202838,13.296170656456818,-6.316826318357376
agm003202880,7.819692870662311,-4.7985217770292
agm003202883,14.736068757157623,2.925509619907688
agm003202914,13.791573614552144,0.696699426322286
agm003202973,12.24109462136836,0.06972302967282336
agm003202976,14.484328052905235,-0.21508628744468736
agm003202979,13.88503887960556,-1.4669414633579467
agm003202988,9.27044529609722,-5.674626072806453
agm003203037,11.404669513117613,-3.8664400122367764
agm003203060,15.172591626502573,-1.6468628275462958
agm003203075,15.911709947883955,4.607910402324468
agm003203141,13.110593874478377,-5.967598909676499
agm003203167,15.58898288901419,-5.8841544253655345
agm003203198,11.93967751549953,3.145106603998711
agm003203260,10.551331060910766,-6.119577664121645
agm003203268,12.351349922995793,0.7596810062888123
agm003203289,14.06042925242562,1.913831292082298
agm003203296,14.68943703574851,1.7866206025496532
agm003203314,14.81939956004072,3.6253175735071044
agm003203333,18.69594763959706,2.5646711819422436
agm003203401,11.864733875819605,-0.9977186047902921
agm003203422,11.437343045307488,0.04051022427878751
agm003203453,18.686413820521974,4.662605620934584
agm003203459,14.318249766138406,1.8796873860472356
agm003203517,12.244551741002525,-2.032469572514882
agm003203535,11.018567796090167,-2.774819183430509
agm003203545,18.86766162567697,3.170423616041892
agm003203574,15.690164779669528,4.841115895200557
agm003203609,16.28046497410456,3.8318553743623514
agm003203667,12.105357904502645,-6.701742063906454
agm003203692,9.51904083827965,-1.42706100593373
agm003203763,9.31555338288952,1.8761404943711544
agm003203775,17.746400861880577,5.515182448150642
agm003203782,17.224709080717147,5.704896786233591
agm003203783,17.28491260984517,5.703748844650498
agm003203826,12.818062744390867,-4.791006123231804
agm003203869,10.176485704137251,2.2460081799452905
agm003203881,12.85375701150791,3.3013460994294963
agm003203915,14.95006467220775,0.1918197563833992
agm003203933,18.160802143322865,4.4654816644855195
agm003203947,11.876225231700952,-5.316651737028349
agm003203958,12.564161118659621,-3.907390110908368
agm003203970,14.050577418687958,-6.414106021481729
agm003203978,13.968164531696834,-6.908848447431372
agm003203981,13.891689476515209,-6.575371397249124
agm003203987,10.058586636346735,-2.508262706002567
agm003204024,13.157040321958567,-7.38919394696335
agm003204034,12.770050379258898,-5.717324595443199
agm003204049,12.456077348101275,-5.508873876840998
agm003204057,12.90764019135141,-6.441804099767848
agm003204073,19.724327382719377,4.466378202554668
agm003204088,12.555341963145068,-4.593927473535859
agm003204097,13.08789636288873,-6.569581105622415
agm003204105,13.104081529525883,-7.123895066989459
agm003204116,13.295883416817311,-7.36535498467785
agm003204139,12.449416464794853,-3.775897923142015
agm003204152,12.661538242641454,-5.860705985356129
agm003204179,16.01498832950194,-0.2759265498570169
agm003204288,14.213926091263083,-5.636130262898765
agm003204325,7.648807109673206,-0.6275411075994031
agm003204333,16.493524184290994,2.2753445080747032
agm003204349,13.949252282632665,-0.11304163896919661
agm003204377,16.609022262048956,0.29971119927916295
agm003204393,7.893776963600668,-3.743927518565529
agm003204411,12.16612582909116,3.4126071487666074
agm003204440,12.008147965184975,-5.435722698903469
agm003204447,11.143759936327825,-1.389620689613403
agm003204457,14.370535592562204,-3.2649677681372467
agm003204461,10.770289130330504,-6.3440655657219525
agm003204464,10.823024322278163,-5.683412014208625
agm003204504,14.882330995757885,-1.6258941257572577
agm003204574,13.456191627168812,3.149719440588955
agm003269273,11.550590189964781,-4.293582795959168
agm003269282,13.458817365261266,-3.034444305003877
agm003269292,12.385815268573467,-1.910534096580428
agm003269558,9.066647358542854,-4.917645606786192
agm003269567,14.032131375844989,-5.288318847029315
agm003269779,13.25673832640668,-0.42708057298277424
agm003269933,15.6757147958729,-1.589810126258449
agm003270005,15.460299932142421,0.4119393125672772
agm003270328,12.391059217063722,-1.2367424630266786
agm003270449,13.588160861010536,0.5387346513296644
agm003272036,12.221264791905206,1.712685474983548
agm003272431,14.404626654752878,-2.484067337713612
agm003272914,16.872485117541014,2.9315316144825423
agm003273177,19.16098719742043,3.1095242102548326
agm003273366,14.112800328534526,2.676400853448426
agm003273558,14.45298338339184,-3.2086681238726773
agm003273559,12.265057488247816,-6.842658951772524
agm003273566,13.968026263534066,-6.9086220255912565
agm003273952,14.447516732520368,1.188508416576532
agm003274055,9.34306839401629,-4.264681404322059
agm003274165,9.528448510806474,-2.762425648247593
agm003274200,9.281173193287577,-2.487091859753767
agm003277909,16.678162822195546,-0.44026962579661877
agm003277918,15.212736481271278,-3.0686541634095645
agm003278376,17.046677731988563,0.33863568503160835
agm003278510,11.91209489931934,0.9015538465915766
agm003283080,12.263217545376195,-3.6681983118820494
agm003283089,9.460886805919577,-4.441504427398606
agm003283187,16.699507072296637,1.2977502368215788
agm003283350,20.174639678627102,4.173505331072474
agm003283364,13.756997321446958,-4.165721197001943
agm003283530,13.319273952362167,2.0733522379506355
agm003283565,13.026651191357624,2.428602634181151
agm003283567,12.864101954906237,2.4029902109027406
agm003283572,13.784717378999236,2.661768244318613
agm003284120,26.328087942686146,6.3102867398140585
agm003285094,21.678754609199387,3.6368989866364685
agm003285335,17.145541888392124,3.7042629380320875
agm003285387,11.786401344417198,-4.374431848481639
agm003286800,18.635569100335783,2.933640436831662
agm003286817,17.027284434308257,3.149647321250137
agm003286854,19.427196043363793,2.739484468186414
agm003286876,19.17277762798543,2.7355261782425684
agm003286877,19.326816752695226,2.796842637279782
agm003286891,19.039480048810297,2.6866724841388185
agm003286894,19.01356307984775,2.6688958661088336
agm003286964,11.294773821926999,1.4061170891146966
agm003286976,20.10927295354606,8.589301099738357
agm003287023,18.87184545688016,2.5935966576791563
agm003287293,11.47133603590396,-2.152807293360933
agm003287798,16.237952049467967,0.16369890010092406
agm003288006,13.480060030069925,-2.444882582040097
agm003288066,14.358378765944867,0.46600807865947613
agm003293639,12.83376474354781,-2.6406213082551995
agm003293742,20.153084240612493,1.5397655193279487
agm003293743,20.326798561121826,1.6724453410824758
agm003293826,14.215600230964496,-4.907862113052325
agm003293905,19.452695533713566,2.0873978969536156
agm003293960,13.605283506344504,-5.888562502781247
agm003294113,10.946168733941697,-5.548347754615839
agm003294514,11.707354895484002,2.357405184248465
agm003294539,17.245979755334666,1.5163043179753153
agm003294563,18.74353249523304,4.430975664388345
agm003294671,18.79975298089951,2.5887229024921794
agm003294685,19.03805147755611,2.6719922464227133
agm003294693,18.604453333480905,2.541238649908955
agm003294694,18.71738614322383,2.5826864952511577
agm003294957,20.14204857223824,0.5316409245396218
agm003295035,20.3870349952233,2.3110955608345463
agm003295190,15.93467922745552,-0.21248934452598553
agm003295228,13.878673030729082,-0.9991500276376915
agm003295647,13.606143315012984,-3.432096438951245
agm003295735,9.8962176625615,-3.918498540882135
agm003295855,21.680212925038077,6.466243282367913
agm003295966,22.597095358152803,1.8046208134054862
agm003296157,17.328503268163757,4.093586453932645
agm003297347,12.118172376708447,0.7303628177114362
agm003297458,20.35570862543648,4.058017087991695
agm003297666,19.891982981152115,2.9865216655608386
agm003297787,22.65251730929091,5.370974477449304
agm003297822,23.625085877764775,6.387569949524405
agm003297826,25.385563191425256,7.180649326599905
agm003297876,17.840144841687078,1.500183896755089
agm003298008,14.965949094232167,0.32784448852705383
agm003298156,19.731696323549624,2.330756725548551
agm003298282,20.287687954193665,0.4659147195992027
agm003298293,18.332768144342868,0.7571559278726937
agm003298298,16.682555417090978,1.7257519215780441
agm003298407,14.639621457589522,3.3997455525461326
agm003298440,17.901009779033753,5.782197661277938
agm003298585,18.97558067633428,1.2351477809320137
agm003298719,20.253365117244034,0.34048960861701855
agm003298784,17.979185512793045,5.266768444956223
agm003298924,9.536243573222198,2.277409788210649
agm003298929,15.495637691300734,5.348696316739338
agm003298971,17.729452378289313,6.037803832572224
agm003299062,18.666400082201175,3.063699397322459
agm003299063,19.395733307850243,3.312904258751042
agm003299128,20.086278494446102,5.510048232358859
agm003299160,9.70958580712016,-4.577632875609266
agm003299310,17.62292886594753,5.178679732673614
agm003386930,21.350233212227987,4.5589529168954765
agm003387149,19.710697638098043,1.8016995076255675
agm003387266,19.896583793848002,1.8378289109843755
agm003387325,14.96168604983445,0.8244858224653022
agm003387545,17.353969658547513,2.2651096101188686
agm003387821,14.894179163462226,2.7715109262890962
agm003387971,11.865337608904742,-0.39140646099176096
agm003388465,13.62464364387545,2.0331912960702967
agm003388466,13.299072887146997,1.8946997681101814
agm003388799,13.522455826143418,1.2961335973078518
agm003388923,16.939857561925365,4.088105651364931
agm003389113,20.28425791531871,3.4298774383714354
agm003389435,20.108560756564422,3.125875410364562
agm003389460,19.409660731115444,2.91877145836476
agm003389473,19.020891587128272,2.7864430375689024
agm003389518,18.54350836286771,2.6567400689881273
agm003389540,16.163398206761286,-1.5284266247220444
agm003389908,14.172790432565748,-3.0134823611392485
agm003390159,15.750789498772614,0.8489568535141807
agm003390209,11.697996211013884,-2.9253724629821733
agm003390212,14.039283384595947,-3.9500273103224393
agm003391113,16.885013211893984,-3.166376028322243
agm003392121,17.458427192409783,3.941629427202095
agm003392880,19.350786645997193,2.9209829800374836
agm003394102,14.4717409742993,0.3487496857476522
agm003394650,12.959996211355568,-1.8994695621055513
agm003395781,13.571157768376239,-3.9584759188689125
agm003395811,15.760306915821825,0.9187822456507171
agm003395941,15.315962973253272,1.7498060187164277
agm003396172,15.52778990137465,0.9125325636576797
agm003396353,14.969539457123972,0.3692882101110655
agm003396488,14.257123544167547,0.27396416800787404
agm003396549,14.586991908347619,-1.2013913433886636
agm003397256,14.654896326540305,3.235756742197887
agm003397369,18.173270317742947,3.7175753493009736
agm003398650,15.813722181460799,2.702741572934793
agm003398670,15.684506633501547,3.949490088690814
agm003398671,14.501327375325534,1.4474123492249689
agm003398688,12.849747902511018,0.3371112036129659
agm003399082,17.299056339952948,2.87545759569554
agm003399587,16.33995845669138,3.213433444568768
agm003399677,16.005646597733456,2.1984744091184387
agm003399847,19.247303922295007,3.800868508718974
agm003399934,22.193325148250505,6.225010741453415
agm003400728,10.87015830065887,-0.5127700392110057
agm003401019,14.321649232422217,-2.0034735638658723
agm003404793,16.552184032407638,2.16052893499361
agm003404824,15.87450692604088,1.0373913129457002
agm003406540,20.87690671507755,4.524898811555022
agm003407117,19.06983959174844,3.043350969993283
agm003407177,14.996440158667511,-1.7466743461605703
agm003407196,20.12572089354354,3.292844132297857
agm003407271,15.212634526026283,4.7681011830721065
agm003407272,16.872446923552246,5.1297541021831075
agm003407353,13.707771365619365,-0.3485631154389033
agm003407402,15.617127915346774,-1.7118405765423617
agm003407453,17.161210877920144,-3.2934139375447513
agm003407462,18.517330180604336,-2.1023175607101026
agm003407498,17.20715526361014,-1.8223123641644385
agm003409592,18.28520127037563,2.548088515092227
agm003409647,17.601703443861563,3.091719149178497
agm003410047,16.463528739264458,3.6357012638427295
agm003410099,18.536123394084225,2.9272670004029493
agm003410803,20.580108649699817,1.5758556658467253
agm003410914,20.666964377827977,2.3543030265972624
agm003411071,17.38162557416271,3.0799640211925827
agm003411072,17.2479183177307,3.0440208260235657
agm003411073,19.21210160011314,3.035591002802762
agm003411095,18.3493043832009,2.6530360230736
agm003411119,18.210154970964364,2.842620563027166
agm003411434,16.299451432376433,-0.5345087577103769
agm003411435,16.48543764566397,0.1242600559645819
agm003411518,17.922168493670647,2.59958791017865
agm003411522,14.92377849746421,1.3956125648972915
agm003411539,16.24472535989388,-0.7465368897284481
agm003411564,14.504058504593758,0.5787739805851407
agm003411647,16.270911701716134,0.28005258324284793
agm003411733,16.20940178335973,0.7798998161551504
agm003412041,14.042212519838287,-3.013761763761717
agm003412085,14.999596223418116,1.5193799735298275
agm003412102,14.837164324682384,0.26932907081631835
agm003412166,15.667132867140952,3.8611507743460525
agm003412172,18.716867426488623,4.207330066928782
agm003412183,16.748490955255207,3.5197575745112206
agm003412275,15.702394243606618,3.2965862290283963
agm003412325,18.738222874274445,4.161160544074845
agm003412331,16.26883644673087,2.9473520804785505
agm003412348,16.83530405630953,3.6956948494596085
agm003412402,15.727507938053018,2.407269265474719
agm003412613,14.31013614599302,2.0108731791558743
agm003412623,14.126397268258735,1.9332668879328991
agm003412636,17.95214211541475,2.1028260284701177
agm003412657,16.05535128428026,1.1576772119363152
agm003412800,16.41131068338576,1.63236000214165
agm003412967,16.493843421431112,3.264073634222082
agm003413000,16.232612806447612,1.2789627884902224
agm003413004,18.28174269057578,2.3029686880262816
agm003413034,17.024298812278015,1.313736206689276
agm003413072,13.381550640875437,0.6580379785548587
agm003413260,17.307361707276907,4.052792195662285
agm003413272,16.446111546234512,2.498289339864593
agm003413372,18.278824550087254,1.9043898052836994
agm003413414,16.217702842911297,0.8111075962062747
agm003413514,16.002236740317983,3.9491358864068573
agm003413625,17.636003845109133,3.1934492918640864
agm003413955,14.004013642208156,-5.4793347599335975
agm003414109,14.580921367509141,-2.581530845998076
agm003414117,15.66451452274849,-6.305474468038287
agm003414290,12.671244918981325,1.6898459338982963
agm003414555,13.706971975836266,1.0814492173031212
agm003414757,13.634254503509117,1.935919607024277
agm003414991,14.453072024170703,-6.380272592201925
agm003415039,19.524416044969144,3.230731045500473
agm003415115,18.2540900915867,2.8534896863798287
agm003415724,14.58412097720184,-1.8001800517664392
agm003415728,17.33856578700989,-4.456974641927379
agm003415757,21.482130392036698,2.558519394062113
agm003415816,18.01913396869908,2.8160899228367158
agm003415819,18.115943304453747,2.8349135975622404
agm003415880,17.733343680153773,2.3618422534258356
agm003415907,20.41177727578906,2.2996844051961225
agm003415994,13.15669332138313,-1.3897199466768526
agm003416039,14.565746420542913,-1.6188720635918508
agm003416317,16.399285417864693,-0.056360782772836515
agm003416401,13.972724238834738,-2.9329419847555083
agm003416639,14.58174837017313,-0.08550929796927005
agm003416681,17.723890222830626,2.8023048421798755
agm003416724,16.623229354449332,3.1107357591124463
agm003416773,18.420264550854743,2.9873512963508446
agm003417082,8.308622279468905,-2.256949778024323
agm003417715,14.555122369453933,2.51759899214702
agm003417739,17.180554015771417,3.0969958962017223
agm003417774,21.446880588274038,4.869672840573576
agm003417835,18.572755722646807,2.8345787965376346
agm003417946,19.849096142622887,2.7856117959164095
agm003417997,19.103227278771243,3.3465862918734643
agm003418103,20.046012432874395,1.3823899052938475
agm003418112,18.352439086951893,-0.8838780544367317
agm003418124,18.80233022920249,0.5718066580677359
agm003418475,21.507622620769823,2.951184569082718
agm003418485,22.036233249182928,2.6347571580597737
agm003418514,20.520968117946378,2.2564416776657503
agm003418654,18.886130962534324,3.510046727487931
agm003418661,20.08679425043532,4.1856731814886095
agm003418672,16.92551490324259,2.2373053747406115
agm003418713,15.043390849256577,1.5732932111982567
agm003418715,16.203432313847596,1.958257813067629
agm003418877,17.36294822214349,2.738206678999102
agm003418896,17.96888796064335,3.575687786267865
agm003419124,17.051206389549055,-3.3437506168004294
agm003419268,18.611711460078784,3.4163738604388563
agm003419316,17.696229955312834,3.023005516516484
agm003419499,20.868764868213827,2.0860069277963533
agm003419500,21.400281083271107,2.22966107102303
agm003419753,17.97707137634087,2.949378294799949
agm003419787,17.769068724219327,2.5326864702674605
agm003419812,19.360559700879552,2.880750846797202
agm003419828,17.600316760376497,2.3276761952362848
agm003419829,17.985485831989994,2.44563178810389
agm003420075,14.076628700069854,1.2411809773270779
agm003420140,17.72887914820306,3.4218300047155963
agm003420162,16.59788996087573,2.108615646781304
agm003420217,16.165668979050235,1.5350672397750642
agm003420288,17.299204083436823,1.2990806935740267
agm003420344,16.23500682976796,-0.025285950285336867
agm003420386,19.02618291829793,3.9030839307502014
agm003420389,19.421711313351928,4.048903914451544
agm003420424,17.387352722847492,3.468378838888718
agm003420441,17.761681279625176,3.572733070733616
agm003420447,18.307954371011963,3.6346553833357262
agm003420448,18.189836342829555,3.617348737652043
agm003420553,19.273160750070442,4.0787381033591155
agm003420777,12.030131170538786,-0.42419436217450074
agm003420849,16.491119596926257,-3.8485023706887973
agm003421030,15.577706723332236,1.2388657904306986
agm003421148,19.736587564205447,4.925876806803891
agm003421173,13.084127152373318,1.1571539296609596
agm003421460,20.830431933874777,3.6609391488350753
agm003421936,16.534799423578885,-0.7187312390376205
agm003421955,16.428787182192536,-0.4926082857904485
agm003422074,16.43090136306928,1.574604931907513
agm003422083,16.56419380341364,1.5929996528218198
agm003422160,17.876617401044445,2.908982202165889
agm003422325,18.04229639241564,3.228281999079819
agm003422341,17.310317219827624,3.021075194056847
agm003422403,13.269164376797194,1.0170054095299335
agm003422744,17.42452419555187,2.313248580348192
agm003422973,17.1768654368853,2.769248203300517
agm003423323,17.199958706701256,0.36369605986046355
agm003423326,16.47868934206542,-0.020240943491396973
agm003423530,17.824324231656405,3.1791290680873474
agm003423532,17.97500976256642,3.2240818306677497
agm003423556,17.654739492858905,3.1270333047617975
agm003423564,16.079877252832194,-0.27827648345049266
agm003424457,15.445721876473216,2.991451958649216
agm003424469,14.186573698738743,1.9936339866315045
agm003424667,20.407935687659382,1.8039227549969301
agm003425374,17.398683142758493,2.7550352580783546
agm003429030,16.963508337273446,0.38750854716863614
agm003429160,15.858786699722833,-1.3970469528334195
agm003429178,20.76212845473619,1.667681679370851
agm003429202,20.213713992764493,1.5718758926916852
agm003429263,19.571604044315116,1.3195612531185634
agm003429286,19.691699023169082,1.5869562031224145
agm003429318,17.71852536109867,0.22105601554598664
agm003429324,17.859743532948233,0.3625235915489012
agm003429357,16.63995089628519,-0.12841266284788944
agm003429460,18.14135792127735,-2.636523969917738
agm003429491,14.095006793817932,2.682882344181389
agm003429505,16.24517878984123,-2.6584036708931937
agm003429538,13.667266787621871,-2.435181515545436
agm003429542,17.96868333021315,-0.1992622051536337
agm003429545,18.567690009701256,0.016917818474906216
agm003429618,15.665954378494796,-3.833217008757986
agm003429652,17.87431333116869,-0.7656714601239223
agm003429728,20.334384203186826,3.0110688199585973
agm003429730,21.664366440408752,3.6203613425481698
agm003429741,19.953924261566733,2.908520463225267
agm003429786,20.583771305145284,0.7274675170100574
agm003429839,20.64144548218381,0.6518834230225549
agm003429904,21.700081019791014,2.3287131655061883
agm003429935,20.164095600287876,1.8922288923071768
agm003429943,21.527547257830534,1.5512463372593857
agm003429955,20.040914042878292,1.8489906055429077
agm003430049,21.283199108746583,2.7077599716991116
agm003430052,21.217383712205883,2.5238180444194476
agm003430154,10.531684564623664,1.258744920083511
agm003430159,14.236351888597037,0.199088645468627
agm003431080,23.449762866552565,5.121932904861957
agm003431683,14.644804536133307,-2.1207712398989336
agm003432245,12.049872973889732,-4.9120157449491595
agm003433895,13.379925155618297,-0.13196953200969297
agm003433918,15.079009778461085,-2.069978151386152
agm003433924,15.07524130210711,-2.0811086528785054
agm003433933,15.307672986916321,-1.9681232863283924
agm003433989,16.105200530474857,-1.4076811949699508
agm003434026,16.938462495403122,3.1439030556274545
agm003434028,16.098794733373293,2.9048791726629317
agm003434052,16.935711985868654,3.1963156648581443
agm003434093,17.232319068929712,3.3377161637133548
agm003434095,17.318207512927298,3.358887756443039
agm003434097,19.315570577865355,4.129948798890307
agm003434145,16.378601751986377,1.8624188294856137
agm003434154,14.550526973726795,1.1395126411754468
agm003434157,16.03333765651429,2.1481166658685353
agm003434198,15.509156215940088,2.1420200549916673
agm003434223,16.88114243760541,2.2294888536569464
agm003434228,16.863340636365923,0.14252898032959097
agm003434233,17.06389734700009,2.1123189384985017
agm003434241,17.337382866884425,2.968930338410567
agm003434250,16.921518703978023,2.561984721840927
agm003434263,16.38101721031487,2.0152528527428744
agm003434309,16.505264216899384,1.6618007569472326
agm003434331,17.48914402884763,2.586342624460986
agm003434348,16.216926074266045,2.5413326642111183
agm003434350,16.290601792988028,2.57361017983933
agm003434378,15.250629130443606,3.411991837848785
agm003434383,15.380640589701684,1.9055287344693077
agm003434409,15.26470685831079,2.4200736455609433
agm003434444,15.04602225332418,2.248206700608994
agm003434454,15.73269494771064,2.472467563206591
agm003434455,16.01531000559483,2.5766437584685096
agm003434457,15.974930763202243,2.5581094211059425
agm003434495,16.927613193117523,1.1751772761302341
agm003434541,16.310261554616492,4.338533061435832
agm003434585,16.631728115367718,2.5558893998106664
agm003434589,15.54843158630972,3.8378154504834026
agm003434591,15.879626578879915,3.8923324382545377
agm003434597,14.915683766685184,-0.8051611935586086
agm003434619,16.529855384656,-0.8751813788029192
agm003434624,15.23718600358285,-1.5511811313800905
agm003434645,18.210721861322508,2.121160067655712
agm003434695,19.093321710638573,4.204652742367414
agm003434713,17.557841704554715,3.3161404065477824
agm003434719,18.328327329261196,3.3343992025125537
agm003434755,14.23781777518879,-1.4023724257158345
agm003435647,15.436287913480177,-2.260812974597496
agm003435683,16.9946002181681,-3.422382505262425
agm003435758,13.229613962774936,-4.376436369117544
agm003435813,10.362273737530694,-3.1990907133442517
agm003435889,13.256571794112288,-6.369867261947292
agm003435922,12.058256768285757,-4.729504603269443
agm003435967,13.216097784494492,-4.007060152564148
agm003435970,11.911155165688404,-4.400181885402801
agm003435985,12.994687083320622,-6.142832820101499
agm003436005,11.56841866595247,-5.258815551263289
agm003436017,12.292452864351247,-5.874306899711219
agm003436059,12.094021128379394,-0.49601523823900173
agm003436070,14.700964795024381,-0.5729232444812068
agm003436109,11.792850007890566,-0.5715449866941315
agm003436117,14.823959528709077,-1.3965098725511549
agm003436160,11.296812881964028,-3.7606461674618057
agm003436188,11.950809449518209,-2.445743742970032
agm003436206,17.475093354731946,0.6079952880030604
agm003436238,13.77864145773181,-3.237030558138505
agm003436239,13.837241239879923,-3.218183515453599
agm003436293,10.963118204716785,-5.005602999904343
agm003436316,14.762767721807776,-4.2640547690768384
agm003436339,13.852559688185844,-1.598055459356597
agm003436358,16.136365795947132,-0.6107549885756681
agm003436359,14.617827615297449,-4.908896393951373
agm003436363,14.614122877706867,-4.456379506784911
agm003436411,19.365888567456,4.1130351931562
agm003436419,17.86515441729618,2.4715851154691677
agm003436452,14.67372678098181,0.3946601953510764
agm003436490,16.453256411516787,1.4115027983729214
agm003436510,14.81935790033837,1.188469045116441
agm003436512,16.53009925166946,1.6397418457558341
agm003436523,16.460994527116693,1.58350735277607
agm003436526,15.501635225902548,1.8900470968173924
agm003436534,15.827144673875965,1.5392265841049582
agm003436554,17.454810310428368,0.7440242276042083
agm003436561,16.006882722596604,-2.6754669140532026
agm003436565,15.367019837215524,1.120019448853278
agm003436600,15.979598708966464,-0.4484303867327923
agm003436670,17.715504701616663,2.7451358485736974
agm003436703,14.962044419385348,2.1586253961986728
agm003436704,16.439986179152392,3.719358739242208
agm003436751,15.121478469318793,0.6968398013947669
agm003436763,18.68627619098046,3.1327996073376085
agm003436787,16.8230814590276,3.242776803536597
agm003436795,16.038153887746915,3.007853145271337
agm003436835,16.66657341220969,2.004226727369709
agm003436841,16.59292451869933,2.771770059071903
agm003436872,16.552237488211926,4.6422964472526695
agm003436873,16.779025404794133,4.636162284819052
agm003436893,19.175473901730502,5.4047198018080564
agm003436898,18.55650666807928,3.345490175396332
agm003436908,18.527712747139855,5.897042213815737
agm003436947,16.73235226925171,3.951517195594326
agm003436966,17.562359168994266,2.9211499036096122
agm003436982,18.098934562446537,3.560410665781602
agm003437032,17.033213091402473,2.675515002548119
agm003437036,17.21323976762952,2.730018124988483
agm003437045,17.76118838343068,3.068006063690209
agm003437065,13.645812113641236,1.8091318357634532
agm003437097,13.388020209252673,-0.5087923372272751
agm003437125,10.21570819068893,-1.015342168340607
agm003437136,15.79852714615587,1.3439620997726613
agm003437157,10.384143735686585,-0.08327559022299091
agm003437160,16.017128429651486,1.7214708557512715
agm003437175,16.622888153316538,1.1880404533874185
agm003437182,12.242656588171428,-3.2317641332856533
agm003437184,14.76487629293029,-0.38054354567748777
agm003437211,14.021409492989115,0.15764389334156861
agm003437237,7.564512449016775,-2.6286309817953835
agm003437278,12.939270911692732,-3.885375819723214
agm003437319,14.831978152760266,0.7915429150142952
agm003437334,15.567327192368019,1.2304281148701943
agm003437353,15.051468183967783,0.8671525518157223
agm003437360,15.02597644387319,0.8537930509343324
agm003437375,14.396486560517909,0.5966725841267889
agm003437378,14.708230080476172,0.734745239071381
agm003437414,11.431163228635455,0.6768885907993051
agm003437417,14.659058443765533,0.15388732094265123
agm003437474,17.05477818168988,-0.31752570338731445
agm003437517,15.810994254664214,1.4663000821210488
agm003437627,18.17086791703331,5.233876727681495
agm003437638,16.920790507909487,2.7004320467977956
agm003437676,16.13377016722333,1.5424098303784775
agm003437717,16.67851511710038,2.139075393700848
agm003437730,17.05800628680524,2.289401864832623
agm003437744,20.32350171992057,3.8358911241106726
agm003437752,16.674810063728877,1.9564600284909008
agm003437798,14.594129678617831,1.242898239563587
agm003437834,14.752415755179394,-1.2972002197429606
agm003437842,9.644289632915427,-2.5253758298994633
agm003437868,14.967667873015474,3.4808052126798583
agm003437873,16.748960042511026,2.1888673974426336
agm003437884,16.30942458116757,1.2375296019498219
agm003437911,11.937173065291857,-2.94147665432539
agm003437913,18.30187034479805,5.083699542297257
agm003437923,13.837693677880738,-1.7912953164669734
agm003437925,13.854501947891237,0.6383199440777876
agm003437927,14.620643605749954,0.3316852680683369
agm003438002,17.698400753717262,2.1865074412106567
agm003438035,18.1568673091009,2.4089331184998812
agm003438053,15.339331373867381,3.366620429899942
agm003438055,17.656908428132933,2.6099731055077093
agm003438096,13.585755077046178,0.11197246179954827
agm003438120,14.104564922280586,1.2272891580358334
agm003438152,16.386585601130204,1.8180411148960574
agm003438165,15.807681251787075,4.366693603164114
agm003438169,18.06202474380512,5.510192291023664
agm003438227,17.47405227768915,5.13228176715231
agm003438293,18.984543639834705,3.7899619548245034
agm003438354,16.48083612281521,2.622212410493652
agm003438375,16.136374618689967,2.4805690741933817
agm003438377,15.069824949328833,2.132341220123447
agm003438416,14.73647760365449,-0.35571658069002093
agm003438426,16.470307980775797,0.7301424271934346
agm003438483,15.249771117428786,-4.957546569552791
agm003438492,16.94539414127571,1.5700355209748384
agm003438510,16.913292922709953,2.8201236052742917
agm003438511,17.893490031398326,2.388886674886262
agm003438513,19.001934957098673,3.347758634777746
agm003438519,17.37194497454986,1.563940230129879
agm003438520,17.685822493977742,1.2011761811014712
agm003438540,15.979288152566818,-1.7276728624380489
agm003438551,19.604981884536418,3.4432554110299143
agm003438570,17.27477547971695,1.4967574570372395
agm003438577,17.03651576909986,-9.180339289116546e-05
agm003438590,18.38964893306049,1.8652162961890966
agm003438595,16.54532488158327,-0.2425664563552825
agm003438606,17.93359993524002,1.348556764968804
agm003438613,16.427373108014475,-1.7164579647790041
agm003438622,16.085036032251796,5.352821178037021
agm003438640,16.525372330748073,-0.33515536072364566
agm003438642,11.344433527585656,-2.3067622327585533
agm003438667,15.787012920028161,2.912509486064533
agm003438699,14.745895700800888,4.169220425420893
agm003438736,12.591067052849821,-4.318593598082871
agm003438759,11.508171339356785,-2.9737257633639023
agm003438781,15.472250972414093,-4.093218352041344
agm003438788,19.976073138764807,5.856045853989169
agm003438841,17.851517823450468,1.9962203968551187
agm003438845,17.03694134762588,0.28549862030379575
agm003438852,14.366981619351579,-0.8018368017908918
agm003438873,14.296406271759311,0.1856430005348718
agm003438929,14.592995819659828,-2.7954363254218624
agm003438936,16.80820560297413,1.3890079160664819
agm003438952,12.283062760220263,-2.412763596377312
agm003438972,16.776499291938354,2.5600200861418347
agm003439001,12.584444795187062,-6.765560754859987
agm003439039,12.305839689879546,-6.494220030511173
agm003439040,14.34675637059025,-7.5548988013478775
agm003439073,17.49327472674148,3.1107859726190497
agm003439087,20.13007273905001,2.155006730692014
agm003439175,19.637233873604313,2.6534242250002955
agm003439257,15.708075810450167,0.31051468048475844
agm003439279,15.744100935814595,-0.22957714318259606
agm003439294,8.020491906362627,-3.9127689982959772
agm003439321,14.115334105320962,-5.927654576621909
agm003439331,13.730973352456173,-6.01588492619008
agm003439335,13.263173347043457,-0.81382370884099
agm003439412,17.34013016817387,2.8380886184784493
agm003439452,17.065145219177115,2.9516499428742216
agm003439455,17.224724012448895,3.3098175020577956
agm003439468,17.86428323347266,3.5225509824860453
agm003439502,17.292164832741815,3.3608629061204396
agm003439518,18.744102797679545,4.214746819579975
agm003439523,18.777822383749797,4.22188830460864
agm003439529,16.050200942227963,2.830236278081156
agm003439531,16.153478707631795,2.86710302153381
agm003439544,17.24195400763806,3.0142344967340797
agm003439571,10.830171594748519,-2.7700894034953474
agm003439572,10.21874676761341,-4.400093810999052
agm003439605,15.066400446593699,-0.9916454531517657
agm003439611,14.850691723010804,-2.995539694752248
agm003439636,15.64093538890186,-4.345739787171532
agm003439643,12.737603001317062,-5.119160271309142
agm003439689,17.20687486892037,3.2495640139810966
agm003439711,20.90100866429149,4.513718376382516
agm003439713,18.967573523668023,3.158061441041067
agm003439754,13.73370065833541,-4.170092343850732
agm003439758,14.533342230852973,-5.96375036803176
agm003439780,12.82114186579655,-3.5082713199229922
agm003439797,14.57893202040575,-4.572306574543394
agm003439799,13.861296950320765,-5.553949481483092
agm003439802,14.833984513352542,-3.683669610282223
agm003439822,19.120296098384618,5.913892931478295
agm003439826,18.59507193419453,5.099721531485208
agm003439832,17.840126612531687,4.213867694068814
agm003439834,17.96491620762117,4.262649886036612
agm003439873,16.61029972666905,-0.3159116095690955
agm003439917,19.344611474921727,4.741384078530714
agm003439939,17.84762869172447,2.1006982861957417
agm003439962,17.18911076601879,0.37756519533743454
agm003439971,17.22001030352634,0.3786801089756378
agm003439981,17.30022418004811,0.4021272485955478
agm003439989,18.87105802481603,3.104754321151146
agm003597576,16.827273311311185,4.229579273506737
agm003597671,19.884170683650623,1.6526247209997773
agm003597762,19.84689711589724,1.9689624243132897
agm003597944,17.26392182616751,6.588586413469095
agm003597952,20.790497224348595,3.685924753411482
agm003598041,19.77826840918953,3.7054775933707496
agm003598072,13.198268529156676,1.1922682508406552
agm003598411,20.799985169380466,1.7947747106686915
agm003598451,7.416741459778851,-4.73012654824256
agm003598736,18.68038156323932,2.799226652973767
agm003598978,13.326686258153126,2.5313226009183176
agm003599058,12.342172459667331,0.3321893232643755
agm003599079,18.998470221190548,1.6594186553403318
agm003599324,13.449028387118616,-3.3403639153143074
agm003599411,16.387248193956342,1.2290809347278184
agm003599430,19.480101470239152,2.8387808141164066
agm003599634,20.550161534194242,2.0331847107981296
agm003599686,15.354126726918928,-0.624743361030402
agm003599856,21.941459422332642,3.7198516441711633
agm003600117,18.836930642276073,4.759024253247611
agm003600197,14.793829953926435,2.6817288247625832
agm003600347,18.065291998705252,3.364529758007876
agm003600360,15.483201586517724,2.448207755732121
agm003600581,14.45378314454644,2.362782309580302
agm003600603,14.674863416143674,-0.5716875499548179
agm003600734,18.84550135650291,2.4283413902451785
agm003600834,18.387385860853573,-0.08068610483589822
agm003600851,13.721230113274919,0.5789443210435218
agm003601037,16.30834118284338,-1.5362606230827296
agm003601364,19.670056046063937,1.9070137516330743
agm003601575,19.484597839593786,2.1869193391362103
agm003601673,19.025121904208426,0.9442977285396866
agm003601760,16.575084447710204,-0.2866093297334172
agm003601785,15.278162194650323,-0.6831580501715937
agm003601817,15.426274962560234,1.4067883695154801
agm003601982,17.609120598896794,4.9568978389706615
agm003601997,17.931283120385142,4.859468967940271
agm003602037,20.68933417427341,5.051892115627349
agm003602120,16.065913489563965,0.15705317974639024
agm003602131,17.23118042595467,2.138644975443544
agm003602163,20.50257806371,4.757146570454619
agm003602176,18.8445852488134,2.03394576956781
agm003602307,17.751667382114015,3.3262403071319846
agm003602403,17.538518088302013,2.198472387872792
agm003602496,18.664062823211832,-0.5815510813170685
agm003602504,10.793429370285258,-0.20032781162583527
agm003602542,15.662265865086082,4.2496575181511345
agm003603153,18.789871972827296,2.5514001491903393
agm003603299,14.808610627390808,-0.13082163933747992
agm003603333,16.43536887927258,2.117246184032613
agm003603454,16.44050756514416,2.5482226292463204
agm003603459,11.238928341610489,0.14502288154622356
agm003603616,13.452110916841791,1.1978396843941315
agm003603627,19.89379256058486,5.55266934974523
agm003603781,10.647279646051645,-2.4174746349038596
agm003604308,15.931952854777544,0.08498218119737129
agm003604337,18.505506508864173,-0.09187284068516632
agm003604689,13.35136903947435,-3.186388308124139
agm003604700,13.727356880898995,-2.11615879170081
agm003604955,18.048583363701344,4.441703009417876
agm003604974,17.323217832064994,1.8285642996307558
agm003605123,19.415698949658246,2.418656364599928
agm003605170,17.082670848788524,1.6146122172577648
agm003605234,19.17187066646564,2.1608717363435317
agm003605400,8.496642318850933,-4.061603543723306
agm003605486,21.828224287804883,5.321459462382189
agm003605751,14.60472152048343,-4.160793033542959
agm003605771,16.181583070047058,0.1969502553315703
agm003605953,16.24492691158532,4.6106416756792
agm003606023,19.590890453304702,2.7521439667265946
agm003606036,23.515338739630916,6.159113846684178
agm003606155,16.680678108887285,2.517950305572693
agm003606181,17.247261832866243,0.7298433211196903
agm003606217,18.0809711007516,4.657803841161336
agm003606270,17.523710489159807,-1.2355017785925095
agm003606290,11.084337392718467,-3.605946887721069
agm003606514,20.412920658766186,2.1943397804272258
agm003606651,12.250517756686369,-1.2110031696822983
agm003606654,15.695885037192156,-3.2243725497455036
agm003606726,8.288453245625787,-2.6150986806961867
agm003606819,21.320045037018833,3.237155651690376
agm003606825,15.78326745543228,-0.8614321705097202
agm003606827,21.727222666831995,3.370847792868775
agm003606930,22.298988481804685,4.862177009528214
agm003607006,11.84706884418145,1.049264369875959
agm003607211,15.327490292491355,-3.3938502601544016
agm003607280,12.971923580257013,2.3156635809174193
agm003607386,13.957974642034868,1.6065942543706886
agm003607399,17.33529006539822,3.8128326043920295
agm003607411,14.293327400564893,2.766924649263086
agm003607463,14.38834568775031,-2.053248175531337
agm003607573,10.117243475934506,-3.7838918502145202
agm003607604,16.89526258078575,0.12810876234408575
agm003607640,20.6936696111453,4.771894168535554
agm003607653,10.673995144317649,0.6597058221774876
agm003608020,16.77001551914615,1.1297736856477585
agm003608031,13.411565438359709,0.5597216784126436
agm003608215,15.29546189628362,2.258845420871987
agm003608326,15.98358582236834,0.33093457017782296
agm003608355,20.269531533826804,2.115868040548827
agm003608452,18.366949075251174,1.4103977128332044
agm003608453,18.106117179147436,0.61750308036547
agm003608569,14.799513621112093,-2.8968718420279944
agm003608646,14.2161503808704,-1.0039015402886158
agm003608723,14.859790798950321,-2.68891413659701
agm003608732,18.276928592306152,1.1990788978284546
agm003608752,18.292086447295052,0.7572319023055591
agm003608987,19.45042394297017,1.8650505481500386
agm003609013,19.258988196325802,5.463276353391712
agm003609059,16.724287343092268,2.882128130706717
agm003609083,16.85857423233651,1.921043778719935
agm003609100,15.942577753731582,2.4625869871836517
agm003609129,17.010351654429375,1.206457386767197
agm003609172,17.90022722066125,4.943316501312247
agm003609182,8.208123453894354,-1.4820799066970742
agm003609206,19.9041732116066,1.9754678185992194
agm003609230,17.03469595455069,0.42315568649375673
agm003609347,7.308923414715813,-1.0444059328953195
agm003609362,20.24553829987659,2.954669975820432
agm003609552,15.827820299822925,-0.9671610422145788
agm003609725,18.342945196046294,2.740403130893403
agm003609738,13.310022190326883,1.0913844720051997
agm003610064,15.32541305613361,1.1610797171729441
agm003610090,15.695691725978412,1.8763158204859263
agm003610167,15.311514466945582,2.3474345744387004
agm003610214,19.90839636960722,3.418865624518086
agm003610383,18.410933312400815,-2.0329926490856045
agm003610462,18.233600092634262,4.125160465227638
agm003610469,12.245153414027605,-2.914822825842301
agm003610490,15.58229410269044,-1.3492799580371766
agm003610544,16.66617142038528,1.0470070830827947
agm003610789,16.36641277727208,1.741119412835691
agm003610847,13.725419516469744,1.3259576534018092
agm003610871,13.721052612286615,0.7462689423969403
agm003611211,19.240256422412447,2.2792534287262485
agm003611328,10.109814738657061,-2.348979112947296
agm003611451,20.12017658116508,1.0614490223529565
agm003611469,17.029844879891552,4.697171169769027
agm003611609,15.540463871676103,-4.11460325555804
agm003611676,16.821192751334667,3.8393682275747874
agm003611991,15.597689381246138,0.9229295636544377
agm003612127,18.093448129161548,4.116182078233602
agm003612227,18.27930952206456,1.5170391186295964
agm003612385,12.866613300760037,2.8770639307310857
agm003612737,9.186557902572483,-2.288195851184777
agm003612959,10.000797960778915,0.5813760348833421
agm003613000,13.39264909189091,1.6654785135648051
agm003613186,18.114983888572432,2.480954875482965
agm003613262,18.904445427537215,2.6614480542162173
agm003613382,19.323908253599612,2.782575514803445
agm003613817,17.13207579688333,1.4968566643031593
agm003613836,17.675081256708516,-3.5729195833680825
agm003613927,14.745948175873549,1.4301032051828475
agm003613938,17.11573494167009,1.2806917920978558
agm003614060,20.456014078301372,1.8467758791363966
agm003614085,20.84027800518029,2.433463007387868
agm003614136,10.42311821309349,-7.1291223958293255
agm003614299,20.064271525536686,2.237064891004734
agm003614450,21.366829689709267,2.7027818768830345
agm003614481,20.504745581098593,2.5575027555972376
agm003614582,20.399241005975252,2.2388737081168824
agm003614584,20.769476296716036,2.399344559805547
agm003614619,15.975446170155946,-0.2960286425390084
agm003614635,15.555254433282025,0.5878840417863378
agm003614646,19.289924599979532,1.8852446248732013
agm003614657,21.33986539479691,4.846213748716477
agm003614659,19.48844809877133,3.764439651370618
agm003614661,19.372948317905184,3.71164228467579
agm003615495,17.588119943391156,4.355100635578202
agm003615622,20.16045545141897,3.6062648640984953
agm003615652,19.283886135395463,1.0414359777615676
agm003615697,17.799514704005148,0.37123702371403855
agm003615735,17.754750709995296,-0.27005110240532115
agm003615748,19.005922682901826,1.3069452740452299
agm003615759,17.159626424026317,-1.266637803536713
agm003615965,18.49215711082888,0.7313117562867939
agm003616088,16.438544349392103,0.081050229808044
agm003616101,18.06999634109436,0.8633549183833171
agm003616112,17.02245531724301,-0.4983698518680395
agm003616121,16.792847329306134,-2.791707417995176
agm003616131,16.506129616431906,-0.6094583707916517
agm003616164,16.524388332436626,-0.599783451763721
agm003616168,16.092066882217267,-0.7384568887390062
agm003616258,21.088101999731492,2.388827848499724
agm003616273,20.60288486963686,2.288258174146054
agm003616302,20.6320565781619,3.321153738403435
agm003616355,16.238378788007477,0.17775314482423266
agm003616364,16.291885364313682,-0.672011950316957
agm003616418,18.171153177923063,0.3477256656378085
agm003616447,18.360261115029076,0.11610793296273325
agm003616450,18.19833176050454,0.3664293923587483
agm003616503,15.422641991660766,-1.5069115765332342
agm003616512,18.571576749006166,-0.6991979329601365
agm003616513,20.00033358019759,1.87058861946357
agm003616526,16.6865038702685,0.16115791162431492
agm003616555,19.222268299064282,1.8373563474607915
agm003616571,22.619862367498673,2.1153034202769785
agm003616574,19.369321786523805,1.8912074975040936
agm003616586,18.278303622032325,-0.7451981112228161
agm003616612,19.776014321055484,1.2861058776767091
agm003616614,21.942523629570708,1.8160863590084295
agm003616622,17.83276733557004,3.9676269557350556
agm003616634,18.39281433384192,1.030856646592734
agm003616638,15.395679795205996,-4.705771716257928
agm003616701,18.988728423128276,-0.5639868860813539
agm003617190,16.275119025456576,0.037671439244719274
agm003617414,13.134430820594543,-0.9499013092190562
agm003617626,15.187906702200264,1.1109613164182273
agm003617946,16.221338543470864,1.6283345413215367
agm003617960,16.28021846924995,1.6585169627370329
agm003618181,14.008944604492914,0.11762824763383861
agm003618386,17.457884291941546,2.3118106005796877
agm003618391,17.731200125537498,2.3637078510824425
agm003618795,13.716874776235695,2.4967992169611986
agm003619380,16.19092977565723,3.9335150355563133
agm003619544,18.32439692142823,0.6550998482580583
agm003620488,18.071502722015264,2.2129532692039326
agm003624031,16.558943563224407,-0.60148797752161
agm003624604,14.745716961228554,0.7347018594664707
agm003624949,14.720089752159302,-6.398828390603077
agm003625363,15.065691557709842,-2.0178036014112415
agm003625596,17.413071872278582,2.5335494781677017
agm003625623,17.863691263073928,5.8885138704868885
agm003625654,12.60517417652033,2.4343244551636825
agm003625681,18.03621312751509,4.670704259989378
agm003625718,19.139332858475,4.770434049882289
agm003626092,17.626471958284274,0.905510539308632
agm003626093,18.915568620752957,1.4116835128589074
agm003626409,15.015915477276739,1.04569683403576
agm003626534,13.869019456359812,-0.8325769664603833
agm003626586,15.418387717300474,2.6607482814430794
agm003626596,13.513404564256678,-1.2826726963493655
agm003626685,17.844658901267994,1.8154497025107927
agm003626700,18.51878712144147,2.08073685002645
agm003626832,16.719497508648992,0.20420263872778754
agm003626833,16.66108426628092,0.17719425054246773
agm003626927,15.06789730757191,-3.5089789685861428
agm003627261,19.02910591738962,0.35838347392896885
agm003627348,13.820005604991042,-2.2005479475811134
agm003627486,17.767207818623696,3.607531709779864
agm003627580,14.063916467556982,-1.0186897603448895
agm003627982,18.95491042844366,3.563288174700789
agm003628011,19.29259386345361,-2.5052712023163126
agm003628084,16.317956923850165,0.3683566280675894
agm003628364,14.728130560312898,-0.5182467899192646
agm003629859,16.88067628335485,0.374037070881724
agm003629868,15.301284458530567,-1.7109944586201253
agm003629887,16.59704686298766,-3.2891618066385364
agm003629904,18.040499041288395,0.9440381077797957
agm003629925,17.164508864059375,-0.4350116701405007
agm003629933,16.320742821099284,-0.843544900650496
agm003630011,16.143277359856068,0.03559368282828235
agm003630174,15.788667590724048,2.336914551496066
agm003630188,13.270595893200802,-1.3370998004257109
agm003630204,13.532003732355559,-1.8420233817750917
agm003630205,13.604204688092878,-1.8228171747469588
agm003630277,18.35763282931439,1.29765837218826
agm003630355,17.586023739111212,-0.07801050854379454
agm003630390,14.428158945583013,-0.6870210718488394
agm003630391,14.879618679101828,-0.5457815710383951
agm003630452,19.414956319627397,3.1559219377061094
agm003631616,13.957005481470134,-4.303887970821249
agm003631667,17.914899409097668,1.7326351434285474
agm003633112,14.32955995840665,-4.0338028245950515
agm003633255,14.122327455308511,-7.020029567988074
agm003633698,18.72353869265673,2.6183956333173795
agm003634111,16.760675860222044,0.6794461985912257
agm003634659,16.068472168395715,2.15908271520708
agm003635168,19.198529059484404,1.1180824883269649
agm003635677,15.186841652516827,-5.696689031630937
agm003636413,15.443700924835206,-0.5009909599118583
agm003636744,16.912661404539907,0.11705202240699375
agm003636845,16.30438336493821,-0.6012094704247639
agm003636869,18.839385086996003,1.0156650974111736
agm003636984,22.32418440431422,6.464590747471828
agm003637747,18.024683628534476,-0.677796984728305
agm003711950,15.332260896435036,0.6174349251393962
agm003711959,13.715756467255593,1.9556012020790305
agm003712480,14.46893428493593,1.077064994769645
agm003715837,13.852001435072633,-1.040482534931447
agm003719819,10.967170217569107,2.728104612214426
agm003719849,13.207014067644062,2.709423495825772
agm003719877,12.047054819899838,2.4914580155106356
agm003719981,17.627014060282697,3.840801443026894
agm003720872,13.227717595463309,2.0475335760508484
agm003721150,16.75375940417947,2.8372524946130646
agm003733914,16.800091219003114,3.467206690001482
agm003734798,9.596195181003969,1.9078594848151227
agm003735654,6.867330403073503,-2.6228163508111053
agm003736676,17.59121254718306,4.290125540166977
agm003737973,19.38534406734651,2.792273687969253
agm003737993,19.442468514878414,2.803073517852168
agm003738655,9.618539341239334,0.4133726323833861
agm003739979,13.848960738546578,0.5335013360625661
agm003740506,16.759260108809812,1.2976312897581508
agm003740605,16.795429430540153,1.419603877960295
agm003740895,9.167783135489161,0.026570627878099273
agm003741569,16.803968393595266,0.9688245157474462
agm003741571,16.46359026601217,0.8522776496857372
agm003741621,15.305752972183678,3.4576518006769112
agm003741868,15.718162639518141,2.450171156027663
agm003742044,17.647474095036227,1.6918454964885068
agm003742311,16.992841321259156,4.4642713258977205
agm003742316,19.569405916508508,5.5521498901649124
agm003742480,14.166856741424404,0.42983119575414425
agm003742573,14.725532445257445,0.47567033157248656
agm003742583,13.406700855699752,-1.1240753894497584
agm003742654,14.616836939605747,-0.6966674761255346
agm003742817,18.78381131924076,3.7761542376224106
agm003749449,16.933253119606317,2.609677252358066
agm003749944,16.9407669880887,3.6830176360495077
agm003750183,14.563703189166302,-7.520419765567027
agm003750318,18.170585879256976,3.2073074795600847
agm003750492,18.823924064492477,4.413557046307766
agm003750771,21.02759678603618,4.260686050919862
agm003751032,17.216353364326867,3.439518479721007
agm003751158,15.812248191763153,3.52337097181462
agm003751187,16.317678449470296,4.0179883255468
agm003751514,15.742173840861566,1.8376992272508292
agm003751772,17.569872763990613,0.3653065916724157
agm003755635,14.89522945470184,0.9852554953164455
agm003755654,16.965301721492025,0.802610416548117
agm003848744,16.627957051385284,2.900147208977561
agm003922680,11.800677107828584,-3.128613843493336
agm004017393,13.343495750133433,-0.0535544278851221
agm004043699,17.054105172215458,3.310035485491621
agm004063661,10.839981698605108,-2.6591733856097988
agm004081835,17.33253558149593,4.614293358708755
agm004095660,10.404857820961647,-5.334196168623873
agm004098850,10.289358342005626,-5.279353651518662
agm004107857,12.00993802850647,-0.4291571874480127
agm004111069,11.355026816457304,-4.527881325265772
agm004115413,11.748211394589287,-4.168096540927444
agm004125178,11.14163900460175,-4.560505498542131
agm004141992,10.612038278873621,-3.368921679524139
agm004145031,8.943903449847294,-4.79746301237052
agm004158696,18.026248646281676,4.516620495094022
agm004164736,10.539754301197753,-6.119086508216554
agm004171858,18.95391302009163,5.7888913565339015
agm004177081,13.074425761431407,-2.6401095016189933
agm004230125,11.986968884148805,-4.2960874854265825
agm004234112,11.86073715570144,-3.632342004565846
agm004258749,15.024924301200294,0.8129845661582662
agm004316581,20.317690506736557,4.323084901150868
agm004326454,13.992089741179553,-7.6507204446809745
agm004333120,11.796770079708269,-3.2154382755774686
agm004408849,15.76558869104823,3.3752248695879787
agm004421625,15.259430444829757,1.6374656518426827
agm004442358,10.766207608610193,0.007864147131899202
agm004442524,18.911457503066178,7.650332355754043
agm004458931,21.03146193513656,3.99340863032558
agm004464908,8.0879337273524,1.689287684360556
agm004742296,14.589283915024312,-0.38839127686327163
agm004742319,14.868636585745238,-0.6033101210205635
agm004742342,13.86410482132577,-0.4999341630563947
agm004742355,11.851232454320195,0.3976139203817605
agm004742409,14.094232463331808,0.7169950634872316
agm004742456,14.662670929111535,0.1574058683580303
agm004742654,13.418437396550779,1.5647794050459378
agm004742678,15.909934495226837,1.6307857208946779
agm004742720,12.279501260609045,0.7901216053316199
agm004742724,13.360101001369094,0.6735281265753722
agm004742747,13.576680745408794,1.2260416654268866
agm004742749,13.181283352889258,1.0883942274058207
agm004742752,15.124473754164335,1.9928080111746933
agm004742761,14.312305099494877,0.9231209232123145
agm004742776,13.740388433628807,0.7043924873575129
agm004742810,15.655789289575992,1.1168209113850107
agm004742811,14.862072611259208,1.2675732219457554
agm004742829,14.658505259835572,0.5518508247313054
agm004742859,14.370789356736674,-0.7981864312154681
agm004742880,16.360730059483554,0.2735949639225055
agm004742888,15.204710651118662,-0.2898607628310336
agm004742899,14.723039193197797,-1.9384295641492741
agm004742918,12.307459439691065,-1.091655944970265
agm004743059,16.194533087315133,-0.6590264565011736
agm004743064,14.869326338624196,-1.2172728878249994
agm004743089,15.905025631078393,-0.354292154251936
agm004743109,13.19731711055819,0.4635828680229288
agm004743110,14.969608691646036,0.931008730080349
agm004743195,14.348698969231423,-0.8393782420911204
agm004743221,17.295821694375803,-0.19725163603783477
agm004743223,16.02160264801962,-0.5399788435519289
agm004743225,17.403874970207152,-0.17032801542315212
agm004743293,12.499628675569284,-0.5915687143479692
agm004743314,12.312219909547068,-0.3666220657905015
agm004743323,12.356299529518445,-0.39822900659171684
agm004743358,12.266414571374247,-0.3194063836504834
agm004743384,14.565644285324273,0.6760579918344778
agm004743388,12.902423778797385,-1.4971969931404594
agm004743452,13.140341181989983,-0.6273161307216437
agm004743459,13.66863946538941,-0.59488713410407
agm004743488,12.52184655139188,-1.0573548889005024
agm004743536,13.84870291475447,0.6524461059927175
agm004743553,13.41916062320666,0.4624361620393298
agm004743581,13.011819201698883,0.2833374265705668
agm004743584,13.39367494873441,0.4431288979211831
agm004743598,12.258281727276517,-1.12869378855532
agm004743614,14.946111036937475,-0.6147634261231788
agm004743616,15.208168832404636,-0.45457210718959357
agm004743631,14.777581259122565,-0.6771764641956389
agm004743637,14.6189722927087,-0.7414013864469737
agm004743638,13.207049416481581,0.31351021346725244
agm004743665,13.706905016539432,-0.8681213540377843
agm004743728,14.092989366618342,0.4103861152123744
agm004743742,14.488449842943377,-1.2542824989949146
agm004743743,14.237963006729188,-1.347801727150383
agm004743750,13.534568776481308,-2.278585088520412
agm004743818,14.732417546127392,2.7979318667445394
agm004743836,18.726053077239744,4.431396036614267
agm004743870,14.237451008154379,1.9191426395255082
agm004743886,15.957508357583679,2.5611062936856475
agm004743909,12.713998256208725,3.1680800322017526
agm004743918,14.842190907332997,4.077863333413926
agm004743943,16.408090310214813,3.5733267815845164
agm004743945,18.864923613240066,4.574976737248478
agm004743960,18.878671682331444,4.942783423429468
agm004744039,18.229910976573894,2.3407674338399644
agm004744052,14.745004446295999,2.891031338964923
agm004744056,14.289432214206935,1.311716372520867
agm004744057,16.4340621363975,2.580872144267543
agm004744087,15.393873200398552,2.3231271452285376
agm004744117,16.966295077922904,2.3505135354698
agm004744118,15.936781798442746,1.7844446254173103
agm004744177,14.739385990601539,-0.5829752068151967
agm004744180,13.163060405381605,-0.3156542311987807
agm004744240,12.606711993560765,0.7224489550919285
agm004744260,14.040159867561435,0.6867682572766208
agm004744266,13.39256112531767,0.43121958934094157
agm004744321,16.298847146006285,1.5362633399886392
agm004744324,16.04142835939602,1.4455291183867036
agm004744329,15.669365740992967,1.7361643712974164
agm004744477,19.067564561431073,4.713896100563247
agm004744478,20.989057959318295,5.346419070541606
agm004744495,12.092487723967649,1.6479319339218403
agm004744496,12.801407246386203,1.8460248669373414
agm004744547,13.521971321187882,1.3727156664837044
agm004744576,17.228061277975304,2.2984066962246934
agm004744577,15.873706872235294,0.24850797134020297
agm004744579,12.364368637654735,2.696879337097334
agm004744599,16.95874416489097,2.526964339445879
agm004744639,10.025702512345704,-0.3586205540245544
agm004744690,15.896526368345159,-0.36395629701323057
agm004744750,16.718533308003167,1.116150664712914
agm004744798,13.743945152508893,-1.6941582942315871
agm004744857,13.191862171130017,-1.871571073636743
agm004744886,14.282420127622872,1.765932122591817
agm004744899,14.323691568061966,1.6688446944482713
agm004744900,14.426183323464707,1.7019402505777126
agm004744927,14.239418661853826,1.493566319669858
agm004744964,13.751902050997705,2.1029461671396095
agm004744965,13.568325547890227,2.034550749807187
agm004745051,14.450251464614082,-1.4255126625487573
agm004745099,14.617797627914292,1.5301519157724766
agm004745106,15.143661059970393,1.1184817072067197
agm004745129,15.131581383702086,1.085371192704845
agm004745141,16.571981872708673,4.027430278318005
agm004745147,17.165892291326358,4.652640732347819
agm004745166,19.443639947174958,4.970965099819235
agm004745175,12.376843970210134,1.2522018538949802
agm004745188,15.715253266935667,2.597473578818431
agm004745214,14.476308713648985,3.247672135584027
agm004745228,13.932504279046967,1.121652018428246
agm004745267,16.32150916979023,2.4714927720151745
agm004745279,16.327785799627527,2.6248800946833266
agm004745296,17.212124085444255,3.1423980986470688
agm004745329,14.439728864274217,1.631286245648127
agm004745345,15.42622896283011,1.5606716174815745
agm004745359,14.206838463622786,1.3915542807249306
agm004745363,14.061070265317037,1.4781093495750899
agm004745365,14.400767038103874,1.6078709980114212
agm004745387,14.464922909087377,1.7542075876048735
agm004745440,13.485654689248085,1.246012340247092
agm004745453,13.337965929008623,0.003205358629216448
agm004745476,13.735083259724888,1.7796472096030627
agm004745480,15.826503008656744,2.093232866391972
agm004745508,14.229771386120476,1.0487860417788248
agm004745517,15.758391542120629,2.431978513419734
agm004745548,14.717553588332814,1.2444758736423793
agm004745552,15.176817557952239,1.4133898757786412
agm004745638,15.544454940669235,3.3606943704268772
agm004745671,15.467964788539682,2.433535306888638
agm004745698,15.39463812472176,3.601331563935748
agm004745714,13.629471648340475,3.620050442415455
agm004745728,13.641372722697971,3.0063369278532357
agm004745749,13.534137975369754,0.539694203462164
agm004745752,13.607750523528487,0.5628216861484692
agm004745754,14.04203890925701,1.2192893982303368
agm004745771,13.833399844959146,-0.05048373806781292
agm004745784,15.671405275443341,4.025736441784706
agm004745808,14.534096060374154,3.29859702431555
agm004745902,17.04808424367831,0.1276229334067048
agm004745914,16.5664672036061,-0.13655967106077446
agm004745938,15.528255112697368,-1.3540147347580074
agm004745961,14.774816627485519,3.9486124863043304
agm004745981,20.893805891189245,4.958723159131058
agm004746043,14.064601994903827,0.1644951765860719
agm004746047,15.731873362476563,-0.11077216823942788
agm004746058,13.719050705181543,-2.1565565025288733
agm004746077,15.534883382195495,-0.9270480669469343
agm004746095,14.149454350324012,-2.817604375811811
agm004746120,17.01233594231556,3.623764599707762
agm004746149,16.489429146784964,2.627256651543133
agm004746151,18.581574418638482,4.397999999371373
agm004746187,13.935240708092996,-2.1834251005371925
agm004746198,13.87296530303522,-3.9262032572771957
agm004747161,12.742240849134134,-2.2159998594499886
agm004747467,13.324026980950757,-3.182008979052647
agm004748104,11.43666543591179,-3.6666698663691215
agm004748135,13.306798404443768,-3.796548243446244
agm004748400,10.711837732418893,-3.3791111896342083
agm004748409,10.702443480435912,-4.038151125526632
agm004748414,10.750095359850901,-4.023696581299757
agm004748859,13.665890046711793,-1.9993038912715317
agm004748883,13.333058789187744,-1.3639978328892763
agm004748940,11.431168822133932,-3.028383291841974
agm004749022,11.053757205497257,-2.9978703812449154
agm004749194,13.676623015818015,-1.1963874903365432
agm004749906,9.515410077076409,-3.4001646355594315
agm004749907,9.56262638111304,-3.3913201142936806
agm004749940,13.296214624999381,-2.8728956402707353
agm004751511,15.589660532943505,-0.6249389922144607
agm004751518,15.97453855723427,-0.49305775875323476
agm004751521,15.88387312314063,-1.278791510918964
agm004751544,13.638714126359735,-1.349748279129546
agm004751553,14.590648063587146,0.09763109722124004
agm004751563,15.168264709209021,1.9659747241484329
agm004751568,15.227808583670017,1.0677777057043698
agm004751574,12.728893949730127,-1.1906097784318614
agm004751601,15.396293880011946,0.009943008542810125
agm004751639,16.70965896737723,1.369266960802187
agm004751652,14.020409160707677,-0.2560775189048676
agm004751659,14.732715576133748,1.9131638821631232
agm004751669,15.912079745463659,2.3458551743926344
agm004751672,15.673278868383926,2.2602260621914216
agm004751701,15.628968492896036,1.3481008895584228
agm004751714,16.586290938532134,1.7020462255085036
agm004751735,15.30976973655229,-0.8625113616626052
agm004751756,16.232480599900992,0.05987493735946181
agm004751841,13.58527993984953,-1.3621093546590046
agm004751844,16.231683423823252,-0.9343456663747413
agm004751868,12.73723747876848,-2.0625345347963715
agm004751871,12.958735941938956,-2.004118791841476
agm004751926,14.093724650449017,-0.8074226618191815
agm004752045,14.336926407539657,1.0100056916752937
agm004752053,16.073088103788905,2.630025843332501
agm004752092,14.458534359969859,-0.48348704696727945
agm004752146,14.426505506914289,0.0780637707748113
agm004752200,15.345371455157526,-0.1733880911836311
agm004752204,15.456153203647233,-0.1147654317806334
agm004752210,16.245521369808937,0.2865268228736693
agm004752231,14.527802549411083,1.5602166341357926
agm004752271,15.113944800193876,1.0758312981520206
agm004752281,14.796034180641385,0.9984783655007631
agm004752398,17.740655314788327,0.2780101053921378
agm004752442,13.268893949421631,-1.7245493211307512
agm004752460,13.7120980190041,-1.2246900103573541
agm004752468,14.340382161983975,-1.337728591234016
agm004752469,13.465848157044347,-1.173236292124545
agm004752495,13.67668932447638,-1.912924617669745
agm004752562,15.116222105336114,0.22106084142729365
agm004752599,13.054802110733549,-2.6174132056314487
agm004752603,13.902895937880261,0.28972070021197344
agm004752646,14.624296457727164,0.2312525609898556
agm004752671,13.271704103083243,-2.6457609641914224
agm004752672,13.685942913732681,-1.9983095300896647
agm004752729,14.869485918977274,1.421770494422575
agm004752759,13.274328557602866,1.598945647065026
agm004752802,15.932635895674222,1.3072110402476866
agm004752908,15.387136455890547,1.922665950743364
agm004752918,16.743510611413097,3.2058506741160833
agm004752994,18.010077125821123,5.625936298328196
agm004752997,15.55778865827056,0.9576880617390238
agm004753037,17.403136874683565,2.598412768364368
agm004753055,19.113200725202883,2.933500029250696
agm004753091,17.88192494111291,3.6910161021007624
agm004753135,12.547482832958586,0.7048026317123259
agm004753148,13.223044899877173,-0.32048775519222455
agm004753155,14.908956275516863,1.1505996324377172
agm004753188,13.842553599358267,2.076202606681146
agm004753193,15.015797975024567,2.7035325234247245
agm004753201,15.506624800923836,1.1867384471999898
agm004753227,15.08388453360287,1.4471989755186019
agm004753269,17.731934837304088,2.759854075373982
agm004753309,13.853171687584156,-0.07057857560698366
agm004753323,13.718847496857514,-0.09428331505886156
agm004753342,13.231224112118346,-0.3073097024579739
agm004753400,15.080397541249292,-0.6060539427528996
agm004753405,14.5145392050445,-2.265011956785829
agm004753505,13.344724008137455,-2.624193311345192
agm004753522,14.49199721320218,2.7849731103106907
agm004753546,14.154812307137172,1.4330609488187764
agm004753554,12.497808196464533,1.5983627824212807
agm004753568,12.895099512968104,2.4281170312345144
agm004753587,14.403727446055498,2.4673738685109785
agm004753599,15.185748075418717,2.802827274432594
agm004753618,15.445941485223338,2.265147615393364
agm004753624,15.566509233223242,2.310978787345993
agm004753664,15.542468618443037,0.3914487835643599
agm004753665,14.580195786345286,0.4848772139821964
agm004753706,16.352078987815137,2.1966920034646478
agm004753729,15.821878345591003,1.23769734248554
agm004753773,15.561036839458621,0.051061917994971395
agm004753795,16.610470196662032,-0.21551979210763741
agm004753833,15.97592953159898,-0.48942822505083744
agm004753858,14.20703534622099,-1.0504358466691688
agm004753944,14.154797584794744,1.4101163544387691
agm004753945,13.96048363941214,1.3519603807548535
agm004753949,14.611926692515665,1.1158177700021543
agm004753979,16.039620874911904,0.09747441828119581
agm004754008,15.645875582325004,-0.09093396476119982
agm004754024,15.639582430476928,2.1002497563060385
agm004754040,15.386501577861663,0.7404454082748112
agm004754044,14.936731197548811,1.0006746440004015
agm004754051,16.01787281811443,3.4250662618081655
agm004754065,17.527024213277837,1.1508368043624273
agm004754089,16.701478141027078,0.7339665934310536
agm004754092,19.682883355381303,5.49680524895652
agm004754109,19.01104427068479,4.990670674263774
agm004754112,13.285512625964202,2.3470559255918286
agm004754141,15.301945898820849,2.446113638109821
agm004754166,14.127265061305543,1.3308660816139704
agm004754170,15.74455397422225,3.582668305198164
agm004754224,16.604255975950988,4.2047959413435345
agm004754241,16.64288327225309,1.6301356689488362
agm004754242,15.823017364760814,2.7401251367022343
agm004754253,17.29748797590406,1.8349252705720787
agm004754266,17.111483913549712,4.110135802056894
agm004754297,18.13729481205243,2.3282190807802023
agm004754308,17.0480197180207,0.8433328278640447
agm004754383,17.302527970183547,4.464185742255921
agm004754404,13.987127858938406,-4.353851199192946
agm004754441,15.082639090280148,-0.7261216858086387
agm004754442,15.566554378412333,-2.293008010229853
agm004754566,16.101033793912947,-1.1403009586739998
agm004754662,13.224433855158493,-4.801888707960129
agm004754680,12.524511724160513,-4.2642385062689305
agm004757599,11.802688136670442,-2.478425322405167
agm004757600,11.634500809770506,-2.6953958474553326
agm004757908,10.532255060576142,-4.4267609283419285
agm004988168,15.518041263168223,-1.9907710538215355
agm004988194,15.630094007408564,-1.963565814408716
agm004988372,16.192396748029736,0.14530053747538715
agm004988429,13.334870087300624,0.9319469403110858
agm004988762,15.965309608017838,-0.5337651883164611
agm004988771,16.447903127615593,0.022317928320322977
agm004988788,18.193564619615437,0.3576462669049178
agm004988836,21.428665616585462,5.020379665927881
agm004989171,14.308270080359978,-0.8024746134794327
agm004989576,18.176059835506145,1.1657134216784002
agm004992385,20.832285297380373,4.88642503168807
agm004992909,15.176922267811127,-0.8006736433368793
agm004992935,15.532039395984716,-0.6650532454187633
agm004992944,14.497596945109802,-1.70324561615963
agm004992965,16.092232896678404,-0.3925575684087882
agm004992977,15.268536289172925,-1.1569174453682316
agm004992989,15.370349293283686,-0.6717391068743936
agm004993019,15.165080853293242,-0.2225747008759143
agm004993073,14.827723799508458,-1.7296663941618449
agm004993105,14.216990098103286,-1.061553201784119
agm004993127,16.02876371975869,-0.8721585945163881
agm004993144,13.825324568915377,-0.829807104499622
agm004993164,15.910440249156556,-1.5381387058487674
agm004993168,16.105346473190124,-1.4630508669121987
agm004993181,13.699308987812092,-1.7903595944677222
agm004993182,13.834875747201702,-1.75655473343851
agm004993224,13.78156970206551,-1.895233851416768
agm004993254,16.634444323891536,-0.5532268320652569
agm004999390,14.67512353660074,-2.588788214276879
agm004999569,16.175518288987774,-1.2862989076168305
agm004999645,15.152183527180256,-3.5305108489140418
agm004999679,15.883739847520152,-2.695340569603154
agm005002905,15.533551256643795,2.6924097648649834
agm005002938,16.034962599684018,1.4855677786232164
agm005002944,14.233275621817583,2.426479893235888
agm005003108,17.559666696547623,4.1586491685430005
agm005003220,18.47268500002079,3.9348461181820924
agm005003278,16.086661715692564,1.5349945742273328
agm005003298,15.287555456996952,0.5463747663734331
agm005003353,14.164852830783042,1.2364927862997377
agm005003477,18.132167651664822,4.124435582515334
agm005003522,15.828064476718865,3.1369429075095523
agm005003530,16.183929105412954,3.7298623550039345
agm005003546,16.446566580615364,2.3929508965216764
agm005003642,17.902257197634533,4.739241367521769
agm005003660,16.64088741305003,4.192705559300779
agm005003670,16.182887243018108,4.311982073872693
agm005003682,16.87284906578393,4.396906049153367
agm005003692,17.199699957664613,3.7015637918786526
agm005003712,17.86444347744119,4.841785135033614
agm005003778,16.49373025242429,4.1492277866079945
agm005003800,18.12755808258454,5.522525016117449
agm005003905,19.493106537544143,4.172744632065325
agm005004111,13.388458948113485,1.4982367866875754
agm005004154,13.598342874929838,2.322254437176882
agm005004173,14.211238239035396,1.8402387440115995
agm005004177,15.232356085579568,1.3034655665406512
agm005004243,19.365038934660266,4.391930288873392
agm005004273,18.813803229047895,4.816498918678933
agm005004280,14.122207180101492,1.611183087806679
agm005004304,14.176499149062678,2.1387681397552614
agm005004323,13.467957137183737,2.3436236510413346
agm005004434,14.236672726200158,0.7714519800350856
agm005004483,16.576804978332433,4.800758976635067
agm005004724,18.254416217179987,4.819003633854884
agm005005506,14.340830356830176,-5.155894435548009
agm005005706,12.530712997945084,-0.8865446247934508
agm005005842,14.046985626024469,-0.7857938721237154
agm005005928,18.265737845915645,4.780252729100305
agm005006342,15.285310100864573,0.2402087290614162
agm005006595,12.452664278854908,-0.5039177666627843
agm005007031,13.525064075177227,-2.034336001520731
agm005007186,15.093041732343806,-0.18584766321802135
agm005007234,13.665311531784502,-1.8557529964414656
agm005009835,17.759826714153185,1.6448977857785216
agm005009947,13.220118992890765,-3.2449262241437657
agm005010320,14.831643751719039,-1.8687392463827777
agm005010602,14.189086598760648,-0.9522665091322707
agm005010692,16.07949107540755,2.941682040580848
agm005010802,13.896921851780515,-0.7743842024411933
agm005010803,14.503353181534669,-0.48545001424904444
agm005010834,15.7500734069271,0.4506445421548172
agm005010843,16.909500816483067,0.3377583379177004
agm005010845,17.546162658131795,0.5983932674306999
agm005010866,17.261550340107295,0.10295424866040151
agm005010961,17.63435867180252,0.9648021952174624
agm005011012,16.357199987910484,0.5107143565870758
agm005011030,18.55483204797519,0.3583261287611471
agm005011047,13.722268651705857,-0.7284729960760522
agm005011101,15.56616752540829,0.1830812844150465
agm005011111,13.217718659893245,-0.5679699258584442
agm005011112,13.082412793631045,-0.6222980743564179
agm005011119,13.692932116316792,0.19500156725729453
agm005011127,15.421204305844213,-0.4987632504977668
agm005011136,15.009920093931825,-0.25192346079417616
agm005011176,14.186878798590158,-0.9828886758817859
agm005011186,18.27714175943121,1.590900271808063
agm005011206,18.559175433714696,0.8762015208261815
agm005011212,18.013052252589105,0.6995141578376923
agm005011225,17.376716282125127,0.5363087292887989
agm005011276,18.025242546117454,1.1207390272558448
agm005011291,16.74393014067861,0.6944629615637744
agm005011348,17.612366932548646,0.44528652526448836
agm005011349,17.835228375777866,0.5255443485449547
agm005011404,16.74544186980206,0.17240475159925808
agm005011410,16.146292192318146,-0.015481910930076736
agm005011418,18.38640495626915,0.46086212869046933
agm005011423,16.60377998075322,0.6236755181448089
agm005011461,16.92366520022882,0.10665699644023689
agm005011472,16.047075787132613,-0.2060457459283434
agm005011479,17.255965186176287,0.23872079594207846
agm005011493,16.739903544680377,0.021303893959998987
agm005011497,16.816439407090154,0.0433028718162717
agm005011502,15.919531513332823,-0.2612590344463392
agm005011510,17.66944271311892,1.0116717787519562
agm005011565,13.034407828990144,-2.8377164099077548
agm005011610,12.426832386891324,-3.9946017942104333
agm005011616,13.464793907213409,-4.369673924940917
agm005011617,13.268408034002277,-4.428561691352933
agm005011620,12.672258239233724,-3.679423220633594
agm005011645,11.366560152581433,-4.3588790695131
agm005011651,10.984112551282124,-4.368904644382736
agm005011654,11.517062490183228,-4.017407199652994
agm005011694,17.02632975301807,0.3543271871128013
agm005011695,17.32272238903888,0.5028455538750144
agm005011739,16.952171816786727,-0.3839443925601714
agm005011777,16.22874495525776,-0.5900521698666907
agm005011779,16.31936694189416,-0.15912730536204833
agm005011815,18.638282937201232,-0.2456579049621233
agm005011878,17.139946675677752,-0.5395694738946986
agm005011897,16.557255101655933,-0.706117039640619
agm005011914,17.04142766384389,-0.20365186034042324
agm005011934,17.788260440749873,0.1633057083260347
agm005011936,17.356543251092383,-0.029129844981832066
agm005011954,16.73140538696511,-0.6619603551038417
agm005011996,16.855970640374927,-0.7799034608212458
agm005012013,16.250139306560637,-0.41776997287778456
agm005012016,17.28170374225108,0.3913195127883142
agm005012029,16.542953749094675,0.5596728499558588
agm005012043,15.454117483715365,-0.8389328344994453
agm005012047,18.15546632992566,1.5980455441253292
agm005012108,16.745170879828223,0.7707084726847946
agm005012111,17.274704689736847,1.2471530109942002
agm005012126,18.2994570838609,0.40019130219384136
agm005012127,17.347673345031538,0.6205793394412424
agm005012130,16.5129566347672,0.8967157531720276
agm005012142,15.374000719157497,-0.41643012236736754
agm005012204,15.9613004763518,0.20414763103678055
agm005012255,15.228997373692817,-1.4525100494619714
agm005012280,19.02503313932811,0.8802684351988347
agm005012300,17.184952705162054,0.17105096808752904
agm005012301,17.93142999764564,0.4709191442008141
agm005012307,18.522613873337974,0.6874355981575384
agm005012330,17.513545320570692,0.24831551528759305
agm005012354,16.63482086311171,-0.09518200102861271
agm005012448,17.556398191294214,-0.07274757215382763
agm005012469,17.14094261333438,-0.2422589255954776
agm005012494,12.106127946272965,-3.5141422607855652
agm005012515,12.940959167497033,-3.596165637430951
agm005012524,12.564748667865773,-3.511012038900799
agm005012533,13.660841231909185,-2.1228600424124826
agm005012556,11.017008383107923,-2.744353384335212
agm005012640,16.62525276216662,1.719188902061672
agm005012658,16.23298162169882,1.5909883887939187
agm005012700,16.072117386751362,1.5523356052429584
agm005012738,17.066365160321055,2.0632945674927314
agm005012834,16.06421420045621,0.09566427397782248
agm005012856,14.003610791714342,-1.891050674387423
agm005012861,16.973934309834693,0.8266729072755681
agm005012864,17.785791977511565,0.42944515157365404
agm005012914,16.866490771821788,0.032344534044252526
agm005012935,16.717871638210827,0.14028467623161447
agm005012965,15.633961290166448,0.20668060514502784
agm005013030,15.149534768711906,0.6649531269572393
agm005013107,17.583586536232538,0.8845981743951719
agm005013131,17.625566716709496,0.4312311102771226
agm005013134,18.045149530442924,0.017802720020506514
agm005013143,16.400651988810278,-1.4151612992675304
agm005013151,16.77592297161825,0.4871558791117742
agm005013162,16.656750456407117,-1.3136877394641346
agm005013194,16.185829481928863,0.24593927207344352
agm005013199,15.853201046022713,0.5287258217426697
agm005013245,11.780221380780464,-6.288249603264653
agm005013254,15.444652524671383,-1.2900109292663893
agm005013261,18.504615918027298,1.1567174070943325
agm005013263,18.81081101748914,1.2881155150422807
agm005013274,17.39986127863731,0.7200354682983757
agm005013280,18.69879867560687,1.2656012289403578
agm005013307,17.943873870894187,0.9141362965985067
agm005013324,18.581126406109814,1.2101495825788546
agm005013391,16.864078844220654,0.4210850099588697
agm005013394,16.987940135040777,0.48046280317397744
agm005013395,16.86377802162062,0.421820445794247
agm005013399,15.334093796102078,-0.8309127495950485
agm005013415,18.142749131053076,0.2355368557158286
agm005013429,19.03049785363757,1.0548868175364532
agm005013430,18.908796108911652,0.998074292558384
agm005013435,18.173210356373573,0.6884138755988005
agm005013479,16.677864883046855,0.07345193938533541
agm005013481,17.242509752038007,0.3201307397591641
agm005013516,17.813506626252668,-1.2834550116279466
agm005013519,18.044632545646742,0.6101199431557098
agm005013532,17.353162369361968,0.3155342115379902
agm005013553,16.116734389495843,-0.10629759113816917
agm005013593,16.521230652108326,0.2381345408310196
agm005013594,16.52568305089637,0.2397769396431116
agm005013614,17.83633511118441,0.009325173565428457
agm005013657,17.367752571987122,0.2930095900790711
agm005013691,16.31801044494326,0.8072874389635032
agm005013720,15.411201802945385,-0.7873835959684563
agm005013751,14.488269127189255,-1.1557518598135303
agm005013769,16.683048967054965,1.4889079605684166
agm005013792,17.381353284419625,0.38833718375897275
agm005013814,17.774497408260707,0.5339060809769058
agm005013827,17.211039312312884,0.2940631737376023
agm005013838,19.928659763798088,1.8621971729807192
agm005013863,16.27830853709254,-0.049788678753743196
agm005013930,17.67406219487752,0.9711013817038328
agm005013967,16.514817903060525,1.3283875364479756
agm005013985,19.8611741005056,1.6939056425605146
agm005014018,18.51911287969918,0.1486324526811707
agm005014034,17.158976945789597,0.15668121968834753
agm005014035,17.823678424988415,0.41346973857356845
agm005014057,17.159471446187048,0.1802238315307946
agm005014061,18.791519536011158,1.0655030914006134
agm005014077,17.615971326971348,0.138993307995878
agm005014082,16.778620466204124,-0.175008890831365
agm005014084,16.639492210879375,-0.22204793377004747
agm005014090,17.170455082919844,-0.34275339802698
agm005014093,16.320221460964266,-0.19241470808177324
agm005014115,16.667741216795783,-0.05379722161175735
agm005014156,20.053368440622343,2.2484515056341747
agm005014179,18.43617803914223,0.383393911312497
agm005014188,19.292254098048122,0.9973956686821246
agm005014224,17.137774003791876,0.837617326181622
agm005014239,18.2668701905831,-0.04627740069581918
agm005014246,16.9703265438772,-0.41709863307342376
agm005014264,16.37313048075176,-0.26113259377701253
agm005014275,15.958232145385903,-0.4235978683578573
agm005014293,16.18053207440119,-0.35091464816805384
agm005014297,16.461638115267064,-0.22195414504446803
agm005014312,16.96883636454468,0.6443587733654041
agm005014341,16.289400282898946,0.3346607131777425
agm005014768,14.557279456992996,-2.4178656371705487
agm005014772,14.152956852488057,-2.604225462523972
agm005014780,14.149025460924744,-2.33069801984387
agm005014784,14.379859127183632,-2.2368312744852594
agm005014785,15.077432624982034,-2.1329990796638434
agm005014788,13.99863691299188,-1.8651603492001052
agm005014876,16.36424522826221,-1.372322973988306
agm005014877,15.119959415095678,-2.1433176001250254
agm005014998,12.9003378147642,-3.002543736495337
agm005015022,14.063869073610743,-1.8627252036032793
agm005015032,14.832180955765114,-3.1857697793373205
agm005015035,15.46606286841141,-1.6517630480709855
agm005015060,13.852531969003815,-2.386388593068657
agm005015166,15.187010539143628,-3.1785159420435036
agm005015550,13.250523890472866,-5.197518748097489
agm005015568,19.04096898308996,4.472023408784562
agm005015608,14.678140165181972,-3.408842129346472
agm005015610,13.76299721801519,-3.797709555351284
agm005015611,14.10128133280835,-3.3502326475888964
agm005015671,15.095364774500776,-2.8983829679419295
agm005015674,14.667645762418308,-3.076948717846225
agm005015734,14.617332713815923,-1.5986148460908922
agm005015794,14.213280898522655,0.17854138429473848
agm005015840,14.033154339390714,-1.604160188710106
agm005015941,14.409415372141964,-1.9540258002969082
agm005015960,14.47011185567231,-1.7178727663806774
agm005016055,12.683363757349133,-2.161158724428079
agm005016059,13.937870995932716,-0.6631751089895722
agm005016095,15.047376119607222,1.9191539969498677
agm005016097,15.952870829248019,2.2171552965108994
agm005016133,16.323922528464696,2.2258148892081406
agm005016161,13.31079393461457,-1.5974938973767636
agm005016289,13.921297043917184,-1.5366637015483158
agm005016328,13.333325063433502,0.6179569332651915
agm005016357,14.52004133311938,0.8604001144091576
agm005016362,16.218011482783872,1.4605132006171089
agm005016433,12.640154504795728,-1.0857997352578586
agm005016456,13.653840907087467,-1.5869217319119542
agm005016479,13.520823305511678,-1.3266384455553968
agm005016502,13.831061214535984,-3.518081459171652
agm005016505,13.675882653934067,-1.8089763780578643
agm005016518,13.599068350910551,-2.0760791113576347
agm005016543,14.853709601849568,0.9270721347636602
agm005016565,12.97689087413797,1.4155146852597569
agm005016571,14.674999867620139,1.4414504438668345
agm005016593,14.999704731831034,0.39266613279005613
agm005016605,14.829466984697007,2.255353700628813
agm005016641,14.291348354849386,0.5547361389765797
agm005016651,14.204895275386084,0.22596830614663901
agm005016655,14.139774329956632,-0.685905551108663
agm005016697,14.61919697559351,1.1858994393711846
agm005016775,13.5280588003646,0.4384594643287102
agm005016843,13.74712535979383,-2.2224305339784207
agm005016875,15.010096323858074,-2.1176422369528884
agm005016992,14.136991575974529,-0.17354537314964702
agm005017128,13.461844904214544,-2.0175504894491603
agm005017153,13.434358732650978,-1.7595118091623014
agm005017199,12.70811435450289,-1.429636300166436
agm005017208,13.216271696157673,-1.9759280490057605
agm005017224,14.265746105683757,-2.2356648884615966
agm005017239,13.527676311569286,-2.2134158061879794
agm005017299,14.351195219463639,-2.197514552640366
agm005017300,15.027595566918418,-1.7411881106978448
agm005017354,14.02156115304263,-2.136741608088574
agm005017385,15.665446077871835,-1.0784732422941985
agm005017425,15.567686249190704,-1.324104289807218
agm005017476,13.935005530746384,-2.9340034323763406
agm005017547,16.373156147818854,-2.433529826635258
agm005017561,16.072442917860688,-3.5927848961623647
agm005017566,16.25450575932069,-3.5612635723473325
agm005017582,16.779122059431337,-3.0411380614625143
agm005017628,16.21985926945363,0.03730559350376268
agm005017630,13.774856929207449,-3.1946134415557745
agm005017690,13.745004897752807,-1.4421123587038358
agm005017717,15.265328668156858,-0.4994940877190345
agm005017738,13.802330360907485,-0.3272059633640126
agm005017786,14.024193301840011,-1.3288408638660472
agm005017867,17.872017787347733,2.2173068693116766
agm005017948,14.81780428053546,-0.670088082376249
agm005017981,15.433287959641223,0.17787916020041764
agm005018032,15.234890329707323,0.5334987667622876
agm005018052,15.23893961315942,0.250056714490335
agm005018098,17.082451983744598,0.8578214010146752
agm005018108,16.205224922566057,-0.08276855283323528
agm005018147,17.259714469260686,1.7564771588823533
agm005018163,15.19934207421646,-0.2860330816420472
agm005018193,13.310241952333246,-1.4904811751992704
agm005018212,13.640453911123078,-2.380948193892391
agm005018354,14.415970261874898,-3.7296817486960583
agm005018364,13.244163724268025,-2.670569884047662
agm005018365,13.062945900989495,-2.752340193740629
agm005018417,13.134060559341284,-3.930499532313637
agm005018431,11.561222871096744,-2.0625674790199104
agm005018453,12.52783885068015,-1.6269500137229613
agm005018490,12.688413700896406,-1.3984934360401298
agm005018518,13.420411452205993,0.23474627418462787
agm005018519,14.37129112715563,-0.2586469064127108
agm005018528,13.539837531773003,-0.4744113135518198
agm005018532,12.63685505358095,-0.3874218354865803
agm005018574,13.462551675299249,-1.9711823863089577
agm005018585,11.584956265125353,-1.099123347886718
agm005018633,13.43025484489186,0.3931472875286296
agm005018664,11.79508776291095,-1.127861802968266
agm005018700,12.686425954394043,-1.7626479273655655
agm005018717,11.416265535230323,-1.7347277131754857
agm005018749,12.651455011984194,-2.3597107158733963
agm005018752,12.41946275585465,-2.4755183896564623
agm005018778,12.702322677693699,-2.061288405876718
agm005018822,11.802969936806488,-2.6440241775948294
agm005018866,14.848918240128384,1.5719319251309485
agm005018870,14.534245872279817,-0.5851196953048088
agm005018888,12.575639325737532,-0.04355235775503417
agm005018897,12.634672011914613,-0.8406402643620808
agm005018914,14.149169947498564,0.7934910528031764
agm005018942,12.695897425236485,0.5601687260631187
agm005019007,13.62234972369868,-2.813938764685883
agm005019019,13.162365990366112,-4.770442347128148
agm005019028,14.001238305285455,-3.353179847858795
agm005019043,13.771937339198397,-3.336680579799414
agm005019060,13.469913983878948,-2.6012456303433233
agm005019064,12.743070540225427,-2.8865396799688825
agm005019076,13.801603612850112,-3.0944901824188684
agm005019102,13.305781141922381,-3.8915375912843047
agm005019107,11.99811860207156,-3.1169380712784416
agm005019264,13.47402034551368,-1.4763648924983896
agm005019289,13.449644046755575,-1.980422561250427
agm005019308,14.347354031669164,-0.729649724958805
agm005019563,12.560807776447543,-2.6336118284703773
agm005019652,13.01037390316587,-3.138908824877467
agm005019682,12.717924293429668,-1.762549361563122
agm005019731,14.337012114743256,-2.4166555647500743
agm005019940,10.149197482106185,-4.2505907537169865
agm005020055,13.338854972659295,-1.006788265055532
agm005020060,14.102364216911742,-0.8321277535235658
agm005020129,14.051076527533144,-1.4314772699177702
agm005020210,14.117471878830443,-1.9192488079488619
agm005020216,15.13123688070738,-1.4457468188144282
agm005020222,14.750107756912621,-4.093916837418345
agm005020332,12.406220037323171,-3.5290319917185373
agm005020333,12.349153547147122,-3.5433002406773833
agm005020350,13.780465884942828,-3.4049662956196967
agm005020451,12.335625773303677,-3.4371001739425315
agm005020530,18.36391732068971,3.483101110234748
agm005020603,15.651975554663608,3.3580866976421078
agm005020606,16.351787663898033,3.3234597360846827
agm005020626,21.428240119206308,5.349422541633518
agm005020635,15.199406535469976,2.6555458730236787
agm005020664,16.687176550639457,4.138654272831604
agm005020679,18.43197962976403,5.6240404016055106
agm005020689,20.37708955937736,5.374078380984877
agm005020703,19.388998194442117,6.12826940915586
agm005020719,17.844053144028983,2.1217042564302573
agm005020765,18.85483978978151,2.5376853583128756
agm005020774,17.456206808093498,2.260940295377222
agm005020832,19.200201544558137,4.560888823180039
agm005020833,21.745681045005007,5.185046310011131
agm005020870,17.888159350172586,2.936832284375521
agm005020880,17.920965427124678,3.4022786527211872
agm005020942,19.22674080274796,2.4213761600437302
agm005021004,11.767070166832495,-3.4059096825614112
agm005021023,8.667910064958752,-4.676311771126857
agm005021056,10.253387086236751,-4.246733267205114
agm005021061,11.126963722757983,-3.995839955379831
agm005021088,9.422502007357917,-3.922418520898457
agm005021138,12.266054263288291,-1.6686372504227271
agm005021149,14.692144696088707,1.7082576043321005
agm005021177,13.461995138640225,0.8369710349203643
agm005021178,14.466316894846457,0.45364341997625957
agm005021193,13.151700298873687,1.2041637989391076
agm005021194,13.69422644643539,0.47571708039230814
agm005021245,14.594827045025147,-0.30086765254758985
agm005021246,15.489280020781715,0.13415791616425637
agm005021341,18.459722027206585,3.83934942909843
agm005021366,15.354942853286767,2.4800601677326255
agm005021416,17.4581195546516,3.1982464298889552
agm005021526,13.1613435768006,-0.6164370764878122
agm005021730,15.713367431819481,2.592201211715596
agm005021754,13.502202858124685,1.637426859197585
agm005021778,13.848747296305039,2.5905570200857198
agm005021790,19.403329090035285,4.615968291483525
agm005021796,13.961201868473193,1.3424319945440815
agm005021801,14.04580462481131,1.359328403480967
agm005021838,16.721134151311507,2.380750038715411
agm005021873,12.975657396642006,1.7331311128689997
agm005021892,15.590704812630346,0.09022149657187058
agm005021903,14.090573254797068,-1.0057731674242056
agm005021925,14.741887798113485,-0.33409957748708335
agm005021959,13.68628859100723,-0.871200589667513
agm005021980,10.122659186664482,-4.89812899099732
agm005022049,17.56609429463643,3.3428216405349382
agm005022155,16.28382988373861,2.8527770646461645
agm005022156,15.883939939116217,1.0992805898933036
agm005022164,15.350523630027812,1.9334820238612742
agm005022188,18.17073158015677,4.3768544445962
agm005022212,19.334441390275007,3.5091895220169236
agm005022249,14.380458950046977,0.2132346081354683
agm005022266,14.05254310682857,1.5460636196618025
agm005022287,15.730551700153404,1.6683277787835138
agm005022302,12.19041650930129,-2.698181039184137
agm005022438,12.462959997473572,-1.9766168196932
agm005022441,11.919575908624227,-2.2371451952497843
agm005022452,17.811664684868266,-1.9869396874001737
agm005022471,14.551633221915273,-2.1125544768888505
agm005022482,12.613860124263985,-1.5419654659626203
agm005022533,17.01404131656141,-1.7322076987322148
agm005022571,13.830612078030395,-0.42314716076094927
agm005022629,11.781586634800068,-2.501454217263057
agm005022648,10.96503848804689,-4.184822706506976
agm005022767,11.286315073357608,-2.477950443597352
agm005022768,11.327161073258788,-2.1900656989691116
agm005022769,10.841368445051154,-3.834695625540335
agm005022847,10.474215114819032,-2.6275882331776415
agm005022903,13.771362660840342,-2.9668220810133548
agm005022914,13.262277115448942,-3.1586450139857
agm005022957,11.807651025304475,-3.307203369931883
agm005022988,12.65574322719161,-3.5721984579253863
agm005023014,12.938227816540447,-2.8351802564723405
agm005023016,11.643741141452427,-4.8136450809546485
agm005023031,13.03472487879065,-2.4764007306067493
agm005023038,14.090257265642094,-2.2627267908702557
agm005023116,12.231418727788217,-3.3389260551427107
agm005023150,11.991250538504326,-3.0494128462484795
agm005023171,12.98701914418038,-2.4456662660851287
agm005023214,12.389768941573646,-2.440036794022906
agm005102633,17.93915409599307,3.0855737748979593
agm005103111,19.225726995349884,2.365701031969781
agm005103356,8.703899160904085,-6.268078809638883
agm005103457,11.87220391621475,-4.047559095678762
agm005103791,14.753615650969676,-2.5710034719319568
agm005104476,13.44781896842272,-1.686117836752313
agm005104736,17.50793167485733,4.466343328320471
agm005104994,19.724289993645225,1.9964768935341901
agm005104998,18.68455929202654,3.552652742309615
agm005105090,19.09427667309527,4.883165551148722
agm005105125,17.71281597897301,1.1195992379318458
agm005105138,17.51766995329489,4.103990615140546
agm005105696,20.63817511140115,3.6785619731968886
agm005105977,16.650115285577233,-0.13785867130199492
agm005106039,19.71812680676212,3.246788688354493
agm005107226,18.555009429099158,0.2890490761513176
agm005107333,14.759410722240279,-1.9595744012844536
agm005107365,16.53850566230579,-0.9777973657847809
agm005107375,16.64811299800959,-0.947916519506733
agm005107384,17.62407856740185,0.30994264449958653
agm005107809,17.722120154238887,1.3486686141577584
agm005108480,18.798544377734405,2.202681343537596
agm005108495,19.098130161263605,1.8255719628535179
agm005108533,18.831659142868833,2.1837161513726286
agm005108536,18.961720095626863,2.209379025824571
agm005108551,19.597500118982243,2.4264766612715762
agm005108594,18.84781887981047,1.7783063659398808
agm005108603,18.615506570135462,1.7013608893950583
agm005108696,18.75378967306063,2.1532344762248012
agm005108933,14.354242889805748,3.2032502025108522
agm005109074,17.446539422187982,5.316396702048074
agm005109574,17.99731200049376,4.087667845528267
agm005110902,18.754484275887553,0.5137763427566764
agm005110957,19.054099481662895,1.3011971229610992
agm005111107,19.79160105115794,2.7224986818533896
agm005111294,16.137727826019493,0.8601185615381723
agm005111652,20.194573955432286,2.9872866145347965
agm005111958,18.973554998202395,0.9220563066088658
agm005111997,18.4738523171901,0.7738618755899713
agm005112021,17.819790106814956,0.6041627420843243
agm005112064,17.400341405181535,0.4289673093187991
agm005112897,7.643522500053022,-2.1129352437262527
agm005113261,10.211578902275896,-5.809576679722681
agm005113561,19.676319431073257,1.1406541977412568
agm005113901,15.195822048664555,0.25400714913192246
agm005114220,15.444666486220767,0.6434839902294724
agm005114252,18.07778480662151,1.563181785697882
agm005114516,15.268523158406982,0.025368820153754967
agm005114634,15.820141191348583,-0.7286584174971011
agm005114810,17.66209240034535,-1.1378694832813157
agm005114840,20.601879578314474,4.09081138312789
agm005114841,21.564876739351973,4.701157190972341
agm005114971,16.430707607444244,-0.4800912181630519
agm005115022,15.601574085268549,1.3214874273425155
agm005115237,22.527893478704712,5.609088158792538
agm005115345,17.959161109001947,4.422851298486114
agm005115348,19.298117246163187,3.2886530752012018
agm005115379,18.97540764936495,0.011145463708596814
agm005115532,16.53273612401972,1.859215407823104
agm005115538,20.01265945271218,3.7725198622557157
agm005115783,20.041990072216294,2.130120074729148
agm005115874,13.001882186835523,1.4049975916523394
agm005116301,19.104802893355888,2.465954777619709
agm005116726,13.086654335251342,0.38449182944318583
agm005117055,12.218412455416813,-5.378730614255241
agm005117060,13.426343072858623,-3.35652814665126
agm005117763,12.325944150889834,-4.955791202633005
agm005117918,15.682184696012532,-0.5228127475632931
agm005117929,14.009504294284287,-1.167844956029243
agm005117992,15.40814941900571,-0.7826292876024068
agm005118198,18.815486299638593,0.9209065718435898
agm005118214,18.603920097200135,4.243077586569431
agm005119253,20.098405850205353,2.14835309525031
agm005119771,18.119553754850028,5.203146668859116
agm005120135,16.129438670445722,4.164790981138316
agm005120742,17.44217474577202,2.327345038972668
agm005121731,13.827736638241344,-3.207225705435884
agm005122678,16.606850462966328,3.8074740875725466
agm005122846,20.19327624511555,4.385408537962727
agm005124254,20.23621940166483,5.576604380410202
agm005124320,18.178355382039435,4.373549675596069
agm005124330,17.34927178342637,0.18027884116762838
agm005124997,19.001674066893408,1.377627995037514
agm005125012,18.10203775320197,0.7789586191749018
agm005125013,17.758960001554964,0.6606686802554993
agm005125151,19.26372181820318,4.904310517153789
agm005125414,17.16753219728963,1.900435727040727
agm005126354,15.995716111625732,2.5316865454160338
agm005126580,15.098926584073313,-5.3124077518746216
agm005127450,18.95803770724385,3.572184863694229
agm005128234,19.885077369133523,2.2364244319790876
agm005128242,19.05713709532888,2.690680110367551
agm005128258,19.04218120326166,2.6932542310294414
agm005128326,20.054427311956438,3.372264562184087
agm005128344,19.441896879602762,2.1267076887267553
agm005128617,19.790021690727233,2.929776865077274
agm005128639,19.524955519301212,2.8375845637893846
agm005128719,18.704552831094222,2.608895286894912
agm005128768,19.56328591377332,2.8556319349471915
agm005128769,19.464852590634084,2.8227098462059086
agm005128796,18.966774368093315,2.6526501230171684
agm005128800,19.05948718691232,2.684576148259314
agm005128810,19.588882367738417,2.903212702917779
agm005128878,18.994065789950337,2.6689605324597894
agm005128902,19.004219789945314,2.65331049135579
agm005128991,18.834753892514115,2.658519799258327
agm005129040,19.053492677656923,2.702235705373857
agm005129058,19.77284767493847,2.942902107119915
agm005129190,18.28915601030248,2.487051176831062
agm005129241,18.43916513213174,2.5252863262424086
agm005129329,19.69080377049163,2.199642559481589
agm005129339,18.886972811149327,2.639984041386173
agm005129388,19.718461579874432,2.2093617869412645
agm005178664,17.106364807906886,3.7844016002916634
agm005178681,18.990785454405433,2.268816966274426
agm005178702,19.052452212573208,2.280815153674604
agm005178717,20.60407775196927,3.034559207787507
agm005178762,18.807429373358076,2.1865291810476855
agm005178801,19.535965731580117,1.6837654080807294
agm005178873,17.704494046136336,1.7938617841778717
agm005178878,18.5704208900544,1.3006273183217765
agm005178949,19.135609547139545,2.7590744563330203
agm005178994,19.786330183695096,2.217205492387442
agm005179026,19.374386331113374,2.8141647227374884
agm005179044,19.044855559945002,2.714142695637075
agm005179088,18.67280807767629,2.5987217380970495
agm005179138,19.690346683539428,2.1767359463483746
agm005179143,19.927667651394376,2.259977110975292
agm005179173,19.504446425356324,2.1053424183029756
agm005179200,12.080592839951127,-0.4363624682571219
agm005179327,11.643779124585175,-4.222832560542081
agm005179414,17.84499508062873,1.3945016830989312
agm005179432,17.761218530972688,2.5246828952464258
agm005179440,17.71935971100165,2.5086023593669218
agm005179451,17.542404429576987,2.4574921564993177
agm005179484,19.738317941172916,1.7596980935957989
agm005179555,18.062588493786226,3.0394281303568444
agm005179599,18.754237179776325,3.2579137648845347
agm005179614,18.298929952947553,3.117545413296188
agm005179624,18.187966723293172,3.067363992017966
agm005179707,16.702171579214017,2.4739988693904698
agm005179758,16.53038285442012,2.079574903190175
agm005179779,19.100478531746113,1.4796690131619528
agm005179781,18.891574018916927,1.415056306494722
agm005179796,18.774039019210186,1.3659224849327591
agm005179824,19.058469799814276,4.401390499820104
agm005179847,18.1892886121869,3.070231517206664
agm005179857,17.936729779836536,3.003208433049375
agm005179896,17.642972328465003,2.9337891246390244
agm005179930,18.048148073647983,3.052820427642014
agm005179946,17.555846905916496,2.9260879917167193
agm005179970,19.71666804644338,2.1860175976655496
agm005179986,19.357416332242217,2.1054121623529296
agm005180117,11.427414037907948,-3.2144165689005235
agm005180297,11.213673106377698,-2.9187045539158625
agm005180338,8.750541527076654,-1.5424489965056924
agm005180405,12.935470355361618,-1.1940665340050858
agm005180453,10.839023753445085,-3.542732110037111
agm005180461,13.443663938533856,-1.5995091126488905
agm005180484,9.918626810696615,0.08034724667079773
agm005180520,13.216858030280582,3.113883580241122
agm005180623,13.08377576895019,-0.07379037152720791
agm005180770,15.785350872788976,1.2102762862279475
agm005180805,12.618956685652044,-1.3064048843566551
agm005180874,13.64713035356456,-0.9161754310866694
agm005180889,12.008123842742025,-3.3973585050223742
agm005180891,11.972986774472218,-2.9489404339340997
agm005180997,12.806725252646205,2.131591184394435
agm005181029,18.991909813486586,3.610054682431281
agm005181031,18.791236965218765,3.5576558614370777
agm005181050,18.42686578926659,3.7859952320188137
agm005181116,17.763015257090085,2.9083949021702473
agm005181120,16.849536385045074,1.4151253568585558
agm005181314,13.537866688364556,-3.144289442190022
agm005181377,11.590636957095464,-3.4771278794686835
agm005181439,10.658531078126302,-5.40881476936236
agm005181478,16.075982971592023,-1.3817414153904242
agm005181487,16.097128659396137,-0.33637788844418015
agm005181493,15.8576580928092,0.24452410528509638
agm005181496,16.09161697893771,0.4299884847724549
agm005181557,13.227380337771862,-1.1418642000422157
agm005181573,14.917924974467407,-0.36134939426527257
agm005181588,14.146496902685222,-2.0173391715914875
agm005181645,15.806283599467752,1.0852561802296794
agm005181680,14.72904883276241,-0.3982111504117105
agm005181736,10.8669723550779,-4.003047093399008
agm005181911,16.169156530369836,-1.4621236346972912
agm005181995,12.340428496549748,-4.283820089005875
agm005182010,14.956255014415914,-0.8896888524955813
agm005182034,11.561852709968823,-5.35923581281876
agm005182081,15.834742779713535,-1.9476590923744928
agm005182119,16.098325240937157,-0.09095880278750013
agm005182156,10.412950719248533,-4.524822047697274
agm005182349,15.490944376814221,-1.6816982208544742
agm005182467,17.059571849678704,2.0065075459720765
agm005182522,14.947044591114604,1.0437094216047864
agm005182560,15.798299799489383,-0.4850759439634018
agm005182563,15.50970421126639,-0.6367888663523447
agm005182569,14.332918898234785,-0.5833088574282206
agm005182594,16.139814466304884,1.7201924344731756
agm005182630,17.28471221438968,1.956945349046097
agm005182637,16.777413280950487,0.7676516000956957
agm005182663,16.6843970946854,1.386039169294249
agm005182733,15.837499541265343,0.9254126815435084
agm005182746,16.08998413985418,2.0524931274250697
agm005182762,14.843342973434954,-0.15826190103809434
agm005182782,15.874676538544929,0.6843844761685363
agm005182787,16.664473845742865,2.5136886376650125
agm005182828,16.59793119156078,-0.849099872059143
agm005182830,17.511105729732197,2.281024237304659
agm005182846,16.848810777189847,0.2279565735125617
agm005182847,16.978557536843716,0.2859577668577655
agm005183015,17.086897070802927,1.4163510043282477
agm005183049,14.320358744078584,1.4749099841664437
agm005183114,15.83910252193378,1.8259032526727355
agm005183220,17.293789728080437,2.721264510158532
agm005183306,15.394658276357273,1.9855799105668837
agm005183338,18.391718894503487,3.902109215877463
agm005183359,16.851723216774577,3.0891507565599055
agm005183361,16.48225341397103,2.9593376677017984
agm005183369,16.390221103868726,2.924040819702613
agm005183381,15.950225257236552,2.7984855736514147
agm005183383,15.948608105676744,2.785191650920326
agm005183464,18.170848798837188,2.616579708225532
agm005183661,19.44298475544234,3.9469853709065905
agm005183720,16.266919194896694,3.1346256464845403
agm005183731,16.741982791986786,3.919059113559193
agm005183782,17.69072274789472,3.445981946675044
agm005183791,17.553031464917137,3.389032203326466
agm005183888,18.317485498533152,4.683710403600333
agm005183899,18.989550183275107,4.0074487166264685
agm005183939,17.492135879106844,2.6307327029629173
agm005183949,17.52025166475168,2.660512818508842
agm005184192,17.395074220123266,3.1560780705546163
agm005184283,15.638193598182388,1.413563900785583
agm005184316,14.372106135506803,0.0899274450145855
agm005184393,16.47810091390765,2.1101950279050525
agm005184398,15.94162386108488,1.9011594128019143
agm005184399,16.27123617077249,2.0437829606731395
agm005184649,14.262915152158806,-0.15869172352727823
agm005184720,16.21698675881739,1.7485279698119829
agm005184789,17.244333624109842,2.6103974771955007
agm005184800,16.91130510259692,2.486738788801894
agm005184828,15.238869058914828,1.8175375763386947
agm005184886,18.388697009786284,3.315704066472196
agm005184906,15.890139057076052,2.377692233240488
agm005184933,17.190398607860708,1.901306370713293
agm005185000,16.28931780153939,3.1273451578207876
agm005185046,16.629806181915445,2.1377240273688436
agm005185066,18.60388622824988,2.87098228007729
agm005185095,17.613451333379974,2.526762788049118
agm005185181,16.605537219497094,1.0060999010489091
agm005185225,16.162117938844034,0.2714519265141595
agm005185274,17.524546638939054,2.3722058337636014
agm005185292,17.442108319007854,2.3324116844507987
agm005185387,17.177816626261233,2.830677715607889
agm005185389,17.217282154817273,2.850934707635462
agm005185455,12.327588845543039,-1.8588347575291113
agm005185461,12.25779323616261,-2.5372124379506955
agm005185497,10.35862380874093,-4.110547028550514
agm005185566,14.99848399293815,-0.8909250120468979
agm005185585,11.78435392972643,-0.8082684536227354
agm005185630,16.2987817568024,1.3505872602780702
agm005185632,16.333520617081195,1.3788112661344343
agm005185703,12.261911893375297,-4.061188031414694
agm005185745,17.396700013010914,2.2233166551351813
agm005185815,17.34364309615934,2.0934864650865945
agm005185856,15.574553989330807,1.317186912549464
agm005185859,15.96298832976233,1.4510973270340566
agm005185871,17.920486530448425,2.8937303341689855
agm005185875,17.273351950785273,2.642248108244371
agm005185911,16.67594913695089,2.1422876757982934
agm005185998,16.63032456608428,1.9357650214000373
agm005186008,17.077422838226614,2.1138254373486935
agm005186121,15.529096023781532,2.065277723520726
agm005186139,18.934511490253268,4.644832580499173
agm005186158,18.882345889224766,3.65812141051694
agm005186171,16.98737171533728,2.722627408574901
agm005186211,13.130521451668695,-2.249104496866078
agm005186280,16.665640181459494,2.9651951719307386
agm005186326,16.848143357549667,2.537520541260313
agm005186385,16.77176472596179,3.7622622397134844
agm005186402,16.23286508492487,2.121266752124911
agm005186432,16.79936531319928,3.0986321104463155
agm005186440,17.4134157601376,3.3351451966338326
agm005186444,16.70678131183664,3.07416515689655
agm005186479,16.685955915892755,2.9461712919048084
agm005186510,14.689202361071601,0.7711507713415555
agm005186561,16.249383680472633,-0.5418983786177733
agm005186562,16.385687540049673,-0.47148920387432636
agm005186581,16.543628271536893,1.2509045081658297
agm005186596,16.43915307225754,1.571422120186627
agm005186607,18.01634656134342,2.968688650270515
agm005186612,17.465987828613937,2.7498036592373722
agm005186619,17.855064706843464,2.1892701428571097
agm005186630,17.934819459437133,2.2165500283384754
agm005186653,14.981938739691616,-1.0650537191639584
agm005186719,16.739825119617326,0.6357005963330575
agm005186790,17.18161056248486,2.977641558084782
agm005186803,17.853398201293846,2.6425178438665498
agm005186807,19.06215687767982,2.984166846324327
agm005187196,14.758673256296813,-1.5434465522256717
agm005187226,18.257822414542193,3.385504942703488
agm005187228,18.436190066644265,3.4500161073360784
agm005187244,16.497497912486235,5.356631756600302
agm005187372,17.34718213015507,3.0819561565547433
agm005187460,18.40932592638802,3.50117083291806
agm005187538,19.180305776681916,2.4320155814774873
agm005187601,19.083846210060763,2.46658205044292
agm005187610,19.245625129102,2.7262765767929533
agm005187745,16.81296300796216,-0.274131628773465
agm005187749,15.404438107589753,-0.9487373907574073
agm005187795,16.736424414374,1.646575984273829
agm005187837,17.861568889748334,3.498447203185558
agm005187849,17.70328707152908,4.2373902321541355
agm005187867,19.479269601374746,4.362363264853274
agm005187869,17.72396411451826,3.4925202835029454
agm005187872,17.792930470230925,3.5110618045178343
agm005188132,18.930403819426044,2.867214245748162
agm005188180,17.54122830189115,2.696614432855408
agm005188230,12.425460740762999,-5.848611279829638
agm005188344,13.63241446333187,0.8932420056156394
agm005188376,12.20560314844184,-4.364706501017139
agm005188379,11.771102865086267,-1.9922457809059564
agm005188400,13.495154541596147,-5.809750889183835
agm005188402,13.136828708283469,-6.152254145466482
agm005188500,18.623633674703143,2.0735913922020437
agm005188534,18.08681348907062,2.655324128646221
agm005188538,17.98056066195365,3.3088033459776947
agm005188574,18.8113320477236,3.2712746749335144
agm005188575,18.233677780302745,4.616519823485509
agm005188597,16.562627199709283,2.8763547483965732
agm005188617,18.633019401825567,2.7575440449937085
agm005188653,15.778565087182745,1.5209792820774606
agm005188664,11.968418454631108,-0.13728626044863468
agm005188687,16.258747522072305,1.3068929108531657
agm005188695,14.115159229973603,-3.7302429364278424
agm005188699,15.752449727905338,2.830009237703864
agm005188704,17.15282147727828,1.8704590157523517
agm005188834,16.114144606763887,3.5840455817729913
agm005188867,15.989157165463052,2.7304345945259474
agm005188883,15.802609625779006,-0.095031421402342
agm005189039,18.5980429535825,2.9578351901059294
agm005189044,19.82063167662705,4.078709230155472
agm005189064,18.271014796476003,2.4843332650260246
agm005189065,17.993057361519725,2.3744260146290816
agm005189135,19.17595261451474,2.852176822724978
agm005189140,18.45745513060303,2.636163243707026
agm005189266,17.368771146262134,0.22404044810314705
agm005189285,18.63357393206648,2.6066746388764095
agm005189295,18.352747634193037,2.456970280897856
agm005189304,18.32231433099042,2.4855727981105256
agm005189475,12.326156932297438,-1.498784147838197
agm005189514,13.733786092443793,0.5572285246568862
agm005189531,16.734098595105152,4.162410350040769
agm005189680,19.904374800889833,6.53711416917584
agm005189686,17.358651140229536,5.099997377080444
agm005189695,15.857488014952596,5.105921327781023
agm005189798,15.180404600412892,0.4026619666043043
agm005189832,15.655323492361315,3.9962279714607085
agm005189865,16.223643112660856,2.986156373325647
agm005189876,16.010095954216148,0.47992905277660647
agm005189881,16.56221478834031,4.3548673165216085
agm005189924,17.592124319270017,4.739095866991692
agm005189974,16.780353470095434,3.15347926762363
agm005190017,19.387258025439724,3.2479459334001346
agm005190178,14.234682336748458,0.8588656488953852
agm005190205,16.204233121523604,-0.030566663651285353
agm005190223,13.737207175987763,-6.401854796242657
agm005190233,16.84743115287314,3.3646618899285476
agm005190246,15.884249601741477,0.5757925760513567
agm005190267,16.274772584563703,-0.4262480740074972
agm005190282,13.606534695266394,0.9835027386497304
agm005190296,17.009102002608852,-0.16296323345707897
agm005190356,17.365508765599063,2.028236505810348
agm005190450,17.905514367754105,0.14898540087965628
agm005190474,20.30068885280165,1.6439910315626678
agm005190545,16.24382464487377,-0.2538745349378688
agm005190548,16.335484523302014,-0.22629112174637633
agm005190625,19.426047686639045,1.4173593362724564
agm005190649,18.858440136249268,-0.9818959035341503
agm005190650,18.665338029327167,1.223964486329936
agm005190680,19.305910713913807,0.7810334979106708
agm005190681,18.78856312164381,0.33652670650936756
agm005190823,18.72984663868973,1.1033051007006076
agm005190876,21.336152532256346,2.2884095428640965
agm005190923,19.262744828563232,0.9624882696082473
agm005190936,20.203377644870102,2.370043681117262
agm005190946,20.338768628231342,2.009885376825686
agm005191104,14.176230591541238,3.12014730886093
agm005191144,15.88434532461957,4.02202281960079
agm005191683,17.011487749758594,3.7014542713987444
agm005191714,18.5998739690509,1.6729513781955188
agm005191723,17.767802652776542,0.7515983062450315
agm005191728,20.12669688881799,2.292633350867887
agm005191730,17.627912525974054,2.6156211120552344
agm005191790,18.530248662521572,4.558394516698985
agm005191841,19.682039287838588,1.4346393131522115
agm005192270,15.016345633050168,3.9151536730755288
agm005192272,14.599012704688796,3.714781755453151
agm005192303,17.846033548869162,4.022667116965355
agm005192373,15.718278791485831,4.216767760028226
agm005192543,14.718278618142154,4.1081143787919565
agm005192545,14.582275913865834,2.1143277960253775
agm005192626,17.037417797651084,5.22591649078854
agm005192737,18.056283830132188,2.874783073096231
agm005192860,19.21270859919181,3.7732658411001667
agm005192883,18.864587634557463,3.5586897818013012
agm005192892,18.494467671985223,3.3753500483091727
agm005192900,19.041715262467438,1.1177430405594198
agm005192927,17.28920786245249,2.7087970342325036
agm005192934,16.70012884432168,-1.5979953914096088
agm005192938,17.39764965820805,-1.2075538711899272
agm005192953,15.150138357910166,-1.9476833291404656
agm005192964,13.02438853854283,0.45099984829107154
agm005193027,12.703960091780761,-1.44184754615228
agm005193100,16.289122628390594,0.25549538970395336
agm005193126,17.459805081489325,-0.2584138759979169
agm005193184,16.81389071328506,0.7999064738504966
agm005193196,16.48772096111704,0.6134449254311818
agm005193208,16.6320556320639,0.6813006002115847
agm005193226,16.65007017503477,0.22393412031171955
agm005193233,16.596723270572333,0.1872405803031807
agm005193245,16.052785860929916,-0.08595208075839711
agm005193378,16.71445416978695,0.9616733836679634
agm005193398,15.74742922342524,0.44797075508703
agm005193448,16.667877173425108,-0.10170363016490036
agm005193464,16.71437871702356,0.16142553251318414
agm005193470,16.382077599585777,-2.1000643364991607
agm005193567,16.256017897449706,-1.839243113869247
agm005193582,16.54021725404658,-1.4782531339517186
agm005193590,17.02780221826682,0.3235636009929026
agm005193601,15.907610848623833,1.6079028987534025
agm005193612,17.41177560510271,1.8571338594870594
agm005193657,18.160893964467785,2.610119453013721
agm005193659,18.652698337310913,1.956629407599885
agm005193670,16.517325364923664,1.2238883669702174
agm005193672,16.575763937234125,1.2592750594839588
agm005193687,16.77383303041079,1.2944380870171797
agm005193748,18.15493169486686,2.0025013001081726
agm005193768,15.334884627305788,0.824687643239999
agm005193773,16.126710322217086,1.3030704209893509
agm005193776,16.18195048276716,1.3089240784723621
agm005193804,17.196993237967643,2.2155649391776553
agm005193814,17.22404528008801,2.2212196275391998
agm005193827,17.073447703671984,2.1581121151910603
agm005193938,17.181022362358746,1.5040464352034393
agm005193985,19.024232035942784,2.9201916749706394
agm005194007,20.608245821802747,2.311084645751606
agm005194028,15.666229867676611,1.958519577803143
agm005194046,14.610245858887437,0.47844922385378474
agm005194053,15.558851534406788,1.3276400030025162
agm005194107,14.384847190179807,-0.2205375886057066
agm005194111,16.238073281953117,-0.3197963625294351
agm005194123,16.821526547263034,5.385106686674014
agm005194124,17.631561728750697,5.554022324760468
agm005194139,15.679988434044693,0.15687647532592575
agm005194214,16.5008799004579,0.9376160521080603
agm005194290,15.191710229591926,-0.6852047252865932
agm005194296,17.582964700185023,3.6943662442197933
agm005194298,17.608205171434463,3.707730617818651
agm005194309,18.009441148486484,3.8195922169861536
agm005194310,17.772767241085784,3.740966111944921
agm005194356,20.000252864792998,3.861105841971048
agm005194384,18.772316817871253,2.4821040356561443
agm005194394,18.9367890588378,2.5276003052772618
agm005194395,18.558231955410236,2.3934626073225127
agm005194450,17.366064301200144,2.0249802235761694
agm005194468,16.470781569189647,1.6658835096638454
agm005194502,17.23213205069057,1.9924842025752199
agm005194547,16.569560975999867,1.6711049363954205
agm005194581,15.140755698333338,-1.337409331877418
agm005194643,14.895945332321011,0.293338006036028
agm005194712,17.984958043987206,2.4645230807210883
agm005194720,18.32943701126914,2.5637507643201385
agm005194761,18.140380717010927,2.519043652004207
agm005194777,17.519142986256643,2.2720046910837386
agm005194799,15.090548720658875,0.28300256770083987
agm005194816,15.153308605760841,1.2126216134941874
agm005194817,15.272311810576577,1.259244360851345
agm005194833,15.936139102809404,1.2684899124872633
agm005194904,15.3756881269201,2.0444009271688666
agm005194945,16.019447617653913,1.738573338006761
agm005194969,15.712313621316344,3.4535559027397085
agm005194977,16.50568388641843,2.9574365339297817
agm005194984,18.24108987442809,5.168315420932121
agm005194989,17.34062138845134,3.4810023122744065
agm005194992,16.55170705637789,3.2458451799088515
agm005195078,17.14051442658416,2.666955363478478
agm005195087,18.617420414667514,3.326862785869035
agm005195137,18.47806437044307,3.3078621107141792
agm005195153,16.745958415264877,2.4926730789962237
agm005195202,18.67770857011568,1.6006077357054753
agm005195261,17.23679989924509,0.16061053070525855
agm005195291,17.405156744750183,0.08325726716902437
agm005195329,16.258692595586815,-0.7960876779256569
agm005195330,16.389579483032122,-0.7337586251518742
agm005195366,14.122554263276495,0.12129659193517117
agm005195383,16.79088741727485,2.1510028848464477
agm005195425,16.429535560024153,-1.069274104994867
agm005195443,16.777468086005772,-0.4848909584569041
agm005195457,15.178022599919931,0.970749331244452
agm005195557,17.35869823100123,-0.16249110397306055
agm005195598,17.20964346097522,0.11394864586332343
agm005195641,14.419542295348359,0.13336040922049897
agm005195653,16.03336914999608,0.1288684719028863
agm005195693,19.49835607376313,4.841157251762333
agm005195704,17.45647199058745,3.70265193759419
agm005195708,18.78257263271002,4.378762274889927
agm005195730,18.672804210895777,2.4825134085670184
agm005195756,18.580540253988413,2.443933963117849
agm005195831,16.620324194252852,0.9978413801830124
agm005195878,15.67225087905783,0.5935553641055105
agm005195900,16.47660075335241,1.4288124626072038
agm005195926,16.932423092368907,0.1436296978730942
agm005196031,17.476180859785547,2.065145622871791
agm005196046,17.472443358204792,2.0472930392649964
agm005196064,17.684511399462142,2.147103210588071
agm005196122,19.162578539326365,3.4234969146690872
agm005196144,18.73192875881929,3.3062821307244246
agm005196148,18.289426064293675,3.1723859747597682
agm005196151,18.33109150737145,3.1723496248288976
agm005196168,20.62378144377397,2.752825203108956
agm005196178,19.16008512158952,3.4361071755005845
agm005196179,20.423928794956694,3.9355613631087554
agm005196180,18.534455909531136,3.2303734746146135
agm005196246,18.546510243390934,3.2204541630296504
agm005196251,18.31986897931991,3.135822799782182
agm005196347,15.818734451564746,1.6128010148576708
agm005196523,13.345389726214977,-2.2232442978153895
agm005196692,16.708596457787277,-0.41110727067834674
agm005196717,17.296346843398187,0.5606686422440035
agm005196733,17.324417506753917,0.26175582987171175
agm005196739,16.910345742849792,-0.6022566067891519
agm005196804,12.315324149751804,-4.1529016021709175
agm005196976,16.861328782381857,0.1989446824781984
agm005197147,18.236570909743936,2.0487048608423155
agm005197166,15.634471074531154,-0.38938566072240643
agm005197183,15.588230255683218,-0.6247683193603759
agm005197257,17.305142342730086,0.706540943117588
agm005197537,15.68310201089955,-0.6631905767483346
agm005197723,19.503735869336435,2.31498361867284
agm005197767,18.353285916137267,0.928625549187883
agm005197917,18.70338185239348,0.7176914685542704
agm005197950,19.791156326719847,1.4256184086757386
agm005198075,15.95024698939592,-0.9362893863709756
agm005198107,18.282978208731933,0.17820962231397175
agm005198115,19.740292788735406,2.0458111067809313
agm005198137,16.164918871809558,-0.3955340021805007
agm005198145,14.213187215264565,-1.5566807230445265
agm005198155,15.462690674051196,0.08017064156092424
agm005198226,19.15662986475247,1.0855198738683507
agm005198235,17.985145812458246,0.5971366865869339
agm005198280,15.68094113229844,-0.04123815246014928
agm005198341,16.169193509807908,0.6459454046096065
agm005198350,16.304889619007785,-0.08788123864542818
agm005198351,17.886061199906912,1.9360525718385393
agm005198445,17.330708053220352,-2.2930504160021528
agm005198494,19.388411715967354,3.3068446472061916
agm005198514,16.74449743681425,-0.3723508515918006
agm005198529,19.193895354700192,2.996692565599104
agm005198534,18.603089531549887,2.6740328392049966
agm005198593,18.582587132690858,3.983742770502067
agm005198602,18.776088709822236,2.733150735595072
agm005198778,19.614361342906804,0.8123820031888478
agm005198779,18.062348662042204,0.5967871283685593
agm005198951,19.439590646722046,1.3715374104320919
agm005199044,18.557716726713032,0.20951208701971602
agm005199121,17.116362518320436,-2.421816786259096
agm005199189,19.878468810166904,1.9427193970610945
agm005199413,13.131172424040383,-2.7706427345944205
agm005199543,17.420295677219666,0.1256318647646495
agm005199550,18.23054298388791,0.09048385700968087
agm005199559,17.735921906473592,-2.2282872630540664
agm005199569,18.09202598538867,0.08000766170971385
agm005199617,16.778006935286292,-2.544288340950227
agm005199677,18.088368519499756,3.2279398571425926
agm005199784,18.585169219810723,-0.05696224387060411
agm005199806,17.096109209859748,-0.5020990815101607
agm005199808,17.328401439592785,-0.4391445515981731
agm005199815,16.766043752574113,-2.8471741309214433
agm005199867,17.013491146859955,-0.5518389268842459
agm005199949,16.253416768535573,-1.5699747727929187
agm005199974,15.705335267386893,-1.7520572912369934
agm005200029,17.525120743361605,-0.47410395497348556
agm005200054,15.85832041102178,-0.5069605428566453
agm005200064,16.930970071399926,-0.7640031099301403
agm005200146,20.730545606508112,1.192022460182418
agm005200176,19.975464273596682,-1.2520926200543725
agm005200213,19.711050980250437,-0.3258824455562088
agm005200214,22.95724563154914,2.22084899474265
agm005200262,20.398309078485195,1.4012024671794627
agm005200340,18.60934602337463,-1.5266821380006945
agm005200403,19.970647829681855,2.5414174753289887
agm005200430,20.571694888722114,2.549734501835731
agm005200609,17.105869621830315,0.4097227099361733
agm005200616,16.65267864448268,0.28534939404093773
agm005200619,17.799322094915265,0.04777784821938269
agm005200637,16.976372805668564,-0.4884438217182545
agm005200687,15.024029087680724,-0.8016017347366295
agm005200711,14.493030930662428,-1.2619270650752759
agm005200721,14.099835095210766,-1.1420276718119124
agm005200734,12.651029070177952,-4.654722792247558
agm005200931,16.677154109029896,0.311726332450589
agm005201024,19.825167463131613,1.3371385355585481
agm005201025,19.71875935744512,1.310408533380068
agm005201029,19.192166005072302,1.1642315389898537
agm005201080,20.247231200102455,2.1967528665762233
agm005201093,20.34628133978754,2.231863012129584
agm005201143,17.5465467881664,-0.07857006119023335
agm005201216,18.91007545428314,1.5505727727542222
agm005201228,20.060320737091274,1.6177670665268122
agm005201309,20.668187231707545,2.316272555163496
agm005201393,20.68366464568916,2.389334735672824
agm005201396,18.804293353146832,1.4365099024716157
agm005201407,18.74294898894267,1.3910034128931086
agm005201590,17.479347869041593,1.0704965518908631
agm005201905,19.30575169977496,1.6833910428427687
agm005201979,11.870824735742637,-4.276683466151077
agm005203080,13.173264396724782,-5.350749031439126
agm005203308,18.202140612316402,2.9739012293921023
agm005203310,18.9814760601158,2.625822697769485
agm005203461,18.40640306442471,2.3090131235594944
agm005203462,16.612202070318993,2.339896136467294
agm005203476,18.20727469537923,3.1080808699875906
agm005204112,12.540546462710937,-4.7682040827564895
agm005204571,17.020995639285445,-0.23955185247995292
agm005204603,16.8243680263891,0.2655241704321414
agm005204615,16.638294127781393,-0.13836392280973353
agm005204641,16.246525144475907,-0.32292275124445524
agm005204646,17.256317770496068,0.6518442871065062
agm005204656,16.662695735592074,0.3660492585647619
agm005204690,15.977073814570957,0.06373271185914664
agm005204712,16.430640910077493,-0.3334178494246034
agm005204738,15.523180581360052,-4.358649811361643
agm005204760,15.622132986808516,0.9543171780955779
agm005204781,16.386589295767255,-1.0759441161722938
agm005204811,16.097385938948324,0.4566530323774529
agm005204812,16.052630550928043,0.4368556863060542
agm005204827,15.809351828782122,2.939155331563793
agm005204838,15.596198138058483,1.7130239519329642
agm005204847,17.092645959546278,1.4925214360867995
agm005204857,17.067693351549867,1.3057754467383234
agm005204904,16.397246453452105,0.9225876003864295
agm005204925,16.228617435074757,1.7210582989540022
agm005204951,15.527728494259108,1.408159161493944
agm005204985,16.813787957028154,0.9131842663742313
agm005204989,16.842139262048548,0.9426680945205579
agm005204997,16.866327338075628,0.9517753800537552
agm005204998,16.81751406494669,1.0071262527490035
agm005205100,16.24791903401828,0.24640663376200678
agm005205128,16.575391960645035,0.06526291949863072
agm005205173,15.766398202922009,-4.692548090613895
agm005205175,17.629420919697235,-0.9980453279843111
agm005205197,16.682041598540305,1.2329660488058671
agm005205204,16.132172658604233,1.0026229252799688
agm005205207,16.228585993742175,1.0358978635642568
agm005205216,16.502599562616513,1.1710147121579029
agm005205256,16.681803284523948,0.07074844641223788
agm005205293,16.394623059309026,-0.12229895618747033
agm005205303,16.471077870932554,-0.6367784239951773
agm005205336,17.04128644078127,-0.13275000211117316
agm005205385,17.53769641624956,1.1107899375299093
agm005205428,15.42464700957571,-0.10409708172896792
agm005205430,15.46904088956306,-0.0838436867121608
agm005205449,17.452141460493202,1.2570711210438876
agm005205530,16.719524736052858,-0.96672449506607
agm005205612,16.261104972466043,0.45165441587278554
agm005205690,17.54093881587614,0.5900222736719325
agm005205723,17.021292764215513,0.2422141135797906
agm005205833,17.487638116220264,0.08103213315202318
agm005205836,16.90678105443477,-0.14199954408748194
agm005205845,17.603483333001943,0.1497978594739653
agm005205860,17.676854996888757,0.1892630620222686
agm005205939,17.204049183684607,-0.7521141310823953
agm005205960,16.66935926868746,-1.0764465260573814
agm005206024,16.201943882923896,0.25167027614861315
agm005206043,16.14310180957771,-0.221206917382041
agm005206072,15.40836297705868,0.5875187833375541
agm005206092,15.09158679270855,0.4433864534034493
agm005206115,14.583359898118012,-0.3350388045772954
agm005206116,14.650442859170845,-0.2903392486066414
agm005206128,16.795861256969875,2.4103811879978156
agm005206164,16.136873414172566,0.8206435084007699
agm005206165,16.122068960622666,0.8018994851780219
agm005206194,16.235756857172635,0.8493120140901667
agm005206223,15.694011188848576,1.3846017273207174
agm005206234,14.998258642715673,1.1096820088628228
agm005206245,15.099633740508317,1.1361924508940673
agm005206255,16.06095822759814,-0.7143483219013573
agm005206267,16.164402097821515,-0.6540904696659462
agm005206319,15.970138134600372,-0.3150248565779359
agm005206322,16.069053218816894,-0.2779617718516345
agm005206328,16.6092058500381,-0.37030295033731253
agm005206348,16.383347270942355,-0.47702606297853123
agm005206356,15.634941575222975,-0.5976538604374273
agm005206389,16.08443904933666,0.8699777000520204
agm005206403,15.863862501663894,0.757896334574653
agm005206530,15.577950348012356,-0.2530436602767274
agm005206541,16.003882973053987,-0.023167626774641015
agm005206625,16.512228355015175,0.9607537260957715
agm005206646,17.05389316462707,0.9356039933843032
agm005206658,14.676778288779929,0.39192686269808785
agm005206662,14.87418657603232,0.48134991647956404
agm005206676,15.8127681746376,-1.370278298075128
agm005206680,15.926821620203349,-0.3808633579201395
agm005206683,15.19186725203122,-0.7060907810309525
agm005206691,15.636161888730232,-1.0265576031441448
agm005206706,14.108171286341467,-1.1601051482008415
agm005206720,16.10216502418476,-0.6617528979867835
agm005206768,14.692446163055557,0.3205839883927215
agm005206770,15.897555885759495,-0.5028709832545442
agm005206777,17.307949062906463,-0.06731526128719789
agm005206786,16.49033922780082,0.8778041974941919
agm005206811,17.222778898400986,1.4571639899881763
agm005206823,18.23105553643838,2.144313741585135
agm005206840,17.566828164178133,1.823263256285638
agm005206854,17.253063959182043,1.7055938384941935
agm005206878,19.202200152901167,2.715262673305049
agm005206947,18.046162508059023,1.9798068871592784
agm005206948,18.18074449495409,2.0295964723635205
agm005206975,17.422462172721747,2.4225840673663184
agm005207013,14.754690309785712,0.2850538532394218
agm005207016,14.88015871668996,0.3609521507999087
agm005207027,14.771606820334629,0.29345588753695306
agm005207117,15.108235537921662,1.1037108355850442
agm005207170,16.07701250592759,0.14860059081327037
agm005207194,15.602514067678676,-0.1183203739159362
agm005207224,14.511788401699045,-0.021020256303634355
agm005207280,17.01633111939491,1.4454610665736185
agm005207284,17.07494974319957,1.470921362832586
agm005207315,15.18051162602515,0.7098457305932033
agm005207357,17.241420002123345,2.0375465931335945
agm005207414,15.892815262122658,-0.8805401242488449
agm005207425,15.610189149273998,-1.0204404357434367
agm005207470,16.14477380316058,0.18089138979070896
agm005207508,15.752522138905483,-0.016937292255255088
agm005207532,15.900042771494467,-0.4545380101178189
agm005207533,16.26543164536052,-0.2947227298134383
agm005207578,16.17333243013995,-1.2679965519997536
agm005207600,15.239185793694393,-1.1748233525277803
agm005207610,13.845389895627944,-0.8191415219866691
agm005207719,16.100106299221242,-0.3356803829959656
agm005207752,16.729185308328926,1.1471063343271348
agm005207856,16.59867029022546,0.3608318437426661
agm005207948,17.052545575898915,1.2828311109482184
agm005207953,15.829975056699407,1.2889983697003
agm005208038,16.037934345574406,0.8777864244553912
agm005208044,15.843612717663495,0.7372951242675256
agm005208064,16.675776708089057,3.3396635219649813
agm005208076,17.62370008147998,0.15764004194366077
agm005208107,17.33669121054289,1.0638167996228427
agm005208117,17.39770628926735,0.9812231289085593
agm005208244,18.721148428097475,0.25151290109248237
agm005208302,17.199460888461374,-1.9423301478748387
agm005208329,17.39452401381781,-0.021084621199572773
agm005208331,16.199240577171032,-0.5092937510734208
agm005208338,17.2855402630983,-0.0461293290111664
agm005208341,16.595179068690303,-0.505642736352935
agm005208348,17.050040732130892,-0.14611221040738087
agm005208361,16.792000581928352,-0.2643141582193671
agm005208374,17.298344917001078,-1.0081028733322857
agm005208618,18.238243137671542,0.8742241472151893
agm005208638,17.509885059575794,0.350262951717748
agm005208679,20.121765513350656,1.769337740601424
agm005208688,17.045370243453004,-2.9234343564279017
agm005208719,20.016183724713823,1.767748881956937
agm005208732,18.719831765826477,1.396658929840771
agm005208738,20.025833158864902,2.380029852510651
agm005208769,18.17137152607996,-2.741172086053248
agm005209195,14.728888184937299,-0.06036732179493054
agm005210032,19.552724669538584,4.7041256235301985
agm005210084,13.241642020699045,-2.6485223541098506
agm005210104,13.731065859891602,-4.107739398361315
agm005210119,13.396428427959359,-3.1824111669069
agm005210200,16.464560996107807,-1.1809507571872908
agm005210224,16.01754653000619,0.46512048184737953
agm005210251,16.780823156660166,-0.6243020302461622
agm005210252,16.280869943009503,-0.8752982448327167
agm005210253,16.434824817624474,-0.8043878885155396
agm005210390,16.093895090652317,1.193719942967177
agm005210399,16.47426829181997,1.8340229455272965
agm005210406,18.418531610440212,2.9723485734819706
agm005210411,16.835235133292684,1.6107023891973524
agm005210419,16.67968154636922,1.0901768839960324
agm005210450,17.335965828643676,1.3875879232942534
agm005210467,17.15393864193666,1.6241328793455985
agm005210519,17.48551394373465,2.5133964985103843
agm005210559,17.769933457775906,3.9431066219222286
agm005210655,14.218550656859687,0.09453969866855783
agm005210714,17.66040168747026,2.997986897041665
agm005210744,15.881076004318537,1.8183601041801767
agm005210762,16.353812925115857,3.241479637377222
agm005210765,16.475257460445345,3.2658625932310237
agm005210766,16.602392158927127,3.3082228054712273
agm005210778,16.91888360611305,2.665654242080893
agm005210786,17.002444739084233,2.695068527214442
agm005210796,17.997003062969682,3.5039833103879436
agm005210819,18.675179369750722,3.6142375131744275
agm005210826,9.880967083771958,-2.281817798567543
agm005210875,16.862289198830275,2.0811532984647787
agm005210918,18.03852858224826,2.6970886231108446
agm005210974,17.151625269502205,3.657345764206796
agm005210995,17.50014556898536,5.060580854918576
agm005211040,18.105547150366167,2.0527765369960926
agm005211057,17.985324413526698,2.0008946826605873
agm005211116,17.466324279072467,1.9158622933371765
agm005211124,17.16026374376883,1.8056400315653045
agm005211174,16.939461497535003,0.11751734296868754
agm005211241,14.259395709866448,-3.1083493392967725
agm005211320,16.645922254988523,1.0824724199424915
agm005211328,14.795079174823465,-0.6607310555012802
agm005211872,16.100506313191914,0.4774189045188679
agm005211906,13.805301847445564,1.9429298912645603
agm005211923,15.762278355591308,0.015222106724246842
agm005211929,13.364104989717502,1.3359569771891255
agm005211939,16.19251964003961,2.4403629025747335
agm005211979,13.194196424914452,-2.5476811672473145
agm005212010,15.681852391405489,3.7414287173922176
agm005212058,18.3496800156373,3.0972499729298892
agm005212067,11.840835834195085,0.36014480074656907
agm005212302,12.241889542875459,1.9764215357170363
agm005212393,14.869148883473953,2.515896760498152
agm005212437,16.905065640097718,1.3107515265785983
agm005212452,16.492046442029064,3.776132654338518
agm005212456,17.217134180399704,4.098802842721601
agm005212586,16.333907121915335,-0.19161045070335003
agm005212729,17.07684992183138,-0.10294614449306128
agm005212742,17.47548281904107,-0.8155978075013097
agm005212903,19.176680205550703,2.338079220959945
agm005212961,16.558839911239655,-4.190363670404139
agm005212967,15.047767267587142,-2.8949359714986302
agm005212985,19.35178493787979,2.9381862880267438
agm005213017,20.979117577054517,3.520203638689332
agm005213035,12.447220083073942,-5.013771063420285
agm005213089,14.60802766030704,-3.7750935540120807
agm005213132,12.821678229400511,-5.034078843471066
agm005213199,14.495892731474585,-0.953326180720941
agm005213201,10.577851336880522,0.3196183897923204
agm005213212,17.507836362276965,-0.9151154329866538
agm005213346,13.22824270034155,-3.184528065062925
agm005213348,15.20212244842546,-2.0032234090081236
agm005213369,20.10778914009875,0.8999805779577619
agm005213371,18.972482404880072,0.05143463503006718
agm005213395,19.73258692216545,-1.1899854668248153
agm005213425,16.56264513292145,0.6798166513694666
agm005213454,14.39262228220642,-1.950305596889315
agm005213557,18.448591454139013,1.9087758119011147
agm005213692,19.642399923896967,1.1916203229542788
agm005213705,19.841304682058208,1.145188843930245
agm005213718,17.33144796605399,2.4632503912383683
agm005213813,12.675952479126009,-4.0275142660354994
agm005213845,12.15722287279445,0.5876863522869078
agm005213926,11.83775439864005,-4.6655010304104305
agm005213981,13.578425837280077,-5.931054191384426
agm005214010,12.458274611543066,-4.445772723972526
agm005214050,13.590346390087934,-1.8862669560145502
agm005214134,14.060239653668583,-5.489189925884786
agm005214157,16.571865010777,1.4575829412677832
agm005214161,16.422719686769348,1.5032956075001973
agm005214182,14.421075775947363,-1.3599654839253148
agm005214202,15.365887460440218,1.6060472747247045
agm005214208,16.956316993464878,2.443629809215154
agm005214211,15.905231946967529,2.1806704334978626
agm005214215,16.518377821937904,0.08740293396010923
agm005214248,16.913663074648007,2.878977272795333
agm005214266,17.89937812720339,3.548084997231367
agm005214274,18.81848185744463,2.9796002200487495
agm005214312,17.48530001124728,3.2906377226449077
agm005214317,19.008497297019435,3.216771555995715
agm005214352,19.450547165959957,2.3035495914760045
agm005214358,18.516251447104043,3.7721824286301695
agm005214359,19.54980798334889,3.524875319956477
agm005214379,16.471524458883007,1.9902096428055902
agm005214401,14.380886329999685,1.3412312946967964
agm005214419,16.997644802204068,2.004273862310267
agm005214423,18.159292956636495,1.7311141109771304
agm005214450,14.094513259399818,1.3948137301881731
agm005214510,15.759931044767436,1.9216560496458897
agm005214570,19.30851022018317,2.8930412579601557
agm005214606,19.267980150085567,3.683089045868158
agm005214621,17.863971667895722,1.360011861071471
agm005214631,19.373924790310024,3.2829034863292454
agm005214670,13.050382719955673,-1.4691111387706828
agm005214709,16.939792323955967,2.3603550179954267
agm005214732,12.602064237187907,-5.631003957350176
agm005214749,11.55903559725644,-4.984663876602248
agm005214782,12.260962121439324,2.101574445066282
agm005214809,15.781496874579506,2.459916357655297
agm005214844,16.165702574300877,2.698970549472773
agm005214956,14.168823318357978,-5.2584318716734275
agm005214990,17.51125069668733,1.8158485497411956
agm005215013,18.478322690418494,2.9044769782051265
agm005215044,17.84218322832695,0.6957439049118994
agm005215051,18.611830773203142,0.7474282714468004
agm005215059,16.13268147921978,2.292265262916432
agm005215085,20.188205387617092,3.035570651905811
agm005217341,20.186987504543605,5.316607592704604
agm005219079,15.449491305819494,0.025443125639927306
agm005220322,17.814157302241895,-0.6835866277284808
agm005222123,19.432084745865208,0.5884914583806014
agm005223425,15.255527881691144,-1.0649323825069217
agm005225922,12.373479564710246,-1.498700274967516
agm005228378,16.369609190210404,-1.299515081637913
agm005230496,18.968997868700253,0.6875966665688562
agm005230499,11.45469858577738,-3.3741286090226974
agm005230618,16.802331561173116,4.314535465404829
agm005231823,11.029218921264029,-4.581572895918157
agm005235621,12.497094209848338,-6.085569243448327
agm005248519,21.269950733799327,1.6361314045387079
agm005251704,12.808072431196122,-1.8430276379430073
agm005252276,18.95688808964324,5.938910539826142
agm005259933,13.203962530336744,0.1983418295439158
agm005260830,18.67770485035453,-1.4193633653262294
agm005261212,7.789123899534175,-1.0452416766984458
agm005266890,15.152129475010632,-1.1030350669196043
agm005268058,18.55283741934497,-2.941197713066262
agm005269005,10.299807449349048,2.3740758362534007
agm005273412,11.29034714037604,-0.9222728076605402
agm005275801,14.082641599850541,-2.6535261013591156
agm005280053,18.697881943226864,4.040162678530515
agm005414294,14.18968492097523,-0.030109420022500187
agm005419099,20.189365144274195,2.208057350797231
agm005463605,9.00487832192873,-4.931985988810676
agm005478149,16.904356268640885,-2.4407658147656135
agm005480439,14.68283736627054,-0.2940255706832158
agm005483676,9.293356409353132,-3.799562512636681
agm005529966,6.163040705747159,-3.530613708324924
agm005529980,16.699464716378056,-0.4152510083578882
agm005530016,13.724331254468598,1.6583633948693588
agm005530178,16.887917542485688,1.2351136091843038
agm005530212,18.698438890479217,2.93681768418404
agm005530623,17.74235549613683,6.800417851924036
agm005531057,14.842493319461791,-1.1137191462702738
agm005531143,13.252858809733008,3.3505060654741543
agm005538986,20.59196533550999,5.560208774833424
agm005539007,18.254980579747862,2.462545903648417
agm005539187,16.050983780021546,3.5353101164376537
agm005540356,18.738144187066098,3.837110515723191
agm005540382,17.37385138032447,1.9110511459908903
agm005540385,11.244796685177269,1.2761564313295437
agm005540400,10.823090197944353,-4.645900611303477
agm005540462,9.46670284548308,-4.325780616497808
agm005540504,14.35012320413196,1.6370571578583686
agm005540716,19.158848438127915,2.720056134940004
agm005540725,18.396600516440568,2.4797336354800756
agm005540827,12.531090748162049,-1.3138261828022018
agm005540859,12.732812356486408,2.042280260868834
agm005541001,16.032655432940704,-0.34748649561041606
agm005541016,15.159393564495355,1.3191187840626288
agm005541251,17.278597292570534,3.0233965659749047
agm005541255,17.667352101652494,2.9620749405363234
agm005541414,14.40447520191352,-6.455238933583975
agm005541415,15.13903717016256,-5.04721166915525
agm005541605,20.363581772652633,2.4490985495989777
agm005541629,10.884149250752932,-2.4027562749312312
agm005541810,11.253494274379564,-2.5386028350572682
agm005542205,12.156634113883072,0.7537379030652053
agm005542271,12.42971704491087,1.9132524868213565
agm005542412,18.63138592583731,3.469298815040612
agm005542536,20.108636789457893,0.4746588849159954
agm005542869,18.078140961002134,3.027728510131306
agm005543720,19.287090122639583,2.401191833543956
agm005543759,17.524205776398958,5.722737300155541
agm005543786,18.759299286605316,2.623907262433735
agm005543808,18.31692064528168,2.4930249028261544
agm005543809,18.202888764241834,2.4976860779589893
agm005543838,18.52419417818786,2.5486305242236384
agm005543886,13.605475943712625,2.404741723340795
agm005543948,18.64187884571259,1.2145169479084097
agm005543960,13.821305259136022,3.7912426733256646
agm005543980,8.205038533153951,1.0228198238021922
agm005543984,10.316006071800611,-0.864577740734078
agm005544072,16.659538427385794,-0.26678687465370954
agm005544076,19.312371334862476,4.443211194349908
agm005544219,8.04099989973254,-2.4439799645978133
agm005544224,13.814801329540597,1.0380701209124026
agm005544252,13.441446663845742,-2.248051487749735
agm005544318,22.913323797387054,4.990440465369453
agm005544322,18.538369641543643,6.563488107644649
agm005544329,14.801334850903904,3.4417691687281597
agm005544453,14.983234806520707,3.479218816363491
agm005544454,15.032715132554008,3.494691406103199
agm005544612,14.774661976664998,0.4632935088191239
agm005544653,20.338868583786084,6.930786350087834
agm005545095,14.524971950163396,4.041597681059772
agm005545192,15.501093989510428,-4.903648077782014
agm005545233,15.823100097543866,7.245827797309095
agm005545243,11.7215072806878,-0.6938038966847444
agm005545485,13.798497797001588,-2.1477968234881857
agm005545487,13.288348464120133,-2.348401547183401
agm005545534,12.720266999930407,1.789225854067802
agm005545577,17.668646606854598,5.629812010169627
agm005545614,15.095363603862374,4.213929341252958
agm005545644,19.694385153313153,2.6012247559192994
agm005545674,13.04878953786586,-0.5583345344452102
agm005545824,18.61783027128482,2.5404840392278643
agm005545908,20.978699037096565,0.9075137040984961
agm005545913,18.746907636435072,2.178808087061084
agm005545917,20.417048474715326,0.44817300933209836
agm005545951,11.29529120857999,1.1710173986157024
agm005546014,18.07563674195629,1.1158828568806918
agm005546054,17.28489452655866,-2.492517866884564
agm005546069,13.317195453874769,-1.0281417473272878
agm005546130,18.083305291078283,-3.151077843730094
agm005546161,7.587457022539411,-2.0740055370334165
agm005546301,15.827762152275108,5.651649664334305
agm005546351,16.830380384237404,4.277028139866615
agm005546378,18.20695113492775,4.835143050585679
agm005546385,16.61902711910462,5.474305661420573
agm005546391,12.161233870837698,0.617026655972562
agm005546419,14.933999825950686,3.1087213664787163
agm005546530,14.226148679762707,1.7644361465758216
agm005546540,14.068935720793702,2.00650501920822
agm005546637,7.604120753622474,-1.8902328587194226
agm005546716,14.893959856311069,2.167475677590737
agm005580491,18.93839169839441,2.060411889262324
agm005581560,19.386711447993523,2.8024259845873103
agm005581572,19.563806162077533,2.8596682756930734
agm005582010,19.16082353095598,2.745044931657066
agm005582352,15.335388646920633,2.5368606436788395
agm005582456,18.92342812412986,2.0898871623290938
agm005583054,17.940599415470942,4.063073538589154
agm005583145,19.85549700825285,4.647760639872113
agm005583358,18.401156818118583,6.939223916224349
agm005584751,13.130737897161977,2.079960662459513
agm005585003,19.030234237240304,2.2428179122135106
agm005585248,18.938968993303618,2.209579342077939
agm005585340,13.176661859652995,-6.280606506513725
agm005585407,20.341291212036747,6.515184367035855
agm005585641,19.42022428591393,1.2093466413723162
agm005585646,19.38708518637196,2.8821067137057526
agm005585802,9.029182896969461,-1.9001771640452076
agm005586174,18.849090545035693,3.1231578278194
agm005587043,16.196073666795197,3.4959759447902594
agm005587399,16.68946052229987,7.040101492762614
agm005587945,17.850937942484723,0.8158131042493674
agm005588407,17.974672957348762,2.536086669230359
agm005588754,14.967718453718552,-0.2782918372545679
agm005589462,13.636007894632035,0.9236680111956925
agm005589799,19.8263037928666,2.9374952065788724
agm005590007,12.894145231107183,-3.6621200530900224
agm005590208,20.474134794309656,3.418638318758086
agm005590296,18.70818191059252,2.608831687523918
agm005591073,18.779273715680247,2.595589171018113
agm005591365,18.9829534220445,2.6723290495122214
agm005591392,12.232978082861953,-3.2839820720982407
agm005591457,19.014159417421055,2.701353353622001
agm005591736,18.67416103666461,2.587394218975394
agm005592312,16.751983820102275,4.586822403746834
agm005592421,18.216745618674654,3.5573575232861443
agm005592668,17.538465871951345,5.179560545836076
agm005594027,13.218747575753069,-0.47682953122460897
agm005594574,14.145966418275135,-0.31250098435250173
agm005594915,15.588019399825738,2.8340841312824185
agm005595080,17.070813836001168,3.6850620200310833
agm005595112,17.00820466766547,2.2831808966925107
agm005595341,11.803904713311352,1.5849276021846777
agm005595570,15.973098141347158,0.6150793520333107
agm005595976,15.748683507393359,0.707623317615325
agm005596010,15.903230267256856,3.3390486585123913
agm005596104,22.56223153049595,5.608371693477752
agm005596214,13.643692614502607,-2.2279930274937056
agm005596489,13.296244865852444,3.760764616617832
agm005596916,16.529869851017782,7.344157738149494
agm005596934,14.328217491557941,1.1362341570677614
agm005597030,15.330428500057181,3.067034613424042
agm005597043,15.504759245325223,3.1185594996469965
agm005597173,19.44670282932709,2.9512483904262807
agm005597347,17.3881386510681,4.065703066943912
agm005597470,21.34318364029462,3.9849454386592926
agm005597490,15.549428046833805,1.436198711776667
agm005597557,17.9418937821687,2.9074153525073
agm005597589,16.418113429697783,4.128224087235315
agm005599119,18.702570179861645,3.016802891227236
agm005599432,17.352469877822745,3.3195267620506392
agm005599559,15.711637163059855,2.351842696094024
agm005599773,15.101457793733537,1.3535897214976356
agm005600084,15.595762396127363,-4.629667873239156
agm005600520,12.353000669453953,2.2378167653970222
agm005600630,15.377088361819439,2.3871740839399247
agm005600866,15.555468299203651,-3.816131196295959
agm005600916,14.403763083476123,1.2029209296097854
agm005601349,15.12629606246763,-1.696218831494636
agm005601378,14.738335986912906,-1.8932715176682546
agm005601476,14.422465301664287,-1.626942602210643
agm005601522,14.728458134500022,-1.5065582138396056
agm005602004,12.44371416824396,2.882337000478234
agm005602108,18.70017416136666,5.0331156709268905
agm005602568,17.800285145863622,4.698312615195632
agm005602691,15.139881969048309,0.28356147552495514
agm005602875,14.292090214342169,-1.371183143681308
agm005603554,14.801306946074263,3.338980086424524
agm005603613,17.85640997682215,1.9424346432821622
agm005603697,17.664765260915498,-0.3532086800420693
agm005603713,14.342456539499645,-0.4340997886980483
agm005604092,15.537979454252968,2.1993558776643556
agm005604160,16.888014104348745,2.275936590451467
agm005604440,14.707589984333339,2.014462959336937
agm005604879,9.552290500990157,-0.7087203408988376
agm005605396,16.371692225949694,2.341269794092268
agm005605704,15.83838464130241,3.1731231977388723
agm005606391,16.169810213671543,0.5184931649241354
agm005606574,17.136651391355766,1.8752443957561755
agm005606651,17.586315037605825,1.3760991503470201
agm005606743,16.770103140068404,0.08814866843513276
agm005607468,19.243408689303667,4.19700874469616
agm005607676,12.898766889056795,0.16284005230087928
agm005608751,16.534086756498173,3.1308625184389185
agm005609335,18.733463016443977,3.4477173366976737
agm005609365,12.525459151761885,-1.0385724302634347
agm005609787,18.353080566783962,4.684383090086389
agm005610635,17.268515102459215,1.9744434360755676
agm005611428,18.17522064590589,4.7029762790494924
agm005611509,19.446573061181198,3.071197606005974
agm005612643,12.913157880448338,-2.2005185403611054
agm005612657,13.083242983971871,-2.14804378358676
agm005612766,14.720129527212608,-0.736182717694018
agm005612957,17.603584328529475,2.945759445397466
agm005612995,17.150140397153166,2.7910874749114627
agm005613185,16.611442250121218,2.570758700265532
agm005613995,16.153083311280273,-0.03667303996227744
agm005614486,19.462562050240017,3.0639501461255017
agm005616187,17.40331612598205,1.8891530904159002
agm005616359,11.375215689147424,-1.2815760162277539
agm005616433,14.359677554630267,-1.5024407425042519
agm005616995,20.789314121125585,5.51753274438872
agm005617700,11.968222202257712,-3.7019231781472723
agm005618941,17.62773265721103,3.1261391613035365
agm005619020,15.717015146128656,1.1071656579600262
agm005619897,12.317065811257622,-1.524093327285281
agm005620115,17.564650189742306,-0.03848325431752908
agm005620155,16.402787039027036,-0.5489642255193834
agm005620461,16.193287623475488,1.5930364435788096
agm005620956,19.320962583119606,2.3603098968070326
agm005621427,16.052822093622616,-0.6528550139434953
agm005621431,16.93810888943333,-0.27772689348833346
agm005621453,14.390489226686496,0.4776837174427744
agm005621525,16.779032827870598,1.7599169569545925
agm005622034,18.952568393461334,2.474540296218101
agm005622106,18.223525477564028,2.776980713208376
agm005622533,16.64528589271546,4.059891686736148
agm005623066,16.699718732189115,1.0800091566865868
agm005623619,16.819678451269304,1.5735127260215727
agm005624058,14.746777483916253,2.342608239133085
agm005624618,18.748161538868153,2.6745543695312612
agm005624646,21.510488339244528,4.059341341926765
agm005624755,20.90532970084759,3.8606043693978087
agm005625912,17.884237752616315,0.7438223197593778
agm005626445,13.867538141899537,-2.624777917424046
agm005627113,6.937291253292546,-2.0622567978070845
agm005627280,13.904164459410872,-3.700253539996912
agm005627399,17.589811981286324,0.2526471116935909
agm005627455,14.683657042387473,2.983130521557865
agm005627815,15.585221218071805,1.8323443153725911
agm005627897,14.19147081308276,2.7673908146831727
agm005628209,21.267991397667945,4.297383588739283
agm005628517,16.523511821463924,0.36551155315499617
agm005628938,13.7438948868464,-1.707545766392915
agm005629217,18.37877560409627,0.20246783351693054
agm005630079,13.397305590325354,-3.3614739739128527
agm005630107,16.409058846681667,-1.9991655583098176
agm005630212,14.040133919235492,-3.976608065656697
agm005630353,11.935019392034393,-6.174508966950793
agm005630608,14.20174041509294,-7.090536598457239
agm005630833,11.228449043381048,-6.224443128941311
agm005630996,16.50427250569943,2.5395067864104703
agm005631153,13.722457829473823,-2.532110018518455
agm005631586,20.771199051879105,1.6149522781135726
agm005632220,17.8987513686788,0.6075238483766027
agm005632287,17.391234859489593,1.5119156961805587
agm005632741,14.803996406583172,1.5302854871097697
agm005632931,14.045803941690254,3.862298949369549
agm005633147,20.100074957319197,3.2655506310723204
agm005633314,14.285033338355879,1.1502658605178524
agm005633370,15.506439195518752,0.33076990520857663
agm005633541,15.744032449963315,-2.257361246852227
agm005634107,17.18059542264154,0.9546416142392538
agm005634211,14.839355661431897,0.6402054610033142
agm005634234,14.399403714547246,0.698458175010885
agm005634251,14.92658702466595,0.4456881416143747
agm005634305,16.12662318038608,1.701945165554766
agm005634382,15.103694472232462,1.3392845296150682
agm005634835,17.72010992308169,3.2968636097279345
agm005634875,13.978785650580177,0.6285733513424555
agm005634910,16.196367409033204,1.0339987389025171
agm005635181,17.946844848074186,3.036256270629926
agm005635305,16.832084655215986,1.488252406710591
agm005635408,22.583387987805384,4.560976866069087
agm005635430,20.442085160280627,3.6479457255075
agm005635661,16.045417013417413,-0.732634194014859
agm005636112,14.495297474440356,0.024574843617546804
agm005636199,14.38490470130328,1.3647266042707145
agm005636311,16.21399235708853,0.9336087785611937
agm005636516,16.75390500932203,2.041334774207425
agm005636525,19.3518873428936,2.8827428521870835
agm005636880,19.085516887344372,3.882364696434242
agm005637049,15.349605884421665,2.538095533041879
agm005637127,18.760399866666237,2.982837991473085
agm005637237,15.489555412859836,1.2260224873041092
agm005637631,19.362209345760768,3.4744844638819905
agm005637657,15.885216197799856,3.437004324715302
agm005637788,14.087246318959792,0.3758446749684244
agm005637795,16.547722802378953,3.554567958838313
agm005637925,16.436575307939528,1.7186867270332928
agm005638274,20.2120484258393,0.8304954889990732
agm005638603,17.1662995846877,-0.46145198586365527
agm005638804,17.913813459278128,0.2159942953241701
agm005638839,17.737401234456836,2.9935269761107826
agm005639192,17.924782005594682,1.316277559258032
agm005639915,14.638144552012418,-4.018310422049429
agm005639976,11.293658191196542,-3.540302569453852
agm005640127,18.799562500310376,6.380838790880589
agm005641129,18.178462247661614,3.0200695067646612
agm005641898,11.65564513329189,-2.476986157370538
agm005641920,15.728655878909517,3.0347741510546777
agm005642216,16.22566569654087,3.2693697756600506
agm005642258,20.54996263643717,5.065261146261281
agm005642306,21.948831921447503,2.0875892920429813
agm005643129,17.69156330843567,-0.5907779282835092
agm005643283,15.995009930032737,-1.0649638997745114
agm005643914,17.308160107051666,-1.0197065096763644
agm005644070,16.969451406366606,-1.99578322577601
agm005644236,12.02632374962628,-7.295326183567489
agm005644298,15.216148522678296,3.35444307080992
agm005644357,13.630902660430769,-3.182959081608876
agm005644588,18.142914756244558,1.0058593994945493
agm005644954,18.749355988397603,-0.8174898897056361
agm005644991,14.289433407110925,1.0328639641369322
agm005645271,18.683052735125326,1.2692375062526853
agm005645406,19.081575420774367,1.3122019692460636
agm005645663,15.372229550620187,3.713896017042944
agm005646455,19.325369759058635,6.292382033830937
agm005646509,22.68982099555502,3.216721025373507
agm005647164,17.676716030105542,1.5672803526727772
agm005648423,16.690998870128933,-4.8673125214217485
agm005648768,21.66445345420144,2.1601576700856824
agm005648968,13.029323768970501,-5.048463252802159
agm005649023,17.8845402045628,0.8330394798053776
agm005649113,15.527055008622975,-0.4199689900437426
agm005649125,16.736199032137826,-0.06027160673076833
agm005649260,16.825333781989098,-3.5478064523618937
agm005649652,17.34721826611384,-0.7402660842641176
agm005649657,16.396521184014702,-0.5816788206999218
agm005649765,18.645932743957015,0.23674205133535864
agm005649803,15.415159047627894,-0.8740008607426871
agm005649856,11.434899273507055,-2.875644656809421
agm005650071,16.631274734316747,-0.9785050507643364
agm005650074,16.1508951910027,-0.9055256831422286
agm005650147,15.602585801012403,-2.046739989045855
agm005650273,15.867206085547577,-4.660090881310512
agm005650359,16.587665931042277,-0.9319730424205689
agm005650555,19.27844036546081,2.0836250555025138
agm005650995,13.093026088746742,0.098109131729192
agm005651111,21.333075944298887,3.0372373816837617
agm005651236,21.648863234462194,3.135066184461613
agm005652123,22.46451525137421,0.5545049459291498
agm005652184,16.35125050991515,0.10508353620893907
agm005652223,11.673604694606162,-5.6816386313995055
agm005652264,10.212259440988943,-7.565822264872545
agm005652281,10.808694221097104,-7.319356356767457
agm005652426,12.702804920346312,-5.39927013227435
agm005652534,17.012599508136972,-0.6421389546512964
agm005652649,22.2467813466845,6.562228840287063
agm005652681,13.462133076520642,0.912728193275461
agm005652972,14.50050084570142,3.0087413618248595
agm005653772,18.052488731508706,0.3418234003590032
agm005654033,18.876829233661898,-0.16745496658763415
agm005654085,18.608435169427185,-1.22049313800449
agm005654133,19.141712240781295,-0.7064097521502966
agm005654177,18.314471240111477,0.4357025939423889
agm005654680,18.319260362417413,0.18727440909088836
agm005654842,18.19005604012934,0.3559528629381603
agm005654862,13.353073569491336,-1.8416479666865684
agm005655232,17.684333122547056,0.18295206171252806
agm005655524,12.19486106651994,-0.10188166370526612
agm005655762,20.25693838068112,2.1272127101691503
agm005655971,22.690962207977865,2.8156801004658547
agm005656815,13.33900902802652,-4.74460754350319
agm005657189,15.616559808226206,-1.6608171292885956
agm005657198,15.969986441839808,-3.478909311135297
agm005657305,18.95874572600583,0.1820360857977986
agm005657691,17.72611362776248,-0.698316722485251
agm005657855,17.814559582765316,-0.15020201195734728
agm005657871,18.047286074767968,-0.5583744144359907
agm005657946,17.164249293766535,-0.43952535388073244
agm005658131,16.135410779459775,-0.8214799921310126
agm005658294,16.717383764561358,-0.8470329010533847
agm005658734,18.472953339414833,-1.0071012370911798
agm005659056,11.387887383809817,-5.786495112956689
agm005659085,11.558495255141878,-7.848451354822212
agm005659150,14.147596449879236,4.149564778918349
agm005659328,16.5203644675923,2.98051727791507
agm005659597,12.57003843647677,-6.139218231662999
agm005659709,12.057627364818153,-4.044473312648349
agm005659983,12.78775568359773,-4.079956909184059
agm005660539,23.4418741628738,1.8863873090862409
agm005662506,16.776808733553967,-0.9738309714744506
agm005663619,18.884849738452324,-0.6399968501666082
agm005663660,12.435576245876168,1.3402411692375604
agm005663784,17.3765903318308,0.5347903380067708
agm005663842,18.192498374429608,2.6505319398880673
agm005664341,19.9161769409845,2.35508681781301
agm005664999,18.649716210609686,-0.0758456084234543
agm005665066,5.3854870349322965,-3.933259054136893
agm005665311,18.32372403198625,1.9972662470713527
agm005665631,19.41687273134632,1.800832543457845
agm005665681,20.758063431543018,2.0938607223251964
agm005665734,18.20115993281639,2.5838275366001127
agm005665776,18.77834299520443,2.7385593539200443
agm005665795,20.735619920903495,2.547365635842015
agm005665827,20.612404202438636,2.5384089093201716
agm005666137,21.189254163333633,0.20578342580704767
agm005666762,16.046408854747085,-1.7350057610741902
agm005666789,19.926683532874325,2.42450170954814
agm005667046,13.563921152380813,3.576071960510822
agm005668490,18.486005215830705,2.6448741040138537
agm005668537,19.690283105024708,2.945910946439273
agm005668545,18.66263775617571,2.6130382173369853
agm005669978,16.386790993302608,-0.20483939657216155
agm005670704,16.663929677364518,3.949944978789762
agm005671259,14.596621805826688,1.485299213995561
agm005672078,20.61398763242217,5.2413058096058345
agm005672114,23.65063206035303,6.350761793329614
agm005672851,16.352357520094053,-1.5310754842546057
agm005675910,14.619724945836017,-0.8924885487945277
agm005675966,15.9671251861282,-3.0272888619453298
agm005676057,20.736205751141853,5.484757588414456
agm005676379,15.84487311275184,0.3527371890395668
agm005676632,21.911468292082855,3.075356179987485
agm005676668,21.143583699464994,3.1961972823319678
agm005676740,17.840658577660555,-0.041444833727175556
agm005677145,14.78680052757683,1.4160837755127123
agm005677210,13.705678138348874,0.4242487485769928
agm005677220,13.827199176227541,0.48819277038972597
agm005677393,16.960164655775035,-3.0173835818319685
agm005677505,17.143144091205127,0.4485796976848935
agm005677694,21.41907501183925,4.767768651928432
agm005677735,22.048636334905314,4.4826135731979155
agm005678969,19.223918508480185,2.2673626982995025
agm005679614,16.179148618878305,0.3618265854943245
agm005679645,15.646301793085724,2.7008069019069136
agm005680013,12.01467106646421,-2.718663322540938
agm005680119,11.757433530432982,-5.0070732699178775
agm005680306,18.55608264379531,0.6689370002495636
agm005680318,17.379118020906258,1.0416483510779682
agm005680342,15.298479880604686,-0.9766360737798466
agm005680663,15.6698546056684,0.2971721636597066
agm005680702,17.39282652077151,0.9349400457252379
agm005680810,10.921605953706605,-3.198010850698307
agm005680853,14.589596431748227,1.3109043389924195
agm005681081,13.197975058600116,-1.2406903842880876
agm005681139,12.45490039215292,-1.5497437241233947
agm005681165,14.29080955994762,0.2780911342653744
agm005681191,15.491393651003444,-3.4068492655431037
agm005681244,15.264991261356867,-0.4745564051775748
agm005681260,14.029967367802499,-4.240513447590923
agm005682034,15.195997638798632,-3.4355884301346418
agm005682154,17.952871730329743,1.8339483684327664
agm005682165,14.178861273995565,0.015989281786129794
agm005682336,15.395389899791452,-4.545816561722404
agm005683187,13.925105666493776,-0.7766291588523302
agm005683984,15.025195496118831,-2.187121058589908
agm005684832,14.476356066999907,2.359364957403885
agm005684875,14.550921949229002,2.0531748361358186
agm005684967,13.406765388233215,-4.09428916766626
agm005685367,14.768428358921199,-4.553015838523197
agm005685513,15.925099129766972,2.717882790311911
agm005685665,15.367761235432463,1.619670987055746
agm005685906,11.02689670272791,-5.455823222834265
agm005685956,14.054193876336925,2.7328291371688573
agm005686061,13.504829368048886,-2.0154324291406165
agm005686362,15.17911350282528,-1.483681981859443
agm005686530,16.224821257726354,4.276522177461792
agm005686695,14.679352206724237,-3.3378403559453953
agm005686837,12.740726958039355,-2.655887921514394
agm005686863,13.60499942422372,-0.3888517473366022
agm005687138,12.292231197897367,-4.469726977656765
agm005687448,14.4116674463168,-3.9529066725929334
agm005687526,12.208184310083503,-4.2725774491724255
agm005687809,14.999683212051279,-2.867842826047021
agm005688045,12.139845266345858,-1.4450477793566414
agm005688201,20.195205340348316,-1.7694250803689247
agm005688376,9.265025665717888,-2.9081441886565904
agm005688537,16.67223498365379,-0.668952902220236
agm005688550,17.364071721393756,0.5956159795714484
agm005688846,17.239995320732,0.4542290379812286
agm005688923,16.673805344657747,-3.0058060470357653
agm005689651,16.826746183526843,-1.889167319879114
agm005689739,20.474822633313963,1.729511113432789
agm005689900,11.488445368183164,-4.039398661557034
agm005690481,18.051259119973466,-0.05046897685180459
agm005690501,20.1731187536139,2.658746156429557
agm005690629,18.24585868452189,1.548055519991351
agm005690814,18.38378425265093,0.8177864538267402
agm005691100,14.315249936492428,-5.328262553129204
agm005691220,15.825256586577995,-3.678843936867821
agm005691223,13.780381037457078,0.4996780044727925
agm005691259,13.559516697858555,-3.1888006294997773
agm005691277,15.058448582505958,-6.607724904638381
agm005691376,13.964534433014158,-1.6613647756758272
agm005691429,13.82403922956655,-5.448526530789508
agm005691552,14.341557439590872,-2.45489136712672
agm005691620,13.251696706965413,-5.391279124318973
agm005691976,15.482974774054666,-7.4723580601349395
agm005692077,13.887430129359295,-5.477498160997986
agm005692101,13.060697212932446,-6.414465827993463
agm005692117,13.315946547253064,-3.2330930518430723
agm005692202,16.937008247482705,0.5271953676998921
agm005692344,10.638461944421744,-4.668062218248113
agm005692589,20.633497668004086,3.111190646993234
agm005692986,11.060658659665156,-4.042341108332603
agm005693021,14.280436799758926,-1.5001929339581939
agm005693356,21.243847127827603,5.174756477185113
agm005693527,16.47613570780904,1.272687461557184
agm005693906,12.14913220415466,-4.183160855678817
agm005693940,9.840882182679449,-0.9022943711840389
agm005693976,14.84160149416613,0.024235403866664267
agm005693996,13.456049006724536,1.7655949196093648
agm005694212,14.41507381567637,-4.373616903060321
agm005694286,13.155378709025777,-5.027011079561912
agm005694579,14.250175065800997,-1.8523461018207297
agm005695245,14.119923375265998,-3.911413723324594
agm005696009,11.642660926773168,1.3982808224887995
agm005696103,13.440418179488887,-1.666977239665447
agm005696122,13.640886997877375,-1.592258401508558
agm005696280,15.165674766039123,-2.374848944925041
agm005696471,12.481075368973658,-0.8004792954894201
agm005696771,11.57123781977834,-5.71382768963005
agm005696874,11.329910363741732,-4.208024342932734
agm005697047,13.445451249863062,-2.0276616383674138
agm005697148,14.344961143455066,-0.7005644096137148
agm005697262,13.905747135684116,-3.2715051801828916
agm005697553,16.252546131370753,-4.546646216866724
agm005697606,24.427086915387118,5.761230443509368
agm005697611,15.329848904223326,-1.1797054072766802
agm005697643,10.855283818325269,-3.5675490748608176
agm005698477,15.293819864618392,-1.2649994537886673
agm005698726,11.792134619971387,-3.3186360573589173
agm005698962,16.279897004250618,2.20678398276014
agm005699635,13.800798950809712,1.2361499300298764
agm005700188,16.958549154703835,1.5516780329443467
agm005700732,14.19705582192375,-1.7450759884488154
agm005700896,19.467779118508115,0.07743911255893465
agm005701008,16.58237735472728,0.20282315764116632
agm005701548,11.045777868724905,-0.1251173494583894
agm005701776,13.00445417481753,-0.6057166429609531
agm005702045,11.196655518729983,-0.9297812402630381
agm005704081,17.81261435419622,0.9069972628554398
agm005704164,15.720411459078809,0.9960615433353338
agm005704438,19.267443271519014,2.926835944485815
agm005704470,17.122648453167052,4.4915599203511904
agm005705880,11.669870539001463,-3.9281214288201642
agm005705911,10.897158532055892,-3.905148322174476
agm005706253,13.644193348964867,-5.713410052336475
agm005706502,16.028039012708824,0.4167060981166853
agm005706851,16.655919371998674,1.005715375075822
agm005707251,11.436703413029733,-4.438773086257293
agm005707792,17.619994394273483,2.1162992490302757
agm005708294,15.732991784469926,-2.0972687884478893
agm005708927,15.310930463377872,-1.9571096579078386
agm005709092,17.39528338482778,3.9189133627133366
agm005709179,15.322817567947892,-0.4234050197255262
agm005709401,15.51414663011321,1.7681559167239935
agm005709404,15.394080556926804,2.0318855193909227
agm005709410,15.589383746563277,2.099796356030757
agm005709417,16.6118610090523,0.17308703174475384
agm005709518,16.12051661294093,-2.601684660274554
agm005709638,9.35401256276273,-2.1542732763091363
agm005709639,16.61742538991994,1.5783129691884614
agm005709722,18.6665655122392,2.36862417257732
agm005710025,17.818066394653126,2.7718222867151248
agm005710924,17.19641578820183,4.3525952593343264
agm005710962,17.84251695780363,3.140815164642357
agm005711281,18.163814946043928,5.601009154304034
agm005711375,17.132014077164538,4.2382098294446635
agm005711417,21.07354224987704,4.630315233306917
agm005711522,17.175243981561334,4.195049547221649
agm005711549,17.69055107727409,4.330036041682313
agm005712111,18.212640280105486,3.5579277476185105
agm005712310,17.55884745487513,3.3529718966246116
agm005712766,20.018247906033142,3.5426209993466173
agm005712800,15.096274781466898,-6.6265821771759885
agm005713801,11.525919975085216,-1.7419180814598043
agm005713849,14.812909280560559,0.2997391107225666
agm005714663,18.038238540425244,4.002233811962799
agm005714758,16.83730766995313,1.69512135948595
agm005714869,16.60614620856637,0.6307463572302314
agm005715192,17.379483815418734,1.8386088963378728
agm005715690,16.905520787829026,4.232642999896201
agm005716630,11.899860948964182,0.9286070043571572
agm005716942,19.255041681142426,2.7689701985942556
agm005717407,10.569983973521579,-0.2805923328195181
agm005717627,13.621911022628394,0.2627288064406468
agm005717823,16.469250603720152,1.8450105811422943
agm005717837,16.641464293738068,1.9146488189748414
agm005718647,16.874733141801993,2.4709308872535227
agm005718756,15.957694146260925,2.5504144568773413
agm005718806,16.363774602705806,2.740901527549335
agm005719058,11.750552329621982,1.1617937440743404
agm005719756,17.131348215450995,3.3690457823810873
agm005719965,16.675445081351842,2.0967914238495173
agm005720559,17.136271843291137,1.2378279999192259
agm005723799,14.499770656455121,-5.51641396949103
agm005724261,19.156174908944042,3.6865673477234076
agm005724341,19.085095697099593,3.7270850650233065
agm005724531,20.529910500368246,3.979527646024433
agm005724601,11.987049310442004,-0.5322115384743841
agm005724937,18.929167626370305,2.940844236552554
agm005725054,13.737619736942978,-3.4035838036626678
agm005725080,14.388294932990533,-5.9370047578474585
agm005725082,18.42224587450793,4.118175663348956
agm005725319,17.333259081444904,5.140487291609624
agm005725343,17.766200859890425,4.005262740269229
agm005725673,18.289815822739996,2.9287289032078228
agm005725710,15.577307866641144,0.9513589368791869
agm005725716,20.34979607802668,4.99837999463701
agm005725859,14.678494283136928,0.7958383895001262
agm005726174,15.49786629124696,-1.4008887311102878
agm005726359,14.47462815105415,2.8591915705563045
agm005726400,15.927123702240397,-0.11369888747150725
agm005726421,16.055979674487606,-0.4259202594614294
agm005726758,18.971898053055448,1.9553011928454929
agm005727003,19.623379044546418,2.9483304126788212
agm005727289,17.754690443084485,4.307724641620358
agm005727295,18.256450812098148,5.2705468922004295
agm005727306,18.15385167871341,4.503536829334167
agm005727527,19.64120277783731,5.462956522817997
agm005727540,13.969986589784899,2.796523702553017
agm005727812,18.482061650230182,3.212924833097894
agm005727973,15.952303070902138,2.385061176827437
agm005728056,21.709272333933068,2.7819507481780357
agm005728424,15.64119254671857,7.087085445329859
agm005728537,20.181245822842648,2.1630976548558714
agm005730035,18.941179614066503,1.5162697731491785
agm005730171,18.713331873787364,2.3096043678218514
agm005730200,18.915647794413477,2.3594241392382003
agm005730261,18.486572000998965,2.284349104888303
agm005730557,18.309753349894045,2.2322849513294316
agm005730622,18.339049388766817,2.2399302573515016
agm005730636,18.648678319153333,2.2980344909639583
agm005730800,18.546927637903092,2.2674186520354573
agm005730884,13.833333804634997,2.4276712924740935
agm005731217,19.210814214676905,6.6975033384919085
agm005732215,16.552467573932137,7.5321817142519585
agm005733992,6.543071466730665,-3.9602375955245344
agm005734296,19.54377977722483,2.8538489575103845
agm005734703,19.28604648500864,2.7629011918356823
agm005734737,13.801453492784548,2.391464317288656
agm005735078,19.586157073166927,2.858064510210935
agm005735265,19.227866951091734,2.7418020661925957
agm005735524,18.856086385264803,2.651817282114571
agm005735593,18.726866609229337,2.6079502867006936
agm005736265,18.81962897798153,2.621516378532334
agm005736599,15.377127751075832,-1.5165029127329297
agm005736631,15.910091903168635,-1.0968075967459527
agm005737533,15.245633304305077,1.0736861022587092
agm005737791,14.183289144311361,-0.0005633698675489759
agm005738536,17.520045873464237,0.5940106364278925
agm005738973,16.16315014240639,2.1975187443964157
agm005739069,15.277876450484241,2.8125500923207105
agm005739494,16.62210263460865,2.4254941851623397
agm005739560,16.805357135653882,2.0651435027449314
agm005739568,16.44156238397421,2.4236007675955933
agm005739673,16.502981956949885,2.5810067388805593
agm005739857,15.341170835093004,1.9097479054364708
agm005740084,20.78369415568638,4.007206789516904
agm005740179,17.64054763557347,0.8143720669896991
agm005741208,18.201727209122794,3.072418698233694
agm005741249,19.075608153431453,4.015522919687716
agm005741321,17.119447626559957,1.1115976299411383
agm005741360,16.143528191290493,0.42177813436006123
agm005742017,13.069564412604533,-1.7349223424062963
agm005742330,19.344669016375263,2.351586228463553
agm005743058,17.145462489290512,3.1948891312517715
agm005743214,13.52066645113677,0.42852214536478783
agm005743468,20.90453115999596,5.603307193307484
agm005744375,21.016997450964837,4.245853899205886
agm005744518,15.037027468258565,-3.639578645417182
agm005745022,13.995289749031144,1.330752035492477
agm005746064,11.28668948135787,-3.512675010368842
agm005746420,18.20294907032559,2.067685773658635
agm005746500,13.696614669350893,-7.4780666767585044
agm005746952,19.149744528051052,2.2477507259857212
agm005747654,18.697897193196997,2.3027152485443048
agm005747698,17.602469140440125,3.4391413318266957
agm005747946,18.619093546382185,2.2356821500782154
agm005748632,9.396184119073334,-5.9737598922392685
agm005748638,19.812317641129148,2.4910263707125773
agm005748853,19.074758105735366,2.696005149667775
agm005748910,19.121326129062368,2.707202569820357
agm005748983,23.913150703631985,5.477416413086127
agm005749024,19.854069842732457,2.9672412005515447
agm005749207,20.093898442746482,0.8311902820032367
agm005749249,12.967037660022365,2.0666902018186035
agm005750209,18.952656266165317,2.641583748490197
agm005750268,18.608514945394457,2.610840122985062
agm005750626,11.697695322963817,-4.92662297896863
agm005751773,12.560809514926168,-5.435620868453401
agm005752114,18.709809150265365,3.3505175448234055
agm005753021,16.439929558218115,3.2347564198344165
agm005753251,18.83102056427892,2.2892117964265117
agm005753355,19.411538565271666,3.754299888745026
agm005755331,21.943182019791248,6.054683782130485
agm005755741,19.85979056825837,-1.1615003619746378
agm005755854,19.677396698269316,-2.0752147336936537
agm005755886,17.71617701172146,2.718699363873148
agm005755978,18.997274243718422,2.7375366310624982
agm005755982,19.26789266565589,2.7789074434351497
agm005756780,18.708401489430024,4.673418267016198
agm005758419,17.984489411356606,3.497199123035371
agm005758638,21.62903999115616,3.0788650230205987
agm005758688,10.72457702108641,-1.3064172958760203
agm005759120,16.854881661235662,-0.8690366140126535
agm005759277,20.145809862204022,1.9082957005688606
agm005759929,20.059981734127096,-0.927987302807022
agm005760064,13.337587886621309,1.121577917886346
agm005760584,16.771349842160017,4.776826541428194
agm005760652,17.484865248695538,5.033448112369033
agm005760917,15.6304843800977,-4.550224346034468
agm005761385,17.62641621506238,3.7705049942100657
agm005761818,13.617034727433854,0.3288276296890113
agm005761825,14.578947917563681,0.897999378899339
agm005761883,12.945331571034918,0.05686450638098369
agm005761896,13.219330854679562,0.0008508682083589273
agm005761902,14.34476479633866,0.4575208555942349
agm005761943,13.669242150682038,-0.1337672728622691
agm005761998,13.711138225357468,-0.1182889590722181
agm005762174,16.89781201899765,1.8642985393901572
agm005762389,13.164590182227291,1.2075924668040052
agm005762686,14.528508075160557,1.6392802460576767
agm005762812,20.10299366326457,5.4727822303280735
agm005763047,18.611642468579372,6.0658900124184605
agm005763089,15.745932930246333,1.425733003524113
agm005763160,16.88754059385877,1.993135010855492
agm005763167,17.25556120537409,0.518061988260096
agm005763243,18.40267720853599,2.6645123308984786
agm005763390,14.426135311441444,-0.4315961307048883
agm005763628,14.232364136586256,3.6300509555927856
agm005763689,13.133549879112039,1.1424398518036163
agm005763724,13.964552173481069,2.911871504096682
agm005763734,14.067420944642514,2.957988566874899
agm005763999,14.420467236705647,2.4979469275379107
agm005764099,14.001711271435937,2.3468309963714584
agm005764152,14.203828684887249,2.442782577217308
agm005764268,13.908266878380346,2.120856029287918
agm005764399,13.765565946199706,2.262250120762007
agm005764447,16.383981662924363,1.8147171473257735
agm005764472,20.387243024762473,3.5616306431858966
agm005764573,17.359713198182433,1.5187481506128837
agm005764837,17.25309219981492,3.8947233417304603
agm005764979,19.498200548146006,5.134195801122491
agm005765146,21.275505805705375,3.1306599966780837
agm005765180,17.66473888446,3.8129191943688574
agm005765570,17.44049648685394,2.0608908018823384
agm005765871,18.803526195559456,4.67249641431991
agm005767487,14.912735381618731,4.404778383896797
agm005768371,9.75627950822383,-0.8753848056741808
agm005768517,16.220669634605475,2.54886424991557
agm005768955,15.149383140874605,1.5017021867200828
agm005769719,13.092761801788852,1.2338851900228167
agm005770113,17.40512929889607,1.491237886053271
agm005770367,15.624501066981301,1.8871577653823035
agm005770484,15.299731552941774,-5.102993224694654
agm005771035,13.008139033835834,-4.816694692339753
agm005771162,11.764313767433661,-3.4930166319532
agm005771389,19.331993405927765,2.8533543553235496
agm005771399,18.892636861124235,2.6893078142470612
agm005771704,8.618790944487545,-6.166749361932746
agm005771807,15.972141313426619,1.5882520731725025
agm005771959,11.30328282581725,-5.025766491596066
agm005771970,14.150185825285757,-2.0835936500712817
agm005772082,17.631646441805163,2.417021170158689
agm005772868,11.362736156847959,-1.555401093611583
agm005772927,10.905376322816517,-2.0146722726947406
agm005773607,13.450916613157773,-4.438313998728542
agm005773704,11.920301962928141,-5.034233700429477
agm005774011,18.402251251048114,1.7112575789354711
agm005774071,16.419595115186837,-0.7780130930569312
agm005774223,10.62245767002791,-2.1285068174656216
agm005774394,18.360075415469833,2.888452744054747
agm005774410,9.405176213071472,-3.6438561055319703
agm005774681,14.839934209794594,-4.639877253226367
agm005774736,18.341137777690417,2.7430828442268145
agm005774778,18.267430971466947,2.720722899749019
agm005774851,18.33512282145418,2.792157045934559
agm005774917,14.464653606413263,-4.343392832916963
agm005775070,15.817159811017426,-2.943469054173328
agm005775208,15.371344287605297,-0.08331652539119894
agm005775397,15.398542832198821,0.007870294844850356
agm005775553,16.372386743604725,-0.5258312994835439
agm005775556,19.717992334636666,3.358664457050704
agm005775702,19.05084741156178,3.135224867300169
agm005775996,16.221741737542935,1.2483246731559838
agm005776403,18.463145515877766,2.357454635345617
agm005776464,17.399549213698307,0.9362506160939835
agm005777169,9.032325993367817,0.8954936923928791
agm005777700,14.522238544146319,-0.8584172111972741
agm005777869,18.60025464900453,4.322429564238274
agm005777908,18.474477192944388,3.1056430859617996
agm005778011,18.477463889348716,3.5123166932486227
agm005778455,17.876845700174687,3.4749596554878948
agm005778523,19.018528496252575,1.9220991219637125
agm005778599,18.656868115003558,-2.7178346625520917
agm005778965,16.204536782589603,1.5888626402921144
agm005779262,16.963283637824734,1.943251577570453
agm005779558,16.314572043765455,1.7289364518748513
agm005779757,15.643482417900898,1.2587147078873169
agm005779982,15.865602093912221,3.0683843251256615
agm005780138,16.29080846893471,3.7842175161084253
agm005780206,18.650755031517345,3.732111346265807
agm005780308,15.63950085147214,2.145572464920328
agm005780819,17.023163090314213,4.332840069654
agm005780858,16.17625896449124,2.8369621386260526
agm005781227,16.467950541070792,1.809893979403545
agm005781552,10.748641245829218,0.7317562072820861
agm005781845,16.116686365292296,1.860281164057198
agm005782376,13.528526534754091,1.292657340608993
agm005782514,9.325580969825072,0.09195862207595577
agm005782597,16.145520717358636,1.5275593944720018
agm005783025,10.347057534328966,-2.8215443441638683
agm005783171,12.663238927291445,-4.257763973276368
agm005783280,17.257376778661577,2.5543780195470247
agm005783353,13.185979002342973,0.3058833873725195
agm005783776,10.196109476105578,-1.632622221263124
agm005784023,15.050324936804797,1.8725298982087857
agm005784074,16.120555620259726,2.1910273267950298
agm005784133,12.481363032256679,0.15879385220157735
agm005784384,14.166309912844115,2.370153173980318
agm005784426,18.46516002217758,2.5637787834924963
agm005784760,15.17952099290451,-0.058927033292727415
agm005784897,17.601720336007787,2.2425651800800765
agm005785341,16.398011941154266,-1.733040450505878
agm005785406,18.295903053644984,1.4419350233739425
agm005785420,12.335485227041424,-1.0006245393352948
agm005785665,18.246132740415185,2.2937280771558477
agm005785724,13.6795021360429,2.4826368707282493
agm005785861,15.61394308560912,4.397717342423201
agm005785997,13.899699704288563,2.9203830597983256
agm005786090,13.21606122881928,-4.927362189762179
agm005786147,13.80009887935094,-5.755119583196336
agm005786200,9.474155675394119,-3.1092487114288736
agm005786316,10.165524075447829,-4.236722711035255
agm005786352,10.344220777687925,-3.541693974634999
agm005786429,14.324022658641082,-3.433760478945056
agm005786548,12.824391799313306,1.3217004622403952
agm005786590,15.105026572085587,-4.2890000110630995
agm005786949,15.69576956019194,2.655798951321698
agm005787170,16.37963701900401,2.7630234991490195
agm005787410,16.963179438947492,3.193035000515224
agm005787780,18.35551494983209,0.495182559969179
agm005787958,12.836930001869918,-7.196347566742404
agm005788178,18.772406676674212,3.0243686449266582
agm005788214,17.565101744434656,2.715760053836872
agm005788221,17.564694090319914,2.72405918336133
agm005788356,12.500953502995108,-6.599746602249605
agm005789578,16.908458469901596,1.4734731624891158
agm005789809,15.994886342707845,0.8067013153257475
agm005789864,15.799514069674258,-2.8782596348273635
agm005789947,19.576783138117754,3.023054161500042
agm005789964,15.451013548593226,-3.0454141154875494
agm005789981,15.48972824732211,-3.0259221587779646
agm005789997,8.64585462390902,-3.9001279198051777
agm005790037,19.245616961135756,2.9295214954479563
agm005790119,8.056970719161187,-4.382661686184231
agm005790157,7.907986156275363,-3.7102427154280684
agm005790203,13.8279364844321,-5.921377981187327
agm005790302,18.76356488717205,3.1901138954534196
agm005790340,19.149508745745198,3.36101291249679
agm005790487,11.93302636658364,-3.4738280950049565
agm005790528,12.458454544809761,-6.1064291312341235
agm005790548,15.512971796046019,-3.409091238748975
agm005790876,16.80387676557945,-0.4507320866147276
agm005790980,15.585295338849697,1.7984255419443962
agm005791039,16.809788651715053,-0.3734642092812119
agm005791276,23.263800627982846,5.905574094877196
agm005791535,14.224115819075253,1.1077195873288919
agm005791700,15.98305290549927,0.5909099504748472
agm005791712,15.81151961150376,1.5524552567496226
agm005791761,12.403486853275188,-1.5005623907491927
agm005791916,11.72886152829039,-6.639667462138348
agm005792322,16.814543794494863,-0.8555013895238428
agm005792888,15.458406024393868,-4.322162382735426
agm005792985,16.261741202411574,-3.7295352515742444
agm005793075,19.677913749307944,7.369385877462761
agm005793112,19.539934439096054,4.058715371342476
agm005793156,20.99123974127765,3.19722764813307
agm005793291,14.063284320413887,-4.532927984913461
agm005793314,19.252108323036385,3.929831312188412
agm005793445,15.85380873182916,1.334006433382126
agm005793562,15.92612933612625,1.3624060479552444
agm005793590,11.430745233394234,-5.03771144703286
agm005793597,11.284829618696756,-5.202196111858103
agm005793654,17.06739425755865,1.3422437548954889
agm005793661,17.281759894072255,1.4128467155520557
agm005793677,19.287229749146956,6.2274778703439475
agm005793703,18.421241367668063,4.685770452572321
agm005793748,17.645045978589117,4.430371223174023
agm005793781,18.34320602568754,4.403980705824481
agm005793980,18.32395908339385,2.1604395255699393
agm005794106,11.261449219692203,-0.7592387560210501
agm005794445,11.998999076118487,-0.2574496586328265
agm005794659,13.2114349493569,-3.9013630059074433
agm005795070,16.012986909761512,2.9690002833696574
agm005795076,16.19378923324761,3.0175847301983247
agm005796437,20.666710489418378,5.616465396199959
agm005798336,15.68517694329624,-1.5370875028420563
agm005798657,18.52154939511649,1.6053662002117477
agm005800456,21.492524258648526,2.4666330979918114
agm005803552,19.637378464472523,1.1163822256621867
agm005805916,15.607992701698446,-2.062900833613528
agm005806151,14.504777515871613,0.3876202179609457
agm005807102,13.85070645870303,-2.978562904286555
agm005807140,19.17038716100455,4.552407792865779
agm005807173,19.95566227100198,4.072691940125153
agm005807185,16.104442592258465,2.629552262163501
agm005807233,18.483440397789856,2.742207092303088
agm005807347,13.9625257937459,0.8266513877653558
agm005807471,13.585421566686222,0.38868939071982067
agm005807524,14.887273363352197,1.5082470156614582
agm005807599,18.02052523182247,5.449477268872442
agm005807633,15.480274481043605,0.7953070114151387
agm005807659,13.670770220100684,-0.5545644579252837
agm005807683,15.170099481895306,2.6855626874448126
agm005807986,16.586509178247383,2.93885495369821
agm005808076,15.629224363347205,3.0920980784996046
agm005808200,18.185273519302253,4.043205218443163
agm005808207,21.938171701991653,5.354019324957076
agm005808280,17.28646592768847,4.226846411133744
agm005808713,14.858696243501436,-1.9215059341112066
agm005808919,14.224986735973028,-2.485384399081083
agm005808948,13.984010393221135,-4.364482770049136
agm005810017,16.40136961137055,3.210724312361137
agm005810291,15.01389152231141,3.515411022389223
agm005810669,18.56375552562216,2.6175299182084237
agm005810708,18.463979806566527,0.48666397160237196
agm005810784,17.86162892979439,1.4831714360446788
agm005810910,17.872695875080097,0.5518938653198837
agm005810947,11.230461262861429,-1.8665297286343416
agm005811675,18.95660051207975,2.810918822586615
agm005811694,18.14199698599673,2.581401856063222
agm005811791,18.56538922586336,2.5858828752600296
agm005811799,18.64982024173069,2.6103854095856427
agm005812842,18.390223018573092,3.6114177421919487
agm005812920,18.281844414880577,1.4033335839129841
agm005813104,25.139736839722243,5.993393137913
agm005813111,10.588653091718507,-5.669268799010112
agm005813705,10.756629459072128,-1.5599201344437947
agm005813863,18.557452015446536,4.127478907977607
agm005813878,19.26102660651046,6.887588155446155
agm005813998,18.30544987455876,1.0632248351634785
agm005814223,14.536762665722788,-0.31555514698690307
agm005814307,11.667131488092787,-1.4316840186580155
agm005814484,18.523556476506247,5.926984991103441
agm005814497,21.497651514306824,6.722701351495426
agm005814714,18.11704929541863,2.934769070224932
agm005817004,19.160666712031265,2.7836730807391765
agm005817085,20.13425629323925,2.4709209527664178
agm005817430,18.943396564341818,2.6668956982335223
agm005817700,14.585491272490643,-3.3731770734247988
agm005818066,18.76809948620349,4.692529118981734
agm005818345,18.638816594168897,3.633027758085395
agm005818705,13.517282390333847,-0.4638671990800643
agm005818743,14.0856009659381,0.1034704422098726
agm005818777,16.034819822300182,3.2939352327704494
agm005818943,14.416612305002758,2.6223618789247793
agm005819009,14.28304947346902,-0.12303608074622889
agm005819285,18.76994144465994,5.316802541193482
agm005819487,18.01277692982912,2.8731480239594056
agm005819608,18.11690694495034,4.249815016315807
agm005819674,17.433542394315673,-3.392863262024342
agm005819797,20.346043670660983,6.61243491127303
agm005819801,17.767265205775697,5.396571985107364
agm005820519,16.087285929929553,1.36644013910962
agm005820619,18.09945805649546,2.861358146448738
agm005820769,12.107095852895798,-0.0992379212215108
agm005820994,18.69147580610648,4.0006732714219115
agm005821130,19.287972610267577,3.233838248642934
agm005821522,15.760042565467167,-2.6865664411820287
agm005821531,18.264175525909014,6.435037396883889
agm005822057,16.90728966221046,3.259364433517264
agm005822082,15.637260845204958,1.847070170941094
agm005822128,17.119844706487694,2.528564645255976
agm005822204,18.223599702441987,5.915506951617026
agm005822209,19.87290558103066,1.5592072348261514
agm005822522,14.978834603438324,-0.7059108258596105
agm005822873,15.552092676119388,1.8970341300210585
agm005822895,16.3137878298452,2.088653609132171
agm005823088,17.212881030616806,4.129271438135693
agm005823107,18.943025505003877,2.707748222475233
agm005823483,14.730127219224007,-2.4213902183911613
agm005823573,20.280752747554473,2.547509910418976
agm005823802,15.929321682968409,1.7473573028837148
agm005824106,19.92707779965602,2.9618701830697503
agm005824177,19.005640125800088,2.799853787566247
agm005824547,7.161882140086781,-5.781799337898158
agm005825039,12.566699232803343,2.6503804522423193
agm005826178,16.663328785807074,3.6877174600893086
agm005826463,14.393055447162965,-1.6033524464619695
agm005826527,15.050848526253423,0.5723933352632239
agm005826632,15.649063351349806,-1.2146237919809366
agm005826843,15.76761537927802,0.7071920990996409
agm005826977,13.902270570802516,-1.4818351767344726
agm005827008,13.725251047094204,-2.1315209929224284
agm005827052,13.470068830744511,-2.2379216513264164
agm005827392,20.447575758623607,1.1953354378749925
agm005827402,20.25275204336253,0.8837909183968584
agm005828353,18.661053581025413,2.771371616831354
agm005828621,18.20006354709536,0.840049331110906
agm005829441,17.190982359030677,1.8134077574673306
agm005830384,7.656640222481833,-3.6842458824238973
agm005831284,15.774792765915148,0.8829003207789846
agm005831478,12.56721846412405,-2.285933643660253
agm005831632,19.943999564135087,3.9293590353651746
agm005831853,13.272148244901842,0.09307215043971766
agm005832390,14.055627085058694,0.014934531358371573
agm005832452,18.23131433613103,2.8120757238109135
agm005832685,14.063360314919137,0.9900281651884733
agm005832698,17.455070465050582,1.9070818711651263
agm005833023,15.335282502715685,2.190392448639804
agm005833399,14.22086962093359,-1.6924591971453993
agm005833680,21.361665329754388,2.90266577485121
agm005833822,17.407162548197384,-3.0903657840699226
agm005834122,14.90277660445468,-2.959183098585534
agm005834142,15.43275576490908,-2.3728148788150167
agm005834241,20.486767910422095,5.802529324893692
agm005834555,14.945238212186442,1.115492382393434
agm005834751,15.928810161875141,3.337944231391324
agm005834776,20.26241571225968,-0.51072797603639
agm005835447,16.95301749328332,2.3111662477822454
agm005835522,16.52631831421131,-0.18630311532172072
agm005835598,17.821273561037696,2.1979397036294586
agm005835727,19.132024002533452,1.813583716104283
agm005835843,15.45553148337649,0.16586024673063093
agm005835984,5.619920371688426,-3.6972449226313633
agm005836124,14.76831594360589,0.5310480224905255
agm005836184,9.535381908971749,-0.22758886382569798
agm005836201,9.519243092734103,-0.6309846909731617
agm005836257,7.594769493735842,-2.605398688034771
agm005836568,9.07623722620693,-1.1875937980317144
agm005837175,18.651766554606844,2.624745870538034
agm005837329,16.231619001439654,-0.6146709976633815
agm005837881,18.024669547809083,0.22517446635980248
agm005838058,21.265043148337533,6.221493537330616
agm005838126,17.187586583847633,4.38281754185381
agm005838987,18.50225997046223,5.690476812125952
agm005839159,10.709462726709619,-3.1986046594429887
agm005839174,13.090358347911485,-2.244319372319921
agm005839257,15.619853773929286,-3.1463499849719914
agm005839399,8.829988783238994,-2.9731327908563587
agm005839515,14.056357844715237,0.9406031810458082
agm005839972,11.742242463057446,-5.639703026596526
agm005840376,12.730372570090168,-1.7319717244543125
agm005840605,13.692354631533599,-4.668387676635029
agm005840607,18.44708636422926,4.476142156499637
agm005840615,15.419777599793994,0.2617054220158561
agm005840744,11.881226624530472,-5.394089490752798
agm005840839,12.685836447745595,-2.583923740573231
agm005840892,14.518366295287484,-2.8535488322826357
agm005840915,14.61597684412685,-2.0844668534407025
agm005840973,13.152602740791275,-3.66492547664595
agm005841088,12.711189107166424,0.567290483881381
agm005841146,17.692248743836757,6.030419850106223
agm005841149,14.788714306054986,-1.5721653627008039
agm005841184,14.856882494957825,-1.5343079834647746
agm005841275,10.394585994126198,-2.1678225656415484
agm005841332,15.682682294998298,4.485036594517145
agm005841419,15.59417584758934,-4.250202618087028
agm005841496,15.274557531122838,-3.844532687269725
agm005841566,13.488318275659173,-0.025820172046247335
agm005841887,17.65101344639635,4.620638131185716
agm005841908,15.440244626217611,-4.309501760562652
agm005842217,22.201386453697932,4.510303691079541
agm005842289,14.724700444746958,-5.387686188331958
agm005842310,13.372718664175318,-3.197675672237273
agm005842403,15.318887457898377,-5.042922093905154
agm005842584,15.191289708800634,1.9322651172574634
agm005842618,16.631901889525274,4.235273502591523
agm005842636,11.872955006580987,-3.069334230466902
agm005842750,13.520891440624354,-4.001134241585189
agm005842812,13.378183036248352,-1.4608108197582588
agm005843054,13.923316403336393,-4.650965251386405
agm005843133,13.381266237483736,-0.07430480508368949
agm005843158,13.747975381999701,0.014549672392073276
agm005843320,12.876743948520174,0.3970758095406808
agm005843702,11.213513291971752,-2.2965099110610585
agm005844093,17.967199099767594,0.39810124276401976
agm005844163,11.961180021887506,-5.30542810297425
agm005844179,15.656123596176753,-1.119750657964067
agm005844427,15.109887980047395,-3.451015142035262
agm005844602,17.80662424132245,4.86581203617038
agm005844830,13.97152944375903,-4.062818736878888
agm005844836,20.930640891512844,2.786015692246184
agm005844868,13.35355932148739,-1.1328311634153116
agm005844958,10.948174798598735,-6.491687622937872
agm005845103,15.315519613222369,-3.7864861364024827
agm005845129,15.607338856725645,-3.6404867795544127
agm005845149,17.918779765297696,1.3987061651910637
agm005845246,11.787020604054701,-6.503107331557923
agm005845272,17.854443952453824,0.9691818207331615
agm005845329,12.642342886149365,-4.986102767234965
agm005845518,23.33981357294299,3.961331951309769
agm005845687,15.09683331486767,-0.4022616018581324
agm005845707,18.789698828415702,3.4111594873632
agm005845791,16.15896409126344,-4.101474196267353
agm005846178,15.245455663262446,-3.4524407564560615
agm005846384,15.789046687994945,-0.8711763382766247
agm005846447,17.214298916163667,3.5894688692623604
agm005846554,14.205953419405564,0.7078670541460206
agm005846624,15.39170771688064,1.110878862822578
agm005846627,15.018609252819152,-4.349688116101503
agm005846972,11.49735227157421,-6.679721045708253
agm005847037,17.948295500787072,3.440577213921145
agm005847115,14.833228436157155,-4.120168329938152
agm005847278,14.756475845385259,-6.002388395952266
agm005847333,13.33343758560046,-2.6963069625586824
agm005847547,19.85324798063612,2.758248425041663
agm005847763,13.058276009687253,-4.5750845801944156
agm005848653,12.84077085713075,-3.100943709543953
agm005848893,13.945766336750822,-0.31096916759289667
agm005848930,14.180639646300001,-0.08851058721217697
agm005849433,13.857448769877164,-1.4077168053146665
agm005850074,8.118248664810146,-1.2785513387370817
agm005850334,13.176106143009623,-0.023430917756552816
agm005851911,13.164201665825416,0.6981846577688859
agm005852563,14.926279328976886,1.521357091300139
agm005853391,15.807470850522535,0.3853525425675155
agm005853558,9.731526774442239,-2.457561608679679
agm005853805,9.582591701242958,-3.1252621319649485
agm005854203,17.295363351807648,3.924180364134417
agm005855236,16.44474556379397,-1.3252929886489113
agm005855260,16.14187749972061,-0.9991579069454417
agm005857153,18.345085721576265,5.105232643663496
agm005857568,12.593721452152778,0.629811933400811
agm005858376,12.120390775272101,-0.5990660420453828
agm005859178,15.738047435618919,2.7826518389834503
agm005859459,17.524761995134252,5.078285608030846
agm005860117,13.210295465852695,-2.8262747071368115
agm005860125,13.186773257681054,-2.516270109674803
agm005860319,12.965058764637794,-3.06334223916358
agm005861058,19.897556161044058,2.5203184896297586
agm005862598,11.731350564656116,-3.8340461566080157
agm005863937,14.062365349963608,0.19797876944441484
agm005863960,18.308305269043164,4.074338495854232
agm005865564,16.413428781249486,1.643382044163823
agm005867674,15.94264834595578,1.0925696178193072
agm005869357,10.592825795868736,-1.8871791325019054
agm005869431,18.485280462394925,2.414759646021936
agm005870004,19.27013519065373,5.014623912527176
agm005870626,18.0458684728838,-1.217294342080806
agm005871461,18.084257035692495,5.962465804026975
agm005871482,16.445286681611442,-2.192510746256385
agm005871991,12.790681368401046,-3.635880320890392
agm005872767,11.358886847789892,-4.228001167116969
agm005872868,13.955102585611556,-4.796200110150924
agm005872917,18.364595115951616,3.2162938702760955
agm005872922,17.680210269115147,2.9947255450617014
agm005873533,13.863389983671171,2.8660110937035683
agm005873667,17.275958896329282,4.479922424070263
agm005873811,18.247755605756875,2.9504633620280365
agm005874133,17.203675633352983,2.5088827777279348
agm005874660,10.590619527652573,-0.48976171543284225
agm005880011,14.452505355589173,-1.583290240611781
agm005880071,18.971571481127594,0.9755691253776568
agm005885787,12.311063884112018,-3.850803748177796
agm005887875,13.783393330007142,-1.1585129830650196
agm005889108,15.18665280310817,1.6888404883038817
agm005889608,19.519724663202762,0.4022247186356391
agm005889835,19.453635897335502,0.8893658068301905
agm005890309,20.415569554365486,2.1045025258179444
agm005890346,19.41960421527609,1.5483709543020734
agm005890499,17.754222024943196,-0.8274702475110717
agm005890660,20.50916576009921,2.1358917039170024
agm005890673,19.706345617936858,1.8970108639219216
agm005890866,20.140385487503302,2.029946989854294
agm005891401,21.24026620943419,3.0569578615055484
agm005891419,21.268622486739584,3.0674341280682165
agm005891906,21.353356983091913,2.7509497519419726
agm005891937,20.3790904483002,2.472394567782178
agm005892036,21.938614255043476,2.9435076266547746
agm005892166,21.04524820788986,2.640080734847526
agm005892258,21.13594463289222,2.663431160773533
agm005892870,14.622746889299473,-6.809188703575939
agm005893875,17.338388699621497,2.115188034729259
agm005894750,17.013100564744313,2.566922696428091
agm005894769,16.31317814562241,2.355110108312748
agm005896020,15.086630434546166,1.6012033469440006
agm005897429,20.728578673346675,3.334402078783357
agm005897791,11.20233762908125,-1.261530153930438
agm005898686,16.88044116339769,0.36532168979340296
agm005899816,15.201406110158143,-0.3114387513712387
agm005901596,18.866996919210948,1.7540056214379305
agm005903358,14.996189724294101,1.5130262851236416
agm005904311,16.5415252122921,1.2234097016452288
agm005905659,12.727976623516797,-2.2074311766177455
agm005906452,17.943226716496856,1.0608610883209029
agm005906505,17.50569828545433,1.835918044910925
agm005906609,20.531478721411165,0.9546690217747743
agm005906860,15.833090892865236,-2.3641889591506673
agm005906936,16.401157487024538,-1.1640573736032085
agm005906955,19.244718657115467,3.779899891450421
agm005907060,19.674360151087203,3.4543386822291153
agm005907070,18.665900012532116,2.9844300133690758
agm005907111,21.775703756059684,4.719875459439788
agm005907220,18.49079709619761,2.4836784159328587
agm005907305,15.71212488395886,-2.4845690032640344
agm005907604,17.794580658101832,2.166121776918601
agm005907820,14.69017907976169,0.5751949700562081
agm005907952,18.497470688245524,2.580871973465843
agm005908029,18.156422070076893,2.4796152966303886
agm005908170,18.106602381745642,2.4587151386154296
agm005908360,19.311850796282748,2.8891674197239197
agm005908417,19.558298309945425,3.083199654366369
agm005908519,17.644524178812187,2.354102708162673
agm005908539,18.552109983764446,2.6185340479812367
agm005908570,17.801858600788208,2.3478389467098473
agm005908735,13.153111407380019,3.0912418589532096
agm005908886,11.743979679229936,-4.272188532992597
agm005908942,20.437147978156435,1.9864230338083253
agm005908976,16.689036850798164,1.9547556538279813
agm005909249,21.05405647778137,4.410453004223114
agm005909257,18.678249544818133,3.1275439734540385
agm005909621,17.377740723644177,2.50325084852169
agm005909659,16.816045330244997,3.1453794445483623
agm005909864,18.571748577613345,2.648180379760184
agm005910001,18.37799717391273,2.713863863811072
agm005910014,13.914338323829346,1.5731668347118848
agm005910020,20.696791916688884,3.564137071102325
agm005910273,17.82563967279424,2.757607364521681
agm005910503,16.096364858628615,-2.7412574033454447
agm005910587,20.195088092720912,3.291507682246428
agm005910599,20.481479212865235,3.4004988129753477
agm005910763,19.008922734133034,2.597723327264333
agm005910984,18.246840172999377,2.3450028503568503
agm005911136,18.724004325007275,2.0312491487434805
agm005911184,18.18480431245314,1.8633239246772486
agm005911198,17.67129935780038,2.1742315666422343
agm005911217,17.76137104860781,2.200822163246992
agm005911233,22.001771480751483,4.806374102315353
agm005911238,19.002006035206144,3.091180118675281
agm005911254,19.10139046294481,3.1483615215295977
agm005911350,18.4120556857368,2.9322773421392285
agm005911768,18.422237220330782,2.9471328090892555
agm005912660,15.021174415528941,-1.971883858461318
agm005912820,12.430712509021845,-3.217210000209213
agm005913767,16.378003152220163,1.3080744462189156
agm005913768,9.766139965669911,-4.64443169864887
agm005913782,15.526498846871853,0.42365608291414364
agm005913810,12.098885286352731,0.04705306448008315
agm005915138,20.463444947878692,1.993226245509532
agm005915563,13.172222921359054,-0.6812196954807085
agm005917845,14.432833844593251,-0.5979129959440044
agm005918172,16.03060737252776,0.6222821588550543
agm005918230,16.319888874795165,0.20582337819296015
agm005918235,16.625929117570035,-0.8383236415708964
agm005920035,14.83705992143264,2.7250590343922574
agm005920143,23.072941444516164,5.271798091528501
agm005920174,13.637324632176052,2.5572085293757656
agm005920861,14.892224510718258,-4.165046745383915
agm005921498,19.158439634987186,2.832105770546368
agm005921526,22.561030824164707,5.235711258815339
agm005922134,14.720767793159098,-1.2546592711174278
agm005922224,18.638653267893037,2.6818977372634607
agm005922304,14.153067043155607,-2.1104258159320546
agm005922505,17.737822001841714,1.0288132021403698
agm005923438,12.905411733634221,-2.6019627933901797
agm005925240,14.754750824628426,0.033517486361380834
agm005925277,16.45204804199238,1.494419483540566
agm005925301,14.333697409392183,-7.2144940495658485
agm005925556,18.022013617601747,1.7002359660702595
agm005925670,15.816772426543546,0.26432008173365346
agm005925683,18.06589720460498,1.5369816462053827
agm005925810,16.556208764333586,1.4633398256513295
agm005926294,16.863236276796094,1.8131598644176528
agm005926523,18.001506115604734,2.415193805077871
agm005926644,17.680211445971427,2.3445929065516666
agm005926693,18.196179969146087,2.511798406061857
agm005926731,17.887292503571167,2.405749117868352
agm005926796,11.604239054640214,-2.245529139723095
agm005926811,17.048248263199643,5.554980835521045
agm005926930,18.097499454774276,2.8142818677223795
agm005926986,18.16675248842162,2.837144497561302
agm005927101,17.73030704383394,2.7234068643702622
agm005927199,18.26848831019027,1.6122811635861118
agm005927659,15.318947132462,-4.022326358104825
agm005927748,14.783316761724677,1.4848148359803055
agm005927765,14.93967532410725,-0.9049539855906289
agm005927847,19.37404520331675,2.119650325213815
agm005928127,19.46450514602028,3.3471467053554553
agm005928272,18.65515243679822,3.1482464833650305
agm005928287,19.347616063607713,3.345788883471451
agm005928304,18.751059739139613,3.174201883954383
agm005928352,19.858219115312288,2.2842500962880536
agm005930089,18.1536045601532,2.7609911936648275
agm005930593,8.57272216086421,-2.0239901444281108
agm005930808,14.033656149812353,-4.3649914399977074
agm005931994,13.151845821212282,1.5463489655952198
agm005932597,12.782001597659585,-3.8481500943750517
agm005932741,11.739042589136432,-2.0272741486486616
agm005933040,16.383061557637877,0.6318620907216648
agm005933131,16.26795580957777,0.9031192270796181
agm005933229,18.013179824864107,2.8622626339540544
agm005933259,17.074347695789253,2.5845260569916153
agm005933278,17.215909553088974,2.6321293184553696
agm005933313,14.626878273109744,0.6489175910820215
agm005933324,19.880786701943396,6.246403517569852
agm005933663,16.74877980934677,2.2091937143687734
agm005933669,16.283552200668595,2.0562230705565088
agm005933729,15.608800742174276,1.8386071343265182
agm005933813,13.185918014877297,-1.5586538109070371
agm005934095,16.610604758814148,2.356834238587444
agm005934098,15.9461468611337,-2.335812839883047
agm005934107,15.993486485222897,-1.3029601831870619
agm005934800,17.583146917394693,3.0075208251164534
agm005935726,16.017737294190955,-3.097655996583427
agm005937019,15.222265622198538,-0.9331894313860915
agm005937123,14.524431404217433,1.4624953218004406
agm005938182,14.083760042560963,0.345023417303306
agm005938437,11.941592472748441,-3.2666222002238983
agm005938558,11.041886665889754,-3.9363829806056105
agm005938677,10.773861606504193,-4.075766108191188
agm005938690,10.219890573381619,-4.317226227002314
agm005939227,12.324523788275727,-3.7576798517378514
agm005939355,17.842262174375115,-1.1882338574086766
agm005939578,13.098336139044989,0.4687223889078808
agm005940104,18.331044479314073,-1.7067143526210296
agm005942162,16.120359090983435,-0.9116090529794156
agm005944335,16.73385011816658,2.349706516165436
agm005947483,18.273429548234095,-1.9905850614568579
agm005947570,16.499230492463553,-3.215202574057964
agm005949803,15.415503344864485,-0.4293071052282748
agm005950105,15.314359867826559,0.27020035166163014
agm005950177,16.303914394226545,1.5634818218107824
agm005950314,13.147855514190898,-0.9755051496884846
agm005955974,17.191943369931472,-1.879004355491324
agm005956255,14.88219313151119,-0.8895408688804771
agm005956505,11.73569532301445,0.3370150631910384
agm005956720,11.74347232016503,0.36054955603555855
agm005956956,16.667358191853427,-1.944489874412603
agm005957118,16.80286442228498,-4.969542556550053
agm005958042,17.685961117975616,3.143545288603027
agm005958548,11.802091546010558,-1.7801816331021
agm005958612,6.520520480802558,-2.4989812518060384
agm005958793,17.27541099678454,3.803283828664322
agm005959307,14.671599300088866,0.5702315869118373
agm005959732,17.87623544701289,-2.4914522810417976
agm005960128,17.831951216147537,-1.741295251814489
agm005963512,14.831227571948812,2.6907381891890068
agm005965254,15.6073854685324,1.7885026813972273
agm005965295,13.90721954724494,-0.8312039611784009
agm005965482,18.836875858105916,4.033013094029009
agm005972045,19.481748078116873,1.5267175595581322
agm005972058,20.897890063273103,4.033780268365382
agm005972133,16.068690535758222,1.4281727548489827
agm005972172,15.319657567756035,0.43696937169946964
agm005972311,17.11210562047768,1.9150373804799101
agm005972584,14.25313769378,0.2291385100788709
agm005972626,16.084738284374986,-0.09534429842211196
agm005972680,17.397702975310686,1.2492210761798561
agm005973134,14.552385159078634,-0.018742240071897953
agm005973181,15.952814581709816,2.9280576954273316
agm005973259,17.951408744703276,3.2870443864056
agm005974023,18.33325687116574,1.4844164492279261
agm006185041,20.797664379538855,6.726848119484283
agm006244508,6.225213683144077,-2.751525531677193
agm006244514,8.5094574035483,-1.6527980060773906
agm006250425,5.778378160882837,-3.372415717796403
agm006375724,6.415004129973835,-2.175556173902055
agm006380137,10.76591290855985,2.096157363085135
agm006380305,12.447842710876792,2.823503563157887
agm006381615,8.685959383003283,-0.9524394284564494
agm006387056,12.248446324551212,-0.5303360981015887
agm006391904,12.12111393715515,-0.2581758152757683
agm006405482,9.532534595802023,-5.001799227898627
agm006419766,16.25217893141149,4.388484385063014
agm006421402,9.052367224398008,-2.6339265032796435
agm006464260,14.557472874209617,1.6542848725213646
agm006471507,10.972772485015716,-0.8575578890673086
agm006498905,10.665472854994418,-1.0716439225516332
agm006527518,12.80510820348212,-0.6715943785158615
agm006616162,7.020279938097107,-3.4164990064777547
agm006617266,14.736138120729708,3.5103065554758364
agm006620029,13.795003378143802,-2.793082902488338
agm006631948,7.209870300457507,-3.37841856466234
agm006632236,6.796430820615516,-3.8668890866663417
agm006633476,8.435365300104026,-1.7655086255073351
agm006668187,11.132532632225086,-2.390892857763829
agm006675001,7.135774255881154,-5.855009172771249
agm006675723,13.213857655090836,0.33862035601181856
agm006676269,10.167690051220502,-2.958758326268031
agm006716390,10.862793099564561,-3.2517849988848533
agm006716973,12.078252900748344,-0.16988810329212356
agm006824546,9.227605377586418,-3.863512887185685
agm006907774,13.4785062852246,1.4527730581462066
agm006912301,13.044878418289308,-1.928946222325458
agm006912508,13.920941591676177,-2.0679006518074843
agm006940460,11.197040866178773,-2.4951300888205394
agm006979682,13.297598055861643,-2.867530866105813
agm006982603,12.650703867676185,-0.7724650931584177
agm006982826,11.371352296415795,-4.501075829954076
agm006983364,13.160520132710303,-1.9213676931112929
agm006993993,10.697419386350651,-1.7146530912963502
agm007043693,13.115780504354417,-0.6096808894617185
agm007044399,11.545526257813421,-2.1406475405860523
agm007044488,12.92280669203511,-1.1464486138563919
agm007044521,12.109396844984172,-1.4518123032755614
agm007045279,12.40477072717235,-0.2117704529899398
agm007049514,15.332462843297918,1.5779337197409156
agm007056727,13.883248685733731,-1.2464613205679802
agm007075807,11.976862720485073,-3.0332101058045327
agm007076130,13.672845853728255,1.8446487794794004
agm007076918,9.845186749508981,-3.131964160615514
agm007080800,9.925124556493984,-2.3201918761346465
agm007081128,14.219797706149553,-0.5544093732471342
agm007100780,13.17018267231969,1.7554924831739447
agm007288464,9.72699151834726,-3.2286658749485766
agm007305751,14.682314878639797,-0.1800673799110939
agm007308847,14.091230982797233,-1.39429128007152
agm007309702,14.288706937398834,-0.37698875631002904
agm007323518,14.493095284093863,2.4039547200165394
agm007381324,11.05301222644543,-2.315924055716554
agm007383408,8.006585236120745,-1.6115359421544615
agm007385582,11.129767638724323,1.2174510115837847
agm007532809,12.163912957021981,-1.9569382351541917
agm007533558,13.006431950521348,-1.0986131707884201
agm007534159,10.291453448967603,-4.069768850819236
agm007534170,11.780529913354131,-3.9725344213365683
agm007534307,13.508820301137485,-2.9825233801140723
agm007549370,12.034111474194512,-0.1845951399867931
agm007553548,11.293256357383624,-3.104620108053114
agm007584816,11.822985193704318,-0.7593072955933282
agm007590735,10.490600633110702,0.2576388866044197
agm007590751,13.017782499592267,1.4081210049290886
agm007593545,13.263229887516228,2.304603887580763
agm007836839,18.931166717216616,2.6779251019298775
agm007837299,18.477967576568524,2.5239748442428533
agm007841331,19.338399117008564,2.7663358862759986
agm007857457,16.698506701710777,-1.872340905294584
agm007872444,19.62418947095315,5.623140265676666
agm007891523,16.794650065966596,2.983220024775991
agm007899943,13.250936091718913,-5.309558231543433
agm007905760,20.21599765708769,6.3448000901413035
agm007939000,18.998801332183643,1.935963433894689
agm007939455,19.26232217644535,2.7138439114544335
agm007943225,19.89286845101693,2.968411539622349
agm007943412,18.904558010496228,2.6721816024433993
agm007943979,15.95875165237129,1.4996057914454823
agm007953709,12.93942161009575,-2.5593217103722097
agm007955303,20.185262593302063,7.307504698834057
agm007955453,19.044084738247573,1.6438052191833514
agm007955593,19.428140913817053,2.756520519484172
agm007955598,19.21363854081298,2.7026403540507937
agm007956468,18.457145036021302,2.541918931660141
agm007956545,18.595527824329974,1.877819876096666
agm007956576,19.218591655624767,2.766786807623574
agm007956722,18.485559347058093,2.523767984418991
agm007975486,18.33498754622172,2.518184757070241
agm007979304,15.156902923858391,-5.838168518947553
agm007998851,11.316965698822031,-0.8811457430713686
agm007998893,14.031940780637058,-4.127762660408442
agm007999104,19.51487576903398,2.874933681002934
agm007999154,19.089031938585986,2.6938071484278887
agm007999225,18.319838817792654,2.4871152956028495
agm008001808,14.279995342702044,3.9212786998322255
agm008003242,18.548651563882284,2.547336014850405
agm008004413,13.871940795777146,0.40657781489861655
agm008010851,10.711647433299916,-4.0649164523592844
agm008012955,18.808727625824915,2.0102674382301515
agm008014034,16.509916705167537,3.2734284131443294
agm008015918,19.169613177517466,2.1136339627466625
agm008016287,19.411938089345867,2.8167063379300488
agm008020423,16.808881783643788,0.6884711276368662
agm008021582,18.23447021113705,5.340950591710464
agm008021714,16.98829117396061,5.95349604984617
agm008021786,19.18279017201719,1.4355702251348035
agm008022428,19.91307281779985,1.4855204307312384
agm008023310,12.509014633504172,-5.295846313316894
agm008023384,15.293672032979408,-2.0344070843865336
agm008024720,18.058757800869373,1.6289020586563216
agm008029827,9.139563652110942,1.6732443250802556
agm008031180,16.741465669875854,3.6979799115099885
agm008032343,12.281046784413096,-1.9416758521488737
agm008032367,13.13449369637852,-1.0258656883897492
agm008032389,13.535693119168668,-1.3583294999009183
agm008032450,18.907151688727858,3.172771108463653
agm008033151,19.30009945325105,2.752952894390919
agm008034326,18.202508301044006,2.599323059149426
agm008036097,18.8663762275648,4.512724267556493
agm008037988,19.78090801951599,8.349732855535285
agm008042403,17.504003117486057,4.380445526618059
agm008042460,19.751352582741987,2.907336594539616
agm008045481,19.100544848739865,2.7000538028485495
agm008045564,19.135705392184356,2.7178281507121524
agm008047555,19.372318015598317,2.4343502649552002
agm008047717,14.208559211923172,0.8030619719021489
agm008048072,18.843693530058292,2.627274434882961
agm008049199,13.29479179494754,-2.1006428576608
agm008049815,15.18064011465264,-6.122726844701314
agm008049952,15.48398632576216,-4.648730891840597
agm008050601,14.186671861721807,1.8480108962188269
agm008051615,13.124812346243091,-4.415989127226005
agm008052549,19.00318487068454,1.508003908937841
agm008060396,19.503245203141354,2.77420412686293
agm008061010,18.564634579649073,2.52511161989872
agm008061071,18.76298847326827,2.616401747383476
agm008062538,19.1379390600883,2.1016028451024447
agm008062985,19.076986887039553,2.6087763125394603
agm008063638,18.51289467083481,2.5969328004448107
agm008072144,18.8610756680004,6.597582300996745
agm008073622,18.660714483070024,2.586988639667067
agm008073719,19.272536105980098,2.7405940502448587
agm008073831,19.625498459996074,2.8742251625384263
agm008073960,19.593058565328786,2.8671959500298754
agm008074129,18.220886694651302,2.4977470652062173
agm008074199,18.62011298628495,2.579377723484759
agm008074355,10.647102814719323,-5.76479315580422
agm008076156,18.838433812137723,2.6256700085764004
agm008076716,19.97374537485106,3.137097211159478
agm008078054,14.831551949907567,0.3274471618980634
agm008078715,9.359210084593494,-2.933583874499703
agm008081407,18.4346426455194,2.4959925521262263
agm008083608,16.69710389332304,3.6125840331272245
agm008084858,14.603544455335765,1.1222385794402974
agm008085817,19.993639833160888,3.00565128807499
agm008088625,19.89790518103619,7.309875766831479
agm008089403,18.61885810825083,2.7675122604141222
agm008089523,18.3405197525232,2.687970476568715
agm008091246,22.624211902733727,4.698533838901033
agm008091258,22.628655611540587,4.696894221278891
agm008091491,16.900889324500362,5.277444750589245
agm008094241,14.753901560351167,-6.211002995563158
agm008094354,12.385769726640174,-3.606619933855901
agm008095392,19.61111129074025,2.454524746986049
agm008095431,19.56006372082109,2.8793293934292308
agm008095483,19.267114911476902,2.3148662024956383
agm008099709,19.712835033800907,4.096303456530838
agm008100736,15.014546055572803,4.409092813455947
agm008107755,14.816975627753047,-5.992022557374165
agm008107897,14.52355457658455,-5.182540735237478
agm008108716,13.906731632148487,-7.385988795864137
agm008109249,11.413024643111935,-5.576129130710567
agm008111726,18.363885749035923,6.269569204731595
agm008111762,16.136990905260678,4.604068503037947
agm008118541,19.61929226672219,2.955189362917198
agm008123339,17.012029410257306,-2.7658731324487666
agm008134744,18.63082771039221,2.5608079974572178
agm008135991,12.515854144597169,-5.725611894185785
agm008138810,19.300763193585464,2.7146476425934907
agm008139018,18.664196005189485,1.416752251122002
agm008140436,19.10991972998349,2.706485815760351
agm008140633,18.457042899995674,2.494502096067213
agm008141670,13.276814685233212,-0.3985304084983567
agm008143940,19.013562358878172,2.686396836383738
agm008144658,18.65209909575231,2.5483556222836596
agm008146668,13.739004878002627,3.9160268076847693
agm008147758,18.209993257866888,5.989736209397204
agm008148637,11.390645135319163,-5.528321711737859
agm008152052,20.035771345069495,3.0656677595797306
agm008152131,18.698332885957388,2.586949206961531
agm008152185,19.313309108460317,2.6863897579644025
agm008152303,18.63864921160352,2.548364583069052
agm008153544,12.033891329192903,1.4506015085031734
agm008159153,16.47260012982677,-0.2783903470832219
agm008159848,15.913613980202014,-4.767348457597102
agm008159901,14.871809930409563,-4.613345862591317
agm008160735,12.96240912139899,-4.698750375751842
agm008161821,13.877565839987087,1.8922527147053028
agm008168424,19.621767292535434,2.8748710213380426
agm008175934,14.737994105963208,-4.687446228917005
agm008194169,15.287923240164796,-4.8169139049957215
agm008199382,16.0868573276202,5.313043115967053
agm008203900,19.04634816379333,4.619204193616582
agm008205227,18.730028551345473,2.5988799197799843
agm008205935,19.257935576047963,2.7513898323496577
agm008215645,17.971259107233923,2.0445655040109245
agm008216416,18.99669762116488,1.2333760447193132
agm008218537,10.142908960376843,-1.1775511489215915
agm008225828,19.213654583335487,2.6467638602841794
agm008245098,12.158648617753881,1.5921325918358828
agm008252295,20.268708197796517,0.33183227118582553
agm008253035,18.605226876832283,2.557957320750724
agm008253117,18.632583067484763,2.581127695142006
agm008259123,13.574094399878044,1.8567230126226306
agm009628081,15.904510886670042,-2.444268251009995
agm009902156,14.16465125259446,-6.498799041288352
agm010132175,16.78553301072759,1.7074411099544335
agm010132331,18.870638155059844,2.1731524191337215
agm010139614,18.944686070936683,2.659010755361231
agm010143864,17.717301201288468,5.517442356578778
agm010152592,19.78588372917243,3.5642121991292925
agm010154292,18.253438019586742,2.5115751464013805
agm010154546,12.84454386819686,-2.6722149758626426
agm010158754,12.433352579901296,-1.307619352363864
agm010163645,11.329671025105771,-4.73942660015783
agm010165822,19.134939735998593,1.827852078997191
agm010167437,16.924751744882748,3.6950015913248726
agm010170525,18.600842810593797,2.5579936056555552
agm010171452,18.071318100192485,4.01556148292286
agm010174870,18.772562872605814,2.607569842947941
agm010176768,19.501490474168765,2.8438286699479054
agm010181312,18.885550125153923,1.205846329147492
agm010182303,19.329887467797146,2.679307788378915
agm010182397,18.719913994993778,1.1659354612966506
agm010182911,18.91711929999389,2.6415761827878974
agm010184473,9.305870025263099,-4.168109102468252
agm010184881,18.84793079843258,2.6871312138018277
agm010185167,18.763037956941705,2.58955417135177
agm010185701,15.563299628420962,-6.214666590601735
agm010186039,18.672238115641708,2.5753161752846494
agm010186361,19.383129872332738,2.498514124138223
agm010187722,18.722877701451136,2.5982837870160935
agm010188473,18.89688304324598,2.625470046360225
agm010188609,19.16131430791718,2.749855518571061
agm010190999,18.69944667791002,1.3023532134659295
agm010191080,15.201306819678436,-0.58786795119743
agm010192263,18.368235983392136,2.523739477764675
agm010192272,18.431939238667866,2.22546568309174
agm010192480,19.197727634073615,2.727976521462388
agm010192624,19.38296236944173,2.732249387218173
agm010193584,19.25472382861806,2.7666865341280875
agm010193744,18.45587956655658,2.519978218073536
agm010194062,18.45419029525733,2.5285942315248433
agm010195028,18.430636964531608,2.5247825825881103
agm010195165,14.255493281905643,-3.2298298141165454
agm010195412,14.120610007721323,1.5464345299801774
agm010195919,20.083562166323784,3.04344093778545
agm010196620,19.27794847437642,2.660820893257231
agm010196640,14.95786052041604,-0.5706688569757302
agm010196743,18.40797826832714,2.50532344815239
agm010196937,18.600181974636612,2.5408110184663366
agm010197421,18.7579403431971,1.7171482925353807
agm010197690,18.561856980967807,1.671467954226646
agm010198733,18.984050170036937,2.6713931556398425
agm010200197,20.082130990933674,3.043452702527302
agm010200779,19.71270301267948,3.870773879361695
agm010200959,18.793018146871088,2.5862051651420233
agm010200976,19.657122770204932,2.9193731625156523
agm010201574,14.379812098367196,2.7769105466764015
agm010201872,19.54233783042928,2.8309838001734007
agm010201952,20.86036050984056,6.079408742434215
agm010203349,19.663381003809054,2.8827964896746807
agm010203617,17.431777482523835,4.256538443447371
agm010204294,14.207418548111344,0.8109114125409557
agm010205616,19.62520181684026,2.4301020165063374
agm010206631,19.481767495499987,2.819628028019609
agm010206765,13.206341397192935,0.9264328610316811
agm010208359,14.19709003973338,0.836338104498101
agm010208499,19.001774819938973,2.642317411833343
agm010210562,17.984391433078805,1.4747514779381738
agm010211755,19.255134076022664,2.307294937563996
agm010213342,18.753768216810034,2.619625622027049
agm010213876,12.36494553985061,2.1522850007409526
agm010216264,13.549096055195319,-0.03331833471954582
agm010216324,13.329708545443454,-7.322436372191828
agm010216555,11.798613224321423,-5.9091384545622105
agm010216878,20.089141823673156,5.47956322004692
agm011088416,18.820738606592133,3.661755053777438
agm011089396,17.273009439459596,2.5529994685304302
agm011090087,16.003448759422675,2.0441679885499346
agm011090679,15.982049461267204,2.3303330392736568
agm011090743,17.80413375695843,2.8277568325069447
agm011090856,19.308763451103953,3.587185093007153
agm011138262,15.725460051796103,4.706136278402757
agm011138351,10.336664240938832,1.0417074554510133
agm011441659,18.569981678923693,2.528232446437153
agm011468141,18.68077375152199,2.5736040031459178
agm011473752,19.03205172961432,2.6681495017355763
agm011600447,17.914556658980327,1.913022488000963
agm011696424,15.083743108963084,1.4443936353221762
agm012004566,13.172732065212923,-5.351268781475116
agm012021056,18.25696944832848,3.184754334014118
agm012103479,12.744708995329603,-4.716815254096582
agm012110299,18.04508371156883,3.553751277974358
agm012113023,12.152312287282479,-3.20374817221729
agm012122720,12.577508813555498,-3.4750184970380786
agm012192686,18.174067403095183,2.8871281212755258
agm012310534,18.83877599948728,4.332827787907999
agm012332217,16.583260864533603,-1.011374844998122
agm012401136,17.00455930578964,0.3640986784711
agm012403874,19.36603997377575,3.3669529623548002
agm012413505,12.666667290689857,-3.402475264341836
agm012521189,15.630935764710314,-1.1943613704987985
agm012560804,11.577547379275181,-1.9030054815569997
agm012567960,13.369124120832115,-0.9318280145182911
agm012640057,17.687457046990286,1.585362178126483
agm012737521,19.27572744463173,0.5578493728660318
agm012767450,14.138515567306252,-0.6515336451331718
agm012779727,11.756333270591767,-2.0955450418060906
agm012908513,17.201677831012987,0.029963350635312008
agm012923806,16.220543650055202,-0.36892296169333544
agm012977330,17.816126057468843,5.761827418199083
agm013160744,17.26608007277019,-0.41059223121853705
agm013173269,11.744748237600376,0.6804117227229399
agm013220847,18.31917329182321,2.586743950769563
agm013349247,11.347525713247038,-0.6417261544384818
agm013362151,15.87571697677217,0.42927227412521773
agm013386778,17.73052502009651,2.535656044298746
agm013462024,11.93568718180168,-1.221997633415202
agm013688730,16.44998216519611,3.55217108172408
agm013852420,17.44481611489399,1.9415100411457058
agm013873763,12.998989519734277,-5.03689062764479
agm013916012,16.621354153805086,3.5775353702318236
agm013938164,15.455173810510427,3.3514955816793304
agm013975329,20.073408017462018,0.8315413795143082
agm014137181,19.82098171480748,2.949103979497191
agm014170057,12.342851698704239,-3.8776750349955327
agm014179099,19.054209937746215,2.6709830469933573
agm014193852,12.432034280653419,-3.7682256032238484
agm014199315,16.176794957159235,-3.2734409266056987
agm014304090,19.039456364102104,3.029338585154344
agm014345390,14.354104668914207,-2.661127611486843
agm014407251,14.793935871097979,0.19311759688910554
agm014432366,18.39964307812991,2.038474409159471
agm014479225,19.117690662358758,1.8080895651276112
agm014524328,12.608339973577165,-1.3347399705527547
agm014578292,19.474607241896987,2.8085360158716406
agm014599556,14.797035896232554,2.7126104165568505
agm014713500,12.094204611757453,-3.378184285766919
agm014777643,16.15162293271083,-3.279362064637885
agm014793546,11.175562060185294,-3.7195583421594853
agm014808984,14.08072913980431,0.017791231024569497
agm014853698,13.316966087019361,-1.3513852605853718
agm014869037,13.632044067476025,-0.4928275367220401
agm014915092,15.82226631128529,2.9017805905185234
agm015170817,10.610336597724139,-2.54942983154608
agm015201282,17.145786585764593,-1.9325254236724447
agm015207847,19.162792535848077,2.406067302620167
agm015219380,14.606808759726713,-0.058128069452057694
agm015374207,14.64271427319935,-5.3982799820821405
agm015386376,10.559387462730157,-4.035048484889434
agm015510645,17.866252904821675,1.9492317493002023
agm015601434,20.006138193448223,1.6928852118436462
agm015603685,17.85569183619265,3.6043914297912565
agm015725705,16.925368836941338,1.3195186513031854
agm015775660,18.638801830815343,3.9278727055027667
agm015788544,15.580487877556799,1.4183966562970938
agm016203725,12.8558200963329,-3.0060308925867862
agm016261994,15.813008560021345,-1.226713283104603
agm016452139,12.128301571937628,-4.02168774846982
agm016488082,15.598021864603568,2.400271819694533
agm016520661,11.118161712945037,-5.829382134694448
agm016692370,11.680778107516405,-1.4505861781227598
agm017108216,14.395277814558083,-5.671732895097513
agm017358307,16.673723022499562,-0.7139482691329123
agm017383628,14.993039509769176,-1.5954845523607695
agm017578893,15.16859925143848,1.714685490499632
agm017787461,17.789673588055237,3.1765679144259322
agm017910208,14.045301914728647,0.8208882354973289
agm018237147,14.045625623596079,-0.36041453878825064
agm018312543,13.341234746874127,-3.624963696924398
agm018630176,15.586937073927151,-1.5490925210556632
agm018672718,14.040377795192848,1.6125292704782161
agm018846712,11.843554504588953,-4.169406647769531
agm019052755,15.729942907477007,-0.5275189868969843
agm019058405,17.26546764504501,1.3836092308740788
agm019277158,15.330687645671167,-1.7107464266354722
agm019325283,19.280602721215494,3.0875330680125224
agm019327468,16.063357343873832,-2.0247172656732864
agm019383947,20.954669270421924,2.14155900931817
agm019384904,16.14130293844744,-0.4941276720961367
agm019390409,20.18970657203686,2.01128890202206
agm019391716,20.202559836720134,1.9901192738125717
agm019396523,19.148718453122353,2.23878879336604
agm019428951,16.65602026421559,-1.4971456331412076
agm019507614,16.86716637877095,0.6950916140152117
agm019573091,20.27614428770641,1.5341207535130348
agm019573858,15.80724891112333,-1.687540370903438
agm019789883,18.844438793802187,1.0890410366908112
agm019944708,19.697261776406524,1.5136257943556766
agm019957202,18.88249044643765,2.6304494097802404
agm020007692,19.46470726993334,-1.1675330044111842
agm020149089,18.61387353206306,2.12283712293275
agm020266597,10.523011389970256,0.29926034462275436
agm020267873,14.877859087844678,-3.7489899853250144
agm020287097,9.406097600698349,-6.307589101397966
agm020554470,15.427939925949206,-1.4671484419148442
agm020590753,16.909644713173442,1.3334808587550473
agm020702133,9.996885176411789,-5.375929777324377
agm020842886,7.897246980596492,-4.485916485410957
agm021097834,12.36185580432238,-4.367423539627093
agm021177519,16.886076697543885,3.11094299883116
agm021243229,13.895599104949083,-0.9584785508775736
agm021258972,15.200005783419313,0.07190643706769666
agm022169397,14.114575327985747,0.03339072191464325
agm023579109,18.09614698029303,3.619954726187674
agm028360408,16.34601696839224,-3.9144877017585777
agm031053121,11.159173791028932,-3.9481515446213753
agm031076615,13.33364830925286,0.2377184421673532
agm031081640,14.078529357400479,-1.9954110344882185
agm031134027,19.769297860123384,4.80139309261466
agm031181492,18.01499329879616,2.470303219637716
agm031197498,14.984267839175875,-0.44525833715797347
agm031226091,18.515663428735582,1.6113499090102366
agm031366540,17.519034367837786,3.463146334229402
agm031416881,14.78670706892006,2.1607563922221
agm031513630,14.869526712819649,-2.6382976209711653
agm031632681,16.444726556010853,-0.0787836464636514
agm031779785,16.612609199632104,-4.458196250834103
agm031792319,14.816999417746764,-3.9846321680131314
agm031812705,19.26224771386835,0.46877265918882455
agm031819539,15.630467764450914,-0.9539392608825535
agm031855991,15.910125677110873,-0.3745062547255692
agm031881173,15.473868339472657,-2.1387309403766586
agm032006245,15.581638502221912,-0.9163409391298796
agm032075365,12.686998353476021,-0.06599477529547808
agm032116309,12.771197172069769,-3.0136452526442934
agm032210382,14.9935188869543,-2.6989584042830246
agm032270065,15.992445543319315,-2.037070029096182
agm032281107,10.843386498099823,-2.7556822042397333
agm032302034,11.622618166902237,-2.208570299915076
agm032414126,19.56661999378576,4.064903550724151
agm032478274,18.333048447829214,3.994061367629141
agm032551116,10.763282388296156,0.5464829654313116
agm032558563,11.704602357807966,-4.520198562364614
agm032739509,11.790323456817973,-1.6983319582822354
agm032764363,18.69338847877835,3.776793832185863
agm032770781,15.820736123344256,-2.4854387089215564
agm032796661,15.799592918409992,-2.498640860998613
agm032841206,16.41760639991495,-4.615475305534797
agm032871362,18.67232561112364,1.899216364591678
agm033074582,15.514301058995043,-1.7242179936940805
agm033132677,11.400810397645877,-1.0894127266699336
agm033134656,13.133550002817344,-0.882531117891773
agm033139417,18.38197202782396,3.0875694518261105
agm033139550,19.74587794535351,0.08210921437022616
agm033142293,14.790903100342108,-3.510108900984031
agm033380449,14.17785895630598,-2.355103826005537
agm033380460,16.86248731611149,2.546851379362645
agm033404383,15.479558159426205,-1.4389928441845683
agm033417768,14.73930238920925,-0.9927649508309214
agm033424924,19.11523436817145,4.446218432258083
agm033505843,14.906179884249019,-1.3384444285249952
agm033545494,14.121279707557344,0.745288482815044
agm033548110,11.796708031514532,-0.38247033079364573
agm033548266,13.199027618958553,-0.8846258093339188
agm033562785,18.012109365336375,1.9152834688970348
agm033578838,13.018639239831366,-1.6408803500040492
agm033635963,22.34603156341606,6.126862769059151
agm033671908,24.02934875067352,2.773412648547506
agm033718521,18.211382242821838,2.89186665751035
agm033746396,14.127418385420098,-3.7270049361684454
agm033820258,11.437085912209682,-0.589297384236465
agm033903286,24.09828800934454,4.035877483565464
agm033976844,15.292481604634288,-0.39530181173247847
agm033996079,13.67508717691382,-0.10182710239614383
agm034019527,18.1073602868772,3.686995218418565
agm034184582,11.403319836581952,-1.608928868085064
agm034293206,15.293284170860083,-1.542277048346642
agm034308768,13.969016606310372,-2.7083007568861994
agm034338280,16.785150018343277,1.984569016325386
agm034373268,9.743786597447311,-2.803968061041339
agm034415352,17.74207240054551,1.2356117033262493
agm034416781,18.49776314566108,1.962392596597019
agm034492254,18.18057701656243,2.464494160818808
agm034594732,12.30354033967838,-5.685051940467088
agm034712438,15.049276160117811,-0.4293339593129435
agm034717620,17.475871108850054,3.3959224465871443
agm034743584,14.578053136727574,-3.836664714872976
agm034755995,11.853756399595005,-2.436059948294584
agm034787686,15.479274541532233,2.5033036833718296
agm034795397,20.53152738660803,5.341797303318118
agm034835730,11.174523539612446,-1.4876251045498539
agm034875450,15.966808677213733,4.069061579597636
agm034878806,20.045890845006344,0.3126383681751494
agm034879118,18.063651497645328,2.4347321126696904
agm034909723,11.709769264527154,0.8126513774847162
agm034914590,16.883556835532474,2.2720170777475666
agm034976681,12.767592152068687,-1.7495006935346638
agm035018476,18.293526296610136,2.5716025365604467
agm035086558,16.996148283080593,0.659417492160243
agm035225697,12.833842621325948,-3.1509853788406645
agm035256291,16.969684709199733,2.0580284942587075
agm035286771,14.205565154000915,-0.5806349911342193
agm035292838,14.962279574865299,-2.1269832599874015
agm035330454,18.058928225512123,3.6707134634055136
agm035336033,19.854615772040244,0.9123623112320219
agm035354220,11.757073438931819,-3.8410314199700952
agm035403109,12.892493616689487,-1.8908491095461855
agm035444236,15.43359442617498,-1.6357392900992913
agm035545656,14.313875058341077,-1.3212103617348656
agm035628902,13.282128544624987,-6.366463542042496
agm035722046,17.516127075790532,2.435987087883742
agm035757346,14.46294579511412,-0.670667208209165
agm035790793,17.435774061372477,-0.7971522413657391
agm035917435,11.912439753966419,-1.9180451316547245
agm035972573,17.468517695449354,0.12222685719320718
agm036069595,17.176559257250556,1.817476442383639
agm036210606,13.064358423870537,2.674898137122703
agm036341932,12.607376046896574,-6.569379866678851
agm036493029,17.380919307263742,3.3592227983679748
agm036513268,19.239798928719303,2.94452133376517
agm036563554,20.15768607961418,4.554805009729132
agm036567873,12.882988861395615,-2.9678515907056138
agm036827060,18.433563391734992,4.076115815072723
agm036946266,11.844677852849609,-2.66715890224174
agm036970084,17.22303076300466,4.6865206783652615
agm037131534,12.998697927366457,-1.7225805085054173
agm037219545,13.85192524608654,-0.3947844946274503
agm037262586,18.05949872034228,3.2057438466244528
agm037427117,11.73928080081602,-6.069068145625506
agm037485921,11.974890774039425,-8.199367468647532
agm037535409,14.805486189024554,-1.782669439022375
agm037634837,18.245615013239306,4.029343090564882
agm037641523,16.83639927398381,3.2237480314640266
agm037757730,15.620404856862423,-1.979511338847508
agm037874556,16.973029812484572,2.0593737799766587
agm037891295,12.652293666448978,-3.1724396896235603
agm037930437,11.508913981920989,-1.5032613571762425
agm038144242,14.330303960903366,-1.966087373481745
agm038325840,15.993522314455596,-2.036789944145733
agm038452895,18.343810920774814,2.530139842351795
agm038538948,14.22065096160474,-5.847694697114662
agm038619238,18.854631103610057,2.7520460188169635
agm038643047,18.06222503156118,2.470876570113153
agm038798875,18.29676126960283,-0.6061703708404901
agm038827824,18.080223186922385,3.6798289557381616
agm039079614,11.218246574309036,-1.472268691039836
agm039214096,14.130729859144234,0.014908506017228262
agm039286936,16.828599098652607,-2.7243526839287413
agm039352188,19.02347344950249,0.5289088915504525
agm039384253,18.42908808737741,-0.09038965724754651
agm039391848,17.42200966590646,2.245266057679116
agm039392355,11.630815967378426,-4.2536848751022545
agm039416217,14.981122247134168,-3.684552784060435
agm039466187,14.682112281836275,-0.8908387149387617
agm039482009,13.80638387375405,-0.09524085010366316
agm039487101,10.55334690426944,-0.5295813381524344
agm039621957,14.689228818152067,-2.170497879452481
agm039628245,15.589727889627724,2.238911640885434
agm039656398,12.20225575807673,-2.094280433724595
agm039933136,18.39333143204268,2.584407887396498
agm040011824,13.98793804055848,-3.032823647242165
agm040189302,13.0828284040702,-3.7346574370734866
agm040214963,11.596015308303466,-1.0119414578871802
agm040435954,18.25106422580544,2.5055328680990328
agm040444446,13.20854709371362,-4.185411410881798
agm040463022,12.487151952983535,-1.5508183553594848
agm040518097,12.708762463226675,-3.1581658325191193
agm040627440,14.050179978833281,1.6092715342083366
agm040645361,16.83324501185674,2.0027629198054817
agm040675271,21.705513090558888,0.28480717246497544
agm040796270,19.83350662083375,5.366978238371551
agm040809534,17.335975385100934,0.8078959987594866
agm040810729,12.280687060565938,-0.5071723421568658
agm040853550,16.259209880320526,-0.801995747297403
agm040949986,14.561943857890672,-1.3598712195490577
agm041062834,11.943470473695612,-2.4120474747604512
agm041214832,15.361151696520587,-1.6706372068183495
agm041237498,12.076500291045948,0.02658993141612065
agm041365543,16.995861134648457,3.330391366917279
agm041423230,17.02235763883595,3.2309073166182833
agm041682032,16.799764776124746,-0.32580963895098947
agm041688826,15.373430169833957,-2.925105542123608
agm041699409,22.81759379898467,2.90831948405442
agm041726471,15.678730065483746,1.0880005756676638
agm041793581,17.689375122804318,3.4637874531851764
agm041918271,18.36142113201113,4.145162350220836
agm041977071,12.446370360020047,-1.7828153599858474
agm042034097,11.392898573647441,-5.621115427358045
agm042110408,12.176726850566508,-1.2040298600601897
agm042146267,14.297240286156487,1.0420014510072573
agm042232268,12.926465833104233,2.21914456370291
agm042271688,12.719327219895279,0.45010616975612405
agm042407943,21.74477125802905,2.400924306465618
agm042428579,12.387539627685355,-0.7313377353243263
agm042510531,12.907548710737073,-4.788802888897373
agm042736050,20.944003530518415,1.9774608721398996
agm042832020,17.46896420136017,1.0773181864061443
agm042918042,12.082816084192702,-6.37067955833016
agm043102424,21.68450179893801,2.331526126056776
agm043344049,16.991315556521712,0.7114554593923585
agm043350123,10.67613198962445,-4.312490200283585
agm043577218,13.271256819177252,-0.8730168174068714
agm044603963,12.388757368420034,-2.645872157384893
agm044758917,22.442925235115133,2.309462457787224
agm044992392,13.362608756445677,-0.9589143241241047
agm045249968,14.881626577096279,1.3952894187288911
agm045298996,13.15557321500405,-0.505294215486461
agm045949129,15.003872250400038,0.6175597255409535
agm046066198,14.484084076624812,-2.0778749686697044
agm046071820,15.134389423427882,-3.220242113583002
agm046093453,16.69054719062094,2.9081097605409667
agm046110206,15.632677113934822,-0.6779597329854902
agm046232287,13.726917722291198,0.21432396968799297
agm046302397,12.511230655236007,-2.426766253467982
agm046353452,9.084714720644355,-4.002316369580741
agm046402477,14.013974088439417,-1.4042016858416968
agm046448994,15.94018520920572,0.46478893479964495
agm046449671,12.2212101652196,-1.346443167818098
agm046736258,14.84818431968128,0.7693727423261117
agm046884723,11.29584069343329,-1.4278018789080662
agm046901051,18.59898260175252,3.6676716593867624
agm046910527,14.888879490033089,0.823404315272791
agm046982599,15.561638655509705,2.2291211162238453
agm047039985,11.373233170066179,-1.019603667666572
agm047085581,13.9106204685821,-2.161859281732452
agm047139790,14.960889798862675,-1.3405669993816314
agm047221883,12.596293095189163,-3.0631746841504426
agm047269073,13.728127273916995,-1.2686054437020988
agm047384164,15.726420225584496,-0.2660867310469565
agm047695221,13.84020185262713,0.24707967540701445
agm047712724,15.63880831277975,-0.02878999373834053
agm047865421,13.298633323184697,-3.6495011042857324
agm047950906,12.639542465985187,-2.7447669572348006
agm047979706,13.38245251794869,-2.3962402753875884
agm048029205,16.85145027089943,3.637019341448951
agm048115678,14.603788928049488,-0.4693227380151761
agm048282605,17.801081018833088,2.136211827103446
agm048573830,16.28990357766883,2.2595058004646664
agm048597860,14.642950606782142,-0.6019730509863942
agm048696755,13.760718104931835,0.10501413354611167
agm049032731,16.135335750176505,-0.4337883851596149
agm049096122,15.220267226583347,-1.2741925422622262
agm049189626,13.528087684939068,-1.9589104430133173
agm049218422,14.014845635199036,-3.95986841819213
agm049218651,19.3773242572983,3.9494786072689174
agm049277985,16.567350135044656,7.6900888115058335
agm049495190,15.24031581815317,1.2082737716029126
agm049757473,14.51249745386589,0.6897980597439126
agm049838963,17.94286434648619,3.2862233128137746
agm049859830,12.433449755910585,-2.8337168413630067
agm050033487,14.364336706311505,-1.0230032608859354
agm050125160,13.073671571058034,-1.7675297337827818
agm050216186,9.235747905637385,-3.9308810905278144
agm050252246,16.006484208099582,2.0293069177989422
agm050379828,15.864910708105041,1.8527905940215021
agm050559441,15.646366728506495,-1.6277603653854733
agm050611168,14.237063747017991,-1.4191571677053278
agm050869952,12.242700311452705,-2.9346814155993104
agm050891097,15.148523147044905,0.5286538939835754
agm051002930,17.516024243893487,2.6510435229804252
agm051117696,12.574077223754097,1.0242504139569164
agm051140841,15.633188121060158,1.6882108507378906
agm051147917,11.872449067995996,-0.35657320414361715
agm051159562,14.818389308589822,0.9484308501805927
agm051193864,13.330474786994992,1.188448301492605
agm051259667,15.35293796530933,2.1495479913615583
agm051285427,12.634585258684309,-3.569179148218746
agm051286752,14.211013979727753,-1.6052232146738643
agm051360377,15.587687247640952,0.4510576664085277
agm051439740,13.721144001419235,2.2444794415636964
agm051474563,20.897632061810683,1.327841426483026
agm051488376,12.265939112802203,-1.8905793394242192
agm051593339,13.346181098362969,0.8646068748224321
agm051704010,17.718705003382045,3.9031243175854975
agm052084791,12.966986875787063,-2.5451859219633577
agm052088254,15.281621631851003,1.2679719092752364
agm052270463,15.12133139167532,0.06992342884615788
agm052414571,13.202228029764635,-3.3279410426620064
agm052538474,16.648682462057295,2.6946899122695562
agm052563388,12.897701738724088,-2.3131739777983036
agm052574115,13.38250038665072,-1.8524103597304673
agm052584940,16.269783595960014,2.584085555420234
agm052678971,16.935427878703702,3.346919782797586
agm052684671,17.251341122696395,2.3687086830286206
agm052696731,12.696839390824245,-1.5974437783055773
agm052706368,14.607480696055312,2.0920718661171205
agm052902985,20.74320236246601,2.385954260481629
agm052913920,13.846429425531971,1.5205838170082107
agm052958612,11.728614693265339,-4.325994226262611
agm053085436,12.490660341250425,-2.5948971185097665
agm053251630,16.89928100803798,3.6469183695702587
agm053384127,11.653771998008127,-3.567841713012669
agm053445772,19.373951803861562,2.0253155033011887
agm053471436,16.96468545196036,3.5023441524041576
agm053492783,16.90081715468887,2.4651429719774995
agm053494456,23.233133953628727,3.22100613088176
agm053695294,17.6821313892402,2.729874284009785
agm054000778,14.189456768935838,-2.6761187310258627
agm054191532,14.277902311099162,-0.007469506797599834
agm054374296,14.686673439829358,-1.8514291698886212
agm054551773,17.32874331354052,1.4475594543404415
agm055028904,13.073908610234765,-2.1210031738174213
agm055052934,14.642213104402728,0.2872551310416303
agm055166540,15.233228885062891,2.425704117102317
agm055276058,15.5879464982849,1.9686283233515425
agm055311908,14.273375142266547,2.4551398344996525
agm055402753,20.413358075757277,1.9363268226091808
agm055420943,13.123667583502074,-2.5371082509186453
agm055579385,15.534302139138724,2.541830962350897
agm055637410,14.62839562210742,1.3775933025041684
agm055661960,11.585941152266368,-5.60888526368513
agm055715306,15.91029940084816,3.1966579862306816
agm056233791,14.694541849665397,-0.6588631078032865
agm056491024,13.336349805773954,-2.1685051501794326
agm056518807,18.109301188816183,1.8869872050650471
agm056695864,15.342457116945877,-1.7700620626585168
agm056894988,14.11083587351566,-0.46505798035220575
agm057023488,17.696280552911286,3.5159048300903697
agm057063227,12.04850972414378,-1.684774803714432
agm057268400,13.301444660736882,-0.9681205454043706
agm057456046,17.652905542161356,2.4123200022593707
agm057759190,14.137196752709379,-1.5831872039360022
agm058131735,16.456163361573793,2.5941485217015368
agm058189357,15.621516543415757,1.1214895575087827
agm059394271,14.984951090370396,-4.360460302880073
agm059819585,12.921696209548616,-1.4742969420193015
agm059854547,18.004067135024993,2.478913702122992
agm059874422,17.623343546013643,3.4943856180163273
agm060163828,21.05101230656532,2.032481362496766
agm060255427,19.251521815556817,2.7292395009979513
agm060302844,14.125876630700887,2.3937561253259845
agm060355585,20.23217475264923,2.2812026402904255
agm060364005,13.65556866405358,1.9200562543571198
agm060428354,18.93413331459153,1.2826197614794452
agm060571038,18.84580730713486,2.1718460267275637
agm060796651,15.2293851802283,-4.9407641161131926
agm060824465,17.878486277882708,2.9214482147403675
agm061068251,18.464952141030338,2.266912500756699
agm061212443,16.89191183730418,2.0092537818888516
agm061420322,16.91999237815371,2.090006009462839
agm061474413,14.409877910721013,-3.3370113361712965
agm061543395,19.661506539845302,4.10013611035704
agm061721407,19.003525475609784,2.233732459972181
agm061812576,15.266036227445728,-1.8128864044932174
agm061853986,15.185909489977027,-1.3023418751574471
agm061903604,13.737389642123823,-0.07405718378949544
agm062234490,14.351296717870143,1.909292883171788
agm062312689,18.85858296520561,2.1800267788558454
agm062830898,15.763997436965811,-2.990262432968028
agm063085059,17.971314213877097,3.5239880251060853
agm063144478,14.184662900531887,-4.5831386520709305
agm063809045,13.964766779692928,-4.248481622466035
agm063870354,18.488966725242996,3.1886274346005212
agm064155564,10.235975274550908,-4.466192563718405
agm064236107,13.877430143695326,-5.023754554092377
agm064833606,13.492453688730114,3.459155723398353
agm065373797,13.316929538831968,-4.237066056738146
agm065460782,19.485312977622083,0.5084671825038498
agm065514768,17.950945201540808,3.5821570400078833
agm065531945,20.965747794666118,2.622752182127364
agm065622749,18.975043882488738,2.2315529142002886
agm065932436,18.509927704148353,2.5326996930209233
agm065945107,13.891039982041878,-5.0756605550046014
agm066110763,12.158490147252476,-3.9830708495311096
agm066420234,19.154902792090077,1.84847777264212
agm066426256,19.173951379890607,2.2897346404898906
agm066471272,18.581764082744023,2.1064352786155
agm067521681,12.60311508647858,-1.498732310380539
agm067554877,13.807411027628039,-2.882771634207919
agm067793528,21.952226278754335,3.0190812251808907
agm067901243,14.435279245352259,-1.8632371876949065
agm067913213,19.178219061299423,2.462916206743481
agm068299497,16.034572957323597,0.5066052892856163
agm068350495,14.092210931584958,1.900929737173336
agm068421791,16.269612446798835,2.0660354354156265
agm068805815,16.948849178277086,1.369454232756441
agm068943153,18.15704037763975,1.9459677579103953
agm069119895,14.343104555334262,1.2771925290298494
agm069128259,10.921014948821233,-2.2372304501538434
agm069258117,12.105529717284156,-3.3221534060883173
agm069260712,17.866989066558798,4.667480495946696
agm069283242,18.27436368319821,4.108831431163864
agm069295999,10.58640351930277,-2.6203842213752355
agm069315443,12.51667520585673,-0.131356434230538
agm069395575,16.5570461246138,-0.8982465415247148
agm069461818,13.579267123973942,1.378332028572918
agm069497264,15.002905849829387,-1.6536012647894094
agm069499209,15.576479828606706,-5.89822122029441
agm069527535,20.500275529175592,4.95489752555433
agm069538790,11.15774599177373,-5.971914462761569
agm069542762,17.725616676111443,4.5778437212426875
agm069654459,14.570074479914934,-0.6269751559869947
agm069780602,8.055408580310635,-5.713559830823801
agm069978030,15.584555656922083,2.5022078940493344
agm070019833,17.510365830819314,2.6780443032184835
agm070103954,17.278712345672563,3.841232516237646
agm070120908,17.546064647213786,3.9094451709139797
agm070134454,18.657282214550364,2.806034700402661
agm070166615,14.757700469063337,0.9528169551069402
agm070190128,16.543642385607185,2.6991018271477425
agm070195390,9.7031776408055,0.4431882425185177
agm070200207,15.076167355621724,0.7447608154618749
agm070260224,14.700918124999683,0.8300442669586534
agm070277652,16.32278344452401,0.6648397369281085
agm070325606,12.97200967856748,-1.3075140990666985
agm070346469,12.263270912808203,-2.153120596628789
agm070399565,14.628763057060986,0.23903673071784345
agm070401774,12.693664391670659,-1.7211432561242823
agm070404710,15.22743239611613,1.2563358693425268
agm070407576,18.718393946649275,2.5205534580524116
agm070416276,15.82722170285728,0.37035362995814874
agm070480086,18.648922676222778,0.9273857528769168
agm070548142,17.856738323681217,1.2830563815854827
agm070563557,14.685362332731842,2.746689097253705
agm070599800,18.719557171288006,4.314548502399377
agm071590064,9.643570536774845,-0.7874191279588771
agm071659156,13.351169033784315,1.4718652514696526
agm071710261,16.775734009671833,4.939270702042013
agm071746895,19.696051860435677,2.0830735406470318
agm071755728,17.599275695693148,3.614072851944858
agm071788543,11.010992734344548,-2.1099080634006966
agm071827366,8.962827632061293,-2.832830356636522
agm071848698,12.65066463554412,1.8922792794126913
agm071905563,12.369170518873155,1.5905084202238093
agm071922004,16.74943622016326,4.1594066385163915
agm071947044,13.53845444256521,2.452711633854779
agm071952880,16.45578407135964,5.206454855987144
agm071997748,13.55910397468825,2.8941429141906077
agm072010787,16.75566771567807,5.200751644646836
agm072011051,14.29195105477222,-3.7631630330983774
agm072017833,11.179397550832368,-2.197754893663084
agm072055361,17.116980308291627,5.736919001512565
agm073029910,15.856395143062636,2.1556617995006504
agm073032751,11.714134170904572,-0.502070350446924
agm073035089,7.603591886826566,-3.6676939713502548
agm075736854,19.065573627860882,-3.576413649182127
agm075752243,16.585276603035183,0.6865851692052036
agm075757954,21.199801525650848,2.757528170762819
agm075759623,13.504092457239745,-5.443245078123028
agm075772830,17.428971863960506,1.9983594024204185
agm075877595,15.814463070323605,3.3923494264845395
agm077614787,18.344917442957126,0.6680749333090586
agm077618192,12.286812414122736,-3.2640113672865687
agm077635730,11.459985075306918,-6.105874719759065
agm077689631,17.449201072073325,1.1640781500856807
agm077719115,13.556501030345686,-0.9076367762902278
agm077739096,16.941500048796595,1.5950755600011124
agm077768652,13.770385004867839,-2.6602653060056625
agm077772848,11.642347388265685,-0.44574393176968147
agm077805716,20.633237912123796,4.133597700776387
agm077806547,12.423550630694722,-2.4388835995125167
agm077827255,19.275254209983007,2.1681966194859954
agm077870433,17.977302153865526,4.119632066052483
agm077894967,12.738478520800674,-1.9459083240912787
agm077896372,19.92679487310377,1.6469628705907944
agm077903872,20.27152156538132,1.6051792025228289
agm077937136,17.031171568422913,5.950985840364396
agm077938356,12.013526541567806,-0.8911922841174842
agm077983527,18.501697583561278,0.6609954177549339
agm077993194,15.120410432529164,1.2975899309280312
agm078012823,19.77313041523398,2.89508299097914
agm078020845,17.702412066094823,6.15184950143197
agm078051732,11.864362938903385,-5.638383071152367
agm078128480,18.86149433521517,3.0198313026552355
agm078134840,10.814498732739445,-4.9082889297027945
agm078165825,15.363421587042312,3.024976928206008
agm078188146,13.068481100968242,-3.545118739523053
agm078208142,14.872925457514478,0.23380847433160015
agm078239464,19.21861250176926,2.674124207663845
agm078252032,13.204672846185707,-3.7735577370219033
agm078282223,12.159614901266467,-7.507082405495889
agm078283996,17.524928537006613,0.7765732523871627
agm078294958,14.490665804809463,-1.8713559968504412
agm078335224,18.328194157950644,-1.9273189863693088
agm078340323,15.62694117242288,2.168591971548531
agm078341714,18.899798241052146,1.7527759872449922
agm078404586,11.65810235543213,0.17907478179361647
agm078439128,13.641230786996104,-0.15512286425764188
agm078454585,18.402288935237674,1.2586183153813835
agm078490819,14.71570267530933,-0.26560352598977915
agm078515325,18.997210182586908,0.665210641942922
agm078547554,13.408952908112461,-0.11831460848268094
agm078560408,18.53684244203934,0.3530955820902273
agm078574004,13.912829435373856,-3.6695708980444834
agm078596872,12.351449519495125,-7.708607487080073
agm078635712,17.839554200852845,1.9631072535216547
agm078649580,22.49761217104266,2.669762970464962
agm078660711,12.09250513556841,0.90541671742723
agm078674135,15.052712116006807,0.4750761147180504
agm078702479,5.630361396489427,-3.536347985247725
agm078703084,17.157556216472532,5.971312217230018
agm078711475,18.65054777413949,2.5615948662965664
agm078789426,15.1041368619506,-6.085932686883794
agm078844528,14.850953073404071,1.7001369717800816
agm078857003,19.210511564215047,2.694021755430496
agm078863778,13.156371654319363,1.0499201677881274
agm078875830,15.453374975006417,-0.5159032922572606
agm078940507,18.45652616441811,2.596595385238338
agm078987497,13.204385928446014,-3.412722556242275
agm078999228,12.952220213666946,0.9713464995722214
agm079004138,14.021246456747619,-2.7607808571174965
agm079077732,17.978437353239123,-1.301467364561173
agm079078497,14.054910401031744,0.7096140548470438
agm079082569,15.598350334826142,-2.4728753625488356
agm079133833,16.57901877673632,1.3608014917086297
agm079136810,14.879374401022,1.7206080186240122
agm079193515,14.40563296187163,-2.47733983418252
