{"LR": 0.005, "epoch": 1, "wall": 13.815204003825784, "cumulative_wall": 13.815204003825784, "validation_loss_f": 0.23976634442806244, "validation_loss_e": 0.002060284838080406, "validation_loss": 0.2418266236782074, "validation_f_mae": 10.609922409057617, "validation_f_rmse": 14.993878364562988, "validation_H_f_mae": 6.46038818359375, "validation_C_f_mae": 15.352246284484863, "validation_psavg_f_mae": 10.906316757202148, "validation_H_f_rmse": 8.169319152832031, "validation_C_f_rmse": 20.136476516723633, "validation_psavg_f_rmse": 14.152897834777832, "validation_e_mae": 20.442188262939453, "validation_e/N_mae": 1.3628125190734863, "_timestamp": 1716897951.333947, "_runtime": 32.25209593772888, "_step": 1, "training_loss_f": 0.5961389541625977, "training_loss_e": 0.013080552220344543, "training_loss": 0.6092195510864258, "training_f_mae": 16.544313430786133, "training_f_rmse": 23.64251136779785, "training_H_f_mae": 10.537439346313477, "training_C_f_mae": 23.409317016601562, "training_psavg_f_mae": 16.973377227783203, "training_H_f_rmse": 14.68159294128418, "training_C_f_rmse": 30.845542907714844, "training_psavg_f_rmse": 22.763568878173828, "training_e_mae": 48.06171798706055, "training_e/N_mae": 3.2041144371032715, "_wandb": {"runtime": 31}}