mat_id,volume,energy_per_atom
agm001000110,13.781174647057426,10.042399259984522
agm001001040,10.334356069291346,3.0125082663780645
agm001001919,11.942820414255097,5.741028361356828
agm001003503,12.276481841473478,10.418996156000366
agm001004359,11.845585889295961,6.1504058687546985
agm001004594,11.972760877976738,9.385336789800315
agm001006759,9.391816032806075,2.8424543429279843
agm001007227,12.09868617286763,7.332465494616443
agm001008954,12.85230276212809,6.4773707099003275
agm001009320,13.014682326116697,9.203114399915188
agm001009484,10.773162050507926,7.357387868317034
agm001011011,12.921494846719048,5.971184079214152
agm001011034,12.225209682824236,9.63573364037208
agm001011258,11.868531373611082,9.305317881391444
agm001011276,13.319955794643759,9.567201191349767
agm001012152,14.536900448919456,10.981427447920026
agm001012672,11.831616534973243,9.229179420046139
agm001012673,11.548760848345486,9.157104815354154
agm001014575,12.347999308760022,6.478556155657389
agm001015322,13.702867765660327,9.708182298513256
agm001017922,8.167755308040594,4.304531875087309
agm001019652,12.229408535617864,11.200732934036159
agm001019766,14.18511884173509,12.060561193303675
agm001020078,13.299060391196754,11.8037153353441
agm001021702,14.666350487173512,10.130855197432082
agm001022068,13.625086487363085,9.746265154695186
agm001023885,14.2110425030846,13.502193305198235
agm001023989,15.007643390824546,12.932741704783487
agm001024672,9.23858079538749,3.935796435172945
agm001027517,9.726291234121858,10.086119221706765
agm001028442,10.75696646900792,8.975138886280604
agm001029255,11.007919648402622,8.97773767970427
agm001031293,10.046812464787637,8.578663047622465
agm001031724,8.962610330920944,4.341989741997041
agm001032058,10.962908900132794,8.43540621859049
agm001034234,10.121988624124212,5.229468464352941
agm001035741,12.422000521896587,10.492648115306105
agm001036375,9.740513848836374,6.952719644452376
agm001037498,12.524313881777191,5.611494677283083
agm001037555,13.788589890154041,14.680722323062882
agm001038997,9.997014957984563,2.524822153019348
agm001039391,12.497431220002248,9.572405954358493
agm001039511,11.787611481233592,8.990027027351701
agm001039917,10.80292037533708,6.899158054512081
agm001039943,13.282040424113768,8.155924669757134
agm001040193,12.703872034935912,7.8717171572397975
agm001040411,11.793735468637562,9.600855375509974
agm001042892,12.7173190644657,11.085077634764403
agm001043020,10.790255036970393,5.741793254045244
agm001043936,12.33611282279877,10.550191306469259
agm001044286,11.020030249509736,7.19756695129074
agm001044489,12.303367704626206,10.962744429407692
agm001044934,8.781211082131692,3.8112924353542112
agm001049739,11.62621189605642,10.346308992075635
agm001053505,8.59921489105245,1.6129798540281541
agm001055435,8.554882054857186,2.829260716676816
agm001055954,14.561046635202823,12.094236234715146
agm001056004,11.13462549658769,2.0272623380314627
agm001057112,16.578621232750113,15.934981029054983
agm001057627,13.58226295548883,10.26229382533483
agm001058307,12.944222439445062,12.756072335677052
agm001058446,11.97671405828843,7.4480556786284255
agm001060460,12.597236660429028,9.270660015188604
agm001061731,11.700632601516281,7.455209435644673
agm001062366,14.578024555943436,13.057616302421211
agm001064415,11.28232271090319,2.0594148509715544
agm001064443,10.938347960603734,2.493834901982131
agm001064568,11.878290427338024,8.255318174139918
agm001065948,13.254273964621175,11.999962758943406
agm001066115,14.309591422613211,15.18723215108799
agm001067502,13.23966747268799,7.733611249333269
agm001067554,12.61013492651073,7.895618961925767
agm001086200,13.628628840865002,11.847019636847069
agm001086213,13.111678103465337,11.206403884446862
agm001086235,13.160977781598422,12.337199449975708
agm001086510,11.758101652944333,7.5216005474513725
agm001086550,12.212484575179639,8.079891753740311
agm001086578,11.980669873453884,9.950897731297598
agm001087647,12.703246983440568,13.415417662306043
agm001088240,13.534820827049638,12.872058118187203
agm001088337,13.888392536435477,13.323292340620606
agm001089246,14.61220039722124,13.75401987946963
agm001089717,11.91229132288437,9.4460698448455
agm001089775,11.53837985120783,8.942683633724968
agm001090387,14.557645739110077,11.961182685582855
agm001091522,15.08090559178695,9.224405191680283
agm001092377,15.063158077843093,14.636158188773635
agm001093963,13.694442164260112,13.361066411521726
agm001094206,11.74003822527663,10.641916506194983
agm001095527,11.425046607178931,8.250392606871861
agm001095605,12.797688059812787,6.505773516103725
agm001095715,12.753846297839512,8.748209777223623
agm001095905,13.107484035802026,10.759565901217726
agm001095916,14.525590807474003,12.973088622142875
agm001096149,14.3851265236218,13.7914424709013
agm001097092,12.542179441133088,3.3643436521774444
agm001097533,12.409791836271054,9.876645805224372
agm001097606,13.923317779961943,12.454835875631566
agm001097698,11.289351590823214,6.236781854464219
agm001098069,11.507325081509558,9.861698819853967
agm001098458,14.04521640377518,8.979110871111532
agm001099198,13.598422143235489,10.72308847828292
agm001099929,15.766379617223839,15.201336643071928
agm001099967,15.065646704633076,13.906083993980866
agm001100392,11.46260229946159,1.052720327658152
agm001100417,11.116217811500999,1.5351400941799458
agm001100499,11.001599010952644,0.7401850385664908
agm001100506,11.593728089251956,0.1766615374811913
agm001100703,13.691890127486692,11.423323550263095
agm001100706,14.130334185799688,13.156740828049953
agm001101352,13.192713552919848,12.46114143133732
agm001102145,11.338586499460186,1.6168615353019617
agm001102564,12.853896007099916,10.075074734940001
agm001102584,13.175312352852492,9.372972143723903
agm001102681,14.238891825476472,7.920233720778927
agm001102748,12.35920840545297,4.300718040609313
agm001102800,14.47902156091449,9.965161739442326
agm001102864,14.23779092319575,11.511038430476528
agm001102979,13.050520965608982,9.848912784611972
agm001103033,12.695237224226222,9.023670124051817
agm001104968,16.22717873479069,11.74869194231753
agm001105146,5.413412096534809,1.1512514312871154
agm001105375,6.417255674416081,2.073964671608489
agm001105378,6.291102184708303,1.0261979397167402
agm001105682,8.769280385152392,3.734244942127481
agm001105872,12.05780610809474,10.144303825596316
agm001105887,11.265419716046697,9.551849213258496
agm001106082,11.173410174830854,4.005289325616159
agm001106108,9.248234809476056,3.394017160947621
agm001106135,9.273283487123345,0.9326463109471206
agm001106214,11.598795258529284,9.905830298626569
agm001106241,11.438971985952477,6.041992459452693
agm001106364,8.688086503558646,1.98839762251269
agm001107189,9.549033963157992,1.1263260093856204
agm001107258,15.352651696681193,13.451283333367424
agm001107266,13.8262121093453,10.811932429515338
agm001107272,12.773977604654531,9.479769620774169
agm001107544,13.934238696089727,10.092291684764565
agm001108482,12.624448267560123,9.443831144923362
agm001108637,13.87149436781416,8.596591621556062
agm001108679,12.422410996562053,9.348945225062547
agm001108705,13.952214463474292,10.834480607408182
agm001109069,14.192341887329198,9.376941213798611
agm001109181,14.063875922820761,10.64304398977257
agm001109727,15.384739166772258,6.2338536132645315
agm001112024,14.397749029192413,9.423522497081846
agm001112253,12.408313647905528,4.3991807534095955
agm001114900,12.245171104320313,5.456916416500782
agm001115160,9.565996654599603,1.8417992326302155
agm001115359,11.640382659852738,5.2844629767187445
agm001115455,9.882374750604656,2.964414380086188
agm001115631,10.084946053375955,2.2030238463522718
agm001115716,10.590427730411651,4.39972264310855
agm001115738,9.78578618690105,3.7523587658715147
agm001115883,10.997496663935598,4.399418329685865
agm001115888,11.394320143677136,4.588467474579279
agm001115913,10.490123889364122,4.325120771406667
agm001116011,9.722161228819987,2.061179101524175
agm001116037,11.893883477078681,4.383946841762516
agm001116151,10.805589030237739,2.2103070132213496
agm001116156,11.615993484986019,0.5264387965527089
agm001116169,11.756799673210322,4.919143348960219
agm001116194,11.826969475803748,5.741892974203074
agm001116328,10.904374771441992,3.960402291744412
agm001116336,9.73847460083912,2.696955536172025
agm001116351,10.953030961548091,6.841425937934643
agm001116413,8.229129400295307,2.3424366678187685
agm001116690,9.96304012440497,1.2635434470615774
agm001116704,10.302855000932844,3.2033425591778837
agm001116768,12.389508062821841,7.996623830954601
agm001116944,9.696623888676031,3.659235301778322
agm001117154,10.511014091440773,5.211586802867403
agm001118545,11.261538125708864,6.084518590866214
agm001118658,10.697980042564906,5.943543585921818
agm001118677,12.363948004070949,4.042334943243082
agm001118955,14.975370616974981,13.717819798934848
agm001118995,9.42800453405513,3.834831224743409
agm001119026,10.687207595460029,6.457338618604812
agm001119133,12.121026994964984,6.652664906906869
agm001119442,13.334013557198999,5.526973843760418
agm001119448,13.208576812402335,9.852622802963342
agm001119591,13.66444995358303,10.162513754665234
agm001119684,12.454739690734938,8.508235943694514
agm001120270,12.87281273083384,7.015908907029901
agm001120291,9.680922358025617,1.5171585583551064
agm001120928,13.798387063352173,10.913263975448722
agm001121188,11.695454680117175,6.9041972164605525
agm001121492,12.192350032111355,2.599545387282129
agm001121709,10.676891266860396,3.299411976930939
agm001121728,11.725326740691862,2.960847889677984
agm001121815,13.106964869014078,9.31089749914435
agm001121847,11.574086651033712,1.8981790161336534
agm001122000,11.910202683356859,5.572593766978871
agm001122410,12.49906223102154,1.7218224050421913
agm001122472,11.924143648191265,6.0186371705336885
agm001122478,12.001778781436553,6.179270982237252
agm001122498,12.654243686857388,5.619354232646742
agm001122902,13.23916267381162,9.11717566113649
agm001122919,14.083614004525142,11.492091782827002
agm001122922,13.272914609184348,11.557600033687555
agm001123007,12.025338139887044,7.842308833791158
agm001123037,11.476945803094702,8.494680502291565
agm001123046,12.215628540829009,9.530064006613637
agm001123148,12.664453193080258,8.137602998794115
agm001123171,12.991652074403186,11.082646910260202
agm001123366,11.972142127211352,9.738348543761846
agm001123367,12.864658997733226,8.69572796021761
agm001123500,12.715666302309677,6.342148630049801
agm001123534,12.627721934120657,10.750200471702897
agm001123592,14.039303434736118,11.871584293810715
agm001123599,14.191667065254093,12.25776117737923
agm001123625,14.498631459926324,12.628545415135482
agm001123803,11.855910800027067,11.318934257576215
agm001123861,12.399119510505832,6.7753071132844305
agm001123923,13.810634526930162,11.26852769989031
agm001124418,13.291252747956458,11.934579631134119
agm001124457,13.770431142342249,9.969994528613766
agm001124485,13.461849341861187,11.636717465289838
agm001124521,13.450377410254953,12.00601820324995
agm001124522,13.282623933941881,11.852762473335156
agm001124525,13.490178869444867,12.054925205825063
agm001124558,13.554764981938975,12.142401556929885
agm001124561,13.570078750070195,12.103727948723462
agm001124567,13.986741408409765,11.196336979524416
agm001124665,13.04783410850438,8.95510813934727
agm001124711,12.92271610015114,11.457738218660841
agm001124713,12.991770782214235,11.16938517338315
agm001124953,12.075472970890962,10.34919754691475
agm001125093,12.88353918912002,9.168355856396555
agm001125112,11.943546763928493,5.193338981420288
agm001125185,14.477800184685472,15.438713651233744
agm001125194,14.757344475724427,14.509461099425817
agm001125293,12.24292445603758,11.292869788281873
agm001125325,12.00311109119317,10.313300546603372
agm001125402,12.232119330021456,11.887903549932284
agm001125480,12.90675276061423,13.325025346848012
agm001125562,13.066289823854259,11.70980915417856
agm001125587,12.536920820373721,11.197822902447907
agm001125598,12.50373341254395,11.208049501290278
agm001125842,11.809916526152964,10.541563591853
agm001125905,11.335084260364404,4.90268348441788
agm001126074,12.958191239408976,8.960601963284232
agm001126079,14.339658854892656,9.947731151893104
agm001126132,13.400121033540898,13.809058315532702
agm001126161,14.131416739287614,8.293177049775084
agm001126221,13.002411504840365,10.424548290120248
agm001126261,13.995812278367403,14.678739818102823
agm001126329,13.324128846156645,11.039634714006217
agm001126357,12.50329803623742,10.991710504756183
agm001126446,14.488013977693347,14.910900861858318
agm001126457,14.503975941508665,13.453485305400738
agm001126496,13.715744124920711,12.538632474363283
agm001126526,14.864081328950247,14.388846021674606
agm001126541,13.361350059887831,12.599223010945819
agm001126607,14.092576677397805,13.148816542214862
agm001126618,14.509222570463004,13.532265612464247
agm001126648,13.562275026651125,12.542089417248508
agm001126745,12.949865888962663,12.209249024627079
agm001126796,13.49879482248183,10.641912589073009
agm001126798,13.221667206756486,9.881897170350197
agm001126799,13.115615300565556,10.151732753422046
agm001126801,13.216372932756043,7.682919783288469
agm001126824,13.420889853125482,11.789446748193921
agm001126837,13.064641319537955,12.1304977829883
agm001126886,14.68015326408933,12.887503656762563
agm001126918,14.145695953128767,12.352260362284882
agm001127174,13.323861233601578,8.724425595687823
agm001127874,14.085666354777123,9.700117645024834
agm001128170,12.926978084873621,9.046541757541341
agm001128219,13.062586087187867,12.740586095996957
agm001129674,14.120701781878452,12.986815508583645
agm001129701,11.860132619155209,9.621855329907083
agm001130056,10.759964618617623,7.541242310002977
agm001130069,10.298973767614159,4.911573317636689
agm001130346,11.977349855255753,3.4528601290556686
agm001130691,12.04327847419186,9.67544668639896
agm001130762,12.196962521746062,9.687747364854669
agm001130782,11.977203106256972,9.436243008167322
agm001130878,11.948940308839893,9.501815660569676
agm001130893,11.633633687682545,9.083874157828696
agm001131019,10.954110393050525,8.15506551462192
agm001131037,11.952437957762516,10.07571877554673
agm001131040,11.032788648619265,8.463002943688457
agm001131141,12.090679234358275,10.164969777338591
agm001131147,10.938948634788202,7.193660603267041
agm001131195,11.35457849306096,8.688830436075468
agm001131203,11.323635112878305,8.632430608499057
agm001133177,12.583030169642198,8.220688918563093
agm001133249,12.208111288653413,10.677565145972387
agm001133529,12.309891025406634,10.45406954401213
agm001133775,13.06583424914432,12.123391965778984
agm001133821,12.046653441354186,3.7146996546663082
agm001133889,12.882725262877303,10.966941476269657
agm001133961,12.675328293367969,8.724440419163294
agm001134085,12.78469239490825,6.969466273967749
agm001134239,12.194787661204524,10.085174856631488
agm001134348,14.41799570588877,12.741438536207898
agm001134445,13.499045378230917,12.198671025473061
agm001134456,14.058060113784553,12.479696167671293
agm001134492,13.41998888815769,11.76378273446091
agm001134539,13.353365299057675,11.765050952224097
agm001134573,13.26936808614885,11.399967193886939
agm001134629,12.688730564272209,11.22711023724992
agm001134720,12.803130309577982,11.293388809215458
agm001134733,12.494760447819862,10.605769343622406
agm001134761,12.580994379847276,9.525022563425534
agm001134817,12.667717129424855,9.62082235628503
agm001134821,12.737594351730632,10.878138500897695
agm001134948,11.39364305191684,4.305860678287299
agm001135082,9.988903507439298,3.7924614268124976
agm001135293,11.3282198209329,4.774732958097809
agm001135330,10.357825505582563,2.4927915755921717
agm001135380,11.9213405241943,8.984638834271353
agm001135412,11.456449759075845,5.949650090890254
agm001135431,10.473326081784293,6.057332853976103
agm001135718,12.285986750091986,5.5181980052119055
agm001136082,9.517418660906115,7.642663228127589
agm001136149,11.90228349674541,10.220801978743646
agm001136244,12.767336529995367,10.257425415028257
agm001136275,7.824128097422436,4.754217404806857
agm001136354,11.308089709265905,5.984818043748573
agm001136368,10.173580962300038,4.091784688708465
agm001136457,10.839890428336776,6.510404800032832
agm001136472,11.478433834316816,8.129653367346979
agm001136492,11.691665445359558,8.899238435392887
agm001136713,11.899011993354806,8.710323935565551
agm001136728,12.359487245232877,9.303149469773247
agm001136902,10.641769892310323,10.609673227449438
agm001137008,12.083325838672716,8.291696894264804
agm001137029,12.388311148375271,8.69978743922002
agm001137121,13.396804110518602,11.403041976935992
agm001137472,12.000016608649913,10.722813729299801
agm001137483,11.372005329811014,7.815147464192959
agm001137510,12.53770734039016,8.527863243100608
agm001137713,12.45535475149115,9.368819065864729
agm001137773,13.077453163277552,11.091265684804652
agm001137982,11.815740894550329,7.288043278276344
agm001138055,11.7291298868561,9.403325893854415
agm001138099,12.29575459754842,10.060692435575408
agm001138463,14.49017110915962,12.509119580072003
agm001138794,9.69869078642934,7.375890039086331
agm001138867,10.955363351093466,8.809978973017198
agm001138874,11.004484309885806,8.708072450589409
agm001138881,11.666400535926444,9.347968260119684
agm001138882,11.577483185124558,8.66669354708297
agm001139144,13.857298735396279,14.422142186094204
agm001139188,11.574342851359518,6.51804730704723
agm001139195,12.924147351911362,9.994695068994096
agm001139298,12.240885960088209,10.728925316780787
agm001139485,11.18092513975291,6.188141379152251
agm001139504,11.409888049237676,8.273381427368173
agm001139567,11.189548855129717,11.023670589910992
agm001139717,14.28851725638414,13.445586725840071
agm001139732,13.08496460079678,12.161667782050287
agm001139872,11.638250297340306,10.589413953208604
agm001139925,12.6952047505382,11.512560147697505
agm001139983,13.47329542072351,12.682584650536965
agm001139988,12.141799218831512,8.661066001024105
agm001140137,12.510305752362918,11.383075800606909
agm001140144,12.692058610110777,11.011785508836507
agm001140158,11.929716878164777,9.820385222129362
agm001140260,10.98742895061665,8.643556432713439
agm001140361,11.519121103589885,6.949842486092638
agm001140405,12.56322493976639,9.212058038863413
agm001140413,12.61750939022916,9.265740642081852
agm001140523,10.686039666252595,5.92346977041473
agm001140540,13.313003031575326,5.338790891287097
agm001140936,13.6511098690695,12.034564139176846
agm001141195,14.111141195056515,13.365340960134047
agm001141254,14.616593868651236,13.110856821358183
agm001141262,14.23479735444871,10.43100131355515
agm001141392,14.624518278742597,12.063429278246659
agm001141401,13.654065614646175,8.71622340253626
agm001141555,14.815739804550443,11.351093484340751
agm001141771,13.233474048024265,10.48280111457065
agm001141936,13.20440694105506,12.729341425199488
agm001141937,12.534502385889176,11.559845331657804
agm001142028,10.047047993014669,6.519038187291805
agm001142164,9.478144210769724,8.406946499466715
agm001142171,9.94978175103432,3.639191654903831
agm001142232,11.126046538969899,8.29538771189683
agm001142484,10.611797579896763,9.47134680523389
agm001142635,11.05994230267238,8.707119835932723
agm001143037,13.521425816007083,9.719846804814475
agm001143134,12.328448696680207,2.9671054607381766
agm001143217,12.374479426205461,2.41856875415535
agm001143517,13.552039538401907,10.124304497024362
agm001144223,12.813467613639792,13.050637320935595
agm001144423,12.574293477542305,10.333393577111336
agm001144445,12.826186664418668,14.54072134860529
agm001144568,13.131736105948711,12.890606823784152
agm001144594,13.973105891296873,12.922853746289165
agm001144844,13.73008547335231,11.363111217492426
agm001144893,11.947323534282326,8.518913067090294
agm001145090,12.14348671888597,11.03820947479126
agm001145260,13.347906198273936,10.953748792141578
agm001145285,12.193259355397101,6.638023939873888
agm001145892,13.040737508033548,11.582698304844236
agm001145981,12.14615645074513,10.730428833743343
agm001146097,12.311654266043638,10.837046594573707
agm001146108,12.575528451685232,11.111115344226642
agm001146195,12.201644583332568,1.6598505084830997
agm001146233,10.854675947952186,0.8140957210111281
agm001146426,12.53944468297325,2.615158352881453
agm001146527,9.620345592895921,0.25429017019585487
agm001146803,13.381650894094168,10.607872522582518
agm001146929,13.178057345317914,10.301370582614789
agm001147028,13.051439725682766,5.639711497246768
agm001147035,15.334099558883997,16.24425702609141
agm001147066,14.679840985110891,13.038142055239453
agm001147071,15.466459823500866,12.89253732959342
agm001147195,15.215375231540404,14.33810607086383
agm001147198,14.54855812022195,14.137766529895869
agm001147346,13.833826350350892,13.142341643694099
agm001147365,13.882618871605816,12.010735923393414
agm001147411,12.792381310008116,10.975137291196033
agm001147420,13.198920442239897,11.359750968159215
agm001147427,14.257837544010759,14.291087905081604
agm001147609,15.542155235942253,13.486957311642458
agm001147623,13.923744056164681,10.516719541924605
agm001147639,14.717893878444523,10.972216525436018
agm001147678,13.797825455499625,12.535344103206137
agm001147685,14.679492058961836,12.918595899432871
agm001147705,14.548672957652407,13.044398880743454
agm001147740,15.54789536674361,13.635374176270185
agm001147743,14.856132331105202,13.395453907547688
agm001147762,16.059386706978945,15.023159349609985
agm001147780,15.410500200089073,14.478296371688268
agm001147797,13.474286829887932,12.292430964336837
agm001147922,14.55150761730813,13.052782737176152
agm001147958,14.236113761032877,12.858804481631472
agm001148156,11.295153266463267,9.808312405029023
agm001148264,11.142371842175304,3.4015284433617605
agm001148340,14.004199367726017,11.222910215263786
agm001148404,12.58170061212524,7.109620209572327
agm001148505,12.489282628340552,9.680940838069748
agm001148750,8.970659774312333,3.7800818225656965
agm001149092,12.80821886840937,8.925120937938853
agm001149093,13.005250885725452,10.313917475563056
agm001149177,12.349229897259924,8.411458085769471
agm001149273,12.333659510635547,8.353550963509276
agm001149440,9.617184321520067,2.705285201229863
agm001149844,10.34016495962066,1.5787730042530246
agm001149913,12.545261453914405,3.1753174164248517
agm001151294,13.725250759819856,12.81403995557555
agm001151351,12.276162490505667,8.75102231183855
agm001151372,11.076546192034618,8.568812610629681
agm001151441,12.13335803562368,13.134188361683993
agm001151556,12.889076088230624,13.218499907736975
agm001151587,11.125343667369322,12.08588905637363
agm001151610,12.340809877036715,5.7268596668170595
agm001151619,12.481303122543904,10.453143552268678
agm001151630,12.557631447918151,10.577282012973447
agm001151917,11.955436487325215,10.80248874259539
agm001151941,12.29811556894703,12.189827652048692
agm001151991,13.091907781368201,12.290069414710253
agm001152034,13.066081536638377,10.40332978215657
agm001152049,12.885983804118895,12.266155350231578
agm001152080,11.558908777357152,9.241762898557493
agm001152116,13.15811283865907,10.76365504081643
agm001152170,11.788040496072744,11.625900364110551
agm001152184,12.90601747575133,12.127665080439659
agm001152211,13.37954742602395,11.843724898497856
agm001152223,12.615825091622803,11.892897079337855
agm001152631,10.956665235572064,2.6241179251316797
agm001152898,14.147545210815595,11.40010446189676
agm001153094,12.238330991103698,4.70100795594862
agm001153166,12.774451936412689,4.142961467261156
agm001153168,12.423012410151886,4.980349253409631
agm001153439,11.841548273719708,3.700198878146077
agm001153696,11.345574586990987,2.19583667585659
agm001153699,10.481284035624805,0.46240588550057105
agm001154052,12.19313920679022,6.964136734341663
agm001154093,13.824810575014963,9.283774391795255
agm001154104,13.883696382283562,12.972574854436276
agm001154232,15.574751234754572,14.102038754234995
agm001154258,16.10996866403699,14.021625159348263
agm001154310,14.030508136516938,12.338227261178645
agm001154334,13.978554894652317,12.27389020418052
agm001154389,13.750522020815959,12.437396540520526
agm001154480,14.07401722507807,12.259039992515126
agm001154500,14.201931731399442,12.422610333716893
agm001154556,14.887422039934947,13.698682090213925
agm001154558,14.472619094468131,10.842102104158148
agm001154581,13.321583625120569,11.934988479544336
agm001154700,13.791433914264815,12.092698453488438
agm001154705,13.724797077635602,11.891243222823428
agm001154712,14.89349514674112,12.614208670463276
agm001154740,13.238678987790053,9.264788865382602
agm001154820,11.600111005706365,1.589591203821696
agm001154875,12.7767776924646,5.902927082709471
agm001155010,13.207877689047004,5.165787196822571
agm001155333,10.29209213987283,4.042528322397709
agm001155336,10.404717975617363,4.228756397307626
agm001155873,12.882845564028083,4.196199393846632
agm001156695,14.377210353281644,14.780782332720156
agm001156707,13.869654765600155,14.235271225348729
agm001156711,14.051250880336537,14.150565787399263
agm001157234,15.303971679331378,12.973019009045716
agm001158330,13.287884347795831,13.085003493020348
agm001158363,13.134993384165519,12.96200865558879
agm001158392,13.348930777137587,13.421386530066208
agm001158400,13.428549200920045,13.516932015074408
agm001158411,12.568401014002761,10.403501601728896
agm001158501,13.4291006338721,13.325307940339739
agm001158578,12.529588918130452,7.938654981922408
agm001158645,13.037589226786434,13.017370189027515
agm001159024,14.64734010777212,9.931280337472513
agm001159193,11.918333272851063,9.841816824060146
agm001159209,12.06830777009843,10.331717962823147
agm001159244,13.333486198904952,11.909989097293881
agm001159298,13.587014309933268,11.893489458946997
agm001159306,13.01372200556579,11.237819282847965
agm001159326,12.541229812037813,10.861998323696639
agm001159439,12.241844625393927,10.593037933363233
agm001159445,12.635959970273165,10.917901780115574
agm001159456,11.661095605700742,9.549668710177723
agm001159633,12.567915526831317,10.880729070275406
agm001160222,14.751840757728035,13.767475933611248
agm001160237,14.167486425598238,11.00969785837644
agm001160251,14.586583803018344,13.404710326963464
agm001160265,14.359793353250542,13.49837269114526
agm001160294,13.669569690746016,12.560388324812477
agm001160305,13.771320393970903,12.640618201648763
agm001160342,14.646918037205012,12.589512574739574
agm001160402,15.408205557690811,12.57344889447107
agm001160476,13.943996715754798,10.250169599027178
agm001160482,14.00816263867049,7.304216683201995
agm001160487,13.569175149916374,10.060735053274692
agm001160566,13.39318650371191,12.291191909907091
agm001160574,14.767431145331399,12.72968542408424
agm001160578,13.655909382373116,12.531146126379175
agm001160851,15.143876237168074,14.462562586566401
agm001160910,14.840780267186304,13.876455103218323
agm001160921,14.32666545216225,13.596547802337657
agm001160992,13.358871886948181,12.485242012163612
agm001161112,13.724091050224418,12.94800861437599
agm001161248,13.657078896769594,12.671411688362255
agm001161313,15.841096707682603,15.231314063881959
agm001161343,13.409846884129548,12.347519424382906
agm001161374,13.346293933623308,10.008781505588875
agm001161378,13.427288962206092,7.7134347058495205
agm001161441,14.139250639214556,12.335258059943609
agm001161771,13.322514858735321,12.26870535722518
agm001161782,13.518823911713419,12.458621994422854
agm001162235,12.9524796531673,9.660713505107454
agm001162261,14.647931997044363,11.34970500136205
agm001162297,12.889126294969744,11.83871582204054
agm001162358,13.656067057575454,11.94072305781363
agm001162466,12.950587311717102,9.644291738712798
agm001162494,13.328609334374882,10.00499632389469
agm001162677,13.650889361640496,11.839766589323002
agm001162703,13.455779878025067,12.393875642220802
agm001162707,13.162276413587742,12.117647288634073
agm001162743,12.967569253570291,11.875694879737011
agm001162825,13.168857044353244,12.137915535610697
agm001162905,13.904537992609315,12.104508668284199
agm001162930,13.187900698747944,12.141553466942653
agm001169689,12.85207674420125,10.963553272903797
agm001169874,12.524508456836557,10.995037388424885
agm001170008,10.80247960766036,8.83445018376281
agm001170144,10.962404480108182,6.86582484530403
agm001170224,10.772694008302311,6.97852948087231
agm001170225,11.261834710083159,8.962095728700607
agm001170280,11.188936213044563,8.724835435384783
agm001170300,11.058472960173447,7.041350376388202
agm001170303,11.111080595222647,8.601952868511084
agm001170565,10.682486792139128,7.286545784130536
agm001171188,7.226327820507678,1.8609106193511131
agm001171197,7.063098893054799,1.688328400446436
agm001171199,7.143619264363967,1.651494202703886
agm001171220,7.102570871554968,3.5839282288067635
agm001171337,6.754863105215232,1.301394634763837
agm001171554,13.057546962835964,7.887296954923175
agm001171863,9.60599849789659,5.617565754349868
agm001172002,12.210306844866466,6.763421873651801
agm001172354,13.91088571085355,12.672147383619382
agm001172947,9.60104814656599,4.1712018771971096
agm001173065,9.579767130610993,4.137767324862899
agm001173171,9.843218706706715,4.532248918353569
agm001173318,9.701261416010679,4.33501720166715
agm001173435,9.55351605326806,3.3702637764476626
agm001173531,9.977856755448277,0.607598832700012
agm001173743,9.40269383856438,5.349987534806328
agm001173787,9.967520465872537,5.827982303235374
agm001173958,9.22615976666996,4.62285509396471
agm001173960,9.272869564034874,4.179444428751001
agm001174069,9.472243273569665,5.432280085260577
agm001174074,9.444953880886263,5.386950241460121
agm001174080,9.708185166060687,5.735217800626504
agm001174429,13.251124281844552,4.037229236440697
agm001174442,13.168958491233772,6.150003265407321
agm001174562,12.957581440917059,4.9383882099741525
agm001174886,9.51867030541859,1.9444416193790108
agm001174976,9.21481350674261,1.1500974291825596
agm001175046,9.242707485111579,1.1244642315077893
agm001175135,9.815654030968739,3.825942111560406
agm001175239,9.75112586786121,1.3042375126607577
agm001175656,11.120081420455001,6.893430374490411
agm001176236,13.206239739984722,6.071997636536236
agm001176694,12.982048012876874,3.3730090136320974
agm001177035,12.75104709392818,4.654367120377027
agm001177355,15.368171706592191,16.343916736749573
agm001177362,13.087095277724629,8.60902945727796
agm001177429,13.255259143457435,5.851232747478174
agm001177467,13.234795751237598,5.269899900918506
agm001177502,13.34579493691214,7.833347916940409
agm001177621,13.437009852331107,5.263182689390284
agm001178810,12.856659869297276,7.4005681939668735
agm001179021,12.291326696031717,13.573405971982085
agm001179131,11.03991337371704,9.726457579337223
agm001179170,11.323841803746886,11.570538807322345
agm001179195,11.40714392562417,11.56029609211101
agm001179276,12.004621384878797,13.32353847446202
agm001179286,11.628700597584084,12.627381849765143
agm001179291,11.770158020174415,12.303887467975214
agm001179352,12.580038711796703,10.9481513905587
agm001179716,11.00257654102083,11.06652458127435
agm001179879,9.84073586554259,1.99098144416696
agm001180457,11.660650045200015,8.437897650745034
agm001180489,12.928918538811766,13.637204032567988
agm001180720,14.679132074928544,15.431368537010803
agm001180903,11.955110100559194,6.86375782845666
agm001180911,12.092403201293004,6.401890739131244
agm001180965,14.944234740296613,13.768476136408696
agm001181032,11.71539033197905,6.227401815678339
agm001181243,13.278636779800543,7.777818832626248
agm001181290,13.385775878417064,6.2888327556442265
agm001181495,9.329773591398013,4.825995503528724
agm001181527,9.696276623556212,5.622293857637742
agm001181638,9.621847309794852,3.320870219938436
agm001181699,9.571458117781797,4.828196063177432
agm001181705,9.732351020472386,4.021982004059787
agm001181712,9.529496128309997,2.5474115128910526
agm001181722,10.00697257846334,4.572251340326429
agm001181747,9.5368670583443,5.2134043214152355
agm001181861,9.965741179044104,3.7533120832850115
agm001181864,9.844646395536039,5.182749758111245
agm001181916,9.634408712360953,3.3051710737672515
agm001182046,9.378688525481941,4.140434969644556
agm001182060,9.630411328927115,4.618404529448282
agm001182138,9.829752306431534,4.136376141913165
agm001182410,13.141828081750548,8.830091265606603
agm001183016,13.305202471683687,7.827781505139512
agm001183023,13.110467325617568,4.766677967842344
agm001183098,13.91695110897863,8.66176561695641
agm001183150,13.325830184127632,5.090299737629183
agm001183168,13.06098266752062,5.89826215606544
agm001183211,13.254008107429394,7.81080476289119
agm001183519,12.620380142359693,5.821620931434019
agm001183560,12.282019791165082,5.41412173278745
agm001183685,12.508828356164557,6.856924469502324
agm001183725,12.323119257356693,6.308906212832841
agm001183744,12.471718672967457,6.811562559930572
agm001183791,12.212624502886547,6.723857030769683
agm001183866,12.067865111081998,5.940868533518876
agm001183883,12.258071889148125,5.165239029134426
agm001183902,12.307537205347815,5.324245456475424
agm001183903,12.213344787417912,5.200161822442477
agm001183919,12.217200151804414,5.200521194172457
agm001183939,12.708025676635069,3.789453511512813
agm001183975,12.769743035011567,6.070803528272019
agm001183979,12.841427145970263,5.5649530043647175
agm001184027,12.548759195444353,5.045183865720401
agm001184060,12.348322487129261,5.3680226947157905
agm001184323,9.422802462851624,2.845966583507842
agm001184429,9.567021485227537,2.658751220380122
agm001184443,12.510705864884846,4.762359865151275
agm001184445,12.399661027387479,3.5194820160987255
agm001184484,9.354031153728592,2.7294538681324085
agm001184491,8.928398034129946,3.564461266157592
agm001184549,11.816357436838883,5.360609640345518
agm001184715,10.185636570263556,8.720344161682421
agm001185027,13.339900854401831,4.525071504615973
agm001185056,13.052473345053244,4.702286877688084
agm001185496,12.3336759862784,5.51045852914694
agm001185499,12.472942894477688,7.237928562108894
agm001185527,15.314193679836228,14.501203576485686
agm001185531,14.733739613392045,12.440275981929984
agm001185536,15.059451536975828,14.015796623483395
agm001185638,13.05778020442837,7.5179782862281215
agm001185772,12.477258590432173,3.5639777991789905
agm001185858,12.674917465455607,5.354573115050511
agm001185868,12.820135085973298,5.549759213483142
agm001186485,12.809231180419665,4.358791259648392
agm001187193,13.00860243149035,7.1649483602065756
agm001187517,13.076839779439146,4.401131124529587
agm001188066,9.904833997437956,7.700406980563547
agm001188172,10.198267170540204,7.761299403656579
agm001188242,10.83317326467853,9.484941756377653
agm001188245,10.794167808407565,9.438817537770186
agm001189040,9.707352248128192,2.884298382975063
agm001190347,12.833155067469411,11.34551343104809
agm001190666,12.40849151564406,15.658755275007936
agm001190984,15.901242986932083,9.81637507572684
agm001191001,12.98189943273372,12.088336656665486
agm001191004,13.952757163838417,10.227315911086825
agm001191046,14.03880984238245,14.107716498977297
agm001191126,16.47881020594076,16.347851896212685
agm001191212,13.839557777799948,12.724087303401902
agm001191393,11.854555281553413,10.891832139001373
agm001191421,12.086316622550651,10.854239038081198
agm001191573,7.792984930589076,4.8399728607251715
agm001191713,15.83900968376076,10.545280549594278
agm001191738,11.585544078546317,7.11636854951869
agm001191765,14.328269349866886,15.072551261882555
agm001192395,9.451862385285835,2.1314066374334075
agm001192698,11.397018501114667,5.0895668922419075
agm001192699,9.72287318721017,1.611570075654317
agm001192844,13.159244189288025,11.813838442246523
agm001192942,12.76313376390596,4.731331376332096
agm001192961,13.174983257007485,7.138709097263153
agm001193286,8.945421395956902,1.1352441605406582
agm001193643,15.807839236397244,18.060140224231528
agm001193789,13.840860180554552,12.49426633833081
agm001193807,9.557659666924769,1.8032234641674165
agm001193826,11.625885337325416,7.044743820983858
agm001194199,15.305612439352545,14.030531244526152
agm001194243,12.930745056637571,6.473942397204776
agm001194392,11.492839532187723,14.930474247384529
agm001194458,14.621103056528717,13.333244773401473
agm001194460,13.97680497699883,12.799613397314092
agm001194482,14.208772497371422,12.737493989339525
agm001194483,13.32578594226851,12.229048408112867
agm001194529,13.993638607233656,12.869927650233587
agm001194545,14.190808932644664,13.025976202506849
agm001194603,13.44082899730467,12.35830498792699
agm001194779,13.250307861812956,12.225134524291688
agm001194931,12.622271529260862,1.6924293258984733
agm001195117,13.652891239333593,11.623511820800468
agm001195146,13.149962722514845,10.083710996987204
agm001195235,13.608308722590332,11.826393293052591
agm001195255,13.695402889373138,11.927249941058598
agm001195282,13.377134212126787,11.552979997370358
agm001195396,13.6576720118462,12.314544939423977
agm001195955,13.083979477674164,10.760501426627794
agm001196189,11.527572911960599,9.37677654077149
agm001196205,8.209432809738693,2.568105354110144
agm001196264,11.105238139496809,6.198326841324867
agm001196298,11.623707033750886,9.528744471621543
agm001196452,12.288171817715265,8.057211000665461
agm001196537,11.774635753515208,9.699057976335913
agm001196547,11.749244745672863,9.676276636038997
agm001196549,9.814609962953442,4.2194936523135045
agm001196589,11.45809978165102,9.324435833257777
agm001196627,11.768245037033369,9.254813667735785
agm001196700,11.84111046489344,9.767630758243174
agm001196786,12.857357801448316,11.501934253556943
agm001196931,12.462283243253017,10.617272188525938
agm001197013,11.025238355566357,8.080125444419219
agm001197209,14.002664199889008,12.346234770493588
agm001197221,13.231620848544221,11.51702009891631
agm001197303,11.992605422141589,4.918326112138237
agm001197324,13.596389633353942,11.795718634228708
agm001197325,13.436105059609554,11.640344083426385
agm001197623,11.717008051599924,9.397757212870784
agm001197776,11.582623148864567,4.118565824856278
agm001197863,11.57876379670891,5.798018965704376
agm001198080,12.414984003601194,10.511361289879584
agm001198114,12.945050608611826,8.144306848386274
agm001198489,16.295238010257453,17.028285264174006
agm001199029,9.066487525363916,2.549899684624215
agm001199372,12.169581484145684,11.526059236403585
agm001199543,14.389321726040636,15.215667275872125
agm001199669,12.407776477626149,7.432783141332781
agm001199682,11.44000038410424,9.118386619813394
agm001199819,14.041920973624725,13.41235413281945
agm001200314,14.092126985495527,13.019837399725887
agm001200396,15.158789339765915,13.891834353652268
agm001200483,13.650697968321216,13.08885986755653
agm001200499,13.71550374692125,13.089577656053496
agm001200508,13.990226569045282,13.529701845669093
agm001200516,14.129077480300298,13.675250846927796
agm001200559,14.26159657322569,13.428159430798003
agm001200562,13.646559650491634,12.873529464476757
agm001200604,13.381165979343757,12.667103643652357
agm001200621,14.17544790474646,13.214044164618674
agm001200633,13.243561696000915,12.485938132700912
agm001200640,13.787359330233587,13.235903851825736
agm001200682,14.925691181082302,11.235919439950992
agm001200768,13.400429158734998,12.605901832731183
agm001200894,14.420185663306677,13.147669001194815
agm001200916,14.106446275833425,13.00312331786679
agm001200924,13.650530009736924,12.43373963359335
agm001200994,13.388327553653452,12.217390937786407
agm001201187,14.54991556189975,13.041093262154575
agm001201689,14.496853200245493,12.445879255951438
agm001202510,9.26143447359139,4.026385219794488
agm001202579,11.444471901204219,6.057741238327694
agm001202671,11.270174284447098,3.6066320627599833
agm001202926,10.718178640174115,4.398358548486662
agm001203062,11.14740022398469,6.31879136474743
agm001203078,11.190465079333718,8.444008051311002
agm001203240,11.289442335924885,8.157710652066633
agm001203241,11.697332077055728,8.732427882644698
agm001203292,11.880020245787739,9.669260117522777
agm001203625,10.59684729810018,6.927838982309673
agm001203639,11.020513750195274,7.849318935059733
agm001203647,11.708160932443745,8.480746779963392
agm001203905,12.010050294067323,10.199203901910712
agm001204040,14.543464508049263,12.750731830459527
agm001204358,14.013291599603324,12.52144998248894
agm001204422,14.518663100496608,11.947894967966953
agm001204558,14.708238536576067,13.444111082844602
agm001204881,8.00307673463351,1.8068823357168453
agm001205050,11.053614324329894,2.73693030763825
agm001205155,11.794115129824922,7.209017427438626
agm001205312,11.20278443184321,8.03777875921171
agm001205355,11.693351686882815,9.627747638248108
agm001205442,13.322355801021281,10.073554185375178
agm001205545,12.705427251582702,8.565025920599645
agm001205853,12.537501912006919,8.640100534466749
agm001206161,12.890476522587392,11.075692126242233
agm001206313,13.871741829993567,12.419864431285967
agm001206324,14.10408288091659,12.30130400309853
agm001206407,11.856628957105249,8.796179545982646
agm001206653,12.868476456578154,10.71647454084731
agm001206668,13.38873675874504,11.175656212292251
agm001206810,12.858423307598555,11.39513889459728
agm001207010,12.894412401762187,7.256065552013181
agm001207133,13.68199173092861,9.623137821757458
agm001207178,13.796444904224998,10.812810955012656
agm001207244,15.181620856341365,12.384764339257757
agm001207246,13.025441403570166,9.762964680768233
agm001207328,12.826251493271842,8.363503285991758
agm001207657,12.485805011087027,5.331388929089897
agm001207890,13.019462150155404,10.91245409785411
agm001207991,13.830038906632925,12.73893756230646
agm001208593,12.383313673960217,2.421656389942923
agm001208730,16.176294913002693,16.214058304053633
agm001208773,13.747192982185215,12.013121701636418
agm001209023,15.89321397013624,14.859634133079952
agm001209031,14.780929119151747,12.86366571893508
agm001209047,14.544612151936763,11.935544099355518
agm001209077,14.624280682330337,12.338939947509216
agm001209131,13.691012252673453,12.025276042351932
agm001209134,15.658074711603819,14.83649186708516
agm001209143,14.866192039254368,13.47169683559349
agm001209178,14.384273350320353,12.8023598349549
agm001209210,14.4134376353347,10.630946255840332
agm001209249,13.96439759026808,12.168807237437317
agm001209256,13.859430784577832,12.088163633064028
agm001209276,13.889953620219583,12.073281574092716
agm001209278,15.090166862174696,12.711688737006927
agm001209294,14.618634414704633,12.391889646585033
agm001209315,13.967214743041046,12.479916648254614
agm001209477,15.014654184901397,12.135170310912827
agm001209484,14.79243577529187,11.822701245328934
agm001209507,13.915301597282841,7.767526827344433
agm001209512,13.575788710664552,9.690446979118857
agm001209618,13.869735428000574,12.292781123669455
agm001209626,14.94186630891912,13.405161531894057
agm001209659,14.632191192171387,13.363845392480295
agm001209732,13.577654091026597,9.733004936098096
agm001209734,14.338975035468373,13.85931386396483
agm001209745,13.690423766720427,12.080852992130632
agm001209775,14.090748322990175,12.44661979753317
agm001209797,14.126081337216112,10.855780248562665
agm001209833,14.31635441436568,13.011357042712564
agm001209983,13.679468800814798,12.48980274700047
agm001209998,13.22245147173524,11.54892045140909
agm001210333,14.710400610279024,13.195744266787054
agm001210349,15.35009408963839,13.505904634688793
agm001210406,13.781350247195212,12.55673173519755
agm001210564,13.297974419091934,7.448386517623785
agm001210724,14.330814131135138,13.100897953705612
agm001210830,13.549663436156994,12.388859678033072
agm001210846,15.56765673175463,14.983351375564077
agm001211219,9.86200255251938,8.896396679361475
agm001211252,10.319500523764434,9.702248002128513
agm001211305,11.283743506971243,5.493835247676211
agm001211360,11.246025426731753,10.023589818027496
agm001211457,12.697884539699963,11.998335971726261
agm001211578,8.811564234095725,5.283673543226799
agm001211610,12.833523238039737,11.790559316807459
agm001211622,11.91733245832831,10.932122386917179
agm001211730,11.829966862325904,10.52275308624071
agm001211914,11.880988540394076,10.792432386793976
agm001211932,11.185319749181883,4.0418512751030065
agm001212197,10.367823457134849,7.868168667037551
agm001212279,13.212141895970007,12.286763767552223
agm001212353,10.655572749116418,4.316407898234283
agm001212504,8.780195063967314,4.584551585918042
agm001212541,13.138753083658893,12.188303210218082
agm001212729,10.90709500172385,6.490444904117185
agm001213080,11.574561049131141,12.487144402283539
agm001213156,12.51197963993159,11.701371530206186
agm001213257,11.603521052438884,9.10045036732139
agm001213267,11.80466709575216,11.445765294255082
agm001213320,12.980762548267656,12.198250252964247
agm001213345,12.294445915671961,12.190367178857274
agm001213352,12.243173119397486,12.029374153668506
agm001213426,11.878137443642535,10.657176486636317
agm001213439,11.73682578862678,11.119159535295152
agm001213467,11.628446963630452,11.772941802570454
agm001213473,12.371578675497874,13.5899030875505
agm001213510,12.094839937658056,11.383415573024001
agm001213605,12.07417491189064,11.003367555466207
agm001213663,12.356601202946564,11.158386217560253
agm001213666,9.612914860991022,4.644925867602064
agm001213674,11.726738154094136,9.707074763924345
agm001213993,10.563263553547907,7.268060088660912
agm001214022,10.69078059252673,7.655620981831095
agm001214040,12.5899200760894,11.515015023366685
agm001214221,12.646805230728695,12.213427864780366
agm001214227,12.918748102835844,10.974565419717997
agm001214440,13.425112857161482,12.81378689337156
agm001214485,14.388430116628477,13.077893061630116
agm001214525,11.498220199895657,7.00802280756565
agm001214735,13.543401286563462,11.822661341725766
agm001214866,9.789666820769625,6.876376610773006
agm001214871,11.554383711648267,9.408131476158315
agm001214914,13.570119900672612,12.316087518017065
agm001215006,12.417447136661275,11.840543503483163
agm001215011,12.663974464739558,12.007412237927175
agm001215669,12.309836836642358,2.469104031399022
agm001215671,12.358688569793872,3.6822683288036924
agm001215872,12.336468856944915,12.388953927068147
agm001216089,12.370961969324723,13.306354805665384
agm001216157,14.014011589575153,11.554968480333633
agm001216256,13.270040642477023,13.71123385607884
agm001216412,11.842771128707955,11.300397621843251
agm001216413,11.842107955518319,14.550317698470797
agm001216506,14.426547302435893,13.286117418159103
agm001216595,12.09788648134175,11.62872384647934
agm001216640,13.681808373610824,12.158059405692095
agm001216732,12.759022115535691,12.918619514837843
agm001216808,13.307302921331278,17.149174855937584
agm001216903,12.250789814287945,1.982045651639595
agm001216907,12.309645069979625,1.8555497843097033
agm001217017,11.401867199512834,2.6139977925371767
agm001217174,13.755069313889745,12.707849252653737
agm001217177,13.796346892275276,12.731345502082021
agm001217252,14.023287798049873,12.91612134859176
agm001217344,13.358367964352695,12.354170399967515
agm001217346,13.449617582825958,12.408469043954852
agm001217417,13.352352578813301,10.00534570241662
agm001217516,15.052936704566957,13.58224019126906
agm001217533,13.802244467708691,10.38734604600811
agm001217625,13.846040616165407,12.37348152981227
agm001217900,10.071178397477713,5.122484362554042
agm001218025,10.847660475292049,7.4599577080421735
agm001218172,11.534251795368851,2.1701706914132934
agm001218270,11.728657767761053,7.2655340395295
agm001218289,11.757976771018939,6.95818206643688
agm001218453,12.762749707357813,3.6217583013154933
agm001218668,11.834990635831824,7.873785806866254
agm001218673,11.608965924562348,9.120569920382737
agm001218692,11.667819579112859,7.6521909212173895
agm001218770,12.653026440977529,8.610672243206723
agm001218819,12.020021672994764,4.556793573593097
agm001219014,12.68785395068336,7.731191950920849
agm001219015,13.033429665494104,6.842215123927065
agm001219261,12.7622697844493,7.128330888825207
agm001219309,12.963763775473517,10.690331576336995
agm001219453,12.28911057719839,7.81040207542773
agm001219686,14.682415131384815,10.502913493822142
agm001219768,14.519030669934779,13.011331327917858
agm001219769,13.493876184323131,12.475110740810148
agm001220019,14.408510007720778,13.653043391186062
agm001220077,15.510754540666118,15.0416576110138
agm001220108,13.343708722794393,10.647654092691075
agm001220159,15.210183763865283,11.973223077467702
agm001220192,15.091173607666214,14.248493761767035
agm001220198,15.680103838633665,14.67685423653459
agm001220209,14.690729412299133,13.447987972921394
agm001220246,14.270236267010356,13.101369397243424
agm001220351,14.587398844109472,9.033184626401601
agm001220385,13.300670543400896,7.653371942971399
agm001220391,13.467779856704004,10.108735183237137
agm001220431,13.320534310133159,12.349374014311413
agm001220439,13.93910166311693,12.455524294149784
agm001220455,14.62321773837394,13.389453039200927
agm001220498,15.203196706688791,13.314709376049072
agm001220518,13.909512298470073,12.810328887517473
agm001220566,13.653852406396156,12.585840064801387
agm001220619,14.194660238331606,13.080670895160678
agm001220821,12.537798302611145,5.87237265207216
agm001220895,11.985648768878889,7.623944371740086
agm001220899,12.396586654371157,7.292482295371629
agm001220969,12.184694653848679,4.860328278272233
agm001221068,12.552474570309608,7.434719833446836
agm001221069,12.677919568345983,6.520211890481706
agm001221298,12.668569225451206,3.2165941520388284
agm001221346,12.359957348629564,8.250991831815146
agm001221490,12.10099470705948,6.159315080855437
agm001221542,12.039363772277474,6.077350715778477
agm001221588,12.243472732770199,4.244834222177166
agm001221666,12.265739359301707,4.798946415749748
agm001221787,12.13567744499853,6.390167875446373
agm001221860,12.54361371796357,7.358935399480577
agm001221867,12.422496338682002,7.08606535821767
agm001222204,14.648050637417628,11.263838998123788
agm001222397,13.604553722622594,8.372068045889298
agm001222836,10.515060355589002,4.599685744409513
agm001222887,10.94651334342963,7.658161563161093
agm001222913,10.553661896970715,5.638869653748548
agm001222936,11.97732587036707,7.170988289462571
agm001223363,12.915538656144196,11.644348138602624
agm001223445,9.958776411833133,4.780632617686647
agm001223499,13.351058420376438,12.081560987562897
agm001223508,12.191582399137495,10.75325227047844
agm001223719,12.501428280840837,9.192061340281166
agm001223721,13.308639688964767,12.01445876077859
agm001223744,13.264737020732877,10.977220332654966
agm001224000,13.082012432418118,11.61487899946802
agm001224030,11.614976015255266,3.6087772683332116
agm001224047,11.364030645595376,3.0206270542385436
agm001224294,12.300493184103374,10.108826778483563
agm001224340,10.62641607854532,7.674168342176202
agm001224413,10.448352671643335,7.016855807829584
agm001224815,9.719226161146672,3.115273540891886
agm001225390,13.307435938488268,12.262255690485313
agm001225607,13.204626306902233,12.133078531465062
agm001225622,14.521954537828377,10.746558316015426
agm001225639,15.43799579130191,11.941630081548766
agm001225647,14.059407914433582,10.074999361682567
agm001225648,14.105816491971582,9.050025978211094
agm001225716,14.08617971116076,10.126513504049287
agm001225911,14.094599705860556,12.457289727417924
agm001226124,14.940919873648669,11.726012505247546
agm001226301,14.632152662395248,12.439391019497645
agm001226308,14.705318740045264,12.521471114548323
agm001226310,15.063029593880694,13.079842758815115
agm001226318,14.183807992930433,7.43347086683079
agm001226379,14.06185025121869,7.311942752542979
agm001226428,14.763872155772445,12.63771509854851
agm001226572,14.94347588475621,14.564100061713486
agm001226823,15.302332440362925,15.545331365733727
agm001226896,14.719750604850965,15.210977599187741
agm001226907,15.811390230209836,15.177095370965862
agm001227051,15.111853343733888,14.268768348124306
agm001227154,14.005384696489113,12.47183711000662
agm001227260,12.939798828257091,11.869830237213217
agm001227280,14.240034329149553,11.422927184102754
agm001227364,15.18238902209121,13.283087743354479
agm001227666,11.776664805389615,2.3482464274904533
agm001228089,8.973095760442675,1.6052937466880053
agm001228282,11.41487654910362,4.6166450370364505
agm001228451,10.886775964982773,1.5927867564729166
agm001228534,10.489523997688035,5.593058034553527
agm001229021,9.259303392380462,4.801136318411356
agm001229187,11.375649117559224,2.2204360392061417
agm001229194,11.399941837855652,1.5264932757402487
agm001229258,10.882563006740208,0.6783066614972952
agm001229294,10.21057573679552,6.048479708082224
agm001229333,11.333531123444306,6.340947643138762
agm001229371,12.518154213794089,8.403044782266537
agm001229661,10.044135254706779,0.7601621513086982
agm001229673,9.792601346528937,0.5901601964607845
agm001229884,10.26389315544613,2.13596640420133
agm001230011,7.957290967321858,1.4507473547039762
agm001230213,9.357645166322659,1.32765329201475
agm001230237,9.830521914998796,3.251744852934399
agm001230448,11.425497202605682,1.4341755196588792
agm001230509,9.189772075833158,6.358107194710863
agm001230715,14.124457793836962,11.649172463487622
agm001230730,13.230932581004698,9.086236540698847
agm001230732,13.169303636065655,11.377360073816961
agm001230735,13.863421494005818,11.91065576516275
agm001230750,13.352464086127064,9.227988569726005
agm001230789,13.1417265140258,11.401047951633617
agm001230798,13.904575289386292,11.986377735870946
agm001230803,13.5725993846778,11.73200359907175
agm001231147,13.888157805705783,11.92870965303872
agm001231149,15.274581964366584,14.448058103886352
agm001231168,14.156059776690295,11.9546913851556
agm001231190,14.068157320914798,12.040271150969655
agm001231316,12.573809200976507,8.081904971150148
agm001231356,14.644641420000186,12.716639480317248
agm001231374,13.89963381380625,12.441337956857879
agm001231378,13.459852384973567,12.036539536780284
agm001231380,13.489322658585188,7.373153943127139
agm001231391,14.839682412896419,12.968620436491449
agm001231413,12.183992219588076,6.33056593116981
agm001231473,14.099074436316782,12.918709000345725
agm001231543,14.030302287065203,12.077767758640626
agm001231632,12.592523303503478,8.887984567366807
agm001231741,11.761006394755565,10.475653208498604
agm001231945,10.975661621759883,8.247778334890134
agm001231965,11.961536693103694,10.961940202927893
agm001231998,12.729120967180677,11.08960482784853
agm001232135,11.4526126996925,7.7340208866483575
agm001232139,11.958030185966019,10.499092334638174
agm001232197,12.878393105558384,11.376647986967098
agm001232428,10.734118989928392,8.722575117529749
agm001232463,11.673709590264176,9.985278962006095
agm001232660,12.203799761108701,10.74024036360398
agm001232709,12.282018166287607,11.33851964705449
agm001232788,11.90033666238411,3.9335742612914597
agm001232846,11.893761945977815,9.411837707442517
agm001233025,13.578645550240317,9.82462067970909
agm001233101,14.183709981180716,11.731655649263484
agm001233129,12.47068625818755,13.287271218241491
agm001233145,12.828093528642496,11.911597162271908
agm001233209,12.126471250439574,10.19476643326631
agm001233232,12.166745542416798,9.850236402737016
agm001233520,12.225112153749762,3.430751444138272
agm001233647,13.452653303611713,12.363075302355861
agm001234809,11.856007659389157,1.3746338680686705
agm001234837,11.759774429584596,7.951842773438692
agm001234846,11.54792353156178,7.286208319228005
agm001234977,9.750061496945909,6.107344553970505
agm001235402,8.165084594732537,-0.22171119291667316
agm001235421,10.673049632521526,9.63852368679119
agm001235682,12.564210372673406,9.937471905466209
agm001236295,14.043757660197384,6.421842040046582
agm001237278,15.491311307871328,9.561562891303572
agm001237967,17.168821255528623,19.791645466195046
agm001238146,15.891861274166383,14.877896281168978
agm001238221,10.925113002236012,5.1831483281272055
agm001238849,7.930374406791933,3.9361224965251496
agm001239551,13.580652777940742,13.626284400604213
agm001239572,13.841619186997884,5.70330606144897
agm001239998,14.64442355782814,15.06349676857464
agm001240372,16.92220854408379,14.250904363826743
agm001240691,12.64402953453372,9.002891576648052
agm001240984,15.11326099529483,14.442222167834581
agm001241570,17.494734171757116,19.604868202033774
agm001242732,12.169327634668559,4.601956570455414
agm001243094,13.22077277055235,8.294739375352567
agm001248997,14.18042784433847,10.386620607920888
agm001249158,10.85963633808318,2.4307640763026868
agm001258149,12.189294939691202,6.886205710762316
agm001258184,12.231781322106025,4.508056111858863
agm001258510,12.415940393643753,9.116330052985743
agm001258526,11.904301461815114,11.586396170668449
agm001258570,11.662931384227953,9.111569469279873
agm001258611,11.385405526820875,10.752255059368286
agm001258629,11.578642432680516,9.41124444774262
agm001258840,12.62798119199821,8.642085051004067
agm001258844,11.90942561227638,4.654319185536399
agm001258866,11.146357403005458,8.020048203817092
agm001258878,10.127184127789603,6.838743121284328
agm001260330,12.565317993837512,7.872645598184252
agm001260503,15.094205845673843,12.56419514087955
agm001260592,12.037653409874904,6.556032371850871
agm001260604,11.244101173046163,5.7923432010242095
agm001260825,12.290352369170265,7.405088017220599
agm001261212,11.13055531771487,4.836697502560086
agm001261282,11.687657183953524,8.011258757941375
agm001261291,12.132023925028726,8.492858721254938
agm001261317,12.043395075219971,3.8616636457998843
agm001261372,10.113414200488355,6.712383499972735
agm001261379,9.439903783938629,5.727109940991812
agm001262168,13.847958829897768,10.856034449888213
agm001262402,10.810687458581327,7.654167051393261
agm001262842,15.280355473797078,14.064577773564743
agm001263003,13.258387563228359,14.331206715764742
agm001263023,12.869899143097648,11.584576089448774
agm001263131,11.465909861743633,11.013246363710422
agm001263272,12.300540420967325,12.020860890436625
agm001263273,12.200693475616594,10.28613824849843
agm001263455,13.82384407321569,12.211943496848319
agm001263784,12.887278516781171,10.918905965747
agm001264050,14.184122335056918,13.759767442135848
agm001264317,15.980620827021006,15.472149748133175
agm001265113,10.036318534791173,5.894834911518072
agm001265501,12.65112145066904,11.00767925949024
agm001265650,7.443166148494625,3.8372091066035225
agm001265793,8.655714671444398,4.743296990838776
agm001265882,10.836055828773764,8.059345989178444
agm001265922,12.060781017164132,10.872905979015252
agm001265966,12.496013267136837,12.517330139752
agm001266154,12.840608040471507,11.46465059148455
agm001266202,15.423393483693005,14.27557439720067
agm001266508,12.216215052502248,10.68266611285057
agm001266535,13.747345132208805,9.687022456593288
agm001266601,14.20265913915536,12.620197521294484
agm001266608,13.912744320845773,12.272596172384583
agm001266843,13.022462141042586,11.814830650649052
agm001266982,11.332095777794656,8.051730566565652
agm001266996,10.648915839790645,7.160319274696857
agm001267198,12.190984143427967,8.004541083920564
agm001267457,11.36616669594413,9.682204965845981
agm001267489,12.524896634803957,11.409316365556196
agm001267515,13.129930524049202,8.826870816210432
agm001267517,12.334531721634916,8.027000403636215
agm001267584,11.895710716474971,5.802311025639535
agm001267704,11.378534519120727,6.233536292978932
agm001267734,9.617655136830091,5.261799179719719
agm001268038,14.727781328982532,13.704532078175824
agm001268192,13.11096206042383,11.869068352566728
agm001268634,12.24947997344808,7.049242297394031
agm001268897,14.39614982709214,14.127609887441276
agm001268903,13.13741518884551,12.160726226581739
agm001269214,13.247668753777651,12.646014651972628
agm001269217,12.496645484592628,8.724791640608343
agm001269227,12.499644376967003,11.814139028057497
agm001269356,9.81289633800587,7.025599800088503
agm001269944,12.257686785313247,11.014335510297416
agm001269993,11.599507092306299,6.561774878472164
agm001269997,12.147636810033136,10.235741121909482
agm001270170,12.145316348746652,11.680465754214673
agm001270337,10.645435224775445,5.81459650200965
agm001270530,14.325748208428712,8.71687841041785
agm001270676,12.337468235876843,7.3518111843983975
agm001270705,14.465602357649397,15.229528055686261
agm001271418,13.041400131840227,10.353318095341201
agm001271441,13.15657374437717,10.476908997499294
agm001271790,14.13141382120533,10.53003459305806
agm001272294,9.398776344646182,3.513683040509246
agm001273874,12.669812702243213,10.840601434388324
agm001274131,12.298030566605846,0.8845354338267768
agm001275813,14.339830881441799,13.022791404309322
agm001276125,14.482396822860737,9.329043209656485
agm001276163,14.588617144554151,12.488027840147438
agm001276170,13.400410272582105,10.720440304632154
agm001276177,13.967717719743712,9.756041228472201
agm001276290,14.05222042951619,9.820504230863149
agm001276296,13.744814045701006,9.576009572754883
agm001276503,13.00719130565097,8.966283400691998
agm001277063,9.323653451888418,5.55202791780309
agm001277190,7.758741953138936,2.7532862637692355
agm001277205,9.715704806462668,6.210037999475566
agm001279087,10.559468312242723,6.356591132535403
agm001280062,12.516582560731429,12.990241705631567
agm001280088,15.47884906755844,14.470423239060196
agm001280102,14.581919554716338,12.165554103616998
agm001280138,12.141459576254254,10.391812695925754
agm001280216,7.0792036978612,7.19378484108511
agm001280254,15.563358911890067,15.984904760482822
agm001280413,16.967296688860323,16.6428773678511
agm001280421,13.616179975453033,12.559874277610355
agm001280757,9.412047427084879,7.7036479211628635
agm001280786,13.574799948203255,10.837197741525541
agm001280813,8.920523371266496,1.7952932783563007
agm001280851,12.142652292547092,10.670229110141852
agm001281097,16.23084278767562,18.701467913929463
agm001281277,13.016054985349953,12.064741490804089
agm001281307,13.122427982821513,12.106196572291053
agm001281337,13.141855200496652,12.133013541955775
agm001281718,10.724008873273293,4.047053603566324
agm001282042,10.117943074853747,11.690846926895402
agm001282045,11.87398406969396,10.971300196172336
agm001282594,12.93878071882846,10.954036134560127
agm001282671,6.5077511215650485,5.83414873936714
agm001282688,12.447588535314202,10.346322719031996
agm001282740,7.09141443667695,7.142867835313166
agm001282834,13.544706259476463,13.796473121017248
agm001282850,10.471479535233255,13.533060161238122
agm001282861,10.457735850281713,11.739656070950968
agm001282900,12.423719430885214,10.984702738933047
agm001283159,15.704618125695891,15.784628081441616
agm001283354,12.523750397172575,3.427583822270268
agm001283470,16.0284100094662,15.16904455404565
agm001283703,13.251051648872776,5.042769476300627
agm001283818,13.624697204663981,12.558926589748188
agm001283833,17.034675000939313,16.684480782611885
agm001283889,12.811113083388923,11.853165344827072
agm001284002,13.955234374504766,12.11902537121277
agm001284866,10.033164372890647,2.0279909361954545
agm001285511,13.198268435929934,11.274918464335792
agm001288248,10.60252704604305,3.560380480608254
agm001288294,10.324077672513587,6.840354938074196
agm001288302,10.538908126393622,7.056465666834946
agm001288353,10.08242765258521,4.426619155236375
agm001290891,9.770118892212487,3.642759982651315
agm001291082,9.158543572850057,3.3408660391462774
agm001291270,10.324609766508678,3.7210840021286096
agm001291315,11.456355748749415,1.294364932389021
agm001292002,9.502767172764552,5.539984994165918
agm001292640,9.433330047984727,2.818351332961319
agm001293365,9.499755380284201,3.1393972539983324
agm001293411,9.065965210532468,4.971816637881812
agm001293966,11.785010232931313,2.1553989312481914
agm001294122,9.651918992828334,0.8373549636155122
agm001294416,10.839273317574355,1.4298128158437304
agm001294827,8.722438006102356,0.6075240612853658
agm001295563,9.604595026052674,4.909806887760485
agm001295660,12.851683092624274,4.814294945872717
agm001295669,12.714741928398352,6.9153245733964575
agm001296232,12.642245700509596,6.941654688502785
agm001296235,12.443916304936813,8.990674158422072
agm001296252,13.011852456812269,9.057510493188344
agm001296935,11.88669899396272,8.4796542207106
agm001297404,12.334351182864635,8.940461228230664
agm001298350,12.21611018764126,8.335363250391365
agm001298435,9.406422271263084,6.962630230705564
agm001298616,11.713798894916154,8.174776886637115
agm001298961,13.011133684752584,9.476545334948819
agm001299412,11.952892052381873,7.416682174224256
agm001299546,8.99811793704579,5.702478293535851
agm001299626,10.254367661953621,6.513997448364446
agm001300435,12.271639884409895,9.216984852693601
agm001301082,9.268036328583994,4.0983447828219095
agm001301143,10.882803611654891,7.299129761518374
agm001301207,9.169658316651018,4.297961084251845
agm001301294,9.053265445454068,4.203957973808992
agm001301350,11.546745953358599,8.543242191366046
agm001301400,11.933202880220495,8.653224924648315
agm001301624,11.620077190358186,8.67518265674455
agm001301858,12.917137248472441,7.334831978385203
agm001301872,13.216583943027677,5.422669357695483
agm001301903,13.071050231909485,7.544540257612459
agm001302668,10.021795680740146,5.991501262338362
agm001302821,12.71026836779665,9.179890075011903
agm001302822,13.010183327050655,9.592031031327982
agm001302831,12.394525766392112,8.766278250071109
agm001305331,8.12598927209557,4.3968601163002745
agm001306706,8.566327948727386,2.1232516327986968
agm001306997,8.05301180431695,1.6298069331373926
agm001307650,7.913454289584675,0.5794388717304155
agm001308033,11.869817451097186,4.968293397446919
agm001308218,12.65780610048088,6.350451203670808
agm001308270,12.461469246816712,7.065961788549876
agm001308803,11.10263375157859,5.8582225099825465
agm001309233,10.939512425200542,4.796101175610289
agm001309848,9.750409046150027,4.060835310912612
agm001309861,8.949623009821826,2.954795065681761
agm001310419,11.188260722034183,2.5751895036018073
agm001310506,9.762196878355786,3.9265614651762597
agm001310810,11.041125378148061,3.436751823027528
agm001310811,11.031990319694822,3.9863591686083595
agm001311188,12.158255955376966,6.45637044470589
agm001311964,11.157813746393726,5.518301940823925
agm001312084,11.133176967104205,2.212595881255412
agm001312201,9.77061495032881,2.205025362066392
agm001312428,11.367929039176726,6.039656738806366
agm001312529,11.650790871999005,5.457391585337589
agm001312770,11.194971136866611,1.5922999891025391
agm001312786,10.837441637696191,3.6869509075216502
agm001313797,11.276607401254017,3.515074960294033
agm001314183,12.0919918079391,6.400334151873343
agm001315431,12.891075180347784,12.008480455383769
agm001315528,12.541058833843076,11.239579705434023
agm001316618,11.737039273018672,6.622335226507239
agm001316621,11.612343610493234,8.741515387836918
agm001316644,12.00702620304349,9.962547103767843
agm001316647,11.757301357849643,9.542318618152432
agm001316807,12.0630371754114,8.318108931120072
agm001317079,11.97475463964593,8.828039672698509
agm001317117,11.36576441111844,9.800804333155499
agm001317132,12.326285994224687,10.402567330230834
agm001317137,12.794730224499716,10.9853932859249
agm001317247,12.83568073077346,10.008204504497737
agm001317286,13.918229345506925,9.567244667166547
agm001317294,13.80210455681439,11.717216650375676
agm001317325,13.007033588669552,9.639162462577955
agm001317529,12.449705786183165,10.081159311427548
agm001317833,11.711773007507782,6.665866161246422
agm001318168,12.224513612234393,10.547151360882824
agm001318505,12.985077855986383,11.313780428660218
agm001318578,11.632198118478193,10.560268460912717
agm001318850,10.844838211431744,8.0417744965872
agm001318970,13.154222485938723,9.266729756644413
agm001319179,13.808566324686769,11.625416481961171
agm001319181,13.91369203932258,11.75680539628539
agm001319279,12.598174181852741,10.068357275410795
agm001321438,13.52560229127129,11.342441103716125
agm001321440,12.804772810205735,10.520444609423668
agm001323207,13.054679460490112,13.14002069013536
agm001323298,14.406815218877993,10.548357577439438
agm001323338,14.529640686990295,11.805902156831396
agm001323540,11.606254611027133,9.892472640165485
agm001323541,10.735430790348989,9.166202523056182
agm001324184,9.924702570429728,9.780072417738042
agm001324202,11.020321475848446,10.67583251720189
agm001324508,12.547315468155531,12.524329848547643
agm001324601,14.252957855233493,13.261731091711837
agm001324616,12.950501056965825,12.065908869538253
agm001324709,13.019613690847462,11.710978971758799
agm001324713,13.123482915928648,11.841835436407257
agm001325459,13.48465978075439,12.27211506453942
agm001325496,13.691730816638092,12.397461313117564
agm001325537,12.49200943192603,10.98561538274095
agm001325700,12.233391271184768,10.74748178542976
agm001326034,12.264547488661625,12.301638338155035
agm001326096,13.317930558331234,10.421076653306221
agm001326146,12.847334868390535,12.045780745374593
agm001326426,13.279770447750234,10.762541933538504
agm001326475,13.03765177705721,11.796284372055124
agm001326782,13.306385331472177,11.559196349758986
agm001326914,11.143875903997028,9.739123471533428
agm001327039,10.659360225994295,10.485632990739127
agm001327045,10.858790874698864,10.695367457259534
agm001327051,10.448318543029485,8.790312913739097
agm001327087,12.405347279194372,11.679647872611921
agm001327170,12.048759279326578,12.45899590559693
agm001327871,13.438646946285242,13.017399347270395
agm001328047,13.388703260375973,9.453290703736183
agm001328117,11.863424434835059,10.762414940292306
agm001328494,12.668820515044425,12.269428637450199
agm001328605,14.59210824837755,15.734313102894385
agm001328701,14.23580121629592,13.680568162494824
agm001328760,15.427687171717528,15.02761369814418
agm001328798,15.060364267265436,13.556066823036714
agm001328802,14.047980944801632,11.804181931643914
agm001328881,12.01062871030966,8.144192471006843
agm001329427,14.073134512733992,15.485055679331094
agm001329437,12.782603751905347,12.574518692450631
agm001329638,13.96477918363957,11.908839778645905
agm001329653,12.928763257473625,12.569376427585713
agm001330108,13.376628869939598,11.874640900633736
agm001330202,14.557219229687366,13.526312543866865
agm001330214,14.096004891538247,11.799223492452128
agm001330304,13.837120127729733,11.498735532718852
agm001330842,15.022127724779711,13.730674292252058
agm001330848,14.771922545745143,12.243179656263768
agm001330887,15.615368427248693,13.660597533654444
agm001331546,14.464860570768982,13.983100512822475
agm001331706,14.454394415547148,13.91910004057325
agm001333329,15.04163311798898,14.700490828971262
agm001333369,13.587137791130036,12.050892364932494
agm001333417,14.832923888957342,12.893445391124251
agm001333472,14.306476524484195,12.172689578259043
agm001333493,14.297385839251842,11.037956743815414
agm001333518,13.608394241260166,10.192880037039762
agm001333642,9.497640289502154,5.650160284869999
agm001334857,10.519335370752978,9.134674316175621
agm001335385,10.755940524979811,6.028887487046324
agm001335409,11.669890526469441,5.339815192935644
agm001335534,11.694674492818669,8.551803671898648
agm001335843,13.121561082322778,12.163619350781598
agm001335878,12.098778217009158,10.996587694372463
agm001339216,14.188267969786748,10.288904692661333
agm001340268,10.82945093502965,8.905475712806421
agm001340305,12.137229767769504,7.393646566787039
agm001340473,12.575103430263331,10.4215885522317
agm001340512,12.65609275618601,8.22693869927818
agm001340516,12.41199867181836,7.896944486855178
agm001341023,10.916066943685916,7.521149684511421
agm001341036,11.192010099936168,5.611506166544926
agm001341037,11.159705824435308,5.557388722830774
agm001341059,11.025668382431238,7.647867705646632
agm001341155,8.502162937581403,5.429442762247329
agm001341597,11.59324091507283,9.184139644853092
agm001341602,12.007903011278868,7.4362675509182345
agm001341663,10.038578782056582,6.623345826874177
agm001341706,8.986103918874575,6.0876428255168396
agm001342073,12.21712467376031,10.642861038428903
agm001342137,11.935715585924445,10.193663442694888
agm001342162,11.353564401852461,9.46594860595177
agm001342217,11.519790190024667,9.654001359807628
agm001342851,10.606707765866345,8.619382027914169
agm001343801,10.877792552071488,4.716158780161088
agm001343815,10.948492424777763,6.228617470093223
agm001344623,12.30641759572257,9.080236000659358
agm001344669,12.107385297522699,6.486205236096115
agm001345590,12.28475610853486,6.149080624730445
agm001346343,10.823827700100336,7.128509398452323
agm001347216,12.699844751829714,11.075110618671873
agm001347235,12.758717619489927,11.14478839755244
agm001347240,12.824610576204291,11.217351008359097
agm001348665,13.213955223181966,11.370155757246552
agm001348703,12.986896429586379,8.712714127208029
agm001348719,13.010041683768478,11.049752215250127
agm001348754,12.629743606709868,8.268994231125511
agm001348977,10.311624171643192,7.869764792145439
agm001348984,11.625074561608699,9.475939174965152
agm001349204,12.572330707046483,12.063073383934936
agm001349244,10.941565582578422,9.034703307300395
agm001349274,13.50640858763919,12.348160841488058
agm001349277,13.093956035302906,9.553809237915102
agm001349371,12.323782398917468,8.51586356170884
agm001349376,12.526530974994746,8.794030036720482
agm001349389,12.147609059605493,10.58878134720577
agm001349938,14.066395666366006,9.54548209972328
agm001350012,13.72585980198421,11.455507609740856
agm001350094,10.820103618387016,8.898021386348315
agm001350100,10.937428530726967,8.756184165699448
agm001350121,10.735532918623182,8.64037333641301
agm001350436,12.102864851980332,11.231435859116889
agm001350568,12.060869293212809,7.233806773039067
agm001351610,12.618044171166291,11.414696997513424
agm001351794,14.982565499905327,13.622823584026937
agm001351893,13.805335156185523,9.884466801002334
agm001351933,14.252112432876087,11.530002044476834
agm001351995,11.54125834681234,9.021701589591782
agm001352263,13.261766814260168,10.40848390814869
agm001352326,12.663205134610818,9.612186410376166
agm001352332,12.83178188183668,9.848833111723284
agm001352848,12.4922196392737,11.559587267229382
agm001353220,12.902891670882282,7.001776055267301
agm001353438,12.816441388499173,11.869724611140926
agm001353535,13.321987834547484,12.046294135227612
agm001353552,14.349173373015281,12.76350363311107
agm001353554,13.673357209041129,11.968778315149713
agm001353633,13.43823154766164,11.685779173865233
agm001354184,13.635504204230067,12.431371546161543
agm001354185,13.639509364288388,11.261576756519586
agm001354286,14.647747214571874,12.742845351432111
agm001354335,14.419118542157715,10.212357829057526
agm001354342,14.214862298678055,8.73392133654129
agm001354369,14.011461153927819,10.816461544113043
agm001354604,12.164815695458186,10.183051893034847
agm001354653,12.821043252479061,10.967465274985932
agm001354999,13.895836697740785,12.698129766958242
agm001355018,15.019579814340275,12.009974581266418
agm001355039,13.528540509346742,12.251143619708788
agm001355540,9.937162859364316,5.166955476744317
agm001356999,10.729791862134215,7.756283488852521
agm001357178,11.05144666236406,3.7203382785354915
agm001357468,12.100942905386361,7.050673595702564
agm001357544,9.811457489836373,4.85784719364171
agm001359910,9.366013282057608,4.719489474496232
agm001359971,11.679286393156138,9.482432146420102
agm001359977,11.507621537154497,9.027217491691749
agm001360261,12.275288557354687,10.892788674879595
agm001360292,12.85885001011192,11.41657179099959
agm001360382,11.601791819353807,9.83544838281778
agm001360604,12.345371488281256,10.077464586527674
agm001361146,8.725420943270159,3.7717681054402608
agm001361160,9.97057961424126,3.8101228567632663
agm001361503,11.358808615861742,7.779933017665369
agm001361514,11.796149018300161,10.509658418144715
agm001361517,11.214090132735054,7.582272536918069
agm001361539,11.630483891552126,10.310264477616297
agm001361552,12.019658826659484,10.104801340430688
agm001361758,9.23055273932654,2.700292750077665
agm001363431,11.101183426831492,5.231010662360534
agm001363461,10.284523168974637,3.1533276418571266
agm001364196,8.5360530994963,1.7554738505906666
agm001364386,14.050293770084478,12.444537648339837
agm001365268,13.19605984820894,12.70280501666342
agm001365564,14.144608724513546,12.971753465574343
agm001365692,13.71281784525957,10.101408719800476
agm001366454,9.149861514457024,8.06910572725454
agm001366795,12.842145027157912,11.88727764522027
agm001366798,12.319390470211117,8.951500247863208
agm001366874,13.738136084176567,12.106750158190849
agm001366875,13.58376962769109,11.918270500892081
agm001366910,13.703716899910258,12.038538513909264
agm001366926,12.856608767051409,10.992851084631823
agm001367248,9.246080563600161,9.439987748322709
agm001367262,9.67385924917078,9.22971389697273
agm001367493,11.440513004507784,10.984871492400073
agm001367707,11.256581508541922,3.8322198224580095
agm001367983,12.156730860268974,8.453020241447442
agm001368614,12.365199835530358,10.868451675438138
agm001368917,14.107792584304079,13.141136268487768
agm001368947,13.947574377537723,12.860714537281781
agm001369447,12.15627699106644,9.628130995995535
agm001369472,12.27176753471674,9.769939826754406
agm001370071,11.967798506410967,9.239484940083832
agm001370073,11.49373224550026,11.079757771192373
agm001370173,11.495614913901422,10.801097657660565
agm001370443,11.914210689092563,8.702024468492812
agm001370456,12.24183501728239,6.822102104843088
agm001370478,12.02256543166512,8.825269792137185
agm001370753,13.536895158647953,13.717086702826354
agm001370944,13.03851358687542,11.782968675412747
agm001370950,12.788946928318957,11.446378004351473
agm001371010,12.947885765128234,11.617595120684257
agm001371899,11.812360806308234,11.332568993063864
agm001372033,12.21596317616626,10.997238936486882
agm001372072,11.92252348561718,8.22021743663621
agm001372150,11.619451009673472,10.010673503953898
agm001372158,11.738803010414516,10.159707785997488
agm001372183,11.786542506613248,10.224882678702139
agm001372319,13.715220476857365,13.058711217906232
agm001372503,13.329542817968907,12.550560169572869
agm001372540,13.540211213486,12.794654886687127
agm001372598,13.251094350154741,12.450819758340934
agm001372612,13.412259916618616,11.477475694105392
agm001373066,9.860270336390888,6.8777609063035285
agm001373144,11.037479585413934,8.054536236234847
agm001373206,11.245004455227061,9.940644967276073
agm001373273,11.700096888039452,9.606277253016584
agm001373791,13.409004259251292,6.582249960833657
agm001373806,12.968113304641797,8.330793571806696
agm001374190,14.009312599707648,12.532346174460743
agm001374264,11.04829892236002,7.509586124633552
agm001374501,13.11777069368485,10.787091763285504
agm001374977,11.69724556173438,7.700687996856381
agm001375024,12.457030582657596,7.816477052504679
agm001375047,12.702564479582145,9.462390636024924
agm001375296,12.798786011860178,9.239723763359793
agm001375303,13.096652108379379,9.640955278902249
agm001376463,14.061500589999197,12.552966160485756
agm001377061,14.484421549704892,13.053668813131564
agm001377796,14.315276041470959,10.380277321476836
agm001377918,10.754592455286588,6.499451465160005
agm001377921,10.836247032579367,6.570590959153501
agm001377942,10.34115676437967,3.057806149390819
agm001378378,12.072694332731015,8.677188744893527
agm001378450,11.945176964274118,7.38142584876876
agm001378543,11.045941849976062,10.607049423842707
agm001378912,11.433316795941748,9.713616189647343
agm001378931,10.72135224372125,6.079096798157202
agm001379012,10.594979138308979,8.793351013983514
agm001379017,10.15949077392017,5.974407024760275
agm001379199,8.713541015161836,3.204692300829791
agm001379251,11.31260012858144,11.059668506608066
agm001379692,10.159005807015106,4.466806150628573
agm001379776,12.19216719223305,9.365504893573046
agm001379780,11.475242074029191,8.558765214804483
agm001380137,10.65556466331101,5.832373419215537
agm001380472,11.497203538158796,10.960357152998837
agm001380481,11.363275664290455,10.804728707532918
agm001380535,10.575753755198251,12.590688049989662
agm001380965,11.796931017492243,5.968522336569926
agm001381211,11.238212444946127,4.337593784468648
agm001381523,12.880027449525764,12.180675132189686
agm001381556,12.405315159034279,9.168172576585947
agm001381578,12.815052693192618,11.8526131240547
agm001381636,12.106821366773762,9.915245559969181
agm001381706,11.31249643065644,6.109770453706117
agm001381758,12.073996370011177,6.03256471750627
agm001382585,10.667429107595268,10.441700828106686
agm001382586,10.927040189689464,10.712722336366907
agm001382598,10.239532086053714,8.933930622845327
agm001382626,13.0601823267829,13.928508781230237
agm001382722,11.065143972435706,10.049562648966065
agm001382803,11.379065522753498,10.246689495423317
agm001383737,11.909172937382158,5.0667568927244275
agm001383751,11.848771838661934,5.993439812724871
agm001383830,11.98792288708354,5.69746003686809
agm001385166,13.39902610731623,8.089606512322451
agm001385193,13.26191846562898,5.561130570699939
agm001385258,12.796855098036016,7.169576881500795
agm001385272,12.64717578172448,6.926599397249539
agm001385654,11.560383375907803,5.000563996460086
agm001385955,11.470742067689649,3.121338479424349
agm001386637,12.965370727361154,14.391143607988448
agm001387169,12.232396811741536,12.510634787394842
agm001387598,14.007285499666551,14.226947757241318
agm001387652,13.215125982888436,12.741329791196787
agm001388406,10.430130565358077,4.854525682252117
agm001388866,12.569822706173424,10.96699216569655
agm001388869,12.132052570198692,10.490326990373203
agm001389498,13.94054166247278,12.27527159081597
agm001389511,13.364353316452318,11.56698351231811
agm001389618,11.054676676054962,3.4883545396158198
agm001389740,11.311729805613112,5.236313404092549
agm001391259,10.316146507425811,1.5920080748380876
agm001392269,13.20648013393119,11.053386916683072
agm001392425,13.917254966267617,13.227115122446007
agm001392448,15.014797582773493,14.783960634014306
agm001392518,13.301247260871595,10.18365793667789
agm001392562,13.361624896040873,11.346633482755655
agm001392909,15.19464243797334,13.84821930251073
agm001392939,14.691593744711994,13.276247816766798
agm001393223,14.897642726503095,15.137383502540768
agm001393321,15.619850446435493,16.069210756166832
agm001393571,14.134211787879801,13.937630968025537
agm001393572,14.445436135748952,14.326417313142052
agm001393578,13.731108209420306,13.467859549612626
agm001394037,15.375450277256505,14.593580834136743
agm001394039,15.462117172842975,14.713498852938391
agm001394045,15.268108944449105,14.476179203679871
agm001394177,14.677245339221303,13.714477955305117
agm001394199,14.673500195262099,12.501354514866298
agm001394201,14.743588825875456,13.822103033944051
agm001394209,14.841488988214595,13.914204874931015
agm001394214,15.72442222109817,13.00690717193597
agm001394262,14.155090878579692,13.09325008606411
agm001394271,14.708845414104553,13.741410371976968
agm001395146,11.213392594052833,7.062968235785927
agm001395244,11.971558292710048,9.066187057176466
agm001397942,10.354911784554572,2.659018522377357
agm001399512,12.50162250518185,10.184309800011096
agm001399613,13.60778441589504,12.82770045701337
agm001399634,13.933073356202922,13.073017312270778
agm001399732,12.90037935499245,10.765353061781925
agm001400825,12.240094941675183,11.139317109949404
agm001401353,13.015771430678097,12.571434757412671
agm001401356,13.08300124580764,12.637568554211908
agm001402085,10.971857376652471,4.759502192250244
agm001403992,14.718814120659639,14.882140942859802
agm001404323,14.039490568705132,13.777573068357974
agm001404619,13.247366917322465,11.45903436311108
agm001404875,14.998156657162738,14.02932145280808
agm001404887,14.54633855309779,13.461931317154
agm001404911,14.550772596891596,13.493274463239656
agm001404940,14.195387723042067,9.579960366085668
agm001404955,13.797589820481418,12.589737979798812
agm001406691,14.223996198170061,14.777580108287722
agm001407576,15.076921743140018,11.56693976986259
agm001407581,14.911018771550665,13.581022255123774
agm001409256,13.764072691587895,10.358056891547122
agm001413558,13.320749828688385,11.796673278696993
agm001413569,13.038246452255569,11.530418215145355
agm001413578,13.12882446073823,11.625988625508548
agm001414224,6.755882617914147,0.48007047088698346
agm001414318,11.95389560575177,7.776195323034519
agm001415648,11.042826987763359,8.450573403741036
agm001416735,9.716912859682202,5.352112379030663
agm001416835,13.433733204526298,11.596392251789094
agm001416850,13.372420693768047,13.21064575580063
agm001416911,16.147556482569797,15.000135782932606
agm001417139,7.237674995206304,5.836437041192117
agm001417159,11.60377709464237,1.9651252767066918
agm001417178,11.985180681751856,11.733886308958319
agm001417585,14.321063170018098,7.0910026290772965
agm001417661,10.892301282147384,3.92695302456395
agm001417732,13.233338911077947,5.018907424892026
agm001417739,13.245151249854667,11.632841084583058
agm001417753,13.916288806699958,11.759445889890399
agm001417758,10.045638341426166,7.560918688744021
agm001418018,8.137683453889501,-1.651597524440744
agm001418037,9.468544596032286,4.930089089993876
agm001418252,10.702702476214096,2.440936749954732
agm001418341,14.223285837519235,11.817383265857382
agm001610607,10.942653768300293,5.595325524308083
agm001610664,8.817142858499599,4.336016492795115
agm001610718,12.548329743969253,10.402503003504036
agm001610794,11.82302999554658,9.154719125574108
agm001611072,9.717698439314475,3.6685831995156706
agm001611086,12.142857283496621,9.249088716443945
agm001611151,7.377511544114645,4.445558060521622
agm001611853,9.784273418158905,5.031848576926606
agm001612064,12.861106685671407,8.575024720071008
agm001612088,10.629984537176348,4.74582335039652
agm001612096,11.378253654608447,6.2449630985172275
agm001612300,10.724249267578404,7.657990050873269
agm001612357,11.940103242100431,9.516142554191532
agm001612486,13.278092005353775,10.244134031340444
agm001612736,16.02504763058241,17.435899531668433
agm001612848,15.956188849097819,16.37840186272004
agm001613054,14.192528147926598,14.848144114558135
agm001613153,9.189839189873423,3.216869827229071
agm001613393,9.382872529033476,3.5209112108694582
agm001613405,10.116224172248494,3.980170061866718
agm001613419,11.31040941960925,5.779078517080992
agm001613435,6.735803866763497,1.8221315133115688
agm001613466,6.910866997866378,1.0438633322344515
agm001613557,8.14485051198832,2.463279349714661
agm001613642,8.777788698137352,4.089999650563556
agm001613896,12.294992704140771,10.151088406694749
agm001614099,8.343567263477201,4.797177063715578
agm001614304,14.44319579498854,11.64827854198171
agm001614538,10.547477049918289,5.810489744052714
agm001614594,11.45401661727781,6.1237717318064595
agm001614609,12.351356446006966,8.505986801357583
agm001614624,11.247071659793198,4.46133200763082
agm001614859,7.804469092509573,0.4824959143210066
agm001614946,17.50317032158566,20.912180982659685
agm001615103,15.599221932673512,14.902415020990171
agm001615813,8.83070812218919,4.0134448150350055
agm001615893,6.802594060464434,-0.06117743732495384
agm001615899,7.30242599020702,0.29751325859072325
agm001616274,15.182231972611229,16.79787851561954
agm001616291,16.360504924503186,16.78761789574286
agm001616483,6.62733345785538,0.7925276613752764
agm001616834,14.015299617878389,11.279348294655794
agm001616852,12.67363736182674,8.480606119022081
agm001616904,11.621307948791149,6.900352402278735
agm001617264,9.582607771715342,2.7679050260479356
agm001617560,7.832918748753282,1.102281180802126
agm001617691,10.173629251534724,1.924160029894074
agm001617764,17.645880401908624,21.100700201283694
agm001617859,12.31858534703596,10.872511177881735
agm001617863,12.508277347696577,12.067199918466988
agm001618384,7.522336478559947,1.120135096424309
agm001618587,9.703976584081074,3.2138541125974185
agm001619062,9.597660699764585,3.615484531223366
agm001619527,8.757397975323464,0.5940965740439935
agm001619697,12.190225015693304,6.449548688728809
agm001619870,10.975936558851455,7.91990577913861
agm001619912,11.558928693400699,6.320859074389849
agm001620089,8.014977785402182,1.4365285560251138
agm001620195,9.290232020273752,4.129755582262424
agm001620210,10.055593827725353,4.387384148290425
agm001620287,9.12382752804282,5.895060491962866
agm001620330,8.845872821911815,3.7036300319135806
agm001620389,7.695366496196428,1.4626788387166385
agm001620440,11.425395004000864,8.99201688849591
agm001620696,8.114491039867449,3.4369834680347835
agm001621751,13.490703003262604,10.920954379702767
agm001623557,7.728304861698819,3.17456938519923
agm001624890,9.219009779640821,2.7113794281266808
agm001624970,11.50581241396033,10.418308338342321
agm001625101,11.506201887335617,9.691969854308283
agm001625920,7.59027336039301,1.9613913741551414
agm001625923,7.834076013499728,1.129337008906532
agm001625936,9.029793087591358,2.940430180532805
agm001626132,7.919107252083448,1.7874435740399264
agm001627843,13.113436313925968,11.512263443623185
agm001627868,13.102529598897727,11.626977521349453
agm001628136,15.824962839332395,17.423273513003835
agm001628392,8.723009624965226,1.3294794186562355
agm001629463,9.04254026084428,0.3775254004855114
agm001629852,11.635036634329257,10.015532906491373
agm001630417,9.661158742511025,3.0423422071261443
agm001630546,13.189638698142646,4.725012152574547
agm001630836,11.964190551239845,10.880249625558081
agm001630872,9.778030621055118,13.577389721600765
agm001630995,13.065597141206824,13.19209911487503
agm001631232,11.82162056829018,11.36570183029484
agm001631326,12.570053541817524,2.1560180723141613
agm001632103,10.299587800618237,3.1632336636334073
agm001634272,15.870081892693065,17.178698372779394
agm001639992,9.707751333333473,2.4709220679303114
agm001640845,11.43981280480443,9.69456798631147
agm001641535,7.8164839705924125,0.9253565747715768
agm001641570,7.569871843072043,3.9694382287648593
agm001642081,7.525468307581728,2.1481675238754177
agm001647204,8.292267909943675,3.0171653084769603
agm001655882,10.036607054209759,3.9044356533608338
agm001661708,8.964949956533268,4.364192698826959
agm001662821,10.345039095240065,8.669281332572517
agm001663000,7.489495771521265,1.6548779572992942
agm001663980,14.080855685674702,14.179568104018216
agm001665779,6.294373164556149,4.068123690105111
agm001817125,14.276352972478294,13.003840925095508
agm001817391,14.153611905464372,12.99371920245229
agm001827922,12.986344467231616,4.59999400589299
agm001828292,10.928323243052924,9.549305489864512
agm001828402,8.807588857548689,7.352788089955601
agm001828718,12.58371265943972,12.310998482014954
agm001828775,10.725891102242372,6.030786583007785
agm001828851,15.23623517435336,14.147304825650904
agm001828900,10.43365639098506,4.841413918190824
agm001829200,14.573359556787734,12.058608933696203
agm001829322,13.07815092643192,14.297802332819925
agm001829494,7.8795274612411585,1.239941190981746
agm001829650,14.039681605671943,13.004914462162683
agm001829825,13.066658232835175,11.976676624924377
agm001829853,13.358540295643454,12.311632880897648
agm001829855,13.839035152917623,12.81622665112271
agm001830035,15.936517792379165,18.868155237850047
agm001830256,15.893118027199153,11.718899013390795
agm001830353,11.16548798833788,8.755328954467341
agm001830481,12.513335176865402,0.8748831418672989
agm001830562,11.503076576073953,9.203454780405643
agm001830793,13.321785990800292,5.6722246184908345
agm001830818,12.999422078556238,8.600714522637686
agm001830851,12.806497703622213,8.450703084375087
agm001831316,12.937974426995583,10.67681477404698
agm001831364,12.393556848529537,10.624052325553697
agm001831372,12.475650213961318,10.709816901840732
agm001831381,12.762544842468943,8.39133267317775
agm001831382,13.61669505120112,11.471147524706325
agm001831469,13.055184475467485,10.026306337346126
agm001831513,12.248346872333542,11.206346436279334
agm001831684,12.240447808636134,9.949836452213397
agm001831685,12.227165895947074,9.91039622076132
agm001831742,15.052282230630292,13.796552963216234
agm001831755,13.338038348901284,10.165802588136566
agm001831766,13.316004345570123,11.79315684739412
agm001831816,12.984001826290298,8.369077396615653
agm001832135,12.4525928927521,10.85171047050442
agm001832380,14.315657912032558,13.399286443418513
agm001832413,14.624799695429205,13.686056712685895
agm001832511,13.239210922238625,12.363107476313727
agm001832517,13.73878947831035,12.833990007722067
agm001832535,13.386897069581137,12.505527896717032
agm001833811,10.197915673626145,5.5837011820977445
agm001835229,9.98023227391015,8.942033396495262
agm001835408,11.986007458059012,6.696998091053307
agm001835613,13.064449083769965,12.081104705326773
agm001836470,10.802433456351096,2.708219730639051
agm001837295,11.166471249552103,9.337441685090885
agm001837535,14.650720569354482,15.501464836276078
agm001837647,11.756340663848457,7.52015483670817
agm001837702,12.030006958273459,10.86637145143406
agm001837826,12.59906130603312,8.742418790393161
agm001838386,11.880999305691212,11.839964543506804
agm001839280,11.349395768758201,10.210892710268908
agm001839659,12.338336302962341,1.6879421391710139
agm001840071,13.915179285231623,12.673280845850295
agm001840108,13.9797043354015,12.713124713957344
agm001840439,13.097290636205168,10.689114095214947
agm001841469,12.700094981771526,12.2537150682875
agm001841478,12.705218084327285,12.326520113260834
agm001841506,13.337264891835623,13.634402330756394
agm001842456,13.546131612632417,12.032853801999858
agm001842615,13.057529562866518,4.856363496949389
agm001843653,14.066509951935515,9.261124419712154
agm001843845,12.709061171696284,9.987047089370462
agm001844218,12.213133959270499,7.376324251990184
agm001844518,14.03593775930163,12.827437026097611
agm001844550,14.289942455089202,13.011235429637933
agm001844574,13.4056651307833,12.33073429821466
agm001844597,13.324238904495473,12.198335620219273
agm001844604,13.4301806497378,12.295934876873815
agm001844614,14.890453455114153,12.611297459741197
agm001844638,13.35293847072615,10.562327192292337
agm001844888,13.442563574145984,12.4245844372078
agm001844936,13.750715052747486,11.002496584833954
agm001844985,13.165499678290297,12.179859320443247
agm001845030,13.352317337581182,12.331586467851968
agm001845125,14.156327704490968,13.004813829875415
agm001845326,12.980757811429406,8.907385542783873
agm001845425,14.047822678399774,12.062850318574649
agm001845430,13.103207089340238,12.06533438143091
agm001845452,13.219396161785667,10.582254294294382
agm001850168,7.277911473257433,1.6757276385733302
agm001850340,12.626672173844112,10.625609705061498
agm001850535,13.275582415479214,14.545810073570914
agm001850626,10.929993169711457,6.752982607228419
agm001850679,12.042152744889938,13.186500757009092
agm001850694,7.667442033186674,9.501198153459633
agm001850704,9.098070017483373,10.389658883130013
agm001850843,11.738206198346292,9.03118692237519
agm001850928,10.955405723776655,13.127507949572518
agm001851176,13.5154138199863,12.404458221262317
agm001851178,13.651446720133707,12.481037937012415
agm001851266,12.865583909480605,11.928789403411761
agm001851325,13.465522950035348,12.375812519133722
agm001851473,9.969727360847648,5.832597627952176
agm001851620,12.110329112625395,10.531858776265224
agm001851659,12.673022535138154,4.002080850981578
agm001851945,13.674028229184408,9.50827731362787
agm001851948,14.893086917915078,8.572999757859302
agm001907207,9.41458733456612,4.74391183330632
agm001907227,12.271266883880843,3.236949220593585
agm001912337,12.63596409729234,4.477204636096726
agm001912484,11.854720438889133,2.674382603345247
agm001913740,12.919078249342544,8.866296306474524
agm001914792,14.001224272603858,10.679976356132665
agm001914796,14.175167249870942,10.86157130365817
agm001916123,11.700766074099308,5.450895995927873
agm001916328,11.78824136205943,3.038949111691295
agm001916349,10.747057379420673,4.035797216070975
agm001917157,12.209407585341628,5.777832394405902
agm001917162,12.409158358170883,4.973733533436521
agm001917295,12.116531315088181,4.773942306761523
agm001920191,11.816577871656177,4.19348114276306
agm001922333,11.12018264405201,1.9520886930044092
agm001924573,13.143952173495553,10.59190882144096
agm001924584,12.544288581347738,10.031421005122692
agm001924693,13.003878227611112,9.648042951781145
agm001924847,10.716135556438742,8.227709421004349
agm001925548,11.130195170660437,8.629792400163108
agm001925579,11.420570754896955,6.422151292621937
agm001925733,14.227935879467669,12.821190600385844
agm001927454,10.879400596977174,5.363398107517135
agm001928086,10.165780642447247,3.6276641966234404
agm001930016,13.200980915897473,13.798822290851888
agm001930166,13.811007091263852,14.518356871150472
agm001930223,13.239651279059204,5.56821656420003
agm001930326,12.807069276086485,9.660735180532939
agm001930363,11.887749709083142,4.662532707117844
agm001930670,13.503213110529181,11.848906720411794
agm001930685,14.359159353759637,13.104028039299472
agm001930920,13.209927807576051,10.266413770945482
agm001931019,10.949871729080131,9.102361666261977
agm001931199,14.370537613758028,8.372185665979563
agm001931287,13.517288924340187,7.594047906909649
agm001931619,13.116776808730053,9.62081916946914
agm001932484,12.080172705203728,9.441200415880123
agm001932577,13.602107818968436,11.413156002674263
agm001932794,10.836865363427888,5.4483161008476575
agm001935025,9.724577560173675,4.87053829281386
agm001935399,11.30799106898628,7.619868735728472
agm001935556,11.786714891171536,5.359136162185244
agm001935732,12.119974104830796,5.919763689461721
agm001935807,14.652097472900145,11.499837434677655
agm001936267,12.407550219305215,10.52924050940906
agm001936521,12.111250522537974,7.583686495246413
agm001937077,14.028179263636401,12.507837985638261
agm001937248,12.982769529920837,11.248075277971793
agm001937273,12.91600609412787,6.896200005775336
agm001937354,13.314342000803356,11.489850373020262
agm001937370,14.568458524175258,11.608144813045804
agm001937922,11.126130917092487,3.7760241506315797
agm001937935,13.24779718182496,14.037328001434592
agm001938400,13.399250009264353,10.786117833915018
agm001939074,16.195933397404655,16.64580830455887
agm001940001,11.616336763808185,7.635804973505845
agm001940197,14.072616650763718,12.257501107772056
agm001940203,13.051866444805315,11.877523992080954
agm001942174,13.240430556241154,9.379022619189877
agm001942769,12.750325421629473,8.646834473933463
agm001942872,12.646579213800688,9.80516170134965
agm001943003,13.636552074916194,9.928385305172831
agm001943020,12.96143556693617,9.013006339253247
agm001943049,12.491453842492916,8.391190014768396
agm001943387,14.080848324810772,11.669741919561151
agm001943427,11.945423459496926,6.469310737865689
agm001943641,14.820955100393691,12.21170170864041
agm001943654,13.874233893479502,10.39537988742921
agm001943838,13.646040954581302,7.746369195588461
agm001943934,14.177017227287257,10.17884552236649
agm001944463,12.378505001488945,8.91745741399004
agm001945402,9.168612799582535,4.963377907818302
agm001945415,8.533017869632078,4.236081170594936
agm001947158,11.779137529444153,9.78917141464829
agm001947241,11.169700815342727,5.750423970214884
agm001947243,9.87311767280086,0.6948319035218908
agm001947426,14.289849156319264,12.041143403096815
agm001947516,13.192199763445473,9.964450965467845
agm001947615,14.118152078698865,11.090337220326468
agm001947649,12.720277495419339,12.195530875619635
agm001947974,11.839843214857156,6.505120634928801
agm001947999,12.887881969903152,10.664688337248263
agm001948036,13.535170340520146,8.834453720839889
agm001948048,12.899708355516891,7.560323480516178
agm001948053,12.38093738396174,6.789958912042302
agm001948101,13.33626302288873,9.647767720973317
agm001948109,13.395713502916372,9.59647630654881
agm001948185,12.404755117889895,7.832405264619835
agm001948254,11.735052243772621,4.599623305240284
agm001948274,12.574700995287484,6.942688050763856
agm001948520,13.698735058258107,6.9212058681372195
agm001948526,13.691434102492524,8.173350795031874
agm001948778,12.596445364328039,7.905280456996715
agm001948833,14.236647915582827,11.023443305546854
agm001949205,14.370404244680469,10.477005746714084
agm001949338,14.477073122542283,12.860343487622838
agm001949349,14.094217962778762,12.508784436526645
agm001949420,13.958889892171028,12.364927385607894
agm001949717,13.345955454952088,12.48893022623715
agm001950195,12.182867514108963,9.5954498037445
agm001951196,11.16311962985338,9.348773036551844
agm001952181,9.4229715400213,8.613669763488904
agm001953141,10.004268169100735,5.10127505358731
agm001954466,9.046337029250374,1.1539576329926788
agm001954471,9.112021181776843,1.2357861587057588
agm001954543,10.305529045201798,7.594449280383257
agm001954552,10.453373298853496,7.787641399269733
agm001954924,12.468914186577377,8.545284442198783
agm001954976,9.75108340442095,2.7645454097035813
agm001955095,9.23249223625009,1.7817813716553825
agm001955240,10.508692567200494,3.140023033721624
agm001955565,13.162316414909336,17.14076067715093
agm001956198,11.6038149765855,4.6512206945629835
agm001956502,12.691268373308084,11.937058601558409
agm001956974,12.067225045653398,9.795739308952559
agm001956985,11.880545642458246,7.236700660007287
agm001957367,13.209200593154673,14.158420254337582
agm001959305,14.26646087009106,7.677928780732415
agm001959765,14.932308648896704,11.367822037319685
agm001959841,13.407230990847799,6.109992989881476
agm001959906,14.033087729025418,6.61166704768554
agm001960054,14.425600613539627,12.302582790005788
agm001960200,14.42097549503122,11.993887235599379
agm001960588,13.035649188329739,5.439559441895209
agm001960602,12.087946952673917,6.312232428565137
agm001960994,12.746772193601215,5.564961562529486
agm001962595,12.414387123752139,8.592301336538707
agm001962633,12.318751603624179,10.714708347987639
agm001963302,12.749880126259894,8.117789227362326
agm001963341,15.364006168874912,16.37280584242619
agm001965852,13.521979305412087,10.880903431172637
agm001966353,14.794443465230716,12.12757753302723
agm001966672,14.182873944468874,9.078997791365733
agm001966751,15.497348544716992,10.881820983470018
agm001966765,14.166852685229113,10.728297038814656
agm001967114,14.376058193771469,15.796783957612416
agm001968431,11.483970227804555,6.6089689843419315
agm001968453,12.477596195898567,6.191712710276759
agm001968678,12.172779381492946,5.871840770927049
agm001968758,12.425199672891297,6.752253956240999
agm001968858,11.602606950505496,4.874182192213089
agm001969226,11.908586567706122,5.557220968051157
agm001969279,14.836249395937553,15.148981866468445
agm001969682,12.81043324995019,5.4827565965134415
agm001971855,10.9665865505542,4.34937608436246
agm001971887,11.104945470765719,5.488367034681758
agm001973632,11.243277111905966,5.585618731015609
agm001973778,9.568154784153979,-1.7268060515864558
agm001974298,15.445179309556162,13.055127903550282
agm001976158,13.566564953763203,12.441178533230362
agm001976166,14.187832026544863,12.928993103093465
agm001976180,14.688470809598265,13.343045860535295
agm001976209,13.898228063025485,12.674675716239424
agm001976215,14.179718524699036,12.846747664965239
agm001976240,14.53915490784297,13.22007536977387
agm001976270,14.70614678796886,13.856910684735535
agm001976271,15.355099431247018,13.791730916127737
agm001976294,13.645492613358353,12.37985248955415
agm001976381,13.741825525066924,12.432677239993362
agm001976383,13.476429062237402,12.26662984967239
agm001977080,15.822669667428283,15.336185960761766
agm001977106,13.275880374063862,12.290433572678584
agm001977144,13.401837003395228,7.712638576123766
agm001977250,13.50634602392995,12.429366867851467
agm001977392,13.135596594811437,7.497947025440983
agm001977401,13.26891780407128,9.951344329218802
agm001977686,14.083335872416429,12.937512647248866
agm001978040,13.493022043616229,12.433832469705873
agm001978044,13.184262536290865,12.198668106382806
agm001978061,13.82004287644425,12.054962738041812
agm001978345,13.692210731813663,11.833486107589236
agm001978368,13.286886750930243,12.241428937782482
agm001978395,13.874587911295649,12.029999400829809
agm001978466,13.977784482000505,12.159473302050488
agm001978514,13.438088536384802,12.407113895488498
agm001979449,11.901067864199074,7.051579369278741
agm001980239,13.685706170287864,11.809804293083891
agm001984398,14.132350689710384,12.789632290819815
agm001985178,9.620572055694241,4.7371643915669495
agm001990337,10.70169017107817,3.156148346912607
agm001990413,10.622982134354794,5.784258723352247
agm001990429,10.11409578648562,5.134843212994319
agm002014356,11.673419902010371,11.003470906831613
agm002015093,10.340953421510955,6.037143963140647
agm002017786,12.326328244808586,6.922422331287872
agm002017833,11.754986685621134,6.2864805903779155
agm002020742,11.416251698161213,6.818946211854509
agm002025529,15.411926412159959,18.07552149538874
agm002027542,11.391289290367501,4.324374645508355
agm002030090,10.526890167801785,3.0606674757241787
agm002031475,13.317348145228577,6.754490485432544
agm002031953,12.403807640670832,12.663615026572689
agm002032633,10.28399882704647,5.819051682049796
agm002033652,12.502473644693737,8.355901384683813
agm002040243,9.758266855784674,5.577677880028077
agm002041233,15.236678987980808,17.400829005985944
agm002041311,13.029152873345394,13.878769416508492
agm002041756,14.063708442403382,14.928192976322359
agm002042401,13.834159361664208,14.339716804107036
agm002045531,13.614511423124734,14.709931628884073
agm002046808,9.81664669586994,8.324142690505695
agm002047952,10.801690292865798,9.203946093244008
agm002055005,11.562309741954143,11.123070016260483
agm002055178,14.636110151495565,15.837907358032645
agm002055281,12.430282068716146,14.254625420833941
agm002056902,12.774482777752432,9.472412020915549
agm002060786,15.751512197141526,15.109965934641897
agm002060927,9.398351801339244,6.853690638678627
agm002065056,9.885544751727872,5.474813249000569
agm002067063,11.853890166967282,10.04660256481421
agm002067661,13.113489641738774,13.460124783339
agm002070358,6.5303867162161096,4.384605200225721
agm002071284,6.9867565830422915,4.785251412206236
agm002072117,9.733598323662143,6.792250714344462
agm002072200,6.224654303176416,4.449187895256195
agm002072881,6.676235668238415,2.4810678530645456
agm002074089,5.993878101718862,3.7345844371479324
agm002076459,7.307459777983872,-0.4579097543485702
agm002078878,6.373957346757179,5.253191582058914
agm002082187,10.009344876249433,8.536899582718267
agm002083105,8.185212698797768,6.553775054168567
agm002084270,10.438736436267003,10.143443149565998
agm002087294,11.695244981504542,10.962874921997843
agm002088157,16.755411138448007,18.647779334710453
agm002088555,15.622611633596865,16.456146629069085
agm002088560,15.573141148033338,15.026815155152798
agm002088612,13.513285291179164,14.133746379224071
agm002088615,13.501062739410216,14.226420339828733
agm002089504,10.874791631152247,11.560937181942656
agm002089911,12.120830695276892,16.080584572923122
agm002090082,11.948240994187858,11.36386893614705
agm002091298,3.6342732243219174,-0.07612128375543037
agm002091979,8.882456584937628,8.483195528191516
agm002095497,11.360126473614622,10.969450592186424
agm002095504,8.978433615416895,8.433491889935375
agm002096048,5.049953680246424,3.053359873413963
agm002097569,11.015130491465136,9.9990672618458
agm002097857,10.909360384782078,7.624851251466386
agm002098650,13.008677252069875,13.631285518123315
agm002099669,10.208209742737155,10.875506712308542
agm002101401,11.966434525063482,1.1058031405499165
agm002103144,11.978664593233896,8.780163475871497
agm002104728,5.162989409000587,0.2388867772237108
agm002106356,8.68319236579987,-1.2350425449774995
agm002109148,12.807838867539042,12.369280002011038
agm002109758,10.427875445802725,5.808950354997751
agm002110406,8.405576317671182,6.506252070458285
agm002112799,10.062125599513132,6.697189321938711
agm002114698,10.985216389231086,8.385956802544301
agm002126726,13.141401359256133,9.94842659333351
agm002131297,10.80994273607543,9.339014869669962
agm002131876,14.482420653277714,12.874410985663443
agm002131941,16.095754423330476,16.110223672239822
agm002132760,13.85411183086554,13.533498469737914
agm002132919,13.341341129857817,12.121813963656727
agm002132951,12.798700361414737,11.121664922835942
agm002133049,13.486662603852674,11.046937352528314
agm002133179,12.63998979160668,11.041560288169586
agm002133224,13.255088485969887,9.17958707255937
agm002133319,11.184468546185187,8.229629942095412
agm002133434,11.389680865532343,8.79208962477532
agm002133477,11.678134571871254,9.45725323889247
agm002133544,8.810723173106114,3.625921817687498
agm002133783,10.608626714009073,8.842177385645861
agm002133787,10.944400864286079,9.227431191415562
agm002133856,10.410158849929397,7.467806306391982
agm002133902,12.197956696373788,9.288968713973334
agm002134365,12.242304983532678,7.571002630873837
agm002134375,10.905282065571049,8.888306606481924
agm002134384,12.473985625686648,10.525666555274038
agm002134391,13.06333238359003,11.24355299351995
agm002134494,13.840372963161892,12.684919651165874
agm002134647,9.88018629658059,6.574029786918304
agm002134714,12.724879971890388,10.875386183548935
agm002134736,7.900086781846555,1.4692046659948623
agm002134830,13.232209788364178,9.404513588377625
agm002134865,12.362804913140666,10.453140714583176
agm002134928,12.252897886757674,10.327437048383288
agm002135323,11.504795836529604,8.88774381212835
agm002135328,9.731066369779112,4.950467352410534
agm002135631,8.600454227897636,2.319676042534418
agm002135645,9.986898025854012,3.8714752923162266
agm002135720,13.15024807592124,11.861405984656285
agm002135777,12.754417651960795,11.45359152319388
agm002135967,12.927095204219611,8.173986383957649
agm002136059,11.563369632748845,6.67574343516101
agm002136066,11.194103118561756,5.347242561241513
agm002136244,12.041928974184083,5.691799520879526
agm002136280,14.10101463616936,9.478553648002555
agm002136356,13.603302381676379,13.120494215883186
agm002136678,15.108606456397004,13.515058600177763
agm002136763,7.43514090478488,0.7271079619356146
agm002136849,9.347760239143303,1.9477001515933818
agm002136925,8.351446085942397,1.7291811106101123
agm002136926,7.597439406358815,1.315606366276684
agm002137013,5.926554899811613,-1.650490169110989
agm002137173,7.086035343904382,-1.0688106620833047
agm002137219,7.204647213266734,0.3840963337113294
agm002137730,8.056562109055358,0.666860852110875
agm002138016,10.301644813989713,4.308096963275352
agm002138019,11.185565798536057,3.8172366050728543
agm002138327,15.787999233445369,16.20348810408897
agm002138347,15.199585322790801,13.238895566659876
agm002138673,8.377466520828587,6.692868875138859
agm002138718,8.21268294309265,3.1685331443154867
agm002138873,9.606416037193203,3.021568166707341
agm002138913,13.182731910799893,14.384161871601416
agm002139045,14.720796781107818,15.206468065248544
agm002139552,8.100275251243474,0.9522701962480049
agm002139868,10.025230123942535,5.894535257982741
agm002139869,10.498442325644698,4.578640064560179
agm002139926,9.296854600790066,4.297076549397169
agm002139936,7.386619132081438,1.251177643746915
agm002140465,10.481551883372253,2.567399083265201
agm002140466,10.255518122332365,1.10346403174229
agm002140556,11.000622275760003,3.862030412354482
agm002140557,10.657540173252825,2.2915959270117567
agm002140752,12.317114782487138,3.4262434206218386
agm002140805,12.550431044463089,12.475006957583387
agm002140813,12.711247710158181,12.023615386581417
agm002140833,11.044094620717708,9.997333095911056
agm002140871,13.378221121779905,13.862778320618862
agm002141129,15.072169359070555,15.871374606411045
agm002141175,13.069951488653341,13.223123148885982
agm002141179,12.806826507853776,13.639036036487358
agm002141318,10.076272437509765,5.1309474992533595
agm002141362,12.134253834253853,11.763261418426858
agm002141497,13.727633041550801,12.977228421836346
agm002141503,13.212388724000029,13.104930380833503
agm002141542,13.36398253204035,13.407881250559184
agm002141660,14.215020993408416,12.100202646938515
agm002141845,14.509604455413195,14.594067217139983
agm002141887,10.175918121603168,10.356412844550979
agm002141900,11.035553444713257,10.79918568129618
agm002142051,12.25021513435752,10.400250039424241
agm002142052,13.008574945389883,9.632601968628665
agm002142192,12.995998147680003,13.251935840864592
agm002142244,15.30898005804314,14.84304384710285
agm002142371,14.066924482416828,10.057649211212844
agm002143075,13.170241304640065,12.858933688217114
agm002144500,9.816624126763623,2.3039599319900965
agm002144587,8.257844562428213,4.963989186579611
agm002144953,10.360201350143944,3.595881172626173
agm002145467,8.152670617075362,0.9483041188892987
agm002145832,12.264739973003415,8.870776114286384
agm002145868,9.711997893233649,5.4523137047479295
agm002146093,8.500990046392085,5.032972995096725
agm002146260,9.836354264149577,6.77373433525385
agm002146261,9.9192631360223,6.529776827823203
agm002146273,9.427288699736488,6.123892226420064
agm002146384,13.046969052222916,12.864473955802051
agm002146581,12.461945594784542,9.702372986158874
agm002146700,10.976053313247583,6.906656923849319
agm002146959,11.69425906258107,8.78250766499586
agm002147106,11.514099193837275,9.037988665856778
agm002147119,9.164415233367517,6.788555797025728
agm002147143,12.29634495711884,10.656548442815206
agm002147362,13.215561476476799,7.635190185928171
agm002147375,13.11376643975867,8.52023080699584
agm002147416,16.556063407044245,12.150395678038258
agm002147571,9.410964256778579,4.373237580696342
agm002147574,8.801889124386333,4.645753641618178
agm002147643,8.63497685802486,5.723057982786218
agm002149311,10.491944337021911,5.676816920907938
agm002149345,11.916630553496917,7.328960594353826
agm002150180,8.049666271382444,2.2318216419043555
agm002150290,10.664313691439144,6.446196699829018
agm002150296,10.499430317102851,6.992958259580279
agm002150664,11.211291173988018,1.245917962968889
agm002150959,11.416101207488039,10.011290253642725
agm002151266,10.71371298010352,9.299085573908629
agm002151487,13.190285598015574,14.106594315288802
agm002151493,13.953861024132737,12.695271339483101
agm002151550,13.274069033838371,8.525896056622996
agm002152086,11.857272859338853,5.815587745026805
agm002152192,11.741819887161599,5.66237331984037
agm002152259,12.446680744953168,9.162646970318146
agm002152284,12.140807292112367,8.531199421086345
agm002152406,16.51982986397439,17.370584169556246
agm002152660,11.6194527927452,5.845645369400818
agm002152664,11.904930513384832,6.206371182262589
agm002152760,13.832505303454623,9.705394792106103
agm002152887,13.934422249153727,10.604652443421168
agm002152998,7.217768339764636,3.24294020286424
agm002153127,5.381926629698517,1.2040561640784802
agm002153375,4.285081544616381,1.7277789173807452
agm002153735,9.977199541435118,8.260595271087407
agm002153805,9.790889589956679,6.346314791710377
agm002154074,5.837604702937387,-0.16775053806302065
agm002154160,9.789219019454444,5.9653571819794236
agm002155135,15.826495333674925,12.451923326268481
agm002155445,12.515751077133334,16.260879197629535
agm002155925,15.090583305422927,13.917179650241813
agm002156045,14.823381158799284,12.33244546568781
agm002156108,9.100089714067876,7.860452980134857
agm002156115,8.110481839335245,8.108185436029686
agm002156166,8.159784483372704,7.858916012603677
agm002156355,8.411619528336292,7.189875365711684
agm002156372,9.492063624802634,8.902333369523891
agm002156397,7.44275847425931,6.91753090333222
agm002156402,7.427568085145784,6.556623836043494
agm002156447,7.223672644692336,2.174241589432941
agm002156536,6.938989250217813,0.47121522824487155
agm002156699,10.204115316721087,9.214554754416223
agm002156754,9.44282552471009,8.940922714044058
agm002156835,9.907924377852634,8.882724065380941
agm002156853,7.528767390430521,8.966788451509748
agm002156902,9.925029321520748,9.299227301257933
agm002157013,9.584858811849825,8.072901442996793
agm002157385,8.66865132749652,8.767278099638357
agm002157516,7.55073434525126,5.586850659768328
agm002157618,7.33834311455378,4.103887048028379
agm002157853,9.69371046299999,7.871382817616211
agm002157882,10.772551326705662,9.330883621631811
agm002157988,11.719324209737302,12.142829728232996
agm002158075,10.365695718068038,10.08400274962308
agm002158101,10.707344104373973,10.449798171466458
agm002158224,12.321650192013577,10.120573714225618
agm002158347,6.869236783987664,2.398655099029244
agm002158660,6.008784464462153,5.686135892071838
agm002158905,9.564370303755597,4.932770134173133
agm002158969,9.851988454026799,6.764200123686546
agm002159315,11.0434217776016,9.344341089975828
agm002159570,12.736563938131903,7.628753323602266
agm002159582,10.197700396187438,10.876227898809544
agm002159627,11.661192117301438,12.619785703006857
agm002159641,10.627241379967181,8.95761627739549
agm002159697,10.816709696784217,10.482212723587171
agm002159854,8.81528822654567,6.21898583991906
agm002159865,11.064938525504786,6.837829227630718
agm002159890,11.158535118530907,11.301809374658589
agm002160057,10.838141847347082,11.21509779336102
agm002160083,12.207300906667973,8.381068940029644
agm002160096,13.682560345095736,12.83704274162388
agm002160243,12.00313244931746,9.846624995538646
agm002160313,9.790631994760327,9.783618685406504
agm002160384,9.191474240097511,3.0926386185844965
agm002160501,8.815885330417442,5.98488471568817
agm002160650,11.993064581427136,9.83273015508533
agm002160667,10.641869241180839,6.507152493361829
agm002160682,11.594471007747208,12.257383703953293
agm002160915,9.091812011167152,4.855976842310422
agm002160919,9.241259672240828,5.083901292424894
agm002161013,11.705871862093032,8.557748885040803
agm002161228,10.9080400759198,6.266183413859846
agm002161446,8.978867466142306,5.609608273688096
agm002161570,9.919891055898491,8.983901133963503
agm002161583,10.744151149471993,10.475057523362494
agm002161637,10.371525676558674,10.193097413711111
agm002161727,8.248952224335962,-0.5732807855820425
agm002162266,11.080635055378735,7.590149219086099
agm002162646,11.539647870964059,0.5593617006481324
agm002162905,12.294092195145664,3.6095253404662113
agm002163007,9.465507024334759,6.379554796049037
agm002163036,8.165113519678155,4.39180745435605
agm002163050,9.616290768924738,5.688933497009384
agm002163362,8.939188001528306,3.4201222383335406
agm002164344,10.81184886718123,5.948534294889835
agm002164389,10.178072137282879,1.9052701585539147
agm002164397,11.339857121307908,5.545493548483286
agm002164449,8.556248744184366,-1.694663457570994
agm002164626,11.984736913695267,3.144860621646626
agm002164662,7.243184963653066,-1.6200997541146345
agm002164804,7.900934646078638,-0.7614029846352738
agm002164859,8.091957279691249,-0.47652732544982257
agm002164953,9.472363333502267,1.5905526346127985
agm002164998,9.25194927120898,-1.337278134956616
agm002165265,12.221252913985447,12.22308641027618
agm002165313,9.857079070118345,9.712721033930361
agm002165903,12.692626428000937,13.76044606551386
agm002166317,11.634885908985023,8.265101065834271
agm002166403,13.405417773170903,13.347788718131351
agm002166498,13.068128190186576,13.163433385996642
agm002166694,11.681615828878561,2.3416489008884813
agm002166836,11.898307812906856,1.3567431773608458
agm002166960,12.028656173825341,4.017710596611993
agm002167004,13.544602137451314,10.96465147236161
agm002167407,12.516837024252316,8.873635143955353
agm002167527,9.13177429124541,3.611034320473319
agm002167583,7.913556922046756,3.171594571221891
agm002167607,8.914297330723308,4.602318585034583
agm002167744,9.481123640624448,5.340922437340612
agm002167922,15.013285972148926,13.52863866168816
agm002167984,7.9846625914071385,3.642270283479359
agm002168236,11.149153771433115,3.8717369456331263
agm002168338,10.764522367748919,3.049344596185872
agm002168426,10.157492868624162,5.6414570501074
agm002168428,10.151931573600354,5.635339183251645
agm002168548,13.45354925534165,9.196278754637115
agm002168576,9.744097463046002,6.338976228174198
agm002168688,12.315861205025358,10.238609515875572
agm002168852,10.42824974321636,7.768678865653163
agm002169502,8.672699111421835,3.6829507382439175
agm002170053,8.358512257614647,3.0053001449341155
agm002170203,7.426368678294629,2.8864525706598223
agm002170337,9.320404722905373,5.350562827497976
agm002170396,8.755956674095438,1.497157742807326
agm002170595,9.466310969568646,4.421497427441176
agm002170822,9.992197324933322,2.2374079594999516
agm002171803,7.995464744523258,4.182867425699867
agm002173221,7.8095921082883715,2.2279269442593446
agm002173240,7.892016904620507,2.404615259540956
agm002176088,11.201622953603648,7.954642459682097
agm002176125,10.526410973931993,6.146445622996783
agm002176251,10.62982767074484,5.374481521272833
agm002176429,8.843777589814168,2.011320367396319
agm002176638,7.279063099214748,0.41499329318721045
agm002176774,11.326671593423882,10.973973338784754
agm002176892,10.066222431188004,4.5635746655809095
agm002176925,12.785787759345656,10.999560157671368
agm002176935,9.406172938788421,-0.35358017828016247
agm002177918,11.177787362666972,6.811074223420741
agm002178262,13.36014932013568,10.707973786646214
agm002178274,10.666074233040877,8.940327722868435
agm002178521,13.54608613974428,9.49349702264167
agm002179078,11.70409108184721,6.5752807250639265
agm002179104,10.659120106883485,5.606830392251405
agm002179175,14.077762687269944,11.50482749346117
agm002179316,15.836185038159583,14.997128640671754
agm002179568,11.134843820858189,7.385237022987397
agm002179579,11.337964947669976,6.65229309818021
agm002179733,14.381532965531543,13.26218909570321
agm002179764,12.144718034308118,8.232071025257842
agm002179778,13.907033832191011,10.810054977708665
agm002179991,14.109103878889478,12.953509272491864
agm002180017,15.869967619322885,14.103277024193131
agm002180168,12.99396914000163,12.264857600816136
agm002180284,14.966426203488533,16.56758194050121
agm002180412,12.257178997568586,7.495877543638047
agm002180504,12.674818294060035,8.070606153820481
agm002180631,12.410397961914766,6.128657854205653
agm002180720,12.637229409386807,9.47709575437995
agm002180801,12.927501130680099,8.055938764932732
agm002180963,12.241097710085732,5.221072564660119
agm002181018,11.967140146887166,5.790297361398284
agm002181280,14.928935732059381,12.35026474281683
agm002181513,9.972894863633792,5.748381400492601
agm002181786,10.385417521733194,7.572375894178622
agm002181825,9.826832708059989,5.6195036409890005
agm002181889,11.377068887790436,9.993594632218308
agm002182239,10.23358203944356,7.275826342178136
agm002182336,10.914288547024125,9.413066665247772
agm002182457,11.773234139739614,9.862089677850985
agm002183009,10.366162319655794,6.183746535365709
agm002183222,10.232188043850849,8.256507689947837
agm002183264,14.303351947783284,14.022173153115874
agm002183423,14.039988487613645,12.809001199684264
agm002183503,11.388804158948128,9.521301797474527
agm002183792,14.155830382072677,9.94432296862822
agm002183812,15.457767801031638,8.356749431611812
agm002183970,10.935733626772187,6.583332703486763
agm002184044,11.86314726517873,6.763481203062817
agm002184147,10.405249285555536,3.8529498329998226
agm002184361,10.524178832137592,7.698399523353347
agm002184467,10.631353806269267,6.213137515160514
agm002184487,11.351136910592942,7.362278171862539
agm002184543,13.665407483296717,11.937379869500722
agm002184819,11.940963977972435,9.419299205001481
agm002184935,10.316795676552092,9.100024761042205
agm002184983,12.392820358471878,3.3528469648824575
agm002185019,12.134753963954083,10.15256091086021
agm002185151,12.08754118086995,7.737858692495472
agm002185264,12.948803176479538,9.211178885096968
agm002185710,13.995716249999155,12.798154246354729
agm002185987,10.367845295178206,6.0896873395090285
agm002186368,8.793112019520345,4.76174130169004
agm002186413,11.711477045549184,6.990619019230131
agm002186560,10.670513224901498,5.421805248855459
agm002186615,9.237451822434455,3.4641040468010202
agm002187373,11.475482704653565,7.52625690019529
agm002187617,13.424754091917299,12.15002697297634
agm002187852,11.16925065645578,6.751057601280127
agm002188117,12.634629765138854,6.054631146067517
agm002188288,11.25099749836932,5.384617695459153
agm002188371,10.11328239495627,3.57237642299332
agm002188422,11.392224707870282,6.689660331593836
agm002188650,11.562110378080687,3.480579184492528
agm002188798,14.64590059067089,14.075516014793456
agm002188850,14.045605348407387,11.615471670928997
agm002188916,13.882292905009308,11.486712864621365
agm002189069,13.05407610578737,6.233793515350344
agm002189079,14.358706044334204,7.3923114318210565
agm002189100,15.215475359705687,16.24196431967352
agm002189289,13.55430008500791,16.945374394464103
agm002189480,17.689150687563252,19.3125786925446
agm002189483,18.393882917102196,21.04447967227536
agm002189498,15.297398200064181,15.590018669362482
agm002189504,13.862791890474517,14.149240322104248
agm002189559,13.276505452638732,10.893933448892051
agm002189741,12.692577944484196,5.110532471757558
agm002190140,15.756597149967101,15.684198070089833
agm002190369,14.415422322097138,12.67052087983299
agm002190385,15.14021088486199,14.061629077353377
agm002190418,15.477934274664424,13.813868158597254
agm002190645,10.644763303151063,3.8512370235522426
agm002190697,10.839672055548542,2.4272602520467075
agm002190782,11.345825338890057,5.926230242243713
agm002190937,8.611350485355059,2.9150042829192397
agm002190991,9.30339189967116,4.9557632149980755
agm002191120,11.362261157590238,4.561116777756529
agm002191306,10.915262118845366,3.925262881677419
agm002191399,10.975016542194247,5.3312646272398805
agm002191518,10.412190523323845,6.479348708897083
agm002191590,16.24803840216288,12.915030175643649
agm002192446,13.209039436514145,8.872671097195544
agm002192451,13.412254421996176,11.34859644666672
agm002192497,12.628811651586348,5.859979381901935
agm002192705,15.2352787716317,11.101981872325064
agm002192810,14.34281701203166,11.700750725179317
agm002193000,11.648483205312488,10.791498458907485
agm002193002,11.306431561179641,10.398489955522654
agm002193190,9.133689491544985,8.721794313196185
agm002193322,10.007648984652956,9.708940158623019
agm002193508,11.934616316026707,9.386431627159919
agm002193620,14.613524047333613,15.907776672752172
agm002194609,12.797953512229562,8.998692337278674
agm002194750,13.865643177027845,7.986615482171791
agm002194774,12.338292417606443,10.402945113886492
agm002194849,13.92855472589496,9.100772491951048
agm002194873,13.104751255898,8.315303763170213
agm002195580,11.031633954019837,9.334501272006557
agm002195692,10.17424623143802,7.144147541797278
agm002196070,11.682667709784045,11.00465571796174
agm002196881,11.337801449983694,8.708929171215269
agm002197062,12.136364460208789,8.867027870262342
agm002197303,10.935792779979234,7.141181177006663
agm002198044,10.089904511440048,5.5044825935161334
agm002198237,12.331281573830315,5.872389434669462
agm002198239,12.055963978464465,7.207088185576486
agm002198370,12.723695796634813,9.646595604536689
agm002198542,13.507185345405208,11.851593064421897
agm002198643,14.101222081633708,12.434129702397012
agm002198783,13.428776944206348,9.194398341574255
agm002198979,12.799283513262429,12.597007815921705
agm002199124,11.685603778640179,7.900112939957324
agm002199246,13.539266314208545,8.530288709566625
agm002199380,8.727749713303783,2.620610024408222
agm002199437,7.5857852497596,1.4977145415653226
agm002200004,7.43239852723443,0.3989980258082812
agm002200026,7.21673734877151,-1.0122087437373903
agm002200756,10.979677028445176,2.9744155484218253
agm002201316,7.260964559707066,1.9503541848194725
agm002201321,9.991239376522694,6.670212745292222
agm002201398,13.177317158364657,14.384008628691655
agm002201433,13.015921108781681,12.455522103490898
agm002201918,7.6537568301032834,-2.0084633545891464
agm002201933,7.77348414597972,1.2425836318818693
agm002202332,12.344394934703928,8.758861130943806
agm002202336,10.759897873450683,8.196802144771782
agm002202482,12.49461213789382,8.672056745277667
agm002203153,11.738253085541938,9.496577155768858
agm002203187,10.757165882450597,8.895947994767633
agm002203325,12.387046827510733,11.249443077453785
agm002203339,12.084382884466272,9.126624491259777
agm002203351,12.550697120612924,10.931408583681277
agm002203754,12.844153872008548,10.705314795871853
agm002203815,9.45457853733168,5.844986570620968
agm002203864,12.1886528744894,9.054890048729371
agm002204065,14.129073646256714,13.550039594812683
agm002204244,13.28999478259919,13.299230762522486
agm002204415,13.107742742084476,8.395882969751847
agm002204507,12.597397794371098,8.46490616671492
agm002204511,13.659545840806643,11.852224000192615
agm002204619,13.577156362020283,10.316470951463282
agm002205138,11.972662469732201,10.146484424481443
agm002205368,11.12396182134045,9.241726928116316
agm002206118,11.247936977833062,7.461727483604434
agm002206752,10.780469125874937,3.384158957975876
agm002206753,11.300037949613207,7.7818036235331105
agm002206913,11.671777192140894,4.303192333153905
agm002207503,17.347585552765064,19.72433994761023
agm002207636,10.948773169880406,8.16916017632614
agm002207642,11.643690025148928,9.064884095834236
agm002207652,10.838354619830367,8.090591538883071
agm002207835,12.49524899030928,9.324922728175151
agm002208047,9.698490712479183,6.908870364946615
agm002208109,10.016197927028754,7.085546100276834
agm002208474,10.409136994616123,8.53815235033439
agm002208593,12.268271448776124,9.444743760879946
agm002208747,10.693564812984613,5.395029743575799
agm002208780,13.256651291555444,9.704603424841729
agm002208929,13.699072744233106,10.90085239940907
agm002209057,13.154319152315876,10.538582629318917
agm002209087,13.585538649576987,12.915834191313868
agm002209217,10.250878223729186,5.963545123296146
agm002209291,11.759929166008037,7.103162425465207
agm002209525,13.861213833366852,13.158950039601702
agm002209585,16.168768818947445,13.627915978262441
agm002210965,14.52124300734518,14.964624996277099
agm002212142,10.81064124189117,6.545364728561067
agm002213018,12.616216612818233,7.9485730814379565
agm002213524,12.889160092621504,9.500575679216865
agm002213599,11.564316578855497,7.974024743578411
agm002213606,12.275945808191144,8.844334208477308
agm002213693,12.332798683094667,3.8419537323391495
agm002214067,12.433267421331594,4.417882209818482
agm002214173,12.920939186603373,9.801648289053748
agm002214197,11.299615771866222,6.66980838383557
agm002214286,12.344113730430248,5.842606744517679
agm002214429,12.01878196237044,5.658633373951099
agm002214757,13.285529091085612,11.766972261985716
agm002214772,12.667753667227164,10.195924560917776
agm002214829,12.821694868770509,6.815091669874074
agm002214852,12.4020199967402,5.999442595174126
agm002214987,13.569865823121864,7.6349789519791
agm002215267,12.756924367524755,9.051551250037855
agm002215365,12.1062404246572,7.855442728805163
agm002215569,12.614321659735731,4.414448118341748
agm002215653,6.280177347207935,1.4316231746894783
agm002216382,10.936300151272555,6.943941195052392
agm002216895,16.920026993837794,19.078790337093732
agm002216947,15.132655102067451,14.181569755494197
agm002216984,13.335820252308155,11.787898317256433
agm002217255,13.942850956703017,12.739082494403211
agm002217274,14.915922565259478,14.49511248449752
agm002217439,14.190496424762566,13.431458436290773
agm002217705,11.755549956587767,7.74903250107384
agm002217714,13.532072272942498,13.413916476152519
agm002218003,11.447340866201744,9.251503994533463
agm002218072,15.47350901980277,17.38543712360407
agm002218211,9.181986656453942,5.742039135508129
agm002218477,7.849868020636278,4.370679634033773
agm002218530,9.432019599973309,6.534651210721471
agm002218567,6.270120763507048,6.593365613816178
agm002218652,12.587494352619041,12.372315155976073
agm002218949,8.705574564595496,6.403128966004481
agm002219166,11.277259846700638,7.49430108089148
agm002219177,10.01370133314001,5.901454611002144
agm002219300,10.856022271911275,8.188131620450381
agm002219309,9.47908803971207,6.279660123582513
agm002219530,9.406362613618152,6.734837387988193
agm002219584,9.79839380841066,4.892532320720441
agm002219639,9.12907769426092,4.063096995888688
agm002219647,11.465788807265026,10.63610554156066
agm002219780,11.23596738950313,11.532035121068631
agm002219781,11.770630694297964,12.055055505689776
agm002219891,14.180214621732366,13.88511077783502
agm002220314,9.184310256019094,4.2636172453938945
agm002220382,10.087663382240835,7.811574622812238
agm002220436,11.637379103677134,11.521663613948158
agm002220564,12.460703163616623,11.255627399506402
agm002220631,11.603829678274797,11.474712382542252
agm002220820,12.848789956909867,7.967283502716057
agm002220984,12.906266497860463,8.046503300758168
agm002221046,12.039138194305103,8.342756417500818
agm002221136,10.459813184920993,8.296465253530094
agm002221461,9.673489316471088,5.804892542014816
agm002221463,11.580127649139532,11.204118269334387
agm002221623,10.904868138072493,4.241916402540189
agm002221637,13.092587315999323,7.6866263366271665
agm002222472,8.960657390710189,3.56757611482231
agm002222576,10.763303693078099,4.035486870651843
agm002223010,10.771098001959059,3.944938553801606
agm002223034,9.024004586960155,1.6701325605953254
agm002223144,8.881693665602938,3.075274608444401
agm002223823,12.317632964105082,5.030228922127362
agm002224156,11.850146497344378,4.3761343832178
agm002224331,12.132391893231494,2.6292691509305555
agm002224407,14.780220561224752,9.793831491844113
agm002224582,12.31233095047415,5.276639091112981
agm002224796,11.734645518837418,11.946235488144005
agm002225064,10.417607159324051,8.930709366215407
agm002225142,10.498776420538324,11.220043961331434
agm002225198,10.117500708189295,6.796843195474016
agm002225235,11.038594214595498,7.912182450228364
agm002225498,13.621110911635576,11.019250049842826
agm002225654,11.880530849253672,2.465620621406824
agm002225947,9.262715522510698,5.187766570779114
agm002226069,11.336274569825763,7.235008782875757
agm002226257,11.891569852183153,7.345519683432068
agm002226397,10.793014654752593,5.748439660725447
agm002226415,11.001257855851453,9.754123643399739
agm002226433,9.202711719565087,4.832892274500992
agm002226436,9.405861246733002,5.124834685153304
agm002226441,9.641517390294771,4.812431670796255
agm002226449,10.46883174470818,6.0221702992957304
agm002226968,10.422959396809441,6.78277920406824
agm002227501,11.099233720627455,1.9873959550278357
agm002227540,12.944833375663,9.665579022683962
agm002227636,9.969822413806835,4.935932036316035
agm002227680,11.835269022173241,7.1462038701486295
agm002227721,9.945682816374207,4.717540028375686
agm002229172,8.946153223881407,0.2584249683861846
agm002229411,8.72300746372016,2.5308733201276845
agm002231353,12.45677743622796,7.151834942643897
agm002231520,12.685922201483471,10.35423831867646
agm002232220,10.702830855504006,6.465120338485024
agm002232247,9.332537533060798,3.190478994126893
agm002232251,9.418314537756313,3.301883481345693
agm002232271,9.731627574091736,3.711098662682436
agm002232493,11.621729810909525,5.91480757189963
agm002232515,11.198584486786615,4.3671958878071395
agm002232596,9.508691284488854,6.035473854433597
agm002232712,12.019163902574721,8.405251027242455
agm002232744,10.684143454951014,7.141852428575675
agm002233433,12.472796931202629,12.75260358219571
agm002233446,11.774354335537325,6.120425523725065
agm002233460,11.576254141493562,5.892992142195662
agm002233928,9.793714427391716,4.258615049988755
agm002233974,11.398538094555152,5.823166419969835
agm002234193,14.260154224423175,10.568512522456198
agm002234243,11.270834883074432,7.838215193258673
agm002234338,11.037829350879662,6.986932838546285
agm002234751,12.386987967227363,4.988928325315217
agm002234836,13.40183134527435,10.693837311739749
agm002235583,12.971754598704527,9.184945941087278
agm002235588,14.79476025853129,10.681590464923168
agm002235839,14.944626228665769,10.857350191216431
agm002235979,12.735777268585833,3.5161722831873004
agm002235998,14.602467040292682,7.1522899807246745
agm002236285,13.375087053156129,9.225573057537309
agm002236681,10.64235421573459,7.401312622625021
agm002237495,10.231025663515059,4.678514426696061
agm002237551,10.377462131596868,5.1890245596348885
agm002238421,9.612386171558532,4.885592241049961
agm002238510,10.980877811846838,4.451181258429281
agm002238563,10.483676499071835,4.376168320270238
agm002238619,11.02436512981631,5.218757821742515
agm002238925,11.997634071730191,5.7660084113722805
agm002238976,8.616131292705042,2.754792726256157
agm002239100,13.120491693336989,9.964689334600314
agm002239115,13.316295343702686,11.301512074714962
agm002240001,12.160497860845854,8.282860073201661
agm002240656,11.472748865052814,7.325614801475051
agm002240834,10.58748565656609,6.672386096080584
agm002241057,10.93861709535793,6.838043629627594
agm002241510,14.422003356912844,14.342387620854142
agm002241566,9.094046273095195,3.308754436232519
agm002241857,16.30384769460344,17.400085129776922
agm002243047,11.980793828707576,4.257861353801324
agm002243904,14.350709033387476,12.826515519897873
agm002244047,15.39202269526893,14.426632955399167
agm002244157,14.197863154172095,13.844213581286292
agm002244579,15.276955493107417,12.974477738202859
agm002244648,10.44434616560031,4.2722984700537525
agm002244805,9.397720686217244,3.229923912608319
agm002244849,10.551955183824866,4.499760530540353
agm002244894,10.126054717615729,3.730494492937117
agm002245320,8.771886497913947,2.553228432716692
agm002245684,12.908764443032968,8.976181369573123
agm002245708,14.722615200299554,13.180779655734295
agm002245757,12.916418427540052,9.661237818548702
agm002246291,10.572538911896809,7.916630461915655
agm002246435,12.784043584587373,7.765532615356172
agm002246553,10.658752479599343,7.479528380100782
agm002246612,12.955411327360675,9.357371437151517
agm002246728,13.227144564189855,8.429833987944532
agm002246752,12.941967163891704,8.863038841527194
agm002246764,12.035350094622999,7.72698951600005
agm002246800,12.045700917332217,7.750021433485403
agm002247024,11.78541991994942,9.572438985178152
agm002247436,13.22113084255426,11.329485922952312
agm002247473,12.646371633477267,11.361192599407762
agm002247485,16.198849227823125,15.681203792197246
agm002247667,14.944195168281732,12.976389401930897
agm002247726,12.770561161351639,11.35638993702423
agm002247733,12.89689466122977,11.50143668657274
agm002247768,13.014449017563438,9.328056267053553
agm002247810,13.267910533105672,12.516831149019524
agm002248287,11.019404826939155,9.360804382989333
agm002249474,12.106543478695935,6.529666478773893
agm002249498,12.613450664418052,11.181106367220522
agm002249715,11.302710800962695,8.584814135122388
agm002249719,11.10137359050412,8.388462849453639
agm002250184,10.087238805618489,6.528678961984763
agm002250249,12.138188708962703,8.241283501911948
agm002250419,10.79553976098831,8.641586437710336
agm002250652,9.649048607563543,2.289313266939269
agm002250858,9.872417266270414,2.2713589342345433
agm002250859,7.972937008168223,2.01857199375861
agm002252667,11.40401941463069,5.091983402801266
agm002252831,12.537837025692198,7.013648834840947
agm002253192,11.125537990971276,7.317188951044768
agm002253433,13.452059276430829,9.532061709485932
agm002253723,12.733936200140677,10.952730798247208
agm002254408,14.347547096665389,11.897543172309144
agm002254527,9.174378804501458,2.321944204378174
agm002254762,6.029207629787024,-0.5723982485242706
agm002255292,10.683087168444565,4.0588583223932195
agm002255542,8.791452020091056,1.9204425985809148
agm002258039,13.445372182915523,8.21656836441372
agm002259699,13.116834567264242,13.036675167012156
agm002260090,9.57986392760269,7.3964696278361055
agm002260342,9.257368216890045,6.464114868537954
agm002260469,14.438031929216672,13.412387344201084
agm002260473,13.477961547445943,8.549165899079945
agm002260564,10.73060159510109,8.799904076994455
agm002261483,13.705575771475148,9.6218071842285
agm002261579,14.92100667446633,12.602985774456313
agm002261915,11.891990538964631,9.487865674668631
agm002261986,13.28779770752934,11.41825715785763
agm002261998,12.68050420734004,8.329015402801156
agm002262275,11.22781075491578,9.338784078810148
agm002263045,12.140450728468311,8.772799991637013
agm002263104,11.09987470550356,5.696484526326367
agm002263286,11.105421807503076,7.698211899131937
agm002263310,10.451147582621335,4.691220686185501
agm002263369,9.786586246312924,3.0575343137183295
agm002263378,9.525067676110211,3.4918961300064866
agm002264516,10.360606149683102,3.197905817029233
agm002264645,10.392509677631661,2.032521750432403
agm002265031,11.194502901937748,6.959852490459447
agm002265903,11.438351087480774,7.0508763755214146
agm002266630,12.305020601270243,9.416904934774106
agm002266715,12.03278548620484,9.885961600400838
agm002266754,10.58927263396631,6.300977808800441
agm002266857,11.736861831691911,8.788337409516254
agm002266869,12.74443469537817,10.039156821121521
agm002266998,11.016246274107601,6.61896217775292
agm002267131,9.94003240043248,7.203180835118296
agm002267147,9.92872117861723,6.841613391237975
agm002267233,9.592984183558249,6.349151691567186
agm002267242,9.345757317891616,6.027602536534595
agm002267460,10.935968478219548,4.346615611026389
agm002267557,14.55822881675327,12.132289653458095
agm002268076,11.422740933996517,6.102565945055306
agm002268328,9.730290261820755,5.534817771128272
agm002268334,10.009024501476134,5.991618859123965
agm002269163,13.2029666090637,10.386934396144063
agm002272178,9.696381253227505,2.5044706212542116
agm002272430,10.316433872100742,5.139171568180302
agm002272766,11.998628724442115,5.757936945922192
agm002274898,11.944792354848365,8.002021870289658
agm002275051,12.225641236496818,6.368714996213512
agm002275092,12.445153556804456,11.869524991101173
agm002275188,10.900616352179307,7.269906491942201
agm002275399,12.577414226289209,7.734181871354754
agm002275476,11.999586243120179,9.114818405853903
agm002275649,13.058380554084982,9.375309911174758
agm002275763,11.217750392906423,5.794483233982449
agm002275768,12.439856123591664,6.079820583381905
agm002275771,11.275537021364075,5.887529797372405
agm002275899,11.5541408082349,3.9602337230396123
agm002275940,13.76871449565409,12.413834505610803
agm002275953,12.59857649558338,13.88912320291646
agm002276184,11.821321530677892,7.001562011241887
agm002276982,12.275051749638571,9.476669647550354
agm002277423,12.161059659597983,7.036759380799398
agm002277804,12.628346479928569,6.634085571842533
agm002277805,12.645054809075518,6.599139424490356
agm002277832,13.271459708442729,8.249960960055121
agm002278176,13.658198732676233,7.169164502885546
agm002278395,12.242524561265782,5.59454103958136
agm002278553,12.21861977062522,6.469243263772304
agm002279291,11.456893505531125,2.841523413592443
agm002279973,10.734054017817757,8.780275481248305
agm002279978,10.670181915174759,9.657851445554648
agm002279981,10.763930698556484,9.795741127313834
agm002280877,13.54883258259325,8.670429162330642
agm002280919,12.938772079346732,8.34701040975039
agm002281159,14.144878593121524,12.305958610196308
agm002281206,14.35859872132235,12.892277114343077
agm002281463,14.991862601372818,13.417633924930554
agm002281592,15.187189422958005,12.434521640503966
agm002281612,12.67714092097207,8.269334444976266
agm002281643,13.16679778549585,8.87901034305529
agm002281691,13.631431861169645,9.03045464789958
agm002281746,13.997902243425596,10.07920254384183
agm002282303,12.037399242125835,8.668324326886465
agm002282484,11.927778779508268,8.631499399666867
agm002282486,11.413311323483166,9.395405385321512
agm002282571,10.955161990612398,9.857200226898094
agm002283497,8.923789735333337,6.015062855674724
agm002283808,8.339658416775757,4.529382582692011
agm002283838,8.929631220778784,4.1835357298909885
agm002283846,9.392959316292236,4.3803187417675495
agm002283856,9.843576248302938,5.592315459574838
agm002284047,12.84461917449087,13.294999463021593
agm002284068,13.265111314440611,14.465808375693877
agm002284117,10.884686167028471,8.77865638913867
agm002284945,9.8010190069943,7.784715309140467
agm002284948,9.633890254211208,7.009127544861523
agm002284959,12.608696922900348,10.789661586129064
agm002284994,13.245964826771116,8.542983967681112
agm002285273,10.988287415619842,8.783131898828971
agm002285660,9.261277534454477,2.2326111860664377
agm002285799,11.79847182533454,7.8591857550160755
agm002285800,12.668218876696805,11.818186870211754
agm002285905,10.276805579313491,4.277877705460485
agm002286318,11.590254951680183,12.107120946444665
agm002286333,12.863419715112435,13.38709965447076
agm002286361,13.07939701832206,13.574234173732917
agm002286400,12.644039621664847,9.210222346424102
agm002286444,11.330705598651718,5.862641034551011
agm002286803,11.31324001267433,8.149922410086779
agm002286833,10.971947543504438,8.978959548898128
agm002286892,11.598339663034015,9.927689410270993
agm002287155,12.797876038501279,6.383006264317726
agm002287665,11.8658508057348,9.706301826396242
agm002287668,12.502497014286448,12.25008329618508
agm002288364,8.802853317436567,2.6886470061975998
agm002288761,9.917653674320295,-0.01607966307207853
agm002289146,10.797533084867128,4.01662857901157
agm002290570,9.668091543092165,2.562274917330152
agm002290571,9.294645611180554,0.9771789851046435
agm002290589,9.758103910853363,2.538299589432885
agm002290629,9.755857118656627,0.35420879771888814
agm002290635,9.484110902453777,2.1481455428190124
agm002290788,10.331508143212137,3.5042620144607888
agm002290921,9.678186713564731,1.231959302907411
agm002290960,7.996254696114299,0.705729223381498
agm002291021,9.910495183978803,2.296994427705849
agm002291036,9.698878799798601,1.995638820834957
agm002291775,13.793195589810859,10.308507531526473
agm002291791,12.255533282540066,7.200319848391527
agm002292147,12.216720906289016,3.480705548179337
agm002292324,9.156749876274876,0.961859290945631
agm002292378,9.615568676219558,2.246117638493839
agm002293258,11.962196607195246,9.677199483737231
agm002293349,9.731881583596456,7.321960563909186
agm002293395,12.199600136119344,12.03911204060104
agm002293500,13.716881617801395,12.640214951461562
agm002294749,11.581812826129198,6.748966008079475
agm002294796,11.754439132705436,6.45436115554898
agm002294828,9.959320040461328,4.843752203363952
agm002294837,10.557229479189115,6.943069551058246
agm002294851,11.496275730331115,7.882385281507905
agm002294882,10.588841917688393,4.852784891826684
agm002294995,11.15286130545401,8.808300726261182
agm002295178,9.245463839902294,5.821202721839121
agm002295203,10.964245019594955,7.893034953010474
agm002295287,9.457647449862252,6.030091034749174
agm002295460,11.275704219710986,9.418203434161457
agm002295705,12.968612322745052,10.780452653886924
agm002295708,13.213826290358028,11.49011150459637
agm002295727,11.07557358847338,6.4304823329066245
agm002296063,10.870322546483239,3.4167257031992775
agm002296640,9.722043188733036,5.251786524844325
agm002296659,9.701173588271505,4.815319801681974
agm002298321,8.204264664967363,1.2270541656567449
agm002304887,13.383776832469263,8.53880077029335
agm002305053,10.192344447675838,6.558107776445971
agm002305058,10.61880684195498,7.76929042029954
agm002305062,10.275923671690217,7.383445917953863
agm002305070,9.360051791348182,5.565426800677661
agm002305073,10.946778001576837,7.460801349017655
agm002305120,11.238898273615836,2.0381105625485842
agm002305349,12.421361894540281,8.849219923151416
agm002305596,13.173154866784586,7.930224187972172
agm002305630,11.889848107401521,3.0377337801991757
agm002305868,12.439748574070885,9.295232613428416
agm002306192,11.34983915611015,6.658650383874905
agm002306241,9.311007817696337,3.268750778771288
agm002306911,11.841141109047443,9.707783006152633
agm002306916,12.361885935481801,9.415497840338482
agm002307086,12.978022150099278,9.743196066413756
agm002307196,14.720123939865807,11.591813653351778
agm002307312,13.377330113575473,9.338670905643985
agm002308042,13.031793408539833,5.299943521789094
agm002308224,15.812540300733566,16.469317580968998
agm002308517,12.83061767448192,8.364456483228793
agm002308534,13.875520057491851,9.661818784562005
agm002309062,14.840809164128304,8.326942909148803
agm002309149,12.245545787673858,6.894215981181475
agm002309236,13.047809327076815,8.593057531628824
agm002309339,13.402599567058612,7.942193527010133
agm002309501,12.262992742015259,1.926057660060226
agm002309767,12.420797755101725,6.799893438255697
agm002309857,12.472875478830135,8.126578010906137
agm002309999,12.013663581826874,4.601429568774039
agm002310132,12.438390103457081,8.112628825005482
agm002310154,13.28820319513453,9.372270158034803
agm002310451,13.785127525480563,10.24703000861232
agm002311071,11.786684318929515,7.54317192792125
agm002311443,12.142302660485104,10.940219139125032
agm002312991,11.494030907479189,5.190045429463204
agm002313129,15.376793626314644,10.25688252152048
agm002313670,14.268827742076244,12.15304118925702
agm002313796,11.237718221267448,5.765556550216494
agm002313816,11.4511284740422,7.9566685653402045
agm002314112,13.48338959771343,11.242428308969604
agm002314306,12.997295671031056,12.348942909988672
agm002314359,11.65265977446328,7.002591895053879
agm002315115,12.727493150869064,11.818822502962336
agm002315176,12.773839673839836,10.610742317108743
agm002315540,15.89116916315922,16.53268346144244
agm002315541,13.121305651372031,8.997182861949083
agm002316227,8.966812190653162,2.27222813318496
agm002316478,10.782446852300478,4.314362150623481
agm002316910,12.824265086691161,9.306838439939249
agm002317223,11.673869737600647,7.775134530282536
agm002317279,12.320755023012365,3.4158166200608115
agm002317611,12.690260197094522,7.560885957776144
agm002318319,11.251896860426701,2.9339288639197534
agm002318725,10.711273132796038,5.073635780649212
agm002319941,16.051472590676966,15.266075315076568
agm002320633,14.327539458399647,11.31709954666247
agm002321004,13.63696544054626,12.677109657277889
agm002322064,9.906634637657445,2.266556084943943
agm002322281,8.753726168215893,2.3360834563514694
agm002322921,9.867276864218761,3.728817726764339
agm002323441,12.836496318302812,6.781529311297784
agm002323454,13.083315418496221,7.793263404252147
agm002323565,14.384872083851333,12.345439954471509
agm002323593,12.887305114330934,7.391154705244794
agm002323728,12.832751018909896,6.108266291794958
agm002324215,13.280743342568169,12.962077751849945
agm002324409,11.5757017670987,9.845995292725844
agm002324410,11.315355946311021,8.334057676939073
agm002324450,11.324782686020635,9.152139792877703
agm002324488,11.6543764183261,9.623012577013704
agm002324497,10.979758713158965,7.884878363628221
agm002324795,12.037164015945914,7.000027745682139
agm002324868,11.479385022082203,7.930295891408711
agm002324989,10.881413166023943,6.091450483398077
agm002325003,11.81635840622162,7.143697578953753
agm002325158,13.017356059072746,12.445104035392921
agm002325373,11.215546227813697,3.566027844203914
agm002325413,12.892963273383494,10.667143656173625
agm002325812,11.586022407482437,7.054161878442429
agm002325835,12.416298720544738,4.538331927716982
agm002325845,12.23566657353474,4.071432635971881
agm002325899,13.21411666858028,8.447489747986559
agm002326423,13.37430034864257,9.821194505391125
agm002326618,13.769381881141289,12.023097020046256
agm002326661,12.896808606896728,11.717072223949701
agm002327056,13.779468000331878,12.56064636182672
agm002327171,9.380007407944852,2.3654699245263195
agm002327689,12.440422813960218,10.461850233579385
agm002327706,11.802205464250106,11.354091184024965
agm002327721,13.964345836195022,12.588623647066694
agm002327842,11.700105025645165,6.485672727187419
agm002327849,11.995757834482015,7.885738333458896
agm002329681,11.713849998988202,5.087536431420593
agm002329682,12.709449141287921,8.589324404663799
agm002330331,14.381902348853396,13.01465942238401
agm002330347,14.141511327213777,12.731089325473388
agm002331197,13.498766235915399,13.511686790566975
agm002331718,14.168098119975728,13.646107382458244
agm002331738,13.596906983791579,12.937621984823428
agm002332067,14.981930057324279,13.398319526293475
agm002332251,10.998646852611097,7.830041681799952
agm002332284,10.635009051194244,6.877943280689212
agm002332292,10.542340872632474,6.729723121802498
agm002332731,9.799536155840356,5.842216890664261
agm002332756,11.441554409282492,7.458535253305028
agm002332867,10.412575429948456,5.447859922739312
agm002332899,9.493394669184598,6.67195886894162
agm002333119,12.42715403270307,7.174710955533766
agm002334636,13.425447553100845,11.097363749040705
agm002334707,11.216529229712371,8.616978705869384
agm002334777,10.933383653513937,8.017069762770207
agm002334806,11.330499168784606,7.65740226012772
agm002334811,12.52682517723917,7.993456515743036
agm002334836,12.210218701983035,10.83626094594407
agm002334890,13.242962603731732,9.415431780202702
agm002335078,12.54133828908708,11.621072924940782
agm002335142,11.960074004186275,7.508081895762982
agm002335655,13.750762577119447,14.380119177972846
agm002335680,14.978294321831628,13.018289679881924
agm002335727,12.964492022080854,8.681564811987615
agm002335788,14.206997389954914,11.810505501198934
agm002335828,10.474877802261224,3.891388593356428
agm002337307,12.532084206551357,10.596060249517738
agm002337310,12.900607176427812,11.050991182746468
agm002337315,12.797513438982232,10.756951612822208
agm002337317,12.392492518256844,10.314006265163954
agm002337320,12.167255135332512,10.043558007140533
agm002337338,11.834656128369117,10.478128970850785
agm002337435,11.688814800565904,7.614288903051298
agm002337664,12.161826826016584,7.744723766842443
agm002337675,12.885730204824284,7.578762951331575
agm002337718,12.810134379763184,7.473724917161832
agm002337741,13.780835059136603,8.67807369688083
agm002337792,12.61640241504047,8.86553844164506
agm002337804,12.714073607009546,8.969896589048659
agm002337875,12.152669120158157,7.07841946997395
agm002337916,12.856404119929616,4.774118987005535
agm002337994,12.024151335850085,7.918898410959126
agm002338016,12.242953773427338,8.832365186657201
agm002338855,12.843137782209894,12.051750128238096
agm002339009,12.822533271567423,6.936741854314076
agm002339051,11.967042034418865,6.643336323331677
agm002340001,7.423575489512632,6.18264386310529
agm002340004,10.463296431712724,4.108335115501748
agm002340916,15.932507501477156,15.944390846304998
agm002341182,13.237148879259182,10.996819624782265
agm002341298,13.546524271932256,4.945945597032988
agm002341319,13.416626358429701,4.642226490022127
agm002341749,10.601552801090088,7.481702266227944
agm002342191,15.524539397256879,14.832019998442538
agm002342265,10.964226977415576,9.905804012742879
agm002342336,8.968121092909618,4.353062479228072
agm002342375,7.444232554605764,3.7908571769508415
agm002342414,12.279211165584174,12.349315399842265
agm002342527,10.44372395853336,5.820424541209776
agm002342543,11.267922301484345,7.047696787544843
agm002342549,10.47940811136842,5.894507831422799
agm002342582,7.428482139022649,2.7696755898553835
agm002342636,13.116215780006279,12.171363079886724
agm002342678,9.601016656296288,6.427582993931129
agm002342682,10.900116768837092,7.2662118528484845
agm002342717,8.922639405554847,4.770787809719241
agm002342721,8.737421422008234,3.3606013650142437
agm002342775,10.090525405596553,5.773095011298033
agm002342802,9.685730080516505,4.0123492704657115
agm002342850,12.657377084409699,12.582810406048065
agm002343326,11.7759457841259,7.4630396171010425
agm002343392,11.472928970966866,10.38968597430355
agm002343415,10.431935158902398,7.259240817449653
agm002343640,12.367015527371397,11.719722754361117
agm002343714,10.870196532300634,8.90729738451732
agm002343979,13.099532975655501,5.6801949337977335
agm002344054,12.987698917809437,12.299313212984574
agm002344069,10.47523607138497,5.3475955963884845
agm002344123,12.11729153507388,8.488577499042947
agm002344125,12.570501911947671,7.771536165717211
agm002345002,10.628359263977936,4.798521163417039
agm002345252,10.228971208490467,1.6132246739793374
agm002345368,11.577370470854769,8.182464155248097
agm002345378,12.907130066968085,8.576360716605807
agm002345379,11.425319632109831,7.9767793413290775
agm002345434,12.10392820139925,5.873428339786545
agm002345477,10.740610904714883,2.6925456381525072
agm002346272,8.22874476126761,2.2859499640750824
agm002346294,10.858876872186887,4.298416901573594
agm002346309,10.140809148606717,0.6910915229217913
agm002346394,9.921107866964633,3.8219801403815494
agm002346496,11.731311253651757,2.8767397499808043
agm002347336,10.339412842423846,8.280676642929947
agm002347342,11.359239432594803,9.007530986777072
agm002347361,10.970659635544926,9.520810549645141
agm002347377,12.568722389207105,12.352777043360792
agm002347410,10.516880878381729,6.609669648376809
agm002347831,14.534174891951476,12.052413496418373
agm002348067,10.24273282561715,3.8320848947046975
agm002348236,10.677487782999437,6.742847648335396
agm002348274,9.891639403719802,5.707221913029091
agm002348281,10.256742859503978,6.241825705091561
agm002348299,11.294125311037453,5.245275928923979
agm002348584,12.6722874496725,9.375272713046344
agm002348636,11.168802231453997,7.058937792279532
agm002348661,12.195890068029826,9.156227277001888
agm002348756,12.90247203822138,10.01300704351044
agm002349320,10.262661622735395,5.034696363175641
agm002349525,9.164840334711908,4.44055424435159
agm002349571,11.157672946988605,8.546653988353382
agm002349825,13.69648979546367,13.87581135094643
agm002350119,11.574548290279685,6.193783588422423
agm002351569,12.563713793283709,7.755561237199313
agm002351700,14.152613678203371,12.301834057317262
agm002351718,12.968340255603191,8.972805785304148
agm002351755,12.572561552028475,7.377388888461567
agm002351760,13.232726761557688,8.92750398828914
agm002351806,12.469385968720175,7.74970276824579
agm002351852,12.599842212397528,5.149841605677361
agm002351929,13.205581916870424,7.275855896456842
agm002351934,13.327677765936974,10.569056590775567
agm002351943,12.261612780668536,3.236243682883627
agm002352974,11.899142174939241,6.9346498784131665
agm002352980,11.88651639876756,9.009980582819834
agm002353139,10.783463299808894,5.94763545120193
agm002354309,10.884118245224307,9.078279371744271
agm002354321,12.483837312979947,9.628652267094683
agm002354415,11.059080363009166,5.135795881623623
agm002354465,9.883268968677733,4.303589468880126
agm002354582,11.676196491383404,6.803620958220222
agm002354600,11.039135985997442,4.306051716188854
agm002354616,11.493713490390256,4.6941158928488775
agm002355015,13.22763905035839,11.221118968048337
agm002355097,13.676635754788549,10.658034367914196
agm002355385,12.028067031088693,8.867425672985771
agm002355438,10.149094110015623,3.9820260702560333
agm002355565,12.29075279568907,10.39128870003471
agm002355685,12.510127087999061,6.3189748796657215
agm002355854,12.773210053272363,6.149901518401744
agm002355863,10.077814363509459,1.528362643564068
agm002355883,10.734339617629079,6.309737317701033
agm002355902,9.716491382770675,4.89274151246391
agm002355941,11.771705216590142,4.7543328558331694
agm002356027,11.60102824810963,2.263581893095304
agm002356032,11.484089417899197,4.992278675566712
agm002356155,12.168165603542887,4.8137546618482405
agm002357219,13.952007814050448,14.612828447396723
agm002357479,14.90701991203898,12.608590644652617
agm002357480,12.60227813261863,10.317940233891628
agm002357818,13.338544878428724,12.113815539971844
agm002358489,11.300695388022433,6.871329173973694
agm002358798,13.634984563475328,14.265955019048112
agm002359395,13.763154164602026,14.083181674672398
agm002359633,14.061220826949672,13.960250560492751
agm002359675,11.511116700589247,10.335743231767383
agm002359956,12.712564064629737,11.623084651193242
agm002360004,12.560999011034927,13.196279874710758
agm002360094,11.933780174028582,11.823884687917529
agm002360110,14.246625013105055,14.466270588971495
agm002360170,12.537917615962625,10.192824036095994
agm002360175,10.830975161003858,9.380426469355667
agm002360231,13.181327378382651,4.853404632772334
agm002360243,11.255984755138781,8.614732167293445
agm002360307,12.419638021940505,10.414096240979616
agm002360344,12.116395210026242,4.531577154766261
agm002361319,10.954217421452242,4.8635557943889856
agm002362059,15.580959763348408,10.919080412444158
agm002362107,11.291352708783137,6.626723394077536
agm002363335,6.461881554714492,3.4670343466239624
agm002363498,9.388590492747554,-0.5067645283732188
agm002363530,7.868816530973188,-0.32336622318793573
agm002363578,9.296787534837174,0.6548393576108928
agm002363723,14.088824263711567,10.621509354747952
agm002363730,10.507841354165052,4.955721619548315
agm002363731,10.612354645206725,5.491867371718461
agm002367171,10.829604216592186,4.275267031890446
agm002367345,13.968457952342389,12.403756898428934
agm002367592,9.547862493397057,3.458868266245973
agm002369906,11.476245119210915,5.3808240774616305
agm002369965,10.240791724979287,3.176465826018811
agm002370140,11.737427151107113,2.117587150702775
agm002370553,10.797638905062728,4.29420682242198
agm002370609,11.692024368359654,8.886545767423534
agm002370790,16.912919419957,18.333071504502545
agm002370987,11.88757994726295,8.37258576388914
agm002371033,11.672750914371473,8.930562697816526
agm002371119,11.803651162890109,7.792814135146567
agm002371153,11.272847033079321,8.962254528556995
agm002371187,11.630910397397663,7.921463414118361
agm002371193,11.235294802445935,7.307752110832509
agm002371271,11.375112930111984,9.509314914655329
agm002371274,12.143247904959606,10.657308776965758
agm002371759,11.9011868718212,5.3148223104849945
agm002372916,12.339703786561486,10.092784323369044
agm002374467,14.401141191011599,11.06496950126588
agm002374582,13.49319297951046,9.287978439847043
agm002375174,9.917984453227323,8.285957887989422
agm002375313,11.78350611383062,10.237012733689633
agm002375409,13.187866765207037,7.573474275296229
agm002375621,11.972819147353054,7.772907682746879
agm002375622,11.595669041568692,7.168615808440588
agm002375998,10.335455945663329,8.39429779514682
agm002377249,11.512866452970394,3.0157640610045195
agm002377306,14.251945371703297,9.94824764164359
agm002377594,11.867772207095616,7.978514091758116
agm002377612,10.615680546306105,8.671351025816088
agm002377638,12.774737110128475,3.456565971198259
agm002377774,9.569003221171672,5.532273799982782
agm002378078,14.429954993421578,8.2061727199003
agm002378201,9.969984093841848,7.614463290783766
agm002379046,12.652478816449614,8.887396719578584
agm002379076,12.343608347047216,5.974398014638449
agm002379240,13.864770512290937,11.508736562983538
agm002379297,13.263223550209238,9.13749719305883
agm002379530,15.08261837476313,15.782187631951908
agm002379582,14.472490818477775,12.764842964985501
agm002379710,13.025727812184092,8.053929921843189
agm002379756,13.612310535106767,9.461913796439521
agm002379758,12.63839308699458,7.473945025084763
agm002380223,13.014689586551752,6.363297315540851
agm002380239,12.5588337894811,3.9190258580777284
agm002380360,12.160397884586132,7.387326244010931
agm002383792,9.114115746730933,1.8682636747303694
agm002383806,8.991728051358038,1.178166611590946
agm002384376,12.378291533893751,6.082034282588647
agm002384571,10.276390124497205,8.076368273752054
agm002384728,11.093303309920975,6.367113866859503
agm002384729,12.016022086926071,6.659439531877766
agm002384824,12.501362066918565,13.82394162124743
agm002384948,13.70355699934692,13.801388822229569
agm002385293,12.203518728376899,5.285001052292522
agm002385411,12.538003722911272,10.605839272866993
agm002385525,13.525802720386421,10.28759009990821
agm002385594,13.778645532887598,12.014904343611581
agm002385637,12.938692414966459,8.239663105520002
agm002385776,15.04454558952819,13.562056656263707
agm002386093,11.298543233951944,7.710189578301924
agm002386165,9.981314303531276,5.042071511693955
agm002386180,10.746247376000076,5.8204130340910325
agm002386293,10.655060045190563,5.2267529848867085
agm002386297,10.696335504887038,6.547924718009157
agm002386485,10.221602420508912,3.4429007562773806
agm002386666,12.425664279565478,4.675155783541291
agm002386921,11.766429621647221,9.85098942439142
agm002386978,11.02220002608721,6.582119028996332
agm002387002,10.516043793160128,6.310899916540737
agm002387164,11.7742866617934,7.9113782994078194
agm002387204,13.78646128522087,10.219170852900465
agm002387255,7.859069052916645,2.6799133263332386
agm002387836,15.844481270188401,14.024440522443333
agm002387973,9.205253853443766,2.7357652733147417
agm002387986,11.35530713941822,4.804611964620094
agm002433306,10.096699321201665,1.7425391851791119
agm002437434,14.980082079917745,16.948763659348494
agm002441043,16.63556908909818,14.851472426497404
agm002444968,13.205886209049197,12.534570198839164
agm002445134,11.267588673203674,9.231662860531964
agm002449630,16.42939916004959,15.48402073743225
agm002479708,13.289058355047938,10.938396073246842
agm002486826,7.614966222884891,2.3966192396129573
agm002487107,10.064118646733473,5.617427991741247
agm002489068,6.08256721731663,2.9026050708168567
agm002489958,6.68337067484169,1.2148428661269606
agm002490355,10.804954629436525,6.078645508359537
agm002491523,9.506064274296019,4.635660252243184
agm002493090,9.337472586930291,4.031924883214804
agm002496001,7.723376042298898,1.4993364557888653
agm002496497,8.7831015209879,4.3455531079240854
agm002500500,13.196973754284937,17.803554281102315
agm002503810,17.271509959046476,19.690844598265276
agm002533104,10.481075146556076,5.100575109916375
agm002533211,9.200844460121036,2.697182864468677
agm002538568,10.901283037844433,8.84091799228634
agm002538862,8.688884029942242,5.530617485679903
agm002541635,13.671207255678265,12.387598463719566
agm002541671,9.640412812764636,2.5744444366173838
agm002557126,11.192903758742819,9.880237101520382
agm002560965,12.696780283835086,13.11499610191446
agm002563541,13.447404769337101,10.386860455057313
agm002564031,10.896956302131898,8.405958412891485
agm002565430,11.964767898147684,11.833636521111092
agm002565833,9.41032850013266,1.889291614776063
agm002565837,8.986312614569483,2.914084950363325
agm002580039,15.445012542903694,13.804496174831197
agm002580145,16.417066468712765,13.658638425044279
agm002588347,16.73792301907406,18.633563389622662
agm002634309,10.742187100759276,6.752160718112881
agm002635431,11.09274727198611,7.8211361647727
agm002643054,15.432863678574527,16.136276947237086
agm002643914,7.199246739747333,2.531608989769256
agm002646767,8.48055802284878,3.7785277193355613
agm002655487,11.767375639582475,10.838891674942058
agm002656185,12.01144046298704,12.006950596080332
agm002656429,14.108103849570185,15.58622412622316
agm002664428,11.228058199863085,3.6687729568871923
agm002685804,12.398578086804033,2.3691062102645315
agm002690338,7.450101749312824,6.036414785422741
agm002691451,10.59803879625442,3.4167736890938514
agm002691681,9.718236296399382,2.933016122566677
agm002693125,9.131186030966838,7.87962310396329
agm002693309,10.062154655262258,9.57695668838109
agm002693681,10.093910549219022,7.822077911978543
agm002694384,11.468533461952298,10.234902662475227
agm002694433,9.777997635268573,5.170450963105001
agm002695685,10.783366660733066,4.915504061251134
agm002696841,10.917640394580415,7.736798491870347
agm002698393,10.721806162280552,4.652346962086895
agm002699666,10.819815954147012,10.18588640397299
agm002709872,12.372195297189613,13.207557497235802
agm002710296,12.288013635286076,15.923132222968174
agm002711444,11.956866267680093,12.248472745481003
agm002711640,13.166135278358606,11.405186784974077
agm002713600,12.37017462020142,1.2907591843864417
agm002715581,10.606744029274578,4.970152239087314
agm002724743,12.474211278743807,9.0416267952775
agm002726005,14.318837097060475,15.366175724931102
agm002734762,11.291065593563319,2.457395471602741
agm002735022,11.46024327422112,2.0370887800197472
agm002735310,13.380590456402611,11.637291611942933
agm002740723,7.779726565354749,0.9109660011116194
agm002741707,14.49330011112411,15.264332488160797
agm002746612,11.513726951199716,3.9948330602805022
agm002748502,10.5003324911854,2.172986667971756
agm002751012,10.533973408937431,9.213831945638011
agm002751663,10.507961613813947,7.132648193719962
agm002751911,13.747769104332011,13.287208731765501
agm002758040,8.477584277443608,2.8387147355852056
agm002762023,11.324728047857825,7.972410199094938
agm002766205,12.677515493349144,12.986485620527857
agm002767482,12.342395821814575,12.783480077857098
agm002780850,12.049518638174192,8.950906449991002
agm002783879,12.644052254190916,9.858437784702017
agm002784712,12.98116415017134,10.211993598126119
agm002908082,11.06042292156979,9.560930647676305
agm002908120,12.786107368703101,9.9552161730148
agm002911883,7.968357609214868,6.218028192866468
agm002915699,11.871727579168521,12.261820029112211
agm002915804,16.188950471159416,17.131188148151566
agm002919601,10.122691298008991,9.261321982631133
agm002921459,11.815647820428783,10.915210768964625
agm002921730,12.928292547572298,12.4442462052377
agm002921778,12.457130366815603,8.466513777126485
agm002921877,13.945807523211865,14.105982508945974
agm002921897,12.921926635187884,12.864291562140199
agm002923650,6.911740034070637,0.0022231111834614126
agm002924171,7.076500615557803,0.43992968126478615
agm002924355,7.419524578927346,6.372554468388427
agm002925122,6.2066473677452985,1.4325745171495683
agm002925285,6.883475841226533,4.010787597370873
agm002925483,7.4814518175703935,0.028005717424241537
agm002925861,7.432116916203664,-0.037351771901271036
agm002925962,9.419697304534127,6.033194009499664
agm002926182,15.269437114222175,12.826976721212493
agm002926251,15.679851603881303,16.495533460795205
agm002927674,15.980150927344795,16.966400233908978
agm002927676,15.517858367223727,16.372186092979582
agm002927949,12.803162192402329,8.564822722457954
agm002929161,10.11048325109868,6.27459556070273
agm002929193,10.595136715505813,10.604187728960198
agm002929602,9.366932432854798,8.300860624012024
agm002929617,11.952585468392986,10.734131672513541
agm002931017,9.889137134631376,9.29158507428133
agm002931035,10.37346366544317,10.007641669359487
agm002931091,13.623942936690373,12.490071346289792
agm002931248,11.717694623506146,10.891797807668484
agm002931293,13.324286065950428,13.525649264576893
agm002931525,11.930011460826536,10.013250110439753
agm002931756,12.786945756734578,11.253183367861977
agm002934406,11.10660754217659,8.005938925498448
agm002939014,9.169374199554163,3.800220797393487
agm002945981,9.684014342461197,4.1132824588042425
agm002946123,10.046977720217741,8.291014527470258
agm002950236,13.12994572687748,5.33235513464318
agm002950623,13.588419305157796,13.90371579460199
agm002951443,12.001806461799914,9.897829936416345
agm003031822,14.267765044905723,13.41888088676537
agm003031856,13.729968285673733,12.655838566769118
agm003036207,14.437523272078012,13.503859178222521
agm003043138,7.903274750374583,1.134724039939087
agm003054418,12.090110716979025,10.589173579062615
agm003054621,14.014044914607274,14.168295354431491
agm003054641,16.379046234331607,17.895490846594846
agm003057420,14.734684113755991,14.361990497862493
agm003057422,14.640623802357792,13.928793919617716
agm003058487,11.766244948977667,11.31832501984891
agm003061489,11.988995889142453,10.202919858204325
agm003062288,11.541394007871203,7.216652023073716
agm003062395,11.503542649460718,7.558473519795925
agm003062628,10.301525113953868,7.942426081942996
agm003063415,9.839827560720682,7.9510637332918375
agm003065468,12.511996689584045,12.604145812713023
agm003066009,13.181520482761336,13.194965191826748
agm003066332,12.787431597245307,12.464283852534649
agm003070364,6.289005490955688,0.9983965528573743
agm003082154,16.944248060131468,18.460177027041784
agm003082642,15.103566725884889,14.381540197320824
agm003082742,14.653947300860628,13.770478150691416
agm003084782,12.301067574671238,12.027898816948875
agm003087673,14.967615067991092,15.797625936962339
agm003092240,11.728363250126607,11.002142024116198
agm003093874,7.517536468178579,3.9999035711975948
agm003095455,11.04734423788915,10.879302243088118
agm003096016,8.240971137502742,6.169432918018337
agm003096021,8.640289166424433,6.830529703545076
agm003101411,11.97927235049369,11.552386126435154
agm003101955,13.568257940419173,13.788090839892215
agm003112455,11.194132678798319,10.43944903006268
agm003114970,11.277301600962938,9.3132524400178
agm003115753,12.310464048904137,11.017009285382011
agm003116304,12.90512406390343,12.692843957778402
agm003116314,12.944803148525729,12.673653338915337
agm003117072,13.385101562785488,13.349587075130266
agm003117075,13.342895238190481,13.347228824043752
agm003122048,8.084544355493515,5.07051451887017
agm003124886,7.474651502880975,3.513678096404247
agm003124887,8.448845684872039,2.9934152001397356
agm003135176,15.507224649315825,16.017308936977255
agm003135202,15.031877670447521,15.742866802742206
agm003142277,11.43927213491804,8.801808064225702
agm003142944,11.12872247951193,9.079785456591665
agm003143786,12.300908186988138,10.733446236395901
agm003143830,12.047259642440565,10.13716246168745
agm003146934,12.678730623653705,12.140979372583912
agm003147126,13.81508762115361,12.627718837181042
agm003147397,14.86861393598579,14.219152445873974
agm003147491,15.313212126975346,14.380067675007739
agm003147912,14.44281523384901,14.511583698768709
agm003147923,14.450695151806526,14.508940034974096
agm003153740,13.431016195854264,13.823360016030763
agm003154711,13.863042059264782,14.308891760652731
agm003154712,14.200359917262693,14.86959321938334
agm003154955,10.627179553496406,3.2858409885040403
agm003155230,13.546801173131813,11.881885546533333
agm003156881,14.417981182188024,13.519471109606753
agm003156985,13.539627664904886,9.41443546949472
agm003157199,12.423450437151413,10.689171635456322
agm003157286,9.836832717957224,11.807296709613432
agm003157405,12.743995781662173,11.64351941995029
agm003157441,12.36277041269572,10.851084276383096
agm003157478,13.381260664953668,9.198522399459693
agm003157490,16.88331236813441,14.529563420489966
agm003157501,13.635003569854812,9.782707095497477
agm003157507,14.313636301899768,10.67622249882452
agm003157524,12.609702935334845,1.7652865673114722
agm003157546,15.575434938910515,8.525827964981012
agm003157581,6.9762218496502255,-1.6169038871593653
agm003157639,13.268493099517771,10.931074997885863
agm003157649,15.19973480769037,12.827321361895894
agm003157659,13.992112018170108,12.442123564640529
agm003157668,16.380661799057542,9.685964028474919
agm003157722,8.814174798842972,4.127769062447593
agm003157789,15.375218897788445,16.346953959913755
agm003157799,15.298005806908318,15.077016741389407
agm003157852,9.546717395298993,3.247977673076189
agm003158066,10.495427857447213,2.572694874450743
agm003158086,10.088127214859755,2.3764876301380724
agm003158186,12.868269652038054,12.27442293138091
agm003158455,9.391353683445809,8.308797532376024
agm003158787,10.727632681548023,4.3555335569131906
agm003159070,10.783591344238944,6.160187555318981
agm003159274,11.009618787488796,9.560215378814314
agm003159573,11.148878357903534,10.992113175203876
agm003159581,9.264584840940262,9.329605591809607
agm003159725,11.446078555556552,3.8021311790433523
agm003159792,10.655486644918327,7.925506305141538
agm003160066,15.037608703679055,16.251088919643575
agm003160263,12.2227535446336,12.082777780631396
agm003160348,7.8297366152171675,2.83443197564346
agm003160463,13.819022717481126,13.688459444865336
agm003160479,11.911479944947738,-0.13708609715493716
agm003160499,9.95746944367015,8.039575167842067
agm003160506,7.896171199608677,1.4006259986337237
agm003160522,8.401361248142061,7.905581688455777
agm003160523,9.63467013078459,7.145402939627663
agm003160538,9.439803213718692,3.81488542866502
agm003160560,11.27496876045332,3.6657151354304176
agm003160619,9.294193068178378,4.7283361765381136
agm003160624,12.735533559186917,10.85501554877112
agm003160626,10.757344663351105,6.390636133743463
agm003160627,10.563882779616469,6.235312721773471
agm003160644,15.367272970940386,12.930197280234685
agm003160659,6.871304946385291,4.060598526116238
agm003160666,15.374654882981005,11.465497556936379
agm003160712,14.848360514065947,10.452660893242376
agm003160723,11.353891828750827,7.8156052067066994
agm003160725,11.006375121076788,6.601802821927953
agm003160766,11.488787707734694,9.77920152675893
agm003160824,12.424732022068866,6.127117808185038
agm003160842,11.852631619582281,9.936876115198212
agm003160863,12.842750284489846,13.113057065847544
agm003160930,9.922440672659546,4.4277728421182765
agm003160938,10.218912766933004,4.002017331180036
agm003160949,11.303095869438366,7.9216938877161445
agm003160967,9.468466037682076,6.752671934646059
agm003160975,10.68296805763895,9.769044630668459
agm003161021,10.564166811739307,7.406078282826499
agm003161036,10.563576340590641,3.296794675167791
agm003161120,12.240022524702455,7.919234153014085
agm003161156,8.70903191425222,3.319411750834688
agm003161183,11.188159419517403,9.272611579696733
agm003161203,13.126120707983787,13.336143839581185
agm003161205,11.033890035938997,7.21571462463077
agm003161246,13.282395446105761,11.66763295479083
agm003161260,11.079307462554604,3.6376158431703396
agm003161316,11.719412572765544,10.733517198398125
agm003161325,9.161002545805262,7.681615129485213
agm003161354,12.85955929087619,13.847332226217198
agm003161368,10.676035118484782,5.838267703128014
agm003161370,8.43064908468068,5.9056572779891185
agm003161405,15.256917424663804,14.272044665176226
agm003161469,9.907006820661794,8.50534607924468
agm003161501,9.906571964976925,9.203432257754281
agm003161505,11.370234599033045,8.252536916451941
agm003161513,9.668988940358561,1.4487336120446284
agm003161521,13.219874277850748,11.29919775096934
agm003161528,14.052869147549266,13.11833705310296
agm003161558,8.309430022109247,0.537476399670369
agm003161630,12.348663908656526,12.46501503644086
agm003161729,10.625153550921748,9.63413059903629
agm003161736,11.468060936513723,5.991814650399929
agm003161741,9.049637698514232,5.536307392926693
agm003161755,12.56316074376213,11.267525206711689
agm003161773,10.436552466256762,8.880575328645955
agm003161826,11.09497625499852,9.353157522934515
agm003161856,13.027468588851175,8.61502103807059
agm003161862,13.185086844892403,9.117927171142366
agm003161891,12.978537006388935,11.6421703770378
agm003161894,14.18775613422185,12.582551711305841
agm003161912,11.764708774273698,9.223096901313701
agm003161943,8.253736023155618,1.401303581057121
agm003161951,12.502556637048706,11.653426348509441
agm003161967,11.420975580619169,8.991581447645137
agm003161972,12.962186588185784,10.82418648350706
agm003161976,11.3079274177777,8.816884749181042
agm003162039,11.498061149644982,15.08978498756312
agm003162040,11.97290296524082,15.28853962968985
agm003162064,12.591453523480233,12.14855191502317
agm003162076,12.653507199503577,10.094599338437696
agm003162086,14.973433087283423,14.195763260716376
agm003162103,10.390888387145408,4.592323683560997
agm003162107,8.936790372299958,6.3184414699341644
agm003162112,10.446704139811704,5.843933081084826
agm003162235,13.615675225919738,12.559353706246238
agm003162273,8.937191408777295,7.670928508846801
agm003162303,14.182682567716297,13.046522870812149
agm003162305,13.460289708656713,12.389645642826133
agm003162324,15.103963113892604,13.612437376026012
agm003162372,13.582703546878767,11.861039717113073
agm003162404,12.04414480337636,12.136159933945875
agm003162431,12.188459552202781,9.144579031350643
agm003162450,12.045383390597342,8.896121588274877
agm003162457,12.019004396159074,6.545943940139402
agm003162494,10.899986342156723,11.868304398237818
agm003162500,13.901224595850334,13.449858282654725
agm003162501,14.47999303300163,13.280919513338088
agm003162508,13.358304767920577,11.173883834928974
agm003162519,5.733238433804637,4.884908205883213
agm003162561,12.209754665459238,9.158085451994154
agm003162567,14.941283787894793,13.665818197685097
agm003162588,13.525805646924635,12.512126998715809
agm003162604,14.06244755913509,11.868275464592466
agm003162628,12.36133856102773,11.428581849065287
agm003162638,13.422583729980161,12.760414111582305
agm003162642,13.414525315607234,10.4481340702113
agm003162650,13.522535972061844,12.821144512558837
agm003162667,13.13924735766194,12.042825718375342
agm003162680,12.696851639103295,7.565368559216527
agm003162695,13.47097210780662,9.15028948857665
agm003162700,14.200873352105328,10.80136684186052
agm003162720,12.837561205999599,6.786102406980222
agm003162721,11.780044599794612,6.62145023854446
agm003162867,14.227742833125186,12.581552913691388
agm003162897,14.31366198030619,13.75955827620944
agm003162968,12.428017957579113,16.077957312757906
agm003163181,13.600654422599256,13.132210112002223
agm003163190,13.493129067815303,13.083013094084023
agm003163314,13.0489058722057,14.183565857480787
agm003163335,13.210815864602745,13.237287720072905
agm003163438,11.5035790468584,9.597317769669846
agm003163468,10.13817695709951,9.128455412854372
agm003163503,14.177015184023201,14.765254608706908
agm003163617,7.87183981395104,0.6578689349443803
agm003163665,10.814287346834604,2.762565196275391
agm003163695,10.276296456572451,5.938817248148446
agm003163961,10.82300218548846,3.6952218623937974
agm003164031,10.49421685259334,8.332739036963435
agm003164167,11.733160290649003,7.274176376360449
agm003164216,10.725803835285147,0.5440730111115251
agm003164376,14.744166071275453,13.636477030828726
agm003164682,10.76069826265867,3.106344144926922
agm003164738,11.431445401874537,2.492092517563604
agm003165086,14.402750023860584,13.957096123576358
agm003165096,12.676598874672331,12.60514311537734
agm003165151,13.654324296933217,13.976966972449658
agm003165302,10.196638879178247,2.396475107698123
agm003165333,12.140902106249385,11.668906563406084
agm003165381,8.769032054521913,3.1317179080377553
agm003165411,8.729878126484072,2.323324823143869
agm003165428,8.501828326118822,6.775541791236267
agm003165761,11.750435538168285,6.092083412421909
agm003165763,14.854871082503575,14.259283533698715
agm003166109,10.203764988812392,8.647513822490652
agm003166184,10.524311161401862,5.747961174806688
agm003166254,11.251330793085167,8.804167110020138
agm003166341,11.208998117358295,9.467814472443573
agm003166509,13.268132909163008,13.453523441782654
agm003166610,12.132943040840738,12.382588785452707
agm003166646,15.76542402640834,13.906590975800619
agm003166853,12.441857031314584,12.663327501447574
agm003167042,11.11334550745526,10.267114930710752
agm003167300,12.46672713338453,13.840183867740377
agm003167507,11.005747460335733,9.955186491900779
agm003167697,13.393837072226148,10.877074374352796
agm003167718,7.7655841968074375,7.547665556644671
agm003167733,12.044487179836793,11.030556316527806
agm003167832,10.965784932890642,8.990687895172186
agm003167913,9.631470328406024,9.102083987522832
agm003168156,14.099634536412324,14.800183712512318
agm003168385,13.467712187318305,14.424274727971593
agm003168736,8.418668147694827,5.858604109598586
agm003168816,13.820906140026297,12.381960644959406
agm003169087,8.680677367873201,4.656650107930293
agm003169394,13.204616206033537,9.656589902058837
agm003169448,11.781909467221658,6.707296423033574
agm003169458,10.55676948164383,2.414193263921554
agm003169517,8.551118882910924,3.8611449201067387
agm003169586,14.920034607875719,14.438855652131117
agm003169700,13.3953155419195,13.250567135347255
agm003170000,14.951236647738591,13.957599460851771
agm003170098,14.58445397828542,12.358958472995228
agm003170471,9.729640327160912,8.110024227680544
agm003170474,9.787498520475058,8.15449676595618
agm003170659,11.606198644840548,11.267237256886379
agm003170745,13.535706926024346,13.78377095526509
agm003170781,13.092684658424707,9.05998655228834
agm003170859,13.275770790054011,11.652313293017684
agm003171302,13.923724398335915,11.307853495802068
agm003171558,12.30355948686697,8.499150015163009
agm003171776,13.07807472831587,15.9252889870696
agm003172045,14.750675259490658,14.739481253334839
agm003172286,13.542115421097051,16.136911069531834
agm003172324,11.208563088974822,10.72635587113846
agm003172481,10.009624820552427,8.091437448912297
agm003172523,7.050592378483215,1.5966170048841395
agm003172718,8.518631312449013,1.4747969642615972
agm003173124,10.941937081841804,11.337302096037668
agm003173153,13.431943374374224,13.396197395320636
agm003173276,10.364692156869019,8.468002740519228
agm003173278,9.651953806305663,8.92510567116784
agm003173380,12.602206456689041,14.52064018323625
agm003173591,14.384507774803826,13.607364739769205
agm003173654,14.5576406218429,14.869373628686443
agm003173687,9.031924392663502,11.023736313595437
agm003173840,14.597997005272552,14.294982960538453
agm003173846,14.475614431813357,14.134646563170895
agm003173860,14.718706841498333,14.226307575573587
agm003173877,12.318453794462053,12.284866008858296
agm003173922,11.734476815895823,11.379896122721657
agm003173941,13.695072283340364,12.271843351616896
agm003173960,10.93294941906731,12.08739283433514
agm003173994,10.51689277055745,4.909697980072147
agm003174151,13.276704701294836,13.680445683868355
agm003174154,13.273932190810958,13.683686234843178
agm003174178,12.995387297197118,13.815356923677404
agm003174256,14.563933757291592,14.798097559422262
agm003174346,13.889029946783564,14.71487089439991
agm003174434,13.110316446809476,10.05642644412032
agm003174519,11.210229453509703,11.611566268443148
agm003174535,14.43085134380529,14.28903499092896
agm003174565,13.62089504832392,13.844779945639944
agm003174567,13.837712659132023,13.797550905419158
agm003174702,9.308991231187902,8.13315090295373
agm003174776,13.21301931141977,9.536241321107005
agm003174823,11.524551759200486,10.743227919343243
agm003175108,8.71708015028131,7.987724191104178
agm003175153,8.65437086781769,7.863905524910603
agm003175159,11.878374980035739,12.305975968549273
agm003175299,14.49692648285422,14.798941234164587
agm003175340,9.216898364298263,9.641412719995637
agm003175396,10.587713439149313,8.293512166281683
agm003175744,10.940127856221919,10.23212657115027
agm003175983,7.831253601527729,1.7061418618341948
agm003176023,10.655339010740514,5.526548162730441
agm003176050,10.41571954089213,3.2358582059967755
agm003176375,13.187005131696184,11.94274957031938
agm003176429,8.799924803749294,3.284231460669213
agm003177015,11.237616900944888,1.8647213858761251
agm003177108,11.310591570787857,-0.0700829946912549
agm003177125,10.108433448797506,8.019703735841986
agm003177512,11.027498232982468,7.7815093038924985
agm003177613,5.7655824973606595,4.029481805243534
agm003177735,13.74149964394943,12.989717442410896
agm003178092,8.97814349630793,5.322585230584899
agm003178223,8.888239130982459,1.493622170112861
agm003178231,8.894645511741327,2.1877780279867345
agm003178277,10.692293889899151,2.1818561911452647
agm003178356,8.917519869300353,1.6255873615711938
agm003178363,7.897249149396181,0.40201858072431307
agm003178388,8.465792617847463,4.107400624543628
agm003178418,10.37433698916814,2.3001387757510283
agm003178452,7.747763901403281,1.0981337495014536
agm003178453,10.749978270302476,6.399944833149316
agm003178543,10.463375825882824,2.0160561978211415
agm003178740,11.836534761750267,12.16929121168595
agm003178742,14.724969005521272,14.673971867057634
agm003178759,14.252210470311605,14.778353970128117
agm003178769,14.122704299416693,14.694560052594353
agm003178777,14.113659264997182,14.197250915248917
agm003178799,12.95594696640016,12.109669400538015
agm003178865,13.822330487848319,14.180576614300518
agm003178873,13.83619466820113,11.65404041497375
agm003178994,13.572902361478524,13.305722083653663
agm003179404,9.54895382235528,8.929992103725244
agm003179411,13.713845452576605,11.843016141893264
agm003179507,14.759029688062085,15.177817106083404
agm003179533,15.046001808018609,15.146889278073147
agm003179686,12.986590221428136,10.480911681865795
agm003179733,12.688660484873648,9.558050736783583
agm003179877,11.871835229360558,10.684819684767175
agm003179954,14.222774174584496,12.35101132256856
agm003179975,10.322854425082623,10.198270346677115
agm003180014,12.005661442022344,11.48749327644658
agm003180047,11.543068699634,11.360766825696157
agm003180051,9.8511970897393,10.131619892608445
agm003180124,13.60590684178212,13.321450101333317
agm003180126,13.723866382602539,13.363578759300516
agm003180140,13.713793076065047,13.435669673199397
agm003180241,12.86499846131713,12.871671099225408
agm003180245,12.890099644353308,12.855922485740523
agm003180248,9.960947911893161,1.4596222868978437
agm003180281,11.465115493732226,3.023998722478659
agm003180309,12.201756820558336,7.3065548806885605
agm003180359,14.740111186600595,14.654251155178082
agm003180380,8.580914856995632,7.5568224371584005
agm003180557,12.799122395337609,9.187588275969127
agm003180692,12.956409206321291,9.671217188214934
agm003181059,8.926160961104609,4.0423945350308195
agm003181167,12.388956532064745,3.6962446116832535
agm003181296,11.264509193386118,3.031675697753524
agm003181599,13.755674078267626,14.612521559345664
agm003181613,13.665736582043545,13.555716978800419
agm003181636,14.007636185043769,13.584360531244569
agm003181930,11.167545658901716,6.524294222081755
agm003182104,13.074285912177436,11.402363075779931
agm003182107,13.105627379193558,11.726426612173052
agm003182213,8.069093614467675,8.034448493843367
agm003182222,7.189508413589558,7.186661321578227
agm003182302,7.111258754172506,4.354493357263139
agm003182306,7.170727217147495,4.30294698176794
agm003182397,9.980226781779578,9.56675459975953
agm003182529,11.999673366691678,9.530689815844488
agm003182615,12.447448250005111,10.406553242409073
agm003182756,14.132774217913571,13.943259178182634
agm003182983,10.644230024614258,9.958189153291501
agm003182998,11.307969111555487,8.05744902966173
agm003183030,9.08511096242999,2.020270656295734
agm003183150,11.58669975856864,0.742020897350038
agm003183192,10.555700100074022,2.3505204193205493
agm003183228,11.446277959581693,1.8615041659916844
agm003183279,11.598952205237921,2.504394136908468
agm003183311,12.065851448872717,1.1264445071049867
agm003183358,10.311198203342858,2.0243350855741387
agm003183390,11.816009311326537,0.774176144141423
agm003183866,10.13211585557233,4.773449649657316
agm003183914,12.93270730101057,7.827330558037167
agm003184171,12.606242371066779,6.835480094992935
agm003184408,11.09055538862032,6.042806762072457
agm003184546,12.445849078290157,9.468508299486096
agm003184600,12.494107654066058,7.8840198227805
agm003184947,9.422173417206977,1.5785885359392005
agm003184991,10.682181402148077,8.55268937372687
agm003185010,11.275245875372578,5.138091683844827
agm003185204,14.06632948786054,12.31724110409046
agm003185206,13.273602673022838,11.465293932715575
agm003185317,14.151603881066366,13.789882875529319
agm003185648,12.35122370909409,8.322905690951833
agm003185701,8.272109486500156,1.1912218241447672
agm003185790,14.151915386043921,8.437955409936492
agm003185999,12.24898359502339,10.039756372100705
agm003186043,11.990833366018077,8.056812129868533
agm003186082,10.364149638886753,5.803758715913428
agm003186083,11.154215433587144,2.4265379867775287
agm003186089,11.43734334315839,2.779711188508635
agm003186093,12.951239466112524,9.860063387983152
agm003186129,11.787819893855065,4.5486882653308545
agm003186144,11.91657787902023,10.524092032986621
agm003186193,10.149727269235717,5.170640891934388
agm003186221,10.865850638504163,5.088280657545917
agm003186236,13.437788181004763,12.453923627588527
agm003186250,13.296626724957209,10.2071683919009
agm003186288,13.902145455797918,10.065049664686468
agm003186299,9.172957578883452,7.959989182914683
agm003186361,13.145454583776784,13.68132858971278
agm003186370,11.755473975045396,7.142858707832211
agm003186381,12.951462527596485,11.809672410565017
agm003186403,10.305156997278482,8.498626358515025
agm003186415,13.374398255602385,9.8224498895532
agm003186426,12.960617115844109,9.180105360095888
agm003186451,9.219711315240499,6.429381223567166
agm003186487,9.453456952752,8.918746998607652
agm003186529,10.889631504239048,3.7980649582824224
agm003186542,12.107555079213201,2.525534932226625
agm003186577,6.720172973193537,5.121634416704429
agm003186610,10.743322166056837,6.392219282023866
agm003186622,11.539062265001085,2.6790937067119263
agm003186625,10.42030709488014,4.088420273408682
agm003186633,10.469618344558745,2.45914979206856
agm003186655,13.509340076977885,9.50342651252989
agm003186661,11.318252147575313,3.3564625515660804
agm003186667,11.104676934093078,4.075988128755808
agm003186690,12.42723906764202,11.943291332650578
agm003186750,12.72458170486639,10.410267956467676
agm003186761,9.53808523974324,6.76341506057865
agm003186868,8.662323531156787,7.8545600766739
agm003186925,8.063939099163784,8.202439722305408
agm003186937,11.51950312518076,7.900432650577841
agm003186960,11.233209600129543,8.225701498860227
agm003186971,13.500367341102011,14.268368848425975
agm003187044,11.605690691212079,7.136767662538086
agm003187063,11.894373311602727,5.330601993851621
agm003187134,13.606449259116834,9.844243984217243
agm003187146,11.388890579187294,2.227074759222427
agm003187151,11.452840501645204,3.0004664129643395
agm003187167,8.578846472454359,6.922387309266934
agm003187249,12.480031324726104,7.471299098798388
agm003187285,11.39012129224333,9.287585820458359
agm003187329,14.225453074624419,11.073365032005807
agm003187349,11.58775535325226,9.873353742610771
agm003187409,7.122886869484808,0.9046669957404303
agm003187415,13.803952193317839,11.292700528579639
agm003187508,6.078133766399236,-1.600561355575194
agm003187607,10.235079162861021,8.762146801509747
agm003187685,14.67080991194556,13.814392028846456
agm003187703,13.373383956718305,12.64352849589185
agm003187707,14.154509550074177,10.494472727236127
agm003187719,13.46492254278942,11.694713893477838
agm003187763,5.166721068824796,-2.9122039522555614
agm003187937,10.576201785980079,6.747797628918708
agm003187961,12.925400404032585,11.658619854281348
agm003187982,6.572101839817267,2.7259821481990496
agm003187998,14.868671554870472,14.36708799740778
agm003188094,13.879404163342107,14.031555331264842
agm003188136,10.28609631784987,5.0212870146937405
agm003188364,12.207982094201018,8.89343163464329
agm003188532,10.644842586983978,2.336412315213469
agm003188638,14.350953015533026,11.853292864478
agm003188655,14.071671290279452,13.01885692304681
agm003188656,13.289885329562837,13.172133322243068
agm003188679,12.864290047257072,12.648277584333483
agm003188762,14.08743651196069,14.010199147247421
agm003188770,8.5373704853365,-1.0310601883260704
agm003188791,13.213624615623958,8.777991542227564
agm003188803,13.069949890958215,9.161198268415232
agm003188821,7.90782775963162,1.1482826276624625
agm003188879,10.952778683322686,10.378903574110387
agm003188976,15.098498742547102,13.351257012900321
agm003188992,14.806100776646172,12.988762163503083
agm003189015,11.721355715912006,7.156313575617892
agm003189019,14.255348027072555,14.713626929450372
agm003189069,10.691357947079984,4.242181509216417
agm003189146,12.069783178732807,12.003206047899624
agm003189291,10.117760784872395,9.17865597231016
agm003189302,13.37767056005052,7.966731931107942
agm003189312,13.054499581938435,3.3595504737811694
agm003189319,12.828929054881828,2.6111091574633303
agm003189449,12.468453543177686,10.930849398197365
agm003189489,11.38456749675776,10.254967656848189
agm003189501,11.74635240290884,10.492272638322278
agm003189576,15.075607351614837,15.525308816001061
agm003189628,12.316871371612738,10.744334996672603
agm003189697,10.621440659460408,10.851208188300934
agm003189708,9.460427807421617,5.250089225499002
agm003189742,10.03297372823295,4.671714274590997
agm003189747,13.781263699649314,12.604338207818172
agm003189762,10.242788524383473,5.019779774614467
agm003189921,12.186386122879426,12.217964870909055
agm003189933,8.368293158895579,5.5988729568343585
agm003190060,12.883371106439824,11.209990408852757
agm003190061,7.05552219033609,3.579000130651788
agm003190064,7.053442720167742,3.579002824568189
agm003190091,11.50531708403247,0.9010148683223509
agm003190095,13.441369808977337,8.965291252874152
agm003190251,11.384765189570405,4.210401276751744
agm003190252,11.37427311175134,4.207597359801914
agm003190277,10.815792621252918,9.96583144466526
agm003190281,10.436856595205434,6.428262086456339
agm003190294,13.10153536354925,12.923304365739707
agm003190330,10.34013031537066,9.304216417113736
agm003190355,10.704670375521896,3.213654603126976
agm003190401,15.445327162207557,17.85317153378152
agm003190466,9.559003099943698,-0.1227814025202516
agm003190541,11.459931751625776,8.715003329719519
agm003190600,10.339704528869305,1.4276900050798638
agm003190656,13.524241489160877,14.133271925176148
agm003190732,11.589223198872693,2.472652985729356
agm003190794,12.207725446793791,0.41634465962684786
agm003190817,11.711124259927082,3.5414852118255222
agm003190867,10.672620759100978,5.480439983781299
agm003190888,12.45305769456406,1.5410735985601836
agm003190901,11.156384082999622,9.765074223434935
agm003190935,10.499273175540303,8.660750134867104
agm003190944,11.206993697842023,9.49446484384157
agm003191014,11.892135355020585,9.338506869559557
agm003191027,12.09857160004869,12.301832981266239
agm003191060,14.189844444408743,12.465028080219403
agm003191063,11.949357430105401,8.16681906978732
agm003191082,13.365696223218636,12.64369933345734
agm003191115,9.72541478311321,9.348502827480935
agm003191117,10.604355787363604,6.390232855243484
agm003191142,13.287825134261276,12.171163760427394
agm003191178,11.52644985592294,8.273127750252707
agm003191196,12.363582827749363,7.749242220122818
agm003191247,12.81051615205789,12.073530546491568
agm003191253,13.396001008168026,9.646189198317842
agm003191273,11.534025435035618,6.600554164849672
agm003191304,13.767413816301987,11.876876936226907
agm003191305,10.461731446948448,10.775503551469148
agm003191320,10.887399214026745,10.24737177774624
agm003191373,13.58586655303278,11.944531173505373
agm003191397,14.732156951492357,12.751928008446137
agm003191408,9.30164859046425,9.468683457630293
agm003191429,10.587871956530758,8.088409715173567
agm003191463,13.694063092068918,16.727654813910974
agm003191487,15.344989820491541,16.408461403110287
agm003191492,13.42741418467704,14.885992471298428
agm003191506,10.22582033145496,7.9010151344058706
agm003191524,14.714669377790264,16.955060394830618
agm003191584,13.593550838061258,15.150458614338705
agm003191590,14.063601943722801,13.612207904440048
agm003191626,7.018558865664991,2.5278991020180017
agm003191702,12.306933644646179,14.499157573870109
agm003191726,12.486654069934309,11.385232004023877
agm003191737,14.249287255457178,13.462859433914314
agm003191827,10.824828777717956,11.747361310381491
agm003191873,11.308146137257152,11.82656332078427
agm003191913,13.355767213156849,9.037392890130484
agm003191983,12.719441388764066,10.26765690924354
agm003192021,12.89048673839369,11.109476066464994
agm003192082,8.035859791414273,0.46732494969758687
agm003192087,10.746585100223662,1.4832267408613387
agm003192128,7.10534492769499,4.287733646883559
agm003192150,9.05550219549461,4.57286573784552
agm003192155,9.39334280376927,6.846771869357351
agm003192156,10.773319797096995,6.931877169874417
agm003192169,9.789983082065312,5.034687000422837
agm003192251,14.095916484729296,14.685485275706501
agm003192263,15.625404074940432,14.397588292320684
agm003192264,15.150992307880916,13.88480099956467
agm003192293,11.330965823734367,9.830149256782782
agm003192310,15.028597296724934,15.1419939847665
agm003192324,14.5161735287426,14.74070753110361
agm003192330,13.754172019279912,14.330032065909828
agm003192338,13.091340329447915,14.403271413083065
agm003192359,14.926006825381387,13.658476013751189
agm003192510,10.614397535275003,2.7686022143765356
agm003192524,11.644338915959336,3.2780160185839637
agm003192575,11.618605761970953,1.4262939182357428
agm003192631,14.240651010626928,11.075224584560143
agm003192697,9.616123042392159,2.7486441351586794
agm003192698,12.373987244097279,11.767049718562411
agm003192743,12.298587721651218,12.388697549828965
agm003192777,9.362930119327915,3.7512475399783813
agm003192811,12.39575688363793,0.7950804955368138
agm003192849,11.03110513244262,6.560267266533835
agm003192889,15.113953269517246,14.7127476475201
agm003192891,15.113372498184491,14.709371262945766
agm003192966,12.05893327814536,5.378429485455078
agm003192975,9.535750009297127,3.5406901400771655
agm003193023,12.8773842656909,13.061995596354807
agm003193081,7.815956547009752,8.214191290514623
agm003193117,5.334980661825191,1.5854337008865123
agm003193118,11.371972412910061,8.485997870200894
agm003193135,10.413451625391554,4.774105006557963
agm003193151,10.499764547573628,7.691696658663912
agm003193229,14.817703259640968,13.6151384679183
agm003193238,10.927010573331135,5.011697637620914
agm003193278,12.373206457841235,12.411259051498833
agm003193321,12.824212185655838,10.604199051043118
agm003193376,10.503095287825358,11.557428091289404
agm003193407,14.580075792853034,14.537063723024707
agm003193456,8.852632406435282,2.403056982894171
agm003193514,7.9843157953072765,3.4702266249442104
agm003193517,10.32045673002854,4.218559669504868
agm003193582,14.980875055716771,15.163827391410916
agm003193725,12.498015858052101,1.6832031451565967
agm003193736,9.702615646776577,3.5660032765327245
agm003193789,12.191152842473606,0.010141770895806701
agm003193820,12.389252144016208,9.815963166736296
agm003193881,7.337967849519842,4.7148047122006655
agm003193956,7.474307065755345,-0.463493263112413
agm003194017,7.383795815962662,-0.6692634708136722
agm003194087,12.503874458770621,12.006247173147699
agm003194151,12.293687772154588,8.690402621778547
agm003194162,10.006908916891087,3.404026722509485
agm003194164,11.832866569680403,8.003726931495057
agm003194190,7.027101020819122,-0.2896225920100363
agm003194196,8.276184825971535,5.917736715866558
agm003194235,14.089028869659932,13.615981631989115
agm003194237,13.711160784894139,12.66054301848828
agm003194254,9.817955970572367,6.208300368030632
agm003194284,8.135528868689097,2.2366417963247742
agm003194330,12.20991010334236,8.574059777240471
agm003194355,8.893091468579362,4.80110580664387
agm003194360,7.707338912745352,1.4889805805204304
agm003194416,9.994944588303264,4.902826775890604
agm003194445,11.280519364814515,5.466227945137284
agm003194459,10.373805428117157,3.9489268122154355
agm003194474,13.573771818049233,12.529304040926059
agm003194475,13.960377721381573,13.699081367896891
agm003194490,11.479326854664825,5.295198480047544
agm003194502,10.865639285056506,7.513292495857246
agm003194527,12.731710240227804,5.106969116183025
agm003194528,10.140881157769577,3.467397953470743
agm003194533,11.176576925902294,5.4196146713996765
agm003194541,10.863960204569102,3.8938070595398173
agm003194574,11.687761707401501,5.734308504587622
agm003194577,12.192129851881255,4.2657996674459655
agm003194618,11.657417254064896,4.355843914114213
agm003194629,11.42312252567129,9.30999688975045
agm003194643,10.441269831857472,1.1664642237217264
agm003194648,10.91867004355115,7.977799726906246
agm003194659,9.74699178719099,3.935553844904335
agm003194703,13.528996648587048,10.559504798531576
agm003194719,10.025031611634919,3.8729906612224143
agm003194728,11.178663163338808,5.520252172812574
agm003194736,9.909803603948479,3.7108886735892597
agm003194761,9.64022003503096,6.91042652015846
agm003194802,10.589361630902763,8.316749263318847
agm003194803,10.929986920540472,8.20060420562541
agm003194805,11.476753376095735,3.0017590007017945
agm003194823,10.677109416408522,3.7633990969806845
agm003194838,11.923741060297294,10.978411166555393
agm003194908,11.542366870797277,9.07344923877072
agm003194910,11.266864305999276,8.203413582897424
agm003194911,11.642932273194688,8.710495583695765
agm003194932,9.876248280215025,3.415534390885017
agm003194937,11.052474915815338,8.53043591670503
agm003195041,14.95528410297857,14.3701923058402
agm003195043,14.55061558143414,14.412082203182873
agm003195096,10.992684010131143,4.416426249091347
agm003195112,12.49507627680416,0.3122228822647415
agm003195120,12.32395168119509,12.180021987205777
agm003195185,4.4469035243474995,-0.5129484762218492
agm003195189,9.369651732093397,-0.3720353972249993
agm003195191,11.700926235219086,12.573385509540145
agm003195229,10.94295519719313,7.989222085708967
agm003195244,9.068457863204983,3.2467984211268828
agm003195255,10.344469256467901,5.126348523422332
agm003195263,9.756583831856188,6.56133104505139
agm003195272,13.0621127172965,7.517224483658272
agm003195341,12.44834780434732,10.273985928782425
agm003195374,11.020627171440376,8.452095474684407
agm003195429,10.312104289391161,2.8492741859209167
agm003195474,14.631022578313924,16.466123630871753
agm003195486,8.750351159242475,2.3826908602655634
agm003195518,8.259255837774065,7.580471322376924
agm003195543,12.182073523603606,8.15836881894272
agm003195550,9.574799640725837,4.719274428612349
agm003195569,8.354874311070423,5.0837501363223305
agm003195581,7.909481258624304,0.8230864384847697
agm003195639,11.077842841497707,7.779221387180712
agm003195757,13.550501219682822,12.950109736469294
agm003195785,10.841848072462646,5.578915009481668
agm003195806,8.448335466025592,5.004960332963006
agm003195808,12.183539724587144,8.536318256502055
agm003195854,11.53131237095396,6.7218658988389945
agm003195889,7.775819055894548,2.82563772133852
agm003195924,12.534658965360448,11.26826985630366
agm003195936,6.542850532272053,1.835523748480501
agm003196134,12.937802404147517,8.451785583089382
agm003196270,15.856041548202738,17.71380617353511
agm003196287,7.197481266696435,3.828981166091791
agm003196564,13.291376098104992,14.67823226263564
agm003196574,12.952847663940942,14.049871939498049
agm003196640,11.573696839071351,11.307972181507795
agm003196750,12.504927698511546,11.975429349922946
agm003196919,9.796351100079722,3.155213643489612
agm003197214,9.283484016462015,6.440348666869942
agm003197258,12.79757910432644,9.334592191375696
agm003197431,15.13676880817613,15.149119761059763
agm003197533,14.693739926316669,14.19457765120375
agm003197750,14.524133651431034,15.154997709661556
agm003197776,12.889952418209832,12.351471477832925
agm003197988,10.85319649222094,11.353672675836506
agm003197995,14.889957286481769,14.303611759344022
agm003198025,10.864526134360323,9.594533680681193
agm003198086,9.716431078358761,10.064636109410051
agm003198314,8.41229883207421,2.9426631549328577
agm003198417,11.813093393670338,0.46319989048481364
agm003198487,15.482256972100265,15.05344380995279
agm003198546,11.429542093147951,2.7454556626826565
agm003198641,11.130593804631124,1.6814639122232127
agm003198798,12.091940318270375,0.2510340080215509
agm003199236,12.807296218371308,8.68633525491554
agm003199318,9.700487445577092,2.6582147474260913
agm003199356,13.405183598158752,9.21530190284079
agm003199428,8.958237334189336,5.432484860544315
agm003199459,6.998172850336236,2.8423078401493016
agm003199596,9.328232261499126,4.271183901413832
agm003199601,8.413181098860102,3.0830126625267495
agm003199672,9.703987237324906,-0.24386220139658832
agm003199763,9.447448540196133,0.12439227548809484
agm003199829,12.22019321988621,5.353591302339116
agm003199971,12.864363672599955,3.2266563284561443
agm003199986,10.107074396714657,7.834039777406811
agm003200017,14.73100242837023,16.50327306223451
agm003200166,10.76411414342,10.504266154253417
agm003200199,11.7813265228431,7.0211146115861895
agm003200254,9.503444590319592,8.500818089585637
agm003200311,10.923387546459047,4.393446655539033
agm003200349,12.814771509557582,11.529197727771114
agm003200391,13.823179000411097,13.638930997071718
agm003200407,5.835801229280105,-2.0107145306969194
agm003200457,13.151924601017733,11.634394083659016
agm003200486,8.375228118423484,7.4622115045244035
agm003200491,12.147645395539309,10.232587570582135
agm003200528,9.035044123024527,3.4654008376775445
agm003200530,10.945513740776292,1.4906509127577816
agm003200763,12.357156222130195,11.660269188129268
agm003200790,7.674952853421043,1.0757253274843173
agm003200870,14.471710913528106,14.550580492642602
agm003200900,14.313328610777782,12.36039761336778
agm003200912,13.873289085779026,11.908764685505732
agm003200982,7.823509277280372,7.886016666994728
agm003200995,11.077770878915244,2.2844100309625843
agm003201024,12.54813222680314,1.7043818339455281
agm003201026,5.831640409726507,1.9963629770054088
agm003201030,12.067386816556322,0.8296076007026988
agm003201085,9.169089433617824,8.492321145705771
agm003201120,9.285313439933935,0.20328775752549078
agm003201129,14.568841477127206,13.795809191501219
agm003201191,13.352529721336529,14.786527818237529
agm003201203,10.917670984844214,6.828749732345994
agm003201206,11.354135086340898,8.971709905273526
agm003201221,9.337732166178652,4.379288066029541
agm003201277,7.798663618902594,2.8705830665761205
agm003201419,12.328819693014246,6.808236552273399
agm003201431,11.658230571956457,3.042268841350335
agm003201441,13.913188701697484,10.973789505707366
agm003201443,12.567827937849232,9.36184843771791
agm003201447,11.24427553135825,4.603066666314059
agm003201489,8.48513823826975,1.4887591043385353
agm003201510,11.121792275450685,6.097865933492765
agm003201602,8.941772710234678,2.66378451953277
agm003201613,12.654224206233089,6.707112814237493
agm003201674,16.31646629625553,12.22464186644128
agm003201696,10.559533720414581,10.349985947500382
agm003201709,12.454610592713834,8.799000368233086
agm003201765,13.132604749193694,2.0754482191463857
agm003201812,8.124357173908589,-0.09020614130641746
agm003201835,10.199185278407262,5.678329239636175
agm003201867,12.703519869942248,8.319015472326766
agm003201885,13.543138172648256,13.04433575609202
agm003201888,10.700448754349443,6.457148588137993
agm003201903,12.901209131297113,12.555853952322764
agm003201928,10.949032886771322,9.89183997277466
agm003201935,9.221280729841766,0.5454026514000532
agm003202000,12.768757524707441,5.477018420435624
agm003202045,10.251514582118839,1.2383149532643085
agm003202067,7.3925944451508085,2.8024567674361975
agm003202102,10.777970747934807,7.7529289512470925
agm003202114,5.927551542477546,1.7794285097363354
agm003202136,7.060161639260429,1.1995288138924352
agm003202143,7.167258343726497,1.065498138145055
agm003202173,11.109322022704617,8.119674459294286
agm003202177,7.754507026669511,3.2358819175800497
agm003202211,10.272777741210065,9.066958725692999
agm003202215,9.108516035132544,3.798930984096921
agm003202226,14.107254363832988,16.374177397480178
agm003202245,9.632105747470133,2.167213662002233
agm003202270,11.115267436418593,3.773890245976908
agm003202293,9.641286473435809,1.4931758176648355
agm003202310,12.413025054749546,11.014131729118276
agm003202337,9.345635475513637,3.2811321361590324
agm003202338,9.45931035764121,3.9377236883523907
agm003202416,9.580982943344038,6.853715336419248
agm003202472,9.509920966867432,5.749098349042623
agm003202527,10.467061009785553,9.209378152189958
agm003202528,11.963972896648775,4.607218464734546
agm003202558,9.04145760894834,4.910362844562781
agm003202659,7.682385840778409,1.2013372657807306
agm003202670,7.350286590243692,1.0048473000038503
agm003202684,7.705269542272705,1.2427219939797105
agm003202686,9.858360192619031,3.2270665868280326
agm003202705,9.739092729267744,6.323917866793649
agm003202728,10.215128260959593,6.226070459853529
agm003202774,12.196167756142914,12.151489684626272
agm003202797,9.156915704233418,3.8713684354615787
agm003202838,11.255908837661623,1.2756293950298907
agm003202880,6.561674923637131,-0.35340581911282715
agm003202883,10.114976485946078,10.316276019604745
agm003202914,10.774938729660269,8.179612651185078
agm003202973,9.959018213797412,6.890020693906212
agm003202976,11.449078588244655,7.7267055340985165
agm003202979,11.14654709213962,6.211702140848647
agm003202988,7.991256189991919,-0.33654005987360947
agm003203037,9.312658733618123,2.521164253418005
agm003203060,12.051943948660439,6.705312366415389
agm003203075,11.412073056776707,12.811244791653714
agm003203141,11.588218349185569,1.6830362749450956
agm003203167,13.024503997225061,2.939144958247818
agm003203198,7.651049230422981,8.84653803511175
agm003203260,9.221448820558827,0.010008951194733365
agm003203268,9.728683126296291,7.519035670280978
agm003203289,11.672299382415806,9.823908653709829
agm003203296,12.362263344236771,10.127013111722535
agm003203314,12.086187795997025,11.86756817562182
agm003203333,14.359430785966138,12.624687433931333
agm003203401,9.44076980514212,5.54471926091401
agm003203422,9.674358926581165,6.538779610597182
agm003203453,13.765403637321564,14.480484684494215
agm003203459,11.978066832910384,9.971412378510152
agm003203517,10.03362601324021,4.815688913651544
agm003203535,6.76194928103489,1.2160622703924193
agm003203545,13.775313852886299,13.008568383538346
agm003203574,12.67167960338601,13.50690101139062
agm003203609,12.912051102261223,12.747050778648763
agm003203667,10.649104933103716,0.3502511128181614
agm003203692,8.027782665411367,3.9784520869274913
agm003203763,6.46542797298693,6.596104335936835
agm003203782,13.759816742240695,15.143339502157367
agm003203783,13.761554981909006,15.166764862874656
agm003203826,11.25343079274259,2.6530008258872564
agm003203869,7.181080110462759,7.410709857610098
agm003203881,9.27772429500238,9.974932463229983
agm003203915,10.521272809435523,7.928429482491676
agm003203933,13.91373707855618,14.231682601388634
agm003203947,10.413259558272147,1.5811981629062462
agm003203958,10.96288234315928,3.366551341976449
agm003203970,11.950224746681009,1.6141072160473087
agm003203978,11.960733882311514,1.1000311729976626
agm003203981,11.855283163922763,1.3737311449530978
agm003203987,8.614953712538712,3.264660678206026
agm003204024,11.656771702126056,0.30096872346457815
agm003204034,11.299266221885057,1.7365371460268715
agm003204049,10.99447744407612,1.7563355694546974
agm003204057,11.341901628599038,1.0648160410922844
agm003204073,15.142093122542962,15.103883081389947
agm003204088,11.020528609748402,2.7054162400621258
agm003204097,11.494872818370437,1.0420618540027913
agm003204105,11.514876679935872,0.4984012586834036
agm003204116,11.615999881376851,0.3408209802942774
agm003204139,10.904336752052624,3.449127009387835
agm003204152,11.076747239295345,1.4868208131832041
agm003204179,10.685038234131854,7.831295135080384
agm003204288,11.63461516072399,2.3392391876428156
agm003204325,6.044207340379991,3.551587312276734
agm003204333,13.205804670383351,11.348568646694217
agm003204349,10.649560207375652,7.358316283871034
agm003204377,13.696904509656806,9.614933147354156
agm003204393,6.646626432232272,0.7376344218291683
agm003204411,7.731239233931732,9.156557261864277
agm003204440,9.827379308423087,1.2993938127108002
agm003204447,9.269169010173215,4.886989216111412
agm003204457,11.342480516857934,4.610224573434554
agm003204461,9.380083265828294,-0.1089274454698111
agm003204464,9.265823618357766,0.5290540867524006
agm003204504,12.302759696191323,6.713258649374747
agm003204574,10.135537058312186,10.281170384058198
agm003269273,9.52735361440734,2.1840997622804004
agm003269282,10.969439171288114,4.472357248608763
agm003269292,10.151330520016614,5.014775907906336
agm003269558,7.555856127337506,0.21834815560435672
agm003269567,11.596554042627712,2.5927662844413946
agm003269779,9.941245449815785,6.629914191631796
agm003269933,13.030909609420334,7.252057026605551
agm003270005,11.448889879778203,8.58525798432541
agm003270328,10.114396374345889,5.682058759082881
agm003270449,10.451452123537498,7.825958498089261
agm003272036,7.867956191295037,7.856547043946658
agm003272431,11.640762867319497,5.5231225983212
agm003272914,13.432568255248155,12.178991285192714
agm003273177,14.522851071403311,13.28308146523157
agm003273366,10.371641892688691,10.017666665151085
agm003273558,11.289234014035776,4.646989037989198
agm003273559,10.647137940508022,0.19796775696102387
agm003273566,11.960095462649358,1.098406042545335
agm003273952,11.1628160531917,9.215968780199905
agm003274055,7.6881991716511,0.9896263102404461
agm003274165,6.9090155899709025,2.389440252301159
agm003274200,7.749416004846533,2.7378274649653975
agm003277909,13.543474347974369,8.836017347600338
agm003277918,12.694401094355724,5.496487323322761
agm003278376,13.959348757978894,9.881434923572636
agm003278510,9.220913570431685,7.353261014826153
agm003283080,10.097563894502303,3.217156019979195
agm003283089,8.18426237379429,1.0179855437595506
agm003283187,13.424500709042874,10.493543722890857
agm003283350,15.511680311600857,15.049907172158477
agm003283364,11.9598830329681,3.796896303139164
agm003283530,10.976346983851913,9.521736229263595
agm003283565,10.360658728682903,9.582794005430227
agm003283567,10.259023054492722,9.479497750497476
agm003283572,10.816898721275498,10.16672850732042
agm003284120,16.975255534885203,17.245952380978625
agm003285094,16.293003485799456,15.253133080592368
agm003285335,13.527659596811771,13.05482604237799
agm003285387,10.460074670415121,2.523413071160725
agm003286800,14.229346068338415,12.880177384616683
agm003286817,12.505738567003275,12.063574017784907
agm003286854,14.555923076873896,13.086221313902675
agm003286876,13.658396409037119,12.631043082126869
agm003286877,13.946553304155547,12.84670717888801
agm003286891,13.550279679647838,12.481181670200224
agm003286894,13.497965963398102,12.45181583433784
agm003286964,8.991723693950082,7.59665662946248
agm003286976,15.50335985505724,19.484020376187182
agm003287023,13.93179061885825,12.553502709585961
agm003287293,9.313847139199185,4.228654535261741
agm003287798,13.051831855052928,9.13851363954991
agm003288006,10.333065119616013,4.774238716906386
agm003288066,12.244904378933791,8.679458754383324
agm003293639,10.252479573974773,4.470155567120662
agm003293742,15.157748749904787,12.323999807801195
agm003293743,14.84982908413944,12.347056437152546
agm003293826,11.950763951605916,3.122206460389222
agm003293905,14.064055751524519,11.839649995105411
agm003293960,11.305288961557327,1.8086672386265654
agm003294113,9.484314758392467,0.7628216619487294
agm003294514,9.255198251243794,8.745518097734605
agm003294539,11.966118427943707,10.29456749274575
agm003294563,14.352879214756044,14.510464868968226
agm003294671,13.321408353682953,12.303595819632994
agm003294685,13.530114713491528,12.4975467249306
agm003294693,13.11889981212746,12.140728268721361
agm003294694,13.199443465841762,12.222632565478575
agm003294957,15.58195541246461,11.420876912223015
agm003295035,16.089313355275525,13.484492465822115
agm003295190,11.28553151866926,7.9596779389054655
agm003295228,10.626429690765987,6.422891480201767
agm003295647,11.253359967301568,4.223725125965743
agm003295735,8.424648055371643,1.7218096241393468
agm003295855,15.813706648599664,17.819678936702726
agm003295966,17.009864195671692,13.838802568344066
agm003296157,13.519177651991091,13.48288767382785
agm003297347,9.401905368605131,7.297846048471953
agm003297458,15.649050268179636,15.033386072437622
agm003297666,14.673299470849406,13.444204172822058
agm003297787,15.998726115525432,16.911546552195347
agm003297822,16.32041425384418,18.225006037534065
agm003297826,18.20058350363956,20.215687509476275
agm003297876,12.581728152653941,10.622719152005661
agm003298008,10.508611334018545,8.130525251033145
agm003298156,14.296438834909853,12.607003929307965
agm003298282,15.428470908474484,11.374352392241581
agm003298293,13.921181150097194,10.580802339526272
agm003298298,12.25291551163424,10.498314769617284
agm003298407,10.458500870827033,10.915256956449667
agm003298440,13.832630181374645,15.418660840425762
agm003298585,13.257155591910289,10.950158737247827
agm003298719,14.959630052954443,11.060236761672678
agm003298784,11.318070203085648,13.748012664235297
agm003298924,6.7575609159279395,6.889467843495921
agm003298929,10.495086147946283,13.023256915013283
agm003298971,14.083768452053448,15.72056409209886
agm003299062,14.427268217826196,13.131922702389152
agm003299063,14.95391072594657,13.771386869946964
agm003299128,15.355443640340868,16.291314890759395
agm003299160,8.15521426383809,0.874955383215898
agm003299310,11.872214765758214,13.946118359992624
agm003386930,15.081196865472132,15.510951369246595
agm003387149,14.194136406752037,12.058867547983718
agm003387266,14.419022391289761,12.24253824350546
agm003387325,11.381738857297574,8.699021783025298
agm003387545,13.814105565189095,11.806899462053334
agm003387821,12.280752112249122,11.124387740117788
agm003387971,9.149921406769792,6.001974705328635
agm003388465,10.226925228384912,9.259119823326133
agm003388466,9.314144873147232,8.514111704562675
agm003388799,9.802374962863237,8.219272729215884
agm003388923,13.034323039693135,13.128602309474166
agm003389113,15.599178167783709,14.27697882066773
agm003389435,15.251289215868482,13.796080035138143
agm003389460,14.86130425359947,13.271461750175527
agm003389473,14.553619589390873,12.933078915039811
agm003389518,14.214508067476501,12.56526121999757
agm003389540,12.456772617417341,7.244156023187342
agm003389908,11.566648203047638,4.900029947426935
agm003390159,12.561316345863675,9.508178133901984
agm003390209,9.62669452602945,3.619244142281417
agm003390212,11.58841765403001,3.9621705724395255
agm003391113,13.384871017577979,5.898260615308044
agm003392121,13.981407752204968,13.550861473406664
agm003392880,14.780024389749801,13.232721822711966
agm003394102,11.6965754036063,8.374252433529822
agm003394650,10.568829316366749,5.30963450425943
agm003395781,11.254399721672604,3.6949802995337846
agm003395811,11.995897013464745,9.289982310656347
agm003395941,11.694036884355452,9.94378408810291
agm003396172,12.120067730609764,9.29431709603274
agm003396353,11.102458857763915,8.136301643927002
agm003396488,11.575996379924323,8.206025456875727
agm003396549,11.845968669073008,6.903847847810118
agm003397256,10.506944241834123,10.598663667417854
agm003397369,13.943283261068686,13.515183578293719
agm003398650,12.619564078990113,11.408964926449158
agm003398670,11.7403343685468,12.211988346654097
agm003398671,11.528012808358575,9.425054990091187
agm003398688,9.747165717911248,7.222747475667329
agm003399082,12.800859156915445,11.986231506558124
agm003399587,12.393966543094807,11.921065559690994
agm003399677,12.433610391825763,10.872157273343829
agm003399847,14.53587121730808,14.022789764078222
agm003399934,16.317572232434443,17.82911539612151
agm003400728,8.791868018336675,5.507787328338341
agm003401019,11.172197724236621,5.794646445934022
agm003404793,12.919978312943153,11.180654394479474
agm003404824,12.264998502977456,9.638970599034417
agm003406540,14.886358963033498,15.333083913015482
agm003407117,14.12545725945289,13.077615005939228
agm003407177,11.241571177629597,6.20624258340448
agm003407196,15.041655783940396,13.943314562078376
agm003407271,11.2914649110713,12.756032110048505
agm003407272,12.729176678482931,14.075937689783368
agm003407353,10.532209929415417,7.031790440507112
agm003407402,12.671567147796452,6.9846833261758565
agm003407453,13.244973248524172,5.984061673546249
agm003407462,14.149449179957085,7.791468759835982
agm003407498,13.265827605648585,7.426318235067808
agm003409592,14.28347582771756,12.476379960064387
agm003409647,13.438028268448223,12.48314980862567
agm003410047,12.351864087424486,12.40038512873788
agm003410099,14.487628593578641,12.985488842777194
agm003410803,14.980468634430219,12.331754511359328
agm003410914,15.22153676198766,13.228549862895102
agm003411071,12.639496807899006,12.042870233602192
agm003411072,12.596584685214092,11.97768988919263
agm003411073,14.975090308166648,13.416126862909726
agm003411095,14.300090043141816,12.603653201802585
agm003411119,14.246003445333477,12.73561338096207
agm003411434,13.172818605593141,8.48994857375014
agm003411435,12.64511336530836,8.896637636272187
agm003411518,14.014306461321231,12.317166230984995
agm003411522,11.359440759580188,9.346287923429953
agm003411539,12.28938135702591,7.90082549325862
agm003411564,11.356542076328223,8.406574699277675
agm003411647,12.464849015834004,8.945569085611035
agm003411733,12.030231238299114,9.188717035709617
agm003412041,10.995142459347058,4.627904422659456
agm003412085,11.594988561520163,9.600633264819715
agm003412102,10.944851727690645,8.044577156960191
agm003412166,12.171382549327207,12.335851620157285
agm003412172,14.381892303134945,14.262943496601153
agm003412183,13.207506382978737,12.655308807236644
agm003412275,11.752905840784775,11.601412277343528
agm003412325,14.31920705208477,14.202486766298179
agm003412331,12.712321833586449,11.786146540868245
agm003412348,13.345634402605546,12.90435702301886
agm003412402,12.24180063787722,10.921370858768922
agm003412613,11.288288277466611,9.826519244815703
agm003412623,11.136583392515314,9.64381722635423
agm003412636,14.192504948638877,11.89961019028511
agm003412657,12.37601993358133,9.783606185577916
agm003412800,13.156833270679313,10.667601687527425
agm003412967,12.629735876240845,12.122220827764282
agm003413000,13.172949907862927,10.287149317135361
agm003413004,14.423366680136935,12.26361933307978
agm003413034,13.241041543428109,10.528778312185082
agm003413072,10.358501997257333,7.875598939981579
agm003413260,13.31671527980374,13.362348074992665
agm003413272,12.669762512966926,11.36611609645851
agm003413372,14.513678837130124,11.915160344584764
agm003413414,13.168362689436075,9.82711816411456
agm003413514,12.462321687867055,12.599090458812475
agm003413625,14.148170627538974,12.89653137745875
agm003413955,11.842167490589134,2.5074530857455266
agm003414109,12.045197935342559,5.608010319031308
agm003414117,11.70509954132338,1.4922913590476792
agm003414290,9.277782515288576,8.320052961680911
agm003414555,10.737086751611573,8.51784361976726
agm003414757,10.463309788530296,9.270518841285986
agm003414991,12.357038235161177,1.9016800443712494
agm003415039,15.21766902061808,13.783710166858635
agm003415115,14.276788139235675,12.769001333669678
agm003415724,11.295306929296919,6.100658721044364
agm003415728,11.769088877871276,3.4946246374210284
agm003415757,15.814892840548424,13.856686656354691
agm003415816,14.113204542486258,12.61884908444632
agm003415819,14.18379534730905,12.689209524848808
agm003415880,13.776485464029179,11.942448810913845
agm003415907,15.684778359468085,13.276943377483576
agm003415994,10.86519255622322,6.0016483654305075
agm003416039,11.57181061733438,6.385793591335002
agm003416317,12.820829365599892,8.891696193509098
agm003416401,10.151460546020802,4.257274477821049
agm003416639,11.500596328989907,7.86887090691823
agm003416681,13.539947322339815,12.298121988935668
agm003416724,11.778842304240314,11.632428254802862
agm003416773,14.434328039203352,12.977540942512318
agm003417082,6.7275640613870396,2.354938430478043
agm003417715,11.888965392222289,10.618179007379148
agm003417739,13.387687430153761,12.405720469897105
agm003417774,16.01262511307955,16.208454589181954
agm003417835,14.01939980014685,12.712645142686933
agm003417946,15.065266881231574,13.348764154812173
agm003417997,14.997424035426958,13.714612316586958
agm003418103,14.881104431270215,12.041640631063695
agm003418112,13.539458323860202,8.915443907415197
agm003418124,13.906139704078193,10.582756142978388
agm003418475,15.490858224666942,14.068308227688918
agm003418485,16.02245954868281,14.154329130492869
agm003418514,15.072839413742992,13.041578415215726
agm003418654,14.62837206986021,13.699106529190773
agm003418661,15.310988507909292,14.906661787948586
agm003418672,13.329144202984558,11.443574293370963
agm003418713,11.528894816674168,9.65833133013075
agm003418715,12.53842199734387,10.715586481042452
agm003418877,13.544047264171128,12.149823143342102
agm003418896,14.123393211362101,13.342903889497213
agm003419124,12.569161961425124,5.504840409956643
agm003419268,14.392261574021186,13.443019715747447
agm003419316,13.899062831192547,12.665754595516539
agm003419499,15.139876897146424,12.727790795171664
agm003419500,15.443520442669751,13.062045125488488
agm003419753,13.809030373000942,12.589016338641743
agm003419787,14.021733269535451,12.276882167377265
agm003419812,14.539977843301697,12.766779606704572
agm003419828,13.67204071577458,11.840337824714483
agm003419829,13.980780081966103,12.163315677935522
agm003420075,11.705601796312656,9.174749663755152
agm003420140,13.569021671488237,12.927888535269595
agm003420162,12.967552937326957,11.09535273097572
agm003420217,12.454037289593154,10.246422096125007
agm003420288,13.203782929250217,10.44863808781862
agm003420344,12.640740126678105,8.761501450263244
agm003420386,14.740059106650321,14.163708602273068
agm003420389,15.037249644678182,14.519489320278394
agm003420424,13.684697238437664,12.925625124123462
agm003420441,14.001885630464082,13.238670448236126
agm003420447,14.157738945813675,13.505846147633148
agm003420448,14.106488263010595,13.439489304969754
agm003420553,14.771522431721193,14.437536930251007
agm003420777,10.03953175213415,6.3586751703658315
agm003420849,12.576770608155293,4.821812611057325
agm003421030,12.128247620615879,9.674652364851122
agm003421148,15.322140434577173,15.560489237369922
agm003421173,10.339122073633833,8.311386911875735
agm003421460,15.663840560641018,14.719332347048882
agm003421936,12.8572202645409,8.266841256227492
agm003421955,12.782664634064398,8.446345080450074
agm003422074,12.038788190897577,10.154212048832706
agm003422083,12.156422199215081,10.230174514850091
agm003422160,12.923994995140989,12.181187565172506
agm003422325,13.699523834370444,12.838679513404456
agm003422341,13.042398214282365,12.201790739376975
agm003422403,10.420685704669127,8.242301044028991
agm003422744,13.270236905714428,11.570556926131495
agm003422973,13.120499609976015,11.926749012169543
agm003423323,13.466538551643273,9.703205275916607
agm003423326,12.935536008188476,8.962265575847196
agm003423530,12.914574694549401,12.430657010886188
agm003423532,13.136140474591576,12.607173423172911
agm003423556,12.785328845168387,12.286110658274033
agm003423564,12.565151722673157,8.474180858877071
agm003424457,12.12883229233565,11.403489433592187
agm003424469,11.230903190182081,9.753242694704387
agm003424667,15.391340924340254,12.678411796730034
agm003425374,13.053278677469528,11.963349176422605
agm003429030,12.673331137442615,9.55956543604866
agm003429160,12.371903941612137,7.243140333626816
agm003429178,15.166247749129075,12.551783095923012
agm003429202,14.78006443539617,11.989489982252081
agm003429263,14.506390301052685,11.72085919521067
agm003429286,14.588175420658835,11.925479702797787
agm003429318,13.117105888701603,9.693328435326764
agm003429324,13.33288008673,10.01120509351137
agm003429357,12.935717433791448,8.926997529465899
agm003429460,12.566274217331213,6.581623038930275
agm003429491,9.84043194105889,9.867171640172204
agm003429505,12.154489607977808,5.964402982616998
agm003429538,10.627935796194377,4.991183033519152
agm003429542,13.203112321158338,9.40688081670472
agm003429545,13.034596336989623,8.975946959602283
agm003429618,11.67806150942598,4.4782348122535
agm003429652,12.848781405229415,8.32796529539821
agm003429728,14.526217767710323,13.555208315599451
agm003429730,15.270650396348257,14.695943333574531
agm003429741,14.334202904961034,13.326146274143051
agm003429786,14.88872505920281,11.515810398515008
agm003429839,14.427887273169341,10.930184245742604
agm003429904,15.618789056766571,13.268692827393009
agm003429935,14.747464087773752,12.279162762612282
agm003429943,16.321478274154895,13.08607246177177
agm003429955,14.688564714307327,12.196658382033235
agm003430049,15.679241444833254,13.769485138228424
agm003430052,16.009542166169865,13.84491675991874
agm003430154,7.867080288253184,6.768861456103134
agm003430159,11.07235937038098,7.920645742742027
agm003431080,16.862520885342956,17.263367955810526
agm003431683,11.750924221543071,5.9745443969716705
agm003432245,9.847638868349259,1.8307565699174013
agm003433895,11.055500748691601,7.375275782472669
agm003433918,12.023919605453875,6.207626974802231
agm003433924,12.037357426820174,6.205084768087566
agm003433933,12.147140238680842,6.411157842937233
agm003433989,12.70744358040126,7.421158687714242
agm003434026,13.23710429804184,12.340742284578285
agm003434028,12.426598027637176,11.58224449251559
agm003434052,12.21022960269597,11.85209626413969
agm003434093,13.466149423636658,12.686508635696397
agm003434095,13.530412819154273,12.751768865246811
agm003434097,14.626734587368924,14.422636441250587
agm003434145,12.884934949522469,10.769875098622235
agm003434154,11.138746866122554,8.941326554984647
agm003434157,12.13982084604212,10.689624562852758
agm003434198,11.658863293323973,10.332601456326282
agm003434223,13.166661302424123,11.353032744821277
agm003434228,13.300731940613707,9.35687930971146
agm003434233,13.340105678418766,11.371503309901755
agm003434241,13.458086390696083,12.344468181249004
agm003434250,13.22555984178539,11.71552407705848
agm003434263,12.70139710869922,10.84494642605184
agm003434309,12.633473878680926,10.539237025274138
agm003434331,13.208420902464113,11.677061558486933
agm003434348,12.504561699535337,11.269831660444744
agm003434350,12.60302539443927,11.367104654934451
agm003434378,11.125810339136109,11.273368441534018
agm003434383,11.449816464701073,9.97016400536981
agm003434409,11.826690052468907,10.769580703899836
agm003434444,11.438420788957913,10.29135172137506
agm003434454,11.86338903370914,10.844226851848575
agm003434455,12.055002367751548,11.08694750106874
agm003434457,12.036207819693615,11.051193610469516
agm003434495,13.006933687799075,10.224696329650179
agm003434541,12.567168397905823,13.113763282233045
agm003434585,11.94381877262495,11.159227055336686
agm003434589,12.1982153951261,12.300729710851845
agm003434591,12.483294088662023,12.545107358801973
agm003434597,12.247419966245893,7.542149200016472
agm003434619,12.831315333049739,8.10419974255335
agm003434624,12.22438647017672,6.874000758608626
agm003434645,14.122269490270353,11.962831757176547
agm003434695,15.222479450442444,14.976270048650902
agm003434713,13.864727843088978,12.907911558201555
agm003434719,14.417831495744778,13.305154473341574
agm003434755,11.737353159296836,6.595489272475679
agm003435647,12.734722634206683,6.397415665339011
agm003435683,13.029123936209485,5.660727448751051
agm003435758,10.976164493350751,3.085179729388487
agm003435813,8.640869097788897,2.6449999036679883
agm003435889,11.297741914032699,1.212820772698161
agm003435922,9.736076567874932,1.982902706663778
agm003435967,10.812978849799336,3.3811499333260415
agm003435970,9.761476622220597,2.2686273602347917
agm003435985,11.037271544977978,1.2984210531366642
agm003436005,9.532563934155819,1.2651935450377951
agm003436017,10.396026328996797,1.1428437291351194
agm003436059,10.240654867551841,6.380473114424699
agm003436070,11.678871925000108,7.502507338629068
agm003436109,9.681647126533878,6.027777571035213
agm003436117,11.805907498867724,6.7596138602196945
agm003436160,9.594080599994735,2.7063726817010796
agm003436188,10.161386813875444,4.390621984500715
agm003436206,13.510650067322858,9.985687556794907
agm003436238,11.187342695254548,4.415779760272197
agm003436239,11.22798929921206,4.464002894047147
agm003436293,9.347650893730917,1.2546554781026984
agm003436316,11.92143466702201,3.9336860059635987
agm003436339,10.975709777973014,6.012581212161646
agm003436358,12.66341999735131,8.182434154350956
agm003436359,11.87748407884938,3.2375039232504697
agm003436363,11.870547337469338,3.6914676827666333
agm003436411,14.741452254156563,14.46784884501885
agm003436419,13.847517210327638,12.117702140241882
agm003436452,11.069996595910128,8.216658894865011
agm003436490,12.641554263557198,10.220252882528166
agm003436510,11.066066880013615,9.019542055980809
agm003436512,12.513386379166237,10.402388077636575
agm003436523,12.359279797974187,10.328101895500224
agm003436526,11.942533931467404,10.353658339433006
agm003436534,12.192872275536471,10.2034647554421
agm003436554,13.246887436187004,9.946690578503372
agm003436561,12.602924323607077,6.104466311736108
agm003436565,11.008275880592258,9.085110009489892
agm003436600,12.430836826336282,8.225124165212954
agm003436670,13.93207144781883,12.397639630566994
agm003436703,12.153397811909455,10.468030612423709
agm003436704,12.254680160503257,12.386835738757675
agm003436751,12.161626152181809,9.063120014954018
agm003436763,14.399779907386488,13.18373425626514
agm003436787,12.709878189613335,12.222961744261042
agm003436795,11.927716874534319,11.481969762274602
agm003436835,12.950179467106457,11.033819648096602
agm003436841,12.907977612433932,11.757131111438364
agm003436872,11.649712305471319,13.094432835933796
agm003436873,12.16741216861836,13.342214544149002
agm003436893,14.03131631565361,15.381655262356167
agm003436898,14.284139920617882,13.34637482420012
agm003436908,13.160475337073096,15.248472410906857
agm003436947,12.809665760308809,12.927880715920395
agm003436966,13.645072401757368,12.429697586345688
agm003436982,14.403858307948552,14.012930463809385
agm003437032,13.208097046381107,11.88694348631951
agm003437036,13.36606835915285,12.045477916607181
agm003437045,13.836040822047963,12.689784416240522
agm003437065,9.749544074333343,8.838504481553882
agm003437097,10.246117204139255,6.769286515087796
agm003437125,8.191097236998948,4.644050940359237
agm003437136,12.346568352952588,9.915811593104436
agm003437157,8.338020454028142,5.651914001109206
agm003437160,12.217259719683554,10.288990916972766
agm003437175,12.643898859026388,9.967398090179698
agm003437182,10.60451782582806,3.832964783010181
agm003437184,11.55342702007575,7.6703929653053935
agm003437211,10.688954642644156,7.695281076519869
agm003437237,6.354348908372876,1.671312259798049
agm003437278,10.425634938019536,3.2996286495846667
agm003437319,11.297272821612443,8.703109815355047
agm003437334,12.170698098423665,9.664189119267794
agm003437353,11.435246510192579,8.863886008747064
agm003437360,11.38342080900028,8.822459962890475
agm003437375,10.913645500301152,8.319850676584144
agm003437378,11.17428850998484,8.58866341158992
agm003437414,9.016482933540205,6.922794703332568
agm003437417,11.42432397652127,8.122805851339434
agm003437474,13.2694703847151,8.874814480711734
agm003437517,12.249219835893435,9.985956585906957
agm003437627,13.834181178908217,14.880738828026438
agm003437638,13.1010024228853,11.811390046305329
agm003437676,12.263736215935332,10.173423966073036
agm003437717,13.03616446635012,11.170209883464091
agm003437730,13.39937978030561,11.54547248582576
agm003437744,15.418730239068465,14.726953248229377
agm003437752,12.536364183283458,10.6642145900284
agm003437798,11.07035954448981,9.058057110083514
agm003437834,11.728231560480419,6.814816517602222
agm003437842,8.153617951272972,2.9439456704592906
agm003437868,10.897359215703565,11.285962509304282
agm003437873,12.98216464062697,11.245620451099562
agm003437884,12.859766285155226,10.21839406679788
agm003437911,10.087046119592165,3.8651942353275466
agm003437913,13.733648313711493,14.667242238753843
agm003437923,10.785538069314859,5.74398288864328
agm003437925,10.711734744679193,8.150145574054807
agm003437927,11.33802227310845,8.252647556646714
agm003438002,13.668257008257344,11.725283074875923
agm003438035,13.415975291126921,11.984508668549724
agm003438053,11.291942069258797,11.377156595388948
agm003438055,13.389678377073606,12.046475517983678
agm003438096,10.471521395554793,7.460224170141057
agm003438120,10.646689987542652,8.742334824829898
agm003438152,12.557599956619702,10.624045593471102
agm003438165,10.78325436541967,12.216649862018464
agm003438169,13.574885006214283,15.03701834123944
agm003438227,12.702651971513738,14.007950733296257
agm003438293,13.746120124912032,13.558150050736542
agm003438354,12.461666182736147,11.397104173916807
agm003438375,12.163006035075357,11.056333620593866
agm003438377,11.610157173576289,10.267530334174486
agm003438416,11.478425252005126,7.661936506295412
agm003438426,12.72898192575685,9.56949664692037
agm003438483,12.583407193698903,3.625505586959195
agm003438492,13.355974129667914,10.917832296401683
agm003438510,12.794765147161181,11.801473808844174
agm003438511,14.005641719444993,12.066391800297042
agm003438513,14.229347375409354,13.301479354334733
agm003438519,13.5153271046889,10.95790667615311
agm003438520,13.993692484628186,10.915776790732115
agm003438540,12.798755620887443,7.082780202166906
agm003438551,15.107258409552337,13.997393801770267
agm003438570,13.582650518378307,10.861120048294678
agm003438577,13.356512866070789,9.256624982817875
agm003438590,14.005392579841525,11.603704707067656
agm003438595,12.788115953496954,8.667494129086704
agm003438606,14.217169156108314,11.127373331426801
agm003438613,12.768463652458145,7.092138517554784
agm003438622,12.055736231093777,13.822441597614443
agm003438640,12.233278905596123,8.29004093488185
agm003438642,8.9592324278126,3.8416762031100276
agm003438667,11.085698114550361,10.901993181416126
agm003438699,9.9879788126036,11.51757550811682
agm003438736,10.693498274437019,2.8845393376745263
agm003438759,9.64184743512371,3.555176758573168
agm003438781,12.588135685601392,4.532015604783534
agm003438788,15.177859288686015,16.481197623160895
agm003438841,13.986221974778234,11.72646910124565
agm003438845,13.083649822085428,9.453620833923758
agm003438852,11.256572101564792,7.040839987769389
agm003438873,10.434504238651826,7.638895775367227
agm003438929,11.700526724291711,5.293009200772573
agm003438936,13.087181291500634,10.486244944546137
agm003438952,9.760883957913444,4.3560864591607915
agm003438972,13.23438693909857,11.705367859956661
agm003439001,10.789625152328483,0.4715203373263866
agm003439039,10.364032439465712,0.5391451143568263
agm003439040,12.291970355747859,0.6815032553204077
agm003439073,12.722874847394598,12.114202879802518
agm003439087,15.558922457784035,13.042718449112987
agm003439175,15.086565942961785,13.184719585256696
agm003439257,12.137409354319688,8.796247380580832
agm003439279,12.309649637272187,8.358705318162277
agm003439294,6.753095320649419,0.6341693291445812
agm003439321,11.934780985878488,2.11070653153944
agm003439331,11.558444885659197,1.7874349294185403
agm003439335,11.001619473867002,6.654336314711588
agm003439412,12.567462005043362,11.854312037988578
agm003439452,12.54223211513694,11.906123013241084
agm003439455,12.122562190078483,12.086048792563346
agm003439468,13.001095816365776,12.636173992694607
agm003439502,12.356192275024924,12.270222572962325
agm003439518,13.184307940653296,13.827215780522431
agm003439523,13.224096938543731,13.86141282964914
agm003439529,11.585914733022358,11.172239219838026
agm003439531,11.66239676001554,11.266946927538507
agm003439544,12.514068616853281,11.964062399899747
agm003439571,9.051499600700291,3.348357421813263
agm003439572,8.324476068472245,1.2006132997168457
agm003439605,11.943441895095033,7.26424662168115
agm003439611,11.995115760791059,5.266829616654036
agm003439636,11.69999942895862,3.76068061273016
agm003439643,10.316346679504862,1.986722280736674
agm003439689,13.148979456158457,12.458532832815619
agm003439711,16.040928905249526,16.14562855352471
agm003439713,14.625773873326308,13.3829830090723
agm003439754,11.087376760890963,3.449792547414823
agm003439758,12.147374216978635,2.272280321627131
agm003439780,10.28967737291678,3.586978839807761
agm003439797,11.744439341431848,3.53624562861647
agm003439799,11.436830665343505,2.253158068100485
agm003439802,11.913062789831232,4.550902711108013
agm003439822,14.722373413266753,16.157240783252277
agm003439826,14.332295565541067,15.060507519431761
agm003439832,13.833209888602651,13.807256692827778
agm003439834,13.940750327736785,13.934720844021149
agm003439873,13.369636766321698,8.861186272236436
agm003439917,15.099787205425498,15.2050487009996
agm003439939,13.897550198906835,11.785358746361878
agm003439962,13.17494622025569,9.531468077875012
agm003439971,13.200983385879729,9.552176609590857
agm003439981,13.262526894532028,9.616885833767176
agm003439989,14.81367172071518,13.377411083437538
agm003597576,13.090600577423311,13.329682913480918
agm003597671,15.800080565508745,12.566105881021135
agm003597762,14.483631527972237,12.354493231621513
agm003597944,12.17015302105638,15.291391689002197
agm003597952,15.27808705960112,14.578819115384894
agm003598041,14.674863940672184,14.172129295782455
agm003598072,9.902320144325882,8.184885984233036
agm003598411,15.652236442358477,12.836549726318951
agm003598451,6.382921481326573,-0.4614002727478533
agm003598736,13.560702197107853,12.468182333291885
agm003598978,9.84899902310252,9.516773665206605
agm003599058,10.04615510676589,7.198186733717989
agm003599079,14.622178167956264,11.908344861578973
agm003599324,11.196914656355156,4.238396500145115
agm003599411,13.344238747080906,10.34601647706858
agm003599430,14.108763447472326,12.961166676306346
agm003599634,15.679415767624342,13.057193786403317
agm003599686,12.242622528921947,7.806105270775864
agm003599856,16.332482975938778,15.329597709208764
agm003600117,14.055809919593601,14.761805721550084
agm003600197,11.048397980743756,10.500517651670704
agm003600347,13.417647015968834,12.881280630208552
agm003600360,12.342040937087141,10.954803559797453
agm003600581,11.274675912719426,10.195776986036895
agm003600603,11.225896078056044,7.352246959048564
agm003600734,14.37643738620855,12.503871638037005
agm003600834,14.553698631237685,9.991114093926967
agm003600851,9.851588953416682,7.639976072960838
agm003601037,13.22494290538682,7.507097856572197
agm003601364,14.419427910384806,12.147628098624063
agm003601575,14.911657046139114,12.667955086286861
agm003601673,13.800180152184161,10.944580843954533
agm003601760,12.854231379210892,8.711617916337941
agm003601785,11.782540443810674,7.589489924083999
agm003601817,11.960902188569692,9.733624312974671
agm003601982,13.519552878328236,14.384664451461576
agm003601997,13.875023401131749,14.524027910922443
agm003602037,15.65255967583717,16.053054128251564
agm003602120,12.556034871160422,8.916209806550116
agm003602131,13.029174716829885,11.308338289450184
agm003602163,14.543611266405156,15.152473901775172
agm003602176,13.165974573143457,11.67852969793441
agm003602307,13.761317612744259,12.914748770214302
agm003602403,14.001899670756979,11.826918534293215
agm003602496,14.314286728025587,9.446598093524967
agm003602504,8.2523450557519,5.596596353705348
agm003602542,12.332182207932703,12.778113394165048
agm003603153,13.559685638130249,12.401700999218674
agm003603299,12.068805025446487,8.128311680061252
agm003603333,12.331476260275693,10.903484819801017
agm003603454,12.919235435386495,11.485402497709273
agm003603459,7.607685748792959,5.729142196920169
agm003603616,9.981050328933035,8.263491581975396
agm003603627,15.486619296589874,16.300283942271452
agm003603781,9.061467296341243,3.662860136296299
agm003604308,12.529342249181957,8.772016220385813
agm003604337,14.725652180107367,10.083039943413366
agm003604689,11.493785852752323,4.4882971174714825
agm003604700,9.65956871495735,4.585883539492332
agm003604955,13.480840759318516,13.99061827695995
agm003604974,13.716721752656708,11.291920963830945
agm003605123,14.994736387230816,12.90064544898315
agm003605170,13.549309736234994,10.946027138898636
agm003605234,13.653735863554175,12.064052774817135
agm003605400,7.160010935836218,0.7795521063079308
agm003605486,16.22623709986648,16.849490637649705
agm003605751,12.053323087716654,4.0312171239331605
agm003605771,11.741217752991219,8.40527675793935
agm003605947,11.788674569374516,9.663702378570449
agm003605953,12.712075710322454,13.417838040912697
agm003606023,14.06884528388047,12.82574163793474
agm003606036,17.137012678483696,18.450418294054277
agm003606155,12.86150498829683,11.551733099320709
agm003606181,12.223747733450347,9.557522298882391
agm003606217,14.000474010990983,14.405374783585136
agm003606270,13.780502347614592,8.252491487231415
agm003606290,8.6383600748169,2.4962485311926854
agm003606514,15.871386038221466,13.281775262009957
agm003606651,9.758975051945795,5.532987340374568
agm003606654,13.123563875257178,5.620863334531836
agm003606726,7.3771818465595755,2.232559798522702
agm003606819,15.72031519788387,14.462172566933463
agm003606825,12.456997431954768,7.7833027340059004
agm003606827,16.192599169453455,14.881070522156547
agm003606930,16.86384792853792,16.725745517644373
agm003607006,8.874731103965113,7.340410203672419
agm003607211,12.763627458782304,5.246793611924834
agm003607280,9.809974779156287,9.213470359012382
agm003607386,10.360233983873908,8.951401074549922
agm003607399,13.137390934701685,13.03573900384459
agm003607411,10.783674083538491,10.338294138001368
agm003607463,11.8818842846657,6.0130541633110495
agm003607573,8.276691184662118,1.8798812127260927
agm003607604,12.471742808371316,9.005999930708912
agm003607640,14.232669294523953,15.157106883388446
agm003607653,7.6332319460081015,6.171194386545871
agm003608020,12.389414891452788,9.895530411479966
agm003608031,10.115876578612895,7.69683955690579
agm003608215,12.176996010255776,10.655902028068875
agm003608326,12.716826540726418,9.095087865046517
agm003608355,15.010217409322655,12.812013220513897
agm003608452,14.48505228822287,11.463536925227123
agm003608453,13.826717967643964,10.36079145677578
agm003608569,11.688133588261799,5.199467358545486
agm003608646,10.531091075565167,6.160329032660598
agm003608723,12.405233619595307,5.68633939110305
agm003608732,14.13698382987168,11.088467110979101
agm003608752,14.241864537821266,10.69591110778346
agm003608987,14.078566392615883,12.066633219660858
agm003609013,14.640171018294708,15.734500360874518
agm003609059,13.550454053951995,12.16938319370057
agm003609083,13.398506807560459,11.154840570472807
agm003609100,12.596847155680193,11.172513215562171
agm003609129,12.83677808653566,10.30700476226725
agm003609172,13.658421618607008,14.51288396126349
agm003609182,6.896357162818746,3.1696385069717166
agm003609206,14.826526243003896,12.531556014965707
agm003609230,12.890738860830806,9.51484428463069
agm003609347,6.052547467023778,3.065458702172736
agm003609362,15.169747775524963,13.682995680100397
agm003609552,11.770240210823859,7.4800578364214045
agm003609725,13.638999489738252,12.419582705087798
agm003609738,9.229805586581994,7.913958887252677
agm003610064,12.126813898232484,9.543499107115304
agm003610090,11.119631165758783,9.991311794566913
agm003610167,11.982434295041779,10.66542761812932
agm003610214,15.090241868038554,14.0345674735132
agm003610383,14.489484838202541,8.079270505116279
agm003610462,14.38871204516264,14.064487102511228
agm003610469,8.808559325040525,3.1864681274268456
agm003610490,11.518381878887242,6.604984920322981
agm003610544,13.099865409921927,10.129300754977086
agm003610789,11.864012301056567,10.366362993492352
agm003610847,10.397749755291601,8.697492267105396
agm003610871,10.24623761756717,7.999867681422747
agm003611211,14.855495911096723,12.678414694634014
agm003611328,7.17018545518897,2.214733760389798
agm003611451,15.177101948112643,11.778362236900874
agm003611469,12.632411616655682,13.638331421790872
agm003611609,12.966848285605492,4.669148755520834
agm003611676,12.816691846963792,12.815371106914263
agm003611991,11.233918385273427,8.872567527232016
agm003612127,13.312135104067037,13.652373027115681
agm003612227,12.655300969830996,10.780912564569267
agm003612385,10.102781905010914,9.869935273925291
agm003612737,7.3971168671029845,2.7956637598898713
agm003612959,7.7891067890791765,6.012104695732181
agm003613000,9.65798607606253,8.591408158537782
agm003613186,14.07160763732454,12.263108304546734
agm003613262,13.556578092294988,12.45461193900736
agm003613382,13.915209402305333,12.809904380831844
agm003613817,12.065883235036338,10.252135639287962
agm003613836,13.718264281932338,5.966229239625395
agm003613927,11.318306898000163,9.370822859010183
agm003613938,12.59218526198209,10.324292610958242
agm003614060,15.048664637057069,12.602253492257322
agm003614085,14.948917080164692,12.51375644906472
agm003614136,8.685803774136982,-1.2300914195288595
agm003614299,15.490832986226156,13.058563677278737
agm003614450,16.310533083447154,14.15932869087183
agm003614481,15.795711639983685,13.6028773432845
agm003614582,14.476815598291854,12.794725151216365
agm003614584,14.752041811853035,13.119506569196517
agm003614619,12.112494211940094,8.248812757418994
agm003614635,11.774418988912956,8.892678373154373
agm003614646,14.615190672952822,12.115129200248331
agm003614657,14.842121158974926,15.705071826759783
agm003614659,13.902057817638829,13.755784614012759
agm003614661,13.7471244259656,13.608233558622125
agm003615495,13.458918807793637,13.801151081942914
agm003615622,14.748971100598698,14.171742262117595
agm003615652,13.617160869424197,10.68108808140376
agm003615697,13.349219472396934,9.851009693704807
agm003615735,12.717137471034045,8.568721861707223
agm003615748,14.771321564386286,11.588613858357842
agm003615759,11.438245778916965,7.254315008590382
agm003615965,14.096810998699896,10.679305369234399
agm003616088,12.316020945226807,8.909609504757077
agm003616101,13.444515613465127,10.454149237822179
agm003616112,12.81742931618388,8.621961641937661
agm003616121,12.068406743036698,6.244639605774134
agm003616131,12.76296186602847,8.37433825462542
agm003616164,12.765807221304936,8.384846599353686
agm003616168,12.5331552258742,8.043339153946095
agm003616258,14.679852468293562,13.134519450003513
agm003616273,14.515554261303766,12.881175293924795
agm003616302,15.044006676590836,13.98122436250891
agm003616355,12.924540754283349,9.098204690499145
agm003616364,11.678173596126342,7.605815250884795
agm003616418,12.960202623676523,9.274023055306785
agm003616447,12.41393627176621,9.14223824771743
agm003616450,12.950215304883947,9.294467595510483
agm003616503,10.699741206502438,6.2837887780341966
agm003616512,14.539915896035202,9.40326393029166
agm003616513,14.357208644300375,11.644243333416206
agm003616526,12.647302088440002,9.081062207642999
agm003616555,14.988503604553639,12.255413962845946
agm003616571,15.444501004608187,12.649514938900623
agm003616574,15.10884307868559,12.393576269059883
agm003616586,14.274309035848772,9.184081963380846
agm003616612,15.53336665476545,12.074409208597494
agm003616614,15.033970480463994,12.181796539527634
agm003616622,12.926160027814827,13.282134871157638
agm003616634,13.406839403146718,10.732313953351287
agm003616638,11.017397817555306,2.9086494699018406
agm003616701,12.852670820655673,9.016400617807001
agm003617190,11.812872674980511,8.494049572468198
agm003617414,10.806797369966247,6.393717641111158
agm003617626,11.834314165650126,9.306196195982395
agm003617946,12.286138263520362,10.243232710769338
agm003617960,12.310330448941388,10.295976696247068
agm003618181,10.41129065951837,7.454414273674354
agm003618386,13.572269556098966,11.761046575736872
agm003618391,13.775077783139205,11.948155807037837
agm003618795,9.577990704952347,9.433786205406852
agm003619380,11.832988057213315,12.42750967576717
agm003619544,13.405181961440963,10.238583772627479
agm003620488,14.082481178759403,12.024421961895532
agm003624031,13.054223653729064,8.413574807768326
agm003624604,11.450063754236048,8.730152248392919
agm003624949,12.550183077994916,2.00896951270777
agm003625363,11.885276604332978,6.276556527933286
agm003625596,12.353863238001956,11.53240158100588
agm003625623,13.646309224643593,15.408254087029462
agm003625654,9.390760325221787,9.171590141171949
agm003625681,13.489789302550934,14.218574405241023
agm003625718,14.451990990161752,14.987943032384429
agm003626092,13.523623326848105,10.3526865382087
agm003626093,14.1153461848264,11.328495390412508
agm003626409,11.698343875459143,9.15801724101902
agm003626534,10.740328473163594,6.6952620068355735
agm003626586,11.276714804434548,10.683863572836904
agm003626596,10.588860006665492,6.103776482355398
agm003626685,13.979796107613282,11.482271443928951
agm003626700,14.51944956090513,12.156547651914412
agm003626832,12.637869342303324,9.09101745233775
agm003626833,12.610800124671156,9.049387687029915
agm003626927,12.049458737021318,4.837746502375007
agm003627261,14.407185437893794,10.558981695933634
agm003627348,10.835788711071581,5.31410221986604
agm003627486,13.572225950522832,13.144778005036839
agm003627580,10.628593294525423,6.535105587285054
agm003627982,13.22280425944733,13.127684015790543
agm003628011,14.609893540051058,7.910881278102554
agm003628084,11.927015655122982,9.04459996400952
agm003628364,11.300392174314059,7.356326685269398
agm003629859,12.20620654296742,8.957289126481989
agm003629868,11.894562170610062,6.450703830759537
agm003629887,12.636917448799906,5.5571429614694186
agm003629904,13.594202257809751,10.507132571876465
agm003629925,13.532090446006944,8.879324530102979
agm003629933,12.87121086364337,8.10123194491094
agm003630011,11.671698918625216,8.422631132570782
agm003630174,11.586801492098324,10.53494136497851
agm003630188,10.076970600423651,5.8278087564965
agm003630204,10.43979007193516,5.5234555271884265
agm003630205,10.495096066091842,5.573466345092559
agm003630277,14.356427381064046,11.257768514580421
agm003630355,13.511476638951033,9.300346309002114
agm003630390,11.222035297012733,7.104626713947107
agm003630391,11.47907704888622,7.421861034352407
agm003630452,14.796352753994215,13.558339062113147
agm003631616,11.836583538811302,3.6538365709735547
agm003631667,14.009899957667868,11.48264465015847
agm003633112,11.76851332613908,3.919221880037652
agm003633255,11.953607572533782,1.0238069123011027
agm003633698,14.074528463185857,12.600904528086689
agm003634111,13.22551078714109,9.814692466221395
agm003634659,12.816545040126586,10.991040304060808
agm003635168,13.731463033846676,10.552481236773517
agm003635677,11.812520734081128,2.516131184134874
agm003636413,11.925002645558223,7.8527786934957575
agm003636744,12.733999599967081,9.189910624247677
agm003636845,12.32014041630739,8.143551873551957
agm003636869,13.844023949253097,10.92754661809886
agm003636984,15.590254856741858,17.83033167290409
agm003637747,13.631118073703684,8.986743656452434
agm003711950,11.901099911575958,8.94372553803917
agm003711959,10.446212895715462,9.300511997119177
agm003712480,11.220882542627695,8.928201958690165
agm003715837,10.9924490675725,6.563835073852461
agm003719819,7.489615954701574,7.8489872868748805
agm003719849,10.165900969452888,9.827285421563765
agm003719877,8.981465029763205,8.83553881176851
agm003719981,13.096300145941001,13.136304282589226
agm003720872,10.553581524672142,9.328941044046188
agm003721150,13.098723213484622,11.923012338384646
agm003733914,12.613686177395559,12.382440243655545
agm003734798,6.93226757247107,6.866917954642613
agm003735654,4.773334749521268,0.9506491422111173
agm003736676,13.630128490787868,13.788544723166511
agm003737973,13.991080786781039,12.862562043113996
agm003737993,14.051291562985496,12.908224865844302
agm003738655,7.023485537151924,5.484169830676255
agm003739979,10.511247649517339,7.93612651356236
agm003740506,12.491046945538963,10.185106285433447
agm003740605,13.191108562471165,10.575385076515005
agm003740895,6.3188881269219515,4.685421147700744
agm003741569,13.316805697336278,10.099105286644777
agm003741571,13.346281377212387,9.977149803783975
agm003741621,12.05264591432546,11.805329355665139
agm003741868,12.445709477743513,11.050210368306116
agm003742044,14.228979655812388,11.43913177403685
agm003742311,13.628065657743036,13.811909178880859
agm003742316,15.341054433985244,16.16820003596762
agm003742480,11.39218902965718,8.247324383798231
agm003742573,11.357461085933734,8.428378106183324
agm003742583,10.46464106419607,6.150778675556258
agm003742654,11.48173237905185,7.279880862743643
agm003742817,13.877823455354035,13.652832706664162
agm003749449,12.874124045333707,11.62177636284303
agm003749944,13.369873819618386,12.925231510370502
agm003750183,12.585910626435888,0.8736163243011864
agm003750318,14.405022436285698,13.145048248654371
agm003750492,13.743530284397494,14.194699484041074
agm003750771,15.885854621026693,15.47429313659669
agm003751032,13.559945174663449,12.81856469565029
agm003751158,12.439732906184277,12.139821125625138
agm003751187,12.809772091547167,12.892503343040687
agm003751514,12.567690928802472,10.499506872524208
agm003751772,14.070150450769384,10.048911756148442
agm003755635,11.27500121185259,8.870317559115545
agm003755654,13.764309037307013,10.211224048710342
agm003848744,13.207031114689771,12.021944715822716
agm003922680,9.969812972306201,3.584046620192641
agm004017393,10.783638514291413,7.358144489662466
agm004043699,13.880957988852153,12.797077624114326
agm004063661,9.066313606026513,3.4564341300088763
agm004081835,12.825865128167855,13.841921949625483
agm004095660,8.969435694654992,0.6585477759070208
agm004098850,8.887661737303675,0.6246376330136929
agm004107857,10.146319363875147,6.38223446642839
agm004111069,9.976829932980571,2.0696815020488035
agm004115413,10.243332313789779,2.6381964087046565
agm004125178,9.686164216017895,1.8920459824278488
agm004141992,9.087792438352562,2.7185275465759293
agm004145031,7.875336460193978,0.551628668800916
agm004158696,14.253175815511753,14.356350637730628
agm004164736,9.090262314066099,-0.10092408296276467
agm004171858,14.576636985546024,15.998122346709318
agm004177081,10.705053981755944,4.668945958228145
agm004230125,10.42217635653668,2.6330437080302325
agm004234112,10.056878331238446,3.1216013179379516
agm004258749,11.603561661024395,8.907854995723314
agm004316581,15.488176255668966,15.205680219765037
agm004326454,12.017740367595628,0.39402276081611376
agm004333120,9.556993255564597,3.3984606693245833
agm004408849,12.371186938461108,11.95146646491924
agm004421625,11.91010039122686,9.999940072211455
agm004442358,8.121482553369182,5.755267439446136
agm004442524,13.911968436527772,17.463872939676076
agm004458931,16.23056207814264,15.337695928101063
agm004464908,5.235151512382639,6.576708248142513
agm004742296,11.620322074456054,7.61279025074609
agm004742319,11.610436475315721,7.477109984838556
agm004742342,11.022676194872092,7.10981543857721
agm004742355,9.160320706120237,6.814876302967723
agm004742409,10.886303885404368,8.290739717459745
agm004742456,11.49732910398155,8.120948375634768
agm004742654,10.306924961176069,8.785864949819645
agm004742678,12.04011237417076,10.112086782451838
agm004742720,9.135887356931333,7.2563526522839785
agm004742724,9.687842816171003,7.644380789498558
agm004742747,9.778450564556477,8.240496014095328
agm004742749,9.532632513416196,7.9210271783671
agm004742752,11.120943177211958,9.923540843819344
agm004742761,10.53234467941037,8.44424582572467
agm004742776,10.154129517054526,7.927210951232084
agm004742810,11.486889635280667,9.322754469411983
agm004742811,10.772997519214442,8.979305493320181
agm004742829,10.863131238806266,8.288349468081938
agm004742859,11.561418744637884,7.185548292123109
agm004742880,12.848870377400859,9.15806123285482
agm004742888,12.15565838714889,8.058852085437925
agm004742899,11.8447502536454,6.187746337530761
agm004742918,9.736142618202392,5.64786182764032
agm004743059,12.47612767172837,8.005586646496598
agm004743064,11.929051608199368,6.966929425710148
agm004743089,12.172498193343804,8.096686297617559
agm004743109,10.594432592052874,7.752942238730593
agm004743110,11.262376430495275,8.644893296735907
agm004743195,11.509782287126896,7.098901503761513
agm004743221,13.290856573977324,8.978271853622696
agm004743223,12.922152884398573,8.292153341545609
agm004743225,13.337990292504443,9.041251599766541
agm004743293,9.784135860043563,6.224991364776362
agm004743314,9.315874918005166,6.203942302908036
agm004743323,9.526510653789328,6.2939965446155055
agm004743358,9.644281923106464,6.386136664652376
agm004743384,11.049370373166129,8.451380534142839
agm004743388,10.190592180222339,5.551849248519198
agm004743452,10.434110905685223,6.570869420186136
agm004743459,10.751383314957588,6.859502530441
agm004743488,9.74985450559773,5.747558643359503
agm004743536,10.108782558747217,7.893747651408398
agm004743553,9.903138722864192,7.506658259746492
agm004743581,9.599509514528732,7.111536691272261
agm004743584,9.864133160714198,7.4671588790697845
agm004743598,9.38005646892195,5.47400950269268
agm004743614,11.862566939628033,7.566071215735415
agm004743616,12.173786272065904,7.904481993252176
agm004743631,11.797661820318838,7.425816577290223
agm004743637,11.724787875971591,7.3096876438576475
agm004743638,9.67670992169442,7.149136242656083
agm004743665,10.258296663143177,6.441603031064658
agm004743728,11.118146528727314,8.107450316534376
agm004743742,11.166477527988144,6.526917059537358
agm004743743,10.985667616265367,6.298424096230073
agm004743750,10.284921082739865,4.977134373145705
agm004743818,11.684230058487783,10.841205367760972
agm004743836,14.407189899114092,14.497286005397171
agm004743870,11.03914739627736,9.553778746170293
agm004743886,12.199292443610709,11.080629873877813
agm004743909,9.949493644476467,10.086300557353812
agm004743918,11.025454160693597,11.896798109886241
agm004743943,12.759142661974053,12.465820976770777
agm004743945,14.408598451722904,14.686822289941736
agm004743960,14.43180170007687,15.060524482260718
agm004744039,14.261169673524838,12.224163650863
agm004744052,11.311464352195072,10.807301788038691
agm004744056,11.114547840813188,9.038619335480476
agm004744057,13.02662120040973,11.558689433703938
agm004744087,11.201662285607304,10.345292720039966
agm004744117,12.435043830665677,11.245330252725104
agm004744118,11.814622533482451,10.185076190758876
agm004744177,11.041121341464155,7.30129672694412
agm004744180,10.135496650690433,6.800189986187671
agm004744240,9.95181589563666,7.627260326681957
agm004744260,11.084981225433735,8.35476967073196
agm004744266,10.622675412781133,7.768307779771544
agm004744321,12.458304012817885,10.248571673005904
agm004744324,12.238703728655338,10.005619878656617
agm004744329,12.17718092965599,10.214777941250986
agm004744477,13.792428487351183,14.685640295766701
agm004744478,15.574595171949937,16.415647520576748
agm004744495,9.525084743449264,8.245959184806745
agm004744496,10.022950985803048,8.80242027044738
agm004744547,10.725975008115851,8.775029763702667
agm004744576,13.274647640080394,11.60476684934769
agm004744577,12.356370387207901,8.85287102845343
agm004744579,9.759012789837909,9.463051149888821
agm004744599,13.129151518725505,11.641215060500569
agm004744639,7.981705571462377,5.154320988636399
agm004744690,11.96581813376203,8.069090067345558
agm004744750,12.828517475527272,10.032122306751937
agm004744798,10.435351503442357,5.723773517808767
agm004744857,10.266467728005127,5.2875079260391304
agm004744886,11.07882244951225,9.505817442780943
agm004744899,11.128464142250856,9.405473712996573
agm004744900,11.212694566603572,9.495291446799005
agm004744927,11.260166081988054,9.30200757132201
agm004744964,10.115966036901431,9.349771156463511
agm004744965,9.99773522435922,9.191537482102385
agm004745051,11.600206496155465,6.550161294500562
agm004745099,10.908829016643063,9.241400921532815
agm004745106,11.289423092436202,9.085104748359008
agm004745129,11.346827418159705,9.08723501989393
agm004745141,12.588181532701894,12.886603008689645
agm004745147,13.304700679991557,13.903430501655365
agm004745166,15.07403474454423,15.46344479555224
agm004745175,9.926349390944017,8.059492787071795
agm004745188,11.968147935960895,11.000590373289064
agm004745214,10.946268094636281,10.964112590861886
agm004745228,10.590999540683304,8.5653522036275
agm004745267,12.71474739185483,11.346869382896665
agm004745279,12.677409732340088,11.453890827470145
agm004745296,13.236674108282324,12.400766281354366
agm004745329,11.093097625129895,9.382808718717147
agm004745345,11.850615008826388,9.850738932464253
agm004745359,10.968588719958651,9.053848186256902
agm004745363,10.812783180649246,9.021180629604919
agm004745365,11.071483452605898,9.334596209131098
agm004745387,11.254484218075147,9.582031707505514
agm004745440,10.10951091345394,8.208501529455612
agm004745453,10.190055643828847,7.143558811273093
agm004745476,10.857591817244474,9.295681880407459
agm004745480,12.055074138802157,10.532681266477033
agm004745508,11.27673757196491,8.848698963233366
agm004745517,12.47026811044431,11.058751900117086
agm004745548,10.452172885172532,8.885361671161991
agm004745552,10.936471505769552,9.298338701271275
agm004745638,11.908683564710794,11.726557022277143
agm004745671,10.929679752746154,10.412407453071244
agm004745698,10.90336827753268,11.362558012517816
agm004745714,10.46402472077052,10.912005186130282
agm004745728,10.440120708604235,10.281508873669322
agm004745749,9.696323028155641,7.576903781576608
agm004745752,9.741817552237329,7.637639019074078
agm004745754,9.470660176571792,8.278979076608563
agm004745771,9.994837784034917,7.2054308946532934
agm004745784,11.903165515363582,12.354836141882418
agm004745808,11.180652980625924,11.11473244502958
agm004745902,13.128794311967702,9.21147391172808
agm004745914,12.938484449237437,8.827135486260902
agm004745938,12.277638661006266,7.13772214401537
agm004745961,11.542879864602376,11.953478925057107
agm004745981,15.913187343256885,16.142199808537804
agm004746043,11.133534000498402,7.824090900491104
agm004746047,11.918405102256528,8.094042396567351
agm004746058,10.958859329118729,5.381680993054581
agm004746077,12.011387192147842,7.344124033781296
agm004746095,11.32589004837933,4.965790975635792
agm004746120,12.718957599737976,12.652590201761745
agm004746149,12.37918537734104,11.397713227305454
agm004746151,13.81210977742726,14.221838000450061
agm004746187,10.529389922524933,5.2598357005005
agm004746198,10.628846396227413,3.6363458767316197
agm004747161,10.472973014605484,4.928408063620503
agm004747467,11.04188778947141,4.325936898114506
agm004748104,9.31499973008737,2.7319792063674946
agm004748135,11.000853962175851,3.7099423560418465
agm004748400,8.908378169758917,2.667605984046111
agm004748409,9.022023450957654,2.050309209564309
agm004748414,9.054048478763718,2.0875569760029222
agm004748859,11.155492677417328,5.647965786018541
agm004748883,10.789979926746872,6.048507556478865
agm004748940,9.345594604492405,3.3589632869144395
agm004749022,9.220801841895915,3.2490158120561206
agm004749194,11.213590445960103,6.477888628243153
agm004749906,7.7595195516399755,1.9432966892876777
agm004749907,7.800707338377541,1.9774902708295936
agm004749940,10.783225713067216,4.537210989862289
agm004751511,12.631131292896361,8.029481674199326
agm004751518,12.786679625282924,8.299945456850017
agm004751521,12.85495368013643,7.549542002021435
agm004751544,10.85462084942158,6.147137143719495
agm004751553,11.089724963790282,7.943353091767803
agm004751563,11.764391551331542,10.167366158677842
agm004751568,11.550268264224174,9.150115339741161
agm004751574,10.027865080607251,5.780514352949922
agm004751601,11.902606435951489,8.29384134121124
agm004751639,12.233030902744366,10.054422694351366
agm004751652,11.24725452047552,7.517787348163961
agm004751659,11.208316110583453,9.75650155461925
agm004751669,12.112913956506915,10.8252215236542
agm004751672,11.89853925848685,10.60281396240737
agm004751701,12.451652622718932,9.912073540047908
agm004751714,13.074941268862311,10.717597033490778
agm004751735,12.285091194202096,7.578259773507203
agm004751756,12.791153390762956,8.923594973630932
agm004751841,10.922643911561986,6.149836880893364
agm004751844,12.517339846257997,7.756197484971007
agm004751868,10.472492114051198,5.0718784123868295
agm004751871,10.616368362886728,5.233561139945191
agm004751926,11.260917068354567,6.907475761861221
agm004752045,11.620525101077765,8.95521382851412
agm004752053,12.660669195393005,11.404647883894226
agm004752092,11.28422577276199,7.423098784603849
agm004752146,11.560256153147634,8.033791063304752
agm004752200,12.281524414304123,8.26306132925535
agm004752204,12.396376263562141,8.3967434950645
agm004752210,12.764101834117604,9.115369054304287
agm004752231,11.165456925068597,9.373369123593918
agm004752271,12.079356206670226,9.398530664758558
agm004752281,11.670822680994464,9.068501144447817
agm004752398,13.155901192802553,9.57607149955802
agm004752442,10.055231152026069,5.347481104829849
agm004752460,10.764703860121728,6.25958242210021
agm004752468,11.272249580065504,6.467477304671657
agm004752469,10.597592544575004,6.167963950347598
agm004752495,10.98478974192473,5.64647661711729
agm004752562,12.204334610614508,8.564286122646587
agm004752599,10.472877462615953,4.580867713197769
agm004752603,10.60222951523018,7.727330782091872
agm004752646,10.903512040594748,7.994602216128331
agm004752671,10.69566770857926,4.689286992203474
agm004752672,10.852805537038302,5.486823441768131
agm004752729,11.983951691297143,9.637527289239145
agm004752759,10.285656962175247,8.776585485403883
agm004752802,11.757802016953464,9.675947502432015
agm004752908,12.088397975813772,10.307226930422685
agm004752918,13.170441998196855,12.31457932483257
agm004752994,14.004896191679405,15.349362335610579
agm004752997,12.154618719745583,9.425153323654321
agm004753037,13.060077287387202,11.828448841864011
agm004753055,14.994585045445698,13.309900566165917
agm004753091,14.127282002737344,13.444865579919691
agm004753135,9.915992810911481,7.580551249946528
agm004753148,10.595018277122442,6.977249270046347
agm004753155,11.50259629799057,9.177390313462366
agm004753188,10.577361576681382,9.482675998966908
agm004753193,11.477508637905535,10.739147617662411
agm004753201,11.991870605325262,9.536187822073758
agm004753227,12.174957798305874,9.788610969994089
agm004753269,13.876313687309562,12.37404066289748
agm004753309,10.902618950116567,7.479989461043773
agm004753323,10.88669197289275,7.4189651907690575
agm004753342,10.568376992491347,6.969763051561312
agm004753400,11.50887441253687,7.521834512046375
agm004753405,11.358119462392901,5.5875527053221985
agm004753505,10.52787057545029,4.677855742416024
agm004753522,11.52268178996802,10.730836891610842
agm004753546,11.396845856056862,9.2610637733165
agm004753554,9.616554124561176,8.32776098375997
agm004753568,9.995947783049898,9.396698209591927
agm004753587,11.085004990033724,10.201074004560029
agm004753599,11.679782014389453,10.960863422355771
agm004753618,11.707184317640023,10.494636731209775
agm004753624,11.860373516801673,10.633000356085903
agm004753664,12.419491153073281,8.944630335000463
agm004753665,11.697400918251702,8.527179843124374
agm004753706,12.924521409720356,11.114916331831873
agm004753729,12.695469565500568,9.954404145373545
agm004753773,12.239425017639057,8.55621270738353
agm004753795,12.960439610121858,8.80163183202879
agm004753833,12.517026192065428,8.204320543545103
agm004753858,11.292593016360392,6.726626769891837
agm004753944,10.635936091958978,8.950905959049827
agm004753945,10.518456411215542,8.79185311211659
agm004753949,11.08443371563009,8.944374532145373
agm004753979,12.524227345207281,8.808323246053007
agm004754008,12.208760730825679,8.405993805701044
agm004754024,11.540287829012284,10.305452827754204
agm004754040,11.480119928064994,8.858669031595438
agm004754044,11.196295141290392,8.889707566396716
agm004754051,12.711545443634641,12.184745273329982
agm004754065,13.905442045117423,10.748924615005919
agm004754089,13.390408254360532,9.930068384707438
agm004754092,15.13591210733235,16.05492579984539
agm004754109,14.676523520101997,15.21360034788484
agm004754112,10.606415367755309,9.64342705163363
agm004754141,12.085357275187791,10.79855430886356
agm004754166,10.984610478419727,8.970773186506266
agm004754170,11.94789185251304,11.989948869198818
agm004754224,12.9288006998056,13.190916941233901
agm004754241,13.068157873042054,10.706487404614426
agm004754242,11.78772933526974,11.056950521416736
agm004754253,13.534246880981428,11.174248136263955
agm004754266,13.382542340700423,13.389905818670798
agm004754297,14.187692790977595,12.135052478840741
agm004754308,13.545972101242334,10.186147799717133
agm004754383,13.327631882316458,13.788853842009503
agm004754404,11.659709080055842,3.531412331877071
agm004754441,12.14026112680178,7.6039527173563854
agm004754442,12.405847202403132,6.2938862200127685
agm004754566,11.972103924727888,7.1932363278773535
agm004754662,10.111614067770821,1.9473168460301504
agm004754680,10.317744305534953,2.7366473115382113
agm004757599,9.633233838302848,4.12270770202857
agm004757600,9.526361137061594,3.8139822701029757
agm004757908,8.892680599854613,1.5680197753566165
agm004988168,12.032444351660633,6.417748620781349
agm004988194,10.623896884286545,5.944654263709137
agm004988372,12.619710379720889,8.99402607040621
agm004988429,10.047094647284098,8.031720482810957
agm004988762,12.176298402642662,8.07227797233325
agm004988771,12.731475034116823,8.971079583237572
agm004988788,13.846581418422863,10.105333425154416
agm004988836,16.418554716242298,16.536494507291355
agm004989171,10.952887933281,6.959892447282961
agm004989576,14.036080277417824,11.017631515903606
agm004992385,15.658809715138792,15.953585221575935
agm004992909,11.719978688397026,7.40968764282005
agm004992935,11.808005725517258,7.657271164232545
agm004992944,11.455778499587897,6.2527794983336475
agm004992965,12.13076071722912,8.174405094511743
agm004992977,11.812561412850224,7.111112887445567
agm004992989,11.934235627134656,7.668954497224834
agm004993019,11.65693767103053,7.938097361815261
agm004993073,11.653126361993376,6.38203525545732
agm004993105,11.129833557174887,6.674308489043293
agm004993127,12.268920573331705,7.757576130841277
agm004993144,10.642211242452952,6.6233404894519285
agm004993164,12.428652450778774,7.1292889137386055
agm004993168,12.557751310902155,7.300213035646952
agm004993181,10.812235307797392,5.722193209925318
agm004993182,10.915486239050328,5.828392382842777
agm004993224,10.813418529750312,5.632249490363584
agm004993254,12.891634826733812,8.45899690090238
agm004999390,11.295081298962273,5.360777807327335
agm004999569,12.534027516090294,7.464759471816521
agm004999645,11.741941529079622,4.677945756254222
agm004999679,12.277655116292642,5.8997856989972774
agm005002905,12.000305313797611,11.0685959478924
agm005002938,12.199833697441806,10.134483386949011
agm005002944,11.0072095488497,10.11437766056665
agm005003108,14.006948190662659,13.796969112138484
agm005003220,14.599956048900548,14.020686547543312
agm005003278,12.247797338009615,10.167200349599955
agm005003298,11.984178916308647,8.882747824342498
agm005003353,11.018851945397182,8.930154085539973
agm005003477,13.591065531453628,13.631181626611518
agm005003522,12.66637569353509,11.834125987923793
agm005003530,12.013920768961501,12.197415059351416
agm005003546,13.099655270304273,11.413260593518292
agm005003642,13.848507342091414,14.386090840862906
agm005003660,13.141243906401433,13.261462489466789
agm005003670,12.615336310097119,13.060354649510396
agm005003682,13.105411894536468,13.496760219600883
agm005003692,13.386546915275478,13.012931117315338
agm005003712,14.193035599058586,14.613507776381692
agm005003778,12.465275655216836,12.928297058724814
agm005003800,14.135892987500295,15.340783854639852
agm005003905,14.711455300402477,14.544494232494179
agm005004111,10.496881036348542,8.782806357962498
agm005004154,10.458012779725331,9.624147693762527
agm005004173,11.09236184771699,9.557469227192806
agm005004177,11.225948526657353,9.246395298346796
agm005004243,15.017449971569025,14.844338159838776
agm005004273,14.711061090208068,15.023217474374437
agm005004280,10.892043563865922,9.231448737610123
agm005004304,10.763230546035201,9.712511393641838
agm005004323,10.656106458000519,9.703347752297063
agm005004434,10.940798085831087,8.435497975487202
agm005004483,12.964558358577552,13.780465978430533
agm005004724,14.031085808414744,14.620185367317024
agm005005506,11.105416613467423,2.6071913477605095
agm005005706,9.818601625841636,5.9577844709320145
agm005005842,11.111111574260478,6.935588687241325
agm005005928,14.01972929201755,14.611533115823054
agm005006342,12.24591485787501,8.671120962677945
agm005006595,9.798010969438117,6.2944939320779785
agm005007031,11.053840249010983,5.503393483675372
agm005007186,11.867923268513232,8.066382493927913
agm005007234,11.19065553846103,5.770285902971283
agm005009835,13.199518913096847,11.074977615091802
agm005009947,10.42368085641107,3.9861843237780747
agm005010320,11.363733366928248,6.109568971843404
agm005010602,11.410478281313276,6.879845320767641
agm005010692,11.581966277681591,11.191714787452327
agm005010802,10.572006866277794,6.685260701168144
agm005010803,11.04794933029936,7.318315109371464
agm005010834,11.782111463446293,8.867584852868804
agm005010843,12.996584965571524,9.500148160968577
agm005010845,13.53546230056575,10.119127143167766
agm005010866,13.39313081563198,9.505899051555657
agm005010961,13.648481984400874,10.552140803903825
agm005011012,12.573059316272216,9.385832330550496
agm005011030,14.287991175070957,10.376937529078912
agm005011047,10.324079831391867,6.601753653456311
agm005011101,11.85187670917146,8.568934927389082
agm005011111,9.964403360514423,6.474843815394007
agm005011112,9.898432598184982,6.3591942160214145
agm005011119,10.613885854650716,7.608493534441154
agm005011127,11.953289103809624,7.912229265874018
agm005011136,11.37060535298814,7.812741712441751
agm005011176,11.010317374358904,6.729489635083179
agm005011186,14.04219314374611,11.476375782783961
agm005011206,14.24747807390339,10.899403908468917
agm005011212,13.876624836745018,10.465848408323586
agm005011225,13.508235857868934,10.009383909161773
agm005011276,13.751649448325063,10.819996222765974
agm005011291,12.786341028478486,9.746362818420755
agm005011348,13.578214781401613,10.007908788813399
agm005011349,13.76675844440187,10.21239102243128
agm005011404,12.9302613670821,9.27701700485011
agm005011410,12.488501562781781,8.776618570943096
agm005011418,14.165457371426854,10.403632030422367
agm005011423,12.432353632043064,9.504949301069695
agm005011461,12.94256038869779,9.261687267070247
agm005011472,12.252663514958119,8.472939416499162
agm005011479,13.21386979837418,9.575435120002986
agm005011493,12.782206184372294,9.07309831964347
agm005011497,12.83736878648455,9.134632604978263
agm005011502,12.153152109080185,8.351533247514801
agm005011510,13.616790696852709,10.586097446409667
agm005011565,11.026567231695415,4.582374078449694
agm005011610,10.404683972183578,3.0379160754578036
agm005011616,11.453953828282021,3.3127041122540617
agm005011617,11.210241803026747,3.111929354739685
agm005011620,10.753247589860795,3.544853552904043
agm005011645,9.768597197572232,2.1783369418059677
agm005011651,9.289580148455846,1.8991892279898708
agm005011654,9.741667425681381,2.540562018218613
agm005011694,12.916803978419537,9.465736583572644
agm005011695,13.141039694265718,9.769773116476383
agm005011739,12.848723361188465,8.682130771151751
agm005011777,12.309371753926818,8.091133170159434
agm005011779,12.389465658200852,8.567771531448141
agm005011815,14.104590393702725,9.726735948504919
agm005011878,12.993219548998514,8.644802583158874
agm005011897,12.324188473435854,8.071238799347721
agm005011914,12.96185870463486,8.920406180736695
agm005011934,13.641864536978648,9.785756700205688
agm005011936,13.345944866424503,9.374141068615105
agm005011954,12.938473738006511,8.43354521215239
agm005011996,12.756019203373613,8.277326838021338
agm005012013,12.565148494330977,8.427061874707384
agm005012016,13.321035659081053,9.763769020270638
agm005012029,12.526798782523688,9.42536406292035
agm005012043,11.936502688274471,7.520450606352784
agm005012047,13.539220158315619,11.228928536549919
agm005012108,12.66382217383477,9.732130458478965
agm005012111,13.166865276319772,10.513534646535081
agm005012126,13.929554636352682,10.204216654889098
agm005012127,13.2367555193887,9.94570510074647
agm005012130,12.67957974095104,9.800591947739155
agm005012142,11.82462992323785,7.9297083072984265
agm005012204,12.305704057224222,8.874240742370542
agm005012255,11.77242223990009,6.790920162501789
agm005012280,14.009044149386659,10.899350448458605
agm005012300,12.958034688203302,9.335323884229169
agm005012301,13.432295336546385,9.995659628242787
agm005012307,13.863270364170134,10.517597880145434
agm005012330,13.18011559211476,9.571060943775631
agm005012354,12.664599404791485,8.82114509464125
agm005012448,13.309103167529912,9.352958377395321
agm005012469,13.19208644989376,9.033787007467911
agm005012494,10.231520284012486,3.3744948526915053
agm005012515,11.04896385365553,3.8003005469030358
agm005012524,10.677278544670985,3.6622570090218742
agm005012533,11.441045267757717,5.609261355631894
agm005012556,9.205536824140701,3.5105084745134634
agm005012640,12.326167487755791,10.508195784120772
agm005012658,11.884428403927298,10.112617164304915
agm005012700,11.775905235240568,9.967032310979944
agm005012738,12.530700125794459,11.066812909974624
agm005012834,12.257105277970904,8.712479992234194
agm005012856,10.889429957149456,5.740634157191214
agm005012861,12.690975282414334,9.88764815954029
agm005012864,13.415764172150048,9.957063552713427
agm005012914,12.867858541019256,9.12979397550402
agm005012935,12.70641964408073,9.10471339788508
agm005012965,11.687507459133306,8.56732185157511
agm005013030,11.731325134743846,8.86940754624029
agm005013107,13.358302021743011,10.30013772979699
agm005013131,13.266569776500726,9.811358129616265
agm005013134,13.685402863851817,9.657166661387729
agm005013143,12.60588340437405,7.407157589787829
agm005013151,12.84811823961034,9.51643171779092
agm005013162,12.757138405255137,7.632387725858361
agm005013194,12.121414258319016,8.877670226671684
agm005013199,12.116490896813364,9.06083493180509
agm005013245,10.025395424068106,0.48744488895905536
agm005013254,11.957670135640418,7.0839303907016085
agm005013261,13.64113542691096,10.909925505676009
agm005013263,13.88196042751576,11.211071619111374
agm005013274,13.007722872438237,9.965511409128485
agm005013280,14.062312011762776,11.210137744994176
agm005013307,13.502183694515523,10.455158716133615
agm005013324,13.982065643850557,11.093650413063529
agm005013391,12.833379088744405,9.452962316673906
agm005013394,12.900717536284066,9.566695853430911
agm005013395,12.832873300740342,9.45403678875783
agm005013399,11.975318894576583,7.520437297291403
agm005013415,13.544579298433757,9.84167543517753
agm005013429,14.287087661059669,11.18578935882557
agm005013430,14.188613443320895,11.06078231805372
agm005013435,13.652709451915783,10.361149329644567
agm005013479,12.724952324259458,9.037405940482497
agm005013481,13.026300718878023,9.536400839621265
agm005013516,13.39451909253695,8.192937547273864
agm005013519,13.5632582324555,10.218185858458822
agm005013532,13.128456779792709,9.592410003289006
agm005013553,12.028901899696073,8.471307503458327
agm005013593,12.527176958359266,9.072151951370929
agm005013594,12.519798719387854,9.070941309121318
agm005013614,13.507082518799232,9.512683204438533
agm005013657,13.150460005874312,9.555401780785656
agm005013691,12.651444702178434,9.665397079462338
agm005013720,12.019789916257404,7.627591191856142
agm005013751,11.273765707666353,6.760775125675079
agm005013769,12.507197302157946,10.394760213985352
agm005013792,13.209252875961592,9.755331995848817
agm005013814,13.656298354206367,10.15639568425524
agm005013827,13.261329459491602,9.62481805737124
agm005013838,15.220545352372145,12.610782890084488
agm005013863,12.638087299687582,8.80863760552183
agm005013930,13.385197515421385,10.449688384399106
agm005013967,12.288072209545163,10.095877930111751
agm005013985,15.014489875515732,12.34984597270228
agm005014018,14.16801808332744,10.149400255518604
agm005014034,13.14635616162837,9.430345931359811
agm005014035,13.588462324534845,10.025173402172713
agm005014057,13.166690660382093,9.456251415513227
agm005014061,14.279948245668404,11.161995569702082
agm005014077,13.36237633102132,9.605149639050003
agm005014082,12.772213647361516,8.868980050143062
agm005014084,12.680623867977104,8.75355847014771
agm005014090,13.179471627094,8.953784767933962
agm005014093,12.608049163950232,8.66173611907323
agm005014115,12.830863525259304,8.979628824398837
agm005014156,15.101762621156018,12.961699235801671
agm005014179,13.999667637513761,10.289918834623188
agm005014188,14.750048051650328,11.395058786332077
agm005014224,12.701107371877269,9.944738649719422
agm005014239,13.652707274669192,9.673463995045292
agm005014246,12.80039588971386,8.644170245383963
agm005014264,12.475306872504081,8.563600642977336
agm005014275,12.192183492831614,8.196422397283772
agm005014293,12.341123413639144,8.375631716047465
agm005014297,12.528297022289307,8.648455215799546
agm005014312,13.13141107734954,9.865775069062751
agm005014341,12.639155044267948,9.213244433887581
agm005014768,11.173555069099717,5.414430716756049
agm005014772,10.88733115826822,5.0430652634645226
agm005014780,10.796070447334431,5.2637830267109775
agm005014784,10.955936527812058,5.470208932661988
agm005014785,11.483981712216607,5.943259178184817
agm005014788,10.873070930670371,5.674759170613106
agm005014876,12.697717334788347,7.498066577624816
agm005014877,11.833060269958402,6.083714034418224
agm005014998,9.970550348946805,3.9914472148724656
agm005015022,10.932679406040519,5.7370420271416505
agm005015032,11.718875781783149,4.9024104131419035
agm005015035,11.875635238151377,6.648345723398326
agm005015060,10.710453276716068,5.123792065867898
agm005015166,11.689597081189614,5.0242016498711
agm005015550,11.007868392111554,2.2290576426524553
agm005015568,14.958752750000576,14.838599494631282
agm005015608,11.495440887117775,4.583430156328481
agm005015610,10.778873989588345,3.7088564978087306
agm005015611,11.102859412967462,4.358030566624275
agm005015671,11.835536182637545,5.340975896811729
agm005015674,11.499866809602583,4.938585479380228
agm005015734,12.037999130968831,6.594329766877382
agm005015794,11.383130283938348,8.02041762824399
agm005015840,11.338678789967528,6.178290560958144
agm005015941,11.805333619836231,6.099996900684512
agm005015960,11.770467764954436,6.3229636988299145
agm005016055,10.273211521528475,4.883001318146337
agm005016059,11.261267063570205,7.070279849066327
agm005016095,11.774765610743096,10.10967750360442
agm005016097,12.352160844213223,10.856341073570245
agm005016133,12.11019740025533,10.849367709688716
agm005016161,10.896185573123148,5.845789738291911
agm005016289,11.166162364881675,6.155940105674697
agm005016328,10.445197974908286,7.887745919768044
agm005016357,11.311851659313954,8.751312912308045
agm005016362,12.604994327965933,10.256919161374855
agm005016433,10.117818578108785,5.889440954400437
agm005016456,10.863754168017403,5.931222500089506
agm005016479,10.748424590356333,6.1152770984346105
agm005016502,11.182692974789834,4.1655201210009425
agm005016505,11.0806259707717,5.796701420929731
agm005016518,10.965936017021843,5.475720162715627
agm005016543,11.662225339616608,9.01731577617019
agm005016565,9.728224694048185,8.352255791345465
agm005016571,11.154067286445837,9.286346301372348
agm005016593,11.903395197546955,8.635562937110624
agm005016605,11.359959935352695,10.223710345704857
agm005016641,11.255335374361257,8.379253193874117
agm005016651,10.857605664383282,7.855762816011397
agm005016655,11.162690502464189,7.066732320104526
agm005016697,10.992161553017564,8.981477996890295
agm005016775,10.543688865153896,7.7957355650196805
agm005016843,11.318954621508599,5.477433679860184
agm005016875,12.28983258444578,6.268888821037484
agm005016992,11.210699164944355,7.569793347672082
agm005017128,11.007994026166124,5.497663576334745
agm005017153,11.003554066470064,5.749215081978804
agm005017199,10.095671127525765,5.5502488959110865
agm005017208,10.681880446014599,5.357462418321807
agm005017224,11.480759921281168,5.657785882341187
agm005017239,10.835296101340173,5.256427528484065
agm005017299,11.676807267854592,5.785629894158925
agm005017300,12.12238049188017,6.59926480430458
agm005017354,11.356747635179175,5.648116559905039
agm005017385,12.602880680450081,7.587345780637746
agm005017425,12.454801752209736,7.260287608074724
agm005017476,11.357905957954955,4.844161415673784
agm005017547,12.566235255917931,6.440457640718999
agm005017561,12.46911436391721,5.06167458940366
agm005017566,12.602073421666255,5.207827949234462
agm005017582,12.858535539479073,5.902784171184059
agm005017628,12.441619301095379,8.766980807620701
agm005017630,10.891447322336255,4.383171518797807
agm005017690,10.904465897678508,6.083656361107572
agm005017717,11.657319790423198,7.671612269964686
agm005017738,10.962662299023318,7.245138665814986
agm005017786,11.057095145864128,6.376921913556427
agm005017867,14.038757539960503,11.96127439986093
agm005017948,11.918712361900159,7.5148593631090765
agm005017981,12.235866955735109,8.645189155392531
agm005018032,12.096607632668789,8.897475204036336
agm005018052,10.767942789377818,8.277704146002318
agm005018098,13.20619121011733,10.088334228267062
agm005018108,12.685447709566246,8.74513808574074
agm005018147,13.345415008310198,11.08198221308561
agm005018163,12.159365550818016,8.08719548250834
agm005018193,10.664498865854068,5.855983483578216
agm005018212,11.194060267817616,5.256630849006642
agm005018354,12.013456754476847,4.421559684912071
agm005018364,10.788149233885203,4.716737613792591
agm005018365,10.681519583933241,4.548160412621213
agm005018417,10.914880240441303,3.489028033895198
agm005018431,9.25489216336673,4.322516339146505
agm005018453,9.9905457889022,5.2780374223569355
agm005018490,10.147553941296945,5.59307496841564
agm005018518,10.685782203590207,7.607876477935693
agm005018519,11.454856187034807,7.660874630794545
agm005018528,10.976597989932488,7.048592807898882
agm005018532,9.893932959000386,6.492965048044754
agm005018574,11.011206246813462,5.555588849722296
agm005018585,9.309443678558436,5.3047332390172155
agm005018633,10.448585867059116,7.702880262889859
agm005018664,9.30954141396948,5.337453754547734
agm005018700,10.351116358778723,5.304047317078667
agm005018717,9.180514033406872,4.581351802712457
agm005018749,10.199900130333665,4.655657069652328
agm005018752,10.062004980088346,4.43290212422274
agm005018778,10.090787229884151,4.915345804197099
agm005018822,9.693953505697916,3.9660016906819875
agm005018866,11.167853199117996,9.456787921741626
agm005018870,11.746084314291027,7.48179344196191
agm005018888,9.58902061262594,6.711928077105737
agm005018897,9.910148542839,6.061305837496683
agm005018914,10.513998555723617,8.297223000929794
agm005018942,9.260519010638168,7.274399561051913
agm005019007,11.305561217609052,4.86220048275136
agm005019019,10.803015406810662,2.5946281900342996
agm005019028,11.581546552647339,4.522998408329309
agm005019043,11.488007401476459,4.450757382669695
agm005019060,11.02401733641646,4.92590011407098
agm005019064,10.575912844469375,4.292093697890747
agm005019076,11.380731205509253,4.659869240628741
agm005019102,11.112209585169914,3.6407094627043435
agm005019107,9.935311541243355,3.6369049631600943
agm005019264,10.728728727853305,5.950803071878733
agm005019289,11.051888538679837,5.552637407991125
agm005019308,11.333975474534856,7.138531052892181
agm005019563,10.367646124417641,4.420552124863538
agm005019652,10.559791582382383,4.099291730696914
agm005019682,10.203670641000397,5.280311770210526
agm005019731,11.500660730601634,5.516310122914112
agm005019940,8.482943935314319,1.4891870907176596
agm005020055,10.80932789674714,6.40296730878489
agm005020060,11.298072999734874,6.938042370042898
agm005020129,11.41609976244506,6.361851234816063
agm005020210,11.515740029131912,5.9465055643878415
agm005020216,12.191054402717786,6.933950213248716
agm005020222,12.012421183843793,4.123698371710589
agm005020332,10.305570780773566,3.472150822282612
agm005020333,10.264803070936388,3.4274431003419026
agm005020350,11.454684022783166,4.368501722754745
agm005020451,10.26978333519205,3.5294148676108903
agm005020530,14.438971456701443,13.49909129717534
agm005020603,11.885506868404356,11.727961958989578
agm005020606,12.74995761792508,12.191918020999122
agm005020626,16.182359105993076,16.766357584748068
agm005020635,11.808447784608953,10.892179622370074
agm005020664,11.5630283724003,11.91448573886287
agm005020679,14.013957765457443,15.474592223029806
agm005020689,15.636545934328215,16.322366450756725
agm005020703,14.955103312841256,16.576353297040136
agm005020719,14.098619696229184,11.904494393687958
agm005020765,15.020240821723684,12.897541065644727
agm005020774,13.683166809984456,11.76709188936737
agm005020832,14.227154705229202,14.690826425766213
agm005020833,16.362511708099337,16.753054038176817
agm005020870,12.65300971753391,11.467311325657723
agm005020880,13.982680804324698,13.124707597574982
agm005020942,14.401062415044212,12.654831401542927
agm005021004,9.789496637881568,3.2200081936938476
agm005021023,7.246396789116855,0.23088945745816006
agm005021056,8.646350980473738,1.5892456765754446
agm005021061,9.086674884684605,2.1904068309903026
agm005021088,7.800542804124172,1.3724288758039278
agm005021138,10.029691942810464,5.18796627394966
agm005021149,11.47046501357722,9.697106392032321
agm005021177,10.687283047520838,8.216469450921881
agm005021178,11.416859230490838,8.353027814481134
agm005021193,10.210081563237319,8.344520593619986
agm005021194,10.658243053620767,7.9126088888643356
agm005021245,11.699481162987297,7.751224247745563
agm005021246,12.235872397972615,8.627379805063173
agm005021341,13.640267134736698,13.552318897918784
agm005021366,11.503232330744941,10.60221487749118
agm005021416,13.616729171138227,12.672248670716886
agm005021526,10.315866603987272,6.571991993537876
agm005021730,12.29985327652039,11.137509415550957
agm005021754,10.3685670931702,8.903472599077757
agm005021778,10.528304169753191,10.003790632348096
agm005021790,14.38096903300657,14.822857025259077
agm005021796,11.030031557423616,8.99420950493307
agm005021801,11.089219050613057,9.05124011450799
agm005021838,13.077374318782239,11.46740844699268
agm005021873,9.617827570389416,8.588257327532862
agm005021892,12.353878326862498,8.64840007591928
agm005021903,11.439213750172211,6.82496950739456
agm005021925,11.921209702703411,7.8374199125657
agm005021959,11.086212106642916,6.728008197670602
agm005021980,7.885965597894652,0.7018676013999169
agm005022049,13.67189889279879,12.855320112674203
agm005022155,12.459046697431225,11.628754218344596
agm005022156,12.235520550397595,9.666517444730635
agm005022164,11.124620595433786,9.930060634806056
agm005022188,13.814128339154806,14.064371841074635
agm005022212,15.212401823397661,14.052923014836447
agm005022249,10.722559995444657,7.816101655509397
agm005022266,10.102221911050554,8.865665550184325
agm005022287,12.366042994800264,10.234004657053498
agm005022302,10.16621210940214,4.187672601404438
agm005022438,10.02757293133037,4.933278542104158
agm005022441,9.670190898813471,4.403637247729439
agm005022452,13.382773263700553,7.450310085805732
agm005022471,11.779798653557087,5.991896971515293
agm005022482,10.305609543466712,5.489169763694898
agm005022533,13.54815137227882,7.647603971565469
agm005022571,10.98231543778299,7.164847656654658
agm005022629,9.793918577046492,4.148982571880315
agm005022648,9.02018558926277,1.9599304128933484
agm005022767,9.125182797592919,3.7867525335672596
agm005022768,9.188544675595008,4.120412507498598
agm005022769,8.973069528140432,2.253826087339344
agm005022847,8.725623202423211,3.2739619938383497
agm005022903,11.360753553286205,4.766297242884829
agm005022914,11.006964025281352,4.309077192033946
agm005022957,9.709185110789393,3.32539398582837
agm005022988,10.449048555099363,3.5460285162655394
agm005023014,10.21456942220599,4.263125588726967
agm005023016,9.682203335808428,1.767667574063107
agm005023031,10.677629136446722,4.80170267392766
agm005023038,11.253189116469919,5.471798711764864
agm005023116,10.151013355500243,3.560253429961699
agm005023150,9.80184260099271,3.6502183907182952
agm005023171,10.554391625347334,4.788908542328697
agm005023214,9.989303718094103,4.444914266283513
agm005102633,13.898039199369824,12.809875201492924
agm005103111,13.973379614400942,12.43060997612209
agm005103356,7.18684762825023,-1.3682683329663679
agm005103457,9.746359834334392,2.617932622442897
agm005103791,11.186432429819359,5.327312055809374
agm005104476,10.623677970704446,5.671331864141656
agm005104736,13.314881657898136,13.86380648950483
agm005104994,15.027037538526672,12.445688379217962
agm005104998,12.967496056590988,13.01521038547619
agm005105090,13.511842026108116,14.612172611737163
agm005105125,13.821582617773982,10.694650045870471
agm005105138,12.84545149844001,13.256089857201077
agm005105696,14.765040292167765,13.93552459424271
agm005105977,13.409828295946996,9.079306884254697
agm005106039,15.335203402239571,13.918606952077255
agm005107226,13.01427459468013,10.156717249443366
agm005107333,11.502710705292689,6.068533776117214
agm005107365,12.71077326161208,7.9763832777278925
agm005107375,12.776001228561388,8.05983820969633
agm005107384,12.722430894172744,9.436587497885085
agm005107809,12.344858156012231,10.44186884468445
agm005108480,13.192800793882535,11.872218025781352
agm005108495,13.411530591873987,11.637272188222667
agm005108533,13.270363464619798,11.864243071386616
agm005108536,13.319233841513562,11.952461361201628
agm005108551,14.046917895666217,12.587420664343314
agm005108594,13.167369409686378,11.436779025097131
agm005108603,12.914365977364396,11.223847110030222
agm005108696,13.135990326797486,11.787665501701053
agm005108933,11.563994236367765,11.12639147388274
agm005109074,13.63409491816144,14.771960351859244
agm005109574,13.862028730401104,13.780764338790657
agm005110902,13.985239595600234,10.503678711173094
agm005110957,14.255673345926603,11.464261472853297
agm005111107,13.437864612540466,12.313070403246773
agm005111294,12.026220342290529,9.436584963580769
agm005111652,14.271642251063522,13.185025927264409
agm005111958,13.607591061134997,11.019129411864313
agm005111997,13.950991557438536,10.669997410806713
agm005112021,13.594323736848551,10.198612022597414
agm005112064,13.367633878484629,9.825418325352977
agm005112897,6.3990331526665365,2.2094222525366387
agm005113261,8.938806112376588,0.11994380367633362
agm005113561,14.262681561451831,11.432826695331146
agm005113901,11.241222348926225,8.317036701610341
agm005114220,11.858194504979158,8.985013407709706
agm005114252,13.111502334510167,11.00626538406689
agm005114516,11.567318686058412,8.211678093283322
agm005114634,12.329386730511484,7.895948598511909
agm005114810,13.459262643122756,8.306063858594486
agm005114840,15.310546264132663,14.958693675919152
agm005114841,15.915914181131779,16.030334676538374
agm005114971,12.486765148958453,8.300887154940895
agm005115022,11.958340549114025,9.671257606778036
agm005115237,16.736083453291915,17.545363383129875
agm005115345,13.934695315355203,14.122756110030966
agm005115348,14.44913451657667,13.56726099505437
agm005115379,14.08937763810968,9.814688390065703
agm005115532,12.63754328460311,10.687954901495583
agm005115538,14.87433467286165,14.347820029155125
agm005115783,14.26185526382563,12.59363633850553
agm005115874,10.540730453029516,8.616144208267047
agm005116301,14.683196915970685,12.688341618675985
agm005116726,9.964791851371945,7.391217958253863
agm005117055,10.266653455628948,1.5631922792104138
agm005117060,10.530847324010386,3.9899584933147505
agm005117763,10.390838218696022,2.060662410946934
agm005117918,11.792264367895507,7.868488794972935
agm005117929,10.952684457795858,6.492498283388693
agm005117992,11.642502523527401,7.460712556826312
agm005118198,12.283214103185426,9.23593384892014
agm005118214,13.597257776392375,13.966043863328286
agm005119253,14.948779469684185,12.539550628191357
agm005119771,13.791046299745291,14.90114281239188
agm005120135,12.508086370972018,12.898522557255138
agm005120742,13.586691466265925,11.799686292003118
agm005121731,10.986109323650991,4.398106070763708
agm005122678,12.746574446668346,12.744505888306492
agm005122846,15.510867547388505,15.254668996652999
agm005124254,14.38848444989036,15.953746267985924
agm005124320,12.867324791051397,13.608168399727118
agm005124330,12.979393909939452,9.443195983262282
agm005124997,13.731282657145274,11.251392830573451
agm005125012,12.544019010818717,9.908797667756895
agm005125013,12.642855837065625,9.93636582417942
agm005125151,14.700454299882212,15.179604199033566
agm005125414,12.91187294184935,11.013610156117277
agm005126354,11.8887791639285,10.982529655794186
agm005126580,11.500826339674331,2.7333783937615
agm005127450,13.254000840100373,13.185825675185942
agm005128234,14.788498397089473,12.795473040693947
agm005128242,13.799477878606284,12.607899946751413
agm005128258,13.906222024103124,12.644697072650946
agm005128326,14.785969179213685,13.977994049354624
agm005128344,14.281639627339006,12.357651856894316
agm005128617,14.32266645503898,13.225517898710924
agm005128639,14.001095975292932,12.951572626886914
agm005128719,13.259900664642085,12.27489865659842
agm005128768,14.049832583446811,13.003764251611331
agm005128769,13.93567241409429,12.896300380169777
agm005128796,13.469525927418315,12.45971486947758
agm005128800,13.497938738224956,12.508050287467606
agm005128810,14.142658867131598,13.078792250180198
agm005128878,13.379093266068386,12.402263544661757
agm005128902,13.433774911030243,12.41567063178982
agm005128991,13.444552790479737,12.425178292909813
agm005129040,13.58338777502401,12.562876205216822
agm005129058,14.358527727234698,13.257108718499195
agm005129190,12.894688712463902,11.91466369710189
agm005129241,12.927644093569182,12.002747791948115
agm005129329,14.277748711348877,12.513929413561238
agm005129339,13.384172090011957,12.38565902244551
agm005129388,14.307917593515478,12.53598306290321
agm005178664,12.837703903007181,12.894719377800289
agm005178681,13.57350820270757,12.072596701765683
agm005178702,13.694128914274518,12.151723615748416
agm005178717,15.087158865502216,13.84503982922886
agm005178762,13.21554538085205,11.830542453053047
agm005178801,13.906441822694312,11.792692928236312
agm005178873,12.321879662795459,10.821145928351646
agm005178878,13.12568398342943,10.887887759150175
agm005178949,13.92364287376907,12.75566101472849
agm005178994,14.313135729098311,12.550059693675198
agm005179026,13.982846225769645,12.888315482198575
agm005179044,13.64191754414917,12.580337654402507
agm005179088,13.170877772971117,12.189474246786059
agm005179138,14.276093635016016,12.454993012303307
agm005179143,14.619971088089995,12.737262412391942
agm005179173,14.015130383541676,12.243318275744368
agm005179200,8.894435499006986,5.919199097659735
agm005179327,9.997018012814006,2.468378619700335
agm005179414,12.360259496906354,10.487156993256272
agm005179432,12.917624857308388,11.7609421866953
agm005179440,12.804730992643552,11.67308108738138
agm005179451,12.467062790293431,11.441737650821668
agm005179484,14.167274884449494,12.0097403723212
agm005179555,13.90080074029032,12.760170189315733
agm005179599,14.369105990782481,13.270659829303161
agm005179614,13.907239793517187,12.837773050276553
agm005179624,13.815629366105275,12.730470628776601
agm005179707,12.345594538411591,11.223397410487875
agm005179758,11.733266796458157,10.627278608322877
agm005179779,13.573251908997303,11.338036529504503
agm005179781,13.442346456518242,11.16635467535071
agm005179796,13.280475490762507,11.018140615845295
agm005179824,14.791352400892325,14.708698906896364
agm005179847,13.580173172348653,12.695832046123677
agm005179857,13.341568638078192,12.478334529017708
agm005179896,12.906233186444746,12.141378975315787
agm005179930,13.273066469897953,12.494254545826939
agm005179946,12.83120136956912,12.07795314188234
agm005179970,14.56063300391343,12.607147891064441
agm005179986,14.025104926214969,12.216789610619053
agm005180117,9.72888869363775,3.323459453631955
agm005180297,9.16047373139977,3.345338147353843
agm005180338,6.72937885108251,3.1602163380521002
agm005180405,10.422280043740875,5.9683041375985795
agm005180453,8.75988617241694,2.4846045336825675
agm005180461,10.738875829625036,5.813831078891276
agm005180484,7.473874924505839,5.347349789742417
agm005180520,10.456568169508104,10.331125056059195
agm005180623,10.2038795601222,7.040060989000782
agm005180770,12.313147593690978,9.796481288837954
agm005180805,10.094301831414047,5.671520750162902
agm005180874,10.78170970583894,6.549084850743288
agm005180889,9.469812747948108,3.1879680615168606
agm005180891,9.392253108282139,3.576090479582639
agm005180997,9.393632178699562,8.86051641229848
agm005181029,13.622867231307897,13.354623987380464
agm005181031,13.289592639664395,13.159825537694607
agm005181050,13.814444524782337,13.574321740608571
agm005181116,13.338634803469844,12.386371026953825
agm005181120,11.907602916500496,9.961835507373099
agm005181314,11.383622518430181,4.5444826734254224
agm005181377,9.764816968731811,3.1126578039396016
agm005181439,8.748722015822544,0.5891340071987159
agm005181478,12.808796570800968,7.474261518152456
agm005181487,12.003171279474486,8.109938880025723
agm005181493,12.33645744990382,8.86665611713965
agm005181496,12.065463125940616,8.884025055991977
agm005181557,10.80019648674196,6.225087645029133
agm005181573,12.284314164722392,8.006461626937366
agm005181588,11.757693528773911,5.965664537724793
agm005181645,11.93423068896094,9.42021404080836
agm005181680,12.16011890655425,7.8786363248670295
agm005181736,9.198283263096645,2.1832366758788737
agm005181911,12.769554533144557,7.400508556998647
agm005181995,10.65206938228904,2.826498467746637
agm005182010,12.350173992658359,7.508918663450052
agm005182034,9.973169219140718,1.3143187631978517
agm005182081,12.569288212940949,6.741031944966661
agm005182119,12.22936537166334,8.447665242632038
agm005182156,8.912426335959823,1.4493990408330966
agm005182349,12.374159458700984,6.844324623506434
agm005182467,12.935719130085522,11.142326837428511
agm005182522,11.372440999873826,9.029925123858643
agm005182560,11.868866678646423,7.861636247565249
agm005182563,11.643476514543844,7.6012814534678075
agm005182569,10.77365561583959,7.034391841935493
agm005182594,12.309059829728826,10.369565546649898
agm005182630,13.473490046502251,11.30459983112758
agm005182637,13.064608329390502,9.808204460590835
agm005182663,12.748589455495457,10.34159781892009
agm005182733,11.750619459648599,9.248470437821165
agm005182746,12.12365927396393,10.621196868482466
agm005182762,11.318554975086553,7.836302865602265
agm005182782,12.211818276752574,9.25726434460178
agm005182787,12.224085785678506,11.231251512654802
agm005182828,13.230565805625035,8.321635248049525
agm005182830,13.540890398343004,11.801992405694929
agm005182846,12.78298284010409,9.230244913145146
agm005182847,12.83455008597108,9.325424754540169
agm005183015,12.739566555576507,10.294346764669083
agm005183049,11.03163761574904,9.214362431079477
agm005183114,12.29824320120626,10.37526293252751
agm005183220,13.277914724365356,12.011593155624928
agm005183306,11.701204917088491,10.166137548888942
agm005183338,13.976595744220624,13.719914865915213
agm005183359,13.176352509262664,12.245715441519756
agm005183361,12.820941333623383,11.879587472900669
agm005183369,12.73803092791576,11.794175847075717
agm005183381,12.327746566802034,11.403243283307374
agm005183383,12.338925028642528,11.392132985916264
agm005183464,14.04564871734531,12.413570466007503
agm005183661,14.969740600373322,14.39875570616673
agm005183720,12.648950293524361,11.953092454234422
agm005183731,11.941550598592054,12.445324631963995
agm005183782,12.937600153831832,12.488701334344517
agm005183791,12.785396677998108,12.338926997729564
agm005183888,14.103138965767672,14.514417887308886
agm005183899,14.975902755986464,14.387527004957802
agm005183939,13.351289567485528,12.031326472522869
agm005183949,13.486598511838308,12.1025759810884
agm005184192,13.55905319492768,12.608891028596373
agm005184283,11.99031460261746,9.768256248019883
agm005184316,10.715218295891594,7.674726514846187
agm005184393,12.457695773025382,10.875491690335474
agm005184398,12.125785111179844,10.418186732796745
agm005184399,12.391686045247686,10.737907853429364
agm005184649,10.781985612159025,7.447491459779039
agm005184720,12.624806999683763,10.519778113898832
agm005184789,12.962708154763561,11.515873732935768
agm005184800,12.929469708264579,11.551721616128262
agm005184828,11.909143226565323,10.072024353316106
agm005184886,13.690861833036347,12.960784237981269
agm005184906,12.83248097019432,11.155770017762785
agm005184933,13.508916682349332,11.22226553954125
agm005185000,12.518476401569103,11.909505370901881
agm005185046,13.112135229017456,11.183142110585957
agm005185066,14.572774398597742,12.960414618330503
agm005185095,13.82639005097189,12.083744378382876
agm005185181,12.660260534463106,9.805506706455244
agm005185225,12.564542823381599,9.035427563129476
agm005185274,13.73537355273255,11.86698112661595
agm005185292,13.699092961269281,11.798799008736461
agm005185387,13.501038115532369,12.149627338299313
agm005185389,13.549783942006373,12.200535305154737
agm005185455,10.18718456717347,5.066205446129736
agm005185461,10.137282784185688,4.362797867693933
agm005185497,8.922533226460915,1.8498115811695186
agm005185566,11.566042848208458,7.238353560049854
agm005185585,9.892702687446098,5.873897795769032
agm005185630,12.277423440498008,9.976011015836145
agm005185632,12.32512758491502,10.030499196272714
agm005185703,10.409427807060066,2.9361811931508903
agm005185745,13.490047107039421,11.621958936096894
agm005185815,13.430036754872507,11.450880318211789
agm005185856,11.553193671879708,9.509397724482588
agm005185859,11.956407434734428,9.890793794820334
agm005185871,13.898705543141832,12.582718350373096
agm005185875,13.376769708141937,11.973684936542579
agm005185911,13.07577204874323,11.245746873860092
agm005185998,12.810191344966805,10.897093297705343
agm005186008,13.144103367302108,11.302003561965641
agm005186121,11.964690769255984,10.416150003414579
agm005186139,14.225292918423635,14.664436660516106
agm005186158,14.454671795393644,13.779832857072755
agm005186171,13.244809880843212,11.924812233078692
agm005186211,10.926570584759093,5.163519404701649
agm005186280,12.249875397774314,11.687946142584261
agm005186326,13.117404311644407,11.655717054730108
agm005186385,12.561464794095338,12.565544392806617
agm005186402,12.439120489094062,10.858370551913165
agm005186432,13.023803219497244,12.172156980441487
agm005186440,13.649046562608655,12.795521504461282
agm005186444,13.051362520714468,12.12735845372405
agm005186479,12.855323068596453,11.9361071757877
agm005186510,11.553950658449509,8.772973170728497
agm005186561,12.81150329374268,8.359280059578904
agm005186562,12.884240078398294,8.478662230144536
agm005186581,13.044849325327528,10.268874928708117
agm005186596,12.800326403088045,10.42806462658922
agm005186607,13.928222513397683,12.644377363458831
agm005186612,13.451181344979254,12.110364694431642
agm005186619,14.030447109923871,11.879424408470678
agm005186630,14.088568972648364,11.946440289286022
agm005186653,12.361627519164664,7.3658865689936714
agm005186719,12.754851603681692,9.604620674736172
agm005186790,13.029796876766849,12.100009611360832
agm005186803,14.01362281576686,12.32291474889455
agm005186807,14.799310859650967,13.284579534322695
agm005187196,12.175022154694316,6.74633316875653
agm005187226,14.117596826298877,13.249037388430407
agm005187228,14.23488520044822,13.40676492183258
agm005187244,11.291967145682564,13.58405325108018
agm005187372,13.496936250832213,12.500832561822886
agm005187460,14.126297245241489,13.375989103600649
agm005187538,14.820495752158857,12.778760921106018
agm005187601,14.74199920924701,12.749796487924534
agm005187610,14.910275660406704,13.122041679986872
agm005187745,12.77379279002363,8.7058285489253
agm005187749,12.258635641040211,7.542585882806989
agm005187795,13.012586334533125,10.654869984595482
agm005187837,13.937405196876387,13.207899041145613
agm005187849,12.854466545582616,13.352638164006132
agm005187867,14.209182093565854,14.396562353572843
agm005187869,13.275185530087704,12.897441755481859
agm005187872,13.348480887516276,12.95691122387363
agm005188132,14.853416516114635,13.166782592545195
agm005188180,13.538780077089022,12.161520804806154
agm005188230,10.414126064179431,1.2154907521726734
agm005188344,11.321977947762663,8.56496997955763
agm005188376,10.476716326268585,2.646062920532696
agm005188379,9.82843708197464,4.664008542010253
agm005188400,11.420486497607756,1.8857831936381277
agm005188402,11.144040868123795,1.3547831338046823
agm005188500,13.967618272877134,11.910444237152673
agm005188534,14.151670282003694,12.508304035368035
agm005188538,13.743539748960865,12.941211181560176
agm005188574,14.806030423707991,13.546702017604206
agm005188575,13.257220169558973,14.127694092658436
agm005188597,12.573387511116286,11.755041184730477
agm005188617,14.258127289524271,12.80671100438461
agm005188653,12.269796821444398,10.037685647668107
agm005188664,10.042813803465826,6.644931329097373
agm005188687,12.535357054994522,10.002055589910494
agm005188695,11.372109121698543,4.115803442360635
agm005188699,11.813670612682929,11.180828590187433
agm005188704,13.44342872284151,11.166532383710242
agm005188834,11.497223410406091,11.891755552995225
agm005188867,11.730541718944613,11.08599589289685
agm005188883,12.21184260332355,8.460119580182434
agm005189039,14.325300887725744,13.004768982491331
agm005189044,15.106130587766737,14.733847871171802
agm005189064,13.967198856489567,12.291482194386628
agm005189065,13.765599138667014,12.03489232833766
agm005189135,14.570982793130533,13.049624518565546
agm005189140,13.961725247519684,12.440633015059301
agm005189266,13.497865606624847,9.581208152399672
agm005189285,14.262238085541583,12.58369261988295
agm005189295,13.76872829213226,12.144801711673804
agm005189304,13.905455608573181,12.24320112140338
agm005189475,9.485139188349088,5.159813722227769
agm005189514,10.020994293006003,7.770624949180673
agm005189531,12.754347430958964,13.100007920266137
agm005189680,15.07169749094361,17.132817758777616
agm005189686,13.172621161024335,14.341305716940631
agm005189695,12.257148748487728,13.653506370104772
agm005189798,11.641317755603824,8.65275052831985
agm005189832,12.189636253646661,12.472308660012525
agm005189865,12.497426407051298,11.769152347502835
agm005189876,12.343702110262063,9.145217104308667
agm005189881,12.349850130324004,13.108804067930675
agm005189924,13.21051326942593,14.075479351821993
agm005189974,13.02738456747658,12.254086020807543
agm005190017,13.830763584675537,13.052022266892667
agm005190178,11.163132934154321,8.622566076724533
agm005190205,12.335804173888985,8.570780258828815
agm005190223,11.060516620584554,1.198320340692863
agm005190233,13.06086075658741,12.474033216361969
agm005190246,11.931260131936284,8.91684963593784
agm005190267,12.717746489636333,8.464336367764052
agm005190282,10.755793274386034,8.425496739431766
agm005190296,13.58114094541046,9.251111692921524
agm005190356,13.117189960400161,11.299561607169544
agm005190450,13.557801148765492,9.760711108301763
agm005190474,14.296758407302656,11.88017232688372
agm005190545,12.695287151111348,8.609094655461883
agm005190548,12.763549358641722,8.684685806107352
agm005190625,14.363287143385879,11.707724702350292
agm005190649,12.827144746085631,8.687206012649446
agm005190650,14.046395157751803,11.19999620806793
agm005190680,13.84612929975526,10.135216431316135
agm005190681,13.37777986776756,9.343516072531935
agm005190823,13.251826479577122,11.011736823245386
agm005190876,14.78163279236452,12.846124595697654
agm005190923,13.905364094548924,11.058217782351647
agm005190936,15.276604040396437,13.187871285539213
agm005190946,15.757258908232306,13.008396261479087
agm005191104,10.932085607678015,10.74079479801839
agm005191144,12.217525213669104,12.585826390326412
agm005191683,12.965831551588922,12.83778149424424
agm005191714,14.312358720330772,11.628681397772574
agm005191723,13.400941899194125,10.201563577436916
agm005191728,15.01219287047506,12.881568727955885
agm005191730,13.194297053201483,11.926544241294616
agm005191790,13.373687751736048,14.158941231293294
agm005191841,15.037762233431533,12.028162831484376
agm005192270,11.829537322475675,12.105783018067946
agm005192272,11.078908562126832,11.487715865474822
agm005192303,13.978253225678445,13.707244737099966
agm005192373,11.812629250692213,12.527727416783282
agm005192543,10.811580929900298,11.77517858654378
agm005192545,10.983277159100043,9.7466918206882
agm005192626,12.739713266358416,14.249911885017955
agm005192737,14.313641539109977,12.766395818538914
agm005192860,15.296200636931733,14.310922426584332
agm005192883,14.377497815942478,13.6577619075321
agm005192892,14.71121037113783,13.52195423714667
agm005192900,15.082827137740303,11.530005253393737
agm005192927,13.139280819234267,11.904692883345897
agm005192934,12.6854668229673,7.264057995896833
agm005192938,13.090989958371061,8.001694454557256
agm005192953,12.058103696891784,6.412213013162594
agm005192964,10.202873899672369,7.549453239643508
agm005193027,10.611158125438338,5.742109958958553
agm005193100,12.326962470596733,9.040919342769026
agm005193126,13.485399984547326,9.186185228643083
agm005193184,12.989509534524597,9.870271659403482
agm005193196,12.764144352185689,9.560002290406217
agm005193208,12.8578587342513,9.685597698540793
agm005193226,12.92647235034868,9.248299921127542
agm005193233,12.847871293295066,9.165771319012764
agm005193245,12.518891348048236,8.671743377327951
agm005193378,12.71164121033101,9.985013380995554
agm005193398,11.97683241518543,8.955838956297546
agm005193448,12.966266885410032,8.941236078529608
agm005193464,13.05229488736233,9.237995280272402
agm005193470,12.482935536288123,6.642583848365632
agm005193567,12.815683709734552,6.989041691730678
agm005193582,12.656386912118261,7.353121755349163
agm005193590,13.154596164262268,9.509560358996698
agm005193601,12.305958676838987,10.171341440099523
agm005193612,13.110831428459987,11.113471007227071
agm005193657,13.658554501417344,12.201229744802
agm005193659,14.092707235430511,11.889362572648855
agm005193670,12.419549617401966,9.970968017115327
agm005193672,12.520113349026921,10.056290509687434
agm005193687,12.395684148937791,10.049332305627349
agm005193748,13.561561587077636,11.489446568789766
agm005193768,11.434082836326395,8.959295115441504
agm005193773,11.852981591769117,9.722064736977684
agm005193776,11.686761259247307,9.688835983324534
agm005193804,12.949426841191993,11.328105440211067
agm005193814,13.009767614106027,11.356834755837362
agm005193827,12.786121943683376,11.153417253168971
agm005193938,12.895011435900095,10.653065935876075
agm005193985,14.497582570200485,13.031772613483644
agm005194007,14.94167167116777,13.117555219374436
agm005194028,12.068189443387674,10.365081746788702
agm005194046,11.326182148177756,8.376806730036852
agm005194053,12.001757264713651,9.682452083975498
agm005194107,12.030195079947232,7.9149357391543
agm005194111,12.924297421439427,8.631187868687359
agm005194123,12.053888333035477,14.004577809161171
agm005194124,12.737371313712385,14.682756184855373
agm005194139,12.211127240334557,8.667301009982348
agm005194214,12.976412356951023,9.942040126186937
agm005194290,12.133685679643037,7.682201714658429
agm005194296,13.194644734683495,13.01967775806002
agm005194298,13.238700292358164,13.056474365327672
agm005194309,13.30251364184764,13.26031674529465
agm005194310,13.0095055254494,13.00026041729264
agm005194356,15.138378420215654,14.454770548461642
agm005194384,14.276776765321737,12.519471535649146
agm005194394,14.460892500687384,12.660643464159053
agm005194395,14.125597593381434,12.32054482595159
agm005194450,13.354548513801175,11.346809515494016
agm005194468,12.508517551716006,10.44237945659015
agm005194502,13.211338450998873,11.202333375244514
agm005194547,12.369160611435397,10.393468518788879
agm005194581,12.048126881434886,7.003057849741479
agm005194643,11.66820999932518,8.395960592924263
agm005194712,13.545531687862946,11.939986158472092
agm005194720,13.911447098664183,12.265768153063362
agm005194761,13.75185919611343,12.115316099768604
agm005194777,12.911186871022778,11.39564616846314
agm005194799,11.748927232493893,8.470094199938123
agm005194816,11.36373406642252,9.269408112446158
agm005194817,11.430262175713633,9.373284530877052
agm005194833,12.420612585785696,9.908869653092786
agm005194904,11.334369293993143,10.12118867793298
agm005194945,11.622593543109954,10.064581174183877
agm005194969,11.225362281181264,11.555614162956934
agm005194977,11.96537010801271,11.52669328774987
agm005194984,13.009161070333663,14.51300547283701
agm005194989,12.819391907968853,12.58936958155185
agm005194992,12.240728209699709,11.97517702932578
agm005195078,13.046913572468453,11.81212451739733
agm005195087,14.12926354886712,13.248013999622053
agm005195137,13.985063633354734,13.127848112290987
agm005195153,12.49518291400528,11.343054825986808
agm005195202,14.699435812561285,11.798935579317744
agm005195261,13.670758282462733,9.613366544405649
agm005195291,13.6345176519171,9.564894292394445
agm005195329,12.835845829423697,8.112013458820593
agm005195330,12.904466679585983,8.232541820584744
agm005195366,10.704914364845,7.68735181288257
agm005195383,11.915253782780184,10.833611863939659
agm005195425,12.814011283563593,7.864308407448389
agm005195443,13.098599882821716,8.645220242945799
agm005195457,11.885852028097034,9.238811668332398
agm005195557,13.62242394237981,9.303096435981299
agm005195598,13.300151248105305,9.410915225929411
agm005195641,11.605073889792301,8.10389306238511
agm005195653,12.268900569685997,8.809634839347844
agm005195693,13.974643884107536,14.89377658422814
agm005195704,12.10049539294184,12.615973035150892
agm005195708,13.041767833036552,13.892210895913376
agm005195730,13.709847222801068,12.270560480437547
agm005195756,13.715560920078728,12.200853241605733
agm005195831,12.970744968203807,10.024850574793488
agm005195878,12.185470360533527,9.068044757329504
agm005195900,12.598834264671257,10.307798676200019
agm005195926,13.30663913492572,9.373370677602376
agm005196031,13.191198863600563,11.39846246021618
agm005196046,13.234768359815147,11.38983456442147
agm005196064,13.246357626267113,11.497702208291754
agm005196122,14.906937639744003,13.757415916180594
agm005196144,14.550263523565269,13.408303309312075
agm005196148,14.154439130910903,13.032906422495659
agm005196151,14.219820306244168,13.06184319041124
agm005196168,15.352233313513286,13.687378567628876
agm005196178,14.731688601495193,13.669177300533459
agm005196179,15.329494161332532,14.639963844667202
agm005196180,14.079127989819582,13.067235832158772
agm005196246,14.159135284462105,13.072875167086892
agm005196251,13.80021300161007,12.79714775025978
agm005196347,11.916861576652948,9.987149975131931
agm005196523,9.394586188399733,4.706374689074922
agm005196692,12.659806784866497,8.561656286436758
agm005196717,13.160219998049277,9.87377710908582
agm005196733,12.296695116737665,9.460482066390277
agm005196739,12.882943905197441,8.571119802065574
agm005196804,10.108478686158987,2.763944172130234
agm005196976,13.219660060228794,9.383634359852575
agm005197147,13.733557039063797,11.648051509549855
agm005197166,11.832215268461185,8.004085527020425
agm005197183,11.713181573344604,7.711946555439999
agm005197257,13.643813335920816,10.139859878890904
agm005197537,12.242715085456503,7.902548316550863
agm005197723,13.987949267501072,12.441278105114241
agm005197767,14.038015670422494,10.764562290615054
agm005197917,14.280580067393604,10.79889295456635
agm005197950,15.196638545728138,12.096516332690056
agm005198075,12.201348551381143,7.590078154453307
agm005198107,13.570625468754677,9.886674979928953
agm005198115,15.33768032496051,12.701996144833638
agm005198137,12.652591943751412,8.410192451677512
agm005198145,11.038196883106599,6.190567553348181
agm005198155,11.71136714963189,8.335698216811757
agm005198226,14.271981489221984,11.246706930002482
agm005198235,13.657632298446316,10.218950843885446
agm005198280,11.918595346850653,8.322846362429315
agm005198341,12.028743357129748,9.16583919028794
agm005198350,12.406791604730362,8.607827578593712
agm005198351,12.956366788225129,11.227918832124448
agm005198445,11.98849422344622,6.838400591943557
agm005198494,14.225493844434794,13.431017808396208
agm005198514,12.501466610322375,8.51303152100679
agm005198529,14.287514345916634,13.147494063295792
agm005198534,13.818664540972906,12.46526252257238
agm005198593,14.098794205504538,13.89170847406085
agm005198602,13.283858628274002,12.286622458193833
agm005198778,13.220912965492841,10.628202810529505
agm005198779,14.138655735881747,10.45596978538892
agm005198951,14.851727542878384,11.839689041264167
agm005199044,12.48426670834274,9.773983305913385
agm005199121,12.153744117321756,5.9841225659384225
agm005199189,15.292537826333694,12.667238917806413
agm005199413,10.391158592348058,4.437632713773045
agm005199543,13.59039261832339,9.620191911179617
agm005199550,12.679964150411086,9.537827852906876
agm005199559,12.726320142111657,6.5087840694326395
agm005199569,13.058776646483558,9.036451159582594
agm005199617,11.994525280889055,5.793523269019209
agm005199677,13.362396164750642,12.730295320775832
agm005199784,12.967533510950899,8.736039890551366
agm005199806,12.873576456648832,8.72452516667163
agm005199808,12.48884262642005,8.20623375735668
agm005199815,11.858867236546486,5.421182005510534
agm005199867,12.263550468188656,7.990577642997144
agm005199949,11.747483823662343,7.072549576614032
agm005199974,12.167388896385939,6.836006111835097
agm005200029,13.14829730996187,8.805947446229567
agm005200054,12.168016921510311,7.98527000409595
agm005200064,12.931991319507286,8.289841256103504
agm005200146,14.5361520697206,11.724213756309094
agm005200176,13.716384807228765,8.59284563292834
agm005200213,15.203133903854283,10.293692571997374
agm005200214,17.597354307299977,14.620678476113412
agm005200262,13.846123848941748,11.59813199386176
agm005200340,12.291139586132507,7.707622102591371
agm005200403,15.495731113358119,13.313724737089187
agm005200430,15.812429110498917,13.63507206836859
agm005200609,13.067037633739567,9.605497273905012
agm005200616,12.90858815412467,9.317148773352395
agm005200619,13.571429951080615,9.600717418360057
agm005200637,13.033189361474687,8.716077955483893
agm005200687,11.485073430628884,7.329780846503693
agm005200711,10.889845655440862,6.495876068968437
agm005200721,11.007954492971473,6.560011598876626
agm005200734,9.728134333427004,2.221777211415608
agm005200931,13.282341621199203,9.46616130166026
agm005201024,14.101215306598624,10.955624614465917
agm005201025,14.038279389350487,10.89447504282243
agm005201029,13.70587773210705,10.575571641401659
agm005201080,14.310812386991396,12.67307900948668
agm005201093,14.549882593634955,12.833577614653645
agm005201143,13.393397623322823,9.371392708010692
agm005201216,14.274974314774386,11.637715970182146
agm005201228,14.142587994809887,11.836290397618047
agm005201309,15.812149548799916,13.401295668776935
agm005201393,15.086882061637567,13.227889323829318
agm005201396,14.095341654776577,11.449974627787904
agm005201407,14.042967526097383,11.369145562599382
agm005201590,12.962354276008828,10.311322365780383
agm005201905,14.307639921130507,11.882342823921848
agm005201979,10.115313840536798,2.52363407712288
agm005203080,11.436246636227873,2.2556970568386916
agm005203308,14.36605041058125,12.935264086088896
agm005203310,14.8983515337095,12.989621229443584
agm005203461,14.100022958434215,12.239267589739308
agm005203462,12.883477407278447,11.343915471043509
agm005203476,14.500983871011346,13.11417133547919
agm005204112,10.576607434650406,2.3655067669549315
agm005204571,12.815376974102927,8.70298362464715
agm005204603,13.00390392752946,9.278669372494106
agm005204615,12.226591528081437,8.501387533882875
agm005204641,11.712469329858346,8.18718109958725
agm005204646,12.466777039516248,9.447927601217142
agm005204656,12.090308670279965,9.047325076884281
agm005204690,11.577493144785928,8.478289251585446
agm005204712,12.81078659356189,8.573400363883662
agm005204738,12.330563074229465,4.148106832080705
agm005204760,11.64639663167179,9.167238825301503
agm005204781,12.337331260473443,7.566880825476671
agm005204811,11.837882056848407,8.866970393416201
agm005204812,11.798924578752587,8.822543492940333
agm005204827,11.558328958443118,11.160376190929567
agm005204838,11.255875649833103,9.751324510938861
agm005204847,12.985436729940682,10.558208403529203
agm005204857,12.6138548041219,10.153668557053486
agm005204904,11.837454945140587,9.360554265747837
agm005204925,12.44334854463312,10.390058897491427
agm005204951,11.649228779341541,9.607548428148437
agm005204985,12.418633305551387,9.676126801535325
agm005204989,12.461463139952615,9.725200489286905
agm005204997,12.517275625622846,9.758912512443262
agm005204998,12.613463712827967,9.855693435475704
agm005205100,12.071477127245286,8.732384137403033
agm005205128,12.85485863739782,8.979203304062532
agm005205173,12.609998685654945,3.970754115129095
agm005205175,13.311584967698304,8.237112882548821
agm005205197,12.614200872412752,10.07505264060945
agm005205204,12.010032546456525,9.492818482151536
agm005205207,12.10391391045906,9.583794370021538
agm005205216,12.384876191894596,9.893701268796761
agm005205256,12.92030038668094,9.016526740630864
agm005205293,12.337213828350201,8.48050651055439
agm005205303,12.331664650534597,8.013010208103927
agm005205336,13.076698751927317,9.029580853168111
agm005205385,13.53128392799045,10.513316475019792
agm005205428,12.121866391537587,8.249395176714144
agm005205430,12.180645633591592,8.304914849573763
agm005205449,13.773883612644964,10.756426371070267
agm005205530,12.652788226825907,7.924939539134877
agm005205612,12.333359241842778,9.047321586501441
agm005205690,13.40127856663807,9.955190170020622
agm005205723,13.152828266168298,9.360832890967554
agm005205833,13.217206117573316,9.31381891819644
agm005205836,12.91178098576967,8.926448592532646
agm005205845,13.320574999635562,9.43900411867929
agm005205860,13.395069367233136,9.514134539333579
agm005205939,13.175208525481564,8.344686995296545
agm005205960,12.708528141266646,7.789208676413017
agm005206024,11.66280939749036,8.542171935612606
agm005206043,12.264387596575762,8.326029544152158
agm005206072,11.924451828933227,8.873965294028316
agm005206092,11.541450135290573,8.506537004108528
agm005206115,11.01137888472342,7.375284398173951
agm005206116,11.115447449126588,7.480460921463484
agm005206128,12.201590252971497,11.123912491009875
agm005206164,11.880433976580145,9.201077469227469
agm005206165,11.836322367666689,9.154745524746865
agm005206194,11.972361519899074,9.282949034130713
agm005206223,12.032755377412407,9.779722083248963
agm005206234,11.274900814374988,9.043735268158745
agm005206245,11.393278700380892,9.142329555562027
agm005206255,12.46657875342554,7.9157743206273405
agm005206267,12.581552374943806,8.053720803989679
agm005206319,12.501547072259013,8.338783531204763
agm005206322,12.558867244002016,8.423655987370934
agm005206328,12.192645792868644,8.06595564239634
agm005206348,12.023608139882601,7.855185488615364
agm005206356,11.817716835589309,7.657060917638335
agm005206389,12.103099643572492,9.383417864677584
agm005206403,11.880506256319803,9.129442420690934
agm005206530,11.774974776846113,8.048582064937873
agm005206541,12.21734103386933,8.511601860928035
agm005206625,12.672765990807921,9.757794058807848
agm005206646,12.995436515011557,9.993150967552108
agm005206658,11.193776752291463,8.275975485477318
agm005206662,11.442120833564868,8.504363320385975
agm005206676,12.06754553007384,7.102911722776682
agm005206680,11.941522104485307,8.008057592862544
agm005206683,11.479947028246341,7.435953539477055
agm005206691,11.870756387368994,7.324138141141381
agm005206706,10.799119338235004,6.443159161507195
agm005206720,12.168227831506805,7.866260558231138
agm005206768,11.004644436223154,8.052937245078416
agm005206770,12.257360080320714,8.094996510458591
agm005206777,13.115245063429564,9.163262472333374
agm005206786,12.577259487178098,9.692158697626585
agm005206811,13.50008206076398,10.773158381095152
agm005206823,13.900161757772608,11.870552646558993
agm005206840,13.122536000205086,11.084896712911904
agm005206854,12.791389700490305,10.773274271704034
agm005206878,14.58556167273523,12.96171186533597
agm005206947,13.688135558007069,11.588398492129615
agm005206948,13.8134085954957,11.71737648681354
agm005206975,13.475619036559223,11.809555279394058
agm005207013,11.092272035990204,8.04704988841676
agm005207016,11.249482842581802,8.21873992941832
agm005207027,11.122830945507651,8.074958279432995
agm005207117,11.14946952334005,9.022981919834546
agm005207170,12.199915148146781,8.638423550107131
agm005207194,11.819981045090246,8.180081456596138
agm005207224,10.99882643009357,7.695694839373797
agm005207280,13.223554025388461,10.597080712929413
agm005207284,13.262315255796821,10.649305181499452
agm005207315,11.812779303099633,8.902201758293812
agm005207357,12.622279511951515,10.968489453293484
agm005207414,12.168857163325175,7.634455059992293
agm005207425,11.984188356146424,7.392233991421687
agm005207470,12.193098127294153,8.659266769812449
agm005207508,11.865021491435288,8.313084127745352
agm005207532,12.093007009439548,7.992278491513382
agm005207533,12.352463708242276,8.293863983669754
agm005207578,12.348800793875068,7.385536499995725
agm005207600,11.767291940482568,7.031824552808695
agm005207610,10.711390776497021,6.692204987539409
agm005207719,12.766536055059955,8.459814936772974
agm005207752,13.087622337425069,10.213263278714715
agm005207856,12.534867145744913,9.19695591557557
agm005207948,13.371883590543089,10.559308106785753
agm005207953,11.93222963141108,9.658046041346795
agm005208038,12.26417863384408,9.409745565066018
agm005208044,12.022201469870195,9.12728385412958
agm005208064,12.166434964899862,11.976424423112958
agm005208076,13.555088234752175,9.633088237000454
agm005208107,13.2977197663122,10.301193806957073
agm005208117,13.189389181492894,10.194405769932942
agm005208244,14.07586636195291,10.069851267513735
agm005208302,13.354579191912029,7.39431190620247
agm005208329,13.18021661920572,9.13095066922225
agm005208331,12.8449463855714,8.31566422608171
agm005208338,13.112058721168294,9.115913451814556
agm005208341,12.795891147146179,8.31919925991946
agm005208348,12.960516906145926,8.936417609935917
agm005208361,12.796609396275755,8.730672875950463
agm005208374,13.076476779504876,8.202608214726837
agm005208618,12.850193244468862,10.32304458286618
agm005208638,12.421237145788712,9.612396157958521
agm005208679,14.218371663665888,11.85370715502668
agm005208688,13.105774756070346,6.2723827999393915
agm005208719,15.316921543728247,12.539450116724556
agm005208732,14.34338432635083,11.498917534280993
agm005208738,15.454983783026757,13.159801142052583
agm005208769,12.350280300060549,6.41629243745901
agm005209195,11.582842444233561,7.976218997588431
agm005210032,14.918292593991442,15.185781942766269
agm005210084,10.61504689721681,4.69345838268578
agm005210104,11.133422449841888,3.5424165060918558
agm005210119,10.763100895470455,4.249956697040952
agm005210200,13.054303468178308,7.854389163813149
agm005210224,12.577898230702147,9.174146467127818
agm005210251,13.005977401331739,8.483201078888639
agm005210252,12.716368653560362,8.0371194775459
agm005210253,12.7686210754919,8.156111508449865
agm005210390,12.514997778341758,9.87953963157589
agm005210399,12.868144276308088,10.737789898183104
agm005210406,13.538175435849197,12.659278343099407
agm005210411,13.030825665532976,10.697352845482408
agm005210419,12.934033365739234,10.13760652154646
agm005210450,13.499530856658213,10.746921732963223
agm005210467,13.09675439411883,10.813110458279619
agm005210519,13.696258429713305,11.975387737272426
agm005210559,13.565752229828332,13.431133292356161
agm005210655,10.749148288645124,7.682242161403293
agm005210714,13.215974662815023,12.260498164928233
agm005210744,11.806524686182632,10.222749877286319
agm005210762,11.846975897321887,11.761877178068898
agm005210765,11.961861314693254,11.858576564980412
agm005210766,12.035656521560337,11.963025443013068
agm005210778,12.559134595408514,11.597466610138481
agm005210786,12.611115410942737,11.662150483147606
agm005210796,13.851561104745098,13.139741397705746
agm005210819,14.274087878039534,13.581938867299343
agm005210826,8.349196391924956,3.3262798094714814
agm005210875,13.085405208941312,11.196562591295066
agm005210918,13.518739176778434,12.184735122806433
agm005210974,13.046452012449997,12.79809764614757
agm005210995,13.264462911411046,14.359149878672607
agm005211040,14.355914913428858,11.96596399417935
agm005211057,14.249580796170537,11.84665880645815
agm005211116,13.667903855551632,11.365922674103139
agm005211124,13.40747837813842,11.095079536986013
agm005211174,13.032390993799266,9.207321307286346
agm005211241,11.166402235870333,4.713618120839271
agm005211320,13.01754495964412,10.092597940976445
agm005211328,11.60494937833062,7.410760916062522
agm005211872,12.636229176045097,9.247698123459301
agm005211906,10.630964287899598,9.385356417808756
agm005211923,12.607962155776894,8.715259262540764
agm005211929,10.544888328808778,8.627264938063462
agm005211939,12.51096118720367,11.172919782667595
agm005211979,10.675979049764896,4.797449765676326
agm005212010,12.341840633947482,12.285822570983012
agm005212058,13.536927954316424,12.774119593771175
agm005212067,9.441038362961356,6.887018899744753
agm005212302,9.301884684962483,8.518700808572495
agm005212393,10.803253689105032,10.39641674451284
agm005212437,13.16875462239462,10.499479708739033
agm005212452,12.472729111212487,12.585354979465674
agm005212456,12.793614345614952,13.14911667047335
agm005212586,11.789267978541679,8.600000322115141
agm005212729,11.982232795863117,8.867423407990389
agm005212742,12.628188843815348,8.27848322597996
agm005212903,14.474804895127544,12.552259913745239
agm005212961,11.173531617011829,3.468785553200677
agm005212967,11.525289163993364,5.2029535745215085
agm005212985,14.811368923413312,13.380130118370554
agm005213017,14.931468803967308,13.672201818043922
agm005213035,9.176349930473483,1.5517807286155456
agm005213089,11.559358294423904,4.234632555051343
agm005213132,11.239662152075388,2.4047402612275004
agm005213199,11.095927983561403,6.820679611189341
agm005213201,8.647007093291412,6.213721426455525
agm005213212,12.980882265700307,8.09645418824646
agm005213346,10.450347995658062,4.071086563221817
agm005213348,11.63911617737702,6.24829934952642
agm005213369,13.858881512468697,10.741593703557916
agm005213371,12.866197811449535,9.33151798435651
agm005213395,13.96444371008719,8.911489719235501
agm005213425,12.465741614854958,9.536838198970274
agm005213454,11.579652784191822,6.0207903461415455
agm005213557,13.78698511715999,11.71781143610319
agm005213692,14.548430920529293,11.573441855279246
agm005213705,13.695270113171302,11.073181807709217
agm005213718,12.43325702747852,11.407193253692258
agm005213813,10.887569855138961,3.2573631586980376
agm005213845,9.654436664331877,7.2622130420447455
agm005213926,10.123817545707196,2.119642974561657
agm005213981,11.843929591475876,1.9314241306404032
agm005214010,10.76806704986877,2.7381543061082763
agm005214050,11.229981123892975,5.755534186569335
agm005214134,11.986323499169053,2.5606105130238834
agm005214157,12.916137941057837,10.467965962391352
agm005214161,12.691386857379356,10.390448667081614
agm005214182,11.968235757394854,6.762452041427883
agm005214202,12.371825058892528,10.08682152807126
agm005214208,13.387031107314042,11.736870711110742
agm005214211,12.600517833034084,10.894342967352491
agm005214215,13.131009727001608,9.1428550256486
agm005214248,13.090746939140763,12.034581366834276
agm005214266,13.779178323728532,13.182245766089904
agm005214274,14.636437463485038,13.197693799663922
agm005214312,13.957625236868056,12.91338886545951
agm005214317,14.920089679808884,13.580339884666156
agm005214352,15.408933845271115,12.973805628933414
agm005214358,14.63877616043163,13.89783943461923
agm005214359,15.437290877321585,14.217720657265463
agm005214379,13.170494996372843,11.050803392447046
agm005214401,11.127691505176136,9.112867318266444
agm005214419,13.307310410811867,11.282649780460764
agm005214423,14.226829439318733,11.646464462486179
agm005214450,11.067863318277983,9.073110924487422
agm005214510,12.215281130028735,10.446968225052439
agm005214570,15.058033832553265,13.382730688368197
agm005214606,14.722554081122079,14.00653709275209
agm005214621,14.28569433401083,11.173938681873981
agm005214631,15.295643693589424,13.870663353769466
agm005214670,10.780626901153433,5.854917480678129
agm005214709,13.52023786843193,11.665951783393565
agm005214732,10.962498072486227,1.6604525563382868
agm005214749,9.965963394154402,1.679468269936205
agm005214782,9.388991989676365,8.67249118593248
agm005214809,12.266127803011376,11.012431978015302
agm005214844,12.958235287836395,11.614789754669355
agm005214956,12.05176454103922,2.8507227846690366
agm005214990,13.23856128527309,11.141571593491314
agm005215013,14.222099204377528,12.885740836652232
agm005215044,14.23051191632449,10.490302419154359
agm005215051,14.774555366682472,10.950522426043381
agm005215059,12.09496483035559,10.884429938194772
agm005215085,15.641278794228517,13.966253560386011
agm005217341,15.07471812650891,15.973154912718066
agm005219079,11.210853554638222,7.981294531236629
agm005220322,14.191606134146243,9.080299648909985
agm005222123,14.669989745192467,10.906383716723099
agm005223425,11.65546010770695,7.13246725276079
agm005225922,10.0195632013388,5.368827463068392
agm005228378,12.643653792336197,7.468477093444309
agm005230496,14.507804352520143,10.868519622962413
agm005230499,9.406438239886283,3.033013113271321
agm005230618,13.43294007017147,13.552646775162367
agm005231823,9.46046042051495,1.7607708703397318
agm005235621,10.488795560466514,1.000142871418909
agm005248519,16.469086199979795,13.159097400827754
agm005251704,9.253838386429454,4.859450145029576
agm005252276,11.46178966420492,15.11446476231131
agm005259933,10.500689380695786,7.4557472499788755
agm005260830,14.178303520079869,8.571142084012083
agm005261212,6.079252804219975,3.226585553946594
agm005266890,12.001885777218178,7.225711779000743
agm005268058,14.362110393555923,6.956983487021512
agm005269005,7.328251521525391,7.5689499406579985
agm005273412,9.458640983067232,5.462646413999259
agm005275801,11.560222649615056,5.208691858381063
agm005280053,14.89393115264614,14.30027500769212
agm005414294,11.128321612426262,7.668069281808945
agm005419099,14.220236327409571,12.607546527461272
agm005463605,7.776054409593763,0.4001861703326881
agm005478149,13.647147935406766,6.946385593756567
agm005480439,11.863958307800102,7.864716469613403
agm005483676,7.691805044815376,1.433516470402413
agm005529966,5.090406597653225,-0.06147931220928271
agm005529980,12.752858850398248,8.545609792484733
agm005530016,11.141695156290854,9.276719554374688
agm005530178,13.136403392678044,10.388436066861944
agm005530212,12.960284332763337,12.394199360294033
agm005530623,13.796224726401636,16.371308050540105
agm005531057,12.47455334678913,7.311602371430043
agm005531143,9.72647199472456,10.238260970927236
agm005538986,14.216883312375135,15.948706948879313
agm005539007,12.825954819481469,11.884597470454464
agm005539187,10.827959524846612,11.551524100566425
agm005540356,14.276000081843693,13.889572337117457
agm005540382,13.515534916078286,11.343633136968831
agm005540385,7.559739197808622,6.909631924664274
agm005540400,9.252753520502337,1.5630154077316203
agm005540462,7.686845431006501,0.8758692022349628
agm005540504,11.823865504327467,9.667686765558363
agm005540716,13.773651290967608,12.680579154238735
agm005540725,13.138423222622196,12.033564016081387
agm005540827,10.663846419219547,5.851653443157274
agm005540859,9.70393154654177,8.88146917557644
agm005541001,12.229495738201718,8.24763680541576
agm005541016,11.106552409788385,9.220593126007536
agm005541251,12.989234655167854,12.17800074837583
agm005541255,13.565490897677732,12.39425100220091
agm005541394,13.660826463368805,12.174577229333847
agm005541414,12.03826071889226,1.6987279876153185
agm005541415,12.227963145237284,3.380759993360151
agm005541605,15.422615277288047,13.346129895421969
agm005541629,8.311314813954143,2.7099474225663798
agm005541810,8.64130313164463,3.511501482624986
agm005542205,8.720259848010354,7.1074069428287565
agm005542271,9.730593694583913,8.697995783953287
agm005542412,13.54467535976085,13.153232588724032
agm005542536,15.3529364062471,11.246374152404218
agm005542869,13.430286939951884,12.49879707180762
agm005543720,13.700951658520882,12.31200381359356
agm005543759,13.727579532226091,15.231744589148096
agm005543786,13.450478738599717,12.349501722319745
agm005543808,12.947004942059271,11.933162225051163
agm005543809,12.798027868597703,11.847067582355121
agm005543838,13.19945956464278,12.11639493949701
agm005543886,10.701471548195586,9.832879506058102
agm005543948,12.917965062589008,10.727056928073356
agm005543960,10.985143374822213,11.36014394277974
agm005543980,5.252458618338097,5.124875156230591
agm005543984,8.630117838889179,4.954371763612943
agm005544072,11.323662984173046,8.183604544747357
agm005544076,14.80755587025672,14.82446064596579
agm005544219,6.248614792919417,1.928442828257071
agm005544224,9.884996771866046,8.328688834273546
agm005544252,11.614290361133863,5.504862139876048
agm005544318,17.120042234474305,17.10134441233189
agm005544322,12.88847359717676,15.883017483783556
agm005544329,10.753356432270937,11.16316605584511
agm005544453,10.869087152295736,11.28652732746461
agm005544454,10.922708637220286,11.33222010805421
agm005544612,11.814999845842625,8.60420143862734
agm005544653,14.228537770999097,17.207700321307822
agm005545095,10.667483441509487,11.662596996909087
agm005545192,12.40146563301246,3.6707781130256025
agm005545233,11.932838048059676,15.588220235074676
agm005545243,8.766033215878911,5.4384964597178085
agm005545485,11.770350029083353,5.7567192093178905
agm005545487,11.314268673999662,5.257591071954291
agm005545534,9.855051369120206,8.68694944676849
agm005545577,14.024637355247323,15.285906425686852
agm005545614,12.061550210274426,12.501619304202782
agm005545644,14.335560861103113,12.903463876768077
agm005545674,10.83029722528066,6.803750546436546
agm005545824,13.06662751434311,12.131347538717376
agm005545908,15.87595344095997,12.158851258243098
agm005545913,13.258595483826845,11.854772556410259
agm005545917,15.559047538777966,11.37664286270634
agm005545951,9.216135772023497,7.475923985494223
agm005546014,13.813630197191943,10.833359978440242
agm005546054,13.228744839097883,6.783667581071474
agm005546069,11.415240575821192,6.617099494637792
agm005546130,14.090548831015418,6.644683083199131
agm005546161,5.931074566925145,2.1422560354702136
agm005546301,10.14398689681875,13.133600484017029
agm005546351,13.296063652335974,13.464835039246145
agm005546378,14.573147861812274,14.853299633041248
agm005546385,13.151139775445584,14.534448729073382
agm005546391,9.273137005822681,7.529558423483066
agm005546419,11.072419367179963,11.008360080212661
agm005546530,9.882795664507,9.092525965613408
agm005546540,10.74264082352416,9.55751766252812
agm005546637,6.125209888172081,2.2344720681343198
agm005546716,11.143836624999954,10.015729099513758
agm005580491,13.304230214922178,11.781774696376438
agm005581560,14.042718984531447,12.901808476200971
agm005581572,14.034884871366295,12.99255568083335
agm005582010,13.741630145781292,12.66262686082126
agm005582352,11.30728287007652,10.65462816544652
agm005582456,13.521783626392143,11.828459991395293
agm005583054,13.62858355414942,13.64959508614924
agm005583145,15.386277363930782,15.380702090062812
agm005583358,13.361525501874445,16.44021389495224
agm005584751,10.395246413554842,9.262616421020992
agm005585003,13.445930154075567,12.035421278078767
agm005585248,13.349167062043886,11.931608153921825
agm005585340,11.471913261597876,1.3500241124459176
agm005585407,15.601189360399614,17.41086942263016
agm005585641,13.804804399478908,11.265403498725908
agm005585646,14.70069442100345,13.188475296266546
agm005585802,7.067881810459503,2.964833627418377
agm005586174,13.94083959201354,13.037469899542408
agm005587043,12.637190334779975,12.297765102094628
agm005587399,11.674514259240192,15.632917590160417
agm005587945,12.797622534112875,10.09362329821343
agm005588407,13.638103538863742,12.122515086076083
agm005588754,11.708160693991667,7.869281817872436
agm005589462,10.706406595495116,8.353903971440829
agm005589799,14.559562297186808,13.34165057125859
agm005590007,10.159383786448354,3.3960884001850054
agm005590208,14.998407795525393,14.192473444090536
agm005590296,13.213508310760481,12.260253105640269
agm005591073,13.302354502027297,12.282252333270236
agm005591365,13.68983363021458,12.52297310105553
agm005591392,10.621833418641492,3.791820852640516
agm005591457,13.56592746492112,12.530424972529378
agm005591736,13.091654011251155,12.176902074475862
agm005592312,13.015263982115991,13.649951520905168
agm005592421,13.967161245312738,13.378374316278682
agm005592668,12.587733999013837,14.117353398581038
agm005594027,10.419424355209278,6.750081495064137
agm005594574,10.097129839516029,6.937478361516319
agm005594915,12.096302418765672,11.262992767987399
agm005595080,13.312030658410558,12.922408181358769
agm005595112,13.51201507260532,11.59176112561235
agm005595341,7.822903929814885,6.971075295078724
agm005595570,12.70059050143294,9.369490490271161
agm005595976,11.44684683171489,8.911595398609668
agm005596010,11.51431221213479,11.654480158625503
agm005596104,16.337624028524136,17.394964260175165
agm005596214,9.781899419146594,4.802843749889076
agm005596489,9.590310365080882,10.648578025025742
agm005596916,12.62957269206113,16.157829625336372
agm005596934,10.847105284151839,8.764755007451482
agm005597030,12.18212100382906,11.468588809244842
agm005597043,12.330837562784245,11.622363872088323
agm005597173,14.725915503611214,13.324294238955394
agm005597347,13.733578803699539,13.543384036495167
agm005597470,15.680161897634473,15.238723228894141
agm005597490,11.321162481470518,9.244477905612206
agm005597557,14.34226832626934,12.763475453176303
agm005597589,11.326388438072316,12.22526249199529
agm005599119,13.890321451751158,13.020274287102376
agm005599432,13.737270025070046,12.819978676400638
agm005599559,12.267003171047243,10.876041310488567
agm005599773,11.049986239958287,9.197342294856282
agm005600084,12.884312685439049,4.126246536853867
agm005600520,9.350696905549372,8.836136847609732
agm005600630,10.51539246670603,10.189055392686555
agm005600866,12.86672438297928,4.932214647552603
agm005600916,10.936397201329406,8.937502247830288
agm005601349,12.19000931789109,6.69478894646569
agm005601378,11.889014413236945,6.293854041092229
agm005601476,11.415847040071775,6.293893580475294
agm005601522,11.61623701999339,6.566445191968533
agm005602004,9.436860321468869,9.552987339668567
agm005602108,14.549217642897325,15.16646173387941
agm005602568,13.702732774208883,14.19520737978334
agm005602691,11.779519081776604,8.518185045173997
agm005602875,11.250762303254978,6.423819534808564
agm005603554,11.741214749482737,11.42205559397559
agm005603613,12.884386312737297,11.051775648318772
agm005603697,13.301315904076354,9.086126033738159
agm005603713,10.733217084429853,7.158716381471797
agm005604092,11.930310986055558,10.556364927040704
agm005604160,13.12754041593682,11.399770033919255
agm005604440,12.222529959811562,10.296220469357685
agm005604879,7.475628473823771,4.496820882530571
agm005605396,13.145513049704972,11.392870739509133
agm005605704,12.228074139125182,11.711832547025944
agm005606391,12.01735899565093,9.042190312599365
agm005606574,12.711042847055026,10.845287140276788
agm005606651,12.991653069612054,10.522017441025442
agm005606743,12.491138373901123,8.952181908915184
agm005607468,14.8096627256787,14.404603494728304
agm005607676,9.777680582375545,7.0175894452762515
agm005608751,12.83620217146443,12.062911062731622
agm005609335,14.298867909915876,13.445277617973945
agm005609365,9.321502446163153,5.593105863510303
agm005609787,13.881265575642336,14.483109691813475
agm005610635,13.027720147815097,11.153845713853565
agm005611428,13.924233352328857,14.430673293723881
agm005611509,15.001205653724513,13.549569473598325
agm005612643,9.742295057431042,4.567916464229448
agm005612657,9.89517831125668,4.835807882436643
agm005612766,11.265633544811744,6.835946550975944
agm005612957,13.480132353390971,12.32843204427781
agm005612995,13.01790557393526,11.91180697621985
agm005613185,13.36617368489322,11.760440064084698
agm005613995,12.349643542642447,8.672404910352366
agm005614486,14.872026103063758,13.470319157311076
agm005616187,13.183730088845836,11.177560489549778
agm005616359,8.859171316368975,4.917726220647779
agm005616433,11.13761817884157,6.276391884170191
agm005616995,15.557664643260912,16.523423263217627
agm005617700,9.399841338696515,2.876307058974353
agm005618941,12.667392654781622,12.274137188446893
agm005619020,12.129593594373842,9.595632554647947
agm005619897,9.81891695620312,5.246767016055269
agm005620115,13.131126895886416,9.025594832035157
agm005620155,12.61777504433862,8.303334525438865
agm005620461,12.159513297142839,10.160324271677743
agm005620956,14.654495438223156,12.660179104412713
agm005621427,13.188989501155753,8.33519460992236
agm005621431,12.424317616293164,8.281400704848158
agm005621453,10.391205477138227,7.960438589242448
agm005621525,12.535888005234169,10.629401933497782
agm005622034,14.40673023048534,12.563184713490998
agm005622106,13.895864218548374,12.51499886352413
agm005622533,12.540353312583505,12.884678164300086
agm005623066,13.006982825259676,10.119129499141863
agm005623619,13.080997947881274,10.641862094602766
agm005624058,10.978471638947573,10.171636840636003
agm005624618,14.13270083378797,12.622155923362385
agm005624646,16.217767102339142,15.516340436301219
agm005624755,15.449478061149344,14.84494223630976
agm005625912,13.669411878205878,10.349956353391908
agm005626445,10.866756897698453,4.9472028326959245
agm005627113,5.815958055080048,1.8684513093637563
agm005627280,10.968345951098996,3.9364181408598835
agm005627399,13.315070465901172,9.611938578801558
agm005627455,10.79225441671398,10.682180828966004
agm005627815,12.02210772173848,10.246339689888872
agm005627897,9.445360802968768,9.837576751991175
agm005628209,16.218435847577314,15.715677749676994
agm005628517,12.832356767997503,9.291992804803828
agm005628938,11.049272576078165,5.893471355878108
agm005629217,13.92567579922472,10.034050888617742
agm005630079,10.110318711605407,3.5375773609462997
agm005630107,12.839227404717628,6.954670905064941
agm005630212,11.165524206450124,3.7884280229346126
agm005630353,8.734493685749532,-0.10734326198100892
agm005630608,12.187169086383648,1.0634715521569618
agm005630833,9.859545413557084,0.30702156392350943
agm005630996,13.008257814209808,11.541181799014302
agm005631153,10.94513075415927,5.035879572369407
agm005631568,10.56988584120491,9.225058083655691
agm005631586,15.06772028852365,12.463152720175762
agm005632220,13.169861394350669,10.154985626298476
agm005632287,13.112640162143288,10.752844524579467
agm005632741,11.813562520577081,9.676170507139405
agm005632931,10.519154497269904,11.249230050829945
agm005633147,13.94243693389182,13.42481312045487
agm005633314,9.945428829870323,7.9613794451713575
agm005633370,11.86596226685751,8.791011714109844
agm005633541,12.605114906157738,6.404317256970167
agm005634107,12.359910708134686,9.955047900378204
agm005634211,11.484917657462498,8.643444402394183
agm005634234,11.021221056700947,8.41843079022985
agm005634251,11.677424511684093,8.545867000843563
agm005634305,12.55994714957261,10.427448811950127
agm005634382,11.916528054764358,9.572699127882062
agm005634835,14.011016517293148,12.969387431107512
agm005634875,10.531285149492438,8.037899366059985
agm005634910,12.852174685166412,9.903849985543594
agm005635181,13.081679138086136,12.410794832897494
agm005635305,13.494724174837039,10.78366069337689
agm005635408,16.836106452955576,16.569362307039764
agm005635430,15.297330412105673,14.452843113503247
agm005635661,13.248354562584462,8.278217606194154
agm005636070,11.54206886565021,8.086487410226555
agm005636112,11.385502730376764,7.92118384962128
agm005636199,11.565820182685199,9.306005062265186
agm005636311,12.767506527970127,9.761917710080759
agm005636516,13.475684571687749,11.279978304967763
agm005636525,14.503812678766439,12.676123242133775
agm005636880,14.602615018008594,14.102443192054224
agm005637049,11.790803070678534,10.798789766269406
agm005637127,13.975255638835952,12.825111914113982
agm005637237,12.13333814302898,9.634758631602667
agm005637631,14.684331987085045,13.80234528913499
agm005637657,12.208604756976525,11.980359902932193
agm005637788,11.267328195462538,8.140588890845892
agm005637795,13.107442828304668,12.615860736385647
agm005637925,13.292965388744385,10.819603239821904
agm005638274,14.023351768839028,10.448210923122664
agm005638603,12.945764427306598,8.707155107064901
agm005638804,13.765228300968495,9.976475950916194
agm005638839,13.552439324749646,12.390847679928603
agm005639192,14.44471623306231,11.23861084747712
agm005639915,11.532228115652956,3.942500032520693
agm005639976,9.050420366001612,2.6920532312780643
agm005640127,14.043757359315826,16.300535656872217
agm005641129,13.844192548277155,12.749104272880949
agm005641898,9.568648422308508,4.052115336529256
agm005641920,12.663079527993547,11.708684977998809
agm005642216,11.971475949607942,11.814440240610674
agm005642258,14.325819228575954,15.640055704320766
agm005642306,16.812328289325027,13.89648884474956
agm005643129,13.501528395225101,8.987374492326389
agm005643283,12.484660781383191,7.656130169797545
agm005643914,12.43674794490758,7.962394175564064
agm005644070,12.161157897942784,6.847033289756496
agm005644236,9.50940509935476,-0.6066858409373358
agm005644298,11.56840230255211,11.4731752327587
agm005644357,11.4695487386295,4.566012338852602
agm005644588,13.513709296830463,10.738624485267877
agm005644954,14.498272967866859,9.39258050500816
agm005644991,11.777753745103062,9.049290526361666
agm005645271,13.701913464472375,11.083800112477299
agm005645406,14.110935468833796,11.338355887179103
agm005645663,11.83962237202494,11.959503183354098
agm005646455,14.5378304436907,16.30558903791077
agm005646509,16.505205035113473,15.04790662688366
agm005647164,13.458043093194268,11.082677503206513
agm005648423,11.450896788611894,3.044172526302745
agm005648768,15.729043184017714,13.544205179039855
agm005648968,11.324754542134558,2.4773265582500095
agm005649023,12.848141234469528,10.125786856719097
agm005649113,12.095885896203997,8.022430064784617
agm005649125,12.697119636055424,8.979922132011898
agm005649260,11.657103301318424,5.108031062375955
agm005649652,12.886587453719194,8.558106014462197
agm005649657,12.772350438878027,8.354288336982345
agm005649765,14.026523503061407,10.169865852374663
agm005649803,12.135523505472934,7.562088057555094
agm005649856,8.986533039498713,3.3990967430025605
agm005650071,13.09529862347083,8.139892196944679
agm005650074,12.523585754544877,7.889667355485488
agm005650147,12.300796229500863,6.490243616840902
agm005650273,11.249961629081236,3.251289336291547
agm005650359,12.932062516903345,8.113551120533144
agm005650555,14.161282208777882,12.205390279102977
agm005650995,10.066514448073617,7.1407506079614675
agm005651111,15.939555518974638,14.321623465113978
agm005651236,16.43472033677294,14.714472542044545
agm005652123,17.329245898888026,12.73191550332502
agm005652184,12.83346794939684,9.000552414961923
agm005652223,8.989044041173585,0.5894174525294341
agm005652264,8.707360583535008,-1.709168361197604
agm005652281,9.001615344844199,-1.192107868099119
agm005652426,9.917272514342331,1.5349099458839877
agm005652534,12.167298122941629,8.166611988091235
agm005652649,16.132001685176995,18.106584864405345
agm005652681,9.20159903439459,7.580516279462594
agm005652972,10.214918566236653,10.425222667304377
agm005653772,13.23182496607374,9.78062880071519
agm005654033,13.68924835510436,9.574587559893025
agm005654085,14.615436086795826,8.980472300994123
agm005654133,14.544753981804291,9.5831741805507
agm005654177,13.388981355382157,9.979758828557467
agm005654680,12.765718433513605,8.950541093561974
agm005654842,13.28684560195603,9.841209854664166
agm005654862,10.831340003543998,5.57922417300055
agm005655232,13.019049884387059,9.492358401569774
agm005655524,7.665790588987998,5.1372497476823815
agm005655762,15.44902812624956,13.016215750946495
agm005655971,15.772600435695614,13.310060030466046
agm005656815,11.007472014425892,2.7528131684721355
agm005657189,12.085946903096598,6.809489383706627
agm005657198,12.335916934047281,5.237506082378964
agm005657305,13.098513674534075,9.547114210513238
agm005657691,12.318478299891273,8.125459917890012
agm005657855,13.428640990727315,9.397036841016385
agm005657871,12.59827946322151,8.456917114526183
agm005657946,12.413942663034247,8.50363768308177
agm005658131,11.771182047565608,7.707921089730545
agm005658294,11.929631782178616,7.768602894687859
agm005658734,13.193071870110105,8.61344913158838
agm005659056,9.408140137690454,0.6337015015247461
agm005659085,9.407361754080089,-1.3628596849736947
agm005659150,10.085866391076307,11.417562738140937
agm005659328,12.511398506713151,11.750466206132204
agm005659597,9.876173050260645,0.7739202523598626
agm005659709,9.832922497586642,2.6973332789503757
agm005659983,10.105961559709376,2.9919553914424717
agm005660539,17.696540967286406,14.420698088946034
agm005662506,12.387797795297073,7.757058321164557
agm005663619,14.193790345260838,9.248049133177817
agm005663660,9.923316463602971,8.194094438814883
agm005663784,13.224430050612227,9.861811800205691
agm005663842,14.165862521650219,12.521552083711635
agm005664341,14.685935355912783,12.799900855981448
agm005664999,14.687397977641227,10.120247874859794
agm005665066,4.710944047616064,-0.8220105405835865
agm005665311,12.927035907859278,11.407359442749927
agm005665631,14.55915762133229,12.166786416975873
agm005665681,15.729828189733803,13.162699826680823
agm005665734,13.499534659445208,12.196546851422076
agm005665776,14.131656748436356,12.73871957735051
agm005665795,15.471163271565894,13.571497792292895
agm005665827,15.319093761993285,13.481290067395333
agm005666137,14.37403966962874,10.470402661229267
agm005666762,13.047516355138297,7.199131201821511
agm005666789,15.324139738683277,13.18605680949293
agm005667046,10.421257671192377,10.871460973409675
agm005668490,13.74685480385609,12.410066511053031
agm005668537,14.968301109036737,13.474990594283964
agm005668545,13.962870920878833,12.519892911522062
agm005669978,12.430917797335937,8.526584580348795
agm005670704,11.576866812201287,12.437602446956339
agm005671259,11.60870913098811,9.493071878205235
agm005672078,14.770458100422678,15.866178702051089
agm005672114,17.305975391541192,18.73519827748502
agm005672851,11.661957082615158,6.79130340405244
agm005675910,11.343132258428803,7.035064055074671
agm005675966,12.094706203979266,5.539973276562511
agm005676057,15.470110577851871,16.416748223203765
agm005676379,12.102786552884304,8.82490971883236
agm005676632,16.19673161152672,14.651365191927745
agm005676668,15.5659397885253,14.33905071640394
agm005676740,13.910383542335843,9.640341409523002
agm005677145,11.294350155688555,9.32500565858211
agm005677210,9.592247015476087,7.538961715296919
agm005677220,9.673081865311667,7.692237620829204
agm005677393,13.276837613651145,6.219281429354065
agm005677505,13.047724435520083,9.606587224828612
agm005677694,15.835496067373512,16.025878681706715
agm005677735,16.025580508517635,15.578120485292663
agm005678969,14.781215171872356,12.624319360232102
agm005679614,12.643386081010492,9.102660201379821
agm005679645,11.225434660894036,10.83648127590167
agm005680013,9.852952362778657,4.004071250713635
agm005680119,9.943125277442554,1.6798523317782994
agm005680306,14.238045690658232,10.497599480603524
agm005680318,13.847299873284891,10.578075674679932
agm005680342,12.594461383718974,7.597203980555878
agm005680663,12.023542735164982,8.780835330458963
agm005680702,13.211746424525224,10.24591677735089
agm005680810,8.652219428621668,2.8133815986518953
agm005680853,10.860598673823937,9.009587702498107
agm005681081,10.091843453481737,5.8409615911880195
agm005681139,9.529678433780683,5.152864339805318
agm005681165,10.81697754143398,7.907978890161235
agm005681191,12.955317438320698,5.347351176696887
agm005681244,11.398835075622763,7.353173605254878
agm005681260,11.802852335870961,3.7314312577202315
agm005682034,11.957306338846346,4.9483688218531485
agm005682154,12.453362909501182,10.964625998078704
agm005682165,10.702376778073214,7.615253245852468
agm005682336,12.937008445206464,4.175221207784827
agm005683187,11.083695331033057,6.878078073441038
agm005683984,12.349685325952235,6.222669286862296
agm005684832,10.00583115558716,9.46726550877163
agm005684875,11.525889173134715,10.030152507494764
agm005684967,11.07910724320395,3.44085354563121
agm005685367,12.389897497152555,3.8243237873099836
agm005685513,11.781950083694099,11.01832134560203
agm005685665,10.804832481197069,9.398614418440332
agm005685906,9.413873053092624,0.8674293020726959
agm005685956,10.448896682526437,10.21444588635753
agm005686061,10.862446491102274,5.447632419529389
agm005686362,12.396763923713166,6.9670609869599645
agm005686530,11.609525964913773,12.724115429530753
agm005686695,12.256281901206952,4.968916995679649
agm005686837,10.329461354722262,4.449535088159734
agm005686863,10.468854267763925,6.942727427234186
agm005687138,10.327985346602654,2.4973980911137423
agm005687448,12.075487432819363,4.189525951665767
agm005687526,10.1688134919037,2.6123815930056344
agm005687809,11.995144937741088,5.4195789736962
agm005688045,9.253127349182106,5.141810830569379
agm005688201,15.150520608258104,9.023180904334398
agm005688376,6.534771957475063,1.4933364011576995
agm005688537,13.005056488991926,8.397935063719174
agm005688550,12.692104134783737,9.43770194624911
agm005688846,13.13502330466269,9.666343051874867
agm005688923,13.196953744592555,6.2702518052317915
agm005689651,13.088406772635398,7.213508452718994
agm005689739,15.426450726401306,12.683894900207278
agm005689900,9.53571363341276,2.4307044289450395
agm005690481,14.427396628994096,9.885366638249003
agm005690501,14.813967571941106,12.82560850878402
agm005690629,13.399056526563664,11.155944920518058
agm005690814,13.461407574015356,10.453360148971347
agm005691100,11.827161006648447,2.717162953068687
agm005691220,12.236868492965812,4.713456672743618
agm005691223,10.891628278417954,8.059497042237737
agm005691259,11.093497610401803,4.395906959259648
agm005691277,12.434063284253197,1.8121120690551702
agm005691376,11.4416889660785,6.141127799461866
agm005691429,11.169358491764529,2.185417338429653
agm005691552,11.203077460034601,5.372485701860029
agm005691620,11.22053124517884,2.1484394328582503
agm005691976,12.900554053693014,1.2482998971414905
agm005692077,11.259271276609427,2.255514103545034
agm005692101,10.810145342173923,0.9312677433947188
agm005692117,10.575854904262078,4.099586831280892
agm005692202,12.616356820441334,9.412342176338731
agm005692344,8.648072776416306,1.2568969434617543
agm005692589,15.871793689222207,14.279121688168466
agm005692986,8.986917314425362,2.101798226816584
agm005693021,11.833678601556505,6.534323895391211
agm005693356,16.197597978584138,16.521678772542238
agm005693527,11.613585179265542,9.70404490753987
agm005693906,9.916167442234086,2.5690691094265006
agm005693940,7.888983024403145,4.536908604167562
agm005693976,12.026073012720593,8.251963938716
agm005693996,10.243095780618475,8.94871892780462
agm005694212,11.8640304827138,3.6754717425781727
agm005694286,10.914590152036311,2.3361087912656373
agm005694579,11.615847378310255,6.076681442851535
agm005695245,11.401070091415349,3.9479336656256385
agm005696009,8.025955394978089,7.074499641316635
agm005696103,10.898224122244839,5.798194573848158
agm005696122,11.032938569162129,5.97185591286289
agm005696280,12.533183148029737,6.1236537055911455
agm005696471,10.268487227186034,6.197780732304281
agm005696771,9.522641918109885,0.7892956087148804
agm005696874,9.369755673070632,2.1754321899203517
agm005697047,11.031618738985962,5.497870542966505
agm005697148,11.394083542616727,7.186428163813112
agm005697262,11.519602258824632,4.551147512076722
agm005697553,13.360579050167376,4.561660692735674
agm005697606,17.657366372568326,18.43348340354536
agm005697611,12.630192747023608,7.398983066524728
agm005697643,8.74283121993978,2.4420014316876313
agm005698477,12.333594422267387,7.218835980957714
agm005698726,9.709128622523904,3.2938924814537196
agm005698962,12.202952661106293,10.831451823827038
agm005699635,10.38523453010611,8.557737651103622
agm005700188,12.510793279340213,10.651315679351633
agm005700732,10.758417210918799,5.804652467744418
agm005700896,15.083294073188311,10.62790585951509
agm005701008,12.608388847022267,9.073775050984116
agm005701776,9.583477536547298,6.306055259046775
agm005702045,8.708622020436414,5.164127446593606
agm005704081,13.654269903493685,10.449534627741784
agm005704164,12.885155319355947,9.776268297326068
agm005704438,14.448265058705807,13.165040379630616
agm005704470,11.396329657980433,12.937928631967639
agm005705880,9.538856277440011,2.593802905151365
agm005705911,8.839489544622884,2.1510340426428685
agm005706253,11.5331085865687,2.064776684152027
agm005706502,11.617797923336786,8.703206233455093
agm005706851,13.102060409485055,10.099182773655217
agm005707251,9.920702099087388,2.1680913640937263
agm005707792,13.790075804530813,11.695538110217784
agm005708294,12.610181506395875,6.604510252923814
agm005708927,12.131473349388086,6.420331310190268
agm005709092,12.956191014383274,13.099171671239873
agm005709179,11.559353249733228,7.736557433112431
agm005709401,11.735586608511626,10.045964745062259
agm005709404,11.471027251665392,10.115534266274897
agm005709410,11.808163088111387,10.418994444408343
agm005709417,12.781931064061718,9.06719073305569
agm005709518,12.91903099022979,6.317243135491168
agm005709638,7.32108713648052,2.9461504878331395
agm005709639,11.371254636097012,9.948316756581347
agm005709722,14.468090562096732,12.425020655337564
agm005710025,13.705364071105718,12.36405516891866
agm005710924,12.696816202777413,13.233615507458126
agm005710962,13.985982285768877,12.832031856087136
agm005711281,13.8529662138803,15.274783087463154
agm005711375,13.018743681327765,13.365261811284604
agm005711417,15.851482912787544,15.832559305173886
agm005711522,12.84540959187897,13.276090380266389
agm005711549,12.700179015259822,13.20062437295755
agm005712111,13.896127229459177,13.292693079929634
agm005712310,13.435766697210928,12.764520322386298
agm005712766,15.334530656355888,14.295267318775815
agm005712800,12.648567595092423,1.90761159803216
agm005713801,9.70939687011332,4.80091470956681
agm005713849,10.885550067090497,8.06399360956518
agm005714663,13.218557143723181,13.242329639834416
agm005714758,13.10447307035306,10.825920450943372
agm005714869,13.097531705670692,9.711489035749556
agm005715192,13.734501996110572,11.30330285542532
agm005715690,12.762633285436076,13.218470453232714
agm005716630,9.622234882429732,7.530945739945359
agm005716942,14.470590254672933,13.015920004664443
agm005717407,8.575898445199195,5.586235939893554
agm005717627,10.375187510651676,7.546785619440531
agm005717823,12.01421512172387,10.227793354072084
agm005717837,12.188163591014225,10.393371317494667
agm005718647,12.497271033212707,11.242036317099055
agm005718756,12.084807280802467,11.065679781602853
agm005718806,12.465762792075104,11.50088854973709
agm005719058,9.180692763743883,7.5545604148775665
agm005719756,12.85247093045191,12.440970399638674
agm005719965,12.882348950987364,11.108889530510728
agm005720559,13.514627527146033,10.607555077010451
agm005723799,12.132178685570688,2.6956212574188663
agm005724261,14.853125730008692,14.037541069013253
agm005724341,15.03096492533856,14.1001640105125
agm005724531,15.712455419725883,14.989673732392419
agm005724601,9.688297447004812,6.114848019789137
agm005724937,14.692272759408956,13.16802593628404
agm005725054,10.977431442166392,4.21578469843364
agm005725080,12.196635298934853,2.279706099583239
agm005725082,14.225759256601853,14.038117210412858
agm005725319,13.760295514622992,14.615363160594445
agm005725343,13.809572963846616,13.65040963667202
agm005725673,13.112776612617344,12.369646656592659
agm005725710,12.529404829674633,9.577104488237971
agm005725716,15.356008926886128,15.828145898728778
agm005725859,11.416374787255025,8.769721330158516
agm005726174,12.41018349902027,7.153958001717939
agm005726359,10.682266039846553,10.45106145329912
agm005726400,12.864017477456215,8.724041231412635
agm005726421,12.4953190140947,8.336757771763143
agm005726758,14.657816569925812,12.195187728751028
agm005727003,15.065968754935879,13.497578744860606
agm005727289,13.409470309081867,13.72719306133346
agm005727295,13.968684692019963,15.013327727211996
agm005727306,13.371176019128725,13.921839092259782
agm005727527,15.249196358653629,16.0594117179654
agm005727540,10.779157789716987,10.318883198652225
agm005727812,13.520105829538224,12.92445933489555
agm005727973,12.079458418617461,10.877299379277423
agm005728056,16.18568234593872,14.240632019421831
agm005728424,10.627467860813516,14.658427587781736
agm005728537,15.226750894383441,12.906843237822903
agm005730035,13.354790463955228,11.240625691166466
agm005730171,13.215304820454799,11.944317077663237
agm005730200,13.312209333684509,12.06917129754744
agm005730261,12.921000384893146,11.735148614227933
agm005730557,12.816521302337227,11.614331467351475
agm005730622,12.845234956977578,11.632980559707795
agm005730636,13.125710838462831,11.883480461736495
agm005730800,13.146640519670662,11.825230562742446
agm005730884,11.286321044034294,10.11688971685114
agm005731217,14.288641468531827,16.770748751172007
agm005732215,12.327836963530798,16.156199170188412
agm005733992,5.580224641078255,-0.21467624033823274
agm005734296,14.335743955267338,13.11618386816446
agm005734703,13.754571222048328,12.698720016668341
agm005734737,10.227363140571693,9.674208513001265
agm005735078,14.235610352502327,13.089769708039846
agm005735265,13.673848996714694,12.627752404936865
agm005735524,13.375387603575073,12.371755981679877
agm005735593,13.342923764867663,12.29097960742432
agm005736265,13.296022753846033,12.298457868144583
agm005736599,12.746264773665589,7.1568354596674215
agm005736631,13.082814174387739,7.834058723875413
agm005737533,12.137111439859108,9.522825173733768
agm005737791,11.870418508647363,8.020679421511003
agm005738536,13.811532584074392,10.165836369051116
agm005738973,12.353677817771427,10.846974007921169
agm005739069,11.55831642843586,11.057240616336477
agm005739494,11.571067485443182,10.63358621826675
agm005739560,11.477039491320012,10.296293649536787
agm005739568,11.541185365907685,10.732413645100786
agm005739673,12.644105037741388,11.423341426576727
agm005739857,11.214548522942666,9.888621062979457
agm005740084,15.287679341925802,14.930488620885166
agm005740179,12.838145945135187,10.056777469517073
agm005741208,14.226915621730841,13.01032159412172
agm005741249,14.344510401768026,14.132855662407929
agm005741321,13.192617924163118,10.318264226110836
agm005741360,11.91271603601342,8.951775663457672
agm005742017,10.075909450040205,5.270136507553507
agm005742330,15.16930032360456,12.98923173366488
agm005743058,12.300475259368929,12.102844764025393
agm005743214,9.35881061774509,7.253857937400877
agm005743468,14.699375983102337,16.244639934701485
agm005744375,15.719516420869246,15.432976983598998
agm005744518,11.053672166348232,4.04765435984786
agm005745022,11.70133640936366,9.23713933994498
agm005746064,9.408156082662599,2.860238875306827
agm005746420,12.80380820546516,11.44544464266035
agm005746500,11.86013359818166,0.42229322006924025
agm005746952,13.643714114903288,12.15079392431425
agm005747654,13.205623921392615,11.929125094583787
agm005747698,13.543069348510322,13.207068573456416
agm005747946,13.136210650196643,11.782470699390705
agm005748632,8.261517115018712,-0.5059742577409105
agm005748638,14.554336112091413,12.912423788684478
agm005748853,13.567373340147595,12.507620489084863
agm005748910,13.598899739977469,12.539229531836746
agm005748983,15.174202224244889,14.443814587980594
agm005749024,14.597474711070939,13.388743799617464
agm005749207,15.196740106963455,11.52056455280493
agm005749249,10.309599066278597,9.174486492446887
agm005750209,13.567314887035822,12.457985348650356
agm005750268,13.073768263164927,12.14064975851393
agm005750626,9.772986144349854,1.7056883041673778
agm005751773,11.092248259248388,1.8906911615327513
agm005752114,14.352821301325271,13.407345883354404
agm005753021,12.458234605730828,12.02931275686653
agm005753251,13.379948348766765,11.944031493023347
agm005753355,14.169273322180088,13.627514263116945
agm005755331,15.670841198521432,17.461793904644058
agm005755741,15.143129139872585,9.32510856198673
agm005755854,15.814415136875093,8.810445645835436
agm005755886,12.615944302425277,11.851865583200576
agm005755978,14.164577925150182,12.775814679683672
agm005755982,14.4304002083582,13.006042840114631
agm005756780,14.44525350070441,14.840969606463098
agm005758419,13.137947793267017,12.916912300353369
agm005758638,15.914370599883645,14.440563438536627
agm005758688,8.585312466178193,4.615412925412367
agm005759120,13.140124396478868,8.320318791159243
agm005759277,15.372501703910826,12.735397288650683
agm005759929,14.82216829441373,9.656785324925751
agm005760064,10.571413422091913,8.426750473810573
agm005760584,13.082949723734657,13.853329941288969
agm005760652,13.5971106016746,14.474118402433826
agm005760917,13.16994096879183,4.405099226635551
agm005761385,12.951209343179118,13.044918383247238
agm005761818,10.698704518714031,7.758877322497056
agm005761825,11.389781192793942,8.802766286957448
agm005761896,10.433529606286482,7.211596465655913
agm005761902,11.177051274178867,8.26283252415568
agm005761943,10.80341670338021,7.349373630182227
agm005761998,10.830316372619437,7.384140329369461
agm005762174,13.523915853013532,11.155421794645285
agm005762389,10.011270544883049,8.23176179353085
agm005762686,11.031012101887,9.376616777506962
agm005762812,14.95335135729346,16.11902602400816
agm005763047,14.488779566055776,16.104309826213747
agm005763089,12.285125864023962,10.004608493600143
agm005763160,13.068178582762037,11.125584031047467
agm005763167,11.952166812247242,9.302440760308818
agm005763243,13.778578560814685,12.435206340365193
agm005763390,10.994542891829484,7.239886515710119
agm005763628,10.802115515438699,11.218990092197885
agm005763689,10.431984588784422,8.345906154253406
agm005763724,10.772199529100346,10.434167556581768
agm005763734,10.857837551480637,10.53604447380938
agm005763999,11.3160300603868,10.346597132819262
agm005764099,10.98826154488984,9.966535790635175
agm005764152,11.145588148197016,10.170820920745088
agm005764268,10.84225651710265,9.664086523301188
agm005764399,10.784082599971905,9.746639460535368
agm005764447,13.23545215985805,10.890978137146023
agm005764472,15.562299656683336,14.478489035152338
agm005764573,13.508676148022557,10.919941434948058
agm005764837,13.301438902358472,13.186475219650454
agm005764979,15.11780233864789,15.643601195719548
agm005765146,16.22375375385376,14.50700855214373
agm005765180,13.608718483281864,13.32152150081423
agm005765570,12.63629751377789,11.196980058318134
agm005765871,14.911980740299947,14.942583428611407
agm005767487,9.987691693257624,11.807009909609008
agm005768371,7.318431973941532,4.343989158231196
agm005768517,12.612556948534957,11.303509879312132
agm005768955,11.640891259344789,9.645461888014198
agm005769719,10.83407150677526,8.590814204640187
agm005770113,13.927065159465194,11.080390503360233
agm005770367,12.500466104655006,10.477731392467147
agm005770484,12.712928648511165,3.523331268482513
agm005771035,10.721011855843415,2.5001038811169303
agm005771162,9.450172427884311,3.0077318898510996
agm005771389,13.777447951403687,12.572296002744505
agm005771399,13.740224439784452,12.535148729777363
agm005771704,7.386173681050413,-1.2068977854848448
agm005771807,12.079845417472173,10.051505677645437
agm005771959,9.252647769564458,1.331121407832369
agm005771970,11.303212358359954,5.751388023094643
agm005772082,13.196791064373622,11.72682863364498
agm005772868,9.577783668113694,4.903235438385951
agm005772927,9.035380529745069,4.117466355095181
agm005773607,10.798928857521796,3.0331392909651456
agm005773704,10.180275433311653,1.8050958767613707
agm005774011,13.222076755374514,11.23819853116877
agm005774071,12.875707297540592,8.179305210681454
agm005774223,8.938464502356045,3.8940726920340567
agm005774394,13.423214805262498,12.46573869013308
agm005774410,7.978422589071685,1.7147153533848123
agm005774681,12.144549796777204,3.6595222452539766
agm005774736,13.923096451084009,12.557234839029874
agm005774778,13.832806994953108,12.480937851043784
agm005774851,13.563586050131955,12.325009163037414
agm005774917,11.780669365671619,3.704064185592813
agm005775070,12.237509526173838,5.618266597682073
agm005775208,11.754142508584376,8.167953353696996
agm005775397,11.761514256026542,8.296781285715317
agm005775553,12.925742140643711,8.424849737112241
agm005775556,15.028165852144113,13.894933378839744
agm005775702,14.176142498633359,13.159472665695475
agm005775996,12.118226513195998,9.794013829422559
agm005776403,13.132806550175848,11.861541041474775
agm005776464,13.610394772375571,10.376690045788457
agm005777169,5.745597035801489,5.21840508978999
agm005777700,11.38751296812755,7.078046864587594
agm005777869,14.75655383139422,14.484888059483104
agm005777908,14.395059135427879,13.104245594422943
agm005778011,14.006820580019005,13.33662928688031
agm005778455,13.27652424785874,12.905465669432486
agm005778523,14.482349288062148,12.12676110027602
agm005778599,13.495748654882517,6.770963540290357
agm005778965,12.54021639461146,10.354157013403293
agm005779262,13.297949719097033,11.149457861271893
agm005779558,12.608995131871922,10.532507203826752
agm005779757,11.802006114651986,9.611846946063771
agm005779982,11.664861432331781,11.37649008884135
agm005780138,12.894946037118784,12.680078250089542
agm005780206,13.722185994587308,13.45568939444322
agm005780308,11.751694627608543,10.448516100280466
agm005780819,13.381261421225178,13.596789899798381
agm005780858,12.831248171269197,11.701126853204121
agm005781227,12.727424970654686,10.666787430009427
agm005781552,8.205765403127758,6.514648116634235
agm005781845,12.947418134546828,10.754168184967087
agm005782376,10.74716364956401,8.711824506934684
agm005782514,6.7326162247763435,4.979331478642685
agm005782597,12.353153555768037,10.204626191738312
agm005783025,8.801833740292127,3.0820494966813996
agm005783171,10.843756397388354,2.995562041108896
agm005783280,13.863562405109123,12.078944711057963
agm005783353,10.3995589627101,7.509219177759412
agm005783776,8.443721655948865,4.0835252329299045
agm005784023,11.740163581894384,10.073824101024416
agm005784074,11.769745710211629,10.540485029926282
agm005784133,10.132137266227376,7.091711291099067
agm005784384,11.21833724546403,10.123990536391199
agm005784426,14.497626215287832,12.58432459103418
agm005784760,11.464574268950093,8.051670228592991
agm005784897,13.683359606651686,11.70058477497858
agm005785341,12.738304088557319,7.057557861221222
agm005785406,13.907163160066084,11.140264514347301
agm005785420,9.933353865516494,5.832791518762637
agm005785665,13.777439950991925,11.994349141280088
agm005785724,10.305065049722472,9.744846257060367
agm005785861,10.438000859867211,12.172801423394041
agm005785997,10.764192392731326,10.48553180344603
agm005786090,11.294535023863581,2.643963371314603
agm005786147,11.736142622738347,2.128859237213819
agm005786200,8.044679548299658,2.2831059660778075
agm005786316,8.71972026562626,1.5864537226630695
agm005786352,8.747881421100942,2.340291880077404
agm005786429,11.81982217456754,4.618441864196019
agm005786548,10.037984780706743,8.30852970119638
agm005786590,12.315264058671998,4.1486067680892065
agm005786949,12.01278940654953,11.092499824875892
agm005787170,11.850101428871566,11.256540252139763
agm005787410,13.073323292483694,12.265586839322665
agm005787780,12.614051145661492,9.831657522761718
agm005787958,11.104839195006099,0.2093607143086338
agm005788178,13.553739988503095,12.795969495890786
agm005788214,12.414608513479692,11.739197644921385
agm005788221,12.44891549657384,11.765172124169256
agm005788356,10.555167917682011,0.5473536046599191
agm005789578,13.197784783648423,10.625678435997356
agm005789809,12.10589620025627,9.360631422827277
agm005789864,12.252973757635239,5.5946911063774865
agm005789947,14.61207952183623,13.369221971249784
agm005789964,11.894292592116157,5.161275774912849
agm005789981,11.94801446525829,5.217722808475091
agm005789997,7.254066458631674,1.0093533447526515
agm005790037,14.347075027334029,13.097425267085889
agm005790119,6.876757232826761,0.22411237805150344
agm005790157,6.691384554216974,0.7767311744482844
agm005790203,11.666558930028023,1.9400851687040657
agm005790302,13.528322712674802,12.907878802019717
agm005790340,13.622480495408873,13.19679296031192
agm005790487,10.023604316286166,3.294894034049227
agm005790528,10.645825620986686,1.0324461575276231
agm005790548,12.624652070410619,5.253761699162929
agm005790876,12.77591189218298,8.418044607142534
agm005790980,12.768503477967185,10.496721269351644
agm005791039,13.410339171939462,8.894461623565833
agm005791276,16.928586832603347,18.032565010788137
agm005791535,11.481056871909358,8.975926914657009
agm005791700,12.94036785740537,9.461518322547732
agm005791712,12.951628480683468,10.382001852486676
agm005791761,10.363510158830204,5.521591411127573
agm005791916,10.08456570932911,0.11339525914189845
agm005792322,13.14867582764745,8.267444841283078
agm005792888,12.374797564215816,4.237567711646307
agm005792985,12.969060645878196,5.120943587150424
agm005793075,14.898228942863085,17.801506115404123
agm005793112,14.8554245758476,14.489459120469489
agm005793156,15.89945516414869,14.429185420098563
agm005793291,11.185167475395597,3.229036892046319
agm005793314,14.223964313406142,14.07529413370608
agm005793445,11.794334843982009,9.725256699597836
agm005793562,11.918618149120306,9.940982102478126
agm005793590,9.337860218232267,1.342343081540161
agm005793597,9.150212764749297,1.0834614970409575
agm005793654,12.795213340984262,10.41895598838427
agm005793661,12.963011399215219,10.599827261126789
agm005793677,14.928878639619889,16.609397273120006
agm005793703,14.30898459533789,14.62819965520706
agm005793748,13.667586114307275,13.935589366827612
agm005793781,14.294268478328187,14.31130905471141
agm005793980,14.34993106908181,12.147652390065476
agm005794106,9.12480004788064,5.474835342587657
agm005794445,9.699424999207315,6.3923150812280705
agm005794659,10.828811302122874,3.5027664141923425
agm005795070,12.043733248428348,11.48326545259384
agm005795076,12.263142371439537,11.641298850060714
agm005796437,14.191327747576638,16.1166454868066
agm005798336,12.530802223255343,7.122262264976276
agm005798657,13.659445985771157,10.990022282684519
agm005800456,15.805815829427528,13.627987980557426
agm005803552,14.309383569994347,11.293906456827578
agm005805916,13.002457783440093,6.771911744852813
agm005806151,11.524650556032043,8.35123684220074
agm005807102,11.58004929487542,4.853370775526519
agm005807140,14.748771406759513,14.862528871442308
agm005807173,15.163859915594514,14.755416804627194
agm005807185,11.824486324961567,10.865064379653536
agm005807233,14.12759415805245,12.661229250851676
agm005807347,10.832819734661777,8.389685336869674
agm005807471,10.594564880790314,7.781298093193191
agm005807524,11.767345279122079,9.655869412487425
agm005807599,13.322210616685117,14.964399457328485
agm005807633,12.111980813882372,9.23776958536083
agm005807659,10.982519905151104,7.002110693893331
agm005807683,11.635075309062334,10.835758519283893
agm005807986,12.670224783099224,11.842056093657446
agm005808076,12.109123939688686,11.537928986057903
agm005808200,14.505285124005121,14.014360017009025
agm005808207,16.501549294924178,17.03354131310106
agm005808280,13.296040549610666,13.5159666564272
agm005808713,12.320961995134885,6.437825247759321
agm005808919,11.849206733948792,5.541469176987031
agm005808948,11.603162765188255,3.52004805770665
agm005810017,12.790802924614228,12.086123675226574
agm005810291,11.392649533432895,11.443120551136287
agm005810669,13.771413285601303,12.34441591004727
agm005810708,14.098973647056795,10.37292260024675
agm005810784,13.29122941918296,10.84887623246588
agm005810910,13.448527672333665,10.009636256645267
agm005810947,9.450073651134428,4.526037443052184
agm005811675,14.304789870990227,12.908909855098043
agm005811694,13.427808924223806,12.15458945513471
agm005811791,13.942058263436984,12.45634255419177
agm005811799,13.974748827113375,12.511899263322944
agm005812842,14.016848175970921,13.474476999155476
agm005812920,13.712291678042163,11.191053828285117
agm005813104,17.77463881047073,19.00838444088492
agm005813111,8.944823081072348,0.4544560869228829
agm005813705,8.441448883342607,4.2984787911231805
agm005813863,14.166845340820041,14.068638835652038
agm005813878,14.116178557508022,16.864962793832035
agm005813998,12.583281547782821,10.289282734416304
agm005814223,11.889883253306623,7.806545485686645
agm005814307,9.422782821368104,5.019446348319576
agm005814484,14.120902642152428,15.748601291971495
agm005814497,16.161069577750233,18.11971608328989
agm005814714,13.10287678313137,12.383812834025713
agm005817004,13.832493970794545,12.763106408949579
agm005817085,14.917032816865685,13.114798791450022
agm005817430,13.458341095050471,12.447063914488927
agm005817700,10.308727136430319,3.5447195331389723
agm005818066,14.385549819721847,14.758129762383595
agm005818345,14.256775484622777,13.645242091189088
agm005818705,10.183306703110755,6.756247226660782
agm005818743,10.676097406752639,7.641034485894591
agm005818777,12.026840331694997,11.71991534502722
agm005818943,10.976216426892506,10.334246294878271
agm005819009,11.30910769232834,7.684974279654198
agm005819285,14.646400975082301,15.469081491174983
agm005819487,14.233552495134235,12.701849030847832
agm005819568,15.067056000416647,14.711726570529706
agm005819608,13.975833706259728,14.012414634398569
agm005819674,14.28355090279563,6.436341169242735
agm005819797,15.48925376731608,17.497730388788394
agm005819801,13.928561422744364,15.02567460458812
agm005820519,12.439121645130314,10.072721043169226
agm005820619,13.314231128966322,12.390960039003986
agm005820769,10.1971626831449,6.780106388640107
agm005820994,13.198300097665609,13.50520220864085
agm005821130,14.819640862401648,13.598861547298915
agm005821522,12.313187911061364,5.899094893457277
agm005821531,12.46207823544224,15.522481564138916
agm005822057,12.88664495571867,12.348773627782588
agm005822082,11.970157867903367,10.24259354877141
agm005822128,13.073479072046785,11.739485023938357
agm005822204,14.034874245235253,15.6857341930372
agm005822209,15.286590198840223,12.273422943239815
agm005822522,11.363842680179799,7.255052478342757
agm005822873,12.01969367806398,10.316742627580103
agm005822895,12.303290633345549,10.789562503421292
agm005823088,13.699528616861441,13.567394960187789
agm005823107,14.07900116980201,12.720497712446516
agm005823483,11.409014369894727,5.576480063095691
agm005823573,15.671238701307312,13.517922705615446
agm005823802,12.520182466995491,10.426969986826753
agm005824106,15.393377389655187,13.719040586471948
agm005824177,14.655037559295652,13.032189051900497
agm005824547,6.1845044218624885,-1.6536491769886947
agm005825039,10.067151068465694,9.57373944848199
agm005826178,12.795910791907536,12.630781572837774
agm005826463,11.304907764153644,6.250918231204151
agm005826527,11.82260409868442,8.769688438051347
agm005826632,12.030347775536656,7.19467674214066
agm005826843,12.450059305743936,9.348907557694224
agm005826977,10.28316720051547,5.745421910332143
agm005827008,10.297942397871937,5.11276029217666
agm005827052,10.117446663944921,4.864599477506709
agm005827392,15.323281202412955,12.074617029333135
agm005827402,15.436703476856962,11.74205648118602
agm005828353,14.871618090202364,13.03423425289866
agm005828621,14.166935677493345,10.643946380282838
agm005829441,12.835503245447006,10.917717083324794
agm005830384,6.572781991148621,0.7130318304570202
agm005831284,12.757035757395219,9.629054281390719
agm005831478,10.15260790087752,4.7056320886129415
agm005831632,13.681910211565327,14.027790295277882
agm005831853,10.264332372536893,7.278959741255504
agm005832390,10.442158185514197,7.375737467419147
agm005832452,13.994314695821322,12.608377909642135
agm005832685,10.675667102166946,8.487805981762733
agm005832698,13.642414454461846,11.389147829192455
agm005833023,12.361426088144128,10.666616245170864
agm005833399,11.17646122976282,6.09253758836434
agm005833680,15.338921036365269,13.986564466033506
agm005833822,12.326576217615345,6.001070042743386
agm005834122,11.738055123225655,5.207880224091755
agm005834142,12.046112255433547,6.042309399068088
agm005834241,15.374749049897597,16.636274665528596
agm005834555,11.844145114952008,9.279388970925304
agm005834751,11.41959616282532,11.523849759790737
agm005834776,16.231805528201935,10.682293141070486
agm005835447,13.130781266985778,11.46890408625476
agm005835522,13.212055595006117,8.914620251445914
agm005835598,14.132943093915138,11.950667633075291
agm005835727,14.648185608155861,12.105097207397973
agm005835843,12.058523425968765,8.509998247541468
agm005835984,4.743681727265199,-0.4972111038906082
agm005836124,11.50395455489715,8.525495877820138
agm005836184,6.58863014684641,4.536555325604131
agm005836201,6.664672273726974,4.170265771856196
agm005836257,5.968597791921777,1.5920467219539607
agm005836568,6.433597103947316,3.454780484281946
agm005837175,14.552006401440224,12.760732538742738
agm005837329,12.173922926703252,7.863834125228523
agm005837881,14.441546873399506,10.18059803647166
agm005838058,16.20424109755126,17.56582586325437
agm005838987,14.230099816820069,15.611574210671302
agm005839159,8.915894699050083,2.8483587484016404
agm005839174,10.84501752535334,5.131841517592119
agm005839257,12.678224989011914,5.558124417733694
agm005839399,7.04566080582358,1.8902505163541108
agm005839515,10.534727114325138,8.006267761898851
agm005839972,9.96462598450354,1.0435741865247696
agm005840376,10.371644386584498,5.367436069023963
agm005840605,11.002179860441515,2.9065267145387375
agm005840607,13.894340994658208,14.275746815271116
agm005840615,12.055296823884708,8.672172374050069
agm005840744,10.003953495687355,1.3539977146315085
agm005840839,10.303124600811485,4.467861933466753
agm005840892,11.634460903115018,5.156700104108862
agm005840915,11.874839445353965,6.039534567407351
agm005840973,10.925913556412498,3.7529034763520372
agm005841088,10.070295712292442,7.54331743901266
agm005841146,13.6565544688008,15.909396161903135
agm005841149,11.929012112296462,6.6107046281698105
agm005841184,11.989391519177316,6.688541048389173
agm005841275,8.100497557181756,3.4906268870428234
agm005841332,12.429638874103997,13.022330311041458
agm005841419,12.992575185551251,4.550794161741211
agm005841496,12.863884332960417,4.819835487733461
agm005841566,10.173417589526695,7.184308088264695
agm005841887,13.235457924163132,13.965308491370138
agm005841908,12.711564204870657,4.337351285028871
agm005842217,16.551621227021155,16.236014945066927
agm005842289,11.926907471028343,2.77526100195116
agm005842310,10.533743292243992,4.074235155234942
agm005842403,12.908324403959734,3.6701477376073535
agm005842584,12.202055200587935,10.309702327973953
agm005842618,13.03621208017658,13.272857816827441
agm005842636,9.763128345668486,3.590247192918832
agm005842750,11.118013964117985,3.5851405625375534
agm005842812,10.985623693475752,6.016573485623943
agm005843054,11.604536370055625,3.214521649270376
agm005843133,10.520412315332482,7.2002901605916065
agm005843158,10.782462418151825,7.475273660836365
agm005843320,10.240053318136459,7.488644694642083
agm005843702,9.119268901177822,3.9471079437657743
agm005844093,13.912689283032947,9.94153438236151
agm005844163,10.234268919654887,1.5632850608547966
agm005844179,12.991703195966183,7.6747851398863745
agm005844427,12.563103844395158,5.069861974991089
agm005844602,13.355176656415935,14.30643704886514
agm005844830,11.546009857651894,3.780809255204604
agm005844836,14.048143231387524,12.920749130847227
agm005844868,10.23247274877449,6.072919737752021
agm005844958,9.51061168322404,-0.15649957993644747
agm005845103,12.572795661720745,4.794529047946381
agm005845129,12.758596533316355,5.072794255806936
agm005845149,13.02440239661242,10.68415275124956
agm005845166,13.068541075061106,10.99499501666501
agm005845246,9.972636363605242,0.23398526963685976
agm005845272,13.618280363789045,10.529391030028181
agm005845329,10.416675719172817,2.125487110201361
agm005845518,16.217935371863067,15.637292338483173
agm005845687,11.780550146563783,7.793624022360556
agm005845707,13.945740268044185,13.296140614127827
agm005845791,13.237207867638553,4.935288630199328
agm005845870,13.804306911118806,11.386668899076184
agm005846178,12.475770652918074,5.069575185582312
agm005846384,12.018617487403796,7.627764272285229
agm005846447,12.137572634031129,12.502740560309938
agm005846554,10.144801704172561,8.07869862986435
agm005846624,12.055272241066675,9.508135623514324
agm005846627,12.384783327678578,4.086188192123717
agm005846972,9.408850252544212,-0.19428700579551497
agm005847037,13.735540869268636,13.09899374935056
agm005847115,12.31465632044633,4.239637569844905
agm005847278,12.305459728557596,2.3235173563514047
agm005847333,10.272354257693321,4.442807779704202
agm005847547,15.237911837682983,13.420323883580242
agm005847763,11.114473957160401,2.911601807028093
agm005848653,10.394950206718944,4.038377194758563
agm005848893,10.684481943403272,7.184544259182558
agm005848930,10.891337263991636,7.558165372584006
agm005849433,11.601374573794637,6.433450352304535
agm005850074,6.416515171595994,3.089409088654591
agm005850334,9.761824062082,6.873300761694567
agm005851911,10.18333294207852,7.78641807319877
agm005852563,11.127766524852841,9.423442443154183
agm005853391,13.07286877964907,9.263586478234068
agm005853558,7.854785744023162,2.937614300206557
agm005853805,7.864297580625553,2.2872756308795856
agm005854203,13.520361886387732,13.324121946057423
agm005855236,12.927839900922473,7.61609517922386
agm005855260,12.443048510551565,7.731354454696334
agm005857153,13.925108155816321,14.880230286751683
agm005857568,9.810834197885379,7.460490789800963
agm005858376,10.067475168780849,6.227915147148397
agm005859178,11.817935654564154,11.114443373056442
agm005859459,12.97179232298055,14.27022384886403
agm005860117,11.042364476194676,4.647960892720953
agm005860125,11.03748052073153,4.95128660836381
agm005860319,11.069491749000028,4.349552669707624
agm005861058,14.98064836157941,13.157376693841064
agm005862598,9.789689405850952,2.8036494123718696
agm005863937,10.724181950751406,7.766548338272511
agm005863960,14.124328814660801,13.94308344901679
agm005865564,12.679102331374054,10.437896086751934
agm005867674,12.800886613709707,9.898547749690248
agm005869357,8.467507924543483,3.946432725511073
agm005869431,14.198805357937836,12.373953305932867
agm005870004,12.585107630814921,12.759756380515169
agm005870626,14.651212459347615,8.817305770985229
agm005871461,13.13381818198059,15.291466163890998
agm005871482,13.11679759896118,6.840969888027911
agm005871991,10.245061655428925,3.4543588701166557
agm005872767,7.541024031093496,0.674534384380325
agm005872868,11.492020635869615,3.0362331233572943
agm005872917,14.129120388543003,13.064767735274463
agm005872922,13.5920885560054,12.488158059704675
agm005873533,10.364521665888697,10.198128369534745
agm005873667,13.624849651354547,13.905904224275673
agm005873811,13.593468545277862,12.579825310509644
agm005873863,7.4263104835295755,1.337953339261445
agm005874133,12.881380995173172,11.610728098645465
agm005874660,8.473237713748496,5.338024712979999
agm005880011,11.168814521495882,6.245899346351696
agm005880071,13.830776898385034,10.94842872602888
agm005885787,10.431239857750471,3.166862283510561
agm005887875,11.55764105419287,6.648503853716645
agm005889108,11.179270727963203,9.658016768727801
agm005889608,15.250437057617232,11.018193595887082
agm005889835,14.841828857750073,11.336674873722453
agm005890309,15.337164405413032,13.029500798247517
agm005890346,14.816098420948824,11.993753121791043
agm005890499,13.96325410544191,8.879657176592282
agm005890660,14.96290093628071,12.926884520999197
agm005890673,14.483224848643232,12.341797055479384
agm005890866,15.050264760894079,12.722248385750582
agm005891401,15.789450341110319,14.165669013175291
agm005891419,15.811185557252655,14.18734863027821
agm005891906,15.838159572143894,13.948746718569526
agm005891937,15.475399541422126,13.393967438605488
agm005892036,16.65531389195496,14.676470705276182
agm005892166,15.81913752461437,13.862012474848326
agm005892258,15.968994489251978,13.953480815424046
agm005892870,12.432246523801135,1.5393368749700613
agm005893875,12.456896898533367,11.093460404237758
agm005894750,13.257710730874345,11.784747168688503
agm005894769,12.6035892631847,11.158642299783612
agm005896020,11.139781668594997,9.552719215359115
agm005897429,15.044228054011501,14.202117103912764
agm005897791,9.415467742716283,5.089620967068403
agm005898686,12.571915550041565,9.366669541723844
agm005899816,11.467888252860122,7.73343421415116
agm005901596,13.646696804676798,11.642022205947956
agm005903358,11.82815067220604,9.67511039079918
agm005904311,12.433336522432883,9.990682245481597
agm005905659,10.115398454209553,4.803428196916504
agm005906452,12.900946641188531,10.379980771881499
agm005906505,12.620009175391894,10.923339662415842
agm005906609,15.36514916945739,11.844556901783287
agm005906860,12.606427430679437,6.34464316362573
agm005906936,13.16531345607764,7.907433964356194
agm005906955,14.102710491553454,13.823640933550031
agm005907060,14.532310577031671,13.792617117315018
agm005907070,13.730686568239157,12.75756464732419
agm005907111,16.023388899328207,16.156161390985428
agm005907220,13.76005204736584,12.253330814280153
agm005907305,12.296864537244986,6.074541661696602
agm005907604,13.15728073450495,11.418581852295317
agm005907820,12.3124022782416,8.89239508412035
agm005907952,13.982133663044541,12.457009125020397
agm005908029,13.541420880507763,12.06009900063463
agm005908170,13.39135093606024,11.929239261719935
agm005908360,14.622178797410987,13.144220739536514
agm005908417,14.612435641469533,13.405584102762967
agm005908519,12.858131308411119,11.56358421289888
agm005908539,13.843554399017158,12.396555817641813
agm005908570,13.017117647889181,11.640579010344348
agm005908735,9.301453392241488,9.911833534998198
agm005908886,8.99062162279245,1.9073075424951598
agm005908942,15.246387346526722,12.823476678589827
agm005908976,12.042614209400893,10.56787227589512
agm005909249,15.538533933309656,15.429365031800891
agm005909257,13.910192344860176,12.952437060110944
agm005909621,12.639136150302525,11.566775772301865
agm005909659,13.657871377485483,12.467647724196311
agm005909864,13.38044513249546,12.210778140211993
agm005910001,13.384730773973777,12.324530608825457
agm005910014,10.876085451664405,9.135348359024945
agm005910020,15.671607301999737,14.591112006590125
agm005910273,12.829607862129675,12.027829003995356
agm005910503,12.737436053873461,6.135692251521834
agm005910587,15.15191811961998,14.013828960867706
agm005910599,15.471379637005292,14.300014480886794
agm005910763,14.270139871131141,12.696923096401285
agm005910984,13.269103118130523,11.851276958784403
agm005911136,13.923137419328414,11.937739854444358
agm005911184,13.392403831413198,11.430982148047415
agm005911198,12.793057186221347,11.355786232287533
agm005911217,12.884784263184507,11.44395168332103
agm005911233,16.5652109074491,16.496268057010763
agm005911238,14.294287580431893,13.219356057778286
agm005911254,14.423390626583329,13.310417848400435
agm005911350,13.53692678572647,12.596868253499515
agm005911768,13.598505080987158,12.62168097375371
agm005912660,11.376268831572526,6.031738964350512
agm005912820,10.462354636767708,3.837502134071201
agm005913767,12.932452422643678,10.28041561633848
agm005913768,8.131355626722602,0.8729076555260363
agm005913782,12.70712171039587,9.09307280625881
agm005913810,9.206974760409903,6.48979278819945
agm005915138,15.297537025076542,12.864131118187828
agm005915563,11.077955944849473,6.7949577452537895
agm005917845,11.287169589706878,7.20377921057665
agm005918172,12.659576786768996,9.347089461046068
agm005918230,12.905275314506179,9.040934431650426
agm005918235,13.131534279429593,8.288995272497237
agm005920035,12.075246996045822,10.973375731084602
agm005920143,16.141039400541786,16.810564260448643
agm005920174,11.006320254904054,10.111489065587232
agm005920861,11.972721420605303,4.084698843214535
agm005921498,13.964331972264036,12.820192663173522
agm005921526,17.006431083822275,17.22913299295013
agm005922134,11.679078412337493,6.866360706957643
agm005922224,13.916887437126274,12.500154530164377
agm005922304,11.350504193034137,5.706623701728442
agm005922505,13.052811847765108,10.347902432786137
agm005923438,10.662900586308783,4.649951457074243
agm005925240,11.654702772926308,8.126890916571291
agm005925277,12.825634254268778,10.420381713204012
agm005925301,12.164500209999956,0.9733205874410288
agm005925556,13.073520168686631,11.044102948396198
agm005925670,11.69972781869009,8.645272693460154
agm005925683,13.227608304222866,10.938711938305488
agm005925810,13.019674373702859,10.478157171176168
agm005926294,12.284669936504299,10.5178669640418
agm005926523,13.29991267864978,11.843621339069248
agm005926644,12.977422921955636,11.58857569081321
agm005926693,13.649155580986257,12.066474979776357
agm005926731,13.200772134436471,11.769041653396917
agm005926796,9.845489759949157,4.384347545307394
agm005926811,12.2631888462213,14.30887764613188
agm005926930,13.60199021953127,12.4179898460039
agm005926986,13.625883885002455,12.439244212819386
agm005927101,13.320897534168585,12.052624622679755
agm005927199,13.61919118861062,11.285481919793863
agm005927659,12.331018623171005,4.45527084732264
agm005927748,10.81741942098903,9.249045595688303
agm005927765,11.360207126910447,7.152884739420573
agm005927847,14.327752197465704,12.310157414569693
agm005928127,14.713736602955828,13.698327147308865
agm005928272,14.085345687909486,13.031952151911053
agm005928287,14.769748704467194,13.679920131186913
agm005928304,14.251851377872262,13.152565474431109
agm005928352,15.255716674318984,13.01164324265839
agm005930089,14.220701121359658,12.60532598294454
agm005930593,4.960332257670143,1.8948887860277117
agm005930808,11.844346730077202,3.613052841236917
agm005931994,10.028899668724433,8.615951485287455
agm005932597,10.405618895979766,3.2839090718949877
agm005932741,9.986242929206252,4.688636110421581
agm005933040,12.422256757240786,9.33848925038585
agm005933131,12.17378098784021,9.541565503764067
agm005933229,13.897524490959249,12.534432502000138
agm005933259,12.99255883889832,11.707126609191134
agm005933278,13.134744498713223,11.831012608439686
agm005933313,11.065541764616022,8.479588021668858
agm005933324,15.191322144782077,16.844454121903485
agm005933663,13.064376017643271,11.284795512180912
agm005933669,12.61715462541185,10.838610476138124
agm005933729,11.840063459195475,10.155993865091967
agm005933813,9.718689198687338,5.410749050729493
agm005934095,12.700340609497276,11.252898016251153
agm005934098,12.763123435632314,6.454718643782376
agm005934107,12.969189973925552,7.573799614683186
agm005934800,13.565047776812584,12.473901271949797
agm005935726,12.772886712571548,5.758500775850568
agm005937019,12.172469899929332,7.46713303448832
agm005937123,11.307233054455345,9.293237097891225
agm005938182,10.245203676570647,7.71723839065441
agm005938437,9.201446427917908,2.825303434170466
agm005938558,8.219006382383682,1.5345054236864233
agm005938677,8.0322344400581,1.2867120450752065
agm005938690,7.993126874546831,1.2721334739927646
agm005939227,10.480345652538613,3.283234499831482
agm005939355,14.030805688095516,8.565934273091898
agm005939578,10.738641176953726,7.784860971256167
agm005940104,14.57309635459371,8.381697735291377
agm005942162,12.329823411306602,7.747466220031062
agm005944335,12.926128755980676,11.376475887259152
agm005947483,13.840702128545308,7.679211403159488
agm005947570,12.787355221771353,5.665394379433477
agm005949803,11.511372525207133,7.674435253546288
agm005950105,11.512854742592381,8.347184486294818
agm005950177,12.383482561311734,10.29073225804704
agm005950314,10.328993003974865,6.195486948552531
agm005955974,13.435314469069178,7.5156645644483415
agm005956255,11.491254320230283,7.106106651349256
agm005956505,8.864671994064913,6.525229831944614
agm005956720,8.897750388859667,6.581389622989919
agm005956956,12.827072492005678,7.0943241117137905
agm005957118,13.368745442605775,4.295722173143562
agm005958042,12.093161038415271,11.221474573570145
agm005958548,8.18306526411062,4.3335617080389
agm005958612,5.021810332857331,1.0154306476788313
agm005958793,13.594316394119668,13.218761197869412
agm005959307,10.923448703731129,8.241178663871551
agm005959732,13.97977797221392,7.214690549837172
agm005960128,14.073504784006278,7.989815321907878
agm005963512,11.155128966654363,10.52739895872795
agm005965254,11.814283461378697,10.13952126489394
agm005965295,10.544128724719542,6.525338199559663
agm005965482,12.993576558162024,13.492418471280207
agm005972045,13.737269650485725,11.175475546856921
agm005972058,14.722506569547738,14.607998147004361
agm005972133,12.39707807785749,10.063640163421644
agm005972172,11.722061126209692,8.579622238475208
agm005972311,12.376165123925269,10.836162859912887
agm005972584,10.871190930671329,7.840166728614728
agm005972626,11.80817360402213,8.071787810697707
agm005972680,12.521773593975443,10.113408563065244
agm005973134,11.12977391866303,7.682081938563853
agm005973181,11.566677405152943,11.262165184012762
agm005973259,13.264910362458602,12.760909040342677
agm005974023,13.18498166443267,10.925498338009886
agm006185041,16.458879932581176,18.10885974012404
agm006244508,5.271590695881996,0.7922869810653111
agm006244514,7.137354757642143,3.1754727274410386
agm006250425,4.2863811859420995,-0.32485341725932954
agm006375724,5.351104432152242,1.4424950659213684
agm006380137,6.816726771787877,7.314203281844571
agm006380305,8.602155288580585,9.156069737980006
agm006381615,6.246607372396714,3.542733548469536
agm006387056,9.765875200722336,6.190195376585592
agm006391904,9.496215884449898,6.351456841802747
agm006405482,8.017378426222876,0.42027176576756775
agm006419766,11.903270233335911,12.833994513589795
agm006421402,7.338509548539706,2.4176260512032526
agm006464260,10.658791726185758,9.081729519440104
agm006471507,8.420759325013368,5.039552050602339
agm006498905,7.7620560930567,4.510302610453508
agm006527518,9.923095539471868,6.293086390235466
agm006616162,5.842178110459072,0.5351367440689749
agm006617266,11.237655742526213,11.350476000663429
agm006620029,10.453971847127656,4.612292813061511
agm006631948,5.694517779026273,0.5906131120352628
agm006632236,5.525170756448154,-0.08738772048304237
agm006633476,6.2569397306692265,2.7187931339980715
agm006668187,8.734181840909814,3.693208337379051
agm006675001,6.059651317688197,-1.7992525358889813
agm006675723,9.239063258485144,7.1917001269681515
agm006676269,7.933169232482215,2.623535737237249
agm006716390,8.295619023160564,2.567895444326247
agm006716895,8.692754552485296,5.456129967434514
agm006716973,8.413619957188242,6.129310526673959
agm006824546,7.787223621054954,1.3639939107004053
agm006907774,9.847851506242717,8.518795155176926
agm006912301,9.55818998325654,4.836770179519008
agm006912508,10.011475795416882,4.80715896268173
agm006940460,9.069704062439214,3.751226711872961
agm006979682,10.209048432323195,4.328131799736513
agm006982603,9.822994237570038,6.103912979218317
agm006982826,8.14744876490064,1.5278687070068706
agm006983364,9.582182027093848,4.679979221199726
agm006993993,8.3299219216979,4.08307028769224
agm007043693,10.012963050876138,6.459424395718333
agm007044399,8.623111599516397,3.893131227183364
agm007044488,9.602281827105513,5.736619986841443
agm007044521,9.085657202217806,5.0063672730963376
agm007045279,9.829229861102212,6.570589252266656
agm007049514,11.410343615190603,9.705129203539363
agm007056727,9.814509976594662,5.724941605481945
agm007075807,9.697137869051216,3.60541667236828
agm007076130,10.519703790965018,9.214973388231831
agm007076918,8.13285113872808,2.4022803961447856
agm007080800,8.026399735538769,3.193818804761519
agm007081128,11.265792540738627,7.247905487365605
agm007100780,9.696553736747907,8.735929856141961
agm007288464,8.17801762819887,2.3031928202388117
agm007305751,10.707200314642488,7.384438077688553
agm007308847,11.003764446179186,6.270962032802932
agm007309702,10.668606996187368,7.223078448596294
agm007323518,10.850902556511075,10.109663037675169
agm007381324,8.908868356398544,3.8037020340832797
agm007383408,6.617123869756998,2.8793266167306317
agm007385582,8.022531556196792,7.01439752621747
agm007532809,9.738880989490012,4.762870122780647
agm007533558,10.31181077649274,6.032656242856413
agm007534159,8.301539958237413,1.6539212627837943
agm007534170,9.775234677253477,2.6953295524305023
agm007534307,10.761482036085793,4.487686492931406
agm007549370,9.036558153607512,6.215365231265865
agm007553548,9.222872434921264,3.2154258549708388
agm007584816,8.83978647044755,5.534783759800735
agm007590735,7.791859336865945,5.803728944762695
agm007590751,9.61109640202727,8.271871719071521
agm007593545,8.988258226176267,9.015105957111079
agm007836839,13.33777621795954,12.364826866339872
agm007837299,13.045921258758574,12.039790648573923
agm007841331,14.290573082552791,12.958132044494132
agm007857457,12.926241194009283,7.144724617841165
agm007872444,14.962546605202988,16.084814213190803
agm007891523,12.024184887164521,11.626098203003815
agm007899943,11.132548397198716,2.2315506638315923
agm007905760,15.478907125369338,17.183087344346095
agm007939000,13.906841711836345,11.921258929146711
agm007939455,14.131543342944658,12.808443742299001
agm007943225,14.627151157477376,13.405044486781332
agm007943412,13.377427925499287,12.37378644319764
agm007943979,11.749560803977065,9.889961839457552
agm007953709,11.177692945764985,4.893822741889929
agm007955303,14.947663705973516,17.849662341355902
agm007955453,13.340471139913712,11.378571284495722
agm007955593,14.601544727646566,13.118395595886568
agm007955598,14.253867750217253,12.845529772495087
agm007956468,12.961501766173168,12.014553247239816
agm007956545,13.108313138655651,11.434919556082203
agm007956576,13.877651574377804,12.759506166993845
agm007956722,13.046600818281405,12.039944263230614
agm007975486,12.970425014332747,11.94910713187154
agm007979304,12.779284382046793,2.767261502384722
agm007998851,9.481023662744699,5.51782411281807
agm007998893,11.266305702107623,3.6809161667622354
agm007999104,14.182818006378957,13.016985160577585
agm007999154,13.52293597797654,12.529651096828237
agm007999225,12.968830387341084,11.948892153419713
agm008001808,11.012241377217599,11.624386875657953
agm008003242,13.135313791547176,12.116738869820963
agm008004413,11.701252940410692,8.297014406848268
agm008010851,9.328612530235585,2.12496399129779
agm008012955,13.143182705307572,11.66137658974435
agm008014034,12.5793259958512,12.131064843548
agm008015918,14.022379923533748,12.09559248480525
agm008016287,13.907990822112533,12.767136496339658
agm008020423,12.891905280461495,9.732916456860602
agm008021582,14.225030702387418,15.241363327097288
agm008021714,13.638713141750182,15.292622164530508
agm008021786,14.752320881159749,11.7549719577436
agm008022428,15.342365656930463,12.207998359408597
agm008023310,10.941208199247034,1.9670829791998738
agm008023384,12.601090944182458,6.554132808489975
agm008024720,13.580634148314187,11.213319820906062
agm008029827,6.7998265787014,6.491165145088583
agm008031180,12.679817769760774,12.628697026869212
agm008032343,10.267841337813369,5.011893326427856
agm008032367,11.103388679384487,6.463700668957159
agm008032389,11.58231516379031,6.41715567401015
agm008032450,14.497226144481333,13.332233102534746
agm008033151,14.04073363589638,12.805584282763661
agm008034326,13.931425548883123,12.288713196629578
agm008036097,14.453138023433542,14.663753534175122
agm008037988,15.059874371262266,18.969375725829973
agm008042403,13.48003631003832,13.811427420523056
agm008042460,14.458445920391217,13.26557069986849
agm008045481,13.599515059068496,12.529250918639294
agm008045564,13.679971386525283,12.623542849279604
agm008047555,13.872378292910321,12.448023518953505
agm008047717,11.93290624481615,8.878445406223719
agm008048072,13.290234815398119,12.304513752290609
agm008049199,11.441840637264987,5.5514794537877705
agm008049815,12.813423402956241,2.504408608382858
agm008049952,12.67037130032463,4.012902451752924
agm008050601,11.823212085363986,9.848752517901724
agm008051615,10.649415134530786,2.9247157767724183
agm008052549,13.244625613031326,11.24057236805509
agm008060396,14.672310895548188,13.248924553456272
agm008061010,13.04428320699281,12.098246281221163
agm008061071,13.511107562729292,12.367843650995992
agm008062538,13.913676328513835,12.101383059988358
agm008062985,14.239716594390696,12.737313531260337
agm008063638,13.098436720871039,12.14115434612823
agm008072144,14.421400127957845,16.687786816925534
agm008073622,13.302893909992378,12.216452720130306
agm008073719,13.749512957300064,12.66165624277832
agm008073831,14.2974952823247,13.137544747696134
agm008073960,14.288065934079308,13.119610345598621
agm008074129,12.797977614868712,11.846500339912092
agm008074199,13.15144437962582,12.165921656447981
agm008074355,9.38874022682108,0.45752449592951433
agm008076156,13.295899124092596,12.30799309221474
agm008076716,15.061406541461025,13.836786120225531
agm008078054,12.511849860432047,8.76081440309396
agm008078715,8.011256901846288,2.440517958667904
agm008083608,12.713543513720548,12.546692457953002
agm008084858,12.36637942994545,9.447257373019076
agm008085817,15.047613921402789,13.653142562494427
agm008088625,14.187429536884741,17.39138587346877
agm008089403,13.73249187559205,12.543698080924282
agm008089523,13.559497268007153,12.345686816208232
agm008091246,16.68338883351231,16.549738130010482
agm008091258,16.66338957881444,16.540623045979274
agm008091491,10.778704806009625,13.495520231977054
agm008094241,12.344471695678031,2.1399393328040164
agm008094354,10.867286405329072,3.5891479277813247
agm008095392,14.13680374769433,12.694020503563527
agm008095431,14.1518636919786,13.109596671946502
agm008095483,13.612364358932757,12.225159511668776
agm008099709,15.187747793026077,14.73881427585805
agm008100736,11.849590580792286,12.565177352812093
agm008107755,12.357188572372475,2.381497612880348
agm008107897,12.229880790272961,3.060406702258196
agm008108716,12.038449988080071,0.6406575566183264
agm008109249,9.705449841340048,0.960782426121888
agm008111726,14.541633199150855,16.281535494964295
agm008111762,12.660555969190586,13.356295184926733
agm008118541,14.461475760659265,13.256357569707555
agm008123339,12.950986294782975,6.324471223529893
agm008134744,13.176753114114737,12.201032585678176
agm008135991,11.019971829808965,1.565062153466652
agm008138810,14.231907241306223,12.867530962259387
agm008139018,13.007999925056096,11.005973092848715
agm008140436,13.575856635330306,12.554259996598534
agm008140633,12.997759549180264,12.02988406019331
agm008141670,11.183065021999601,7.157427724347831
agm008143940,13.544337713936466,12.546158417728764
agm008144658,13.102721486934122,12.152114592417577
agm008146668,10.938140729429582,11.443603900023538
agm008147758,11.665725093630272,14.76780080628169
agm008148637,9.65114109016863,0.9881508965038451
agm008152052,14.977808116860858,13.723235982033744
agm008152131,13.293724074174463,12.281298009587298
agm008152185,14.326035557846149,12.878426556554247
agm008152303,13.105572469828305,12.152239444111144
agm008153544,9.265870967177323,7.937834962800113
agm008159153,11.008735729306265,8.005736906239047
agm008159848,12.620927385384705,3.9766768335407314
agm008159901,12.450084645532348,3.8036239631027655
agm008160735,11.479965180965921,2.8572058574840633
agm008161821,10.760411457619826,9.420191432933832
agm008168424,14.27436104907604,13.110142341092434
agm008175934,12.219712404498262,3.618958792506272
agm008194169,12.674122245196026,3.790970027331454
agm008199382,12.972763310533423,14.186350630503492
agm008203900,14.566098870546062,14.855725278437099
agm008205227,13.35568944694868,12.303600178138295
agm008205935,13.70050907099086,12.677480850463603
agm008215645,12.740129760821368,11.2830482523284
agm008216416,13.240339885242832,10.938683439711719
agm008218537,8.572132916859946,4.587193299093838
agm008225828,14.437951804449495,12.890222212144623
agm008245098,9.827338035329802,8.332681718103652
agm008252295,14.912644755207731,10.985077995614999
agm008253035,13.10008730103253,12.12012000874156
agm008253117,13.173726981574356,12.180912047187133
agm008259123,11.183306436122123,9.446223192993587
agm009628081,12.607542511439954,6.257525663131295
agm009902156,12.066975088154527,1.6057469913697666
agm010132175,12.869540706947815,10.758897578736848
agm010132331,13.51661436290825,11.992921264688286
agm010139614,13.43069153969258,12.415013752702977
agm010143864,14.0185335168741,15.18687043248824
agm010152592,14.425626639741024,13.842924811031502
agm010154292,12.80920620909022,11.874359015458959
agm010154546,11.118259089659801,4.735840789176058
agm010158754,10.429317154985247,5.74803599659829
agm010163645,9.350540600646632,1.6404989187488652
agm010165822,13.399759156816561,11.637590349921158
agm010167437,12.800099870233666,12.636207132880843
agm010170525,13.101306705193517,12.11979392243024
agm010171452,13.798995626090583,13.70705156574206
agm010174870,13.237912443522509,12.249415824985292
agm010176768,14.176901015955561,13.032965218804907
agm010181312,13.128811896543247,10.843542319604063
agm010182303,14.603938675680647,13.022972540771974
agm010182397,13.013288907915102,10.729764105560191
agm010182911,13.4117268853131,12.382733710828271
agm010184473,8.045952688595685,1.1915715240271798
agm010184881,13.523763794592591,12.460867941194271
agm010185167,13.829806046810031,12.481295853897883
agm010185701,12.988416977791635,2.595523269337034
agm010186039,13.145088240125022,12.166833847196733
agm010186361,13.924572709036296,12.542376751245127
agm010187722,13.326335656828224,12.24555555781639
agm010188473,13.976080279595593,12.582736591338556
agm010188609,13.859882254687898,12.73698897237096
agm010190999,13.028173548232035,10.864522325337518
agm010191080,12.325400778142333,7.861253185512304
agm010192263,13.037772466348931,11.992819106991746
agm010192272,12.997508537246034,11.71546300968072
agm010192480,13.680362817051646,12.611476036312512
agm010192624,14.57658278484385,13.073623350858492
agm010193584,13.8540128856254,12.774521956006337
agm010193744,13.057510747708323,12.038570890507746
agm010194062,13.159380177996448,12.061282496430936
agm010195028,12.90088157256466,11.98968481879201
agm010195165,10.731208883498155,4.321488757315941
agm010195412,11.161379552238772,9.283615312782045
agm010195919,14.962953924791478,13.677068002272401
agm010196620,14.526581984607356,12.961731435240258
agm010196640,12.516299178377084,7.897587368321325
agm010196743,13.016400402202526,11.995595462034807
agm010196937,13.13410668881231,12.123015459989002
agm010197421,13.019095905167905,11.312287615546019
agm010197690,12.961994341754048,11.213820516531525
agm010198733,13.489513772326678,12.466385166681963
agm010200197,14.976022916088121,13.677937447353932
agm010200779,15.119889766816,14.48041226946283
agm010200959,13.80947447357484,12.491318282451527
agm010200976,14.435465498104714,13.238868291243493
agm010201574,11.790271615132632,10.810438318876487
agm010201872,14.117422036991961,12.976197923893748
agm010201952,15.838858207816804,17.219366130468423
agm010203349,14.294352052661308,13.12543854982255
agm010203617,13.49039769356363,13.660699496980222
agm010204294,11.934900060388602,8.886610610960041
agm010205616,14.20984857784746,12.65212416131886
agm010206631,14.066222161303457,12.962902131874017
agm010206765,11.097027780720792,8.406087830674506
agm010208359,11.954167426104169,8.91083253317799
agm010208499,13.981672223845955,12.645976554558315
agm010211755,13.659325382015304,12.19743581565688
agm010213342,13.39346563014022,12.311100317122543
agm010213876,10.141969730225885,9.048303603749462
agm010216264,11.409397949316714,7.671500511441877
agm010216324,11.56831067642487,0.38460476533603344
agm010216555,10.09939500001707,0.8502822195669602
agm010216878,15.742392646350305,16.401006110898113
agm011088416,14.044848033649776,13.577364998032099
agm011089396,12.841843932187015,11.64728645236619
agm011090087,11.348099650441705,10.164313892724817
agm011090679,11.990460156493034,10.809643177431568
agm011090743,12.798547036736071,11.739142400678446
agm011090856,14.43634264357504,13.817057133530145
agm011138262,12.054260474435656,13.135989440638108
agm011138351,7.216053962249238,6.3497261880575815
agm011441659,13.145733176053074,12.102833321169129
agm011468141,13.494842339983256,12.298794772759372
agm011473752,14.050339197507162,12.68226788563815
agm011600447,13.07399035237179,11.183546352059844
agm011696424,11.93738730396097,9.716930719574018
agm012004566,11.034943966733154,2.1222501374955214
agm012021056,12.998420852235602,12.518143373715587
agm012103479,10.544872363399554,2.4651997833704073
agm012110299,13.765151815696663,12.995030258438376
agm012113023,9.775203036448742,3.5348989030668947
agm012122720,10.487967775066684,3.6393717170284
agm012192686,14.00513870353536,12.930042976130542
agm012310534,14.267889786911688,14.158238051662067
agm012332217,12.246342118705364,7.289804628792983
agm012401136,13.496983973129234,9.70055508553802
agm012403874,12.962230911247332,11.450924900320924
agm012413505,10.752297419307665,3.801288069770694
agm012521189,12.497692441789901,7.44508704052171
agm012560804,9.585974975772748,4.611548213932138
agm012567960,10.793085479569438,6.487643236852944
agm012640057,13.99040864971387,11.269406295079735
agm012737521,15.374225128056105,11.171173738401441
agm012767450,10.854226801086886,6.9614721666231505
agm012779727,9.587227979033148,4.469967071767726
agm012854090,12.410246970667638,12.49503769176289
agm012908513,13.819921319803713,9.542231524280346
agm012923806,12.901725481814637,8.566184020873317
agm012977330,10.419678345566417,13.894141321733963
agm013160744,12.846785753386373,8.756839495205023
agm013173269,9.417373695335856,7.168164390656156
agm013220847,14.324057781640958,12.52945518159504
agm013349247,9.139685854432917,5.656126093052784
agm013362151,12.967688590843343,9.260888344672397
agm013386778,14.109747393133553,12.25068992629904
agm013462024,10.146377560911638,5.592237014925274
agm013688730,12.98050929443165,12.530764165867055
agm013852420,13.913534457447001,11.564930185997149
agm013873763,10.376469855028631,2.140259514748699
agm013916012,13.12166715832163,12.649144928916952
agm013938164,11.808543405394023,11.623238144933143
agm013975329,15.807912011556141,11.806960461424032
agm014137181,14.870487703179581,13.501058874072408
agm014170057,9.826024432936842,2.87503243687368
agm014179099,13.835665721112484,12.576807320054822
agm014193852,10.007237530095999,3.0856915718502433
agm014199315,12.433071769696253,5.485991399083064
agm014304090,14.638031453343084,13.280378974146412
agm014345390,11.43968682244908,5.258144420022248
agm014407251,11.526493479543726,8.194094368000535
agm014432366,14.490278427561753,12.034368851425171
agm014479225,13.688681739677259,11.660901404654771
agm014524328,10.212148235644278,5.676287225958149
agm014578292,14.364692282229914,13.055774086589178
agm014599556,11.272921299281771,10.61618585936362
agm014713500,9.380488419799258,3.080477113484639
agm014777643,12.83508710876308,5.381842885121108
agm014793546,9.289858747331946,2.5801949936860495
agm014808984,10.494425105069404,7.427243004623476
agm014853698,10.615156031669487,5.999591307512791
agm014869037,11.085422465872178,7.097185068113196
agm014915092,11.87904243661232,11.302596976588205
agm015170817,8.694067769815776,3.392761352631284
agm015201282,12.719933390921321,6.734880315779904
agm015207847,13.7102418707096,12.344778684581168
agm015219380,11.666940650286461,7.979014856676922
agm015374207,12.156260060534375,2.8648273625159035
agm015386376,8.273591429376012,1.7373347716005767
agm015510645,14.377829939104013,11.80347207276497
agm015601434,14.471234735289,12.251310371716128
agm015603685,14.082278695942485,13.31942777298974
agm015725705,13.668766982990853,10.697682447445255
agm015775660,14.670676390226802,14.061743858338126
agm015788544,12.17072493076009,9.834161228832357
agm016203725,10.487607860418233,4.18539349974735
agm016261994,12.891367564377768,7.571761984859537
agm016452139,9.888565165584858,2.7579608897484853
agm016488082,12.296250080590655,10.912855950284294
agm016520661,9.401888159153318,0.5347219373635118
agm016692370,9.863999229021665,5.197221540547143
agm017108216,11.866543700405188,2.4228433244055645
agm017358307,13.202348433869622,8.448110784849234
agm017383628,12.554814828298005,6.890955949666032
agm017578893,11.245939419934693,9.705962034481248
agm017787461,13.474522021550003,12.423319975923265
agm017910208,11.752031247799627,8.780301861690887
agm018237147,11.577043968178394,7.515862310638219
agm018312543,11.071788512725105,3.9072932721563434
agm018630176,12.44986011705911,7.0313012251424825
agm018672718,10.608593017805433,9.11721278630849
agm018846712,9.706830848043419,2.463904889821779
agm019052755,11.927472225640702,7.880829972451691
agm019058405,12.819884351939123,10.367639942462358
agm019277158,12.271921764070763,6.73986228125558
agm019325283,13.903202106445566,13.063967220444713
agm019327468,12.710737073583715,6.779836142104291
agm019383947,15.617364277453532,13.064181300397179
agm019384904,12.573298861885927,8.2986105297532
agm019390409,14.22696572427742,12.299519573949109
agm019391716,14.47273831099628,11.782215563175203
agm019396523,13.640037201534478,12.073384262795017
agm019428951,12.869341961923078,7.504262856136549
agm019507614,12.806524526682754,9.702230710717167
agm019573091,14.52198504947121,11.359279953185366
agm019573858,11.198844875916965,6.487304325518163
agm019789883,13.26863401785851,11.087751853134671
agm019944708,14.519312512288604,11.922523445520495
agm019957202,13.421065948451568,12.329816421397599
agm020007692,15.001344811426534,9.346955988016376
agm020149089,13.53554128320353,11.75495051229982
agm020266597,8.420328093551811,6.090168942590356
agm020267873,12.015676175173065,4.517236121610068
agm020287097,7.939949374308511,-0.94644034230796
agm020554470,12.356937663871777,7.052232414486393
agm020590753,12.826157867991219,10.312114867451383
agm020702133,8.324589921537962,0.27499840554964194
agm020842886,6.662032353214937,0.0013203431520428428
agm021097834,10.163980397993443,2.5681794210009166
agm021177519,13.275684919806968,12.311985506373679
agm021243229,10.671651676926666,6.5421960996956345
agm021258972,11.537444925322617,8.132681159623978
agm022169397,11.024382711699229,7.733062866756188
agm023579109,12.738582925989608,12.749064154164204
agm028360408,12.41662566945912,4.936221415194133
agm031053121,9.204677369086948,2.301905190096002
agm031076615,10.91731862935554,7.68563318606243
agm031081640,11.242338449590463,5.75368969358449
agm031134027,14.886773270602417,15.351641646810505
agm031181492,14.002587089585875,12.204643508122848
agm031197498,10.838539296827886,7.454072963443318
agm031226091,13.209245478942744,11.206447449867689
agm031366540,13.767298425692319,12.98096215483365
agm031416881,12.02155497509028,10.380590242823743
agm031513630,11.980155783863502,5.607683997562719
agm031632681,13.357224358256259,9.072017612200538
agm031779785,13.44415857450793,4.82126202689552
agm031792319,12.319368207867463,4.368647784099996
agm031812705,15.095041466977001,10.973913972127294
agm031819539,13.09372065190935,7.900109130718701
agm031855991,11.378571199842,7.674399339271403
agm031881173,12.681646467356984,6.5089538098725015
agm032006245,12.192875024051034,7.5789492520951285
agm032075365,9.95076861323364,6.82690302765721
agm032116309,10.710377762332966,4.2306658965267046
agm032210382,12.737197920429663,5.858846532495643
agm032270065,12.703717423771671,6.770191740093902
agm032281107,9.05400154087663,3.3653774876920886
agm032302034,9.794363209144722,4.402114340423661
agm032414126,14.991125951420246,14.561535187937956
agm032478274,13.72897818077432,13.734531886309584
agm032551116,7.705096719790009,6.179761375061799
agm032558563,9.618239014581398,2.0438103981878903
agm032739509,9.874504992806722,4.978842413929079
agm032764363,14.451890447851305,13.857951545988874
agm032770781,12.492429685538406,6.211004686771202
agm032796661,13.16274627560415,6.416594757063976
agm032841206,12.131163298222013,4.2011581534914795
agm032871362,14.14793860381385,11.643264777102376
agm033074582,12.396365879002445,6.828937065612567
agm033132677,9.287158805540798,5.24368534153995
agm033134656,10.885630227127988,6.51532922421744
agm033139417,14.03963207781429,12.934600395701006
agm033139550,15.62703226534881,10.901380772728091
agm033142293,11.96685524505024,4.699613879467573
agm033380449,11.746884787664401,5.627744994334097
agm033380460,11.858270063727476,11.176719200165358
agm033404383,12.403482901017368,7.107564282472005
agm033417768,11.966649833062027,7.204214416570539
agm033424924,14.970980103733936,14.805787708165719
agm033505843,12.073126551357353,6.939694731715221
agm033545494,11.603421033365203,8.651706843556953
agm033548110,9.557540406254697,6.160191632995173
agm033548266,10.937211188909073,6.54962900698177
agm033562785,14.323351900132948,11.78906443542732
agm033578838,10.713355898716655,5.664718347875696
agm033635963,15.496057296434335,17.393386709193006
agm033671908,18.5478862760279,15.791545970400618
agm033718521,14.253517095972724,12.771110189317378
agm033746396,11.988259425039907,4.333447999743306
agm033820258,9.604701832459456,5.890386282098073
agm033903286,17.818115211548626,16.74612522723817
agm033976844,12.459129061754771,8.117041344498361
agm033996079,11.272728587762861,7.572358188218328
agm034019527,14.288864087336092,13.539740622893424
agm034184582,9.32888736289979,4.756084168690879
agm034293206,12.270133550785014,6.912318230691137
agm034308768,10.680296238264646,4.783173836589421
agm034338280,12.986463669217875,11.046708904123008
agm034373268,8.252548883510196,2.747747786977149
agm034415352,13.748475684941768,10.813119851574553
agm034416781,14.117548256025835,11.873384951628182
agm034492254,13.67374657602557,12.064247266999166
agm034594732,10.362448607997063,1.326572837464255
agm034712438,11.849571536067996,7.812699360794137
agm034717620,13.666539613426531,12.88053096655438
agm034743584,11.984842689896288,4.354142518529609
agm034755995,9.391429148865292,4.097348784812965
agm034787686,12.257490831943471,10.969247543405402
agm034795397,15.189588955014171,16.128774018414372
agm034835730,9.149786794306179,4.7491965728949745
agm034875450,12.845798193966482,12.867770343459405
agm034878806,14.69050877391887,10.782226484619484
agm034879118,13.595441769751318,12.030790848547605
agm034909723,9.527465955151236,7.318659506874273
agm034914590,13.52125964017811,11.577123671511865
agm034976681,10.848746201937159,5.549836772030855
agm035018476,14.22236340194081,12.448683261445806
agm035086558,12.813627727496899,9.702481855327175
agm035225697,10.442658764845602,3.995296266828447
agm035256291,13.079445986442765,11.19540579654121
agm035286771,11.495055550315307,7.303631883680573
agm035292838,11.965808363235338,6.1066855697824876
agm035330454,14.225682619960418,13.489931137552297
agm035336033,14.91690967437002,11.516266855876843
agm035354220,9.678823990782734,2.780415607374877
agm035403109,10.759214779646058,5.406316988779982
agm035444236,12.353118485960108,6.8735052923583
agm035545656,11.488475317456446,6.580412796510591
agm035628902,11.327104583732412,1.23049057600434
agm035722046,13.53261848146817,11.863859151140431
agm035757346,10.76428142717666,7.045194174619627
agm035790793,12.170935932209993,7.924570960131199
agm035917435,10.036226879072366,4.855749225630711
agm035972573,12.89900871474159,9.350429134439674
agm036069595,13.241640553804631,11.07438354364447
agm036210606,10.606161246158846,9.932875081010252
agm036341932,10.905450078368267,0.6889763772814786
agm036493029,12.403200356344263,12.314924033177741
agm036513268,14.721527286721981,13.260782812724555
agm036563554,15.240499576304394,15.280186523947103
agm036567873,10.118492153193701,3.951131143468853
agm036827060,14.568174454510876,14.162819003756402
agm036946266,10.049622823008955,4.103050828112605
agm036970084,12.970121942676139,13.822662120834918
agm037131534,9.902626210519292,5.328031275141536
agm037219545,11.572112793329529,7.434858527211067
agm037262586,13.104115744939762,12.372954579005425
agm037427117,9.732239842648193,0.5604412633119396
agm037485921,9.116762531538702,-1.6851385642182233
agm037535409,11.427650053147602,6.224553196686516
agm037634837,13.675385015560842,13.67789016314246
agm037641523,13.086556116438883,12.333583315341047
agm037757730,12.396799880951251,6.6162009946616465
agm037874556,13.097773569253803,11.204806899119978
agm037891295,10.316000831152813,3.8831060231798857
agm037930437,9.663788227146055,5.0251856477237915
agm038144242,11.905883109095816,6.118243887878353
agm038325840,12.70298192477072,6.770413587615667
agm038452895,13.79265758584034,12.218501598795408
agm038538948,11.958483472187444,2.2332010741323054
agm038619238,14.67727573681674,12.935341027181892
agm038643047,14.03950951463343,12.227259809522254
agm038798875,13.70941509589103,9.194913710342435
agm038827824,14.258556835395318,13.515532737810046
agm039079614,9.17353275511499,4.7861452696094275
agm039214096,11.679741691536444,7.94792110649793
agm039286936,13.351118694534177,6.584669731941261
agm039352188,14.938648827227,10.907565395553947
agm039384253,14.316858389856518,9.933844554752133
agm039391848,13.48572901460571,11.648266511852512
agm039392355,9.555126886267628,2.2683783260902195
agm039416217,12.071687383567893,4.629175668245753
agm039466187,12.00740687371728,7.312349993064546
agm039482009,11.223617862556514,7.584411786004285
agm039487101,8.451945208867501,5.2916348650223
agm039621957,11.05197255415609,5.71203219200092
agm039628245,11.961499767839038,10.638465597337222
agm039656398,10.356256813191514,4.875813096479281
agm039933136,14.296097092075726,12.508464125028844
agm040011824,11.09458396775942,4.669727660134903
agm040189302,10.418514887940905,3.4969803101134502
agm040214963,9.404135770047171,5.418049888538199
agm040435954,13.722037281765408,12.148868492845933
agm040444446,11.082004436179313,3.310898114695141
agm040463022,9.409739175610174,5.141162969321409
agm040518097,10.501681162298736,4.006903010868182
agm040627440,11.042530577848456,9.288762541249815
agm040645361,12.416000383340544,10.692692242108924
agm040675271,16.486833504837993,11.915870817721562
agm040796270,14.389555421731146,15.580850910736205
agm040809534,13.300568556798886,10.136332528845733
agm040810729,9.810684971270705,6.2514263095541445
agm040853550,12.497280283592938,7.992286336623853
agm040949986,11.390196652504542,6.441396446972422
agm041062834,9.463187794534948,4.167279610464072
agm041214832,12.990443111466988,7.0743552578770545
agm041237498,9.827818405889987,6.7387020402113516
agm041365543,12.466726441790998,12.199081859931225
agm041423230,12.047657383923463,11.815307439197246
agm041682032,13.288475155682178,8.862997695406474
agm041688826,12.565961424919827,5.6551242414645175
agm041699409,17.269516488287692,15.132382694486765
agm041726471,12.730021579363514,9.795025967279713
agm041793581,12.671544745921198,12.610574097385166
agm041918271,13.854220730204757,13.890644803087257
agm041977071,10.31396915200211,5.2225856203668135
agm042034097,9.293189079883003,0.7549918633980383
agm042110408,9.72517994752877,5.495018253933669
agm042146267,11.502396386572231,8.939985883766752
agm042232268,10.055031413472348,9.223152133058726
agm042271688,9.727825424544495,7.3082498588533245
agm042407943,16.49001653519146,14.061538294589964
agm042428579,10.12244133962949,6.173889373772816
agm042510531,10.35434544600026,2.3586853621920127
agm042736050,16.038562741860503,13.247270210162805
agm042832020,12.733618044397527,10.307057712470172
agm042918042,10.527988507147311,0.6084769920069917
agm043102424,16.357592495716727,13.923279296428056
agm043344049,12.031679825333462,9.452048720214778
agm043350123,9.201659957459025,1.8264443048162515
agm043577218,10.983025560195479,6.597191772581321
agm044603963,9.94737189176173,4.22483325866491
agm044758917,17.022965464414863,14.360193435094462
agm044992392,10.749628706828052,6.43783920796218
agm045249968,11.453322544765665,9.418725961057202
agm045298996,10.60671461318997,6.784744526243737
agm045949129,10.943745897526915,8.315678060996662
agm046066198,11.09370479708361,5.587568535942129
agm046071820,11.845376266831783,4.89353230500419
agm046093453,12.139029631215246,11.644949421686599
agm046110206,12.42183633486506,7.889187469807344
agm046232287,10.458623213879013,7.5226522920204415
agm046302397,10.033318518617326,4.520110082116864
agm046353452,7.5494886661798795,1.1273082132333936
agm046402477,11.047383455287607,6.254525561725242
agm046448994,11.731862595603047,8.48177145158548
agm046449671,10.113126921450634,5.531675228509617
agm046736258,12.078831621634654,9.038218691672624
agm046884723,9.397967933738341,4.946324749557011
agm046901051,14.460980635957155,13.694415954461157
agm046910527,11.260630455838294,8.767655629163224
agm046982599,11.815870802486934,10.545004017926503
agm047039985,9.196687938587333,5.292431459485738
agm047085581,11.560172818806253,5.68660928881755
agm047139790,12.12028260187151,6.970402383843513
agm047221883,9.638080499075754,3.8016201719199287
agm047269073,11.211275596824256,6.398271606858203
agm047384164,12.424665908313697,8.323802736915974
agm047695221,10.693938275096029,7.705949151835871
agm047712724,12.72304476514474,8.673968294854399
agm047865421,10.482087186534223,3.565551920564063
agm047950906,10.605861079737112,4.427282548317735
agm047979706,10.29261997336049,4.817822476733937
agm048029205,13.312089017202565,12.837718523914242
agm048115678,11.79786982221612,7.608967691816436
agm048282605,14.102243019484455,11.870099811017303
agm048573830,12.828660706612636,11.12512870520837
agm048597860,11.540186973443214,7.387297147702301
agm048696755,10.653055696263968,7.527457294004244
agm049032731,12.870470743517586,8.441672381027402
agm049096122,11.881050122070143,6.970551854299025
agm049189626,10.323376708177001,5.305873279287188
agm049218422,11.516277295600965,3.8490269237465236
agm049218651,15.04105263579748,14.397188334782186
agm049277985,11.936649300769592,16.018367142823543
agm049495190,12.219042699681262,9.574555761888385
agm049757473,11.147645012866873,8.454470746767202
agm049838963,13.976691897208065,12.989895195257624
agm049859830,9.670078983471138,3.951563577219499
agm050033487,11.30198483844739,6.802334199792178
agm050125160,10.135304601886949,5.295362612198453
agm050216186,7.6485375293632165,1.2757730978042499
agm050252246,11.847210570437383,10.46123435436044
agm050379828,12.625385154436222,10.522411441182129
agm050559441,11.850059892057574,6.675446319151365
agm050611168,11.427041055836126,6.445110610994021
agm050869952,10.277986877634081,4.006160715827232
agm050891097,11.956299113374309,8.811389275834479
agm051002930,12.579295870095926,11.439462303923262
agm051117696,9.712225460620177,7.816145530571043
agm051140841,11.465718289459538,9.87239909334226
agm051147917,9.748338477575157,6.289445648656816
agm051159562,12.037530554850251,9.180628388419374
agm051193864,10.8106295560642,8.57117941562658
agm051259667,11.652258107027768,10.347966850807202
agm051285427,10.405939501755075,3.5120369394022894
agm051286752,10.664830102060618,5.84976900102428
agm051360377,12.368044416572582,8.974522150710529
agm051439740,10.755075263766793,9.704400780795176
agm051474563,15.434677431960424,12.396656805123028
agm051488376,9.674036079538125,4.780761809571203
agm051593339,10.355151437139611,8.069495144661362
agm051704010,13.814881420746076,13.493815442289767
agm052084791,9.880739531930375,4.346243354302055
agm052088254,11.985371422405999,9.567428338935512
agm052270463,12.273179101742654,8.475629010659793
agm052414571,10.28813423068131,3.872536672832542
agm052538474,12.312482517398337,11.470695580356498
agm052563388,10.128561664022254,4.746168048220024
agm052574115,10.621708558703522,5.502389049671764
agm052584940,12.83498339187262,11.436187314132582
agm052678971,13.352448040807309,12.583406495151257
agm052684671,13.586928180248634,11.74580515130907
agm052696731,9.078893943104903,4.8872611184201356
agm052706368,11.374473537634785,10.01253496946672
agm052902985,14.730470845901744,12.794393568932536
agm052913920,10.781805659848802,9.009554842252443
agm052958612,9.788710809219314,2.3177294351348756
agm053085436,10.438140202693715,4.47755484786044
agm053251630,13.34247298748898,12.86989819461787
agm053384127,9.704664387930233,3.0167459266396754
agm053445772,14.749381452006661,12.413210224850715
agm053471436,13.369409585883368,12.76142984950169
agm053492783,13.330751470455326,11.676133365589225
agm053494456,15.659872468934182,13.938442663336035
agm053695294,13.875531235418407,12.331337182294568
agm054000778,11.567328597141728,5.251259754274142
agm054191532,11.720855698883165,7.978684865537633
agm054374296,11.27412786357778,5.950208093263151
agm054551773,13.709120331570775,10.88281834978369
agm055028904,10.324211359914706,5.045664241539147
agm055052934,11.695170843542853,8.338480653894543
agm055166540,11.578576557648242,10.566632720521751
agm055276058,12.356366828800022,10.510745857454838
agm055311908,11.184356931928486,10.21637103854287
agm055402753,14.295446087659757,12.059586303457522
agm055420943,10.260785124982094,4.63203392736699
agm055579385,11.729335782691424,10.814257286080567
agm055637410,10.057885020130579,8.778632476718837
agm055661960,9.630487227396445,0.9602819993397969
agm055715306,12.272223259373389,11.766198752618273
agm056233791,11.542798803738389,7.3596191783005285
agm056491024,10.430765653343498,5.117709723021503
agm056518807,14.139236462902948,11.704664620731217
agm056695864,12.287989472463526,6.692055295066284
agm056894988,10.920840990709237,7.20313970728263
agm057023488,13.91052052442453,13.132299289479272
agm057063227,10.060108916869321,5.129203037274104
agm057268400,10.700939758544965,6.394891286516949
agm057456046,13.901374308149238,12.008824327545787
agm057759190,11.179917808515588,6.171193726707749
agm058131735,12.89628449667195,11.537306343333187
agm058189357,11.924835518889708,9.50438677690025
agm059394271,12.382535725821892,4.122380309631225
agm059819585,10.421686026511889,5.685500221251688
agm059854547,13.524754512783863,11.796224598706537
agm059874422,13.852421450466267,13.072844374044012
agm060163828,16.070496777486195,13.35171415271738
agm060255427,14.65411636133193,13.007808198704733
agm060302844,11.051946257675745,10.068088641058386
agm060355585,15.630931178101765,13.193643800744335
agm060364005,10.669035128261859,9.330738916238007
agm060428354,14.716035234099278,11.554279352050925
agm060571038,13.46938591127484,11.951702022074768
agm060796651,12.623716603749239,3.7361644830349103
agm060824465,13.667452801576925,12.50041722746201
agm061068251,14.015593999417403,11.905295694445467
agm061212443,13.542803123470783,11.299209228033417
agm061420322,13.121480707762194,11.221885605141903
agm061474413,11.6142296852099,4.642263944010747
agm061543395,14.254821974277148,14.370340721872658
agm061721407,13.477637390087631,12.062185085667904
agm061812576,12.243533826949736,6.6146576555106
agm061853986,11.608602633935318,6.974345641891032
agm061903604,10.951645648282486,7.479211879756587
agm062234490,11.1366482274047,9.676501098293627
agm062312689,13.238450357835177,11.876050045253436
agm062830898,11.661838041085453,5.197974104501892
agm063085059,13.858814750052028,13.198246723019608
agm063144478,11.586401923006594,3.3535002879599585
agm063809045,11.847741812490993,3.715148414363526
agm063870354,14.490933098149712,13.220971997561321
agm064155564,8.04773694734187,1.1349877521709029
agm064236107,11.465130018128075,2.7780868941178998
agm064833606,10.424521523696887,10.731545639370182
agm065373797,11.093827405395539,3.293988511030573
agm065460782,12.820305041471862,9.757968740255237
agm065514768,14.10286538913546,13.348458977564114
agm065531945,15.9963451270159,13.862897088093627
agm065622749,13.51348753915393,12.076647976482771
agm065932436,13.044169456804953,12.073603622681011
agm065945107,11.515544708556543,2.752065726848187
agm066110763,9.99902408919166,2.8458251511956654
agm066420234,13.770654401813397,11.83579805628148
agm066426256,13.606142400818285,12.208502219506965
agm066471272,13.045926679147218,11.666932406748753
agm067521681,10.249098059153178,5.503870196941984
agm067554877,11.820817486270823,5.046412211898355
agm067793528,15.644196981163795,14.388899442514768
agm067901243,11.370758935399872,6.041898943338568
agm067913213,14.194160651175288,12.618775509695055
agm068299497,12.537109612703771,9.262596864100182
agm068350495,11.142586475927292,9.611030384013072
agm068421791,12.748205191987065,10.905726829868506
agm068805815,13.464037468286497,10.584782457934253
agm068943153,13.126262608207009,11.29558698350955
agm069119895,12.040447633597331,9.416089187320972
agm069128259,9.015118456335673,3.903962801706136
agm069258117,10.011020252973369,3.477155979524401
agm069260712,13.836800981430136,14.297738999618614
agm069283242,14.217948340639344,14.001939500810671
agm069295999,8.602375088739004,3.235099802376707
agm069315443,9.527787202196016,6.588799235741276
agm069395575,11.451689196171438,6.485619762110611
agm069461818,11.279708846678302,9.027230368771072
agm069497264,12.09043131602865,6.646218148901482
agm069499209,11.276334698087318,1.7510253851945567
agm069527535,16.00647941067397,16.065704710254195
agm069538790,9.218939214404562,0.3192266982561591
agm069542762,13.744600659095054,14.139946140768858
agm069654459,11.434790730227842,7.330410029982049
agm069780602,6.6566680928322,-1.1847591130776314
agm069978030,12.244674868664822,10.967397068251467
agm070019833,13.805879238162154,12.220024145177058
agm070103954,13.720929896219237,13.306163481120512
agm070120908,13.896134144046888,13.502310770729862
agm070134454,13.478957475987345,12.282545063647012
agm070166615,11.508965998670083,8.94611030180239
agm070190128,12.980267946423112,11.684464224397582
agm070195390,7.014457188121522,5.495947545520444
agm070200207,11.844344711807224,8.971852793415184
agm070260224,11.54968606487457,8.876954041890253
agm070277652,12.653961313493424,9.535547997140341
agm070325606,10.851264847650812,6.034692963507166
agm070346469,9.787207817898564,4.631737995304877
agm070399565,11.713463006367883,8.31669412172578
agm070401774,10.659868068829457,5.48751366582967
agm070404710,11.937409409701766,9.591754799696565
agm070407576,14.724444352285941,12.741153124201377
agm070416276,12.76695943031664,9.13603929189371
agm070480086,14.239666171832114,10.958073972036482
agm070548142,14.112538252772007,11.054120848618446
agm070563557,11.430040755594367,10.70067977197607
agm070599800,14.691272066754351,14.499932206168355
agm071590064,7.750020200639462,4.536862100251143
agm071659156,10.699025532714936,8.818198383526072
agm071710261,12.518321471902818,13.810742728215608
agm071746895,15.439867864017609,12.78122880611537
agm071755728,12.422282835319974,12.616833501034087
agm071788543,8.789833165867652,3.9667340422681527
agm071827366,7.429691957041434,2.2194064792975765
agm071848698,9.03024157531057,8.36838226260657
agm071905563,8.740345095746079,7.8466976044232135
agm071922004,13.3266060689339,13.342744742035038
agm071947044,10.324130844240697,9.704233477245886
agm071952880,12.579210152643546,14.031573987569635
agm071997748,9.904424214825207,9.972275016736388
agm072010787,12.188024566714224,13.929653557299515
agm072011051,11.75371945356069,4.239494283153469
agm072017833,9.153096790376257,4.053049389832949
agm072055361,12.761191824660171,14.76163907251732
agm073029910,11.552660700650172,10.457305296032072
agm073032751,9.390904720421608,5.974609469369663
agm073035089,6.224256092359859,0.5881120883037638
agm075736854,13.617121742355858,6.425224022700244
agm075752243,10.971542569372826,8.78404912759554
agm075757954,16.07843329321103,14.07471640835661
agm075759623,11.162622172107687,2.13104899317493
agm075772830,13.596783520211051,11.47531135616827
agm075877595,11.217554136779228,11.255902579021106
agm077614787,13.500919542178394,9.749281389130829
agm077618192,10.067223200408865,3.5974267274710954
agm077635730,9.592638769793526,0.37218919425572733
agm077689631,14.21566278876506,10.885490554911156
agm077719115,11.035882593866347,6.64142428842154
agm077739096,13.29308317971573,10.826903905289555
agm077768652,10.925556079352155,4.911831771958841
agm077772848,9.241990169551057,5.927960091371332
agm077805716,15.06218097584169,14.959024930177192
agm077806547,9.861591168517444,4.38797579154823
agm077827255,13.721110213632954,12.143398273909321
agm077870433,13.046730252644872,13.434856473978513
agm077894967,9.803754023935634,4.982951277197675
agm077896372,13.945894593881855,11.759190870573514
agm077903872,15.101714798157753,12.336569013430912
agm077937136,13.745770240071861,15.354737454171534
agm077938356,9.507073879254264,5.647521608722556
agm077983527,14.414676411185125,10.73650745995086
agm077993194,11.031448505089493,9.23402999217917
agm078012823,14.195915004537188,13.139211266465844
agm078020845,14.14725824575606,15.86978921541909
agm078051732,9.764433463385394,1.031783371447606
agm078128480,14.724994148984004,13.241887282933272
agm078134840,9.186562800438631,1.2706223008169755
agm078165825,11.841560496237522,11.301830478749261
agm078188146,10.495043968078791,3.6984855983268674
agm078208142,11.936936224709953,8.475051580756853
agm078239464,13.441391971030457,12.465196040736267
agm078252032,10.522057626551938,3.527961570290392
agm078282223,9.509174549118823,-0.8176134852260238
agm078283996,12.0996474285584,9.63493808827828
agm078294958,11.590507501152327,6.103812963955572
agm078335224,13.971471262518591,7.910371993722767
agm078340323,11.861689604222223,10.47875097464965
agm078341714,13.176388577049437,11.42550960561336
agm078404586,9.156655489496826,6.527764868359018
agm078439128,10.864318912645205,7.305415894123901
agm078454585,13.631197598495191,10.95483385990845
agm078490819,11.608654324522751,7.768343735383861
agm078515325,14.69414568575856,10.967596252179824
agm078547554,9.674826392776128,6.944876622482178
agm078560408,13.741119185160976,10.107941677606949
agm078574004,11.366469402547033,4.092128536893334
agm078596872,9.679627448541202,-0.902647176726763
agm078635712,13.082241555302662,11.25240308543512
agm078649580,16.98703535310505,14.722499074367674
agm078660711,9.08384760904397,7.347260078421184
agm078674135,11.523565976261354,8.533127707994709
agm078702479,3.727653264938833,-0.857548406976124
agm078703084,13.837892120893892,15.446591993128637
agm078711475,13.376677623582276,12.251610374396689
agm078789426,12.319621185629623,2.339542612967366
agm078844528,11.5689860552923,9.763560707306246
agm078857003,13.620812732702518,12.564190546668346
agm078863778,9.261002576632757,7.400504982989285
agm078875830,12.382519657862588,8.004381639064693
agm078940507,14.018100523155548,12.400198264504489
agm078987497,10.39316577221024,3.806886308653132
agm078999228,10.783620946149123,8.274930209796858
agm079004138,10.989979999327275,4.881264525404326
agm079077732,13.413585573025756,8.23220494392766
agm079078497,11.030082375946206,8.36870166265206
agm079082569,11.301677696371785,5.63947251299847
agm079133833,12.950235327019689,10.343641893943897
agm079136810,11.834807034529797,9.905129353837339
agm079193515,11.598967520817801,5.505504724384911
