mat_id,volume,energy_per_atom
agm001000110,15.15041338758561,5.527906426912889
agm001001040,11.129597319132749,-0.4049455119719288
agm001001919,13.776290397496808,1.5500871594704435
agm001003503,13.856403448394424,6.5449113099711935
agm001004359,13.555298458133555,1.9879694038649884
agm001004594,13.242007902165723,5.563891575834518
agm001006759,10.479306858003858,-0.32081940356894617
agm001007227,13.608313641464035,3.3769396162264336
agm001008954,14.000789537929213,2.244681744016867
agm001009320,14.163522685527695,4.970793705035515
agm001009484,12.157611653497312,3.90926239100945
agm001011011,13.998902885865874,1.776672981134407
agm001011034,13.40477316046941,5.608736449059073
agm001011258,13.148826685335075,5.324667828600689
agm001011276,15.063384896996054,5.085114958022359
agm001012152,15.818998205060963,6.19341960834539
agm001012672,13.1584258399196,5.3786048080605875
agm001012673,12.752605580127677,5.476656625874757
agm001014575,13.63035614605881,2.5511569840176107
agm001015322,15.276948125845964,5.005938998120677
agm001017922,9.124575305793769,1.565321062217895
agm001019652,13.857448690985306,7.0712444000260675
agm001019766,16.016426537017086,7.415854785259462
agm001020078,15.35010939897221,7.343942316351161
agm001021702,16.332267469534376,5.293784768427172
agm001022068,14.931476860578947,5.233613993497927
agm001023885,15.664868786430143,8.689156258810469
agm001023989,17.11847307640725,8.030891462305796
agm001024672,10.211310927044412,0.9011547711425992
agm001027517,10.937989300430525,6.8320285974340225
agm001028442,11.92951948765158,5.358495537773298
agm001029255,12.564634024776161,5.29003017759679
agm001031293,11.534511293387745,5.217565951851228
agm001031724,9.722751900860091,1.335397595062376
agm001032058,12.364047666394177,4.853909012093443
agm001034234,11.208765431826256,1.8111390907433058
agm001035741,14.251634006713786,6.452309926778427
agm001036375,10.476603901360846,3.795590848873483
agm001037498,13.578493435491529,1.4683571638190476
agm001037555,15.242424242331397,10.226315011661923
agm001038997,10.536739795170172,-0.7182681512543686
agm001039391,13.844437043192412,5.55716842575022
agm001039511,13.04286713040407,5.010280842823583
agm001039917,12.040411234155549,3.2478541706011783
agm001039943,14.90972952540207,3.8956296179718755
agm001040193,13.806706884664107,3.74950173209468
agm001040411,13.010529627644951,5.735872265852535
agm001042892,14.408137584734952,6.9706030004087145
agm001043020,11.95904367572227,2.1842638675950092
agm001043936,13.515224017376193,6.479254722325034
agm001044286,11.79807415805338,3.6116841658434944
agm001044489,13.84832622839153,6.82505460701898
agm001044934,9.613232492451067,0.9145111127094753
agm001049739,13.097700661215383,6.46005197624767
agm001053505,9.499955641498952,-1.2484345675503785
agm001055435,9.614644998608961,0.2679686676238629
agm001055954,16.278978080762418,7.250788404589123
agm001056004,12.147392411002345,-1.6007138538241144
agm001057112,18.75544514302144,10.470825141104037
agm001057627,14.863584604896657,5.741995434623913
agm001058307,14.489441196553075,8.447836368435173
agm001058446,13.338169410156532,3.579566920438596
agm001060460,14.44512869272748,5.325804935993992
agm001061731,13.025095132636269,3.629861524815157
agm001062366,16.56239140094412,8.331730483535111
agm001064415,12.165107432373595,-1.576934355904984
agm001064443,11.850814080411602,-1.0560407492411794
agm001064568,13.1007566764734,4.341761141142954
agm001065948,14.634917304080995,7.621270140868655
agm001066115,15.73814746765241,10.445253344242898
agm001067502,14.856541474428873,3.2251940628071587
agm001067554,14.111689723008212,3.847809675517155
agm001086200,15.087516695097573,7.3503990479455386
agm001086213,14.491248258700189,6.908674885651774
agm001086235,14.45446551046725,8.09947697772802
agm001086510,14.051473412154195,3.635230187781641
agm001086550,14.26938083953281,4.02929871643636
agm001086578,13.589647093464384,6.03415232871208
agm001087647,14.221477902620963,8.907567536069587
agm001088240,15.02033479859793,8.508455890318501
agm001088337,15.43957004642706,8.82660891706602
agm001089246,16.172918553404152,9.006152272425675
agm001089717,13.183908647951558,5.521896893290149
agm001089775,12.81959325583648,5.162530835439826
agm001090387,16.161120131885642,7.236010233120846
agm001091522,16.463234570152125,4.273136760815831
agm001092377,16.85572317373434,9.730600572034698
agm001093963,15.27736225753681,8.86830014628409
agm001094206,13.33820449194718,6.881220942942628
agm001095527,12.321879228681546,4.525279235392049
agm001095605,14.205756910268503,2.3672037115734863
agm001095715,14.029726550624243,4.643190353539083
agm001095905,14.531551708452303,6.510352909324872
agm001095916,16.100077030806585,8.21556037249531
agm001096149,16.041093174413433,9.128022230414269
agm001097092,13.716889546472984,-1.0607126826087097
agm001097533,13.605165435465128,5.7812009776670035
agm001097606,15.400928727339496,7.915043306897589
agm001097698,13.42197144837094,2.604222000665592
agm001098069,12.782423764127534,6.110031608037005
agm001098458,15.558753560974155,4.387647883355012
agm001099198,14.936382055662929,6.314391131312844
agm001099929,17.713167269001563,10.090076269812942
agm001099967,16.771568523623472,8.99594151693394
agm001100392,12.139583325420269,-2.6667384525589277
agm001100417,11.88505924816557,-2.0402910497625237
agm001100499,11.79113689929851,-2.7719007074475863
agm001100506,12.24421233989825,-3.5842575295764876
agm001100703,15.289007530268668,6.946314975700982
agm001100706,15.714542738212598,8.564779694496046
agm001101352,14.675401795924188,8.198928254737528
agm001102145,12.13575527212224,-2.040941891096942
agm001102564,14.301554661343562,5.825533601134114
agm001102584,14.438974494966038,4.912117036949756
agm001102681,16.01849110359347,3.0555028376661566
agm001102748,14.733806846813426,0.327337708821139
agm001102800,16.127095890344915,5.0245405980711055
agm001102864,15.791943794718737,6.78413524783854
agm001102979,14.631276700228415,5.6177734321968655
agm001103033,14.23567132065116,4.745071290281329
agm001104968,17.438240561809163,6.141958140470758
agm001105146,6.002380257659577,-0.5431196114083378
agm001105375,6.976567743813362,-0.135702924426527
agm001105378,6.964783645589423,-1.0034370084073423
agm001105682,9.336058983986565,0.7125436947945893
agm001105872,13.386204152280143,6.10800912685062
agm001105887,12.816233669152675,5.776213632319328
agm001106082,14.00950156615094,0.4885126393249891
agm001106108,9.864088072952324,0.3657360453631334
agm001106135,9.709523591893682,-2.1949967622709012
agm001106214,12.98526403488608,5.997189553214159
agm001106241,12.945341997030507,2.178667135350308
agm001106364,9.075352669175174,-0.9499970987409945
agm001107189,10.243779769601474,-1.9277878399923771
agm001107258,17.169519084902213,8.299280780324661
agm001107266,15.519629160103062,6.1991017659327925
agm001107272,14.360812670330569,5.17967251851127
agm001107544,15.642336993444772,5.503716171435572
agm001108482,14.034752306874793,5.129592583822169
agm001108637,15.246724578869841,4.026639902902043
agm001108679,13.794102372718124,5.11068839151978
agm001108705,15.350988270173016,6.101019464670161
agm001109069,16.344779691019443,4.653290678759608
agm001109181,16.158880943381153,5.757140574693034
agm001109727,17.4338082312343,1.0037882549147512
agm001112024,15.864630357517596,4.659238674365058
agm001112253,13.577182007269315,0.301605979362888
agm001114900,13.517100649850839,1.27548347989533
agm001115160,10.501605881922513,-1.2209153100501533
agm001115359,12.71988200334741,1.4037470274522255
agm001115455,10.7597436058584,-0.2300988977857079
agm001115631,10.955885784183348,-1.0716295963756073
agm001115716,11.614424729148764,0.8612024198326642
agm001115738,10.786959365175488,0.5276195593848412
agm001115883,11.979813365042249,0.8359584498915877
agm001115888,12.318328441729843,0.8442710086588416
agm001115913,11.43287980188649,0.8756556896493981
agm001116011,10.707419313683019,-1.030979961335401
agm001116037,13.022112473512363,0.5100847418976162
agm001116151,11.652186938183721,-1.279194918668015
agm001116156,12.346072482982574,-3.2399464124448896
agm001116169,12.968695963572154,1.0624529197980497
agm001116194,12.89359604912246,1.8278365295454417
agm001116328,11.827482776682555,0.3967048817323393
agm001116336,10.71545526653648,-0.4292111936060339
agm001116351,12.056238923483797,3.2806565068830196
agm001116413,9.15722709201649,-0.3248630824380978
agm001116690,10.752031023182623,-2.0103109676957374
agm001116704,11.290372876147622,-0.25370065674691755
agm001116768,13.692686286584657,4.016171301530614
agm001116944,10.733266523080937,0.4407266336426998
agm001117154,11.554321228088046,1.7766487791391237
agm001118545,12.150595322566284,2.4633675370008783
agm001118658,11.394665469851684,2.458162707573126
agm001118677,13.882952616724765,0.02076471372835087
agm001118955,16.57082587511927,8.82011379974117
agm001118995,10.1627550116001,0.7491644778046149
agm001119026,11.61436471001652,2.9886282995957805
agm001119133,13.279552704194773,2.7310838131418933
agm001119442,15.289069470081742,1.2223856064696204
agm001119448,14.47092815379497,5.559938463783265
agm001119591,15.215366336186797,5.741338962716064
agm001119684,13.958630871096007,4.503249647544848
agm001120270,14.237484290319891,2.848277193960179
agm001120291,10.367039131352453,-1.6660388456619541
agm001120928,15.120568517225093,6.3163299056345
agm001121188,12.963047499974346,3.1033977362999394
agm001121492,13.034543341657084,-1.3596971087845038
agm001121709,11.748975142183346,-0.23680224167373076
agm001121728,12.932556896955328,-0.8426225567586343
agm001121815,14.48083514842945,5.02037750442749
agm001121847,13.052940867337934,-1.8384591417589125
agm001122000,12.791164098010494,1.4094661825539045
agm001122410,14.045461458394081,-2.2742571945133125
agm001122472,13.099219890971797,2.1847468225216584
agm001122478,13.230811002523598,2.300627207919895
agm001122498,13.996984747406696,1.410169554799463
agm001122902,15.189935357418417,4.880885543780176
agm001122919,15.763614162494541,6.837124649677776
agm001122922,14.940390970413901,7.108345706950066
agm001123007,13.259953838850413,3.89383657223447
agm001123037,12.541170622269133,4.595919861733882
agm001123046,13.760567595964375,5.5092769590765265
agm001123148,14.193958713972528,4.014039456808183
agm001123171,14.555433969503108,6.741414811795201
agm001123366,13.096638673508643,5.7682421261196986
agm001123367,14.047463815255433,4.4350204180096675
agm001123500,14.177425494408167,2.1814875094929764
agm001123534,14.261549211419512,6.332851522293186
agm001123592,15.618810419545271,7.208872231660921
agm001123599,15.591721246174219,7.696539990331653
agm001123625,16.27347117455861,7.912285581327392
agm001123803,13.402132594950043,7.382239113589838
agm001123861,13.75794385092641,2.78373664388514
agm001123923,15.169961966021795,6.715258561260496
agm001124418,14.762922132225754,7.4701129069543075
agm001124457,15.626435501104757,5.312583965089404
agm001124485,15.087904243550595,7.051752730184235
agm001124521,15.169964506073397,7.459248660582547
agm001124522,15.053320780666937,7.365099519116864
agm001124525,15.256424545084181,7.514943214880672
agm001124558,15.342681085092144,7.562744269876228
agm001124561,15.296041741413461,7.503724431789795
agm001124567,15.72265220590587,6.434384306487312
agm001124665,15.608568868649146,4.7135614154608465
agm001124711,14.845831108419741,7.05867495211591
agm001124713,15.012063335643557,6.79225787834037
agm001124953,13.124932904245691,6.299166532912814
agm001125093,14.342070316068524,4.947873581325368
agm001125112,14.007809193053088,1.3995206093163581
agm001125185,16.237823766004993,10.684042685612782
agm001125194,16.790563208734252,9.681370799356262
agm001125293,13.40477792909858,7.221703221065251
agm001125325,12.994217055611523,6.438889897772567
agm001125402,13.574287244071007,7.724713570317325
agm001125480,13.985840484088062,9.043259972368954
agm001125562,14.237833064633879,7.389783019202456
agm001125587,13.642813645583352,7.038619954976422
agm001125598,14.178954736230155,6.9188264981657035
agm001125842,13.157657575075628,6.7035362966983385
agm001125905,12.103843497575843,1.2193836470892112
agm001126074,14.177762516208492,4.605384366321232
agm001126079,15.827182566426856,5.146306904634532
agm001126132,14.543221054756897,9.327969177190806
agm001126161,16.17360417029278,3.5402787596397634
agm001126221,14.43025049204358,6.048049200865066
agm001126261,15.648830915462554,10.090277112161447
agm001126329,14.756704226338538,6.571844630932901
agm001126357,13.649383245484971,6.810085951587087
agm001126446,16.014216289862155,10.19063011833481
agm001126457,16.19305259425429,8.691368931987743
agm001126496,15.234799355727,8.094548169138363
agm001126526,16.50732902348822,9.48213387423961
agm001126541,14.38780720935074,8.056649468176284
agm001126607,15.764899432552248,8.481873619010546
agm001126618,16.156149072325224,8.773197897442055
agm001126648,15.087384598260329,8.068499282575049
agm001126745,14.05105361993099,7.889441860300689
agm001126796,15.164978109184482,6.174822261816022
agm001126798,15.068930573091546,5.6990952291608075
agm001126799,14.506222932931955,5.823066613159048
agm001126801,15.547076885771821,3.5006372806566404
agm001126824,14.990680498457364,7.456366709422166
agm001126837,14.579130917458286,7.723392092073102
agm001126886,16.30213846227635,8.06344426725531
agm001126918,15.790356869545532,7.734167678115247
agm001127174,14.784956104719583,4.306332877321491
agm001127874,15.628723515786067,5.0531115341042465
agm001128170,14.333218089420988,4.774664377768321
agm001128219,14.777457710996948,8.406906623292148
agm001129674,15.931335598467514,8.308948787750136
agm001129701,13.327242595267661,5.824655082315436
agm001130056,11.664376965794538,3.86590996959478
agm001130069,11.496195514711195,1.616121534288605
agm001130346,13.46664548117166,-0.3838873024418099
agm001130691,13.008154483020954,5.59087160771054
agm001130762,13.426000194701315,5.640108948555444
agm001130782,13.157698420078905,5.409179217970333
agm001130878,13.19200059994185,5.5625970305496715
agm001130893,12.641194465279733,5.133705221363549
agm001131019,12.235506816236441,4.548357797138246
agm001131037,13.384139328163991,6.109141314930097
agm001131040,11.998936317634502,4.709730253195491
agm001131141,13.48323207986691,6.162824071583554
agm001131147,12.204965061452647,3.5145062669747995
agm001131195,12.581646296189614,4.972645631582913
agm001131203,12.085200634143055,4.767605055333616
agm001133177,14.386630100264439,4.150163665342623
agm001133249,13.509422610897976,6.6723043411403555
agm001133529,13.975680176249885,6.206400876518302
agm001133775,14.567205845262176,7.750425923638069
agm001133821,12.968994868570064,-0.3182947568085659
agm001133889,14.021262309021925,6.767242077605266
agm001133961,13.94836354210608,4.511609408412651
agm001134085,13.986666899895647,2.8182179764417743
agm001134239,13.276563536911368,5.989475127345607
agm001134348,15.925601777955661,8.006166384182967
agm001134445,14.885634754735088,7.7672735936660295
agm001134456,15.571317928305923,7.869368328327704
agm001134492,14.876634735601307,7.342111288283933
agm001134539,14.88055045509402,7.368900209290807
agm001134573,14.461060181280665,6.9727969130625365
agm001134629,14.228181301483735,6.909062941479991
agm001134720,14.357079104362418,6.9574807024892635
agm001134733,13.728026877295692,6.450674231833691
agm001134761,13.95298469109839,5.3634526718896165
agm001134817,14.026698560974578,5.420351496480878
agm001134821,13.913976993753254,6.607724804091461
agm001134948,13.228497555231375,0.648531812755694
agm001135082,11.028234688159165,0.49519547220872884
agm001135293,13.491481395034965,1.1734732057937993
agm001135330,11.45160117538904,-0.8483065495321656
agm001135380,13.137747414424403,5.062312535885901
agm001135412,12.53621613441133,2.206589892308652
agm001135431,11.52199731410274,2.598623990061
agm001135718,14.256682801667882,1.5652784826935928
agm001136082,10.454038316623999,4.539848427021784
agm001136149,13.064834583940979,6.280216997832662
agm001136244,13.96561535814362,6.029338490808893
agm001136275,8.536053047360214,2.224839256397712
agm001136354,12.160574499649355,2.3526216956938706
agm001136368,10.934934463665027,0.7962073522389881
agm001136457,12.143718880559334,2.954574256673438
agm001136472,12.546146915666034,4.415360544225135
agm001136492,12.76313807860952,4.989287121051819
agm001136713,13.2460228588556,4.774726794933997
agm001136728,13.6923073579455,5.1731418050511895
agm001136902,11.74409320529719,7.0845676284074575
agm001137008,13.37189582094114,4.314902505250165
agm001137029,13.670855678839938,4.594914787374234
agm001137121,14.695558819568049,7.0250272671680225
agm001137472,13.098016859134669,6.7187504637968605
agm001137483,13.392860010305228,4.154521117576506
agm001137510,13.781464781434329,4.548367186224976
agm001137713,14.204544718560255,5.204785972941261
agm001137773,14.56663997944905,6.74456121568131
agm001137982,13.683177678396586,3.454599135433444
agm001138055,12.896018492523053,5.5779668641387286
agm001138099,13.5080487463665,6.014494103577359
agm001138463,16.47920012884445,7.7211343059493345
agm001138794,10.603150751014581,4.236840767423068
agm001138867,11.985203769763615,5.1784380187399135
agm001138874,12.462436542429643,5.090104291818914
agm001138881,13.0011548305227,5.564761139569102
agm001138882,13.420435246095856,4.817110815790199
agm001139144,15.89257654116062,9.791915327761346
agm001139188,13.253621892037904,2.7975430588183183
agm001139195,14.279300551668237,5.717043000781183
agm001139298,13.44022876353729,6.728671357682199
agm001139485,12.371664680994297,2.5969298057011256
agm001139504,12.523683356777452,4.556343679531883
agm001139567,12.437853794032481,7.295095327837994
agm001139717,15.904529714987873,8.90674497739868
agm001139732,14.987700776353497,7.819117585148852
agm001139872,12.802446643875305,6.686034198643004
agm001139925,14.373094305742882,7.3865219341401005
agm001139983,14.911385161105727,8.325010572092673
agm001139988,14.214380991960654,4.921355914061419
agm001140137,14.09725000892993,7.224761150785531
agm001140144,14.137832747822525,6.861921377246851
agm001140158,13.513858726653332,5.853412985819038
agm001140260,12.067799561158814,5.056234849981809
agm001140361,12.619279526130784,3.171599076521293
agm001140405,13.694561953888494,5.042706876783468
agm001140413,13.756890422527727,5.078771112599256
agm001140523,11.510266661180006,2.4101094174255726
agm001140540,14.80002689514275,0.9750010284087498
agm001140936,14.752345565214874,7.4918759529395516
agm001141195,15.381070094886125,8.646876707552225
agm001141254,16.094234470107075,8.318279175178859
agm001141262,15.979466993923255,5.758317420420999
agm001141392,16.092303278621042,7.244720576422653
agm001141401,15.158260339348983,4.196173287789007
agm001141555,16.369244198290918,6.418590836244682
agm001141771,14.294204110519129,6.077100762167108
agm001141936,14.959348631673134,8.321812317150426
agm001141937,13.729876651105458,7.440507463616502
agm001142028,11.000051669598852,3.2445122305732257
agm001142164,11.068290271781628,5.331979515032169
agm001142171,10.813035213610945,0.39861017127238707
agm001142232,12.425987723917238,4.6774127977107565
agm001142484,11.667060529249296,5.802963231238632
agm001142635,12.423181911913431,4.985299570964492
agm001143037,14.974688744636321,5.323195515533419
agm001143134,13.339141878064016,-1.0730268981484947
agm001143217,13.420438797478136,-1.6274889802455945
agm001143517,14.899436788904518,5.696080625975737
agm001144223,14.01626952771119,8.825222131758784
agm001144423,13.67631612126854,6.171849786782628
agm001144445,13.982489542838534,10.181027202016807
agm001144568,14.585070860573262,8.539056872303004
agm001144594,15.345239348340792,8.293294373728754
agm001144844,15.006253073741934,6.899477917542306
agm001144893,13.071471404045488,4.561305085339763
agm001145090,13.420592140976225,6.816730951040437
agm001145260,14.608758496998005,6.588077367269948
agm001145285,13.609402581250912,2.612538509131392
agm001145892,14.486882391740489,6.914576386833684
agm001145981,14.244034966810931,6.575881076810633
agm001146097,13.911562149785087,6.586982204481638
agm001146108,14.396258411895335,6.774763539753161
agm001146195,13.016663093268788,-2.285847507243229
agm001146233,11.358208179904508,-2.700374861876348
agm001146426,13.306996254665838,-1.4406391031304366
agm001146527,10.216891412139313,-2.926313854666561
agm001146803,14.653245401454251,6.281629460355703
agm001146929,14.375972055756026,6.221872948366759
agm001147028,14.396714522720421,1.3669414178468369
agm001147035,16.953315602035005,11.221320816998073
agm001147066,16.09152502838446,8.273940116853263
agm001147071,17.238399861075212,7.911972114731096
agm001147195,16.81987407223737,9.400619400397758
agm001147198,15.964772746705194,9.436105616900514
agm001147346,15.2934390627486,8.689316368626109
agm001147365,15.317196875460809,7.470594638185938
agm001147411,14.082525382969015,6.770794823066781
agm001147420,14.528999523557353,7.034159645699603
agm001147427,15.68469013792095,9.545368357591085
agm001147609,17.444274481226582,8.52158452638246
agm001147623,15.504614784050498,5.869915561308503
agm001147639,16.604907632226286,6.267563222802016
agm001147678,15.280426217181661,7.945294702376781
agm001147685,16.07891427007047,8.152948783084053
agm001147705,16.012238580554477,8.390925247035405
agm001147740,17.286178906485926,8.642797954684266
agm001147743,16.361732833995376,8.63548693143319
agm001147762,17.938971051084263,9.708238759836412
agm001147780,17.224687988247737,9.540360872582035
agm001147797,14.960069965635421,7.7297489771524965
agm001147922,15.991648750346993,8.390149748334279
agm001147958,15.751849882505173,8.186705305337567
agm001148156,12.52535060694108,6.02660183407664
agm001148264,12.367436175467656,-0.2293907744049175
agm001148340,15.246260600017903,6.623008826008364
agm001148404,13.849657337858716,3.031992559795084
agm001148505,13.617066913063864,5.560847999995037
agm001148750,9.632704897984475,0.9067966174683111
agm001149092,13.892911921269915,4.6635288650463185
agm001149093,14.349033756730236,5.992984627823921
agm001149177,13.449212599714462,4.37650270064076
agm001149273,13.41770231402945,4.320979280126297
agm001149440,10.921245722063277,-0.4766540008361364
agm001149844,11.285997866707223,-1.750309687444707
agm001149913,13.5506929801691,-0.9827427609800718
agm001151294,15.556267618118696,8.51594952844933
agm001151351,13.695052727333414,4.698564627040229
agm001151372,12.29793692879961,4.8653127579611635
agm001151441,13.460072705414973,9.040173523990575
agm001151556,14.150794906431592,8.753289315414992
agm001151587,12.56343896218953,8.297529368836306
agm001151610,14.994309578733652,1.8809988991357365
agm001151619,13.98292413552555,6.227467257607712
agm001151630,14.079907980797381,6.31995267111164
agm001151917,13.558237178395078,6.838947988095947
agm001151941,13.681113161135427,8.027267650710266
agm001151991,14.63617450853338,7.916994463359069
agm001152034,15.115345471964424,6.181013939320051
agm001152049,14.576212728093136,7.9044984292170195
agm001152080,13.826980124738096,5.508123476269658
agm001152116,15.073115933143246,6.440256757939499
agm001152170,13.321313783443765,7.73587315091325
agm001152184,14.467642749217408,7.8231191272345715
agm001152211,15.102105609205402,7.443177613126027
agm001152223,14.223762934894351,7.642957230580787
agm001152631,12.120326087341253,-0.9173910311026328
agm001152898,15.592698332431828,6.748653497905702
agm001153094,13.679152137799962,0.7469316948139255
agm001153166,14.01329721144787,-0.1438389167713332
agm001153168,13.919338407057166,0.9774091497005202
agm001153439,13.370160955844176,-0.39179058765187946
agm001153696,12.39928130395777,-1.4903721714151201
agm001153699,11.121345542363724,-2.942225153692516
agm001154052,13.489398222914017,3.043517558358646
agm001154093,15.24074187773025,4.7963326133736786
agm001154104,15.25201973270353,8.41694357909522
agm001154232,17.435055688118226,8.965244623067202
agm001154258,18.019625716248143,8.760939786636065
agm001154310,15.423501861603382,7.731011636014415
agm001154334,15.495142542009173,7.777062091366847
agm001154389,14.967645691927817,7.9533642258958235
agm001154480,15.340467216911694,7.6654064426023485
agm001154500,15.534036059205906,7.803915058877623
agm001154556,16.557746780918016,8.912118460890461
agm001154558,16.007274143165727,6.119709618710669
agm001154581,14.826441635295726,7.50299782711501
agm001154700,15.462160596529722,7.6089521423641635
agm001154705,14.942178151102386,7.436363566934114
agm001154712,16.546718305607843,7.760863518409153
agm001154740,14.681181668652409,4.899049837609521
agm001154820,12.517005273634963,-2.257018778556599
agm001154875,14.139573044645102,1.7775894799714056
agm001155010,14.939774277636014,0.7313090336739467
agm001155333,11.37353528748829,0.6964787062019866
agm001155336,11.517243687673536,0.8473793456025369
agm001155873,13.985873627394898,-0.13000673286843067
agm001156695,15.756049646354448,10.058984614895722
agm001156707,15.160428703840525,9.645230035976454
agm001156711,15.407656392939996,9.552911136046244
agm001157234,16.98325629821464,8.003426408264664
agm001158330,15.064141859523282,8.573217605339636
agm001158363,14.923257733848976,8.518142663837565
agm001158392,14.721641989516236,9.014593044764114
agm001158400,14.805034958916114,9.080887905784978
agm001158411,14.485287699835766,6.184973403854524
agm001158501,14.885568284546109,8.6560148458762
agm001158578,15.515753283520942,3.928132428796264
agm001158645,14.694775256464984,8.5444479450365
agm001159024,16.53427884327393,5.089498495010478
agm001159193,13.20809121998006,5.871571365975381
agm001159209,13.388077480176245,6.007987846833661
agm001159244,14.601518321273936,7.489315474572171
agm001159298,15.144669446915833,7.424273991172184
agm001159306,14.474877904071478,6.932813669537982
agm001159326,14.070511652355895,6.686128692736093
agm001159439,13.668568904528785,6.446253532088347
agm001159445,14.124828240192233,6.72196067741924
agm001159456,13.39958520465737,5.7346664153043765
agm001159633,14.094061320517994,6.689608453370999
agm001160222,16.462971480144997,8.89845618503549
agm001160237,16.21839119755357,6.4364176669116695
agm001160251,16.1589691116552,8.687524570188815
agm001160265,16.103697534876837,8.740799849742912
agm001160294,15.311638666752398,7.895813764883208
agm001160305,15.517785152262812,7.9867578135652515
agm001160342,16.64502387356041,7.612679230721335
agm001160402,16.770463071059595,7.172820221794893
agm001160476,15.899732051795393,5.648181291949577
agm001160482,15.709217361963766,2.6410887343539926
agm001160487,15.637960611261391,5.571109179294213
agm001160566,15.112741471742439,7.79786122634648
agm001160574,16.500659641919103,7.761119581582941
agm001160578,15.463226992801129,7.959040547031989
agm001160851,16.552044950269657,9.449201561965122
agm001160910,16.518126890691818,9.000291357871196
agm001160921,15.674470760846384,8.932653464546432
agm001160992,14.878749196810691,7.986051594684486
agm001161112,14.972219781662666,8.459824275512679
agm001161248,15.31471988033558,7.943468332438371
agm001161313,16.963767422118362,9.702370020120046
agm001161343,15.111028663102035,7.81585755536692
agm001161374,15.437019677633605,5.5630008056694304
agm001161378,15.758168271428369,3.3013631307088787
agm001161441,15.849687217690496,7.508552093944251
agm001161771,15.308182441769576,7.809095926200387
agm001161782,15.416107570199163,7.946010868845066
agm001162235,15.48759354053643,5.434950058016431
agm001162261,16.499616585656327,6.344630077068924
agm001162297,14.806276228502696,7.438163568963791
agm001162358,15.682739544772234,7.3291662526181405
agm001162466,15.433183554835194,5.3995084827365485
agm001162494,15.566410636392247,5.614444342172982
agm001162677,15.556201193133736,7.186798877339822
agm001162703,15.248308674939697,7.806544786122567
agm001162707,15.028986232035566,7.611950511370054
agm001162743,14.864065087010196,7.452680809490079
agm001162825,15.17973457591149,7.725094521403905
agm001162905,15.762344731947042,7.435805094597269
agm001162930,15.182570521369097,7.725674036174569
agm001169689,14.024597228960623,6.8590006663416245
agm001169874,13.559247971349889,7.03021892760076
agm001170008,12.278078507762425,5.280094899764584
agm001170144,12.717574802670171,3.502871147980443
agm001170224,12.449769315455148,3.384106364639089
agm001170225,12.889863803335281,5.263302683969457
agm001170280,12.711084174139154,5.064804742211694
agm001170300,12.915781861711977,3.6309945979334137
agm001170303,12.57364643583326,4.960430335842769
agm001170565,12.057953651980545,3.797007479810887
agm001171188,7.932263128774985,-0.5089477434445216
agm001171197,7.758386684573815,-0.60939399174458
agm001171199,7.831929451714721,-0.6830041287198334
agm001171220,7.720681882414446,1.2638306011074978
agm001171337,7.428819240640201,-0.9342630478646369
agm001171554,14.148312192867545,3.665112025560011
agm001171863,10.706674425158146,2.527530335538581
agm001172002,13.23773461015812,2.8677295999752865
agm001172354,15.219625009162613,8.044215281602213
agm001172947,10.455941863601513,1.0203280063977769
agm001173065,10.43185778848141,0.9940603539196999
agm001173171,10.708043589172773,1.2939584020947106
agm001173318,10.561020951640277,1.1659258544547306
agm001173435,10.409594910182411,0.25823477215876284
agm001173531,10.801709319853073,-2.626847166984254
agm001173743,10.344461521566712,2.3218434244211728
agm001173787,10.774873825474765,2.5515849634369743
agm001173958,10.067425668935774,1.6784465106003417
agm001173960,9.976702617524433,1.2206795149078278
agm001174069,10.211993617657217,2.2432470947302483
agm001174074,10.171262365678448,2.210673042938103
agm001174080,10.482276092991317,2.4963866049299726
agm001174429,14.219595066216684,-0.21737131844846758
agm001174442,14.26566790508045,1.8679646758176425
agm001174562,13.93948151152612,0.7410810732240023
agm001174886,10.512383815397065,-1.273849800379132
agm001174976,9.834988578874528,-1.9444137859715127
agm001175046,9.745492619142896,-2.0041554969445046
agm001175135,10.82008057131406,0.6282906836168394
agm001175239,11.053222474425809,-1.7345795609489894
agm001175656,12.432174738816867,3.2578175214342218
agm001176236,14.368779697150773,1.8044959400460054
agm001176694,14.002007929425353,-0.843202459311763
agm001177035,13.768135796637912,0.4654196940272364
agm001177355,16.663654474588807,11.279414638159915
agm001177362,14.146809913146484,4.375887213520392
agm001177429,14.286306468837807,1.562111131540642
agm001177467,14.245166980177684,0.9808505640754603
agm001177502,14.450954962391256,3.4904559644063937
agm001177621,14.431813759295283,0.9685684997346607
agm001178810,13.871720382272462,3.1785636492257203
agm001179021,14.063067748127807,9.505193968382587
agm001179131,14.396072317030631,6.624857260401424
agm001179170,13.040546268340664,7.948238709343639
agm001179195,13.071871954308884,7.897906364596234
agm001179276,13.765629202190842,9.34005190313698
agm001179286,13.343106619774991,8.8488910281839
agm001179291,13.505861330899753,8.471366911328566
agm001179352,13.69945330631428,6.884697419317505
agm001179716,12.92653986886755,7.629143513889383
agm001179879,10.566013023786503,-1.1737711951979068
agm001180457,12.71548001254599,4.722960764823665
agm001180489,14.045272937268074,9.388047359766054
agm001180720,15.948492725500188,10.609018861406739
agm001180903,12.990438106209304,3.0132405335318366
agm001180911,13.118945448693097,2.50598894440842
agm001180965,16.659499014420135,8.815815713554096
agm001181032,12.722599735264827,2.488373072460425
agm001181243,14.366640802747954,3.467582664478391
agm001181290,14.544394422397929,1.9626416959492647
agm001181495,10.100594320659082,1.7665697143154258
agm001181527,10.588353938536644,2.470793227769473
agm001181638,10.904662939322021,0.64600988335485
agm001181699,10.545347458794263,1.777421356625953
agm001181705,10.613418373758934,0.9041745429195274
agm001181712,10.20441801393351,-0.686338364834711
agm001181722,10.997764801058416,1.3574665107021577
agm001181747,10.395416516551713,2.119863944901045
agm001181861,11.119850845843752,1.036610047379379
agm001181864,10.79626202812456,2.0302845807014847
agm001181916,10.308130743257303,0.04970826932171709
agm001182046,9.996341809570284,1.0051782911700908
agm001182060,10.645329641995946,1.5515651855053914
agm001182138,10.81999312383005,0.9998155913083776
agm001182410,14.19738867759793,4.5428256142440775
agm001183016,14.401191904773798,3.508730514751845
agm001183023,14.203060081701388,0.5336691601165882
agm001183098,15.021365840175044,4.137179982583915
agm001183150,14.346851678422516,0.8558870109313119
agm001183168,14.106908164226198,1.6846671038911343
agm001183211,14.277166266946287,3.52942236929753
agm001183519,13.664287563680984,1.7808600132714005
agm001183560,13.287160266693531,1.4533380120723163
agm001183685,13.482614467685911,2.8323734969261487
agm001183725,13.398213001751794,2.3686491704766865
agm001183744,13.437532273230126,2.8116963161837725
agm001183791,13.108747336123749,2.8083694852493246
agm001183866,13.101060078188489,2.088390125485726
agm001183883,13.35467344934433,1.218469005777802
agm001183902,13.310165040473853,1.369680359512465
agm001183903,13.222069976576348,1.2795433096835704
agm001183919,13.213679689935804,1.2770696170060702
agm001183939,13.606982859209682,-0.3802920547438025
agm001183975,13.805698450453042,1.9467826257994492
agm001183979,13.893398781452568,1.415677463292982
agm001184027,13.588734710416917,0.9647242404957375
agm001184060,13.333194902221825,1.39398921198469
agm001184323,10.273616902991767,-0.22183739027421367
agm001184429,10.491014672291398,-0.47968335240197507
agm001184443,13.606194236154892,0.676073152418129
agm001184445,13.40838854700514,-0.5036332528128552
agm001184484,10.706787478781045,0.1362339394423285
agm001184491,9.621490770340445,0.6136625896167752
agm001184549,12.748768125848748,1.586104107578257
agm001184715,11.054768967837134,5.286678443266655
agm001185027,14.450943517209687,0.17869332263554463
agm001185056,14.052478419596227,0.5276688349433473
agm001185496,13.442142463653846,1.5396466314617154
agm001185499,13.491587986647309,3.248143928415461
agm001185527,16.9441596783559,9.310631638539935
agm001185531,16.32161857178057,7.461548115509081
agm001185536,16.66769902131213,9.016315078835468
agm001185638,14.12883974902392,3.2707122645086337
agm001185772,13.584693643826924,-0.5639286711737661
agm001185858,13.721488691228487,1.2101683351443395
agm001185868,13.834559839303806,1.3570058589202094
agm001186485,13.882072423239315,0.2016302622395969
agm001187193,14.088871208469827,2.9455167637155335
agm001187517,14.080703435769687,0.22754792520012637
agm001188066,10.809772300261079,4.516651707780397
agm001188172,11.06633127065414,4.447620530260269
agm001188242,11.918666755059178,5.895609410025536
agm001188245,11.853836442716366,5.872978903238732
agm001189040,10.63588865622517,-0.11449765160247931
agm001190347,14.70660239352539,6.960055042144628
agm001190666,13.812462040932338,11.363972603582837
agm001190984,16.9625971700899,4.199669195901539
agm001191001,15.04768630986674,7.6778367787622095
agm001191004,16.199025625603955,5.628635322635921
agm001191046,15.139034805270148,9.452902714036988
agm001191126,17.54939342931369,10.60790239984457
agm001191212,15.727787862235532,8.12440380082013
agm001191393,13.440013469526999,6.960960883287127
agm001191421,13.512613260892621,6.786703472572437
agm001191573,8.530966983878084,2.3416234243787555
agm001191713,17.03274791575251,5.230507718980393
agm001191738,12.561230678666233,3.4059247621288913
agm001191765,15.966752215689663,10.39446420503121
agm001192395,10.243384146481075,-0.9397180418394484
agm001192698,12.179683557357988,1.446052022767289
agm001192699,10.454116584183463,-1.5198050788659418
agm001192844,15.13175302435296,7.401354663648316
agm001192942,13.768027658462154,0.593210043520981
agm001192961,14.55070045918261,2.8634962292686423
agm001193286,9.704832341385758,-1.7990737973730049
agm001193643,17.37206998649923,12.966738094990658
agm001193789,15.625844988167124,7.9589871447611715
agm001193807,10.32250212919791,-1.2763914734003663
agm001193826,12.56680536925075,3.271214417711557
agm001194199,16.965489599900618,9.010968845053627
agm001194243,14.37314462327776,2.2694694327480334
agm001194392,13.27312065065351,11.362122716752127
agm001194458,16.3398770376741,8.420651329867493
agm001194460,15.742174030852192,8.13191674630225
agm001194482,16.23832813179945,8.085752051883846
agm001194483,15.316199471044001,7.798608753579717
agm001194529,15.782625546525052,8.20600448370829
agm001194545,16.024561606527275,8.298110329511164
agm001194603,15.372041450479644,7.843300521307544
agm001194779,15.27468960050772,7.822777768357567
agm001194931,13.364442154144875,-2.4111245372930483
agm001195117,14.984410503584657,7.063171775093689
agm001195146,14.514812538578324,5.689725669202446
agm001195235,14.401748370307612,6.934346403804669
agm001195255,14.47576832175289,6.964134957993689
agm001195282,14.12949151433156,6.763725863227975
agm001195396,14.884253969880803,7.774636620471702
agm001195955,14.2061525546395,6.404971061999072
agm001196189,13.316787063435527,5.6036555282155796
agm001196205,8.663728813434156,-0.10326984952593143
agm001196264,12.106619390373748,2.5864717147504583
agm001196298,13.39826849891755,5.73563511574431
agm001196452,13.539385082988606,4.068084574658178
agm001196537,13.153897678217806,5.773412978554788
agm001196547,13.100953823528817,5.750703230320186
agm001196549,10.61174729183386,1.035710067512027
agm001196589,13.269905500851738,5.574333084570512
agm001196627,13.167298847189306,5.331268497466581
agm001196700,12.909557166112563,5.860151132327255
agm001196786,14.319102698598893,7.233526830146207
agm001196931,14.127995655316695,6.463992706688236
agm001197013,11.8810802558571,4.406107084686109
agm001197209,15.717641559107392,7.737032549110399
agm001197221,15.309260375642873,7.232147259650173
agm001197303,13.228371573564715,1.017050688660289
agm001197324,15.513354120880642,7.326874933702886
agm001197325,15.3245637839123,7.20157591004741
agm001197623,13.137957452664146,5.451338427816376
agm001197776,12.856972517232203,0.3138871441577997
agm001197863,12.611166511766738,2.016209556055653
agm001198080,13.990374778159582,6.386421610564483
agm001198114,14.148601774724469,3.96086330082116
agm001198489,18.206234654433956,11.729845875410817
agm001199029,10.003006684611671,-0.3759823254969614
agm001199372,13.441097969539594,7.569052974239474
agm001199543,16.17365108882785,10.438337460685798
agm001199669,13.790593442626454,3.4412127518811317
agm001199682,13.050224563776728,5.326404694254849
agm001199819,15.393401017211978,8.72112600100576
agm001200314,15.428453122215362,8.289339263087262
agm001200396,16.828555522875696,8.997272619726742
agm001200483,14.79047333879335,8.63644228269485
agm001200499,14.9142542196741,8.579194066476257
agm001200508,15.642991683124635,8.8957820536768
agm001200516,15.795379067750826,8.985645874629974
agm001200559,15.624960138513378,8.814189935887565
agm001200562,14.860004072166927,8.34188269039004
agm001200604,14.563137092786809,8.197874177194366
agm001200621,15.543773242470548,8.593862631673323
agm001200633,14.391567121234432,8.072286983511052
agm001200640,14.967629369807687,8.729488827419669
agm001200682,16.502428908520304,6.577133805944246
agm001200768,14.562345361052907,8.193058561154622
agm001200894,15.83274180081785,8.427441605679013
agm001200916,15.324188483761546,8.418624080552169
agm001200924,14.82302741549911,8.004564949293613
agm001200994,14.561052977519065,7.881081936836079
agm001201187,15.810923870641423,8.370971642124497
agm001201689,16.191471096290428,7.590902997762402
agm001202510,9.92191062875175,1.0361710055925677
agm001202579,12.592435571544103,2.2480469887109216
agm001202671,12.186524708112163,-0.05466149188672009
agm001202926,11.72369507711185,0.8455093544555679
agm001203062,12.446199587813032,2.7291689907189554
agm001203078,12.410076390076737,4.776941839606447
agm001203240,12.440055009344333,4.449165738473792
agm001203241,12.979590043403517,4.878264882691507
agm001203292,12.958773543734893,5.684541425724296
agm001203625,11.424294662687167,3.480016543611665
agm001203639,11.874041549221412,4.2838425850311435
agm001203647,12.757506264350077,4.562060719146022
agm001203905,13.155080493764963,6.121722368525235
agm001204040,16.343867146086414,8.04556874636869
agm001204358,15.874163521064435,8.143241304002766
agm001204422,16.34591595541472,7.0151845716016705
agm001204558,16.382039237405365,8.604852933596286
agm001204881,8.743292460454908,-0.7749560281183312
agm001205050,12.174312073229157,-0.8699951435142266
agm001205155,12.883821897120463,3.4237133319812596
agm001205312,12.194473568293631,4.315785464631956
agm001205355,12.663308857949607,5.747205529604057
agm001205442,14.545625811626515,5.71416724764868
agm001205545,13.849025688836543,4.50411580586842
agm001205853,13.810276720073576,4.525432310637527
agm001206161,14.044109260772515,6.863220945051639
agm001206313,15.080181077020372,7.870522110534649
agm001206324,15.408337347486357,7.694654624687425
agm001206407,12.940816128647047,4.8727108254831695
agm001206653,14.281226896644494,6.389324489539037
agm001206668,14.688070053207573,6.669918128270549
agm001206810,14.334996740315052,7.195532128946029
agm001207010,15.898552205851539,3.130560086255029
agm001207133,15.939172690107196,5.086588905164772
agm001207178,15.460419050379446,6.302467405798007
agm001207244,16.69692280944643,7.198286548935263
agm001207246,15.47278975448883,5.488534510712631
agm001207328,13.87126047688791,4.148265580742983
agm001207657,14.620691949677099,1.3276609385178464
agm001207890,14.283506818799937,6.6055192526221
agm001207991,15.042632311805662,8.233020486543372
agm001208593,13.4036129957291,-1.638726102660229
agm001208730,18.311315074975397,11.018180523184004
agm001208773,15.647607104192803,7.320157256896229
agm001209023,17.638954209120055,9.60376691158681
agm001209031,16.35832952878989,8.080791458691477
agm001209047,16.01001820217116,7.1805718293509955
agm001209077,16.33024090002176,7.536643342078751
agm001209131,15.37434741282582,7.575154816157136
agm001209134,17.670212690501273,9.635306449884883
agm001209143,16.681626731988583,8.516329000102266
agm001209178,15.574162489180397,7.796957200101598
agm001209210,16.458859469492655,5.868531972347386
agm001209249,15.254419469099945,7.609729132723205
agm001209256,15.163357332501667,7.567493847684483
agm001209276,15.237617872285362,7.473209809872349
agm001209278,16.52480699103096,7.7680682505777
agm001209294,16.149978026644767,7.59522056226225
agm001209315,15.428862335088121,7.899313115638433
agm001209477,16.828849614633892,7.321090325010042
agm001209484,16.374509192165316,7.068339189048306
agm001209507,16.084288051646293,3.2490984441865027
agm001209512,15.747714986471909,5.379916942804682
agm001209618,15.684869995868752,7.797355793119138
agm001209626,16.884085865506542,8.507559356088898
agm001209659,15.96195750208191,8.593144074568801
agm001209732,15.628931759612458,5.268664616825747
agm001209734,15.549817752980658,9.170147885467665
agm001209745,15.335905823770334,7.610789115435097
agm001209775,15.840051667217013,7.85302409643829
agm001209797,15.823656605132841,6.302026771658884
agm001209833,15.494757125047055,8.3197744281827
agm001209983,15.205554376424654,8.032755245330515
agm001209998,14.699363231868638,7.249134649420444
agm001210333,16.637991134769205,8.417307875457603
agm001210349,17.221744143947596,8.40175262501604
agm001210406,15.741471786467882,7.932484319866873
agm001210564,15.532064752804793,3.162225963147309
agm001210724,16.107049372127598,8.274829858831817
agm001210830,15.611035114172076,7.837657053628147
agm001210846,16.931180302170024,9.5339304825458
agm001211219,11.19292859845001,5.574201589721801
agm001211252,11.584805677956501,6.183175485609407
agm001211305,12.593730538522987,2.006308685152436
agm001211360,12.447586186295592,6.252135839709952
agm001211457,14.065876136836618,7.745394254507735
agm001211578,9.510999649967752,2.4335685031681678
agm001211610,14.03841538528942,7.591136261830616
agm001211622,13.160938192528128,6.874330368480194
agm001211730,13.32307676506917,6.645230644311784
agm001211914,13.19009015924012,6.740195315756951
agm001211932,12.229100998395271,0.4027392025190535
agm001212197,11.218260966484419,4.55819298994445
agm001212279,14.590189882911034,7.964207619455708
agm001212353,11.746481245680059,0.9268280725668889
agm001212504,9.600989388253229,1.7763279255445612
agm001212541,14.442735137781034,7.894252239025754
agm001212729,11.972833888077037,2.998879062257809
agm001213080,13.105772999488476,8.59041484110192
agm001213156,14.214161416302504,7.573976510367327
agm001213257,12.229005286823309,5.953797361087761
agm001213267,13.312936935152697,7.5820058889177115
agm001213320,14.706489928880098,7.932656236813411
agm001213345,13.684116715376991,8.02510410714762
agm001213352,13.772490961612919,8.065575912275266
agm001213426,13.33451678684917,6.73592878850779
agm001213439,13.20742174175944,7.255321658573795
agm001213467,13.302684464732502,7.941176332066236
agm001213473,13.822228330004899,9.326931764349679
agm001213510,13.569884209229738,7.530878941022211
agm001213605,13.28611051763379,6.922695117405739
agm001213663,13.62390829385582,6.9866370951210985
agm001213666,10.374833104906863,1.5567565638069256
agm001213674,13.037627946017087,5.743677877853857
agm001213993,11.657329490064141,3.8654270679293727
agm001214022,11.773398281491195,4.2010379376339
agm001214040,14.104891814673993,7.335444787510983
agm001214221,14.294857356728231,8.06794951068809
agm001214227,14.239420339767445,6.719158356258243
agm001214440,14.78475398540787,8.33486171694904
agm001214485,15.765792122925633,8.349642730426115
agm001214525,12.65568018920986,3.348457148664397
agm001214735,15.0464594549732,7.381064237416592
agm001214866,10.72643350421807,3.7408908529439593
agm001214871,12.85453074078154,5.687577683878976
agm001214914,15.090385355801654,7.854736789241018
agm001215006,13.959269029682122,7.8308591559997005
agm001215011,13.92772997120798,7.78055660796589
agm001215669,13.293289084673033,-1.4942565109149584
agm001215671,13.454712083418125,-0.33340078249259264
agm001215872,13.25452876541388,8.232885241804267
agm001216089,13.305364933933873,9.203333925589718
agm001216157,15.904100826384983,7.019891335334343
agm001216256,14.372957369328518,9.324549916156142
agm001216412,13.066248726865346,7.353152949684743
agm001216413,13.094871161163953,10.405254814550283
agm001216506,15.99038173790652,8.608046118067708
agm001216595,13.189937804634232,7.623103219935349
agm001216640,15.023185098767044,7.651015356683773
agm001216732,14.060282408357264,8.707980102489232
agm001216808,14.636675639320897,12.695555435477244
agm001216903,13.069207165997382,-1.9925235118454392
agm001216907,13.174448840470903,-2.143084383274216
agm001217017,12.104417880097742,-1.0689522332494361
agm001217174,15.380759973584901,8.001965749753426
agm001217177,15.472435541622088,8.03061901715084
agm001217252,15.812448874092878,8.190646318544262
agm001217344,15.309389798316808,7.828022120618144
agm001217346,15.407740959320407,7.888127183696444
agm001217417,15.581147378705156,5.581328717591539
agm001217516,16.58000031922599,8.735784929332501
agm001217533,15.915594119936776,5.776379669997008
agm001217625,15.534933633909999,7.867863151736879
agm001217900,10.843789841164387,1.8828273103861903
agm001218025,11.936304101484355,3.8806459658694523
agm001218172,12.389177254357119,-1.5873787727303332
agm001218270,12.788555826154527,3.42634093954448
agm001218289,12.970697012396391,3.1376240335354293
agm001218453,13.842852784891322,-0.46986460031236277
agm001218668,12.825217835746892,4.041254568333551
agm001218673,12.502473176620569,5.33952375465182
agm001218692,12.636792423060834,3.8899057703876307
agm001218770,13.820373629256126,4.510836440422727
agm001218819,13.364513242600212,1.260516677622281
agm001219014,13.903042205121713,3.5857023303004585
agm001219015,14.384626248198225,2.5898027946044735
agm001219261,14.136850230974119,2.9798666644984078
agm001219309,14.118151875016514,6.404609118261442
agm001219453,13.177747975999148,3.8573897684626193
agm001219686,16.745581648205768,5.730271578170065
agm001219768,16.33461944108278,8.287529422164077
agm001219769,15.37340563376717,7.924239321403107
agm001220019,15.719631601616578,8.95008856265537
agm001220077,16.737058215753212,9.566862330293295
agm001220108,14.44408977228955,6.181165340409079
agm001220159,16.884659109144895,6.836979608481933
agm001220192,16.527570642924246,9.05769673371597
agm001220198,17.068150432190603,9.347883329480224
agm001220209,16.4375735919594,8.512617535827987
agm001220246,16.01954506556537,8.313495115899793
agm001220351,16.029662698082717,4.1469049579977195
agm001220385,15.892453098474938,3.319365017155885
agm001220391,15.628344972458633,5.6344411228745646
agm001220431,15.242491598788101,7.795569329986147
agm001220439,15.666219709641508,7.943814493659172
agm001220455,16.403386771622447,8.473851641002437
agm001220498,16.927862148907412,8.326579627040914
agm001220518,15.680131379658727,8.155210607100654
agm001220566,15.53732560445294,8.019494599686741
agm001220619,15.999441904456921,8.281650586592725
agm001220821,13.643091703173829,1.8058592683487813
agm001220895,13.095593679886054,3.8434513464065194
agm001220899,13.539392981897832,3.337404270699759
agm001220969,13.5393655058177,1.0328736670420096
agm001221068,13.865124420784337,3.399328581806566
agm001221069,14.098091977195375,2.441667142998382
agm001221298,14.507419925444731,-0.8714978291974287
agm001221346,13.77775770793584,4.249577525619278
agm001221490,12.97976866460354,2.2522071645646005
agm001221542,13.527759407991885,2.0618526452153407
agm001221588,13.6307337300008,0.2617938705223217
agm001221666,13.400271570397537,0.6564491049307133
agm001221787,13.436981403779992,2.473740338414144
agm001221860,14.11390958245914,3.278148373595636
agm001221867,13.8532878338615,3.0309101866634656
agm001222204,16.066983589486217,6.621759323709762
agm001222397,15.180509005460454,3.954332045102017
agm001222836,11.64741084050509,1.1809869746245898
agm001222887,11.90159794771504,4.050528382679202
agm001222913,11.672042766565639,2.2035216773588235
agm001222936,14.793258133251657,3.1603801050393248
agm001223363,14.266012658509565,7.433220442363945
agm001223445,10.985769798723272,1.5114689878510736
agm001223499,14.78537063065281,7.731591079540131
agm001223508,14.282730719043247,6.5431421013716715
agm001223719,13.67855232988275,5.061370938046624
agm001223721,14.727453751742546,7.684377200457918
agm001223744,14.486380717612285,6.607034462834102
agm001224000,14.501590780152242,6.924969714614052
agm001224030,13.112768150512869,-0.16890429583829913
agm001224047,12.371339608107078,-0.6549572776808592
agm001224294,14.579263815196205,5.922646225810972
agm001224340,12.175849034754744,4.272845856755029
agm001224413,11.6314930765691,3.5493380110133295
agm001224815,10.392317629803692,-0.04180654350008162
agm001225390,15.302661228818017,7.799542764194383
agm001225607,15.161689322057574,7.659876123990221
agm001225622,15.923188094979496,6.130251517454733
agm001225639,17.00983629978663,6.929395107515983
agm001225647,15.386217557666464,5.435652433635401
agm001225648,16.084617155719723,4.521726645321614
agm001225716,14.334870880022104,6.658856559655812
agm001225911,15.499655185896074,7.8542796831707715
agm001226124,16.587758973916838,6.861594292844872
agm001226301,16.478092256012957,7.675264889556576
agm001226308,16.530258429109264,7.7275225971062405
agm001226310,16.692836758030552,8.193303413034007
agm001226318,16.48934079328836,2.90930975273144
agm001226379,16.437349249095718,2.861441607140547
agm001226428,16.605479002722717,7.821784800120888
agm001226572,16.672117934239882,9.670064666664164
agm001226823,17.218572188710493,10.461760663547567
agm001226896,16.337351554628416,10.307203983610538
agm001226907,17.70721332926827,9.976172701586613
agm001227051,16.845793233475625,9.3158521110766
agm001227154,15.719932647855973,7.969301190669121
agm001227260,14.867265794196063,7.454204676875111
agm001227280,15.688631501610535,6.583804072892317
agm001227364,16.79631006657314,8.34448357719777
agm001227666,12.649389351630155,-1.4929345696068044
agm001228089,9.818731727229544,-1.3798083429272312
agm001228282,12.459310782998816,0.9505925017962484
agm001228451,11.578851135034826,-1.9778567788377854
agm001228534,11.570584886365214,2.1076181805196965
agm001229021,9.989474425827838,1.8412141839555503
agm001229187,12.186889539538186,-1.4765314649721066
agm001229194,12.133243702046846,-2.187970190840299
agm001229258,11.520578248800875,-2.879737840837298
agm001229294,10.957357300304656,2.655073630349368
agm001229333,12.565175174145452,2.6291122589283837
agm001229371,13.736533240524022,4.3643620872796784
agm001229661,10.407238024001515,-2.47877158425354
agm001229673,10.278947789530697,-2.652764758877307
agm001229884,11.082596265200646,-1.130573186199216
agm001230011,8.71147321931466,-1.1500177577052906
agm001230213,10.116964664479715,-1.6568522470167268
agm001230237,10.643899469062472,0.09010252426705812
agm001230448,12.243556548872034,-2.275376909892989
agm001230509,9.994106330723328,3.3398003057588346
agm001230715,15.907600162145336,7.0174544200424815
agm001230730,15.616079631595438,4.719450417809528
agm001230732,15.145519913164538,6.909047964983195
agm001230735,15.31980765644107,7.111695452013064
agm001230750,15.615047735792718,4.807173344423605
agm001230789,15.19948451491797,6.972583364378684
agm001230798,15.301651830107227,7.199145777387098
agm001230803,15.208986749920623,7.124676226108276
agm001231147,15.540955109038341,7.432374687213571
agm001231149,16.566135494916214,8.950893102747257
agm001231168,15.492560133191237,7.301449705388194
agm001231190,15.848218386803207,7.436336245725183
agm001231316,13.791064143648281,4.008442079599073
agm001231356,16.06763782316086,7.9863818461548615
agm001231374,15.388644999131621,7.640575526294523
agm001231378,15.357962175654459,7.468492885385819
agm001231380,15.993534520434121,2.96830674822896
agm001231391,16.323417054415405,8.171510771846524
agm001231413,13.356534585088097,2.467176672388895
agm001231473,15.367472567757462,8.280669840757412
agm001231543,15.75414893312557,7.545208560127568
agm001231632,13.790690032603003,4.736347024656613
agm001231741,13.151626611974145,6.506750291282767
agm001231945,11.939388403141136,4.652716451822999
agm001231965,13.329820903144029,7.015750839130474
agm001231998,14.074168606884626,6.863042779854073
agm001232135,13.347980100196567,4.0224696116884395
agm001232139,13.526257214853139,6.6632179588943075
agm001232197,14.031088215340645,7.0566294302049055
agm001232428,11.422303340056919,5.166221682524495
agm001232463,12.812875888791279,6.11176120789225
agm001232660,13.299345898173193,6.715923176314632
agm001232709,13.360453828771059,7.24709965947741
agm001232788,12.828997487343669,0.07428428417972732
agm001232846,12.915763559696376,5.426388483119229
agm001233025,14.891857539934445,5.454625177298702
agm001233101,15.632259087836331,7.051824955604939
agm001233129,13.458118578704365,9.041625274595024
agm001233145,13.95113581430205,7.612618651483073
agm001233209,13.176404596677347,6.135394223058354
agm001233232,13.347037623545942,5.757737420240238
agm001233520,13.368261045146866,-0.5627981578442185
agm001233647,14.409091755680159,7.934559452722212
agm001234809,12.797060264857814,-2.4231893785546696
agm001234837,12.729578762052478,4.087701330981112
agm001234846,12.513152976487936,3.481933338442488
agm001234977,10.648416917909001,2.9334575758580215
agm001235402,8.789746026781192,-3.068438697218165
agm001235421,11.92693514622423,6.191047853414516
agm001235682,13.745160444161867,5.7429284252733765
agm001236295,16.00164658395651,1.785688066176436
agm001237278,16.511375056006745,4.405930334603976
agm001237967,19.165085079699416,13.954493385540191
agm001238146,17.499188805337504,9.708340589937741
agm001238221,11.932316992179077,1.737238119958499
agm001238849,9.038679551875395,1.4196147276355653
agm001239551,14.812378967732931,9.107632622912897
agm001239572,15.67360148215833,1.1050409454089483
agm001239998,15.786363962934667,10.260989384002173
agm001240372,18.693839392224582,8.593929145745648
agm001240691,14.601222264687992,4.9025898723694645
agm001240984,16.84124070247302,9.507718833071568
agm001241570,20.07961745383375,13.832144789588567
agm001242732,13.467853733581514,0.4385564351153306
agm001243094,14.437416142107246,4.07545322366674
agm001248997,15.57079577006849,5.864283826367007
agm001249158,11.900700577617068,-1.095237209428074
agm001258149,13.378688302274613,3.003589962969252
agm001258184,13.208206055356454,1.0098955372997136
agm001258510,13.688004485512037,5.0029036921342005
agm001258526,13.230131045883157,7.640938724685246
agm001258570,13.193653246435149,5.382194376856156
agm001258611,12.321357037292861,7.058581772905369
agm001258629,12.860755712988839,5.711392414990094
agm001258840,13.749378171750292,4.499751686634472
agm001258844,13.029267858047385,1.1242573424557396
agm001258866,12.506045247177163,4.377482991905148
agm001258878,11.511259122637009,3.5538459730841594
agm001260330,13.82736461059647,3.762911526283979
agm001260503,15.785150229361696,7.3356940134478394
agm001260592,13.317995649251792,2.5995205388812423
agm001260604,12.120211467583786,2.1233012838516117
agm001260825,13.749595007082966,3.3712147427041983
agm001261212,12.022991835391323,1.041160074880781
agm001261282,12.893236215188047,4.265327469262409
agm001261291,13.329741472570738,4.6206424716229755
agm001261317,12.853990872204749,-0.11964499488522407
agm001261372,11.552935258717334,3.505909947066263
agm001261379,10.611778011895188,2.7335912308055286
agm001262168,15.605986774500787,6.196571641743994
agm001262402,12.07497022946036,4.143509943280811
agm001262842,16.714251763487756,8.747051675595673
agm001263003,14.555115641467419,9.893395924551664
agm001263023,13.986124365044406,7.326927337896172
agm001263131,12.727076094964252,7.147951689851961
agm001263272,13.532515977809306,7.912349125520677
agm001263273,13.667476240077098,6.327946467008158
agm001263455,15.240011039852263,7.639930046569243
agm001263784,14.532473155751234,6.671684778425299
agm001264050,15.827504925860746,9.09802362121472
agm001264317,17.52760690635553,10.213110822887712
agm001265113,10.952984893310267,2.6751509150818733
agm001265501,13.81479236100291,6.8082310936379224
agm001265650,7.824373686360466,1.3153501289549567
agm001265793,9.07098424987134,1.7733774607296695
agm001265882,12.143334752256637,4.4913647226745
agm001265922,13.433487891194337,6.9631155501110475
agm001265966,13.761912094990599,8.307745803646439
agm001266154,14.112660249862508,7.300055877719753
agm001266202,16.86188140408268,9.253949718051794
agm001266508,13.246016439273463,6.602975501031486
agm001266535,14.68440719784458,5.074961115714931
agm001266601,15.540057189250573,7.993157442812802
agm001266608,15.215878288755412,7.736314584346984
agm001266843,14.204598920019434,7.542243922145027
agm001266982,12.405111412481068,4.302939547702686
agm001266996,11.517272377328247,3.6126948240947407
agm001267198,13.185373450704022,3.8886391090539654
agm001267457,12.362996741493921,5.987207760297509
agm001267489,13.67584851528224,7.166967736648966
agm001267515,14.113647721343078,4.452466006756377
agm001267517,13.56081142737986,3.938033812944758
agm001267584,13.145829292271927,1.855354172581298
agm001267704,12.403296050356472,2.5832300565015296
agm001267734,10.733425560837938,2.165400304145603
agm001268038,16.50957190730796,8.727804375084572
agm001268192,14.445194673645162,7.5483036858947266
agm001268634,13.576118552715448,3.071968516669282
agm001268897,15.949256810540275,9.325942880726261
agm001268903,14.491059746117273,7.844120710178793
agm001269214,14.451415309180186,8.262542457272088
agm001269217,12.292390479223622,5.1058880877333594
agm001269227,13.612644142484228,7.663196102701427
agm001269356,10.575045381515366,3.7602609946397814
agm001269944,13.518182981117056,6.827173600258939
agm001269993,13.736882272682974,2.8775095345106116
agm001269997,13.743326177669601,6.184596644730713
agm001270170,13.415155955657584,7.588835784900545
agm001270337,11.78354147218923,2.2994128549582995
agm001270530,15.700468365512764,4.12299884915414
agm001270676,13.591882550301323,3.3393035102755015
agm001270705,16.002271186291598,10.499749278667585
agm001271418,15.273177675199074,5.911349784831567
agm001271441,15.411122122923942,6.021850556173741
agm001271790,15.682992625870353,5.812454509487861
agm001272294,10.634147997085503,0.35636263071558955
agm001273874,14.112943993603897,6.630273590445103
agm001274131,13.640595568217146,-3.1005363048997743
agm001275813,16.125528677150502,8.236706468580609
agm001276125,16.76902979671414,4.3720798673357235
agm001276163,16.59893726339556,7.554708113934615
agm001276170,15.4873392506563,6.2365799907252475
agm001276177,16.264618496192035,5.1052603304486395
agm001276290,16.324086018015837,5.148630598848444
agm001276296,16.14615361301536,5.049608342087094
agm001276503,15.861200920523101,4.794589573277288
agm001277063,10.06207909480093,2.4263031238275623
agm001277190,8.277544750120866,0.02586011138590294
agm001277205,10.521587353564664,2.994422697970407
agm001279087,11.518486799585522,2.8209821927394905
agm001280062,13.775906389787629,9.0168703765213
agm001280088,17.255557520570587,9.424344172361543
agm001280102,15.947364205499184,7.409875532317621
agm001280138,13.208611270824262,6.484588669921871
agm001280216,7.84069803668703,4.804837961185602
agm001280254,17.188116002639017,10.91463136632354
agm001280413,18.286725113006085,10.812610531853448
agm001280421,15.49235260459667,8.001687984568493
agm001280757,10.160845551704483,4.6841611460645804
agm001280786,14.80399609534143,6.465738677500044
agm001280813,9.229170072719661,-1.2307692841376534
agm001280851,14.114032933158118,6.497644127161351
agm001281097,17.94247972782592,13.436232794126578
agm001281277,15.082560139959673,7.66751276693954
agm001281307,15.155238554371639,7.691628870780759
agm001281337,15.161324138943263,7.72363187343392
agm001281718,11.8583095068418,0.5349200991622869
agm001282042,11.32976047119917,8.210486952191161
agm001282045,12.892049852281122,7.155159666893272
agm001282594,14.534862600312662,6.688830318968405
agm001282671,7.851639805072841,3.5360477839741575
agm001282688,13.567328456763516,6.344903174872382
agm001282740,8.16048958835151,4.756794452469044
agm001282834,14.810917404639886,9.269360377423519
agm001282850,11.740781300794312,9.945765478121558
agm001282861,11.444067817159397,8.220472580970206
agm001282900,14.454864146221542,6.715478543193454
agm001283159,17.741850159375996,10.61519904986997
agm001283354,13.779422493418394,-0.6316098641350933
agm001283470,17.917996161938547,9.957680332291602
agm001283703,15.477603454042459,0.7071838221077389
agm001283711,16.03954781318363,8.224649211148188
agm001283818,15.512763432408228,8.004163739962012
agm001283833,18.48577505680905,10.88773857502861
agm001283889,14.76621764659292,7.48437278338818
agm001284002,15.768975245325853,7.459918482549279
agm001284866,10.775362579414265,-1.1635332464385906
agm001285511,14.979814147478242,7.025880796040333
agm001288248,11.105128032477221,0.011226605359617281
agm001288294,11.328359815710018,3.4774736212241963
agm001288302,11.606323957826783,3.649905185190522
agm001288353,10.956306510900095,1.1394059917690198
agm001290891,10.574103113680042,0.4906270475375134
agm001291082,10.060716862308956,0.23355867181597745
agm001291270,11.12318891601845,0.37238526285578644
agm001291315,12.2788251686167,-2.395472885929955
agm001292002,10.359954185749347,2.430369157199224
agm001292640,10.096744758500174,-0.34602338495964613
agm001293365,10.178129566422168,0.055179187067046165
agm001293411,10.109570555832596,2.088118818670077
agm001293966,12.46575202002991,-1.7551922059818654
agm001294122,10.485960403814245,-2.322503073695854
agm001294416,11.619984162023817,-2.077300864446002
agm001294827,9.495891582143019,-2.335371966691026
agm001295563,10.521847683596938,1.7193891077581727
agm001295660,14.304879674602699,0.6194723526614574
agm001295669,14.045337196883342,2.7993609071888077
agm001296232,14.268154870999522,2.8078208653143406
agm001296235,13.842336026619522,4.901919655083308
agm001296252,14.231081781866648,4.843422278744308
agm001296935,13.037895042089353,4.611820059515042
agm001297404,13.705580857516571,4.976862377378254
agm001298350,13.485910809254753,4.363868771377655
agm001298435,10.161567887158915,3.8919710679439232
agm001298616,12.639420716817327,4.404565784101878
agm001298961,14.361399275816884,5.266236263530677
agm001299412,13.12675686138217,3.560636230502988
agm001299546,9.948393452859913,2.7828500303687553
agm001299626,11.059575324263326,3.1945563155664187
agm001300435,13.634657791692375,5.200979422499307
agm001301082,9.90410061039049,1.034900600021749
agm001301143,12.296063540465385,3.7812782427330287
agm001301207,9.8795816682124,1.278955962789647
agm001301294,9.725740639091855,1.240249386300758
agm001301350,12.714942383068758,4.783125983636186
agm001301400,13.137084722793972,4.804357021387284
agm001301624,13.120193705970587,4.92841106404984
agm001301858,14.12769008674136,3.12708438019226
agm001301872,14.59834695626009,1.1111271627992902
agm001301903,14.335663566684248,3.3032993939149033
agm001302668,10.904359074899268,2.745579010074329
agm001302821,14.126041625002777,5.080074084128228
agm001302822,14.46597794991165,5.379804636298495
agm001302831,13.774493301405714,4.774703787277215
agm001305331,8.935928007292599,1.7772310544131473
agm001306706,9.245449397553484,-0.6683381162412347
agm001306997,8.62400208401595,-0.9145467044091022
agm001307650,8.61583761867659,-1.9566436958665472
agm001308033,13.509943382981481,1.1293365014532366
agm001308218,13.989877612309026,2.23088745760961
agm001308270,13.759368609871077,3.059790035830529
agm001308803,11.87120314136731,2.268295641515376
agm001309233,12.092083537389376,1.263287439250286
agm001309848,10.502009423512371,0.8225728164471819
agm001309861,9.741355622952392,-0.007802225320733491
agm001310419,11.972946860601562,-1.0346922410234596
agm001310506,10.498515866984489,0.7654835575107146
agm001310810,11.84179640549911,-0.1382107220105615
agm001310811,11.827407804395653,0.4017635831639268
agm001311188,13.747508798411042,2.5041198823455133
agm001311964,12.80492843323478,1.8721225278212836
agm001312084,11.815858960499668,-1.3793818636348902
agm001312201,10.6780743454352,-0.9727904658735715
agm001312428,12.325387441276309,2.3288647825815456
agm001312529,12.792051277562017,1.697560352271629
agm001312770,12.059023894789352,-2.047328608889379
agm001312786,11.732707287557268,0.19857314608537546
agm001313797,12.270165119104602,-0.36264239936831544
agm001314183,13.267406708631292,2.502500777028459
agm001315431,14.408390578062214,7.7649539358284905
agm001315528,13.9797047739562,7.199197394960393
agm001316618,13.384728756024591,2.854994274234752
agm001316621,12.985381428530326,4.982326282053359
agm001316644,13.39065993048766,6.000523328664423
agm001316647,13.127447501857192,5.684488963392091
agm001316807,13.386704087468358,4.381583948719809
agm001317079,13.335607445813535,4.911511486575996
agm001317117,12.649194776268954,6.115787789409697
agm001317132,13.673307179562121,6.360112238834189
agm001317137,14.21661498831999,6.770784646794274
agm001317247,14.288725048634612,5.859937790852889
agm001317286,15.870119704205326,5.0928902274241725
agm001317294,15.441628710437675,7.273975472423137
agm001317325,14.43316252642489,5.403258397120519
agm001317529,14.005781306656374,6.011997968958937
agm001317833,12.917381989514775,2.8828327115059427
agm001318168,13.605086441513812,6.514374396527405
agm001318505,14.62277334871516,7.101040705493245
agm001318578,13.150904901227378,6.7720017248533075
agm001318850,12.149005021911362,4.4911310910584135
agm001318970,14.482688915460116,4.995253654837041
agm001319179,15.30096074084926,7.12974899836798
agm001319181,15.435184276183913,7.232307356099557
agm001319279,14.372395639976826,5.947983019887362
agm001321438,15.192689216190137,6.991169697751056
agm001321440,14.52074500999343,6.332604556944892
agm001323207,14.467544802914283,8.832029804300976
agm001323298,16.620248122894807,5.875137099969081
agm001323338,16.2479281871805,7.162963061594281
agm001323540,12.693565160645955,6.140696399469434
agm001323541,11.79263424237703,5.720012936033152
agm001324184,10.913021491502732,6.5435123276523
agm001324202,11.885873022316813,7.10476063509202
agm001324508,13.813288129198817,8.518425845134184
agm001324601,15.845010059629509,8.556209885959166
agm001324616,14.147241636627435,7.900148775476433
agm001324709,14.438333661837856,7.466573885242868
agm001324713,14.549761880568225,7.556974713835478
agm001325459,15.03068234291994,7.87894646886501
agm001325496,15.222246662809386,7.997815808529554
agm001325537,13.97399712525263,6.947002172155191
agm001325700,13.437808046238661,6.819180022724023
agm001326034,13.872392802342572,8.335343023306615
agm001326096,15.0784428868566,6.029399394834291
agm001326146,14.297051715377469,7.901738576692988
agm001326426,14.5456287871058,6.472857793074988
agm001326475,14.441546351916225,7.57705978059694
agm001326782,14.761027453531975,7.2479120271569535
agm001326914,12.418017478985782,5.971026914809816
agm001327039,12.27577485611566,7.008452509551372
agm001327045,12.479084524134882,7.147118851610617
agm001327051,11.409566782956752,5.312927843748736
agm001327087,13.805843902015464,7.668991985892566
agm001327170,13.64602012440719,8.497088582313975
agm001327871,14.995349841157525,8.641061481821664
agm001328047,15.298680669130249,5.149185607846544
agm001328117,13.403809031346327,6.943404853384143
agm001328494,14.159260606547424,8.064528361453071
agm001328605,16.593063780805508,10.929697925962186
agm001328701,15.76449745147203,9.065316226485983
agm001328760,17.39833702066216,9.967628566554037
agm001328798,16.843614486017444,8.637408632373921
agm001328802,15.717514049246034,7.237672034148636
agm001328881,13.05784616855199,4.24910568029849
agm001329427,15.963361294523958,10.74570644446143
agm001329437,14.666504406858264,8.32981295335549
agm001329638,16.17223977261313,7.234633811733763
agm001329653,14.455085855293223,8.336122017641083
agm001330108,15.111877586518547,7.565490242578894
agm001330202,16.279220817654597,8.855198128442943
agm001330214,15.704224924157131,7.2451175323520225
agm001330304,15.478873653900669,7.018544235924789
agm001330842,16.949060868769255,8.90718815626108
agm001330848,16.486308823933356,7.498764087014228
agm001330887,17.513393614649324,8.596539871780891
agm001331546,16.071303569877525,9.25503189635068
agm001331706,16.072925353071795,9.239909812121791
agm001333329,17.262938557038137,9.732208279952575
agm001333369,15.333156139392173,7.6622940039503735
agm001333417,16.59925624492738,8.088757240626759
agm001333472,16.00669344781489,7.589276395469749
agm001333493,16.063638484616995,6.401678214022997
agm001333518,15.414897637348599,5.808233669719597
agm001333642,10.502469105602025,2.5647387138015736
agm001334857,11.473523213089376,5.686831159819068
agm001335385,11.699189028712112,2.508341647638459
agm001335409,13.260544109980373,1.6321572228597514
agm001335534,12.93723632613194,4.75831699789115
agm001335843,14.696009958365146,7.96515834174769
agm001335878,13.482103598242702,7.027442557040816
agm001339216,16.19991259887651,5.695645245715031
agm001340268,11.891073584685458,5.406349871659776
agm001340305,13.844536438927648,5.0040737699126225
agm001340473,13.89771598880276,6.300387200999067
agm001340512,14.204888441546938,4.108575451499556
agm001340516,13.883039144902089,3.894572268037649
agm001341023,12.031194518634923,3.9290715446965656
agm001341036,12.64989198175804,2.061803433334884
agm001341037,12.57536175954101,2.006614997075104
agm001341059,12.122887273771024,4.007729292870676
agm001341155,9.218432451532008,2.6638473699089085
agm001341597,12.917299767422211,5.431696540293206
agm001341602,13.65617935808767,3.5319487202887814
agm001341663,10.74370032740141,3.3795513906869976
agm001341706,10.045779106473509,3.189531049505238
agm001342073,13.620982811935356,6.607940043901895
agm001342137,13.184436505381214,6.263931892828936
agm001342162,12.665993907048929,5.7521532236107555
agm001342217,12.79397050809848,5.873322603334698
agm001342851,11.789034299826023,5.218638282976318
agm001343801,11.990868817293789,1.1871823556047794
agm001343815,12.055616676091182,2.6837114670918787
agm001344623,13.636276209248058,5.05320611393536
agm001344669,13.637320862220557,2.599586341676005
agm001345590,13.853423593673012,2.18823388153983
agm001346343,11.929853801528406,3.5511087881481718
agm001347216,14.084913697678907,6.9653916663414925
agm001347235,14.130774281065007,7.007200853993824
agm001347240,14.194470702333936,7.058375376047762
agm001348665,14.687824848740592,7.028708307631952
agm001348703,14.580594224325917,4.4686399949040325
agm001348719,14.43540376142628,6.806127927155291
agm001348754,14.260801230317872,4.1842687958691975
agm001348977,11.330369109568405,4.491356755954577
agm001348984,12.835222704952024,5.666630204835098
agm001349204,14.063905108887147,7.919873283203437
agm001349244,12.061055095820665,5.472280946796823
agm001349274,14.998677015170133,7.87964883454492
agm001349277,14.678894555697266,5.193368421999329
agm001349371,13.75422312949086,4.504769645479582
agm001349376,14.003139108540239,4.698064130570442
agm001349389,13.427563794039868,6.618925413302801
agm001349938,15.649534247188265,4.919157478754363
agm001350012,15.184112214106042,6.94355737618298
agm001350094,11.902704287825669,5.38427034896886
agm001350100,12.106107689911092,5.144196293196307
agm001350121,11.604959843825938,5.157445152502081
agm001350436,13.32195928296484,7.27810109610445
agm001350568,13.220168045518346,3.3344993425763167
agm001351610,14.065780636230913,7.321726344647464
agm001351794,16.74067968225035,8.763831913302624
agm001351893,15.739226254627257,5.463781042778049
agm001351933,15.929897356364908,6.869842885240052
agm001351995,12.676138926765697,5.320517469672999
agm001352263,14.693221780825082,6.080108137826315
agm001352326,13.960838262948347,5.490590260920749
agm001352332,14.207760656016951,5.688336744194272
agm001352848,13.775854498483108,7.51198199810638
agm001353220,14.46708069877275,2.8637733383098496
agm001353438,14.447301882137314,7.6967664780123215
agm001353535,14.607184083830436,7.747317703056758
agm001353552,15.954654995662127,8.151058075130367
agm001353554,15.209311502287225,7.5836924686823295
agm001353633,15.013015983831643,7.377219988232959
agm001354184,15.442089529662354,8.032415339637982
agm001354185,15.533661590694622,6.848964293952619
agm001354286,16.33420580427027,8.061812866809888
agm001354335,16.434128137233003,5.563477396621529
agm001354342,16.17207198354702,4.1097045621092505
agm001354369,15.792178153008361,6.283834058789617
agm001354604,13.627356580679137,6.215405967506204
agm001354653,14.330636920735708,6.7706171779365985
agm001354999,15.403857705895243,8.164661529726411
agm001355018,16.788570169404057,7.010984595793152
agm001355039,15.005291826172968,7.846157645691083
agm001355540,10.75320426827489,1.9359684181811225
agm001356999,11.954347357053953,4.324838388230799
agm001357178,12.082844177542997,0.13782120622101868
agm001357468,13.292456210506824,3.1294392527888863
agm001357544,10.696233696303732,1.6705184066560719
agm001359910,10.024596205519572,1.694811004281851
agm001359971,13.077979612573499,5.672028747783083
agm001359977,12.870798774429439,5.2575999660687796
agm001360261,13.785338055923281,6.85227690823484
agm001360292,14.296982038666615,7.237628534794474
agm001360382,13.149504390147818,6.092580331439462
agm001360604,13.655086884493048,6.077414198394301
agm001361146,9.648498742369707,1.047639619864401
agm001361160,10.788976948124457,0.5454818286351388
agm001361503,13.170276113974394,4.094906069566601
agm001361514,13.061321972032358,6.578894420406465
agm001361517,13.045363972726921,3.9653315727955185
agm001361539,12.866415540388177,6.424226711555274
agm001361552,13.639007169023508,6.196636185132579
agm001361758,10.068435993634948,-0.3585672806081597
agm001363431,11.821220134988119,1.6351618853007066
agm001363461,10.978869888951655,-0.22091548561842256
agm001364196,9.185004059161145,-0.9649691096156499
agm001364386,15.770001173617443,7.903671905236523
agm001365268,14.890431783835604,8.432192800799827
agm001365564,15.78468974027615,8.374224083938403
agm001365692,15.462641937690522,5.6006103752336625
agm001366454,10.141038829383005,5.10784381287328
agm001366795,14.39385127078357,7.6445277239013745
agm001366798,14.070782724028659,4.9341356642741605
agm001366874,15.245342853237181,7.569455590544019
agm001366875,15.096830316681396,7.43849588863185
agm001366910,15.198936422789,7.528374304021295
agm001366926,14.283476401566892,6.783798264199332
agm001367248,10.278343234181603,6.351323248917842
agm001367262,11.138063386619095,6.136053098878677
agm001367493,12.74199465741774,7.247792605791739
agm001367707,12.042179043866811,0.17425433409300872
agm001367983,13.497737349621197,4.472448752169846
agm001368614,13.707382837331313,6.879782591201447
agm001368917,15.854428783732315,8.555788737878453
agm001368947,15.614035754010871,8.376657400533892
agm001369447,13.504554141017223,5.636917167618163
agm001369472,13.606483215680939,5.72948173860321
agm001370071,14.011562159325086,5.850330996534343
agm001370073,12.891306970270863,7.344778904085327
agm001370173,12.992045575799425,7.0755279023900535
agm001370443,13.242668831643295,4.827695431376361
agm001370456,13.855374711534193,2.852280118968025
agm001370478,13.387822150367139,4.924276837221363
agm001370753,15.260962747199597,9.285785013070495
agm001370944,14.583729429218735,7.559938476371446
agm001370950,14.326671626979149,7.3148552307952635
agm001371010,14.467526796258687,7.429149698509983
agm001371899,13.449397966304312,7.4733486296057485
agm001372033,13.87609834241678,6.937856760822637
agm001372072,14.058732745153232,4.2337099481927325
agm001372150,13.336623925273377,6.205584119340736
agm001372158,13.458345765165838,6.320814443189249
agm001372183,13.496627763943707,6.359117729745902
agm001372319,15.201679934030368,8.573770674803598
agm001372503,14.75584085912665,8.23167336757008
agm001372540,14.982963111169838,8.400519199665476
agm001372598,14.723375348437239,8.16232616051955
agm001372612,14.992487045432478,7.062452324768893
agm001373066,11.056952778523646,3.6280414643417354
agm001373144,12.103150290739984,4.519106859477013
agm001373206,12.65297862376407,6.271994672278757
agm001373273,13.075821591304166,5.837400538228213
agm001373791,14.826474528213124,2.2430685539070634
agm001373806,14.223182825342684,4.15451453390903
agm001374190,15.733074083627635,7.957374345211635
agm001374264,12.061521406043996,3.9658035297061502
agm001374501,14.470446172091906,6.519449560351513
agm001374977,12.565245028664789,3.919350131685367
agm001375024,13.509912378913388,3.7929500199562973
agm001375047,13.877520377312415,5.356773514310287
agm001375296,14.05080880950827,5.092179696188671
agm001375303,14.399641178037744,5.399096604625752
agm001376463,15.468325020607244,8.018654852110737
agm001377061,16.408121337927692,8.325739587164373
agm001377796,16.02222627854984,5.703466512889573
agm001377918,12.168082519859214,2.9986991106728187
agm001377921,12.231497881439925,3.0420959942526364
agm001377942,11.151855731395461,-0.30162733983313483
agm001378378,13.536749992874912,4.74427772942229
agm001378450,13.526544059782115,3.499457159777446
agm001378543,12.0705308201892,6.815625884765148
agm001378912,12.919080527155003,5.997226080574402
agm001378931,11.873612424597836,2.529151605026227
agm001379012,11.884578362604874,5.231645390692981
agm001379017,11.919237066553274,2.747402780183865
agm001379199,9.652489693654392,0.4262664018616693
agm001379251,12.513298909838815,7.190814566207514
agm001379692,11.076580480023754,1.1648787896963055
agm001379776,13.52090084181512,5.432764030251819
agm001379780,12.647256137800674,4.847038285250355
agm001380137,11.728741136329997,2.4286048980287305
agm001380472,13.229626159337931,7.177071839567443
agm001380481,13.139554779522538,7.067096753371802
agm001380535,11.83880465931925,8.889340683774964
agm001380965,13.627141100358546,2.361082556200074
agm001381211,12.48310131110676,0.6487161275669404
agm001381523,14.289805856007058,8.042710170386163
agm001381556,14.454559950047335,5.1398511330973555
agm001381578,14.32339962421861,7.61977156346151
agm001381636,13.81067710825907,5.991019966584796
agm001381706,12.62846648205609,2.440365082979672
agm001381758,13.727453141680899,2.096918764841364
agm001382585,12.007973617170405,6.914046762843546
agm001382586,12.296194123394624,7.080539777010235
agm001382598,11.67417473594387,5.5652930790404405
agm001382626,14.844545533246496,9.570824112066221
agm001382722,12.479887291169568,6.355813201542456
agm001382803,12.682008088859089,6.3945413731026965
agm001383737,13.00159567547516,1.2000865901319386
agm001383751,12.928594149749564,2.1379053231037464
agm001383830,13.134603149340261,1.8052075896315767
agm001385166,14.8149615176457,3.7831682546479737
agm001385193,14.727059559688312,1.2903115945861536
agm001385258,14.050298831631821,3.029753591594316
agm001385272,13.89975669871698,2.836526052869271
agm001385654,12.647799042192688,1.228381949855332
agm001385955,12.557206178729478,-0.6229242799383838
agm001386637,14.541178198805707,10.022220965087197
agm001387169,13.445581695052626,8.393860373602855
agm001387598,15.544559692537756,9.520595250686013
agm001387652,14.748850732957202,8.427919383072405
agm001388406,11.38141592417919,1.4681854186132481
agm001388866,14.162141245530911,6.844074840046121
agm001388869,13.77992440526055,6.534925976925891
agm001389498,15.528253913233847,7.763892934443417
agm001389511,14.94975397443837,7.2891655064963
agm001389618,12.048913835504797,-0.15393387845165574
agm001389740,12.445300862998314,1.5095881609741353
agm001391259,10.877223617250637,-1.718772008773926
agm001392269,14.790371725211104,6.766176855575244
agm001392425,15.714369424616539,8.640190367168742
agm001392448,17.0038456199904,9.831777511640002
agm001392518,15.4317190303534,5.866303462928366
agm001392562,15.148441641406412,7.011816798630392
agm001392909,17.240995206059818,8.976919552559787
agm001392939,16.544964708201988,8.52083258473261
agm001393223,16.837353482710185,10.26788724169592
agm001393321,17.23430627020759,10.9395351742487
agm001393571,15.972294570017562,9.379409373805947
agm001393572,16.29548815204405,9.6550846907198
agm001393578,15.494718033636,9.022446352637594
agm001394037,17.27177396224927,9.607229861324988
agm001394039,17.391248659462185,9.70697519722614
agm001394045,17.163452109607285,9.521848957259008
agm001394177,16.382016098737108,8.978746176855214
agm001394199,16.380616624634186,7.733733618537505
agm001394201,16.434347440812896,9.054998423748774
agm001394209,16.56791872167337,9.118927005699932
agm001394214,17.869810641096176,7.822432780568819
agm001394262,15.829315682607184,8.543821304961154
agm001394271,16.48419963595538,9.017551805258536
agm001395146,12.20083230710469,3.438813839946886
agm001395244,13.060673330990959,5.16840079296642
agm001397942,11.11727505050144,-0.7026998483783897
agm001399512,14.570633897230152,6.205825728736629
agm001399613,15.373027482707371,8.350315744668285
agm001399634,15.600347035414522,8.522630867306194
agm001399732,14.722835130783915,6.58044720652113
agm001400825,13.57769231859972,7.0356962916403365
agm001401353,14.522859346244969,8.342176902147473
agm001401356,14.579740091457486,8.384501716844788
agm001402085,11.979895745359292,1.1825083570215327
agm001403992,16.609017833603613,10.100755126276853
agm001404323,15.87795453028704,9.262707823878022
agm001404619,14.828175008130923,7.170082821376548
agm001404875,16.85252908917897,9.224302274194262
agm001404887,16.266882168610405,8.801701627917367
agm001404911,16.26932055037751,8.814791973208417
agm001404940,16.13290574205375,4.971384481313761
agm001404955,15.40284833800354,8.164665367628208
agm001406691,16.078839585803905,10.147111860713045
agm001407576,16.684674558582373,6.579906137149916
agm001407581,16.752596126979398,8.777977003040927
agm001409256,15.711383053133089,5.785460128682205
agm001413558,15.352574902320454,7.3445530784603745
agm001413569,15.111605319071211,7.148166948143696
agm001413578,15.210401703411135,7.246208867334922
agm001414224,7.321925846966913,-1.6009028372512653
agm001414318,13.011857645732176,3.9218455739920834
agm001415648,12.628713687804142,4.692194028772529
agm001416735,10.435640704182163,2.059735107344185
agm001416835,15.066800583915581,7.039060321526664
agm001416850,14.899917831862032,8.794315949904922
agm001416911,18.02499357294886,9.71866635999759
agm001417139,7.9749539008704815,3.431696344738784
agm001417159,12.28734381969279,-1.7976791172991957
agm001417178,13.029063750452835,7.82893057415647
agm001417585,16.02960562285397,1.9755045502008919
agm001417661,11.858143794214344,0.4307588806257563
agm001417732,15.055240468051759,0.534049244424418
agm001417739,14.705685631652464,7.279354866060125
agm001417753,16.054620788960047,7.145269943877027
agm001417758,10.999471529120543,4.280581924762455
agm001418018,8.674517230656598,-4.27588424101452
agm001418037,10.20661785866653,1.756678862004903
agm001418252,11.731064787873311,-1.0406855878754735
agm001418341,15.936905408893242,7.150298052826155
agm001610607,12.357799256327514,1.9470779114474936
agm001610664,9.357162657070583,1.3567138015894138
agm001610718,14.117076024689457,6.304275369057157
agm001610794,13.16273648136277,5.266344800906026
agm001611072,10.766278913400047,0.4423631465035015
agm001611086,13.794217254021046,5.1808479091208905
agm001611151,8.055104320373186,2.022427410858312
agm001611853,10.337378508935876,1.6965864884240518
agm001612064,14.28617436847193,4.259855447944501
agm001612088,11.650943919527215,1.1815603169976883
agm001612096,12.512990609830368,2.430564118930474
agm001612300,12.07486508449848,4.084475073589386
agm001612357,13.457986585380663,5.5063827546187385
agm001612486,14.724264663468674,5.969252582364762
agm001612736,18.516708834181426,12.048886747870444
agm001612848,17.47810061312156,10.996275418876625
agm001613054,16.72800864860701,10.149146132612294
agm001613153,10.270550864272346,0.17077065211786505
agm001613393,10.53360372460143,0.41294262437994006
agm001613405,11.207332586523567,0.5442459387080021
agm001613419,12.81490590885897,2.0163093632556652
agm001613435,7.20930999382436,-0.4268391482809825
agm001613466,7.416198585964141,-1.3305234705717297
agm001613557,8.85082704228223,-0.2617738439049496
agm001613642,9.731010408387329,1.1411441275094547
agm001613896,14.059599757326492,6.08194787579035
agm001614099,9.13013763470315,2.1007401851212486
agm001614304,15.998411079132179,6.8209050908848825
agm001614538,11.73127327032272,2.3872464317771813
agm001614594,12.796114909744443,2.323219554849737
agm001614609,13.9704257193551,4.416205475654775
agm001614624,12.41302390359611,0.8287876363750613
agm001614859,8.226799758407605,-2.172551249524492
agm001614946,20.536811540969826,14.96082383822959
agm001615103,17.248716927983416,9.546552304767026
agm001615813,9.333547052585487,1.0841402381940284
agm001615893,7.263147391382143,-2.3339698248662537
agm001615899,7.630748775106158,-2.1801330449746943
agm001616274,17.84786809980438,11.63693380128706
agm001616291,18.55462734715351,11.347242152314228
agm001616483,6.979743567503684,-1.5216472143262885
agm001616834,15.928669129390917,6.668412385878004
agm001616852,14.108645077864546,4.270508814259334
agm001616904,13.101896282683532,3.020396138539945
agm001617264,10.601770082165483,-0.39586626180738593
agm001617560,8.30110308596354,-1.5552488565017923
agm001617691,11.11101726313792,-1.4272905618926714
agm001617764,20.678444129026943,15.132885789663877
agm001617859,13.985544105385625,6.615403364101384
agm001617863,14.022499525210183,7.840767764314798
agm001618384,8.005027912048245,-1.3984051184928419
agm001618587,10.592639967013715,-0.09237293698014497
agm001619062,10.473747915861253,0.5241770878492105
agm001619527,9.087801677277175,-2.4247076603112
agm001619697,13.597436710274886,2.3640719224492144
agm001619870,12.29419054800495,4.32735175886112
agm001619912,12.937586501088518,2.4932063419990995
agm001620089,8.43507882590093,-1.2914413137528307
agm001620195,10.331262104196794,1.0345597003087732
agm001620210,11.125235089746477,0.9880127983315674
agm001620287,9.666809319473074,2.9215378564302212
agm001620330,9.767823541093211,0.7605417474387295
agm001620389,8.230681209061526,-1.0548332284004274
agm001620440,13.017260775657865,5.149702576865449
agm001620696,8.700403542760878,0.7684064981126213
agm001621751,15.381793378256441,6.445466036820447
agm001623557,8.208115024404666,0.5899046986882915
agm001624890,10.095655900827342,-0.3955461895240234
agm001624970,12.893241394495771,6.639423948392009
agm001625101,13.126245665986351,5.772083315043707
agm001625920,8.269681781466614,-0.487174335151699
agm001625923,8.495218522028173,-1.432246742336914
agm001625936,9.666463319543475,0.005213768849714739
agm001626132,8.375744866445995,-0.9651995122097304
agm001627843,14.507746900761314,7.018775832822935
agm001627868,14.51052272794669,7.170689184544261
agm001628136,18.58124993459849,12.121465313962268
agm001628392,9.078673643638673,-1.6357821281024356
agm001629463,9.401890803636162,-2.6871746574230615
agm001629852,13.221836522395597,5.936531782291499
agm001630417,10.164196453815634,-0.16971295195988603
agm001630546,14.080171284481068,0.6956809517585375
agm001630836,13.441792792218195,6.918632497994203
agm001630872,12.101808006901756,10.316100050823772
agm001630995,14.097732063722413,8.75492782705856
agm001631232,13.78636410350046,7.500837289504126
agm001631326,13.720309170435028,-2.018621274683298
agm001632103,11.154968271176218,-0.27309153234294997
agm001634272,18.499546569875285,11.866058911441922
agm001639992,10.416388097048245,-0.718900630443008
agm001640845,13.046811576921447,5.881529075919377
agm001641535,8.427257572994849,-1.5763965032550247
agm001641570,8.045259396404237,1.471259155896601
agm001642081,7.925670714987094,-0.39934017552248663
agm001647204,9.111101222849445,0.2957177984436704
agm001655882,10.648338225211658,0.6025962598286825
agm001661708,9.47894326394842,1.3811413235517214
agm001662821,11.647458837958215,5.3374043567477525
agm001663000,8.205880288462959,-0.8665842605176316
agm001663980,15.983963423129413,9.62875361343578
agm001665779,7.05553604198454,1.9841792356007644
agm001817125,16.086845326264978,8.206312712555158
agm001817391,15.987568978209222,8.286308360477086
agm001827922,16.241419331320504,0.5160439553689695
agm001828292,11.776229737226243,6.015425475488037
agm001828402,9.5507874882348,4.382381162693033
agm001828718,13.810035141392751,8.102606694355194
agm001828775,13.033311994461508,2.576534619397872
agm001828851,16.70243206412066,9.272591024789959
agm001828900,11.264602776943423,1.482826549432775
agm001829200,16.017083140705093,7.32571442080066
agm001829322,14.804296006943543,9.879460270447478
agm001829494,8.590373121122225,-1.3132575619504854
agm001829650,15.869385451881003,8.210488955723864
agm001829825,14.95932344467559,7.543695271627836
agm001829853,15.308449745705296,7.817102563123115
agm001829855,15.71755397975651,8.162373255908348
agm001830035,18.768536946160797,13.52099001999236
agm001830256,17.592114286600268,6.791815933776213
agm001830353,11.977358891221524,5.043010558022148
agm001830481,13.233104469405026,-3.176243324586192
agm001830562,12.373886529011745,5.39753093726699
agm001830793,14.935189745058935,1.6090456617194715
agm001830818,14.44603130550938,4.557872107110277
agm001830851,14.290228102265106,4.405465601594486
agm001831316,14.427293801699436,6.567166495037454
agm001831364,14.12474397292256,6.708791881160998
agm001831372,14.234366714760533,6.727404831213775
agm001831381,13.873925576566405,4.219747025006391
agm001831382,15.04648300260431,7.032950615905414
agm001831469,14.38118203824557,5.832333333536738
agm001831513,13.852478479880654,7.163613302479025
agm001831684,13.815564709507214,5.8496923820919795
agm001831685,13.738989360946341,5.810252313309097
agm001831742,16.370581905438996,8.521867396155931
agm001831755,15.269229029922144,5.614137563786951
agm001831766,15.130757253119805,7.304570356103905
agm001831816,15.398347867238295,4.107459010367343
agm001832135,13.899780579764647,6.702341656845198
agm001832380,16.152129261755608,8.861721990352011
agm001832413,16.416434155604325,9.04356427227952
agm001832511,14.597605838013315,7.9476241141449835
agm001832517,15.25290779566732,8.318069051741745
agm001832535,14.789959014595956,8.061164909298583
agm001833811,11.114891985748068,2.2508764205205716
agm001835229,10.9882333776139,5.7066460702214785
agm001835408,12.943842952430314,2.7952371510470457
agm001835613,14.730365148397944,7.977995327136852
agm001836470,11.548944167670058,-0.7900641944010948
agm001837295,12.793365753550546,5.747748370431096
agm001837535,16.501396644870677,10.89716667886204
agm001837647,14.063225843164219,3.96963062826471
agm001837702,13.739557216870226,7.053312404147454
agm001837826,13.623897422925573,4.611572851142505
agm001838386,13.083889604126512,7.727309824410384
agm001839280,12.806893493255991,6.419171642218665
agm001839659,13.126300978867725,-2.3020167337179154
agm001840071,15.46559653008687,8.121994319843022
agm001840108,15.555990767737969,8.146607973639215
agm001840439,14.437472900021474,6.489761911194627
agm001841469,14.393911016557704,8.013393231469337
agm001841478,14.46073993244638,8.013884690059117
agm001841506,15.119952847966154,9.10549927737763
agm001842456,15.05367788248941,7.614113066039181
agm001842615,14.944144267389051,0.8944979925475506
agm001843653,15.442733316554346,4.591841255349408
agm001843845,14.97829931575714,5.759985513855212
agm001844218,14.63420678826084,3.5568915508706254
agm001844518,15.903531506186523,8.111719742493944
agm001844550,16.076160458063796,8.221550674511537
agm001844574,15.345523295412875,7.830103422138979
agm001844597,15.072870549757704,7.680641721945253
agm001844604,15.247824351290825,7.767293005481629
agm001844614,16.86045108021165,7.573356128661959
agm001844638,15.47011930621503,6.107424579345385
agm001844888,15.11615388667173,7.850401120511063
agm001844936,15.663027479873811,6.358823188733193
agm001844985,15.172155162064088,7.7200886485574465
agm001845030,15.349222823573363,7.858413144687556
agm001845125,15.958057193323285,8.282439278627423
agm001845326,15.375491372839408,4.647752180388429
agm001845425,15.936262570755169,7.286206528006761
agm001845430,15.077239918607615,7.644675757352243
agm001845452,15.31997371138319,6.165972167535885
agm001850168,8.01510673933013,-0.7560816689719658
agm001850340,14.046224977478362,6.4455156530574955
agm001850535,14.85200322059169,10.315506242233647
agm001850626,11.959061812356945,3.051326630056289
agm001850679,13.326706496042164,9.473800182576717
agm001850694,9.342731419887576,6.856628091383553
agm001850704,10.84437696246315,7.445023329636179
agm001850843,12.583684097346648,5.230132463609049
agm001850928,12.12561666873051,9.494417801423653
agm001851176,15.484997927969877,7.897546554255533
agm001851178,15.597333095048446,7.944814111488115
agm001851266,14.89563785420969,7.54733688125983
agm001851325,15.383461511784636,7.87116330892589
agm001851473,10.699613267403876,2.5925022782180043
agm001851620,13.790845479441463,6.308482379563945
agm001851659,13.667192903713401,-0.176476294644169
agm001851945,16.053086163762845,5.015415790267178
agm001851948,16.38802409259391,3.3332882015382617
agm001907207,10.378183833868219,1.6972457769257463
agm001907227,13.513144312461778,-0.79122950623839
agm001912337,14.043820865431446,0.3218324372058312
agm001912484,13.170989792313927,-1.3922049449660108
agm001913740,14.913053086354193,4.6788762971164015
agm001914792,16.044246766421455,6.142770141211715
agm001914796,16.262927836313814,6.2740504461788795
agm001916123,13.04279781581822,1.5063848947690097
agm001916328,13.022992076477797,-1.1064765054891694
agm001916349,12.195636129772573,0.5259269910681468
agm001917157,13.67700930410975,1.8764703075111964
agm001917162,13.772208523351997,1.0099918656494928
agm001917295,13.4985443067234,0.8457105652823103
agm001920191,13.129589512717107,0.3159085086943705
agm001922333,12.489206488096704,-1.9344589087170023
agm001924573,14.819122331701877,5.7602716087120776
agm001924584,14.116342310392422,5.296095948822586
agm001924693,14.386412185648348,5.361681363147746
agm001924847,12.358961057515558,4.695182925902365
agm001925548,11.883846528817246,4.943908771682514
agm001925579,12.698233938376264,2.727909032037732
agm001925733,16.124474374358947,8.11323619314937
agm001927454,11.626411243699316,1.6690611827551463
agm001928086,12.104558744755012,0.3925028178344929
agm001930016,14.820937132899825,9.334021759951742
agm001930166,15.38238086167839,9.815766928295849
agm001930223,15.605856639999844,1.421235850712268
agm001930326,14.039572813093638,5.37801866366889
agm001930363,14.496636495578723,0.7763594288773774
agm001930670,14.959477896949934,7.491971991034543
agm001930685,15.859528050892845,8.47292880753685
agm001930920,14.93149450026966,5.797589290766968
agm001931019,11.97406769437098,5.542255974179056
agm001931199,15.543382543514923,3.6366151831188045
agm001931287,14.70853930929956,3.16677744721812
agm001931619,14.288568590226388,5.301506501864413
agm001932484,13.954761747385739,5.407638815227992
agm001932577,15.503452020314391,6.951308332461441
agm001932794,12.701507156787217,1.9171134599137067
agm001935025,11.640012391586843,2.036801850797424
agm001935399,12.726058222474041,3.8801375304554355
agm001935556,12.823063372908422,1.4667983242681313
agm001935732,13.845124196477617,2.0067113178711775
agm001935807,16.0002230968853,6.694186627612835
agm001936267,14.553240051120477,6.320177721651994
agm001936521,13.48884545759727,3.6455103866009892
agm001937077,15.833291269556653,7.790848846186794
agm001937248,15.105980506800588,6.901834999848598
agm001937273,16.165900119533127,2.8450172168067542
agm001937354,15.34680469132138,7.052943859793414
agm001937370,16.711616443066482,6.687675289004668
agm001937922,13.590550103298021,0.31720047452641076
agm001937935,14.615923266539996,9.703034878064166
agm001938400,14.66308733535954,6.467151298742975
agm001939074,18.273568393939634,11.3578853094562
agm001940001,12.966084814852913,3.758608069607316
agm001940197,15.365017307467422,7.596961155468792
agm001940203,14.301656487253737,7.678769815742838
agm001942174,15.049288497789531,4.974750362896133
agm001942769,14.151236516453809,4.457064204277916
agm001942872,13.915694605227081,5.647006529602878
agm001943003,14.789069272720836,5.435495135177286
agm001943020,14.487241353003148,4.771358994158433
agm001943049,13.91676331803191,4.321509322069836
agm001943387,15.841519897014768,6.936172015012891
agm001943427,12.98150485057214,2.5030004127919785
agm001943641,16.41136729990198,7.226526114467532
agm001943654,15.238335261453313,5.8199202623813555
agm001943838,15.366589648125391,3.2600701473466653
agm001943934,15.572087026881977,5.5556880149209515
agm001944463,13.372997544649888,4.808878425688107
agm001945402,10.40161283052955,2.150913323182645
agm001945415,9.808614208375955,1.605909803207913
agm001947158,13.17959995580348,5.966615103208433
agm001947241,12.253185935073308,2.0883765435368318
agm001947243,11.18304375668766,-2.7662001351886465
agm001947426,15.98908382473119,7.321479674811265
agm001947516,14.959507262670476,5.521394006199248
agm001947615,15.819819165154296,6.405254398396371
agm001947649,14.044847251548662,7.999695487743585
agm001947974,14.145460120537704,2.570335463668256
agm001947999,14.498621915900927,6.359617959854393
agm001948036,15.095797931276483,4.441071844087158
agm001948048,14.761413669324721,3.255155556973948
agm001948053,13.876661019096815,2.806308479934648
agm001948101,14.977204183102282,5.281598891326851
agm001948109,15.092976444185318,5.231590530650747
agm001948185,14.18733772662899,3.7865330715923804
agm001948254,13.01382022650946,0.7349005643679813
agm001948274,14.134242316719247,2.763728491609859
agm001948520,15.116876583251114,2.292812050181288
agm001948526,15.222242916595361,3.8187959265339213
agm001948778,14.90117142158134,3.7082230595913437
agm001948833,15.720957867342824,6.549328866351651
agm001949205,16.377786847902133,5.685065469508322
agm001949338,16.831134561466797,7.9017277117074105
agm001949349,16.419691318008432,7.578650392880231
agm001949420,16.21880244563416,7.443626395124495
agm001949717,14.64495732724181,8.128491258477615
agm001950195,13.489294546907656,5.652556051704483
agm001951196,12.356919982254773,5.595840034355265
agm001952181,10.61292686513322,5.577096309372232
agm001953141,10.872989686799754,1.8279332571737612
agm001954466,9.89184388390088,-1.778631424083387
agm001954471,9.960002849249735,-1.7175543296461493
agm001954543,11.717052891013726,4.2349881720845195
agm001954552,11.881640652876769,4.376015572817664
agm001954924,14.016525981983817,4.415454002748566
agm001954976,10.554942699859176,-0.5934406878093039
agm001955095,10.583548354597127,-1.2200819295125598
agm001955240,11.728300209512394,-0.3061225544664934
agm001955565,14.744600206072338,13.159977046592967
agm001956198,12.56287941826028,0.9968981870915146
agm001956502,14.162596687325454,7.7488558934363905
agm001956974,13.339085928950661,5.89953125023788
agm001956985,13.490370298375044,3.455447350670873
agm001957367,15.394910345373722,9.89475563967753
agm001959305,15.701116582128925,2.9018941364578676
agm001959765,16.36645270638863,6.342500312737929
agm001959841,14.353561065684103,1.4698994974994406
agm001959906,16.771903033804644,2.3688018787646374
agm001960054,15.80575268302532,7.66273231522902
agm001960200,16.286879592765292,7.036850851754133
agm001960588,14.589062297875827,1.1469795690303055
agm001960602,14.455726898094426,2.3584330309284685
agm001960994,14.087642735265169,1.3309987585514875
agm001962595,15.113609598140876,4.54872994010225
agm001962633,14.211338628440052,6.497142376233747
agm001963302,14.554904786114987,4.008753960816376
agm001963341,17.06448552390857,11.35588482741257
agm001965852,15.35001901353723,6.324982010953915
agm001966353,16.38710603098518,7.384219725043492
agm001966672,15.631875564615129,4.401327514966409
agm001966751,17.113243449699382,5.934900042782209
agm001966765,16.004714984466695,6.093487731367862
agm001967114,16.36773073266103,10.94918856607324
agm001968431,12.958315609293392,2.7995204981028543
agm001968453,14.283338460008887,2.116688509097573
agm001968678,15.108860078372581,2.4068952837467013
agm001968758,13.517019049616444,2.4572629552235252
agm001968858,13.08487839915731,1.2006168487508813
agm001969226,14.336042131090732,2.0117361299466
agm001969279,15.950603682529437,10.315053735379939
agm001969682,14.018374495782508,1.2714451719254942
agm001971855,12.091781879022632,0.6040281902774609
agm001971887,12.377352435506722,1.7779671962226864
agm001973632,12.649741507451889,1.8163529549059616
agm001973778,10.731481158071176,-4.96393689789338
agm001974298,16.94970868941548,7.940783221342496
agm001976158,15.553110221673764,7.931322333853121
agm001976166,16.06607426584971,8.189325718765659
agm001976180,16.45074685054516,8.427131241238103
agm001976209,15.762508025003534,8.066883214211249
agm001976215,16.09442719389534,8.161698018327655
agm001976240,16.348286670371497,8.369512070065364
agm001976270,16.350033053718132,8.899430220898383
agm001976271,17.09929310024974,8.302034060189362
agm001976294,15.684788646051976,7.928429753435292
agm001976381,15.750858744876195,7.956780226455058
agm001976383,15.484442924789693,7.820787987322824
agm001977080,17.252973987855118,9.86159666402948
agm001977106,15.288638843607904,7.806825401997013
agm001977144,16.26770377106114,3.3894182921196716
agm001977250,15.477406752039647,7.918092964130494
agm001977392,16.190326535319482,3.3018304074705433
agm001977401,15.82561318008237,5.640658181262289
agm001977686,15.92994566141264,8.23112891905021
agm001978040,15.468073378055466,7.928520643987381
agm001978044,15.224768973188803,7.768903241042684
agm001978061,15.922745712408998,7.416553343956828
agm001978345,15.664700967687716,7.2044719514483635
agm001978368,15.279943348669052,7.774907531780844
agm001978395,15.880195356100177,7.3620628563453305
agm001978466,16.028596090798537,7.475884390948284
agm001978514,15.438527378667308,7.950120570563849
agm001979449,13.925800743656726,3.043214015808852
agm001980239,15.545709845487075,7.225935507585
agm001984398,16.038938217838844,8.127707895819107
agm001985178,10.563426921567222,1.3448166876777554
agm001990337,12.82191567975862,0.03572739535698055
agm001990413,11.641590776079513,2.1325388357883206
agm001990429,11.035167861301458,1.6792494191995972
agm002014356,13.100358833571201,7.209701716953857
agm002015093,11.191692140760937,2.668030292598443
agm002017786,13.741810760885748,2.846654558525197
agm002017833,12.963878559927918,2.355859077710894
agm002020742,12.688969720823069,3.055467089142475
agm002025529,16.92836747423405,12.956176785566782
agm002027542,12.4852827590086,0.5492371117231558
agm002030090,11.30782693638664,-0.29872252163989277
agm002031475,14.843985359391771,2.295255813443763
agm002031953,13.822416621330357,8.53131082791887
agm002032633,11.144749762426876,2.464312714920318
agm002033652,13.777577778118102,4.243704552551078
agm002040243,11.037139078014008,2.499913286081359
agm002041233,17.74856095725595,12.214758668014893
agm002041311,14.850434749218921,9.47680875287264
agm002041756,15.67425189353615,10.119355445440155
agm002042401,15.548124493229775,9.595449825054459
agm002045531,14.99693951601105,10.284871116480984
agm002046808,10.953948832531653,4.850611446616892
agm002047952,11.751552470465933,5.480902682131198
agm002055005,13.01249369632407,7.370108051694493
agm002055178,16.32414164754327,10.995293985992825
agm002055281,14.270155350259962,9.871052932418731
agm002056902,13.916585052038918,5.353432772204311
agm002060786,17.391550482057465,9.818681009426225
agm002060927,10.27742991358559,3.7620455135637743
agm002065056,12.23047247007566,2.5054972158765967
agm002067063,13.274907565499307,6.181640788465252
agm002067661,14.569351080707508,8.999587278206764
agm002070358,7.385213150936531,2.272344583480404
agm002071284,7.611817841879121,2.4328734308829234
agm002072117,10.68843144009207,3.660649079084986
agm002072200,6.564699851173475,2.4229834184406123
agm002072881,7.292640135978852,0.2416539799361729
agm002074089,7.225877415141149,2.0281981671361673
agm002076459,7.474463090110111,-2.93184149554572
agm002078878,7.730648285854273,3.1402703715615456
agm002082187,11.135272553059151,5.114398310945786
agm002082376,4.829765141420635,-0.5822263221766016
agm002083105,9.008277014379077,3.7948392811244425
agm002084270,11.403078160308631,6.591779449762481
agm002087294,12.682093285435615,7.005777238290441
agm002088157,18.487869974577034,13.203576512353136
agm002088555,17.56431496211707,11.284788603715064
agm002088560,17.399992451350098,10.01240452144105
agm002088612,15.003443132514885,9.735879717411802
agm002088615,15.027347694896774,9.782324370435958
agm002089504,12.858104545106077,8.342249152878209
agm002089911,13.413185421481877,12.570756435847082
agm002090082,13.398326054576026,7.320860540605569
agm002091298,4.98352437753542,-0.21618060292769017
agm002091979,10.872179174878996,5.5063009143896995
agm002095497,13.083293397988685,7.127580891553503
agm002095504,11.372801468431517,5.429380267639632
agm002096048,8.002138576003407,2.7818560330116417
agm002097569,12.34361652925453,6.386665760744265
agm002097857,12.032295728226211,3.9799454202587796
agm002098650,14.451333882214564,9.422746232221058
agm002099669,11.392169444756608,7.58940032390843
agm002101401,12.87581507400032,-2.7350262884154035
agm002103144,13.260909501813682,4.953432826985331
agm002104728,6.244220006144982,-1.3259735837776276
agm002106356,9.338842571416556,-3.9602916804769617
agm002109148,14.23415748112467,8.20012058692941
agm002109758,11.478393897606294,2.321777631931784
agm002110406,9.226462087143265,3.8034450906405013
agm002112799,10.777599814005361,3.3957552891676848
agm002114698,12.33438459220425,4.798370597173226
agm002115127,6.3312118293316395,0.9117915786080358
agm002126726,14.24736100922683,5.664869184371199
agm002131297,11.931395576793015,5.911818339461424
agm002131876,16.012557589017344,8.163296608795768
agm002131941,17.808139717437186,10.730796918640864
agm002132760,15.25958388928403,9.0170811412501
agm002132919,14.789940249224857,7.7669836517014375
agm002132951,14.16632640877791,7.049453988273117
agm002133049,14.783642554551806,6.700758575848527
agm002133179,14.035131015008512,6.994194532547188
agm002133224,14.630392621560489,4.8543251594870105
agm002133319,12.437021771224797,4.592670600614142
agm002133434,12.750767695328086,4.9740801731235775
agm002133477,12.947169809420267,5.62461400148112
agm002133544,9.54980999669421,0.7695288386236507
agm002133783,11.664541430211905,5.400724553346959
agm002133787,12.109754822219681,5.696338281443862
agm002133856,11.467994608723108,4.019765488031491
agm002133902,13.289624871855844,5.325165782293368
agm002134365,14.836917095554139,3.9064228015473113
agm002134375,11.81944747745712,5.38887332292222
agm002134384,13.892868726782254,6.44211690303119
agm002134391,14.568569417931517,6.985031633621199
agm002134494,15.404792323727612,8.220181638923862
agm002134647,10.733823766753465,3.333325690917497
agm002134714,14.518600279733533,6.644171471598973
agm002134736,8.666964276774236,-1.0942352038580907
agm002134830,14.707349470552467,5.026640048146454
agm002134865,14.075847933859158,6.355537587319634
agm002134928,13.746579165959798,6.260816424855454
agm002135323,13.014243651607147,5.16506882959894
agm002135328,10.793861392581675,1.7748059031313588
agm002135631,9.259649381700406,-0.44587931602021236
agm002135645,10.893718227372146,0.6285910391425773
agm002135720,15.786479302171557,7.55165483826141
agm002135777,14.295684337015821,7.272477886326772
agm002135967,14.186227669562555,3.9964623483649078
agm002136059,12.5035142350672,2.9673164384203083
agm002136066,12.033439327104118,1.706321175674222
agm002136244,13.279578458215685,1.6548636395211886
agm002136280,15.492323298876387,4.793626475717435
agm002136356,14.894011713953374,8.638110772576027
agm002136678,16.479685430025913,8.614723435304562
agm002136763,8.03067382638172,-1.7070441937511884
agm002136849,9.914284941274284,-1.1119091346609278
agm002136925,9.104892213028666,-1.0097269271573175
agm002136926,8.22936543642954,-1.1527491956519413
agm002137013,6.214731459385406,-3.5106246655502127
agm002137173,7.526878023716482,-3.2071978033766535
agm002137219,7.7847304569248355,-1.9450375058120912
agm002137730,8.726716875794278,-1.916698941725401
agm002138016,10.9158091967772,0.9095508704413404
agm002138019,11.986128204082151,0.2727269536582327
agm002138327,17.406623784567625,11.006845897756568
agm002138347,16.955988031040622,8.257181656259041
agm002138673,9.66578468948372,3.8591916307728327
agm002138718,8.955579110436538,0.5912731943601308
agm002138873,11.269447785409655,0.0900272461354561
agm002138913,14.301599695533412,10.001109309057291
agm002139045,15.547580449612601,9.66598899789921
agm002139552,8.833413172427104,-1.699556369550022
agm002139660,7.025708023971462,-1.2252539382392313
agm002139868,10.914073185299342,2.8386343447394644
agm002139869,12.063474678829996,1.0855302108976979
agm002139926,10.401711547822002,1.5254669471516127
agm002139936,8.201374861763535,-1.157555506391177
agm002140465,11.088327083375052,-0.8720411897925985
agm002140466,10.93676772918325,-2.2534283282707506
agm002140556,11.869365183111311,0.20696272786707107
agm002140557,11.575829518249698,-1.2471428295059812
agm002140752,14.565169372222877,-0.42190937664777406
agm002140805,14.192422514831852,8.392970899793212
agm002140813,14.266018182290551,7.70896701690609
agm002140833,12.284023545789351,6.414953139631168
agm002140871,15.032347112971856,9.531244333065644
agm002141129,17.082615056737556,10.93495394526308
agm002141175,14.739906309588006,8.996356577265493
agm002141179,14.061413923273056,9.408761160267119
agm002141318,11.18022033311778,1.9492731875991338
agm002141362,13.20923904515287,7.762808831603995
agm002141497,15.528661063599186,8.533977880660151
agm002141503,14.377649605028122,8.744898519583357
agm002141542,14.953553471108329,9.049323358975816
agm002141660,15.562393103764053,7.359840937260721
agm002141845,16.78310844360563,9.76918240752423
agm002141887,11.13623178506203,6.899714325950712
agm002141900,12.574998357503167,7.233514896928986
agm002142051,13.26215865983426,6.433794322989584
agm002142052,14.96056979804056,5.3766563465893045
agm002142192,14.354399906372,9.000121104741972
agm002142244,17.076992542970338,9.804722431558089
agm002142371,15.860350144029274,5.561737139046917
agm002143075,15.54449471324836,8.55427864418929
agm002144500,10.310448657092495,-0.9348836874877211
agm002144587,8.83274113012447,2.2645646562008777
agm002144953,11.10261341484812,0.28949175641862157
agm002145467,8.744572191918206,-1.7052981822158513
agm002145832,13.34654870948594,4.906794589751845
agm002145868,10.431490946515837,2.300992402457429
agm002146093,9.198888544942076,2.333346629815665
agm002146260,10.703328810136348,3.5872017977085897
agm002146261,10.81163632214345,3.3163239417890815
agm002146273,10.14763852720524,3.0096762443849507
agm002146384,14.670413510182112,8.460959529332683
agm002146581,13.733096520143931,5.62736092642551
agm002146700,11.679277293479979,3.357297634869611
agm002146959,12.801513279003851,5.006329349084901
agm002147106,12.131636805227698,5.122767738287733
agm002147119,9.929698079963348,3.828085612262673
agm002147143,13.609092129838217,6.585831164091276
agm002147362,14.161793273192172,3.3816497791310334
agm002147375,14.4086944500372,4.310195887761759
agm002147416,18.7269617269108,6.5851304479843265
agm002147571,9.929221866856084,1.2148762053776343
agm002147574,9.40462822015554,1.624114134308531
agm002147643,9.491235616867526,2.8364643255330035
agm002149311,11.748085183772709,2.237315561151302
agm002149345,13.233025634092058,3.4086289892428616
agm002150180,8.85494038763988,-0.36634551084393774
agm002150290,12.028543513421774,2.992544242431485
agm002150296,11.767767819594127,3.579096879928376
agm002150664,12.004350954831997,-2.419459429632808
agm002150959,12.558735281857475,6.344856232186771
agm002151266,11.773792229383826,5.789846023024208
agm002151487,14.838784052635388,9.589353412232532
agm002151493,15.839529360522768,8.120082547879333
agm002151550,14.478166990249568,4.241380818830692
agm002152086,13.048449225414027,2.027553008628226
agm002152192,12.680629242633048,1.8874656694523797
agm002152259,13.848019466181048,5.10141057305116
agm002152284,13.495910411395277,4.5599372836135075
agm002152406,18.488437721350675,11.910860953069625
agm002152660,12.623569068232058,2.1166143879455164
agm002152664,12.961806150612652,2.39279838489024
agm002152760,15.559260105289646,5.175559156570286
agm002152887,15.129503326820338,6.085476883882476
agm002152998,8.21629984363408,0.9398844006060691
agm002153127,6.147305024516546,-0.5561425454149784
agm002153375,5.0035409441595275,0.25463941301074894
agm002153735,11.446631316069473,5.092895020811331
agm002153805,11.086185561011705,3.2525417098458704
agm002154074,6.389159825707046,-2.060840315271947
agm002154160,10.715815577985252,2.664503342025153
agm002155135,17.768045923023564,7.173976043830889
agm002155445,13.971835170281802,12.548196140021595
agm002155925,16.8048098739675,8.978098108827007
agm002156045,16.223042101448453,7.517413902623854
agm002156108,10.042649715349773,4.883872502516121
agm002156115,9.151072884132907,5.230747134526457
agm002156166,9.116557919735538,5.0368463433423685
agm002156355,9.059542935437625,4.2579067239865855
agm002156372,10.508567388444794,5.62542507906582
agm002156397,8.53085099184685,4.404833756041795
agm002156402,8.68248284869386,4.040075813751972
agm002156447,8.340906973710586,-0.2658704641184272
agm002156536,7.834634273499428,-1.8352230518305472
agm002156699,11.344008556832453,5.829621678586134
agm002156754,10.5838740648391,5.67721024813952
agm002156835,11.031632524620791,5.5861667331365465
agm002156853,8.343129295383898,6.181517732311341
agm002156902,11.350782004220095,5.841897190828508
agm002157013,10.90432915510692,4.730063445858465
agm002157385,9.790718785160639,5.922030734504342
agm002157516,8.310009119148647,3.0684420143323488
agm002157618,7.92552764255181,1.7197129149839494
agm002157853,10.867777759132636,4.671120543010559
agm002157882,11.972373953840993,5.7602804647251045
agm002157988,12.260225137255775,8.11691912825224
agm002158075,11.623226838382058,6.513889457778999
agm002158101,12.482878670001858,6.851952187534753
agm002158224,13.564762670424953,6.148614132083493
agm002158347,7.433326006402304,0.10997905586047985
agm002158660,8.975218986232017,3.4727796720130364
agm002158905,10.650301873303738,1.8768930662724248
agm002158969,11.445595240537891,3.437803897222322
agm002159315,12.005526987223119,5.777147057826787
agm002159570,13.941725496591046,3.498099277110896
agm002159582,11.39298467835107,7.588536716018002
agm002159627,13.357196507349808,8.691611842602988
agm002159641,11.626959677749188,5.5650244304836525
agm002159697,11.951897428553206,6.924242576491033
agm002159854,9.6493928401808,3.323119724848342
agm002159865,12.041482949931144,3.238441473890378
agm002159890,12.811933081151926,7.725713847152153
agm002160057,12.620170372679254,7.688152787183063
agm002160083,14.796357174109456,4.864577729473989
agm002160096,14.878199262601411,8.427281336805544
agm002160243,12.928348142383449,5.931324680061128
agm002160313,10.87739723479055,6.48414825157304
agm002160384,10.074363368718803,0.07471775280782911
agm002160501,9.555633830834973,3.1154274885952566
agm002160650,13.44666390863147,5.8849946544856095
agm002160667,11.679797652203566,3.035550070236605
agm002160682,12.639254272494014,8.38682814172379
agm002160915,9.993304414383692,1.891033441694282
agm002160919,10.214114121216172,2.1010378559709935
agm002161013,12.747973887908342,4.823158959770852
agm002161228,12.373953585981843,2.797395502880655
agm002161446,9.879715467892273,2.6902662234021095
agm002161570,10.971149176681235,5.7532074627187315
agm002161583,12.183460361325887,6.95004767128146
agm002161637,12.061707910653759,6.8741453538656865
agm002161727,8.618308082870572,-3.1832454454019556
agm002162266,12.63343370834855,3.851113945188156
agm002162646,12.312855156419639,-3.1179387874990967
agm002162905,13.422034331844019,-0.36138311014591906
agm002163007,10.620095141355467,3.219196447420805
agm002163036,8.784383877418778,1.7293353975770671
agm002163050,11.079144554725218,2.5147346982015977
agm002163362,9.628729288041582,0.5170571840684328
agm002164344,12.487961764232299,2.4505472005078475
agm002164389,11.120757406912057,-1.4898251847314903
agm002164397,12.703311161860363,1.9274303086050668
agm002164449,9.092994443678807,-4.459781918385006
agm002164626,13.276927003543193,-1.1087505349949283
agm002164662,7.682069316166262,-3.8559328559238315
agm002164804,9.374619124154021,-3.3602722237077693
agm002164859,8.722850838031768,-3.118962968794751
agm002164953,10.409535130803375,-1.5100721416528997
agm002164998,9.744648306375275,-4.340044592024699
agm002165265,13.280193792563699,8.023297233191112
agm002165313,11.17615610662963,6.432264489176126
agm002165903,13.668938761804586,9.579260520011248
agm002166317,12.841203822632151,4.358420509112806
agm002166403,14.777965476017181,8.840821348408745
agm002166498,13.952686785475906,8.761889023123448
agm002166694,12.721272179048341,-1.4037973681581057
agm002166836,12.548918790869354,-2.4722254693378662
agm002166960,12.864207310676685,0.039545515948423926
agm002167004,15.336687322263755,6.67420830685183
agm002167407,13.870947334127004,4.777724730639072
agm002167527,10.020597268571002,0.5832032782473489
agm002167583,8.407128494446845,0.5264163864728184
agm002167607,9.67538416145186,1.7489079983914735
agm002167744,10.341779500547629,2.2366927361823
agm002167922,16.730709109979305,8.578252625661856
agm002167984,8.525712355112985,1.0276824271217357
agm002168236,12.456714240211355,0.23886835543557913
agm002168338,11.266159811875434,-0.4544354781799562
agm002168426,10.874072500300155,2.327325450578316
agm002168428,10.871222251537391,2.3254863837299995
agm002168548,14.763489549342,4.8356603881331965
agm002168576,10.435846788270991,3.1210819966350467
agm002168688,13.620468193657983,6.212974504555084
agm002168852,11.134581663839702,4.375992972622569
agm002169502,10.233157603636622,0.6235072636288956
agm002170053,9.038103755902045,0.1889646132590599
agm002170203,7.9097266440824825,0.4028846410090381
agm002170337,10.106281064677583,2.361514478897023
agm002170396,9.705759933786663,-1.386172604622049
agm002170595,10.911800799081426,1.1461807621168791
agm002170822,10.877031253465045,-0.998029493460551
agm002171803,8.61571841936957,1.5185079901684766
agm002173221,8.65212534453018,-0.3160906513562125
agm002173240,8.47792237115844,-0.1426966662708337
agm002176088,12.554565389563445,4.074962362129572
agm002176125,11.89888875741145,2.577779229341701
agm002176251,11.778801214948224,1.8290037592772432
agm002176429,9.563756701548067,-0.8692944843535161
agm002176638,7.977534429740342,-1.9409706075174533
agm002176774,12.79186042564759,7.267815482287055
agm002176892,11.177728632062847,1.2508802469884277
agm002176925,14.25124791282288,6.728980141043293
agm002176935,10.071042761570252,-3.4085477138718794
agm002177918,12.174792899760343,3.1532808864348736
agm002178262,15.198131045300997,6.1594445887344325
agm002178274,12.236109026367984,5.394169048077084
agm002178521,15.216184809357353,5.009344301254847
agm002179078,13.127084820972604,2.8821082137170904
agm002179104,11.870144871830513,2.0846688893184138
agm002179175,16.195515537640546,6.94889265629445
agm002179316,17.629025458451572,9.819286395966685
agm002179568,11.931521523985163,3.7559527610804615
agm002179579,12.227088961093854,2.9740856596348997
agm002179733,15.899223596399281,8.499590661767364
agm002179764,13.347444023093587,4.223062753050398
agm002179778,15.234395596218286,6.334495370532116
agm002179991,15.955395517690066,8.265503069298914
agm002180017,17.611044864366338,8.923639939792652
agm002180168,14.26181027678277,8.058773416393478
agm002180284,16.415760322656244,11.623204737165201
agm002180412,13.269803292968522,3.481578108336718
agm002180504,13.74137044678591,3.930278916172357
agm002180631,13.311286824587194,2.0961540155394283
agm002180720,13.73994067366072,5.3373944616280555
agm002180801,14.271939903359453,3.8844835858700133
agm002180963,13.24073943716273,1.2943754207169995
agm002181018,12.979431842837382,1.872846069489709
agm002181280,16.522017936974187,7.389241011273481
agm002181513,11.318921529356645,2.6065643384161383
agm002181786,11.432434271199265,4.206623272046239
agm002181825,10.88047324563751,2.499704079949507
agm002181889,12.651224275639077,6.103608076902058
agm002182239,11.238464576759613,3.997093047510232
agm002182336,13.208649527665818,5.953780042738312
agm002182457,13.033436494994223,5.974847838298769
agm002183009,12.363740597527139,2.8725266733223407
agm002183222,11.013980958975504,4.809753851003524
agm002183264,15.698836817179137,9.097584494611924
agm002183423,15.55103975615867,8.22774411741783
agm002183503,12.440146270749853,5.821241751868826
agm002183792,15.462152923072416,5.3420236074955545
agm002183812,16.837881968746284,3.4948307772592933
agm002183970,12.123917102738622,3.0435619285802638
agm002184044,12.938804577918937,2.9247123027858972
agm002184147,11.413742505595627,0.4487466117473827
agm002184361,12.061107808783557,4.181570973495212
agm002184467,11.574168952901438,2.7637076416876147
agm002184487,12.499447385640925,3.7345865619741736
agm002184543,15.396991036375733,7.531620360639938
agm002184819,13.484744188242628,5.384177010298158
agm002184935,11.459172927574278,5.781360834742974
agm002184983,16.24750474400283,-0.4041477604942294
agm002185019,14.342412780254104,6.068287487824854
agm002185151,13.429030124483873,3.8379820613644227
agm002185264,14.42862790585323,5.0018594793339695
agm002185710,15.760771819915183,8.135022368105137
agm002185987,11.537842159503231,2.752748985004588
agm002186368,9.876050808889397,2.1302684345038494
agm002186413,13.012606066569333,3.18835674603523
agm002186560,11.624326067187045,1.9868896617797631
agm002186615,10.035534840053108,0.49050122718485767
agm002187373,12.739819361474801,3.761919662982861
agm002187617,16.645181848950624,7.798224411456361
agm002187852,12.406923197130245,3.1725796673474207
agm002188117,13.854836123647592,1.898023594467207
agm002188288,12.120095087280136,1.7486234661458735
agm002188371,10.909495650012126,0.17380904071136882
agm002188422,12.49080573589505,2.9827475304677016
agm002188650,12.484867878863792,-0.23934619217694575
agm002188798,16.317806666784197,9.369934201787208
agm002188850,15.55709243497229,6.903055296282825
agm002188916,15.392477544656623,6.844086320738353
agm002189069,14.424547340811495,1.9997097962920716
agm002189079,15.42282197772792,2.721742473162012
agm002189100,17.13243246989081,11.143775188688828
agm002189289,15.067899497789254,12.425074740889029
agm002189480,20.1920152540165,13.253523832111869
agm002189483,21.80639778794988,14.952110041638925
agm002189498,17.381706967387075,10.624094523304498
agm002189504,15.056336551351308,9.586690913480744
agm002189559,14.513767143514656,6.552530944140845
agm002189741,13.69451250814404,1.016512913980661
agm002190140,17.79023833187441,10.614305762520106
agm002190369,16.848787286064358,7.694690427614152
agm002190385,17.119626725740265,9.079967124755175
agm002190418,17.974267989057676,8.693421307646785
agm002190645,11.652941950027142,0.35649843976919016
agm002190697,11.645987653526973,-1.1805016213774497
agm002190782,12.45571640616445,2.294680664589401
agm002190937,9.368218814160869,0.16437916819393106
agm002190991,10.07899075799737,1.94980468269022
agm002191120,12.477203681329398,0.8367996302108219
agm002191306,11.863970222338937,0.4397946781991875
agm002191399,11.732611433571467,1.7317030922922312
agm002191518,11.645864906208814,3.1204284008020116
agm002191590,18.26238438919461,7.573282371171555
agm002192446,14.644494695955943,4.583372661309879
agm002192451,15.117551168200007,7.0811942581030225
agm002192497,13.933263335495186,1.737934322203289
agm002192705,16.636568556197997,5.994487910230891
agm002192810,16.907137157467062,6.801675730467721
agm002193000,12.834179246989422,6.893770397897904
agm002193002,12.619059374271872,6.6889336177970895
agm002193190,10.010519745659543,5.74625780832695
agm002193322,10.5537265251476,6.330811731383757
agm002193508,13.553029086661816,5.5056983828560515
agm002193620,16.56286423899411,11.201923309165247
agm002194609,16.11777812133041,5.398531327224671
agm002194750,15.55227058815721,3.4097260073415097
agm002194774,13.381082032203532,6.427750640844348
agm002194849,15.844528363965809,4.641747195414295
agm002194873,14.393844687290715,3.850683285955968
agm002195580,12.235265041659398,5.779512254109408
agm002195692,11.129667020878559,3.7652954793137674
agm002196070,13.080392082227036,7.1142338318318945
agm002196881,12.634070903497681,5.017832738005529
agm002197062,13.401066354886899,4.870920790664833
agm002197303,12.027081589737463,3.555089270443459
agm002198044,11.196843538645647,3.198720740399235
agm002198237,13.741453740624232,1.7844343739461848
agm002198239,13.255424860459737,3.2643382058970474
agm002198370,13.845006558739348,5.443694912449513
agm002198542,15.466502992178599,7.485376041285823
agm002198643,15.880488864096824,7.902319778190697
agm002198783,14.798728155609775,4.831242268309258
agm002198979,14.266146269764029,8.226671698651765
agm002199124,12.346001007040174,4.039920970714513
agm002199246,14.952195668476437,4.117130144269926
agm002199380,9.518958875366959,-0.147858955023581
agm002199437,7.991001943392787,-0.878086105888847
agm002200004,8.065502017539922,-1.9972873476278756
agm002200026,7.71303507499059,-3.369722207823284
agm002200756,11.86438465912179,-0.6337006752102028
agm002201316,7.693818155326462,-0.432078258015288
agm002201321,11.397993765267785,3.4820164244809875
agm002201398,14.299607643103542,10.001107015892348
agm002201433,14.133808946084004,8.06837478213262
agm002201918,8.247118670677152,-4.39927290655906
agm002201933,7.979096744189861,-1.3774511416723243
agm002202332,13.713210306988058,4.659721791724403
agm002202336,12.145533870821575,4.605772824451502
agm002202482,14.054187352421673,4.571944924323366
agm002203153,12.893362762447651,5.62042545104236
agm002203187,12.026678361415383,5.352788721216885
agm002203325,13.604003690213403,7.182176560716394
agm002203339,13.425566224375165,5.224597797799583
agm002203351,13.8793225006458,6.679289734776709
agm002203754,14.156995000289221,6.515370424332563
agm002203815,10.378925685751115,2.766918221162816
agm002203864,13.571951150001196,5.125324586868635
agm002204065,15.929280542327302,8.98618322577999
agm002204244,14.58025243418289,8.973690292849817
agm002204415,14.140821297134012,4.153061494771618
agm002204507,13.612602728371606,4.43896825692407
agm002204511,15.270917253744354,7.383601555540157
agm002204619,15.545909447627006,5.681130267156821
agm002205138,13.614884607997302,6.250066280338189
agm002205368,12.872637997221785,5.670188847430134
agm002206118,12.509091638950538,3.8498907503099815
agm002206752,12.43431966523197,-0.014531464926984938
agm002206753,12.38873685961683,4.036855021482803
agm002206913,12.687714833764916,0.47465181949856
agm002207503,19.642784631315518,14.210438781923083
agm002207636,12.102031327212675,4.545789543719783
agm002207642,12.98189141168044,5.275378945697504
agm002207652,12.017170796996915,4.4965148674171
agm002207835,14.105338320428393,5.278595808011678
agm002208047,10.508865122246064,3.752834441294721
agm002208109,10.889549754985644,3.82469718175629
agm002208474,10.812260782246184,4.750391372471928
agm002208593,13.51326657637908,5.534658826788447
agm002208747,11.406959297378176,1.9317854466128628
agm002208780,14.78632332743315,5.327786867426003
agm002208929,14.976894990614413,6.444535397180503
agm002209057,14.407472333081436,6.309774040916643
agm002209087,15.506452557560019,8.43200978911592
agm002209217,11.527523440606862,2.6060896852908884
agm002209291,12.941351974605123,3.2905629362752524
agm002209525,15.482430227692346,8.689303241153056
agm002209585,18.136475639902862,8.34247987591949
agm002210965,15.847616108176727,9.967280904870249
agm002212142,12.154908599491922,3.036442363159948
agm002213018,13.614942457461119,3.8728423379496633
agm002213524,16.357121632112413,5.251466070352123
agm002213599,12.442734800268484,4.098253731976038
agm002213606,13.229064955860409,4.693792731532767
agm002213693,13.993111323705751,-0.23135479662659542
agm002214067,14.59134736745271,0.7569964001668067
agm002214173,14.054285905653298,5.6237634859733685
agm002214197,12.30041698136291,3.0113761994055976
agm002214286,13.44731143325819,1.8998655701150242
agm002214429,13.764007560402689,1.884020089170609
agm002214757,15.032747328621067,7.4062417440809565
agm002214772,14.483856435255774,6.080370619455961
agm002214829,14.325803349627748,2.6515163602483027
agm002214852,12.806163517748574,2.4740583837034755
agm002214987,15.151115423908557,3.262511702523542
agm002215267,14.127461641519824,4.882696266723959
agm002215365,12.957372563620273,3.8465652253126237
agm002215569,14.24779247421507,0.26983769793687173
agm002215653,6.727590318420077,-0.8502609276298134
agm002216382,12.08234079950961,3.341017306785935
agm002216895,19.417347189632547,13.545139556313625
agm002216947,17.107051974668583,9.225788345009592
agm002216984,14.673503543062688,7.442375007204287
agm002217255,15.543320171966151,8.277808029143534
agm002217274,16.91908260618953,9.680541227279297
agm002217439,16.31863215255491,8.860750442477189
agm002217705,12.875415433399386,3.9252480080420695
agm002217714,15.03570727854307,8.904064741594471
agm002218003,12.450298376366087,5.404021393196907
agm002218072,17.155941298777925,12.25868942992723
agm002218211,10.66464590858114,2.7131733511502047
agm002218477,8.75748119054316,1.8496535313800013
agm002218530,11.719914487863049,3.518338396583881
agm002218567,7.651053907330155,4.508930521358592
agm002218652,14.080564853216968,8.162135512959933
agm002218949,9.752022868557637,3.5893751740117583
agm002219166,12.142879030695603,3.849398374085135
agm002219177,10.877450147937353,2.6176440044317637
agm002219300,12.341367201005466,4.588450895589824
agm002219309,10.946795353805971,3.506359113126745
agm002219530,11.416400247652852,3.559270863901419
agm002219584,11.27721807571785,1.930187380113639
agm002219639,10.071647677815909,1.1244442352102257
agm002219647,13.01411628274877,6.767569879542512
agm002219780,12.452589229581031,7.762692683061887
agm002219781,13.087524408226209,8.106396730395169
agm002219891,15.838404487137467,9.110966172741126
agm002220314,9.97303354796942,1.2514069381964543
agm002220382,11.068844606822068,4.5239577745665285
agm002220436,13.344513273791376,7.66580156118561
agm002220564,13.771355103913754,7.131602948550659
agm002220631,13.253457085535349,7.628601336084918
agm002220820,13.94805662298684,3.8154010560816247
agm002220984,14.012959163455903,3.8699818183746983
agm002221046,13.35230972159738,4.434559855229339
agm002221136,11.498938973133546,4.942133996574896
agm002221461,10.489344487036687,2.6747146099253305
agm002221463,12.829093838896641,7.385987307297575
agm002221623,12.596924463816185,0.9021150236763745
agm002221637,14.199871616023195,3.4069219454130297
agm002222472,9.836495304683496,0.5719799769402201
agm002222576,11.522221722347126,0.5389734434044362
agm002223010,11.770689737736122,0.23224486995897742
agm002223034,10.292127003956546,-1.278348983501175
agm002223144,9.598636093801224,0.11769501783248071
agm002223823,14.110743932716739,0.9723879692627577
agm002224156,13.107660462523407,0.629812414386592
agm002224331,13.54895651858033,-1.6518452975995601
agm002224407,16.59251448423096,4.8681837410615145
agm002224582,14.020996550710075,1.2213029365664299
agm002224796,12.728191844258687,8.046296698450487
agm002225064,11.556744063066246,5.4873763169321075
agm002225142,11.509818496089167,7.766373950985459
agm002225198,11.167860771790442,3.4144332796445105
agm002225235,11.940627364676084,4.3321534814170315
agm002225498,14.887848098873041,6.4167270587478455
agm002225654,12.850491375645941,-1.3886606068662548
agm002225947,10.001907134104526,2.142262301068385
agm002226069,12.517368073232053,3.5723408876303084
agm002226257,13.224166687747152,3.518868611040607
agm002226397,12.164668481809132,2.253734716726316
agm002226415,12.31373781311167,6.0982945346745865
agm002226433,10.011088587942746,1.8339199870212066
agm002226436,10.318973350465374,2.080218368286719
agm002226441,10.507835850467005,1.6717034975270255
agm002226449,11.480004099149546,2.641885055143516
agm002226968,11.244854940488336,3.3127058079493827
agm002227501,12.042024644790866,-1.6164075249538037
agm002227540,14.191757787741558,5.470612524036333
agm002227636,11.274117600199796,1.7994060469715183
agm002227680,12.739342602659903,3.3091316048453074
agm002227721,10.74224599665782,1.5870645812509032
agm002229172,9.60653160446099,-2.648832756754384
agm002229411,9.499360547064809,-0.3148390417353717
agm002231353,14.173982371781532,3.1314063333836777
agm002231520,13.764591829456988,5.879590354343177
agm002232220,11.764974508422918,3.009547569784965
agm002232247,10.101289063246993,0.18091210623588197
agm002232251,10.214306486825382,0.26351486999407286
agm002232271,10.441029194751597,0.47002268175969847
agm002232493,12.615976619789567,2.182894154785231
agm002232515,12.153450232880877,0.7469777399845554
agm002232596,10.145188309758376,3.018944121648359
agm002232712,14.107106394267777,4.420052746466752
agm002232744,11.73989691283713,3.789930750746413
agm002233433,13.60232522564001,8.172359481028368
agm002233446,12.872119893851005,2.305568082754327
agm002233460,12.62142578603615,2.1539367058454837
agm002233928,10.673528874801054,1.194656459619921
agm002233974,13.271981833502334,1.9697230674988588
agm002234193,15.77225050365239,5.871704044327684
agm002234243,12.107950501999273,4.211332642506495
agm002234338,11.778539567438813,3.3356194866779263
agm002234751,13.347048876193142,1.058659207994553
agm002234836,14.604671693232953,6.45386907993502
agm002235583,14.412817359990763,4.826282293998111
agm002235588,15.968865107063948,5.729327361491148
agm002235839,16.19830750347242,5.867278661329678
agm002235979,14.200011812370477,-0.5879888470107542
agm002235998,15.872334960776973,2.449896286019962
agm002236285,14.61357318878382,4.948124297326797
agm002236681,11.761505093698322,4.073778224786997
agm002237495,11.615585432902778,1.3017727540126174
agm002237551,11.811544139113588,1.6842658010229397
agm002238421,10.65986719422548,1.795304237614745
agm002238510,12.415921521151107,0.8721873226771493
agm002238563,11.574568719644182,0.9369539953524573
agm002238619,12.188254499379719,1.6469919211694044
agm002238925,12.865863703817963,1.7910781269066394
agm002238976,9.369782408516945,-0.13696253228553346
agm002239100,14.799032709801837,5.575228068875071
agm002239115,14.970355839814689,6.905539566153367
agm002240001,13.319919598018902,4.345152805348228
agm002240656,12.496646674911739,3.587727411832283
agm002240834,11.907211407287843,3.1917124637750107
agm002241057,12.159050397338492,3.2608238873019686
agm002241510,16.370414403414248,9.49213139387499
agm002241566,9.803640665810248,0.38879786656078136
agm002241857,18.763345354526724,11.91017192232186
agm002243047,13.378751990177435,0.37454162992891443
agm002243904,15.969387331755597,8.089971889772244
agm002244047,16.97825803715005,9.33497027322428
agm002244157,16.380621542361038,9.100472861570962
agm002244579,16.97952668261882,8.0601684371894
agm002244648,11.369514413473894,0.8343012960013626
agm002244805,10.204031577309209,0.15723242922414027
agm002244849,11.302912131984835,1.108259337184088
agm002244894,11.041034359742442,0.4598093836494739
agm002245320,9.554715468461097,-0.3085038624153619
agm002245684,14.122541200350994,4.752157250482102
agm002245708,16.659121702182066,8.307911718598152
agm002245757,14.0118582117934,5.550963766462746
agm002246291,11.326535414426305,4.379736453260659
agm002246435,13.780849023971712,3.6446577797711703
agm002246553,11.653858276024094,3.968805073626639
agm002246612,14.727865095548008,5.215833157912142
agm002246728,14.31882643565239,4.108280252197929
agm002246752,14.15924282308396,4.599122753049471
agm002246764,13.175764601391146,3.7744498017650514
agm002246800,13.347311129563453,3.829586608783204
agm002247024,13.39314898427388,5.75767184265235
agm002247436,14.633298491850056,6.969887967805159
agm002247473,13.67275764708602,7.1446204410657685
agm002247485,17.972428011770084,10.319095498813406
agm002247667,16.31086451843748,8.10988369787942
agm002247726,13.836758242401153,7.244074405352471
agm002247733,13.981869587988287,7.34662584089029
agm002247768,16.117519662538996,5.561382991348935
agm002247810,14.587257237464126,8.247791568077464
agm002248287,12.494034731845385,5.572493128216827
agm002249474,13.214064341006159,2.450187326920638
agm002249498,14.333075873118348,7.097415827108879
agm002249715,12.138816833634177,4.76699468111546
agm002249719,12.281187490763209,4.711954585411488
agm002250184,11.293488376813748,3.2447969889660833
agm002250249,13.28362893008882,4.281513411191808
agm002250419,11.989283542053125,5.07826574117464
agm002250652,10.420253138699564,-0.8143834065854039
agm002250858,10.444522786866319,-0.9181844199963285
agm002250859,8.81350699245632,-0.6147337062266738
agm002252667,12.683614872696117,1.3760860501535503
agm002252831,13.816682766796067,2.898755811525676
agm002253192,12.145242216807699,3.6820541697819618
agm002253433,15.100113203450517,5.065246643762272
agm002253723,13.721300126664547,6.58183167369036
agm002254408,15.452961176538835,7.192646211265576
agm002254527,9.968296566157345,-0.5923075319458817
agm002254762,6.335380150059083,-2.5026440882902796
agm002255292,11.551782723990266,0.46907748823378154
agm002255542,9.503189271656685,-0.9125857787928382
agm002258039,16.269414242232976,4.1252965226902605
agm002259699,14.423864348032536,8.606478644657077
agm002260090,10.542684947974386,4.317454030235512
agm002260342,10.198553515064027,3.4693291277545115
agm002260469,16.11141419915482,8.54388163021104
agm002260473,15.035869981285778,4.1081471358859325
agm002260564,11.677643110368146,5.27512219890293
agm002261483,15.091524254274374,5.160832269687404
agm002261579,16.8612009787767,7.670138449826789
agm002261915,14.620659320559735,5.873788873195369
agm002261986,15.018088601403116,7.094691897121227
agm002261998,14.608894740266944,4.344821625279764
agm002262275,12.924965441395857,5.7179959607408435
agm002263045,13.416667532141279,4.765452896384827
agm002263104,11.896832062665219,2.09476062983817
agm002263286,12.228075853552154,4.0156673455074845
agm002263310,11.376767253717988,1.291498069474781
agm002263369,10.66995947808681,-0.10400820103741637
agm002263378,10.225510641578547,0.30946084443994337
agm002264516,13.47829970434359,0.6459166751069659
agm002264645,12.59190133159857,-0.9197785612152856
agm002265031,12.384592202855451,3.3769923580880943
agm002265903,12.819113708190068,3.3191681708464977
agm002266630,13.414979456768924,5.3446004315874704
agm002266715,13.231846433110942,5.964125187953802
agm002266754,11.42274679330357,2.8654005944000316
agm002266857,12.718626948736448,4.902629993328136
agm002266869,14.15170344836925,5.8883345106509015
agm002266998,11.775223789575769,2.9683162016816453
agm002267131,10.749499564916212,3.9638437310104613
agm002267147,10.810553858422992,3.6061909236091836
agm002267233,10.401811799156507,3.2021385584201725
agm002267242,10.039208643836526,2.9526935017298244
agm002267460,10.564551050823402,1.816228432590524
agm002267557,15.864791375248027,7.395800813132747
agm002268076,12.504890208074197,2.347388204888476
agm002268328,10.525949451943776,2.2879450823675866
agm002268334,11.128033207275807,2.7301408682554835
agm002269163,14.325819074631045,6.079080146631947
agm002272178,10.37079645134155,-0.6286070791869692
agm002272430,11.410056710745774,1.7726455875051201
agm002272766,12.876794495995163,1.7783776059967629
agm002274898,12.98277955463425,4.128847518908714
agm002275051,13.0798108027331,2.355222153329796
agm002275092,13.801269330622947,7.741469714528949
agm002275188,11.733203629295168,3.606635928956701
agm002275399,13.571916386146691,3.592996853617418
agm002275476,13.33349443223208,5.23173491025182
agm002275649,14.225533444678803,5.111782971346948
agm002275763,12.063497999711998,2.1357226586966283
agm002275768,13.791777399454428,1.9380180037954673
agm002275771,12.136547233589672,2.2110281280128943
agm002275899,12.457734065558235,-0.06364911134271149
agm002275940,15.311088717004958,8.007855070970475
agm002275953,14.422082831211005,9.70953432964811
agm002276184,12.831834413182419,3.155946794647791
agm002276982,13.33596813177545,5.503829790658395
agm002277423,13.230320707340136,3.151692191930971
agm002277804,13.753735598819759,2.494287581515895
agm002277805,13.734370970156178,2.50826950041111
agm002277832,14.815118071098167,4.0154880478589225
agm002278176,15.246305829424175,2.7530873972718175
agm002278395,13.976055897243302,3.0530478033920487
agm002278553,13.417137745616367,2.4382832305300015
agm002279291,12.447155166084954,-1.108127434470654
agm002279973,12.25479894961022,5.316882316210772
agm002279978,12.49518441919392,6.0062486552330006
agm002279981,12.796614596013518,6.17451963181724
agm002280877,14.900988771126592,4.110214071672783
agm002280919,13.891904070077679,4.155418874575594
agm002281159,15.729972636764634,7.721654852397915
agm002281206,16.151312288550198,8.191754203071659
agm002281463,16.44797266199898,8.47532640726495
agm002281592,16.92101113885175,7.537810116512432
agm002281612,13.673478515342723,4.1705509201868045
agm002281643,14.519069700521262,4.721125332517763
agm002281691,14.89554143369525,5.19909481681369
agm002281746,15.501064921450913,5.469523718090111
agm002282303,13.395286084242924,4.755827357470321
agm002282484,13.346123137807643,4.7967720222367465
agm002282486,12.541622628298317,5.577809180424706
agm002282571,12.026930428696602,6.274438888100049
agm002283497,9.800137747594313,3.1430677331359336
agm002283808,9.442988433125423,1.792632260307337
agm002283838,10.067741403510611,1.2654470129026631
agm002283846,10.52633252964437,1.2971360035806647
agm002283856,10.783512273886773,2.292764686342153
agm002284047,14.359988906080838,8.84572564321137
agm002284068,14.841032811233223,10.097638899446999
agm002284117,12.83132593417815,5.206257214921164
agm002284945,11.714094019927858,4.573469368130195
agm002284948,11.025263813233805,3.8497855567385613
agm002284959,13.97233690977111,6.654428503350513
agm002284994,14.487974854883623,4.111355861082423
agm002285273,12.931608236299718,5.060873165417268
agm002285660,9.851376748913529,-0.8095799158530083
agm002285799,13.48204645721529,3.9434767973795837
agm002285800,14.145067526765374,7.6353947847072305
agm002285905,11.146883840620902,1.0178937519130358
agm002286318,12.529136340199592,8.24903375373364
agm002286333,14.587740918830965,8.968457766601215
agm002286361,14.846230801933059,9.109908923025694
agm002286400,13.932044748177786,5.131794396784228
agm002286444,12.365185840110277,2.202427924256223
agm002286803,12.413957124173637,4.3759261981587585
agm002286833,12.15241713782723,5.3832023633060215
agm002286892,12.94458676530041,6.1270959795550795
agm002287155,13.828110263619001,2.208810225045209
agm002287665,12.807285809361414,5.860451777364808
agm002287668,13.958627787916228,8.177799686981524
agm002288364,9.649716725255029,-0.31882327884735656
agm002288761,10.446007351119416,-3.138124508008225
agm002289146,11.723810070291643,0.44131333962032837
agm002290570,10.811396512988996,-0.6387767037379932
agm002290571,10.957582707409449,-1.9852929028223967
agm002290589,10.617757354940869,-0.6337922823393862
agm002290629,10.705520074980098,-2.9134291058152098
agm002290635,10.276462046117725,-0.9404972109499505
agm002290788,11.299003821158236,0.10861518083637645
agm002290921,10.88385078957657,-1.951120180706706
agm002290960,8.655031413072082,-1.947209806879048
agm002291021,10.788653975075126,-0.9249088498318017
agm002291036,10.509334959785042,-1.15655521882418
agm002291775,15.477822360151754,5.719928408488242
agm002291791,13.767617369044052,3.130318030627019
agm002292147,13.81333223589479,-0.7772966833285764
agm002292324,10.600636531971965,-2.0462357860173954
agm002292378,11.61210201872666,-0.4984554814708453
agm002293258,13.25925407711394,5.689665894257034
agm002293349,10.705268800406133,4.064042609870167
agm002293395,14.254675970286536,7.8903986994448365
agm002293500,15.400893616183856,8.154788824450584
agm002294749,12.913906880764495,2.978357639343609
agm002294796,13.26204277293127,2.6543132033922943
agm002294828,10.917331115148302,1.6513372067774963
agm002294837,11.473232649686825,3.436793475441964
agm002294851,12.657880412780486,4.128596098619662
agm002294882,11.581625172383395,1.4317390189876904
agm002294995,11.421652798799318,4.821311099485742
agm002295178,9.922617969211405,2.8452424824099953
agm002295203,12.151669298415555,4.2599026010147805
agm002295287,10.300576496327162,2.959445832001755
agm002295460,12.516951259829211,5.663770923797693
agm002295705,14.49012454433412,6.542303393614966
agm002295708,14.492927179853437,7.073949397277016
agm002295727,11.86764524919292,2.8228872662447966
agm002296063,12.996815484020741,0.20892859079675694
agm002296640,10.66792893324232,2.080670261300539
agm002296659,10.812384994294648,1.7385015584301904
agm002298321,8.909615967458366,-1.4795677838431587
agm002304887,14.789949787706778,4.134030453885626
agm002305053,11.147211681398126,3.13496168834403
agm002305058,11.452208909110853,4.115510643136811
agm002305062,11.07971245575902,3.8514452535967223
agm002305070,10.291616904414226,2.4759203830704806
agm002305073,11.957844021945132,3.8307760228019263
agm002305120,12.24827620282755,-1.609326504052953
agm002305349,13.703339068436096,4.748030911701285
agm002305596,14.365433691577069,3.6381638294935263
agm002305630,12.859829887091534,-0.9079177335354652
agm002305868,13.890085155390713,5.265348190311041
agm002306192,12.442267390550716,2.921139716890349
agm002306241,10.033547309315713,0.19827687220519863
agm002306911,12.75159698619297,5.885769784288103
agm002306916,13.555925838082977,5.345702749990376
agm002307086,14.144000013829995,5.507380851364293
agm002307196,16.11712768694374,6.763905075771921
agm002307312,14.728295879973238,4.962387311996152
agm002308042,14.26438326505624,1.0539361667450748
agm002308224,17.510467160724044,11.169820043022424
agm002308517,14.046604832604842,4.199319450135552
agm002308534,15.192230796692945,5.134556804021061
agm002309062,16.037855836853694,3.4627159506891387
agm002309149,13.48821254852896,2.967443923333299
agm002309236,14.4209834825633,4.412515890345285
agm002309339,14.683741513951938,3.6353388057926255
agm002309501,13.604741186199645,-2.093202808937215
agm002309767,13.64983148752767,2.7647279160104836
agm002309857,13.679374316064388,4.0392906421877655
agm002309999,12.853286578009092,0.5412160784295121
agm002310132,13.628057406736508,4.057482589575829
agm002310154,14.582431262323917,4.9808040653329435
agm002310451,15.341687264335947,5.7917484855557095
agm002311071,13.147976697530774,3.691885886326432
agm002311443,14.019798558366611,6.966363619196518
agm002312991,14.036368989417525,1.4822892597768955
agm002313129,17.294063717349147,5.091372293796726
agm002313670,15.612963144186423,7.556749529673828
agm002313796,12.403756164991828,2.1349584300980347
agm002313816,12.605186813803613,4.225192471040739
agm002314112,15.166179869697178,6.852011865433637
agm002314306,14.181921273484521,8.057720587530664
agm002314359,12.702609136908931,3.226225734621167
agm002315115,13.93429247042802,7.514204556880716
agm002315176,13.90797831329884,6.281924985033984
agm002315540,17.76836206822631,11.238099490720455
agm002315541,15.262629024128657,4.469588603804427
agm002316227,9.797922779160224,-0.7063510306486455
agm002316478,11.839600458910969,0.6928109870186475
agm002316910,14.358384092736637,5.15897228914945
agm002317223,12.90843426117891,3.9791202639066334
agm002317279,13.39348642178215,-0.6124789530167808
agm002317611,13.868045512741327,3.34351075465937
agm002318319,12.046633827777999,-0.56664539950348
agm002318725,12.924964629452468,1.6131871234297417
agm002319941,17.63989109550316,9.93517499618865
agm002320633,15.875458581783574,7.039218676767992
agm002321004,14.914838183773265,8.193392293522312
agm002322064,10.715295613233442,-0.951062245169414
agm002322281,9.619485294802958,-0.5147228171073598
agm002322921,10.590101281045937,0.431403537374198
agm002323441,14.475667919819463,2.755140528068433
agm002323454,14.637657777969467,3.426444069161962
agm002323565,16.207662188093533,7.6965048601604575
agm002323593,13.837259331989722,3.238897175728352
agm002323728,14.278431654750985,1.9593834065539983
agm002324215,14.89579806033651,8.5456281909826
agm002324409,12.499526177575552,6.072598844280122
agm002324410,12.19729838334188,4.567691944561112
agm002324450,12.35248799706188,5.27364750861106
agm002324488,12.578195366084815,5.812462015188589
agm002324497,11.716357075325618,4.217219019511337
agm002324795,13.241300225823684,3.0756356115234182
agm002324868,12.402033832571778,4.225887972328676
agm002324989,11.597201189623107,2.5809701961470166
agm002325003,12.975372770364729,3.266413784361312
agm002325158,14.694401724619409,8.067052721804197
agm002325373,12.491762067810392,-0.2585388519876668
agm002325413,14.514169629010523,6.483115690706898
agm002325812,12.562048234764578,3.2010722437303185
agm002325835,13.739218122842676,0.44095374495434925
agm002325845,13.583194202889564,-0.019191178241862873
agm002325899,14.51710009276355,4.10469328702565
agm002326423,14.698389348342582,5.578699337886221
agm002326618,15.251000568625827,7.477674024981001
agm002326661,14.104361714732653,7.525299869388129
agm002327056,15.409224792753047,8.106039499039362
agm002327171,10.033225831518811,-0.680042293469767
agm002327689,14.035185546283559,6.417752232766761
agm002327706,13.464497923018973,7.523247696194688
agm002327721,15.717670410005352,8.023454689267707
agm002327842,12.748441744935839,2.6075629497850565
agm002327849,12.992549769948155,4.005277848771417
agm002329681,12.969626645371,1.1034169856746345
agm002329682,13.971846307329558,4.455526928500389
agm002330331,16.383402627895798,8.443001620692593
agm002330347,15.914007426242057,8.189620157196291
agm002331197,15.438422327258266,9.106696247519343
agm002331718,15.729451568335872,9.047765669848227
agm002331738,15.081431398699587,8.55273707169477
agm002332067,16.63162191159134,8.54947167343286
agm002332251,12.440242804313018,4.190883225914553
agm002332284,12.79319866932586,3.4455361147399373
agm002332292,12.576122823356444,3.316939595879036
agm002332731,10.696596993991475,2.6927365710843083
agm002332756,12.520452799835285,3.6625821862999244
agm002332867,11.280747965260089,2.096658580707949
agm002332899,10.32718856310982,3.5076875653880144
agm002333119,13.583991838388407,3.0186652685706754
agm002334636,14.787685802616627,6.6316030575225975
agm002334707,12.110405077865222,4.767019382221812
agm002334777,11.878648645928664,4.507064082613862
agm002334806,12.369490858828538,3.8875375435573942
agm002334811,13.524834216038332,3.8192430018469183
agm002334836,13.409406491422057,6.7910697988278645
agm002334890,14.608328220415734,5.043951521387856
agm002335078,14.958252550636137,7.412528582073865
agm002335142,13.19038065509463,3.626551665440006
agm002335655,15.139432733637946,9.973737721033615
agm002335680,16.872915219523378,8.032267135375276
agm002335727,14.287914000784399,4.4338966904621
agm002335788,15.594314611176891,7.135609845128887
agm002335828,12.038964897104036,0.24419579607330721
agm002337307,14.125384512879144,6.474146798025039
agm002337310,14.455986834701735,6.823817629302747
agm002337315,14.339125598927794,6.633626709331885
agm002337317,13.961613418059466,6.29291247267048
agm002337320,13.788829847722994,6.078812964579347
agm002337338,13.072440676868675,6.5229362495683265
agm002337435,12.623526678904755,3.8295996722463874
agm002337664,12.515102619487159,4.219201769347923
agm002337675,14.153033889856601,3.308611470640078
agm002337718,14.051325132039262,3.232291111512967
agm002337741,15.03669487278222,4.1098563108018045
agm002337792,13.736538620461113,4.729541646039024
agm002337804,13.835404395593631,4.8045212860080255
agm002337875,13.3883591953013,3.0724149594169874
agm002337916,13.793754621209306,0.49992713738628397
agm002337994,13.010935210213214,3.9358759929597618
agm002338016,13.350787245083529,4.821064586696084
agm002338855,13.95752893476082,7.8117350754902715
agm002339009,14.181078718089157,2.693496962395902
agm002339051,13.05311171285227,2.6889963278877986
agm002340001,8.646326100691402,3.729792912779788
agm002340004,11.369829440449923,0.6697277940331674
agm002340916,17.565787537203235,10.71178516808117
agm002341182,14.81880481317159,6.749788051729192
agm002341298,15.044207387944777,0.4623296778244651
agm002341319,14.453558041235164,0.313117335139944
agm002341749,11.408515559935394,3.8966675279352927
agm002342191,17.446992424913024,9.774291470562234
agm002342265,12.012675593842035,6.306657838347867
agm002342336,9.727831287946591,1.4299883906842608
agm002342375,8.119050457826837,1.3636612911927593
agm002342414,13.316296942915677,8.204133026733977
agm002342527,11.486400201016282,2.3433960452807923
agm002342543,12.191295219993089,3.308796494935706
agm002342549,11.318258069206129,2.350292135723482
agm002342582,8.059711723769732,0.32438597730284435
agm002342636,14.52747182236562,7.811355734403981
agm002342678,10.794980578743791,3.2893581530987923
agm002342682,12.208675007492381,3.7241730409143075
agm002342717,9.967211297216258,1.8456740014834299
agm002342721,9.607283943839734,0.4339401816270498
agm002342775,11.013342202384715,2.412796408897774
agm002342802,10.675292560581127,0.7523261744004847
agm002342850,14.185114371541482,8.287896998990634
agm002343326,12.82457739869817,3.669114020941457
agm002343392,12.973501155261996,6.6444631433838
agm002343415,11.277756406931585,3.911076530208965
agm002343640,13.734385767543419,7.597655567268551
agm002343714,12.062817264466426,5.340271760936527
agm002343979,14.136434501261993,1.382597718340581
agm002344054,14.20544841075124,8.081801187665098
agm002344069,11.408130115415585,2.016213151320419
agm002344123,14.018781918280588,4.448345379763023
agm002344125,13.87917125842267,3.647733112480573
agm002345002,11.435923863371189,1.3146312583322457
agm002345252,10.942838342797145,-2.063936834595232
agm002345368,13.725253259280121,4.418414371292751
agm002345378,14.368185738181262,4.206282049847126
agm002345379,13.434404900644394,4.22005002270662
agm002345434,13.742003638470342,1.9073644156984373
agm002345477,11.512240497031916,-1.004831751334084
agm002346272,8.908851153959104,-0.3953825465019962
agm002346294,11.949326216954205,0.747336439024795
agm002346309,11.495439513455242,-2.7656216868899053
agm002346394,11.580091909597336,0.5331555362592113
agm002346496,12.824138891490119,-0.997559820217002
agm002347336,11.256627104151546,4.8096610666713175
agm002347342,12.450763850040097,5.2340457675871095
agm002347361,12.195852898549587,5.912404812980324
agm002347377,14.2196242394113,8.157756944043692
agm002347410,11.4684487946803,3.1196701055943934
agm002347831,16.031714331492147,7.276380772659634
agm002348067,11.385893330447642,0.5966763370184284
agm002348236,11.70113338197009,3.2277718274536498
agm002348274,10.74056374760501,2.5590478732158184
agm002348281,11.128976957167033,2.9804924457065614
agm002348299,12.436156350966606,1.5786017510742512
agm002348584,13.901774588458162,5.164459028283161
agm002348636,12.32873227098687,3.49543632619998
agm002348661,13.40555474635289,5.1489406792911305
agm002348756,14.363801018839911,5.778426241135793
agm002349320,11.642669947689107,1.6629991474404828
agm002349525,10.004734380237142,1.4983169378670929
agm002349571,12.141756614355293,4.720986123456186
agm002349825,15.205754736892002,9.252532794293813
agm002350119,12.620153405462943,2.4491789507339994
agm002351569,13.64777403073923,3.662216786892028
agm002351700,15.626444382581719,7.572939545092457
agm002351718,14.179853130343208,4.752856598698509
agm002351755,13.828927273209844,3.3247554447162515
agm002351760,14.517584266950573,4.64779238267452
agm002351806,13.911003208695496,3.740177131071963
agm002351852,13.69371707004293,1.0391296912963686
agm002351929,15.010713384575768,3.227387042057417
agm002351934,14.645728683153914,6.146498532832402
agm002351943,13.125265072894505,-0.7004987089913666
agm002352974,13.737392941819797,3.03078078122369
agm002352980,13.050122759270096,5.047485352250467
agm002353139,11.881156194214837,2.4475641331197906
agm002354309,12.314057280162217,5.5879134859897865
agm002354321,13.854121101329103,5.537398746655599
agm002354415,12.141729707527118,1.5344191891539676
agm002354465,10.750628529078337,1.1291673439861523
agm002354582,12.713672183129397,3.035887531362114
agm002354600,11.884400929641794,0.7390221812238327
agm002354616,12.328274759317313,0.991836910570111
agm002355015,14.41065930243282,6.839502238749853
agm002355097,15.295904917910638,6.214706550874115
agm002355385,13.283460037523147,4.942006751625634
agm002355438,11.054493618013174,0.6904323201679503
agm002355565,14.07610957079603,6.368940113004335
agm002355685,13.72739735011426,2.2441328463944523
agm002355854,13.846132958420723,2.0020237264074296
agm002355863,10.950074895805942,-1.809530378181775
agm002355883,11.859844365007659,2.7936336479305126
agm002355902,10.653259540667085,1.6936186734215433
agm002355941,12.893376738049694,0.8798065036390383
agm002356027,12.596011875383747,-1.4623606666386604
agm002356032,12.536480063853077,1.297834336024638
agm002356155,13.154219624736065,0.8755052009885418
agm002357219,15.342150385927809,10.132806357406826
agm002357479,16.464475202861053,7.730665310464381
agm002357480,13.666338526783827,6.265597212234174
agm002357818,14.704090571799835,7.784080376379736
agm002358489,12.38842052457006,3.224122485459835
agm002358798,15.003371216521886,9.901830389082066
agm002359395,15.117837190582947,9.663620195412747
agm002359633,15.012847294049157,9.23648553796025
agm002359675,12.967636187769143,6.628013769829687
agm002359956,14.022594321786581,7.575386086194966
agm002360004,13.80761125991901,9.078362415064284
agm002360094,13.363608804531511,7.8511750540471335
agm002360110,15.73157158778348,9.713756667088852
agm002360170,13.81281233569802,6.118905411472229
agm002360175,11.178272122151826,5.590168352423217
agm002360231,14.211577640093722,0.4409798528472336
agm002360243,12.116705229084074,5.014995136519948
agm002360307,13.934166842535886,6.302651282429038
agm002360344,13.34890264367437,0.5982340548217971
agm002361319,11.755900728483946,1.2708426527629204
agm002362059,17.040087662601277,6.008480234415593
agm002362107,12.38786151540925,2.9198954309851572
agm002363335,7.140610966864513,1.4146456565214394
agm002363498,10.149924515726086,-3.6061950800143046
agm002363530,9.204265483542413,-3.018130713536697
agm002363578,9.958026149166857,-2.353540362366356
agm002363723,15.631499504795347,5.942185860241191
agm002363730,11.797625176784667,1.4620592351868367
agm002363731,11.96994398282708,1.962689644106416
agm002367171,12.135701958131937,0.5801918251148621
agm002367345,15.64228092075799,7.917142525011597
agm002367592,10.322375821946816,0.38494161299686525
agm002369906,12.344976181627217,1.6831869646462136
agm002369965,11.006785864279058,-0.17127753940814827
agm002370140,12.7460479785134,-1.6881150117368524
agm002370553,11.707689053487655,0.8150132750522525
agm002370609,13.143046170526626,5.11927323796512
agm002370790,18.917239002885896,12.685476255542033
agm002370987,13.217750486762254,4.457924140707478
agm002371033,12.189607359358757,4.992539475650032
agm002371119,12.519996325254576,3.9341478632113067
agm002371153,12.155960009403785,5.0774104785487175
agm002371187,12.805389156067994,4.083033670602272
agm002371193,12.399011576893288,3.5848518833834917
agm002371271,13.145693554168487,6.0646325941694945
agm002371274,13.545985911519862,6.567554530788727
agm002371759,13.668197681868088,1.3309417626302988
agm002372916,13.374534848383332,6.013688601898184
agm002374467,15.863482776693305,6.418865803436337
agm002374582,14.770584093092342,4.957908875944028
agm002375174,11.003032867280144,5.043032131328808
agm002375313,12.943024373988443,6.448123079429418
agm002375409,14.676658655041393,3.2728423188285403
agm002375621,13.17162742973405,3.8727373332762993
agm002375622,12.769756703227992,3.474469109817683
agm002375998,11.172512217033,5.034198621549886
agm002377249,12.197731265546214,-0.7051895872125318
agm002377306,15.653942892106775,5.264660260024529
agm002377594,13.457976288431132,4.019678367868389
agm002377612,11.954940982198965,5.210182044438047
agm002377638,13.821145746318535,-0.7334428228858272
agm002377774,10.271306098866452,2.393602007658027
agm002378078,15.769235428709175,3.492675652398982
agm002378201,10.848348033772533,4.411758736243568
agm002379046,13.817044646120825,4.830606568210257
agm002379076,13.387779009086406,1.8608319990220838
agm002379240,15.184992319255231,7.044146891987453
agm002379297,14.511363245361094,4.822456749781231
agm002379530,16.539007351760215,10.725705359090213
agm002379582,15.908027360088434,7.925792478605426
agm002379710,14.418583956087469,3.9042471360591353
agm002379756,14.898196116640424,5.037684112643433
agm002379758,13.959851499479244,3.450088850665937
agm002380223,14.666352431441808,2.163821980073388
agm002380239,13.601413546776152,-0.15964832399743045
agm002380360,13.28586559418276,3.376804385623289
agm002383792,9.84558536619151,-1.0976877411227608
agm002383806,9.822062302393965,-1.7933471863175363
agm002384376,13.68816574929643,2.086100213500945
agm002384571,11.04014735848032,4.733289069031428
agm002384728,12.047142341066108,2.8380877877166144
agm002384729,13.160980587238733,2.8226304879299526
agm002384824,13.452115675571667,9.639367663940638
agm002384948,15.243838075160987,9.20059407587373
agm002385293,13.423147997531293,1.309018965696487
agm002385411,13.614397762181438,6.593572496559862
agm002385525,14.77690224643424,5.884864136903399
agm002385594,15.151309681522187,7.514515310956094
agm002385637,14.118664544632944,3.986299216750538
agm002385776,16.577832253886207,8.712171063478566
agm002386093,12.35727309557935,4.034496064336296
agm002386165,11.034782631768515,1.7381638062245415
agm002386180,12.109166677658832,2.3357305085133326
agm002386293,11.765921061291854,1.6389380544116392
agm002386297,11.869264012397677,3.0328457541522815
agm002386485,11.087109127961497,0.0369207596757164
agm002386666,13.613555011469074,0.49881631791534176
agm002386921,12.920781430028276,5.9521371752440055
agm002386978,12.059576913161978,2.9693943249596537
agm002387002,11.469435699704626,2.823679065748872
agm002387164,13.167737146755599,3.9021352288921904
agm002387204,15.310047441468916,5.592687278408311
agm002387255,8.363680989583791,0.21777583580836612
agm002387836,17.639182301763256,8.911400737254171
agm002387973,10.113195448064353,-0.45487563411193815
agm002387986,12.214506352546346,0.9927666114240464
agm002433306,10.676985823798098,-1.5703779601455181
agm002437434,17.339677211327235,11.76431367483386
agm002441043,18.97532446592278,9.131206407993016
agm002444968,14.903077324312747,8.10539871069013
agm002445134,12.850893799362504,5.38078631363917
agm002449630,18.147581408471922,10.053445117028105
agm002479708,14.635109314133592,6.359407733904597
agm002486826,8.396208801921722,-0.1935432612152205
agm002487107,10.556097611296941,2.2483181875649736
agm002489068,6.69289888495995,0.9723858896581639
agm002489958,7.1910520333361205,-1.0454969101662903
agm002490355,12.074348682673081,2.57211128753013
agm002491523,10.07247819256647,1.4997553365316043
agm002493090,10.204001467103193,1.0562712149521076
agm002496001,8.290377964417274,-1.094266025243335
agm002496497,9.305073186710334,1.4495843437938383
agm002500500,15.978776048798395,13.231842274484029
agm002503810,19.85518454718234,14.094831490646566
agm002533104,11.683389430230362,1.557387536575348
agm002533211,10.14439265542465,-0.29801055303465984
agm002538568,12.53282611362749,5.288425576346239
agm002538862,9.410180977677712,2.5707718027734168
agm002541635,15.506165389908105,7.835913566698457
agm002541671,10.594050934192376,-0.6541242690533423
agm002557126,12.844620790094345,6.226815314599703
agm002560965,14.497593567985103,8.980162801126403
agm002563541,14.910917347107638,5.892448344775156
agm002564031,12.444137594267634,4.8220907129120265
agm002565430,13.568734702521516,7.921401106537242
agm002565833,10.238138722766895,-1.1545081674127644
agm002565837,9.878440896686277,-0.03778579017932273
agm002580039,17.06754942762731,8.665431781612831
agm002580145,18.471524159193812,8.087279006317107
agm002588347,18.772335985061904,13.057447897843588
agm002634309,11.547020574401131,3.1844098223160806
agm002635431,12.421970903586823,4.215656676013021
agm002643054,17.023258724743048,11.084370528940683
agm002643914,7.652952518044141,0.24722794388432856
agm002646767,9.670793364087341,1.0280975491499493
agm002655487,13.513486623894389,7.054789037751508
agm002656185,13.979618774462772,8.085198591764582
agm002656429,15.973546667823374,10.964482449133266
agm002664428,12.372526748546793,0.019040551192426314
agm002685804,13.394392109607676,-1.6525923272088274
agm002690338,8.859165653695165,3.511455009547084
agm002691451,11.369119070888006,-0.0223116149661422
agm002691681,10.369339200859462,-0.228739283469932
agm002693125,10.053634185189631,4.852435226936442
agm002693309,11.209233829051879,6.170996818534545
agm002693681,10.964540439242958,4.559373982971639
agm002694384,12.296764795641067,6.489540042775691
agm002694433,10.95357853951179,1.9054192568762192
agm002695685,11.798299989390785,1.4508547487040566
agm002696841,11.860223031969598,4.225931379368772
agm002698393,11.782315418285389,1.2235193748889293
agm002699666,11.941313387676376,6.707637214827651
agm002709872,13.257524835676373,9.192866498153787
agm002710296,12.806366549964899,11.329476075659429
agm002711444,13.031989830461997,8.20269431360897
agm002711640,14.509301527961865,7.13059520151605
agm002713600,13.111205683417374,-2.7129722387629744
agm002715581,11.312961167832473,1.5370792693092534
agm002724743,13.423783953848599,4.964173000742816
agm002726005,16.37952130676255,10.782323227375523
agm002734762,12.321617156980706,-1.1724942383274177
agm002735022,12.238338430628955,-1.6706044376168476
agm002735310,14.881054059625779,7.297770142314603
agm002740723,8.754269486810793,-1.5429145444421106
agm002741707,16.4905949007372,10.5019591174745
agm002746612,12.301483647303401,0.23990860955346616
agm002748502,11.155308224757022,-1.2080966351615041
agm002751012,11.297381095460091,5.794301268685215
agm002751663,11.42808523618447,3.6976231504534445
agm002751911,15.373737143145968,8.764980741512726
agm002758040,9.403542743583316,0.07843684292373698
agm002762023,12.842147447504587,4.258130996341524
agm002766205,13.971931516298548,8.772474344982925
agm002767482,13.653432110030064,8.666254444888336
agm002780850,13.844423569147796,4.941343581688532
agm002783879,14.103285295672888,5.806952415039948
agm002784712,14.580752265385582,5.970673641563634
agm002908082,12.120204066735747,5.822613070855555
agm002908120,14.124351005428172,5.766798118217745
agm002911883,9.424186705072126,3.424792420972165
agm002915699,12.96141332419783,8.363209882985736
agm002915804,18.17641570984911,11.864486448919818
agm002919601,11.36616818117149,5.938312442983817
agm002921459,13.157654244590773,6.8453720056013525
agm002921730,14.187535600125367,8.147089962272066
agm002921778,13.809252500284217,4.386366357588058
agm002921877,15.63685400010878,9.336968503336633
agm002921897,14.674731960017652,8.48428377519298
agm002923650,7.498704281404893,-2.315785125380761
agm002924171,7.600556276360675,-1.830899870278212
agm002924355,8.675650620293759,3.7373273613288225
agm002925122,6.644293552728909,-0.6925981607255395
agm002925285,7.463433778480576,1.6698930950677109
agm002925483,8.06966445075814,-2.430534163992582
agm002925861,7.9712959489099955,-2.518232528898077
agm002925962,10.623930578954967,3.0465205303387477
agm002926182,16.686115152060353,7.848993141558059
agm002926251,17.28215720324389,11.378501296375408
agm002927674,18.047796880856968,11.828597946587754
agm002927676,17.285054997718824,11.447698015150173
agm002927949,14.070759374542192,4.299913794299412
agm002929161,11.208901389221044,2.9699599868833446
agm002929193,11.985072415394232,7.080822330940046
agm002929602,10.7235832062092,5.144709046771
agm002929617,13.252418398627658,6.739749489318511
agm002931017,11.430817484851563,6.092731205450107
agm002931035,11.997300327237085,6.625487378963072
agm002931091,15.110785933696045,7.942139285033065
agm002931248,13.233250846309753,7.094702032969333
agm002931293,14.892653840115255,9.14115848944243
agm002931525,13.339799757692418,6.098909482487282
agm002931756,14.278021482031932,7.032097405727178
agm002934406,12.249291030429735,4.376624894685136
agm002939014,9.899704681043534,0.8424671451102739
agm002945981,10.596061799819307,0.9833818826780316
agm002946123,11.088466208824844,5.021795264014128
agm002950236,14.476933481527103,0.9912348169736817
agm002950623,15.029268200917489,9.402488789072722
agm002951443,13.198387953025644,5.980079815629432
agm003031822,15.80768806169812,8.744959685144146
agm003031856,15.038381087495326,8.17885328992617
agm003036207,16.082782263435515,8.868563484352698
agm003043138,8.32234344366386,-1.5551528820521454
agm003054418,13.513815410128998,6.607818230629203
agm003054621,15.423935994974755,9.556732782715404
agm003054641,18.534748164536076,12.453943886824458
agm003057420,16.432940336242805,9.518486653888312
agm003057422,16.17293844782846,9.123427847711199
agm003058487,13.188268742320057,7.351118713654938
agm003061489,13.293634795639008,6.310142748023726
agm003062288,12.905964813292506,3.457792756820821
agm003062395,12.61358751185005,3.8160448925365222
agm003062628,11.364980820524902,4.571664635359615
agm003063415,10.724876701751484,4.770831000351125
agm003065468,13.922549772301378,8.498291529209823
agm003066009,14.504801124924319,8.75314385898537
agm003066332,14.161634973045695,8.203180420708245
agm003070364,6.991592598768066,-1.067608564243087
agm003082154,19.108101895495544,12.922553816440152
agm003082642,16.800082311859338,9.45577997992315
agm003082742,16.29673622636719,9.155206953471426
agm003084782,13.662180061140935,7.87126106210372
agm003087673,16.211406592959214,10.796532516149865
agm003092240,13.094566287979063,7.038047735376346
agm003093874,8.085489652043258,1.5401560999656976
agm003095455,12.531666689558328,7.2210673293349075
agm003096016,9.198089808603818,3.4767711420059384
agm003096021,10.062089464343254,3.9729420448190615
agm003101411,12.921662545439863,7.6091810165045555
agm003101955,14.992038903434485,9.413864667227285
agm003112455,12.472668100635234,6.683783476250902
agm003114970,12.358245500072462,5.548435040539998
agm003115753,13.441799091107416,6.900703100505233
agm003116304,14.100296048577428,8.345054250400066
agm003116314,14.284500512041808,8.380766556666272
agm003117072,14.634187623897695,8.873770882146848
agm003117075,14.749211783830695,8.921060641800175
agm003122048,8.803351053305608,2.511484131948844
agm003124886,8.418484935894105,1.0898099282436657
agm003124887,9.122247648572614,0.13944376349992815
agm003135176,16.99566397623595,11.09442357862409
agm003135202,16.477643643189715,10.707405244521931
agm003142277,13.01423465148415,4.965297768362076
agm003142944,12.141452237691276,5.4527701124462995
agm003143786,13.397569761746183,6.7528662918497275
agm003143830,13.180601325534855,6.112988724305
agm003146934,13.921963597602483,7.972591448598746
agm003147126,15.302750458815288,8.118138156097276
agm003147397,16.436641324046544,9.332062574238066
agm003147491,17.05597143360443,9.459480237903682
agm003147912,15.888745932026351,9.741228733129772
agm003147923,15.8783031585275,9.736068998088149
agm003153740,15.3187143105445,9.370651070497695
agm003154711,16.06010007855605,9.95983015824302
agm003154712,16.059579043440394,10.22655977773447
agm003154955,11.29954724165452,-0.1764733720536841
agm003155230,15.419178698978337,7.305103066864469
agm003156881,16.301885701658552,8.93502239719142
agm003156985,15.932470446122998,4.945916143193018
agm003157199,13.392881148357041,5.877471894834178
agm003157286,10.874139772470139,8.175321711788477
agm003157405,14.739222231398402,7.378047581017082
agm003157441,13.619934445840794,6.774154511132567
agm003157478,15.07340109920408,4.768154909849288
agm003157490,19.268712289960234,9.053559038220115
agm003157501,15.203525518259209,5.315980232237926
agm003157507,16.166107619847928,5.959132266800266
agm003157524,13.247203209058151,-2.350655863638787
agm003157546,18.029316604368862,3.6736963653908585
agm003157581,7.733698734717759,-3.7206790561198773
agm003157639,14.365871664327678,6.585019348992084
agm003157649,16.931451786886136,7.8328164750841065
agm003157659,15.375517283766978,7.889812404205761
agm003157668,18.972879811144917,4.49252303892948
agm003157722,9.511112954468441,1.2423848449105614
agm003157789,17.1312632422576,11.149203448201291
agm003157799,17.14776847611473,10.071735935032468
agm003157852,10.683902521837995,0.054724498552542876
agm003158066,10.85004932639692,-0.9023372271538754
agm003158086,10.691243112033893,-0.9086109898080904
agm003158186,14.37209955141237,7.970070723289304
agm003158455,10.638953538375763,5.215663639267042
agm003158787,11.78356396286452,0.8167952091841985
agm003159070,11.842643672560769,2.604192477431957
agm003159274,11.95538082134606,5.9448629463281035
agm003159573,12.431909306558074,7.128610855414042
agm003159581,10.056580943066512,6.232889748415108
agm003159725,12.08676511038506,0.150722955780477
agm003159792,11.68022219961476,4.392616720693639
agm003160066,16.810151253683053,11.590003743394384
agm003160263,13.449143769587069,8.110472860587288
agm003160348,8.942567334753251,0.10910199662530336
agm003160463,15.4338623036928,9.102328398068417
agm003160479,12.567676263867163,-3.909276100753607
agm003160499,10.463059148463818,4.4387836520124475
agm003160506,8.634065549689792,-1.0955244624686387
agm003160522,9.28224897271508,5.064975481482531
agm003160523,10.67179091081065,4.073267727299823
agm003160538,10.403179842638364,0.8021039810146675
agm003160560,11.970838501642126,0.0482680241487626
agm003160619,10.026892461574436,1.6698128130233958
agm003160624,13.98506851246996,6.783359975921642
agm003160626,11.733029208229171,2.853299194219583
agm003160627,11.660761913176785,2.80071478207309
agm003160644,16.884151159311514,7.915327827630123
agm003160659,7.881774320784923,1.67421488851042
agm003160666,16.820636408809744,6.409872990819033
agm003160712,16.129006526909198,5.572103057708361
agm003160723,12.336074346520505,4.165684833761907
agm003160725,12.049944564451394,3.0762601314857343
agm003160766,12.388492566013758,6.05729717405944
agm003160824,13.766000468653798,2.1765700152927323
agm003160842,12.993070075858517,6.150576829900164
agm003160863,14.24670921917697,8.633356592388898
agm003160930,11.158994940507974,1.168570556309933
agm003160938,11.484527767885384,0.6379474648362139
agm003160949,12.191080009416595,4.254201645545295
agm003160967,10.379883944563526,3.7041799468995933
agm003160975,11.931928578997992,6.170653337696266
agm003161021,11.378557336257773,3.912637361928818
agm003161036,11.168662562281932,-0.11970246169464833
agm003161120,13.418493840230326,3.8431099569260994
agm003161156,9.467117579932102,0.5180218629842782
agm003161183,12.365685682012574,5.614081568210984
agm003161203,14.460492164651077,8.965432680057077
agm003161205,12.160451771739053,3.7153003935711566
agm003161246,14.764983832231863,7.394005193684541
agm003161260,11.65878396939219,0.08856563483848134
agm003161316,12.668500567959827,6.946666020202607
agm003161325,10.083291767292478,4.628942434068441
agm003161354,14.059276285231809,9.65712074260446
agm003161368,11.420137467737206,2.3846460049040474
agm003161370,9.01170637589385,3.1876799015687616
agm003161405,16.99534168697868,9.325596923672057
agm003161469,10.870154495220303,5.265878896253373
agm003161501,10.908284123202492,6.061904746174729
agm003161505,12.3277369007945,4.575652950524784
agm003161513,10.29611240762401,-1.628477800284725
agm003161521,14.609359485960653,6.994168258516528
agm003161528,15.622705884980045,8.525687891470492
agm003161558,8.763743988473516,-2.202723872567861
agm003161630,13.663920979200386,8.266673251806584
agm003161729,10.778289490932499,5.786045825376527
agm003161736,12.778301988026453,2.2360196599916176
agm003161741,9.638275188133148,2.4788589533795538
agm003161755,14.401812712984729,6.97994883064878
agm003161773,11.335137554827865,5.424852566255961
agm003161826,11.972525767772483,5.74520607585223
agm003161856,14.35977823658365,4.411282334575903
agm003161862,14.542733078063735,4.87356059980201
agm003161891,14.395148711466968,7.386202872457545
agm003161894,15.817882833559016,8.02526117873945
agm003161912,13.558321552848293,5.381924816213628
agm003161943,8.96547568670571,-1.2450834369393906
agm003161951,13.819689946571923,7.606443053983522
agm003161967,12.595900626077594,5.3334883616660305
agm003161972,14.160529814727063,6.637323843855006
agm003161976,12.426881110417133,5.188902135980345
agm003162039,11.385643064117337,9.516914394738038
agm003162040,11.760377578755918,9.554705525879857
agm003162064,14.118841835225622,8.067435234850532
agm003162076,14.63021551350478,5.978241233746791
agm003162086,16.579952064148973,9.321031176162291
agm003162103,11.452558673582727,1.2327482843799968
agm003162107,9.847579913715988,3.3880582809631825
agm003162112,11.45933307986013,2.40681639524907
agm003162235,15.48859090781183,7.998306215919072
agm003162273,9.981780765024292,4.740359055069753
agm003162303,16.0188670301729,8.282389713336947
agm003162305,15.39730061972622,7.870598282042305
agm003162324,16.99120823265771,8.770921611177467
agm003162372,14.99203166004111,7.369078729602112
agm003162404,13.72784186981324,8.098031558068994
agm003162431,13.63120827152999,5.143448679555464
agm003162450,13.372067953895066,4.955320706503185
agm003162457,13.200768602978293,2.6631904944762805
agm003162494,11.684842961935493,8.066814456904911
agm003162500,15.496964428228257,8.962282148632793
agm003162501,16.287432311299597,8.414418131107535
agm003162508,15.271063377132617,6.68970991900194
agm003162519,8.84257264775857,3.3861747541577456
agm003162561,13.564833421265064,5.159688011591308
agm003162567,16.751095827559826,8.816416491011283
agm003162588,15.431233196845382,7.964735681199279
agm003162604,15.557545939900402,7.226267972540361
agm003162628,13.818207629233573,7.394561290777716
agm003162638,14.903309024400976,8.442912768497731
agm003162642,15.150847381658524,6.129192634070511
agm003162650,15.023637318785207,8.473582010683915
agm003162667,14.502388349257743,7.790285256632124
agm003162680,14.034367031998675,3.517206690267482
agm003162695,15.220123209592963,4.797682260059897
agm003162700,16.198459598599708,6.233070816577069
agm003162720,14.108726163561652,2.570872610616698
agm003162721,12.897324527734499,2.806710904084653
agm003162867,15.788727893900978,7.996268145655836
agm003162897,16.02888295486564,9.141751832917732
agm003162968,14.122655304723063,12.27693583386607
agm003163181,15.51633565537569,8.64814904629851
agm003163190,15.522655942600677,8.62220308365727
agm003163314,14.309081341690705,9.978397326779948
agm003163335,14.752971610245874,8.893075570309355
agm003163438,12.407965899695236,5.865127624959295
agm003163468,10.951675766367146,5.833841176406172
agm003163503,15.819233388265436,10.090589559409432
agm003163617,8.404852173745937,-1.889230913152418
agm003163665,11.287694627140803,-0.7558891797881486
agm003163695,11.123995961902247,2.6129364361146408
agm003163961,11.431080455867075,0.1329912405386775
agm003164031,11.302529023230825,4.910146388710366
agm003164167,12.727118807759753,3.3969776268329017
agm003164216,11.278393619415779,-2.9025196838541616
agm003164376,16.475637219135503,8.840289888060799
agm003164682,11.282603977736972,-0.4330205232689881
agm003164738,12.065139384383597,-1.1871197137399276
agm003165086,16.123044024948484,9.216900536217677
agm003165096,14.191728319586383,8.353848540296752
agm003165151,15.158618237410515,9.49421439215365
agm003165302,11.15354243635442,-0.7703178331942686
agm003165333,14.033385492385461,7.916999289560126
agm003165381,9.175225214569267,0.22636327147374846
agm003165411,9.197630557490598,-0.5853188409073518
agm003165428,9.205707453735533,4.04605082957756
agm003165761,12.811443214379644,2.3354997428715345
agm003165763,16.609120857936958,9.465424945203827
agm003166109,11.168133227335112,5.359280169353035
agm003166184,11.758049095137789,2.2772555156765772
agm003166254,12.066311818163854,5.163142758742862
agm003166341,12.158057404815734,5.886199746099024
agm003166509,14.763580470106733,9.130653594681235
agm003166610,13.326086477406912,8.458938964388166
agm003166646,17.41911178872018,8.848161265699874
agm003166853,13.490782627692907,8.597299891193911
agm003167042,11.980352850261658,6.684801620736688
agm003167300,13.941794986253667,9.750681568596088
agm003167507,12.065273809235531,6.3148643837295175
agm003167697,15.163489186516241,6.543555472643522
agm003167718,9.015668047960016,4.902335541725029
agm003167733,13.34403334022888,7.0404461010578
agm003167832,12.380192678716194,5.299404939436724
agm003167913,10.627158207764662,6.013945469163694
agm003168156,15.76258502550467,10.094964649884352
agm003168385,15.200796953448908,9.990624511332953
agm003168736,9.221549276311713,3.181221520448937
agm003168816,15.280514331473583,7.882883792849302
agm003169087,9.561839395651564,1.7105635149214669
agm003169394,14.474952725834452,5.2838759373891655
agm003169448,12.835672378474335,2.8313591302353984
agm003169458,11.567451556980911,-0.9382055547553261
agm003169517,9.3109493390336,1.0530018008557178
agm003169586,16.365869000865295,9.497099485750027
agm003169700,14.852839330460066,8.963348808610078
agm003170000,16.46132451883809,9.044619041882674
agm003170098,16.03375224411037,7.484114882531758
agm003170471,10.734879189158429,4.953284799222717
agm003170474,10.803038488790575,4.990598445686966
agm003170659,12.475908683864949,7.46957617361215
agm003170745,14.839177916652684,9.460443875205515
agm003170781,14.31852660709137,4.824723095922582
agm003170859,14.665612613281406,7.283915145904652
agm003171302,15.16325065074808,6.785527809961149
agm003171558,13.964954425562148,4.564671113025392
agm003171776,14.319323183329537,11.349728755965906
agm003172045,16.3590948688265,9.919445575645463
agm003172286,15.017149181690247,11.566006068238105
agm003172324,12.543869157281193,7.088545440911345
agm003172481,10.834084281863959,4.760444436692261
agm003172523,7.517572784175174,-0.6537963303569754
agm003172718,9.2390239711105,-1.299776606828961
agm003173124,12.228019266955403,7.831664471368829
agm003173153,14.542379064137421,9.008447903987323
agm003173276,11.731616419035323,5.074913830634093
agm003173278,10.696980876767123,5.860042944647885
agm003173380,14.311668397556682,10.332597117345385
agm003173591,16.46678297630788,8.745597935967908
agm003173654,16.291398738111056,10.144439995078997
agm003173687,10.341292849828035,7.651501527850345
agm003173840,16.26341760776513,9.500624905787724
agm003173846,15.800355975100471,9.379515141042136
agm003173860,16.19172936710451,9.235208434768182
agm003173877,13.110271281374159,8.179887839767945
agm003173922,13.166288915096684,7.415601945952266
agm003173941,15.632929427966516,7.8522140950492805
agm003173960,12.245793027163733,8.59033211568411
agm003173994,11.341988076263517,1.4594446783059691
agm003174151,14.705581219937853,9.361466114505511
agm003174154,14.674357994157969,9.366275868577931
agm003174178,14.362297004088967,9.56080555171158
agm003174256,16.13947046061688,10.019945550491432
agm003174346,15.412891040446889,10.188640877392956
agm003174434,14.48135354356028,5.826466690036167
agm003174519,12.55334720703097,7.833555595579739
agm003174535,16.10846930611133,9.521948204304108
agm003174565,15.089150278930449,9.374490357080633
agm003174567,15.4243217640868,9.223301156569486
agm003174702,10.06851285780041,5.094368110116786
agm003174776,14.325091593595028,5.243308000147929
agm003174823,12.692872948741197,6.94456925256256
agm003175108,9.566352811829715,5.150726787764431
agm003175153,9.407381776071624,5.054548045464561
agm003175159,13.027161480776108,8.403891572164747
agm003175299,16.234385284479,10.017688529490206
agm003175340,10.483102391204906,6.633319872674628
agm003175396,12.040861995236718,4.902618831870201
agm003175744,11.837314305490358,6.644266753631053
agm003175983,8.42780728429527,-0.9551122383358344
agm003176023,11.759874270746584,1.9955892578883834
agm003176050,11.520128514699636,-0.13171989776748116
agm003176375,15.032289872172173,7.614530088111415
agm003176429,9.489015573304426,0.3311585096720906
agm003177015,11.936308456343303,-1.794445205277814
agm003177108,12.000158160576829,-3.7732701119244627
agm003177125,11.18648352508853,4.971652175069234
agm003177512,12.033634109051574,4.086140405635955
agm003177613,7.026558812804179,1.939632996185142
agm003177735,15.169256842720715,8.441643695182805
agm003178092,9.664226617016073,2.434925249983179
agm003178223,9.410011735450155,-1.505944013633182
agm003178231,9.429478289025077,-0.7901234447454604
agm003178277,11.135728839030387,-1.3024914277781612
agm003178356,9.592914787312806,-1.2934019570688138
agm003178363,8.536941246533413,-2.2261637711201843
agm003178388,9.151372276508049,1.3911624615777711
agm003178418,10.997977768834469,-1.1132728085115122
agm003178452,8.443790058064721,-1.4090771959242998
agm003178453,12.230459739640683,2.8027414483561284
agm003178543,11.04936433582458,-1.4606039038230163
agm003178740,13.005507892822726,8.285317765636563
agm003178742,16.489441185868948,9.857843511990493
agm003178759,15.790697191918705,10.114704871576048
agm003178769,15.725015842957536,10.058776628793812
agm003178777,15.735978450371794,9.540352124062965
agm003178799,14.143865667049438,7.832177097995171
agm003178865,15.417771444262211,9.661315796770653
agm003178873,15.090115262553317,7.098154512097173
agm003178994,15.486335022879103,8.976681082632185
agm003179404,10.467244857568343,5.892791042014182
agm003179411,15.090117572691812,7.374443986503964
agm003179507,16.54313974314356,10.326586104959416
agm003179533,16.841392131996706,10.220693492463596
agm003179686,14.557352900376461,6.187861118071799
agm003179733,13.741669653045914,5.485737768388544
agm003179877,13.2030371794084,6.750463819882832
agm003179954,16.167959013752764,7.710451609559371
agm003179975,11.748083086215095,6.64670946985431
agm003180014,13.365760730041155,7.380282977528491
agm003180047,12.755649533853544,7.581880856131448
agm003180051,10.867645843354296,6.682762441284449
agm003180124,15.29355837937093,8.829028906496635
agm003180126,15.38375698973208,8.86567569415497
agm003180140,15.450369373492219,8.891358474553115
agm003180241,14.381715221366639,8.630437822478436
agm003180245,14.377025180221894,8.586685311055607
agm003180248,10.578595141678578,-1.782966000491637
agm003180281,12.19688723807998,-0.6590178174743624
agm003180309,14.017905977606112,3.255135785734087
agm003180359,16.558535144489795,9.821552026072723
agm003180380,9.531832222222087,4.710287631426567
agm003180557,14.07163852316997,5.07282932556271
agm003180692,14.449331200514319,5.523114665767036
agm003181059,9.604430367860319,1.093012187609209
agm003181167,13.585375466418427,-0.36361488161094435
agm003181296,11.78283538304231,-0.5749465434980339
agm003181599,15.323671214781102,10.144709052592775
agm003181613,15.141335589423838,8.949150911296547
agm003181636,15.427477316528591,8.899903723628798
agm003181930,12.989390643395469,2.80311410241068
agm003182104,14.999276660168405,7.266237836641597
agm003182107,14.968785354017449,7.397133918572985
agm003182213,9.17488388795832,5.374481099448532
agm003182222,8.274210472341416,4.865524852422893
agm003182302,8.033542603214974,2.010471062577076
agm003182306,7.963275020750735,1.950009540170857
agm003182397,11.199856159221405,6.09288967565299
agm003182529,13.675187033435868,5.5919998724815
agm003182615,13.487698022252026,6.199663627158975
agm003182756,15.802635835349884,9.289854233658177
agm003182983,12.280461776623255,6.495293959103294
agm003182998,12.550770498291143,4.427398769954575
agm003183030,9.685242059983404,-0.9742420683920532
agm003183150,12.31470345426446,-3.01923191753869
agm003183192,11.163740143190132,-1.1080710434525862
agm003183228,12.197887903256404,-1.8132909412106404
agm003183279,12.387799651945127,-1.218573458658943
agm003183311,12.908555115236219,-2.7871019632077108
agm003183358,11.278010671792023,-1.17035876047228
agm003183390,12.736786720122431,-3.0450071645530663
agm003183866,10.899782010115722,1.4762422618880446
agm003183914,14.306302749031124,3.5605928427811406
agm003184171,14.045454156545333,2.7197591869044118
agm003184408,12.026031599382383,2.4059981346188977
agm003184546,13.933222262429226,5.361749495280096
agm003184600,14.122893060804603,3.6847816687350594
agm003184947,10.129739041810545,-1.444088992391496
agm003184991,11.62436919711788,5.044791499349461
agm003185010,12.00478702315946,1.5071973507625689
agm003185204,16.05382373204032,7.648241450399128
agm003185206,15.15260780457641,7.110353411545306
agm003185317,15.737925320836386,9.054991125113224
agm003185648,13.559915192353195,4.3136426780725685
agm003185701,8.922702574228783,-1.5797470232630673
agm003185790,16.13310815864067,3.727930001634949
agm003185999,13.152846707942066,6.083447655901281
agm003186043,13.217183388068902,4.034588446496304
agm003186082,11.12076671736071,2.541876787027892
agm003186083,11.759495431945394,-1.1528262489553578
agm003186089,11.963111418602033,-0.8812450883643823
agm003186093,13.920941528907,5.3983745300103205
agm003186129,12.604377872929948,0.769348614930677
agm003186144,12.86028776476608,6.657927160284977
agm003186193,10.85075756023194,1.8637024789768404
agm003186221,12.19251738852277,1.4636743536358496
agm003186236,14.911556125052794,8.072249342308249
agm003186250,16.23518057452112,5.634524564226153
agm003186288,15.207588370982112,5.455066968792954
agm003186299,10.11956345268339,4.902012420924451
agm003186361,14.693277039739266,9.39837272025351
agm003186370,13.051165932982615,3.338713384889571
agm003186381,14.187207384336826,7.657143136979544
agm003186403,11.276373012723921,5.144617647355591
agm003186415,14.696636337415503,5.580744451947336
agm003186426,14.142241596319645,4.8802491690417895
agm003186451,10.085872558282098,3.437061937172709
agm003186487,10.567108285104393,5.7017833889654534
agm003186529,11.66552653347852,0.26566626497031187
agm003186542,12.99022501797466,-1.3740966359113287
agm003186577,7.550974634328386,2.8128362721034916
agm003186610,12.11686417732334,2.895016257355519
agm003186622,12.231829049099286,-1.043181335013097
agm003186625,11.228261125016965,0.7195513945120924
agm003186633,11.196796172695386,-0.9283051813375218
agm003186655,15.665135168248039,4.96101503568476
agm003186661,12.012257510674075,-0.2823332054599694
agm003186667,11.72452064575161,0.49922955178319306
agm003186690,13.748289913248717,7.9389230973417995
agm003186750,14.11645634311706,6.325230585662789
agm003186761,10.18442384726931,3.6606805202007795
agm003186868,9.51507734378133,5.036157015506426
agm003186925,9.273283238301993,5.612293260377976
agm003186937,13.095060818541704,4.222012135908891
agm003186960,12.178920297440522,4.671492495881052
agm003186971,15.651177709588852,9.82845548389711
agm003187044,12.978548901840297,3.3118110485655006
agm003187063,13.204140421406441,1.4482153785904774
agm003187134,14.99066785727538,5.319045453480623
agm003187146,12.095206728576418,-1.4565678369555863
agm003187151,12.169520390319601,-0.6866388690235912
agm003187167,9.247708827900814,4.077785177280405
agm003187249,13.662987449286595,3.3616393570972125
agm003187285,12.901486892247812,5.6230896323010935
agm003187329,15.574572249304326,6.477479570985535
agm003187349,13.070633375522146,5.948124958912228
agm003187409,7.838693118976669,-1.423095819677111
agm003187415,15.13898837517321,6.826980290826752
agm003187508,6.396970755569873,-3.5411445405557895
agm003187607,11.153993186856567,5.4438460686413475
agm003187685,16.574751330551862,8.983574380100668
agm003187703,14.561801485765082,8.311991571371633
agm003187707,15.42355282412242,5.931899533909165
agm003187719,14.94611870559308,7.362089120815352
agm003187763,5.506696521334961,-4.621007117900399
agm003187937,11.872763184521006,3.0892814364637635
agm003187961,14.276084377631307,7.47219294856562
agm003187982,6.966229536324772,0.5881618758209282
agm003187998,16.609365612164112,9.550801562366168
agm003188094,15.325924680727528,9.476957126512326
agm003188136,11.113783802467267,1.6700829390023584
agm003188364,13.329361448440686,4.97869491837047
agm003188532,11.279821092822168,-1.119971506091761
agm003188638,15.802214666365163,7.184821773135225
agm003188655,15.71405983754695,8.489736928079504
agm003188656,14.54030677940825,8.867220690845606
agm003188679,14.36382907892379,8.474937618922203
agm003188762,15.814538758180849,9.451648725135483
agm003188770,9.124956694579671,-3.7949892309239477
agm003188791,16.29310246011087,4.992503496790283
agm003188803,14.468853649067874,4.917037805730255
agm003188821,8.557325731347106,-1.437481761428498
agm003188879,12.424313291640887,6.844047128331666
agm003188976,16.996471767189508,8.46297190003965
agm003188992,16.67649647567355,8.1973210339236
agm003189015,12.671776534532478,3.236635563741923
agm003189019,15.865192354856145,10.084427273199283
agm003189069,11.401230839598124,0.7672913118457494
agm003189146,13.522305316562333,7.949186717897318
agm003189291,11.268939621579392,5.770869889415866
agm003189302,15.867311896588756,3.5390241987179056
agm003189312,14.505968883925574,-0.8865836814964663
agm003189319,14.276271714226418,-1.6063701635797223
agm003189449,13.588332031300618,6.917566675123956
agm003189489,12.692978363312756,6.407977415766347
agm003189501,13.191587075044296,6.62835894050934
agm003189576,16.770796641042452,10.655259679150118
agm003189628,13.391489688835279,6.784936715648032
agm003189697,11.406921103482759,7.289939627381802
agm003189708,10.71505400278043,2.0342672619785596
agm003189742,10.768889933953231,1.38818579908453
agm003189747,15.288760790580934,8.072596133536619
agm003189762,11.12931683661527,1.6703360438715178
agm003189921,13.255143590548519,8.300567725621677
agm003189933,8.946446366818485,2.9031379483909205
agm003190060,14.184899615557814,7.053543836914461
agm003190061,8.34497372230771,1.2927021272830785
agm003190064,8.353482802764654,1.2926617726076373
agm003190091,12.118080347309554,-2.7965612283333803
agm003190095,14.925868320925934,4.573128771240134
agm003190251,12.040063396760395,0.5630772454910389
agm003190252,12.052888873242113,0.5460902892057371
agm003190277,12.855287979625496,6.122026011758196
agm003190281,11.484493915991722,2.9803346753284288
agm003190294,14.761100141452573,8.636536823584883
agm003190330,11.149665915379972,5.955336825702654
agm003190355,11.764184050309417,-0.29820669014333046
agm003190401,17.008551248316707,12.726177336741134
agm003190466,10.116982837058675,-3.213227852216823
agm003190541,12.827994268548359,5.018181935593445
agm003190600,10.896996187263674,-1.9098944955383983
agm003190656,15.01865211696144,9.738465283685466
agm003190732,12.145691295218048,-1.2565998636902709
agm003190794,13.045298398885663,-3.507713219465675
agm003190817,12.417850598001607,-0.2469114783464219
agm003190867,12.137712179268895,1.952504589052558
agm003190888,13.240853243585228,-2.502703840886543
agm003190901,12.088208785623168,6.133781177902159
agm003190935,11.37090788778306,5.292325904296364
agm003190944,12.15331651618203,5.892878787191998
agm003191014,13.159712472979827,5.488297361559383
agm003191027,13.387150245837661,8.299974816067078
agm003191060,15.577404443590476,7.780652479055371
agm003191063,12.863823398871958,4.309158773708363
agm003191082,14.558686035460795,8.169646173685443
agm003191115,10.854302460130821,6.19312438493072
agm003191117,11.724683163592813,2.8688459296112834
agm003191142,14.889093533953597,7.923106281124511
agm003191178,12.643117634799614,4.37958001357305
agm003191196,13.63135206140663,3.7979769217741755
agm003191247,14.171964437836419,7.927469647766484
agm003191253,14.701113192670926,5.129732284941461
agm003191273,12.496339944149003,2.7597464999604577
agm003191304,15.204482988921734,7.320558951859562
agm003191305,11.791447813660504,7.29919659166956
agm003191320,11.93813987270541,6.722779625308842
agm003191373,14.8556118979762,7.542476178814908
agm003191397,16.176493933112248,7.8926864650527175
agm003191408,10.436262815713544,6.426697328610911
agm003191429,11.326922686255557,4.65083152982028
agm003191463,15.1752427658901,12.038545689072858
agm003191487,17.082380993496848,11.429897743050477
agm003191492,14.667431832771346,10.495446307188491
agm003191506,11.480305929887322,4.39251733078451
agm003191524,16.244568842839353,12.15794164304822
agm003191584,15.003414426686122,10.727847956152528
agm003191590,15.635504150386067,9.010109257369761
agm003191626,7.596511497444052,0.2419694447624332
agm003191702,13.62392897471509,10.349801911019131
agm003191726,13.989905611290819,7.342083927378415
agm003191737,15.797294419955119,8.836726330333653
agm003191827,12.341905216031703,8.256967283066967
agm003191873,12.327318513396184,8.076046391857236
agm003191913,14.688419426900898,4.67218396735597
agm003191983,14.369382253864124,6.127636264090288
agm003192021,14.133291528188742,6.87568293053155
agm003192082,8.489250627716277,-2.158936468026705
agm003192087,11.367449654904203,-1.9654541073782674
agm003192128,7.789790640811053,1.946583928270499
agm003192150,9.691549263056686,1.6507139415653347
agm003192155,10.245668825630835,3.7021140744812318
agm003192156,12.152134480815471,3.399141703477409
agm003192169,10.673574789268523,1.8970069326674182
agm003192251,15.790625634409762,10.04689501769415
agm003192263,17.217445080357646,9.300878456889459
agm003192264,16.790824034902048,8.972996730919887
agm003192293,12.465006753181001,6.127072522996603
agm003192310,16.832084485541685,10.195448621296476
agm003192324,16.144776239780366,10.027792921854115
agm003192330,15.280616964105585,9.82175092784431
agm003192338,14.023617957732267,9.980680183787154
agm003192359,16.290656126367754,8.760604901713728
agm003192510,11.076734041119508,-0.7037215777741945
agm003192524,12.289040771159145,-0.4651656864542755
agm003192575,12.321216378350453,-2.3751073988964295
agm003192631,15.852141590545317,6.4764540987448225
agm003192697,10.310124391784617,-0.4453213875763842
agm003192698,14.1876805101724,7.653547924527814
agm003192743,13.675230740917495,8.228898401029701
agm003192777,10.486054117788463,0.7402986049173625
agm003192811,13.129651450611089,-3.225267775644708
agm003192849,12.476792746869739,3.041555784456416
agm003192889,16.859756466390518,9.776732283234361
agm003192891,16.86423167293233,9.778936235963211
agm003192966,13.446978031271298,1.478387106477248
agm003192975,10.298560069607296,0.4492966486096881
agm003193023,14.750499386356498,8.77446000687246
agm003193081,9.009433309675186,5.636811353834892
agm003193117,6.209003544847606,-0.18644286692234147
agm003193118,12.860942784188271,4.660973115316686
agm003193135,11.395878823715963,1.4324068284569678
agm003193151,12.252208555884746,4.148051888926784
agm003193229,16.526699445374046,8.854154479868033
agm003193238,11.982975001212449,1.4705113053569903
agm003193278,13.507328807722885,8.41915191759887
agm003193321,13.906157724071084,6.494580096576165
agm003193376,11.982016017931683,8.163771807725228
agm003193407,16.168048043421138,9.731826733744409
agm003193456,9.186737020594375,-0.5884720596233912
agm003193514,8.483059310645057,0.8243837403093061
agm003193517,10.934033671415868,0.8751394075181154
agm003193582,16.616494188528513,10.237303613244368
agm003193725,13.233126258768209,-2.354500827640551
agm003193736,10.265539044418583,0.3859473450115118
agm003193789,13.055642099736772,-3.9294905265422613
agm003193820,14.689981484351913,5.654374022459554
agm003193881,8.349874911959983,2.193666320590185
agm003193956,8.118047308151587,-2.774009970627298
agm003194017,7.97500245132782,-3.088574599092028
agm003194087,13.74856442140144,7.776429827668826
agm003194151,13.664136505627308,4.6510395746503805
agm003194162,11.048190519005137,0.12878491729885583
agm003194164,13.109557761538852,4.181239611514348
agm003194190,7.331848337616241,-2.633151681568794
agm003194196,9.019618429515862,3.2653860787415483
agm003194235,15.873349630557078,8.899217369018958
agm003194237,15.012462936366504,8.03080885275921
agm003194254,10.762934146823522,2.9092364601511607
agm003194284,8.941696077975946,-0.39478487261436757
agm003194330,13.36477354457288,4.601296325206673
agm003194355,9.789621129811852,1.871594699858992
agm003194360,8.374182850884639,-1.0180878977962664
agm003194416,10.984469680790856,1.6455572296659724
agm003194445,12.455969881655598,1.6685642858246452
agm003194459,11.245290009601115,0.6599483599476812
agm003194474,14.980594725727666,8.086710401893622
agm003194475,15.97852422128042,9.052116423928695
agm003194490,12.631501952257464,1.594402771399824
agm003194502,11.971158624972313,3.8833814646713463
agm003194527,14.132191576659864,1.0233538815058467
agm003194528,10.930278674487115,0.2669325330610022
agm003194533,12.331467915998765,1.7964589162149154
agm003194541,11.563496763842219,0.37510402685841626
agm003194574,12.694309817037981,1.9525992610847651
agm003194577,13.196628873696326,0.37176485890388167
agm003194618,12.605748602541613,0.5895417158150437
agm003194629,13.096095208009363,5.525521730378704
agm003194643,11.30322154731594,-2.3470424216309014
agm003194648,11.89885377747694,4.276553605283202
agm003194659,10.557713200687338,0.7871679745626281
agm003194703,15.097059314510648,6.141571223307762
agm003194719,11.011797635239212,0.5802989338975181
agm003194728,12.31777460332046,1.8648279635771885
agm003194736,10.847353340867274,0.45811093547873155
agm003194761,11.227500957590392,3.84585267689623
agm003194802,11.655293097548508,4.884498401688452
agm003194803,12.296733476198524,4.6685774491009
agm003194805,12.356164631471612,-0.6502039378277431
agm003194823,11.830051110048496,0.2948532241353362
agm003194838,12.93431278335245,7.129543289480613
agm003194908,12.42908101981252,5.3529074860647725
agm003194910,12.452599343446105,4.485494756271561
agm003194911,12.755274723937754,4.8953165103225675
agm003194932,10.678645062304494,0.22173965581486926
agm003194937,11.852504100095981,4.924168601300823
agm003195041,16.666264112159247,9.458980397150418
agm003195043,16.064893271871767,9.600830702919549
agm003195096,11.646947649950079,0.8750148331980825
agm003195112,13.21599322556752,-3.719469175704032
agm003195120,13.470370306860882,8.149348448166297
agm003195185,4.815164550675282,-1.9609116157885353
agm003195189,9.945899811928955,-3.434047310104257
agm003195191,13.073698611835637,8.672094835701017
agm003195244,10.019588747112328,0.3430019194170164
agm003195255,11.406387097812646,1.816852921684493
agm003195263,10.553784129813158,3.3447770325855437
agm003195272,14.124775548096283,3.270391928902034
agm003195341,13.821368125400499,6.1711257606316865
agm003195374,12.473025882566509,4.845710849585348
agm003195429,10.940724091262899,-0.507598823328756
agm003195474,16.21873418248498,11.715564630572189
agm003195486,8.438450832777109,-1.003498609025866
agm003195518,10.543903706912777,4.67196224654374
agm003195543,13.700544926577264,4.06668066677281
agm003195550,10.512781915959122,1.5637437977409903
agm003195569,9.12285695905184,2.381533456467627
agm003195581,8.687777851223013,-1.675068143185462
agm003195639,12.417710679056293,4.262574173904262
agm003195757,15.077801730934688,8.415758815830403
agm003195785,12.058764969423278,2.108996611728999
agm003195806,9.12159647321578,2.3275135764152672
agm003195808,13.592723186002779,4.5796687013230395
agm003195854,12.367097379644468,2.934689306654519
agm003195889,8.599965648940714,0.2858193625230629
agm003195924,13.689356203082484,7.26099926633703
agm003195936,7.195480684915636,-0.3388829071826418
agm003196134,14.587773246306291,4.199750998901041
agm003196270,17.550333688623418,12.713088719543192
agm003196287,7.673472750251077,1.4463845806429099
agm003196564,14.606868825010103,10.385167675461945
agm003196574,14.197556241154645,9.817310008888386
agm003196640,12.640977921039832,7.584684799092474
agm003196750,13.829417198961776,7.96231698043441
agm003196919,10.420680421164661,-0.07004555212425956
agm003197214,10.15402222008725,3.528590085654841
agm003197258,14.115513827354805,5.183738363852096
agm003197431,16.819451642374684,10.163453106110692
agm003197533,16.399337170568057,9.348268819422016
agm003197750,16.164259360795054,10.4174383962678
agm003197776,14.950403010642608,8.25146495626627
agm003197988,12.228244514354683,7.763264114089505
agm003197995,16.612431793300097,9.414980134112998
agm003198025,12.012556486022374,6.022764377957988
agm003198086,10.979124456212281,6.9533269535406825
agm003198314,8.872614192096073,0.1582942249399828
agm003198417,12.465617293209435,-3.3690982791872215
agm003198487,17.321566616184864,9.989908002908864
agm003198546,12.021012448355307,-0.9346097139645598
agm003198641,11.73642873921854,-1.9035053770125927
agm003198798,12.961614060129419,-3.6548265693918673
agm003199236,13.764618878441981,4.50834134877773
agm003199318,10.316167103272987,-0.6230674246995953
agm003199356,14.51780804584673,4.913034440951385
agm003199428,9.709619101812136,2.4568686644391264
agm003199459,7.809735006573323,0.5781904903368661
agm003199596,10.150670411831689,1.2068060755618493
agm003199601,9.11276398157611,0.2880836595263858
agm003199672,10.26749458283963,-3.373876796891556
agm003199763,9.871465869978893,-3.0014798000320972
agm003199829,13.107272975559892,1.396946510089613
agm003199971,13.928217940211184,-0.9297750838607565
agm003199986,10.99457793666611,4.533792430096377
agm003200017,16.619644618970813,11.787861459787509
agm003200166,12.79841340168197,7.277759101740325
agm003200199,13.171846740187378,3.1695879179798467
agm003200254,10.63723798242972,5.2356059743997
agm003200311,11.912014783403315,0.7685995283606649
agm003200349,14.212073304339995,7.328437379894415
agm003200391,15.394887448731987,8.902535947456041
agm003200407,6.169507393199557,-3.8643524317951923
agm003200457,14.668316827414309,7.307792441834803
agm003200486,9.85897076633268,4.617094024856985
agm003200491,14.029042207504979,6.409330132489842
agm003200528,10.02989293710001,0.5082003534137414
agm003200530,11.750293064188375,-2.114909115526603
agm003200763,14.133774795540296,7.4708136447790645
agm003200790,8.251184347964985,-1.3878028788306704
agm003200870,16.26104425754739,9.89022983756112
agm003200900,15.471879301153981,7.722731780065384
agm003200912,15.140570061128939,7.426987823723347
agm003200982,8.838348365521222,5.276242114949394
agm003200995,11.650997984989443,-1.2580679812483002
agm003201024,13.28045694215386,-2.35646416018931
agm003201026,6.771864446429191,0.07370110007467545
agm003201030,12.942594500149923,-3.047212425790441
agm003201085,10.114474369531726,5.44752455621661
agm003201120,9.801974823295858,-2.8504951461181895
agm003201129,15.902695948134523,9.037828486733451
agm003201191,15.46378095240153,10.284207098070787
agm003201203,12.526691291944724,3.2854196063077197
agm003201206,12.976918345743778,5.259883339457122
agm003201221,10.249604272554349,1.3336627627074062
agm003201277,8.453165935093395,0.293964415225588
agm003201419,13.515272808400185,2.8190594660078063
agm003201431,13.131357077131419,-0.8294300419105802
agm003201441,15.191270581184234,6.533197215469983
agm003201443,13.668091849082023,5.339369321197069
agm003201447,12.127889575234105,0.9586765183533252
agm003201489,8.97937124665762,-1.2493469436708093
agm003201510,12.267514244009822,2.4350270901666526
agm003201602,9.552911231710551,-0.23233925272173414
agm003201613,13.750888853020603,2.657057749080174
agm003201674,17.762637851944042,6.780091939597871
agm003201696,11.772943097278146,6.830825791898011
agm003201709,13.66888865013854,4.7308429153435165
agm003201765,14.16548417425017,-2.1986671623328875
agm003201812,8.928234752519238,-2.800779824364787
agm003201835,10.845749032905845,2.3887186953698047
agm003201867,14.315811163499754,4.033687753263556
agm003201885,14.914155557485694,8.675139595069687
agm003201888,12.415060403918025,2.8774707657061818
agm003201903,14.408641559717573,8.235421194803669
agm003201928,12.705726691375625,6.133489342442307
agm003201935,9.869836034494622,-2.439755465843484
agm003202000,13.77625023114721,1.3530215317453507
agm003202045,11.353757851347858,-2.113852700758096
agm003202067,7.934269664327043,0.4623382831813192
agm003202102,11.788683592557573,4.161956623974677
agm003202114,6.351490753827112,-0.21573285360467587
agm003202136,7.689234793148679,-1.1211074794098514
agm003202143,7.748299674927316,-1.3211150704719004
agm003202173,12.386127985977831,4.511655231167883
agm003202177,8.699041572286793,0.6389034688967415
agm003202211,10.984136842713356,5.56338545662089
agm003202215,9.881589547364902,0.8573347317114587
agm003202226,16.40356506858759,11.642511469463889
agm003202245,10.292021148729548,-0.9411103020594188
agm003202270,12.02590332205362,0.12341271691525435
agm003202293,10.394692156949505,-1.6410852580064
agm003202310,13.568098525902732,7.058517864597643
agm003202337,9.979479944108386,0.25797550108854733
agm003202338,10.14517974956346,0.8365177303126382
agm003202416,10.395215338618547,3.7156703863464045
agm003202472,10.331920320545573,2.608729478466458
agm003202527,12.06199477426487,5.72817853969624
agm003202528,13.003333057142354,0.6623926734313178
agm003202558,10.019029150828112,1.9074433725935467
agm003202659,8.255073413645556,-1.2800460013872204
agm003202670,7.943584781480101,-1.3645935479011577
agm003202684,8.277427593798118,-1.2536907670685349
agm003202686,10.535045851413537,0.02361038865099611
agm003202705,10.556432910096024,3.148876636572787
agm003202728,11.218367525122686,3.0605671520428914
agm003202774,13.756915620855475,8.121459037182543
agm003202797,9.954223456295832,0.9136816474785334
agm003202838,12.0073973327208,-2.4039751646962926
agm003202880,7.024698046845799,-2.4732388238301986
agm003202883,11.941316796266456,7.03310422674237
agm003202914,11.716998175626992,4.685850046129937
agm003202973,10.944465006589938,3.7026863465361117
agm003202976,12.581624522068637,3.941301296819977
agm003202979,12.192089190838978,2.5251743538943017
agm003202988,8.443487756365842,-2.9510428528014603
agm003203037,10.143223587512884,-0.5133608180486284
agm003203060,13.220608460359559,2.8319682001710746
agm003203075,12.403778397372124,8.914558701086374
agm003203141,12.238897870664575,-1.967937388971195
agm003203167,14.056729027930897,-1.2653705878331714
agm003203198,9.11845921215325,6.313576627126687
agm003203260,9.737833175408756,-3.0410031267388136
agm003203268,10.721935650116793,4.329456956805472
agm003203289,12.549703354697604,6.037665538302658
agm003203296,13.249557728831633,6.119400951609873
agm003203314,13.082004013712423,7.9703896662806875
agm003203333,16.030714600938538,7.9519934194083435
agm003203401,10.442084058369721,2.479995676476239
agm003203422,10.350130676504795,3.417247690091602
agm003203453,15.501004342367724,9.793351837839417
agm003203459,12.895262258581296,6.084066550275339
agm003203517,10.974581849482627,1.6403769798158965
agm003203535,7.155549855417259,-0.9546422958178417
agm003203545,15.902335173737347,8.409966796943655
agm003203574,13.865678361974595,9.407068002735361
agm003203609,14.132595580659967,8.535149736103142
agm003203667,11.202508003981462,-3.1203991382960616
agm003203692,8.595196858162971,1.3695834111816072
agm003203763,7.656787688985426,4.475568493083163
agm003203775,15.50556603174578,10.681000209532385
agm003203782,15.236093517166616,10.78071631311665
agm003203783,15.240507956490395,10.779213115734962
agm003203826,11.880030930972632,-0.9813710297357794
agm003203869,8.22068784580726,5.072326765447345
agm003203881,10.518214648967035,6.906738345233008
agm003203915,12.130633744032929,4.451269942108493
agm003203933,15.500093114698608,9.648048930179119
agm003203947,10.99307629257878,-1.7460228754604898
agm003203958,11.59937075109435,-0.12528071412782418
agm003203970,12.870091214427049,-2.2346429995271357
agm003203978,12.868224197552879,-2.7381111053956473
agm003203981,12.802242814877628,-2.4234343249193997
agm003203987,9.066116549084734,0.4236103201684891
agm003204024,12.279586927932504,-3.4300665809035897
agm003204034,11.916458452997043,-1.8593013133897915
agm003204049,11.536080208492065,-1.7683354286752742
agm003204057,11.969590688665967,-2.565940186869524
agm003204073,17.00723772867534,10.15474932348375
agm003204088,11.6031379409054,-0.8308100750938424
agm003204097,12.12373167617463,-2.6540680216840067
agm003204105,12.172844222195804,-3.217702253579811
agm003204116,12.32603536367535,-3.3740282721673545
agm003204139,11.497490493859848,-0.019079737494016296
agm003204152,11.685475900541178,-2.0711235760858338
agm003204179,12.606448729783175,4.216130230819714
agm003204288,12.72351052577715,-1.4526039432603237
agm003204325,6.726196649037611,1.5956486223976263
agm003204333,14.51848706849617,7.043965086952064
agm003204349,12.003398629709508,3.877052282848909
agm003204377,14.809025822390678,5.204709564800492
agm003204393,7.096599494112673,-1.4682733758266349
agm003204411,9.173056313026263,6.648116696813168
agm003204440,10.744111471707887,-1.9202788093708374
agm003204447,9.978206488218257,1.8322780743694373
agm003204457,12.573202724311171,0.8816602746052015
agm003204461,9.764842024552907,-3.217543050870186
agm003204464,9.768151638255695,-2.553634370482991
agm003204504,13.296899454521261,2.7965329764979394
agm003204574,11.346192486027112,7.008479047608638
agm003269273,10.3811245678218,-0.8913378947976772
agm003269282,11.968188802049534,0.8293366848744993
agm003269292,11.092674941289172,1.8094898972460172
agm003269558,8.284084096436946,-2.1866126734753792
agm003269567,12.420945044257147,-1.023715428454571
agm003269779,11.188057807189175,3.3474070749359806
agm003269933,14.108403499510326,3.0422199357818123
agm003270005,12.686427720731768,4.77444613441841
agm003270328,10.973878099376087,2.429475163354232
agm003270449,11.528153827084886,4.44282786051954
agm003272036,9.787993312916653,5.020587660996905
agm003272431,12.696788415287623,1.7670816327696555
agm003272914,14.636888701724056,7.739092838787492
agm003273177,16.049455352644433,8.563217517805507
agm003273366,11.511545627007356,6.602457582307789
agm003273558,12.616728414582917,0.832634653857267
agm003273559,11.262215586344928,-3.351251136721422
agm003273566,12.8690461946074,-2.7384487326741613
agm003273952,12.425459531824787,5.32269322020467
agm003274055,8.505094296666497,-1.5936957344855802
agm003274165,7.8623191100993965,-0.27893316999777973
agm003274200,8.28440775590037,0.13445204537636216
agm003277909,14.641154394482674,4.284120666864761
agm003277918,13.664117024550688,1.3667119247959802
agm003278376,15.239361941949824,5.396548404969964
agm003278510,10.19874048541284,4.315803965778003
agm003283080,10.960675144795653,-0.046833595659780514
agm003283089,8.557990880895035,-1.6263350378052064
agm003283187,14.661841972219927,6.240551793890984
agm003283350,17.29571789072941,9.982075596468036
agm003283364,12.647187410114471,-0.0583268450335647
agm003283530,11.849703939624773,5.975254912553391
agm003283565,11.275750992264545,6.218745995207238
agm003283567,11.152801377602973,6.148271949068032
agm003283572,11.909898748231178,6.669624396847249
agm003284120,19.086624761643826,11.599767942886993
agm003285094,18.317654306413065,10.14311476068647
agm003285335,14.71295011228863,8.611768784770062
agm003285387,10.90734993690434,-0.8665653694192699
agm003286800,15.75248888960464,8.289020979894108
agm003286817,14.046030475853911,8.032891028092989
agm003286854,16.469941085105763,8.265822470397747
agm003286876,15.401400565818799,8.028684811159154
agm003286877,15.666837740884224,8.129070362286546
agm003286891,15.47965333587064,7.962136811188294
agm003286894,15.457754584863817,7.9697485929894
agm003286964,9.7178004681595,4.638611449681429
agm003286976,16.927725731511295,14.64409926219579
agm003287023,15.99184069564124,8.00542074192261
agm003287293,10.086853429026458,1.1718895034623642
agm003287798,14.208740915634944,4.95214761740335
agm003288006,11.422649957065168,1.2538767979553982
agm003288066,13.092760556241249,4.746749349136614
agm003293639,11.42176439142768,1.1087244429061123
agm003293742,17.229615108399305,7.16411444474697
agm003293743,16.789445678407915,7.21212117920388
agm003293826,12.862224216384414,-0.7538780175500737
agm003293905,15.946248395387551,7.323305017760211
agm003293960,11.983507431701012,-1.9564045695011787
agm003294113,10.076071632958971,-2.3077199463871256
agm003294514,10.105600375940268,5.688229242413013
agm003294539,13.926911012574855,6.195981646064378
agm003294563,16.035045746634236,9.797579559706453
agm003294671,15.320373443211906,7.817489030109783
agm003294685,15.496533524230088,8.008586858293327
agm003294693,15.133343996506902,7.717878924184799
agm003294694,15.252844915585941,7.821170810915521
agm003294957,17.451553095773303,6.411630136595036
agm003295035,17.661831944015404,8.132954861288079
agm003295190,13.400367437046548,4.377463040478113
agm003295228,11.563699874091789,2.862167812567918
agm003295647,11.843978347789445,0.47027960046315204
agm003295735,8.977681262600695,-0.945503168846835
agm003295855,18.32231798291908,12.667213539867037
agm003295966,19.044371014623582,8.356747464077039
agm003296157,14.917133443606128,9.09031512110552
agm003297347,10.374803189543567,4.204989616348788
agm003297458,17.418936349552773,9.914692380646688
agm003297666,16.393070649240304,8.477355093128502
agm003297787,17.227645468865415,11.257154225048566
agm003297822,18.830840043559377,12.645288675909853
agm003297826,20.822615416493967,14.170318207099879
agm003297876,14.47035423904789,6.463228153997811
agm003298008,12.097436897837614,4.595042325907611
agm003298156,16.177030091322838,7.816178228440124
agm003298282,17.306843874403704,6.107958557900711
agm003298293,15.251242208585765,5.820256246988931
agm003298298,13.651863675827835,6.385315588181198
agm003298407,12.088793515382031,7.565218122282689
agm003298440,15.164064003987892,10.916686462289901
agm003298585,14.976602156090188,6.438660142250338
agm003298719,16.895472809602797,5.912712862222711
agm003298784,12.813562107529215,9.78302818585327
agm003298924,7.396919351352609,4.815592600084387
agm003298929,11.914869488717384,9.357280098998546
agm003298971,15.402506897678895,11.13849518953048
agm003299062,15.980164043244264,8.433304448196976
agm003299063,16.653375683346145,8.894282413995905
agm003299128,17.132770296372534,11.260082500241301
agm003299160,8.839762700579138,-1.6694826566505394
agm003299310,13.02461733757134,9.935161408615803
agm003386930,16.620862146253216,10.10650965633419
agm003387149,16.248201301485786,7.179624843886193
agm003387266,16.462004248079865,7.3105013309782905
agm003387325,12.395859331405372,5.013957913158682
agm003387545,15.142580388486778,7.302354001228599
agm003387821,13.231307727792863,7.153594843667546
agm003387971,10.16204887951277,2.9931487554990523
agm003388465,11.291290608511265,5.79994097532813
agm003388466,10.511017179667395,5.39313050914095
agm003388799,11.561604581540207,5.113207725663552
agm003388923,14.11980834492436,8.811207265948882
agm003389113,17.37216359146917,9.32789776449819
agm003389435,17.152355447752452,8.937560046781872
agm003389460,16.59111565667376,8.5640716021169
agm003389473,16.240523142239542,8.340759256339359
agm003389518,15.797377802718824,8.056005282445492
agm003389540,13.951728207966145,3.070839804441235
agm003389908,12.649393466548583,1.1735141123097192
agm003390159,13.802757795093072,5.394403364399413
agm003390209,10.509073552839933,0.517440292310539
agm003390212,12.642362273942647,0.20250037340508556
agm003391113,14.4190949255975,1.7004694547515626
agm003392121,15.25305851635575,8.952059443268427
agm003392880,16.519654619935416,8.540868247338263
agm003394102,12.868146468739136,4.563591326139246
agm003394650,11.561146958933683,1.9328655281356177
agm003395781,12.120349238638616,0.039742406837854106
agm003395811,13.479613506853983,5.418231360825409
agm003395941,12.88364944839105,6.081141441662794
agm003396172,13.278867136295665,5.305938679746842
agm003396353,12.151934722523418,4.407796168444238
agm003396488,12.695711822516518,4.4312178543570795
agm003396549,12.973235656362135,3.1077457657434024
agm003397256,11.726758034173724,7.083961562487502
agm003397369,15.514714096422077,8.914581940863226
agm003398650,13.73760530068956,7.3033540448105425
agm003398670,13.112820961627188,8.341877505645256
agm003398671,12.591154040867478,5.629647251395184
agm003398688,10.902359476547032,4.028839091872537
agm003399082,14.400107381018938,7.863786208154733
agm003399587,13.966094557060794,8.041827543730093
agm003399677,13.869244287531538,6.808991522613368
agm003399847,16.217460294886884,9.203681796971328
agm003399934,18.212840864222656,12.480551053359429
agm003400728,9.606827510422507,2.6161014601990757
agm003401019,12.519658627520064,2.084838501825993
agm003404793,14.20586689440737,6.946153240537312
agm003404824,13.579192603354741,5.560233941619451
agm003406540,16.354295483207814,9.959940122717693
agm003407117,15.724687171051267,8.435417825241995
agm003407177,12.657399834911695,2.536931857174211
agm003407196,17.01352681741067,9.045735775089558
agm003407271,12.463506225424727,9.054573986980662
agm003407272,14.159600370208071,9.917929786347361
agm003407353,11.680006421745738,3.5142447634835845
agm003407402,13.897547677664013,2.8500124026678164
agm003407453,14.772183725763384,1.5938268361701318
agm003407462,15.984907134273755,3.118911031990744
agm003407498,14.824788293002687,3.079972326454592
agm003409592,15.701471268877334,7.906850666442245
agm003409647,14.78872689957508,8.02380769159781
agm003410047,13.771353653676522,8.215208922300194
agm003410099,15.933171837059405,8.35306231644081
agm003410803,17.108639641534907,7.43357184199899
agm003410914,17.439711669623893,8.246005021296531
agm003411071,14.279949029168245,8.028120747032958
agm003411072,14.215416254157455,7.964137868863806
agm003411073,16.50252814329592,8.577251533367521
agm003411095,16.04009020327678,7.990602651366619
agm003411119,15.669498775391366,8.198200846265399
agm003411434,14.319421492345136,4.160184243791363
agm003411435,13.977997450558773,4.866306312474006
agm003411518,15.410045133017496,7.680706766349149
agm003411522,12.420328512369002,5.708914060090159
agm003411539,13.695456108898783,3.903325974174077
agm003411564,12.557835814741294,4.768081628078316
agm003411647,13.68091409894223,4.973814613606597
agm003411733,13.205377185230127,5.363740742901919
agm003412041,12.144261880763198,1.0365127241723233
agm003412085,12.73705793348141,5.863789623583245
agm003412102,12.200527780273761,4.494682017131573
agm003412166,13.26335992972612,8.336876521806342
agm003412172,15.9885612763601,9.49418334589288
agm003412183,14.42373203551481,8.304056269426797
agm003412275,12.999109555443836,7.705236424939829
agm003412325,15.95817964775606,9.438389444419132
agm003412331,13.87828956216999,7.555680722585607
agm003412348,14.45508867812245,8.529629106419359
agm003412402,13.458057811840332,6.93936184456933
agm003412613,12.37117632684766,6.091709443696643
agm003412623,12.193399500129944,5.93159829552474
agm003412636,15.462886318601855,7.1813434582215185
agm003412657,13.42890264334667,5.544519531351543
agm003412800,14.200778924096836,6.306463932781084
agm003412967,14.052102842011593,7.903405973560993
agm003413000,14.194492283497794,5.966217335890246
agm003413004,15.830197945889166,7.490258582332228
agm003413034,14.607534137126983,6.111221320214265
agm003413072,11.28758042377379,4.601946835303159
agm003413260,14.616157182240821,8.951923437307903
agm003413272,14.064191920129682,7.265912539545838
agm003413372,15.792626729484384,7.079167520262164
agm003413414,14.295298869217836,5.508970732833357
agm003413514,13.56832627285393,8.504111014391315
agm003413625,15.42002352141798,8.252088226415154
agm003413955,12.613571458713308,-1.362509489429493
agm003414109,13.09143331099989,1.7748152450898982
agm003414117,12.619820803077069,-2.551961972612998
agm003414290,10.552712031814327,5.181623712634845
agm003414555,11.86418272078341,5.067247281017601
agm003414757,11.535069858403654,5.862880070421052
agm003414991,13.101954481267315,-2.1052146365736966
agm003415039,16.8127437953458,8.885032181847604
agm003415115,15.693843573889458,8.220894892451819
agm003415724,12.475963306511437,2.3859598363432695
agm003415728,12.880478350403378,-0.5032586597875041
agm003415757,17.985129117598834,8.628232132851357
agm003415816,15.546067499989958,8.116525292229618
agm003415819,15.62448308894278,8.163670141766362
agm003415880,15.000747706496126,7.469469732597687
agm003415907,17.52487612624701,8.165876243722755
agm003415994,11.750452544457218,2.498363591139538
agm003416039,12.68743163897875,2.551674363344547
agm003416317,14.215145421244186,4.693374151918172
agm003416401,11.37978973297895,0.8254202531439331
agm003416639,12.616472957286716,4.152080719392817
agm003416681,14.930006328084458,7.842026972389508
agm003416724,13.32507175912003,7.742544799978873
agm003416773,15.77585263708959,8.252238617315829
agm003417082,7.176604747281364,0.10417854445225139
agm003417715,12.872166855145394,6.771507192629092
agm003417739,14.553832062586302,8.016309065697397
agm003417774,18.1010876397384,10.92646977648176
agm003417835,15.662480054571683,8.11840735501645
agm003417946,17.08823917689836,8.527795514258168
agm003417997,16.449104086176842,8.852853786750984
agm003418103,16.75926614598985,7.082636520764112
agm003418112,15.668919830945496,4.392529884015435
agm003418124,15.878032034880057,5.977768907740206
agm003418475,17.76166793851508,8.996581147578484
agm003418485,18.066088731155347,8.798575797037081
agm003418514,17.270952697961388,8.047788937730894
agm003418654,16.197186742020374,8.863005242545857
agm003418661,17.33022744652273,9.915446781929097
agm003418672,14.437643726803628,6.949421933562056
agm003418713,12.725270457131536,5.86370168299345
agm003418715,13.750950000318118,6.543478811916633
agm003418877,14.843808640621726,7.78317149743681
agm003418896,15.542067139168752,8.757490485517971
agm003419124,13.934200692994404,1.1592092754579895
agm003419268,15.866531182016466,8.809334326605875
agm003419316,15.219750282194282,8.190927890638374
agm003419499,17.06305196044374,7.915989500667302
agm003419500,17.37981336870191,8.113204962540017
agm003419753,15.080127782508262,8.050629818853732
agm003419787,15.382487070205839,7.700085190484727
agm003419812,15.946343943231867,8.00797819977012
agm003419828,14.877014649712125,7.403324758356724
agm003419829,15.247114201887582,7.605478375058695
agm003420075,12.625248123276265,5.397628090270886
agm003420140,14.921574346584832,8.445413715178239
agm003420162,14.138497124864701,6.7396795047344495
agm003420217,13.666495443065363,6.1290819416321805
agm003420288,14.259134486012856,6.05259450592029
agm003420344,13.69364815831098,4.587727249027091
agm003420386,16.33705646645043,9.30341028584486
agm003420389,16.67803998990132,9.552432887119258
agm003420424,14.930958503896981,8.447150972481614
agm003420441,15.281783373255218,8.653207950900454
agm003420447,15.786181058231442,8.950642266660557
agm003420448,15.609308038982048,8.80865475909564
agm003420553,16.611046230024034,9.621144835126891
agm003420777,10.815332864933632,3.097840597199331
agm003420849,13.737252769208206,0.5478775498675764
agm003421030,13.206443760039297,5.576063652759854
agm003421148,17.060748330664087,10.611169490022217
agm003421173,11.399047264772397,4.965203448410235
agm003421460,17.632009109694902,9.538758566704216
agm003421936,14.332139721234453,4.028883344632319
agm003421955,14.15611667476773,4.249906194038155
agm003422074,13.55384318836702,6.1060068534601575
agm003422083,13.629471673241248,6.166840513587872
agm003422160,14.428315407289768,7.806042068390432
agm003422325,15.167740994502706,8.274108317032868
agm003422341,14.401629082636818,7.819447655252136
agm003422403,11.541857252759577,4.878138837605697
agm003422744,14.597627013176057,7.162035237899219
agm003422973,14.55499175887514,7.605218360503887
agm003423323,14.786278967085563,5.289801034732977
agm003423326,14.257545959148002,4.751675949723981
agm003423530,14.4464862092899,8.065136613824675
agm003423532,14.628784873380548,8.168924143490267
agm003423556,14.357962832037884,7.968930554120848
agm003423564,13.828684378295433,4.342600947550099
agm003424457,13.471596073382463,7.462283611671453
agm003424469,12.416831951673224,6.100331824516718
agm003424667,17.111833323569847,7.582810588660098
agm003425374,14.41274550363351,7.5854469187149745
agm003429030,14.640059694029114,5.287321724068385
agm003429160,13.758260324440629,3.1771819344336905
agm003429178,17.473464596315882,7.532546896534754
agm003429202,16.65331617309857,7.332474354635456
agm003429263,16.608035654582196,6.932362781839513
agm003429286,16.45096121661835,7.111801574552935
agm003429318,15.249484841084014,5.350685695697563
agm003429324,15.462486222156778,5.531412328460171
agm003429357,14.347075447371653,4.663806624441794
agm003429460,13.917957691072885,2.116369698675934
agm003429491,11.411674560092251,6.558611650041577
agm003429505,13.58510104449372,1.9344080871653517
agm003429538,11.837109885824992,1.511074100162234
agm003429542,15.573073114830814,4.980514189960715
agm003429545,15.14215178574713,5.33711946013755
agm003429618,12.812906292694231,0.280857580908845
agm003429652,14.483776771069678,4.164228342253313
agm003429728,17.031098714734885,8.820746590197473
agm003429730,17.50873685434392,9.619918204203913
agm003429741,16.749206115093795,8.629681924810093
agm003429786,16.848304391587607,6.515510721243273
agm003429839,16.06939482495627,6.1151617225909485
agm003429904,17.582869396974676,8.237467147259068
agm003429935,16.618145287794242,7.6417223783637525
agm003429943,18.089125183988415,7.7377800063220405
agm003429955,16.546861241355934,7.586907487034075
agm003430049,17.79825529996571,8.806292589518135
agm003430052,17.944979848557,8.616941920773693
agm003430154,8.736905400337173,4.124326693931642
agm003430159,12.103414284466071,4.276664276284268
agm003431080,19.111265017398548,11.626343118795168
agm003431683,12.938295951178802,2.191731370448384
agm003432245,10.668423458368201,-1.4520465040765533
agm003433895,11.940661744307283,3.8238705819665313
agm003433918,13.267148555669502,2.337728787889836
agm003433924,13.274472662743834,2.333157578224229
agm003433933,13.467174838355517,2.497753241387804
agm003433989,13.965875344646584,3.3107876370288785
agm003434026,14.368979048193447,7.939952790616597
agm003434028,13.576497049030054,7.436254905407058
agm003434052,13.732311020987389,7.943800910710547
agm003434093,14.610768926878583,8.223803039077977
agm003434095,14.686449149752365,8.261300076603248
agm003434097,16.291597522218414,9.599704815974457
agm003434145,14.028141964519419,6.4192352974685685
agm003434154,12.450860973199921,5.309227471944987
agm003434157,13.523259773697317,6.635714523140115
agm003434198,13.148909707830375,6.584704299368227
agm003434223,14.327087082935101,7.062848329678524
agm003434228,14.630514996841207,5.030539782215918
agm003434233,14.492588750702845,6.922096002819262
agm003434241,14.879629559546244,7.953370928116988
agm003434250,14.412706297818168,7.325704824976811
agm003434263,13.874536844655223,6.58602032303731
agm003434309,13.83023041678774,6.35392106355923
agm003434331,14.925747490839214,7.51707521578971
agm003434348,13.773158803518555,7.162860387223326
agm003434350,13.884401667542908,7.234049867251046
agm003434378,12.139171218179653,7.524142488572664
agm003434383,12.653928874588294,6.149941400674344
agm003434409,13.098946739091945,6.837460976809694
agm003434444,12.642117741078152,6.533110706521167
agm003434454,13.154340650434813,6.868715396830775
agm003434455,13.429222494232654,7.043754207111448
agm003434457,13.387433239444617,7.021549045369608
agm003434495,14.119684475161973,5.926852100147353
agm003434541,13.677883559421117,9.015022304298052
agm003434585,13.399539478553825,7.219318368987811
agm003434589,13.346518301057896,8.30975152716622
agm003434591,13.739545892750174,8.48299589589269
agm003434597,13.291705856858824,3.5666980523077476
agm003434619,14.461802983660606,4.0006701668465405
agm003434624,13.460209475989346,2.945573315096778
agm003434645,15.474709382513737,7.402039115988269
agm003434695,16.97026576235749,9.96136985250329
agm003434713,15.136365929604544,8.380641181648643
agm003434719,15.872245578374574,8.662482611279648
agm003434755,12.728313810360603,2.795352908759341
agm003435647,13.846654553581105,2.2668832770848177
agm003435683,14.328734315333575,1.141883195668034
agm003435758,11.857427119962786,-0.4992799290478646
agm003435813,9.375904043647873,-0.11237513200084948
agm003435889,12.135188924698594,-2.40849711889471
agm003435922,10.660909983471422,-1.244300006047574
agm003435967,11.917413432501249,-0.06798273296731357
agm003435970,10.76663503098736,-0.8534659892397395
agm003435985,11.74387976818391,-2.299924451597416
agm003436005,10.344649457636875,-1.8741410995516727
agm003436017,11.071716134602413,-2.237136482949289
agm003436059,10.938634521167552,3.0613687794851443
agm003436070,12.76718125326686,3.681778463443365
agm003436109,10.416898212375784,2.895107816894503
agm003436117,13.047152851684308,2.9268730032842085
agm003436160,10.297209114359939,-0.3982400671184069
agm003436188,10.842880160255318,1.1031419479881162
agm003436206,14.701737926050141,5.448316125356333
agm003436238,12.201525447712351,0.8201169654900736
agm003436239,12.251755412823236,0.8562968150087199
agm003436293,10.013898585515227,-1.7142325631899749
agm003436316,13.14724557470182,0.045682370592107446
agm003436339,12.043323984690844,2.4083769241963453
agm003436358,14.003572483373516,4.046649066092166
agm003436359,13.0755810731927,-0.6197072395024712
agm003436363,13.037479808534306,-0.15702526763972222
agm003436411,16.544936012396274,9.708473619938689
agm003436419,15.180183930998297,7.5937440495330035
agm003436452,12.04566812575482,4.453449641121291
agm003436490,13.85445166686704,5.999662596344101
agm003436510,12.19490651370568,5.298965049427387
agm003436512,13.844551335808541,6.26954244637481
agm003436523,13.892974809113818,6.26105318201168
agm003436526,13.291527642938348,6.359504071513558
agm003436534,13.640015786546023,6.149999708209989
agm003436554,14.381084877533938,5.540486496742246
agm003436561,14.075985498592166,1.9769384509146863
agm003436565,12.495088924074466,5.460146927436713
agm003436600,13.556390540039734,4.1587560082521025
agm003436670,15.241470577416566,7.833764087272204
agm003436703,13.25842977135391,6.566174464181194
agm003436704,13.709315304368694,8.384695455783886
agm003436751,13.29638651586022,5.1346530846622365
agm003436763,15.916736462420955,8.419892041542395
agm003436787,13.998652205513373,7.927471162648917
agm003436795,13.01838553996381,7.367750838623419
agm003436835,14.306424183250007,6.851132083630488
agm003436841,14.07273639242169,7.469470998451087
agm003436872,13.064431418736213,9.250411749828919
agm003436873,13.627652767083639,9.366945224890456
agm003436893,15.629252671277355,10.697829846893844
agm003436898,15.766729752152097,8.651757677956143
agm003436908,14.344526618374324,10.777328869913175
agm003436947,14.006380134988513,8.72537726102995
agm003436966,14.893265675713296,7.922605004691338
agm003436982,15.388664698857028,8.74298645585302
agm003437032,14.615216127587503,7.5587701512712036
agm003437036,14.796832522580937,7.665656463384863
agm003437045,15.14429839279586,8.181821916167806
agm003437065,11.295954070266125,5.552698741667036
agm003437097,11.200365880815001,3.281103514219248
agm003437125,9.185130383029565,2.0276001860832813
agm003437136,13.428278077323434,5.792807120567034
agm003437157,9.283452564035265,3.0027787950661327
agm003437160,13.558054514941523,6.235776514570884
agm003437175,13.742911119322441,5.736931293722894
agm003437182,11.226390643865656,0.3781256515583327
agm003437184,12.774772311515612,3.874920512628796
agm003437211,11.636022901054043,4.050247227630603
agm003437237,6.709418859504226,-0.4760995271571827
agm003437278,11.505610430578253,-0.11474511070866218
agm003437319,12.35717816553632,4.91251781748818
agm003437334,13.30203505745434,5.598170082131124
agm003437353,12.358849784838526,4.946661606266418
agm003437360,12.315237719289307,4.92358004228721
agm003437375,11.88944482681544,4.6255324685454555
agm003437378,12.191282633794323,4.793681484402068
agm003437414,9.930598647110974,3.9933804761684244
agm003437417,12.503650816067802,4.301500501494438
agm003437474,14.374777665497726,4.486909824859263
agm003437517,13.42097316649592,5.908743391065556
agm003437627,14.970388678946344,10.285916056634015
agm003437638,14.402620419902043,7.474470960035807
agm003437676,13.374874106468821,6.042981535800631
agm003437717,14.20972692985494,6.798473443792527
agm003437730,14.621480556067192,7.091717734555309
agm003437744,17.221307247800087,9.57852178438744
agm003437752,13.751855063939546,6.499413816488436
agm003437798,12.424549752156054,5.435417756594529
agm003437834,12.935091863438794,3.0375794746990423
agm003437842,8.675111571153998,0.3235887374129926
agm003437868,12.14666181961171,7.663549394710692
agm003437873,14.296514007602747,6.975951925626746
agm003437884,14.192862587136984,5.986694389054016
agm003437911,10.86428485499851,0.5943268725406791
agm003437913,15.249878708574693,10.14077453140643
agm003437923,12.10637940778894,2.198960720803323
agm003437925,11.539034305439563,4.584886337650157
agm003437927,12.373808626216183,4.490065652585649
agm003438002,15.092744095334774,7.238646863612552
agm003438035,15.24238222402387,7.4503669643027015
agm003438053,12.224913091214122,7.609590800254516
agm003438055,15.109412391043094,7.584029135010765
agm003438096,11.936073620140746,4.082453535009304
agm003438120,11.674197697802148,5.17569266969775
agm003438152,13.906766731508858,6.4437642061640155
agm003438165,11.69294735027848,8.55047991654667
agm003438169,15.01862715857977,10.631549282123595
agm003438227,13.737792497487163,9.777474469042245
agm003438293,15.729581073168438,9.004931553533675
agm003438354,14.013764580263372,7.231873044383472
agm003438375,13.685686722714385,6.964756014922028
agm003438377,12.756849532019375,6.39262651053994
agm003438416,12.751245865119627,3.8861315783541577
agm003438426,13.826704504511207,5.341048587647818
agm003438483,13.72818241911549,-0.47540126095870505
agm003438492,14.816951817836705,6.562067852232897
agm003438510,14.039904639108117,7.614070305827368
agm003438511,15.243503064676347,7.4181345744161
agm003438513,15.594094813153554,8.601378960126235
agm003438519,14.8192461373973,6.553719923765666
agm003438520,15.345171301009325,6.2925852041046895
agm003438540,13.928384618734057,2.8085250037858067
agm003438551,16.898673085643534,8.978152865550117
agm003438570,14.695380202556493,6.338310806543205
agm003438577,14.609662226647288,4.734191364070925
agm003438590,15.362124802142453,6.978709260837956
agm003438595,14.03131097277747,4.340814677294521
agm003438606,15.523301435634947,6.458228676726399
agm003438613,14.051219848708067,2.77686803798588
agm003438622,12.92575252827875,9.54877626770673
agm003438640,13.709566436388771,4.20540655584368
agm003438642,9.827000635579804,0.8699568144834645
agm003438667,12.27378986237033,7.075118066113032
agm003438699,11.350541082677568,7.977280946981176
agm003438736,11.474172677115947,-0.6240603369930504
agm003438759,10.438423014389274,0.45218394999900724
agm003438781,13.88837752275093,0.46135185582280985
agm003438788,16.851805851129534,11.533717094198785
agm003438841,15.293593725165232,7.157508720469967
agm003438845,14.537950902985314,5.1741691185302985
agm003438852,12.475007167085963,3.370906312085894
agm003438873,12.045313900711273,4.24842858124605
agm003438929,12.81869079985175,1.4507061353372432
agm003438936,14.319680165134992,6.235110582141076
agm003438952,10.79279367119588,1.1600698630857973
agm003438972,14.588257765942627,7.391521651104791
agm003439001,11.36649390986466,-3.074686538921681
agm003439039,11.175623964261172,-2.799613096271994
agm003439040,13.198811343459111,-3.2607482252601727
agm003439073,14.088922401879422,7.905168635587874
agm003439087,17.344316936037163,8.036361378024372
agm003439175,16.719968495189388,8.281240830692592
agm003439257,13.299942255633766,4.823369773288836
agm003439279,13.427534337619905,4.340185417346338
agm003439294,7.3235301897202545,-1.4921350159380016
agm003439321,12.883355254761126,-1.7320989982039972
agm003439331,12.540653130335443,-1.9265641382562737
agm003439335,11.899549974601085,3.126497122237199
agm003439412,13.981816515393154,7.6231140804294215
agm003439452,14.10921981833812,7.767869775098799
agm003439455,13.661145432907984,8.007836952204123
agm003439468,14.76347204088389,8.504760235206982
agm003439502,13.730411618837293,8.09306360021204
agm003439518,15.068677464833106,9.348984513919978
agm003439523,15.108927758125281,9.367339498261025
agm003439529,13.310214824347161,7.588789178235827
agm003439531,13.15058478226534,7.3598062332368235
agm003439544,14.007557079641984,7.7583886513909155
agm003439571,9.745470045233654,0.4295843808145925
agm003439572,8.888167551375046,-1.6539503157135726
agm003439605,13.195507508328832,3.401885104882871
agm003439611,13.197122015996028,1.3770593535424815
agm003439636,12.835413673447983,-0.2344294388263878
agm003439643,11.333354579453475,-1.355067442689614
agm003439689,14.335477266518096,8.15046576258273
agm003439711,18.211237794617997,10.852882773936491
agm003439713,16.157160439443803,8.5567026942029
agm003439754,12.21247150138201,-0.15764666178129852
agm003439758,13.087594646131906,-1.6388635183496885
agm003439780,11.40920376300577,0.2558407381122538
agm003439797,12.909062796519024,-0.3237927432113364
agm003439799,12.40011270535057,-1.452795374890164
agm003439802,13.119676827661563,0.6465103105438613
agm003439822,16.17471874837403,11.353366738841439
agm003439826,15.64498531077532,10.34988399175788
agm003439832,15.108095611617033,9.257302340266042
agm003439834,15.227076340869226,9.344221118645121
agm003439873,14.64372001796513,4.5560591079000545
agm003439917,16.712037485879705,10.32522303764971
agm003439939,15.324364330096222,7.177613536498911
agm003439962,14.64201524169149,5.222005377545119
agm003439971,14.66913850600117,5.233608116659251
agm003439981,14.747591903493694,5.2771964710467705
agm003439989,16.513914814018232,8.654851278736
agm003597576,14.27436440612876,8.992470108564449
agm003597671,17.48554871843852,7.492230656273773
agm003597762,16.35624798995652,7.502590351639824
agm003597944,13.594539651100348,11.21667624422704
agm003597952,16.773062805590463,9.356872400553067
agm003598041,16.33297930564124,9.246680767515494
agm003598072,11.177293598856302,4.88596641842033
agm003598411,17.75476399852668,7.818004755111566
agm003598451,6.7073850661854975,-2.530073732209275
agm003598736,15.334426439484767,8.115161072761467
agm003598978,11.16941709854585,6.424567724186925
agm003599058,10.935670929202765,3.8991800132784795
agm003599079,16.219626202902358,7.027545959192281
agm003599324,12.039786091969416,0.5578048688828533
agm003599411,14.458245658998747,5.982831853024121
agm003599430,15.904509029153212,8.255172475022764
agm003599634,17.540095373880565,7.933822680225433
agm003599686,13.344851095253913,3.80223489448735
agm003599856,18.447091449479668,10.021254988285385
agm003600117,15.532648714042772,10.051607270034433
agm003600197,12.51531831017911,6.9527823551602355
agm003600347,15.101910966712055,8.536501388155648
agm003600360,13.416272693580652,6.915816014370788
agm003600581,12.334706114097038,6.452701416296378
agm003600603,12.521371478557077,3.615434798500425
agm003600734,16.222036784551207,7.874344365700813
agm003600834,15.89670256078823,5.196799885192596
agm003600851,11.45330283351111,4.515250805355201
agm003601037,14.619828632630336,3.448520388393631
agm003601364,16.387953095800246,7.420382064789062
agm003601575,16.482543061710654,7.702429905722247
agm003601673,15.692608587423763,6.307120947742031
agm003601760,14.261509119554178,4.458894216788927
agm003601785,12.92152348521437,3.7740912532292348
agm003601817,13.412018679370695,5.929639406032664
agm003601982,15.000286714306261,10.024661053584293
agm003601997,15.027829635215229,9.898157552281205
agm003602037,17.65282524591641,10.891643265172503
agm003602120,14.009324385714166,4.81201095905748
agm003602131,14.53646012459822,6.989753298820156
agm003602163,16.3853623588763,10.273263092662999
agm003602176,15.194109911261839,7.246700184014593
agm003602307,15.223754349305784,8.303526189477667
agm003602403,15.44004929440517,7.343244322223227
agm003602496,16.16687407832898,4.835725815727991
agm003602504,9.177368970065858,2.851375850069227
agm003602542,13.404708335760466,8.787715439799191
agm003603153,15.417170256984972,7.775713242604495
agm003603299,13.09950931885178,4.219334449075824
agm003603333,14.142604352101268,6.7972630488073476
agm003603454,14.259371966308164,7.263860950746282
agm003603459,9.085822931782586,3.2884761601854677
agm003603616,11.323733938110925,4.991294908468357
agm003603627,17.164171628869152,11.211116739023934
agm003603781,9.564941393007812,0.6629902630488651
agm003604308,13.780010715064165,4.641088194843449
agm003604337,16.074386254638778,5.2432593260618345
agm003604689,12.24193712456311,0.8321080372270006
agm003604700,10.704533647822378,1.5352381788447313
agm003604955,15.091337063752398,9.526473118465203
agm003604974,14.962400832816646,6.813589409512179
agm003605123,16.662967534056847,7.956024314767606
agm003605170,14.816131354407645,6.571146543943563
agm003605234,15.282234472476617,7.417858674762166
agm003605400,7.455568183683501,-1.7411029540599632
agm003605486,18.177974491380844,11.379477303402934
agm003605751,13.013139637191728,-0.10761213068800402
agm003605771,12.894979770646037,4.725285645074691
agm003605947,12.730850600544896,5.742704287099706
agm003605953,13.871422029971017,9.270604493954064
agm003606023,15.783716592446034,8.179153996120927
agm003606036,19.44618628564029,12.610713110578276
agm003606155,14.252958251446081,7.406342676599198
agm003606181,13.851263075528669,5.5427804345878045
agm003606217,15.58561147698679,9.776034037235123
agm003606270,15.36563627727226,3.9529980302039065
agm003606290,9.698515840317567,-0.41785961580935194
agm003606514,17.60216407087076,8.071697041394023
agm003606651,10.731949422820405,2.34216566253903
agm003606654,14.095713986435564,1.4128124650146614
agm003606726,7.830194578996746,0.16650947680749853
agm003606819,17.846066959748015,9.30583461705993
agm003606825,13.650846788831828,3.648649682838478
agm003606827,18.231611189265166,9.584241399491725
agm003606930,18.87510547973322,11.210615082343963
agm003607006,9.773222039856787,4.288062137335579
agm003607211,13.742030509746103,1.1080336278187215
agm003607386,11.687800619703003,5.595167779851276
agm003607399,14.348904852057222,8.740617141634585
agm003607411,12.149206063134782,6.781397676773335
agm003607463,12.893756535048544,2.204421250001874
agm003607573,9.016081919956163,-0.9729829139701565
agm003607604,14.324516479195735,4.8092977536203465
agm003607640,15.79029646680798,10.01245418436161
agm003607653,8.780427460422347,3.801485480245919
agm003608020,13.915842422369373,5.7873555125752825
agm003608031,11.442332512310719,4.407673727044813
agm003608215,13.234921148634875,6.585793597981031
agm003608326,13.80465835352152,4.874360237189166
agm003608355,16.83216112138864,7.72596634803947
agm003608452,16.104118475988752,6.77927531696972
agm003608453,15.352192229699883,5.687289372612938
agm003608569,12.673033562112906,1.286982274985591
agm003608646,11.784581367471143,2.9029852997970167
agm003608723,13.418796394018521,1.7060971690535662
agm003608732,15.621604593952283,6.397421228008906
agm003608752,15.76957900457388,5.90936386573009
agm003608987,16.089806125534434,7.277957021897429
agm003609013,16.389360630495275,11.081043385885735
agm003609059,14.722111376761484,7.7623198842724
agm003609083,14.663268980173944,6.785335640511793
agm003609100,13.726394401180771,6.974951690565182
agm003609129,14.403956864940405,6.091485841239435
agm003609172,15.302243242103179,10.032690249012333
agm003609182,7.3602800187138415,0.893608743556241
agm003609206,16.832236148569198,7.525923085888926
agm003609230,14.426827098270643,5.357437831366173
agm003609347,6.552663780511787,1.1047153642778476
agm003609362,17.202365969124763,8.658875846448852
agm003609552,13.258018709782094,3.6001667286139543
agm003609725,15.493021880978242,7.938585481196417
agm003609738,11.060486891437018,4.803683290052045
agm003610064,13.19318521988353,5.484770655687444
agm003610090,12.83599066256555,6.237630404118545
agm003610167,13.05818426024259,6.68592787607282
agm003610214,16.951735707731476,9.13891235584133
agm003610383,16.093404226502898,3.192531182101819
agm003610462,15.749590720916274,9.333028538560365
agm003610469,9.822083428111723,0.3049389587097586
agm003610490,12.840940160529149,2.6879626924972286
agm003610544,14.480784503986962,5.779218880492334
agm003610789,13.270186418282625,6.339350532300448
agm003610847,11.551704109216773,5.086112129196394
agm003610871,11.46521710275647,4.66509357100056
agm003611211,16.343452842183815,7.669899601416588
agm003611328,8.335499896683134,0.439712058048156
agm003611451,17.067891374884823,6.820592743502605
agm003611469,14.154829023542371,9.437533927266449
agm003611609,13.877360116693998,0.45235245274970265
agm003611676,14.178922266907684,8.590722379481555
agm003611991,12.403965479104299,5.0923143964157385
agm003612127,15.107331540482003,9.125225392451524
agm003612227,14.278125212624206,6.32364688666725
agm003612385,10.991154429174784,6.52614283104435
agm003612737,7.996311967247843,0.18453276918160189
agm003612959,8.640028052690601,3.4812851288456654
agm003613000,11.075863681584432,5.438626593540648
agm003613186,15.347175560548068,7.664596923242717
agm003613262,15.397525905007159,7.871774941991472
agm003613382,15.72518903175885,8.173547252780224
agm003613817,13.814929110838055,6.313771542735031
agm003613836,15.217989950213232,1.4906337928466904
agm003613927,12.631456874515296,5.73996293869822
agm003613938,14.253227305590745,6.111298973942652
agm003614060,16.84331212078278,7.649761324143972
agm003614085,16.273728082672704,7.656041530889436
agm003614136,9.390056593017132,-3.968850884884696
agm003614299,17.31158351699176,8.131392054669487
agm003614450,18.185550307239804,8.937535342767646
agm003614481,17.582080077533156,8.595138167481771
agm003614582,16.861349760768583,7.852047174898432
agm003614584,17.077866539501297,8.095074064838707
agm003614619,13.476744496515604,4.2566771384879765
agm003614635,13.038912135266195,4.980420815810319
agm003614646,15.96887783896084,7.218613783559736
agm003614657,16.405824399880835,10.257176875659074
agm003614659,15.679817421202223,8.99972863556346
agm003614661,15.493259585112778,8.917636402934576
agm003615495,14.722298582974043,9.21247218204352
agm003615622,16.508877048753273,9.259005684752363
agm003615652,15.188444181778477,6.208061466913087
agm003615697,15.100102885749369,5.43345123491976
agm003615735,13.98047478503577,4.488676721108501
agm003615748,16.514099288663854,6.922393147956676
agm003615759,14.257598999780638,3.6465330830983795
agm003615965,15.432249375939243,6.024435153048238
agm003616088,14.047581510394595,4.791992662175634
agm003616101,15.098560045890785,6.015090055673838
agm003616112,14.541482018139915,4.406289480901577
agm003616121,14.280435519698095,1.9923800313339708
agm003616131,14.3205233950938,4.175872976503152
agm003616164,14.315354032126603,4.175709715793973
agm003616168,13.966139646638256,3.914821880583851
agm003616258,17.030025617556582,8.075747442572554
agm003616273,16.9348163020552,7.922159043599303
agm003616302,16.753561712431615,8.96839471848519
agm003616355,14.051094572012143,4.782415809632852
agm003616364,12.936315043129987,3.813731958962361
agm003616418,14.19813104388863,5.103923893770441
agm003616447,13.772835123063423,5.104774304408997
agm003616450,14.222164751532825,5.127049382668062
agm003616503,12.227388397674407,2.7468288581815594
agm003616512,15.92999364981356,4.718466896414549
agm003616513,15.679255109649313,7.063108802232392
agm003616526,14.394119760608968,4.928221484245604
agm003616555,16.736989751042316,7.526486982605997
agm003616571,17.302608235381953,7.651304250285966
agm003616574,16.86518614689656,7.636490122622661
agm003616586,15.721652510641144,4.492271126109994
agm003616612,16.974331352791353,7.055703633699919
agm003616614,16.81940999804654,7.293694654379085
agm003616622,14.495297076261055,8.94684362905434
agm003616634,15.437103658167871,6.279244037168446
agm003616638,12.253220613248464,-0.8748185936647097
agm003616701,15.05775360396233,4.793046466584109
agm003617190,13.567391846357799,4.64168684774558
agm003617414,11.833554062046831,2.9858204747962143
agm003617626,13.131383717060842,5.46686728738084
agm003617946,13.821532073259393,6.327693937124371
agm003617960,13.853540442701641,6.357536797251127
agm003618181,12.251143465299107,4.197440183641473
agm003618386,14.772326881731395,7.356469497492492
agm003618391,15.002691578880084,7.4744594731401985
agm003618795,11.379139962761652,6.475414284034767
agm003619380,13.252194823717582,8.406674301638251
agm003619544,15.207053707048027,5.743168716947528
agm003620488,15.46808704978649,7.37263706733987
agm003624031,14.2151535320723,3.9562490491988473
agm003624604,12.683229394651507,4.978712961614793
agm003624949,13.31924260717011,-2.030188295321244
agm003625363,13.103008099595874,2.325248100099948
agm003625596,14.412542116724167,7.41438521799302
agm003625623,15.172905967360107,11.009087534626719
agm003625654,10.601181325227662,6.107899596788248
agm003625681,14.989367689714484,9.632883057782994
agm003625718,16.020665726607398,10.239490824517341
agm003626092,14.875974692536168,5.92133351140818
agm003626093,15.573759704102802,6.6673363041286535
agm003626409,13.052765314273204,5.41786954194559
agm003626534,11.652329837326578,3.095772678487064
agm003626586,12.585119255045546,6.903799056539282
agm003626596,11.82787742890952,2.6750874576368826
agm003626685,15.442346463547283,6.910872318849973
agm003626700,16.02943719083272,7.413639951307804
agm003626832,13.956099304048086,4.887732189731919
agm003626833,13.92979277078946,4.854911652097959
agm003626927,13.29705402974717,0.8788609763726978
agm003627261,15.86334077267916,5.793859823275401
agm003627348,11.913863013513865,1.6798691396038246
agm003627486,15.186938056032313,8.634703323472811
agm003627580,11.863894160322142,3.009137024120866
agm003627982,15.009288997158778,8.644786180642573
agm003628011,15.958222360925514,2.75518701509956
agm003628084,13.854564438615128,5.103852442721591
agm003628364,12.438263951945009,3.5317244249778854
agm003629859,13.675442079933788,5.0618648800695425
agm003629868,13.184167868415571,2.570970972737747
agm003629887,13.846862751870898,1.3154532037906161
agm003629904,15.11350299679841,6.005639818503882
agm003629925,14.934589540528636,4.479597900508773
agm003629933,14.129660676856574,3.9179948067680446
agm003630011,13.447457296266098,4.599084761584468
agm003630174,13.006978972766593,6.70523710357817
agm003630188,11.249062927674768,2.454161617199885
agm003630204,11.602496742245055,2.0711118535593087
agm003630205,11.647889040615818,2.1037307409013097
agm003630277,15.87032186608882,6.547494670803221
agm003630355,14.849812138689433,4.771531686922149
agm003630390,12.242173559465146,3.417323834147468
agm003630391,12.84587927185658,3.7309826216334763
agm003630452,16.63001850910266,8.677554780147743
agm003631616,12.744163288286707,-0.14365166899296966
agm003631667,15.375210619738779,6.917582492111146
agm003633112,12.928928205726882,0.13599189909283993
agm003633255,12.980619670941268,-2.8026782630679836
agm003633698,15.696754196725825,7.848134634119953
agm003634111,14.366535411941515,5.439111615723359
agm003634659,14.11538444839453,6.825392092713823
agm003635168,15.053326327377569,6.146117661963796
agm003635677,13.460395614013057,-1.442051277661605
agm003636413,13.299379842977546,3.928642941829782
agm003636744,13.491132421389967,4.660499999592872
agm003636845,13.849235206877541,4.047697409111848
agm003636869,15.796589033329639,6.317440385251835
agm003636984,18.21943637252998,12.706788503127203
agm003637747,15.17215441004743,4.558174943203305
agm003711950,13.197952291993872,5.01033653814594
agm003711959,11.574318088764342,5.823139103878795
agm003712480,12.549493408179194,5.292203307974989
agm003715837,12.066784579739796,2.925594415190588
agm003719819,8.454872085919897,5.77338711861617
agm003719849,11.272245454708827,6.512645514175946
agm003719877,10.15675648495496,6.005036914578067
agm003719981,14.350101962231907,8.677851659969711
agm003720872,11.489992840633064,5.886825839898883
agm003721150,14.498835344127272,7.7033038560605736
agm003733914,14.08354178180569,8.227353561338326
agm003734798,7.972853938339554,4.611093860882269
agm003735654,5.46334508905625,-0.7630402473965431
agm003736676,14.901678041873657,9.313539663678704
agm003737973,15.842150050676779,8.19129690164409
agm003737993,15.894738823411048,8.237213862610911
agm003738655,8.040515324061046,3.152901702758712
agm003739979,11.613126455250274,4.549966183686595
agm003740506,14.095201372117051,6.082830193321905
agm003740605,15.052281272006672,6.447388505748518
agm003740895,7.522436842463814,2.5372219763211437
agm003741569,14.33979903513373,5.772921724892349
agm003741571,14.470624710827677,5.651678664254013
agm003741621,13.249663813478612,7.882751211883753
agm003741868,13.487556202232227,6.9273895460230515
agm003742044,15.406234839026622,6.756503158941965
agm003742311,14.834468818539976,9.408440070958756
agm003742316,16.973684755443426,11.156324329432806
agm003742480,12.54088016085772,4.515721003297972
agm003742573,12.62558079042209,4.713586164735287
agm003742583,11.549810681837963,2.8074993335700427
agm003742654,12.737445783421931,3.6984849653498024
agm003742817,15.550300218795535,9.064435659307005
agm003749449,14.35043064635262,7.456787177077803
agm003749944,14.496616890559366,8.537608615815497
agm003750183,13.234879141166852,-3.2348032488667804
agm003750318,16.03267299648326,8.531401629985309
agm003750492,15.992468827370176,9.649861259186329
agm003750771,17.702272602087827,10.302553218839767
agm003751032,14.738657598098108,8.353162767039338
agm003751158,13.47216393885554,8.075436497802023
agm003751187,13.787746139032862,8.664279325339818
agm003751514,13.783728193044409,6.416553501993651
agm003751772,15.512548398131548,5.4225117900049336
agm003755635,12.409835695243247,5.193604983272148
agm003755654,14.901467099722291,5.740250157014774
agm003848744,14.53605559873196,7.744344922848896
agm003922680,10.617612575084953,0.30171811078029087
agm004017393,11.619332753185569,3.855269519269001
agm004043699,15.01829140035202,8.18882196090356
agm004063661,9.804606830013437,0.5583098127601662
agm004081835,12.8070219251926,8.76033300515929
agm004095660,9.554556531697726,-2.244829716993996
agm004098850,9.47231495484051,-2.2578069522592212
agm004107857,10.833941517451294,3.102563000365599
agm004111069,10.416074474681949,-1.2445270574504272
agm004115413,10.73224618516658,-0.7533969017189319
agm004125178,10.199154511646467,-1.369940986476566
agm004141992,9.70234703500525,-0.23680988673613879
agm004145031,8.605295457341063,-1.9619412214206402
agm004158696,15.849038269552164,9.812505296313747
agm004164736,9.664197588390671,-3.0469387239727483
agm004171858,16.270383766490724,11.264792109293836
agm004177081,11.633678618070391,1.1584928272777306
agm004230125,11.036795184905678,-0.719271494937411
agm004234112,10.755903806497495,-0.17272206693158143
agm004258749,13.051916858353612,5.193135675574977
agm004316581,17.075931020329957,10.06002813405115
agm004326454,12.90103082978723,-3.4795595595999718
agm004333120,10.650798464799454,0.24222615044657214
agm004408849,13.487525421870522,7.896369243428792
agm004421625,12.995711124751939,5.9797701705742305
agm004442358,9.21759922258333,3.071750415175844
agm004442524,15.372565921015221,13.038528064874823
agm004458931,18.174919552939357,10.0589075597263
agm004464908,6.5537084943819295,4.023634832400045
agm004742296,12.721956181804066,3.8817184098010684
agm004742319,12.721489762874421,3.6999532441144125
agm004742342,12.063512633662192,3.5249815941257423
agm004742355,10.158642335323707,3.8075546610553004
agm004742409,11.82533066840301,4.657427687782562
agm004742456,12.450043299588552,4.388853101456108
agm004742654,11.365385669733506,5.348671606267653
agm004742678,13.494929104894252,6.140637647402818
agm004742720,10.393900591051477,4.269292826936154
agm004742724,11.239209723011848,4.484944039986193
agm004742747,11.09384207333521,4.968299990669755
agm004742749,10.849613598925394,4.73162492366145
agm004742752,12.671094297155944,6.184854382722282
agm004742761,12.028087881328632,4.92779668887528
agm004742776,11.514408375984418,4.5956231936104475
agm004742810,13.180556006082364,5.5012033186307
agm004742811,12.310051490622534,5.406973810581699
agm004742829,12.379714142203495,4.679759721256129
agm004742859,12.775718005019606,3.468722577886448
agm004742880,13.979826240370004,4.887994984342028
agm004742888,13.186943454498424,4.067207173293159
agm004742899,12.942201251456313,2.2522285595633407
agm004742918,10.691196625188198,2.475566767235334
agm004743059,13.721578826430731,3.9385354960264842
agm004743064,12.987319891311374,3.127512863752184
agm004743089,13.364910431041364,4.139984592000389
agm004743109,11.593890254691077,4.421644049878034
agm004743110,12.25580826548349,5.063324379819384
agm004743195,12.59043450182592,3.2851595685976065
agm004743221,14.527253994053694,4.622484609478845
agm004743223,14.027071913280196,4.09788775939928
agm004743225,14.575425518463922,4.663253679361838
agm004743293,10.806004591033393,2.99690713539067
agm004743314,10.166876962375506,3.1835504371940004
agm004743323,10.666738649144973,3.1823583238057473
agm004743358,10.675666496562057,3.1958181702981263
agm004743384,12.13777256427152,4.7682526640475125
agm004743388,11.026701877696953,2.1859397025236844
agm004743452,11.232859059619756,3.2107720678155487
agm004743459,11.604927638208999,3.3221109364483645
agm004743488,10.89584150635797,2.5919168146306184
agm004743536,11.59269178017333,4.524691072488783
agm004743553,11.25919822681829,4.274758705560953
agm004743581,10.935299819444367,3.9671230648581606
agm004743584,11.242937815318614,4.2358469375015595
agm004743598,10.70918488237882,2.4806130732406615
agm004743614,12.968060777949672,3.6455317399728764
agm004743616,13.263720432727842,3.90786968772496
agm004743631,12.859001294692034,3.558001485870625
agm004743637,12.76486343055897,3.4529195684691003
agm004743638,10.671016440163319,4.026870962340897
agm004743665,11.818471661245795,3.0634278135413844
agm004743728,12.140265752544627,4.436498662525129
agm004743742,12.402169516468751,2.9285555751807792
agm004743743,12.15788847781414,2.769627152157144
agm004743750,11.782935855040035,1.6303082552718504
agm004743818,12.789012605787208,7.0298150305157
agm004743836,15.867738909689535,9.729796521965811
agm004743870,12.292930093267353,5.971350544459129
agm004743886,13.690037094580873,7.145799817591713
agm004743909,10.812634918425367,6.766905461529266
agm004743918,12.252093751179721,8.249344122841698
agm004743943,13.940172665595787,8.224647998947427
agm004743945,15.909315556469187,9.859427552543877
agm004743960,15.812970714671321,10.243280386553089
agm004744039,15.690321125835112,7.5469315026676975
agm004744052,12.455105988051697,7.046697447217291
agm004744056,12.386893649921538,5.454278627558015
agm004744057,14.316410176879634,7.318981684672232
agm004744087,12.630568814866765,6.524931752178535
agm004744117,14.179029574197337,7.085346954650952
agm004744118,13.402063248084211,6.250795404451401
agm004744177,12.311690128732565,3.648392114012941
agm004744180,11.24788651834676,3.3203394073125074
agm004744240,11.015227457525627,4.407081206221213
agm004744260,12.064758267772907,4.688664432955456
agm004744266,11.516112616625271,4.242044823648314
agm004744321,13.722051276069891,6.159993489811864
agm004744324,13.472736779334085,6.0038212691974735
agm004744329,13.278500547789742,6.12994464492484
agm004744477,15.531962452287202,9.961289333293374
agm004744478,17.393287033241773,11.241409249193815
agm004744495,10.530652504097741,5.146355763435925
agm004744496,11.195329533842028,5.597071102967001
agm004744547,11.886352853562961,5.33447748600478
agm004744576,14.778112888732048,7.275172830466755
agm004744577,13.745117748856762,4.775405858685804
agm004744579,10.595539506156262,6.2348969052484255
agm004744599,14.327039066624964,7.278378001774915
agm004744639,8.796052095674705,2.576262749452521
agm004744690,13.332639944418707,4.112511725963533
agm004744750,14.23960138350867,5.823045584560009
agm004744798,11.696489944898213,2.2375569817495915
agm004744857,11.633764238083018,1.9593952279632123
agm004744886,12.415824494401727,5.892992998440228
agm004744899,12.049834584825197,5.783724052400668
agm004744900,12.135984771290802,5.835811693680093
agm004744927,12.279248244165998,5.52830538426442
agm004744964,11.580320773169872,6.088295476139116
agm004744965,11.475693816300216,5.964490665626257
agm004745051,12.595855675955045,2.6433787096315045
agm004745099,12.020752539599592,5.657760857429198
agm004745106,12.533673372292371,5.393122872262999
agm004745129,12.562102523729315,5.403906243186746
agm004745141,13.759129723500537,8.62567286751516
agm004745147,14.689398062599336,9.585841461627549
agm004745166,16.571147250573294,10.518493353364194
agm004745175,10.863040412803251,4.9217562151257335
agm004745188,13.383607785630923,7.081904571831413
agm004745214,12.17820762341727,7.310099276062709
agm004745228,11.676906068633713,5.096670306566332
agm004745267,14.104456618560825,7.159044930954348
agm004745279,13.918407575180153,7.292042804076666
agm004745296,14.643194208506642,8.042096718582188
agm004745329,12.124234704069531,5.7437613995174
agm004745345,13.098943079632754,5.959372284775575
agm004745359,12.10268226138794,5.411008453307445
agm004745363,11.767713380053214,5.464624208710556
agm004745365,12.08525974527363,5.702860442743428
agm004745387,12.484853389443407,5.882628610266742
agm004745440,11.321192370325056,5.021858855170096
agm004745453,11.300795314214154,3.7003880339225077
agm004745476,11.905845008571376,5.712791209445272
agm004745480,13.365003169579504,6.445788712280534
agm004745508,12.245963229356228,5.128778121351762
agm004745517,13.664756824651576,6.954932549490018
agm004745548,12.189561116258588,5.350991892985811
agm004745552,12.547112609372347,5.5954896118737425
agm004745638,13.183468615929087,7.769968297482097
agm004745671,12.418707665600094,6.608517940293127
agm004745698,12.351196103517239,7.7098036375214045
agm004745714,11.457226703190727,7.569336627794857
agm004745728,11.559761772923949,6.907789333791768
agm004745749,11.237686426718453,4.325808109080815
agm004745752,11.320973408511101,4.362750721346502
agm004745754,11.34558280264561,5.024421821319663
agm004745771,11.611566333445468,3.8584289124426454
agm004745784,13.034625180216231,8.422930472196352
agm004745808,12.234976450916783,7.4363709378029945
agm004745902,14.268110640839694,4.8363313271552935
agm004745914,14.083678469928943,4.498825101373473
agm004745938,13.398908727844661,3.0440912286818587
agm004745961,12.47054486641816,8.104892826081832
agm004745981,17.554660628246808,10.804082736574374
agm004746043,12.039140457552547,4.186638752668724
agm004746047,12.9142502669128,4.180638067738791
agm004746058,12.088661785600314,1.7690503983284092
agm004746077,13.021708980686517,3.4024310536427804
agm004746095,12.431574826597652,1.1237296813375555
agm004746120,14.178330576206212,8.350466493292526
agm004746149,13.87548356418675,7.2527441458377915
agm004746151,15.263233155812403,9.49709041978669
agm004746187,11.70565727643963,1.8202765370551728
agm004746198,12.12439071609375,0.02456978963020499
agm004747161,11.270471053234083,1.507714691858002
agm004747467,11.871655652525769,0.7020542069355274
agm004748104,10.176619251666606,-0.4092255121271779
agm004748135,11.82020352237671,0.030789057658663428
agm004748400,9.587936394216133,-0.26014689554450854
agm004748409,9.69344711313275,-0.8535298277867204
agm004748414,9.728334640695858,-0.8344911551254626
agm004748859,12.134802316667235,1.97776289160556
agm004748883,11.703131324741825,2.4721741339542156
agm004748940,10.106086713751816,0.18379072453644932
agm004749022,9.954999149142393,0.3052250365820098
agm004749194,12.01528426016037,2.7222065218108114
agm004749906,8.442648507320243,-0.6408220673842292
agm004749907,8.479979897124403,-0.6126827028883272
agm004749940,11.765320899057143,0.9906790937086628
agm004751511,13.696281570721089,3.9262830509374447
agm004751518,13.93595233315235,4.121468309314159
agm004751521,13.947534254692359,3.318581997786777
agm004751544,11.918835383809649,2.639878808780498
agm004751553,12.491964299796928,4.245259971083758
agm004751563,12.860305968967824,6.220970315094799
agm004751568,12.685270532881619,5.2919314246145275
agm004751574,11.019449514182439,2.434407670571192
agm004751601,13.251095505464624,4.411888186515178
agm004751639,13.620043025804248,6.061903026540655
agm004751652,12.317561423205747,3.9022277134105288
agm004751659,12.273693390127184,6.079873431335126
agm004751669,13.44608413265061,6.8345426327660155
agm004751672,13.187788631965915,6.689425123811422
agm004751701,13.595979807726692,5.881274269385094
agm004751714,14.294394167240386,6.418997823539667
agm004751735,13.341051404703135,3.5590141371198847
agm004751756,13.960474569869875,4.668754718157917
agm004751841,11.893573045095147,2.6535337391360527
agm004751844,13.777743674976632,3.6865278746518597
agm004751868,11.42076214757008,1.7924630513896982
agm004751871,11.586934683713887,1.9033126395748106
agm004751926,12.351027183853583,3.3712561785903645
agm004752045,12.705243988487831,5.240683688808187
agm004752053,14.006716937372525,7.253579019758817
agm004752092,12.72296042345995,3.685962367672604
agm004752146,12.52235016947745,4.19647949485154
agm004752200,13.30140766605922,4.190618372030021
agm004752204,13.427952616538043,4.275794997257002
agm004752210,13.924038689389208,4.852603882570769
agm004752231,12.525811342087911,5.705668368606897
agm004752271,13.051294162899069,5.324521842509648
agm004752281,12.753524466181723,5.179959851439814
agm004752398,14.675365354639936,5.238965811498461
agm004752442,11.292343113330679,2.075616875290565
agm004752460,11.888334293100874,2.736718994560377
agm004752468,12.414337742373869,2.8198529805126866
agm004752469,11.648478892220814,2.7511095415957976
agm004752495,11.95789110640723,2.0461759703042994
agm004752562,13.245826570775671,4.674591422841086
agm004752599,11.260708937301045,1.1611879017791888
agm004752603,11.789690549306222,4.278420624659062
agm004752646,12.473622891805293,4.411452443681743
agm004752671,11.746118176839566,1.1739686859226015
agm004752672,11.807456097747307,1.9446212744717168
agm004752729,13.06002009410745,5.722883230361674
agm004752759,11.393419358724701,5.405729017882163
agm004752802,13.223897379148461,5.836445063001183
agm004752908,13.325667664327765,6.3412217614482635
agm004752918,14.513601788723024,8.046950150414748
agm004752994,15.413489870519577,10.739921574056916
agm004752997,13.47220713328236,5.4370087819685
agm004753037,14.600182124089367,7.5108294527099595
agm004753055,16.71839584086492,8.443587745728598
agm004753091,15.569265799243219,8.846485495268112
agm004753135,10.982199019189421,4.367347213596985
agm004753148,11.471815408101058,3.540869280823916
agm004753155,12.710589476372405,5.336584980665715
agm004753188,11.83061600294919,6.052722282047006
agm004753193,12.685439688370638,6.807142330137791
agm004753201,13.048428742432327,5.462028329930438
agm004753227,13.271569880979186,5.859534509781109
agm004753269,15.176245168900678,7.779560051120228
agm004753309,11.938138796147667,3.7998454344877737
agm004753323,11.856512133681457,3.791427184758092
agm004753342,11.39763200971638,3.432290169030382
agm004753400,12.909005561507572,3.6788952273516955
agm004753405,12.498368417570802,1.889962851462106
agm004753505,11.80931501457047,1.217350453226042
agm004753522,12.568897267723557,7.045366935759103
agm004753546,12.401294627707857,5.495333038308918
agm004753554,10.781345685593775,5.194424048194798
agm004753568,11.004056899590966,6.127950310604753
agm004753587,12.06218594158046,6.5111456587950025
agm004753599,12.88658232591431,7.087729372383705
agm004753618,12.984414753275558,6.638148088993699
agm004753624,13.143370864905302,6.730345939694572
agm004753664,13.534391310195566,4.866708671065884
agm004753665,12.769738566950801,4.731917271600931
agm004753706,14.090080203778898,6.779468476092805
agm004753729,13.792085110266312,5.772067407360571
agm004753773,13.387668480419682,4.414948720817731
agm004753795,14.229994903284556,4.462966312051673
agm004753833,13.679338821773923,4.015101109650488
agm004753858,12.298650886135261,3.0379771746748276
agm004753944,11.95058703189889,5.42516554421513
agm004753945,11.71898241731696,5.282969656597257
agm004753949,12.543959552780498,5.290749424643271
agm004753979,13.72947434153018,4.586883708402543
agm004754008,13.372646818186134,4.293149357727955
agm004754024,12.883278812796476,6.516338537768113
agm004754040,12.761006325827351,5.0748509388382095
agm004754044,12.352157336759687,5.251609614230514
agm004754051,13.906392183477564,8.159431568066791
agm004754065,15.233481217007615,6.098303207581776
agm004754089,14.496354966599801,5.487184154813144
agm004754092,16.63719513252504,11.079114179762447
agm004754109,16.16465626975999,10.382711452976684
agm004754112,11.654745857429903,6.326782840719711
agm004754141,13.051679726710617,6.703967878358398
agm004754166,12.268109586853738,5.386830584142924
agm004754170,13.042936899728097,7.8584473040430085
agm004754224,14.092384351035859,8.877862089897361
agm004754241,14.474172808590447,6.4735278092173525
agm004754242,13.099333512891805,7.041873244863505
agm004754253,14.865178903200485,6.761673315115028
agm004754266,14.750560859854838,9.014501444854389
agm004754297,15.803275361738436,7.598869039410066
agm004754308,14.898314216770947,5.728992858618736
agm004754383,14.706677847963496,9.380626317036489
agm004754404,12.652915483772176,-0.30186647993417043
agm004754441,13.174730363102595,3.633563421008071
agm004754442,13.473009878680854,2.03113711014617
agm004754566,13.28409541138012,3.2024715784480287
agm004754662,10.893084104037472,-1.4128801381059475
agm004754680,11.38656700231445,-0.6308930226313443
agm004757599,10.348980572559688,0.8755485589400797
agm004757600,10.238655901247153,0.5779918557563614
agm004757908,9.6381791444528,-1.2995911615148614
agm004988168,13.352570094917851,2.4708481863632628
agm004988194,12.743803798031326,2.3775335617696642
agm004988372,13.987179553551533,4.8018165103273684
agm004988429,10.993343232258127,4.7378031615552345
agm004988762,13.827804125645793,4.031053510525578
agm004988771,14.269232782847018,4.6771084139595684
agm004988788,15.393517142551465,5.484519236700936
agm004988836,18.019659107987913,11.19955525550128
agm004989171,12.157275914265892,3.2470648985913853
agm004989576,15.683833979025518,6.3062130036611235
agm004992385,17.45664065685951,10.734606698215947
agm004992909,13.10210100667339,3.5242947454521243
agm004992935,13.35643204011888,3.752029451231931
agm004992944,12.604532619708895,2.3974550917839865
agm004992965,13.69296881340031,4.153816932587442
agm004992977,13.257705008849584,3.2052133431862257
agm004992989,13.347127174307378,3.7140429319599875
agm004993019,13.184235069157035,4.10920480685841
agm004993073,12.851891993126705,2.455243565703661
agm004993105,12.503608231109535,3.062886733333177
agm004993127,13.815385433761978,3.697199543673642
agm004993144,12.03582695973919,3.154166475525021
agm004993164,13.774557103167012,2.95223675228642
agm004993168,13.939858983222692,3.0552178108335566
agm004993181,12.051768806605967,2.1302294935755386
agm004993182,12.189093690392927,2.2151547360058075
agm004993224,12.046492414600575,2.0526217297888367
agm004993254,14.437627604536232,4.1740414955188
agm004999390,12.73529279117484,1.6476353037264602
agm004999569,13.892216978288866,3.3375169983798827
agm004999645,13.048703456846502,0.8041196921695629
agm004999679,13.697279056750158,1.879938571392104
agm005002905,13.221825856103004,7.118420190222858
agm005002938,13.781487445881002,6.0535632170256735
agm005002944,12.204606058820366,6.513929431024603
agm005003108,15.393282859725304,9.249373399867652
agm005003220,16.118235910726046,9.300618547677427
agm005003278,14.002376198766413,6.17630986449353
agm005003298,13.39228389140936,4.96954954437427
agm005003353,12.184190557731991,5.280596295223814
agm005003477,15.510233922197013,9.310070595825184
agm005003522,13.762178895526398,7.748337214783611
agm005003530,13.762270296981274,8.370571720894535
agm005003546,14.264485176259052,7.09434839989842
agm005003642,15.230993796368049,9.863647144160094
agm005003660,14.416400146769035,8.999828012449477
agm005003670,13.785526224165764,8.983732711540522
agm005003682,14.502697353469182,9.207742273465872
agm005003692,14.743417079187958,8.611281987142421
agm005003712,15.574835578622134,10.041076764752146
agm005003778,13.987763899033098,8.875652800107908
agm005003800,15.456277191611488,10.71923417241297
agm005003905,16.34415099687246,9.629490390321559
agm005004111,11.567371407009967,5.348030773632106
agm005004154,11.587282014541493,6.198941235713311
agm005004173,12.205208346517935,5.930480810256111
agm005004177,13.162372531251279,5.702152988096666
agm005004243,16.646574143581176,9.942268220651236
agm005004273,16.25486979778646,10.234237388475627
agm005004280,12.206198847438973,5.663924883750328
agm005004304,12.014732934346224,6.16896053930167
agm005004323,11.671275181211332,6.26723955633806
agm005004434,12.244985005379624,4.853338110720967
agm005004483,14.242763063314168,9.565979579677013
agm005004724,15.580367244938282,10.06617972134627
agm005005506,12.261516980205133,-1.1450022326931844
agm005005706,10.90884803655159,2.698758454615492
agm005005842,12.268065432081027,3.298696424457725
agm005005928,15.391682160829623,9.938124469056982
agm005006342,13.560180903872388,4.66306866162509
agm005006595,10.869653220133822,3.119579245419847
agm005007031,12.044649077681632,1.9195872066831172
agm005007186,13.165562273682406,4.15634990817469
agm005007234,12.19696399608078,2.140906685645342
agm005009835,14.755129394644337,6.640396524572482
agm005009947,11.426271439965218,0.585797946931524
agm005010320,12.72968310024104,2.3880076062021955
agm005010602,12.562172249237491,3.2638266494298818
agm005010692,13.685529666659239,7.45379967499928
agm005010802,11.881576202982208,3.1534282920663843
agm005010803,12.409219954368053,3.627486853803468
agm005010834,13.480593545425554,4.994737217833285
agm005010843,14.42130007308927,5.081936131602198
agm005010845,14.964516474005961,5.517253225632329
agm005010866,14.900579517166282,5.0619202799305345
agm005010961,15.081545605264068,5.913084158822713
agm005011012,13.969972240181496,5.08555134246473
agm005011030,15.830586915668466,5.619573356771133
agm005011047,11.397445134963338,2.9856698281832523
agm005011101,13.319805666214071,4.629759200201432
agm005011111,11.068303020005253,3.1448072388458685
agm005011112,10.990974912855169,3.084581846923045
agm005011119,11.690020296018808,4.055920118406894
agm005011127,13.361990599395645,3.9167109892803182
agm005011136,12.698256894972562,3.9571979194392597
agm005011176,12.294191895794834,3.01187065123287
agm005011186,15.603595239304292,6.784717354999148
agm005011206,15.893406671920323,6.1659124156234855
agm005011212,15.505207769074307,5.83408143074597
agm005011225,14.972412268358557,5.5208794367063545
agm005011276,15.155965918529924,6.202428410135748
agm005011291,14.183578945711114,5.398082155209747
agm005011348,15.066737952235105,5.4982976676655255
agm005011349,15.256675918425014,5.634668743813952
agm005011404,14.30991092279316,4.950440445894003
agm005011410,13.797468115895649,4.576655929225849
agm005011418,15.841296926924707,5.7343356415305085
agm005011423,14.145399359448316,5.3205036285986385
agm005011461,14.442597619912387,4.905059871210985
agm005011472,13.69406832928841,4.330283683492956
agm005011479,14.728881730766545,5.1195849669495885
agm005011493,14.310043528988905,4.759359958387909
agm005011497,14.38242286485585,4.806640918342701
agm005011502,13.587963828450958,4.233912435854199
agm005011510,15.091216780541918,5.970972085750911
agm005011565,11.711513205555466,1.008194495613843
agm005011610,11.239729235944996,-0.33857245083260495
agm005011616,12.325894688014099,-0.342035488258405
agm005011617,12.087825783748475,-0.5263289267631336
agm005011620,11.477751713829964,0.04684633799684832
agm005011645,10.293621529421062,-1.0565072461511291
agm005011651,9.872956827551864,-1.275584821343442
agm005011654,10.411776976815444,-0.6499708040162389
agm005011694,14.416117777128713,5.200056653611808
agm005011695,14.658849475291628,5.425592364656372
agm005011739,14.331804568823468,4.463384788730228
agm005011777,13.744361250759862,4.069850859914963
agm005011779,13.805575932029646,4.530459105846234
agm005011815,15.835223287704869,5.065981022848014
agm005011878,14.537722542108671,4.367501865099328
agm005011897,13.810541091727217,4.006849511897341
agm005011914,14.47945013143862,4.543344984505974
agm005011934,15.358536293789602,5.280842722598298
agm005011936,15.013563711191697,4.993849608730772
agm005011954,14.54943561219093,4.176635250833901
agm005011996,14.43901821473417,4.039619681738607
agm005012013,14.123464949134672,4.188609511032733
agm005012016,14.961434838429009,5.28060920840245
agm005012029,13.966543888918773,5.209584934774336
agm005012043,13.295430843337305,3.5056921013749345
agm005012047,15.045018756294777,6.673857708195274
agm005012108,14.055150509376023,5.49554221914175
agm005012111,14.647921535948353,6.1558310838083825
agm005012126,15.473259727795362,5.5611251319681045
agm005012127,14.695770917786456,5.5479113612636795
agm005012130,14.04848161966134,5.583400241800153
agm005012142,13.259222952860904,3.9365478848046562
agm005012204,13.796988445131394,4.7158584954055955
agm005012255,12.994567337282485,2.906715929198673
agm005012280,15.62936048987475,6.168894920544432
agm005012300,14.518257164274624,5.070992409079669
agm005012301,15.089825934551772,5.5662358849295455
agm005012307,15.538146959059995,5.931719466245222
agm005012330,14.766951799826638,5.2528950040213305
agm005012354,14.12223325784802,4.668344595006991
agm005012448,15.012104304861674,4.929292402409727
agm005012469,14.773375124882264,4.686433699749863
agm005012494,10.912579013983786,0.002500874391286345
agm005012515,11.75452236249225,0.22150262838824802
agm005012524,11.362181462638517,0.1781478136656176
agm005012533,12.260491866063155,1.946006806125689
agm005012556,9.80317343529401,0.4043835228535144
agm005012640,13.769365933254837,6.394208089370798
agm005012658,13.401094841388218,6.137368662398539
agm005012700,13.255693305040182,6.055597484037358
agm005012738,13.995350647542935,6.835703165339668
agm005012834,13.616007882870727,4.69819655352079
agm005012856,12.142087409167567,2.120839602686499
agm005012861,14.510515941168212,5.697567501670875
agm005012864,15.129943545013655,5.492735212753759
agm005012914,14.504048883265188,4.847123763463708
agm005012935,14.191463000057263,4.926098316580057
agm005012965,13.201405708227137,4.625084306713314
agm005013030,13.05625746771761,5.111564332311744
agm005013107,14.932285201787355,5.93808949309778
agm005013131,14.677666741832107,5.317733830961709
agm005013134,15.175567290681622,5.04654929742585
agm005013143,13.817265414876399,3.1000948899475644
agm005013151,14.356890815914923,5.3393622932584766
agm005013162,14.004387814614933,3.2565645542395716
agm005013194,13.628220186079622,4.82661660320561
agm005013199,13.641770997381963,5.131459165847647
agm005013245,10.759727323888262,-2.821878850841645
agm005013254,13.332983243343833,3.0592852665239207
agm005013261,15.28509791439503,6.337729784927825
agm005013263,15.501880608948781,6.528941388078141
agm005013274,14.574040448824766,5.666480068230224
agm005013280,15.666022712949495,6.5669485789715525
agm005013307,15.09359773158703,6.04752033808398
agm005013324,15.588833903964536,6.482195033079721
agm005013391,14.2955774215723,5.258718299120167
agm005013394,14.398252112867848,5.358179159424232
agm005013395,14.299910430098,5.2620804041543305
agm005013399,13.271568870557942,3.483954680924269
agm005013415,14.938687609095961,5.23021765679912
agm005013429,15.977609475021074,6.439190251977374
agm005013430,15.879828564755673,6.35534221443744
agm005013435,15.304600140810887,5.861503374667005
agm005013479,14.229381490756392,4.8638429359429525
agm005013481,14.616211322843336,5.258939897455238
agm005013516,14.802499299857596,3.509317772155697
agm005013519,15.205013328622465,5.761974730255687
agm005013532,14.698312968571425,5.297024534873925
agm005013553,13.479313941235826,4.496230421827704
agm005013593,13.981396986884544,4.986882242822874
agm005013594,13.990745514154245,4.994106828863484
agm005013614,15.037902389011492,4.942930768680728
agm005013657,14.754048032069747,5.134866053720164
agm005013691,14.001949093848362,5.428595891244443
agm005013720,13.423408630098407,3.6682557872934156
agm005013751,12.644255594565223,2.9705148243537822
agm005013769,14.197381852795976,6.271061494816834
agm005013792,14.940149121055416,5.358726525251077
agm005013814,15.336613447417893,5.640342999190966
agm005013827,14.885826490199772,5.261195288465245
agm005013838,16.98914615666849,7.552766640830404
agm005013863,14.177074428361284,4.6521930548431385
agm005013930,15.057225115568404,5.973000633355653
agm005013967,14.0030212697195,6.075324127047755
agm005013985,16.800699299791752,7.334763604591464
agm005014018,15.872392422168257,5.42213801200928
agm005014034,14.724540096924269,5.0861557566144615
agm005014035,15.31253832005863,5.5314257241499005
agm005014057,14.718991769354668,5.084617659138783
agm005014061,15.991316235274985,6.411530891876991
agm005014077,15.048256733874211,5.1527675422074966
agm005014082,14.4097883043334,4.622160108244898
agm005014084,14.293256047292775,4.532281618276388
agm005014090,14.764048157292635,4.527923665784293
agm005014093,14.036151680314257,4.478788300174038
agm005014115,14.33487565336129,4.728947925475465
agm005014156,16.86306395103754,7.960086683274602
agm005014179,15.82785245479885,5.675373964742673
agm005014188,16.44327085254139,6.531271366582952
agm005014224,14.586013354474597,5.7258671833057875
agm005014239,15.390682280351012,5.0786101453988035
agm005014246,14.34842182157978,4.334214073286779
agm005014264,13.955868304867579,4.398849951385037
agm005014275,13.62777598907841,4.105054109439209
agm005014293,13.804657210314762,4.244981586338729
agm005014297,14.055429155410144,4.457782023769414
agm005014312,14.689917985952203,5.433098733137157
agm005014341,14.151083580681501,4.938799823037047
agm005014768,12.469191762776882,1.799196419440871
agm005014772,12.16692149666916,1.5154001848334473
agm005014780,12.154077054212955,1.7452762281710819
agm005014784,12.34677037272943,1.9062159522005402
agm005014785,12.916176189986686,2.1862960186806193
agm005014788,12.07641400343258,2.09373612902028
agm005014876,14.155197945140547,3.343189325313213
agm005014877,13.045384936195893,2.2191703216840692
agm005014998,11.102804002294764,0.7177219788372184
agm005015022,12.137726723992358,2.1555873594767605
agm005015032,12.823798203386735,1.1000470580353323
agm005015035,13.29617302545004,2.815130936214193
agm005015060,11.947905570557499,1.644143089210732
agm005015166,13.096906203016792,1.1896589713919454
agm005015550,11.838283868719945,-1.3243826816751934
agm005015568,16.458210211543488,9.967296134760035
agm005015608,12.407103542227427,0.7333955074922998
agm005015610,11.587537917916439,0.05300377481077874
agm005015611,11.880206460809129,0.6276927662634592
agm005015671,12.858686053813937,1.3712714994325552
agm005015674,12.480186195360375,1.0733597825497596
agm005015734,13.059856073062349,2.7278423875435833
agm005015794,12.517715125180693,4.283793691216674
agm005015840,12.440025112257102,2.5097006765834395
agm005015941,12.84971142415777,2.335572396186464
agm005015960,12.801560264369877,2.5671959756624743
agm005016055,11.301161020702878,1.5868468222894705
agm005016059,12.261286239526019,3.448264242244734
agm005016095,12.847645899734838,6.214418351957032
agm005016097,13.65501198449127,6.774664450374847
agm005016133,13.593484292234294,6.775192015108082
agm005016161,11.804550564004002,2.262509422745481
agm005016289,12.326421882940004,2.5004791535870807
agm005016328,11.488900035360468,4.496370109552963
agm005016357,12.574715912028525,5.023295154158008
agm005016362,14.006829906146843,6.110316571100967
agm005016433,11.175625755879457,2.646030493281671
agm005016456,12.092028335885354,2.4230043050664323
agm005016479,11.891349480465237,2.634167421765072
agm005016502,12.177581912664024,0.46912191688685567
agm005016505,12.1765486165071,2.1796586247725402
agm005016518,12.045959167153269,1.911216438918703
agm005016543,12.883496083266305,5.249695392142139
agm005016565,10.982860751619807,5.091017744364652
agm005016571,12.56271554020055,5.568437633713188
agm005016593,13.119527354706054,4.760624221045215
agm005016605,12.571422561052454,6.498446980713572
agm005016641,12.465436905464243,4.691364807601353
agm005016651,12.157777001472107,4.25972735355617
agm005016655,12.377647189350833,3.36138175792379
agm005016697,12.357673096883541,5.315298843903207
agm005016775,11.699658227522352,4.360568836120021
agm005016843,12.310340622031124,1.912309009050975
agm005016875,13.36910626743132,2.2952966033817814
agm005016992,12.426890785667956,3.9920172484358956
agm005017128,12.045629141022463,2.0378430333743878
agm005017153,12.014648757685299,2.2586738351702835
agm005017199,11.132680070738433,2.3597559187472514
agm005017208,11.766890303773739,1.9646125626380395
agm005017224,12.565267220804092,1.9436029985085923
agm005017239,11.831800703034112,1.7169806193258026
agm005017299,12.747378766902631,2.0253234298267926
agm005017300,13.291534169508656,2.6337527714414946
agm005017354,12.416539126918993,1.9768366161711597
agm005017385,13.704099208226376,3.360665940955869
agm005017425,13.559793168595089,3.078568004564528
agm005017476,12.4101589121118,1.256239866806034
agm005017547,14.336964386914303,2.264455711991232
agm005017561,13.874644428348049,0.905511019877902
agm005017566,14.068425225974561,1.001394631705074
agm005017582,14.385726373555059,1.6552459276499476
agm005017628,13.876351949511193,4.625278324114868
agm005017630,12.0315795963586,0.6697691876806757
agm005017690,11.918442708627108,2.445246920076754
agm005017717,12.866102826158201,3.7628483164956292
agm005017738,12.14714210374041,3.6639206423779287
agm005017786,12.365400030574477,2.6970413630168295
agm005017867,15.525045331886485,7.315136006793947
agm005017948,13.078944152216213,3.556620243238902
agm005017981,13.585825447723696,4.626375828757366
agm005018032,13.403842600897644,4.927842338366719
agm005018052,13.086906594979448,4.559161572876711
agm005018098,14.760801023087632,5.69200643055968
agm005018108,14.011520709798244,4.512048051418264
agm005018147,14.865350560805876,6.640150295352255
agm005018163,13.45442964581891,4.129442686324552
agm005018193,11.706329292147641,2.384704434728006
agm005018212,12.168422598292533,1.6457697770042259
agm005018354,13.022655034756534,0.5856093484849921
agm005018364,11.81153285998882,1.2288772405577248
agm005018365,11.6462889451704,1.103009082257745
agm005018417,11.730625673876247,-0.07509662416809562
agm005018431,10.188944664755432,1.3404426813756984
agm005018453,10.976715010284888,2.0651655397682402
agm005018490,11.212593941055747,2.310172106148721
agm005018518,11.736579661485347,4.120929132944165
agm005018519,12.668918821987566,3.9291106097294715
agm005018528,11.965600844119024,3.4905944859630025
agm005018532,11.03963403442328,3.2428344858397096
agm005018574,11.955237607688867,1.9452701376098276
agm005018585,10.20577394553296,2.30842807660854
agm005018633,11.678453132949324,4.288617836678244
agm005018664,10.314405970897571,2.237869877203326
agm005018700,11.266842277698082,1.9759167835348876
agm005018717,10.060159898251367,1.620765210892327
agm005018749,11.330635263719035,1.381498233366247
agm005018752,11.118979734063391,1.1876527476028982
agm005018778,11.246970783405455,1.6634174603968304
agm005018822,10.546918679606549,0.8098594279044875
agm005018866,12.68678526432672,5.74527695778041
agm005018870,12.897522263733824,3.664922623801388
agm005018888,10.856971621648569,3.600262265494969
agm005018897,11.062770541031167,2.8340585285248068
agm005018914,11.945442917978635,4.77013974428007
agm005018942,10.729352765199142,4.167910132198014
agm005019007,12.231406059937104,1.2079577015696104
agm005019019,11.443767117833936,-0.776847783588488
agm005019028,12.531457339815699,0.771016994668581
agm005019043,12.38555831954846,0.7320391015484276
agm005019060,12.067518365853061,1.3931487371981788
agm005019064,11.43849909591139,0.9000010470589146
agm005019076,12.334061385867823,0.9605684775270206
agm005019102,11.904160173649595,0.008933018256385594
agm005019107,10.751668222876194,0.44808533186113236
agm005019264,11.975695462596068,2.4838964703650674
agm005019289,12.052256463554306,1.9903181821214744
agm005019308,12.610721635286243,3.463098519600308
agm005019563,11.253004314478138,1.0908374691266673
agm005019652,11.524117381329884,0.6772038161230484
agm005019682,11.156165478402494,1.8848403064699653
agm005019731,12.601671388803222,1.6907421889148027
agm005019940,9.115105144589009,-1.2614518818381029
agm005020055,11.803970458880407,2.9071325485777977
agm005020060,12.4231198452895,3.2452319261559976
agm005020129,12.402551314077197,2.687667114659507
agm005020210,12.586627783426634,2.2110398274206586
agm005020216,13.388359368229994,2.9754523293134754
agm005020222,12.998378184163382,0.120543142190715
agm005020332,11.156269681193598,0.14506693531329945
agm005020333,11.108035191055754,0.1173417053692802
agm005020350,12.448656055382093,0.6851789351699992
agm005020451,11.067270481204325,0.1743423747582568
agm005020530,15.578136330431928,8.741586209884264
agm005020603,13.151828942971116,7.757880795414347
agm005020606,13.940746366707899,7.980468832766479
agm005020626,18.012085094492395,11.395174636363825
agm005020635,13.065725846301174,7.011108634853125
agm005020664,13.925521978194306,8.762810598660788
agm005020679,15.597398439307096,10.850367992022496
agm005020689,17.113070427997027,11.102122602276248
agm005020703,16.56363829623916,11.651544232672608
agm005020719,15.464874134001699,7.275395993803194
agm005020765,16.41367901606875,8.016988797297003
agm005020774,14.937230693175024,7.296940424363811
agm005020832,15.539198231001365,9.89118399299171
agm005020833,18.242461525447816,11.250495780110542
agm005020870,14.908529896797479,7.933421899567345
agm005020880,15.506134788750348,8.591961170754296
agm005020942,16.02068488067136,7.760346893370588
agm005021004,10.527377671783253,0.07833229311485183
agm005021023,7.8549413703964035,-2.1058188767553054
agm005021056,9.246093419143731,-1.2535082969473408
agm005021061,9.794471459362507,-0.8540515159924098
agm005021088,8.481997259710422,-1.1434239151413883
agm005021138,10.967424894265381,1.9630467623590349
agm005021149,12.762906130840793,5.963988618340487
agm005021177,11.71807112126863,4.771008594844697
agm005021178,12.634553893425942,4.619529994339514
agm005021193,11.349088162859223,5.01826682501944
agm005021194,11.882420319477763,4.383011506484815
agm005021245,12.814154209337682,3.9200832770820213
agm005021246,13.489573896620575,4.562376156221165
agm005021341,15.037385373188519,8.881844713713168
agm005021366,12.70525090998671,6.888945900205104
agm005021416,15.088600898822724,8.177398882436608
agm005021526,11.441575745060451,3.2093840326937553
agm005021730,13.733678437955547,7.152858885139585
agm005021754,11.55206436396273,5.4340148173535425
agm005021778,11.79195255206478,6.571019185812018
agm005021790,16.074473697731626,10.021899715204084
agm005021796,12.127428540138878,5.41762306412709
agm005021801,12.248254922019717,5.470935367625188
agm005021838,14.525469544914113,7.167796536160298
agm005021873,10.957380728894748,5.40580532104376
agm005021892,13.728313700051256,4.626899814713158
agm005021903,12.512492690132103,3.19041264365422
agm005021925,13.073037376518105,4.0098140932544855
agm005021959,12.130278786241425,3.1942141739927705
agm005021980,8.871033380547498,-2.086479315437594
agm005022049,15.191198047060004,8.357586414360524
agm005022155,13.928460463273359,7.508110891011664
agm005022156,13.589697471002514,5.554259474565717
agm005022164,13.207178647576649,6.280207839671841
agm005022188,15.518560943593565,9.619439094554085
agm005022212,16.813949504765954,9.150407828034835
agm005022249,12.179661963514866,4.114389146146687
agm005022266,11.779184940510989,5.562453126235937
agm005022287,13.681603484969354,6.239489060580871
agm005022302,10.997945649825759,0.8881792360546982
agm005022438,10.996770991935874,1.6276819731396501
agm005022441,10.542489237879066,1.2047724001127165
agm005022452,15.235453599468315,2.9309874045239908
agm005022471,12.933335001004362,2.06432939092862
agm005022482,11.108264403249374,2.111514385678677
agm005022533,14.978016423650066,3.1264990099649763
agm005022571,12.037287693788931,3.5691380237271333
agm005022629,10.597463940223296,0.9675143235919308
agm005022648,9.778906511068154,-0.9881781663563594
agm005022767,10.084922661606392,0.8762653153147483
agm005022768,10.082602708231105,1.1984371568276928
agm005022769,9.642320832481225,-0.6412901807694474
agm005022847,9.348534743560364,0.47111856797288637
agm005022903,12.32262144261492,1.0555240211834955
agm005022914,11.911483564981069,0.7249869213481503
agm005022957,10.599583777197811,0.17732359731122643
agm005022988,11.333983122880811,0.13979660398681942
agm005023014,11.377641222251528,0.9160589843683027
agm005023016,10.437315520829234,-1.4549323877216735
agm005023031,11.565657618111988,1.3030713020726665
agm005023038,12.332142842512123,1.7551317438694283
agm005023116,11.009212209014212,0.23102135836522705
agm005023150,10.775066716731775,0.4811156553564359
agm005023171,11.425837582078884,1.261995812583102
agm005023214,10.854277430815209,1.0811662093403385
agm005102633,15.452828576492603,8.37551017053847
agm005103111,15.89698597275778,7.814990397408614
agm005103356,7.931756854634969,-3.654005746934959
agm005103457,10.460195571068839,-0.6519544453803023
agm005103791,12.17797619673868,1.546321420754171
agm005104476,11.75822583159177,2.2411881907027436
agm005104736,14.91752528438912,9.399365661225538
agm005104994,16.54522623606217,7.614345989628056
agm005104998,14.505617437186352,8.638037526236221
agm005105090,15.31908461011683,10.183556397822162
agm005105125,14.976820795594092,6.156663344933511
agm005105138,14.326031800883358,8.928750650133434
agm005105696,16.416331200945706,8.982204622906291
agm005105977,14.570042074721513,4.5130163092187985
agm005106039,15.752919692558159,8.376633749465098
agm005107226,15.410995607976867,5.548816364855869
agm005107333,12.816802237225389,2.3448932612230964
agm005107365,14.194239197036877,3.8245902110289656
agm005107375,14.261193021139476,3.882147552591338
agm005107384,14.435706049381931,5.184973941462095
agm005107809,14.44269268967412,6.24215200404192
agm005108480,15.25009648125112,7.405166693358536
agm005108495,15.418459650251243,7.120082528933784
agm005108533,15.315970116341393,7.410169474313445
agm005108536,15.346932353307194,7.497519694923525
agm005108551,15.92480550024645,7.8349076822792
agm005108594,15.23946086056915,7.009658221746125
agm005108603,15.063064676948148,6.8795022277021705
agm005108696,15.210263235671805,7.398095054314252
agm005108933,12.684012214570133,7.414491895990283
agm005109074,14.86611834763785,10.398816136638422
agm005109574,15.436341930113084,9.213204656945551
agm005110902,15.500521509095995,5.823261885945243
agm005110957,16.011944316102642,6.703932637860776
agm005111107,15.004987025961457,7.918441049571181
agm005111294,13.539833364376527,5.404172170188515
agm005111652,15.895352804298268,8.498822461828963
agm005111958,15.687801330716315,6.278040283077413
agm005111997,15.436599925054843,6.029682557559054
agm005112021,15.014094764026995,5.704146247193263
agm005112064,14.768854365220857,5.433048918797761
agm005112897,6.845548904739438,0.1064263480142591
agm005113261,9.347452114504772,-2.8728715175124195
agm005113561,16.120958700026996,6.654739835030908
agm005113901,12.686008535763868,4.563936506268913
agm005114220,13.082578302867013,5.077521962682617
agm005114252,14.822858839745411,6.645133012345374
agm005114516,12.990908098805336,4.440833379351277
agm005114634,13.655249168030208,3.8692926217537664
agm005114810,15.100386916717147,3.9823462503053886
agm005114840,17.01255414777945,9.94396510441814
agm005114841,17.602823259039567,10.786918378787034
agm005114971,13.904423621582316,4.157180787914783
agm005115022,13.276000365916898,5.690756600187445
agm005115237,18.471625173361517,11.796535200630855
agm005115345,15.544014970295057,9.596344018123984
agm005115348,16.389071607482045,8.878293507197565
agm005115379,15.798312950075415,5.317428227066925
agm005115532,14.085493317163555,6.517835259720794
agm005115538,16.5301983613013,9.484559640622123
agm005115783,16.633153510610068,7.614900774518773
agm005115874,11.45894518969446,5.177848621479993
agm005116301,16.124746557430157,7.732540860206479
agm005116726,11.139272409227386,4.098997743448287
agm005117055,10.95841978999878,-1.7879692513524432
agm005117060,11.795449385104266,0.6072414731388562
agm005117763,11.091981299879867,-1.3283097160031785
agm005117918,13.217311801526899,3.98703971632618
agm005117929,12.109099327586105,2.910777767609133
agm005117992,13.004684307958462,3.5545162321167005
agm005118198,13.33572559830293,5.2081200082477
agm005118214,15.030121631739723,9.350032345368412
agm005119253,16.457122634889103,7.556340766783675
agm005119771,15.191557447341996,10.31817607746838
agm005120135,13.65035895510073,8.664086112135898
agm005120742,15.054188009127376,7.386078279571029
agm005121731,12.1171389232136,0.7830609130136619
agm005122678,14.112419883412754,8.610172402169352
agm005122846,17.455305255940868,10.206949006360562
agm005124254,16.404602267666466,11.065865839583706
agm005124320,14.581279996194318,9.43234983032518
agm005124330,14.70915443727263,5.1521190749112
agm005124997,15.511780716740493,6.7269348766310415
agm005125012,14.127152771183614,5.765978311834482
agm005125013,14.294654085995685,5.631743911829544
agm005125151,16.475246365988554,10.294486947664428
agm005125414,14.306220346613959,6.602819701032198
agm005126354,13.193532243569106,7.042565496636232
agm005126580,12.985688576445714,-1.0257689642673586
agm005127450,15.041763833260385,8.699659392197704
agm005128234,16.889564693422816,7.735314165166773
agm005128242,15.751892213013516,8.043839126857149
agm005128258,15.847169935440794,8.024239454825564
agm005128326,16.700885374910726,8.874775071370586
agm005128344,16.428880682903745,7.537103724432653
agm005128617,16.1354532031273,8.36844104755342
agm005128639,15.88581582641976,8.225643133159062
agm005128719,15.245233917043837,7.786026401401584
agm005128768,15.960336556494045,8.255764514365602
agm005128769,15.871729948564742,8.20802707119154
agm005128796,15.470778220748794,7.939138007438057
agm005128800,15.517859571264557,7.984557047935784
agm005128810,15.994135047657952,8.276509278949089
agm005128878,15.383597549205755,7.903940053163547
agm005128902,15.41622739628623,7.898179021214885
agm005128991,15.4173707512422,7.871563917624554
agm005129040,15.580591353907296,7.989010038388045
agm005129058,16.213465159613133,8.393871211135377
agm005129190,14.870541546757106,7.52546513457092
agm005129241,15.001075312204646,7.626573223108371
agm005129329,16.26394505059359,7.640812593978634
agm005129339,15.397710748856422,7.900263315454664
agm005129388,16.3116779751036,7.669239957588125
agm005178664,14.412778881621028,8.555614715610057
agm005178681,15.461639240460455,7.528115882776678
agm005178702,15.550202964705159,7.584728394547771
agm005178717,16.455564623989154,8.641224889751037
agm005178762,15.252431285388406,7.385460499899009
agm005178801,16.013003385587176,7.087996958285057
agm005178873,14.408762938627543,6.5857439393144706
agm005178878,15.329242339170472,6.44855988879892
agm005178949,15.734030748559487,8.095223898491206
agm005178994,16.319082879271193,7.6758906773901145
agm005179026,15.779262015965077,8.199480163684498
agm005179044,15.518778733170489,7.991124825175383
agm005179088,15.199191863974258,7.742004077645282
agm005179138,16.30279640232597,7.648499954020391
agm005179143,16.43477221491709,7.823988346049735
agm005179173,16.096840808211414,7.533149288772979
agm005179200,10.054186813782785,2.9363916389194653
agm005179327,10.656366657622405,-0.7829787814759577
agm005179414,14.57073019337853,6.270269815677587
agm005179432,14.53015452630848,7.443844102778808
agm005179440,14.43796818705219,7.390877829676667
agm005179451,14.194401360176217,7.21904910657479
agm005179484,16.190858693108513,7.191451694941504
agm005179555,15.455986437256113,8.23612742582881
agm005179599,15.87557990587714,8.571541904910253
agm005179614,15.387951988646158,8.279418653219162
agm005179624,15.278755115477892,8.183855202163041
agm005179707,13.964048048775165,7.191646819970577
agm005179758,13.63168673501484,6.656937105609231
agm005179779,15.512595059923672,6.6771466046432995
agm005179781,15.578757045477998,6.622144404206564
agm005179796,15.461428849319313,6.545214600828439
agm005179824,16.457473276940558,9.905277637679788
agm005179847,15.138912900885577,8.215508975793876
agm005179857,14.99800594374636,8.08007904094725
agm005179896,14.502202804928613,7.825909705279292
agm005179930,14.871650731013805,8.058216506385154
agm005179946,14.397541649519777,7.782290738641141
agm005179970,16.388497088218767,7.684707867786496
agm005179986,16.028107182443915,7.482240176615507
agm005180117,10.337678520454839,0.11244823658442726
agm005180297,9.814610019744455,0.30620532463091443
agm005180338,7.545351791015798,0.9780691876077796
agm005180405,11.466578162693224,2.5251627878343195
agm005180453,9.533810467220961,-0.48371242069527565
agm005180461,11.776638552565126,2.20492431223314
agm005180484,8.383047628894294,2.946190493388376
agm005180520,11.282339652364321,6.844849482873911
agm005180623,11.403101247181823,3.6735464378729086
agm005180770,13.677925139216399,5.693641057459278
agm005180805,11.060164666554535,2.3238485239073166
agm005180874,12.049613248481998,3.0264238110038635
agm005180889,10.419531445128296,-0.07289478444594177
agm005180891,10.403137439665326,0.4040612213167645
agm005180997,10.63647412530615,5.683742220142297
agm005181029,15.380737081006062,8.759790664210312
agm005181031,14.886361876428317,8.582796327919588
agm005181050,15.545302555922165,8.915165655265236
agm005181116,15.032803423265992,7.945685844693223
agm005181120,13.375556881753203,6.077421915623567
agm005181314,12.326090390945616,0.9320824408497224
agm005181377,10.484664453084093,-0.042847770163465526
agm005181439,9.48879887270512,-2.30832382062074
agm005181478,14.175127588586584,3.316850697608503
agm005181487,13.366277435386776,4.159483572407307
agm005181493,13.633481253181534,4.789158764036994
agm005181496,13.55397018622146,4.988741501443272
agm005181557,11.767612631662686,2.6491427652110273
agm005181573,13.383980446506325,4.099919061869153
agm005181588,12.774614433921615,2.2255083643790856
agm005181645,13.365816775710755,5.5115753733021275
agm005181680,13.114537806763675,3.934079356598655
agm005181736,9.814859432592842,-0.8705789684065852
agm005181911,14.24899912334167,3.271104541655525
agm005181995,11.298985580296211,-0.6636377966215283
agm005182010,13.420495837998349,3.5584434951212724
agm005182034,10.556868183737084,-1.9680128019974958
agm005182081,13.937591017582232,2.709198528761293
agm005182119,13.540026692276367,4.439955487035643
agm005182156,9.489654837167741,-1.504196887735488
agm005182349,13.688364489611612,2.87902770390186
agm005182467,14.259354711044443,6.817144760045721
agm005182522,12.550529477913857,5.300010063245533
agm005182560,13.209890883420847,3.9485591810058427
agm005182563,12.976337020855386,3.7593631487353143
agm005182569,11.95387314146628,3.4437760143848397
agm005182594,13.644106779826805,6.307396435782881
agm005182630,14.647943337425874,6.922762015286628
agm005182637,14.237270233893414,5.438269628043905
agm005182663,14.009875640894727,6.081361913553193
agm005182733,13.200374405052697,5.457585473395097
agm005182746,13.531826470280558,6.589798181736326
agm005182762,12.538130042453306,4.057454154660174
agm005182782,13.50814879809392,5.203043842290393
agm005182787,13.614160737029504,7.143402813320559
agm005182828,14.518078934662986,3.9870794205365065
agm005182830,15.119806378940783,7.348116064778543
agm005182846,14.080459744424607,4.9602497144900415
agm005182847,14.148765508933074,5.03793416556824
agm005183015,13.985286600635156,6.079519146792977
agm005183049,12.257804520792657,5.595322129034897
agm005183114,13.417031156913767,6.3065570999751035
agm005183220,14.636969760763817,7.651092867730986
agm005183306,12.780430360192065,6.2692736444650015
agm005183338,15.768273370325478,9.20139080463372
agm005183359,14.391722576933514,7.885429155408607
agm005183361,13.994195077159041,7.630061813864236
agm005183369,13.879898229859982,7.551820876032984
agm005183381,13.494239587805078,7.292274469130607
agm005183383,13.500152926597053,7.281169385542887
agm005183464,15.453380927314443,7.766948651734502
agm005183661,16.645642197366083,9.590915595253223
agm005183720,13.871624546759232,7.83708214977333
agm005183731,13.597927630970522,8.64298738633009
agm005183782,14.572920346708734,8.389673072018942
agm005183791,14.468204092757492,8.295414656905226
agm005183888,15.399074476710743,9.855789863854707
agm005183899,16.356900046018534,9.471491390681331
agm005183939,14.730127319869494,7.59113385828968
agm005183949,14.795257365709318,7.633836546919982
agm005184192,14.90791843136568,8.210474530394555
agm005184283,13.459075048165777,5.964408034500083
agm005184316,11.955452492609831,4.112876906849955
agm005184393,13.987329558091933,6.756473705820733
agm005184398,13.469375957825507,6.3958144207973895
agm005184399,13.782411656254736,6.6348627772443205
agm005184649,11.8925262124869,3.8271834124178588
agm005184720,13.772498741669732,6.317414922333851
agm005184789,14.631145858430541,7.480158960772828
agm005184800,14.300894489422461,7.25403252491496
agm005184828,13.15097050658417,6.209057609897435
agm005184886,15.346960936185315,8.400850098849167
agm005184906,13.950460799842256,6.977187813385562
agm005184933,14.700070641875016,6.7241309571668815
agm005185000,13.864143589610743,7.739755933517955
agm005185046,14.350348053602852,6.857574478666372
agm005185066,16.003226425437,8.200799727128828
agm005185095,14.961069651403744,7.571344997862688
agm005185181,13.796239071108927,5.586676354514347
agm005185225,14.022337160834454,4.961892925906358
agm005185274,14.88521074948787,7.351508667162763
agm005185292,14.836648144005347,7.274459767269718
agm005185387,14.652747227852428,7.687906483183379
agm005185389,14.68876707312363,7.714004039442054
agm005185455,11.004935787280814,1.7545935283279466
agm005185461,10.923331112215045,1.0591658392125165
agm005185497,9.359689465245344,-1.1933232779303218
agm005185566,12.696799775099606,3.4175704239038884
agm005185585,10.636268643699884,2.6890170104498274
agm005185630,13.816115746968524,6.002087046192603
agm005185632,13.863911087590825,6.041249301171206
agm005185703,11.19879093654395,-0.4019031728685629
agm005185745,14.864914510778407,7.239802984793542
agm005185815,14.755659341121197,7.064323864025612
agm005185856,12.988083379383855,5.774289711386308
agm005185859,13.43124827137365,6.025364244303017
agm005185871,15.387072503438786,8.021159622504102
agm005185875,14.71364344475247,7.565846996618275
agm005185911,14.288039281252953,6.946670832663752
agm005185998,14.170496593566696,6.66518301136543
agm005186008,14.526078885446688,6.938138022991623
agm005186121,13.177116382089535,6.482611870574528
agm005186139,15.937392804197826,10.008651765509217
agm005186158,16.20120990029023,9.075771287532366
agm005186171,14.530126983689273,7.6093280297341845
agm005186211,11.800536486082041,1.6402599222398662
agm005186280,13.654848344003222,7.591111650925145
agm005186326,14.36312550669334,7.350445959105846
agm005186385,14.217961331134887,8.552670911389455
agm005186402,13.675458370761147,6.708640518509062
agm005186432,14.331445480866888,7.886885267307383
agm005186440,15.014540446077556,8.335650005989342
agm005186444,14.323825938413188,7.83351025260669
agm005186479,13.945960611370976,7.554661823994552
agm005186510,12.745371294407999,5.023473416231485
agm005186561,14.304906243703702,4.211727838835749
agm005186562,14.380824765990859,4.322560882911304
agm005186581,14.334752797832387,6.052332062422021
agm005186596,14.054923639906004,6.2286386001512675
agm005186607,15.31338159763869,8.080627450679295
agm005186612,14.770862168339503,7.726142882648832
agm005186619,15.226282171240431,7.320380999665275
agm005186630,15.329940098469567,7.35533837914806
agm005186653,13.412752716867281,3.3385255893989854
agm005186719,13.987617456443994,5.341892569821718
agm005186790,14.374088656265743,7.7873738011062485
agm005186803,15.295547988788718,7.702524737045637
agm005186807,16.358197462810796,8.370914508258316
agm005187196,13.27452377642099,2.860286388170241
agm005187226,15.510989792885198,8.671085552717045
agm005187228,15.687443731784544,8.791098551954525
agm005187244,12.390229491122431,9.786210892726183
agm005187372,14.785843085889669,8.192197614137227
agm005187460,15.444065602022068,8.77060959491357
agm005187538,16.390709298692652,7.926231443238233
agm005187601,16.200483730276524,7.965942094181294
agm005187610,16.610732019836888,8.304130324301427
agm005187745,14.117402625116885,4.484824943025163
agm005187749,13.53877358682452,3.5884720280320153
agm005187795,14.241908728967035,6.373482959578952
agm005187837,15.353935158710154,8.714260301920412
agm005187849,14.567475225033839,9.200939633077864
agm005187867,16.413265788772257,9.861109352477307
agm005187869,14.833957539908898,8.48382729879067
agm005187872,14.894486941524162,8.521540738100839
agm005188132,16.247269553746673,8.345690107030833
agm005188180,14.923296794093375,7.669931853410043
agm005188230,11.225373878826602,-2.1648610038774105
agm005188344,12.247063127602775,4.964745360133535
agm005188376,11.181645200139243,-0.7520321710534486
agm005188379,10.62136230784357,1.4920715866857748
agm005188400,12.20946471509609,-1.8085829637313475
agm005188402,11.947448546885518,-2.250026058405237
agm005188500,15.716358440389971,7.33339488977038
agm005188534,15.558914082191356,7.862145136074528
agm005188538,14.941177612566229,8.415737012804598
agm005188574,16.327322952884504,8.737953778430365
agm005188575,14.809176165953186,9.661414508665317
agm005188597,14.107016682031178,7.588666691533538
agm005188617,16.029926778279705,8.16765400954827
agm005188653,13.771740944647107,6.181372131763316
agm005188664,10.767253537875165,3.3987184437408846
agm005188687,13.859689837063161,5.90552053146018
agm005188695,12.557786049517928,0.4119697171033243
agm005188699,13.185217092852925,7.27374692609588
agm005188704,14.673682707808203,6.682170143234533
agm005188834,12.874983094111956,8.062252100545033
agm005188867,13.007394142647781,7.187494139400107
agm005188883,13.443396687308844,4.382269723481967
agm005189039,15.876296465618518,8.345771280382847
agm005189044,16.785530936190984,9.778489921158354
agm005189064,15.499751422418203,7.678192288346381
agm005189065,15.246435749807615,7.485388977971217
agm005189135,16.34301039638238,8.319692566011923
agm005189140,15.621599285572895,7.943673026473405
agm005189266,14.862114564829053,4.965115237130057
agm005189285,16.135429119826345,7.968706539239314
agm005189295,15.465383658516032,7.66316783231504
agm005189304,15.698966752876823,7.7528372268629475
agm005189475,10.474456958635109,2.1110709772652614
agm005189514,11.572093413962028,4.459977986155559
agm005189531,14.230311483211876,8.887962672474165
agm005189680,16.57756609191378,12.174427189941929
agm005189686,14.641841773693598,9.986665489249425
agm005189695,13.374135734810435,9.630801835088779
agm005189798,12.921589087472842,4.856109963704155
agm005189832,13.421695294969364,8.467155323786804
agm005189865,13.649945817095823,7.567330477548962
agm005189876,13.598874593521492,4.992805176853329
agm005189881,13.817239569576968,8.977265652997142
agm005189924,14.698458184043425,9.711373603631598
agm005189974,14.109741410984782,7.835283295815724
agm005190017,15.549416394515314,8.393796086035591
agm005190178,12.208565346395508,4.905797672928021
agm005190205,13.670140743681053,4.5388486048795045
agm005190223,12.418150675139202,-2.6218557919828065
agm005190233,14.281610132682744,8.175243980698907
agm005190246,13.283424325213927,4.9716041555113435
agm005190267,14.290968914108971,4.277789755699038
agm005190282,11.946941499425472,4.939387158011608
agm005190296,14.906379985389044,4.809679555851449
agm005190356,14.537379443990146,6.9212418922299435
agm005190450,15.292534953103289,5.278066409311014
agm005190474,16.52521550703496,7.1372940971861
agm005190545,14.030619237341812,4.45699282124678
agm005190548,14.101476919432999,4.506122501522844
agm005190625,16.215089927098067,6.913628111002756
agm005190649,14.819767931849238,4.1604591256051435
agm005190650,15.712259862633157,6.519642577280887
agm005190680,14.963576494199685,5.595046930360359
agm005190681,14.497993374441428,4.911923313667662
agm005190823,15.743056361594878,6.432548150582242
agm005190876,16.734311108113406,7.9534735905900185
agm005190923,15.874690798367599,6.424600225054924
agm005190936,17.301511270007293,8.143198084816017
agm005190946,17.261348080059637,7.822272286816174
agm005191104,11.921931864249807,6.995603412137996
agm005191144,13.489935916707546,8.48192572264828
agm005191683,14.443392578848663,8.488517128015022
agm005191714,15.672876866562769,6.97052932622786
agm005191723,14.974752552401664,5.873373814719129
agm005191728,16.57616681710513,7.8874834844608674
agm005191730,14.217329993861831,7.382675510631609
agm005191790,14.988250635947118,9.718343974247311
agm005191841,17.107589193311934,7.173504789317679
agm005192270,12.96213816275496,8.260955036746022
agm005192272,12.107503244126569,7.855644817579021
agm005192303,15.356360301050769,9.244070904204712
agm005192373,13.153441374366855,8.636105710622346
agm005192543,12.231998201999883,8.13819507970799
agm005192545,12.17108981430188,6.083403207460671
agm005192626,14.198083217674283,10.003706860568652
agm005192737,15.677213216142931,8.140568035169421
agm005192860,16.820902664575307,9.407569356800744
agm005192883,16.063626972011384,8.97024402646658
agm005192892,16.147770212309663,8.78664665105944
agm005192900,16.67010261803241,6.865154757103154
agm005192927,14.653148767553288,7.596009754242832
agm005192934,13.750013168510629,2.906219524399038
agm005192938,14.246327103887902,3.547627887905124
agm005192953,13.19854178113858,2.3558394895432926
agm005192964,11.356025752552384,4.225668331461004
agm005193027,11.45890363502201,2.262524938434937
agm005193100,13.790835121967477,4.952235960306579
agm005193126,14.991660997297185,4.71527279419762
agm005193184,14.22113376534151,5.532726463595301
agm005193196,14.316378858700638,5.359678706031183
agm005193208,14.0825849073342,5.3951455681643985
agm005193226,14.082741137245856,4.924095780393465
agm005193233,13.989411714909545,4.875215416941078
agm005193245,13.748059011444447,4.53034983395696
agm005193378,14.198921024257084,5.763974541686212
agm005193398,13.39780657103395,4.974735268915559
agm005193448,14.226648808673078,4.600584137788166
agm005193464,14.44973344433176,4.968257656239235
agm005193470,13.879602299300993,2.4423582070662206
agm005193567,14.075611471666656,2.731557614481112
agm005193582,14.121060122885794,3.0924182136589042
agm005193590,14.542949010962193,5.270369053869448
agm005193601,13.380951320479726,6.0358617392688885
agm005193612,14.550363246211793,6.75369324026817
agm005193657,15.151285267490296,7.696961167772068
agm005193659,15.74012903818038,7.261440529979424
agm005193670,14.040766686153159,5.9619721431535275
agm005193672,14.107068559972717,6.021101920395479
agm005193687,13.885173610737311,5.99132128112309
agm005193748,15.03342842836453,7.020367052234599
agm005193768,12.605469231267465,5.1396195928360235
agm005193773,13.353848380246987,5.801481444204471
agm005193776,13.289951084976886,5.713868727932155
agm005193804,14.47385848542826,7.078688833970235
agm005193814,14.549139436280853,7.084838935498299
agm005193827,14.289216052021212,6.948731995396086
agm005193938,14.514583735742736,6.4464116466464425
agm005193985,16.064690527595985,8.246367850461812
agm005194007,16.570893818131456,7.84452878410147
agm005194028,13.106655935031846,6.304581403212181
agm005194046,12.519766453289746,4.620857368074708
agm005194053,13.082886697296493,5.663446907369185
agm005194107,12.934899685092734,4.015974038788933
agm005194111,14.188496548491228,4.339187732540813
agm005194123,13.20014053409996,9.964448770433522
agm005194124,14.2990803219444,10.466798273333934
agm005194139,13.429558204918056,4.624892225840895
agm005194214,14.245088573622288,5.722181205460645
agm005194290,13.344262971220784,3.810828540212306
agm005194296,14.732591465340974,8.688750193173318
agm005194298,14.775109696969745,8.715777519193594
agm005194309,14.806530456449488,8.80639064261392
agm005194310,14.529121402231766,8.618642241282076
agm005194356,16.561034326667567,9.463049591750789
agm005194384,15.90855283476343,7.827146083146939
agm005194394,16.08863048245509,7.928257121522991
agm005194395,15.75725995783268,7.710233385514654
agm005194450,14.921527539000849,7.068850435571177
agm005194468,14.040486742285259,6.424128710946329
agm005194502,14.744002128509294,6.9798306636662915
agm005194547,13.772914291054489,6.3402470436751805
agm005194581,13.276624585520798,3.0310302501627397
agm005194643,12.601089268531974,4.485978795455235
agm005194712,15.01390990749524,7.465798971466141
agm005194720,15.396382325378772,7.690591781992637
agm005194761,15.22311987754763,7.578498198322221
agm005194777,14.489307015707169,7.074278537980431
agm005194799,13.094175313675942,4.606629906986141
agm005194816,12.508659018910176,5.477797896102097
agm005194817,12.558382328771348,5.547876171842527
agm005194833,13.708551642131146,5.865110142364658
agm005194904,12.599746556613237,6.3685502407078785
agm005194945,13.165185852998226,6.102334552187195
agm005194969,12.572661864902688,7.824768349435129
agm005194977,13.549211456060446,7.569448746749927
agm005194984,14.442910637223731,10.08500318036131
agm005194989,14.509331417871337,8.36465167385483
agm005194992,13.80147467596984,7.929473557169693
agm005195078,14.522134016903136,7.53825005893054
agm005195087,15.653296033939577,8.76645417000388
agm005195137,15.454771458910066,8.681056926433499
agm005195153,13.97879918933299,7.20764284606067
agm005195202,16.203700940359266,7.031285299073026
agm005195261,14.970839895890844,5.106720548761327
agm005195291,15.156781552848338,5.085721760280158
agm005195329,14.22334900150348,3.9023919002197935
agm005195330,14.316946543835453,4.002659551197695
agm005195366,11.869372505626831,4.100143456491066
agm005195383,13.810203514977584,6.807268667263264
agm005195425,14.274840929855358,3.602898020155804
agm005195443,14.536571340611655,4.295604714620239
agm005195457,13.19381527760964,5.367326875109846
agm005195557,14.919949323533528,4.742599268129002
agm005195598,14.68297780613801,4.8969484329451465
agm005195641,12.73917498340498,4.3385809548355105
agm005195653,13.70774450329375,4.753407225373998
agm005195693,15.485246608885685,10.097582408388089
agm005195704,13.885814983637378,8.405322397025543
agm005195708,14.600834271306354,9.399408124075201
agm005195730,15.590198716036406,7.712244908436997
agm005195756,15.412096603908413,7.6611721392022645
agm005195831,14.242336535325004,5.73784161005805
agm005195878,13.282551378629297,5.024260026844628
agm005195900,13.930814067019037,6.121599195398211
agm005195926,14.554689420641683,4.89142393402798
agm005196031,14.777527441724931,7.093078344890143
agm005196046,14.79653706644242,7.081511679969999
agm005196064,14.752601171900793,7.119869214107743
agm005196122,16.521246189455137,8.945680615706493
agm005196144,16.161938470125076,8.705111497650375
agm005196148,15.744510213500059,8.425687181012764
agm005196151,15.800559677372348,8.450128350726606
agm005196168,16.932140078797634,8.35852011142361
agm005196178,16.293925702703937,8.852207073170074
agm005196179,16.761482607479756,9.568134613873811
agm005196180,15.57781163570602,8.415745447889673
agm005196246,15.622923769364048,8.410198423265015
agm005196251,15.274642573265377,8.22395085652319
agm005196347,13.345159244821625,6.188089543597247
agm005196523,11.353248323927408,1.6000801597040812
agm005196692,14.472329474219492,4.421691566764876
agm005196717,14.943909623815081,5.575677452022314
agm005196733,13.741670321144765,4.864311603046625
agm005196739,14.51162943569652,4.284862793946772
agm005196804,10.946039219967515,-0.5844901592785936
agm005196976,14.366968249034931,4.956198625867149
agm005197147,15.15841297630568,7.194877145457177
agm005197166,13.173330092245834,4.149186575837302
agm005197183,13.068322318176032,3.8249965286101215
agm005197257,14.792997555161072,5.621745766225297
agm005197537,13.604988936890216,3.887610991854242
agm005197723,16.015435227619115,7.776158156753846
agm005197767,15.303798149139991,6.016172583935537
agm005197917,16.15934585599363,6.153814512684008
agm005197950,17.135567223103877,7.244489173711511
agm005198075,13.577648861150458,3.581508000488949
agm005198107,15.435519982811067,5.358275535615958
agm005198115,17.01910948053765,7.680114192752619
agm005198137,13.931921119261347,4.321914939905744
agm005198145,12.2788781111299,2.589282295639145
agm005198155,13.047923855819448,4.441741595374655
agm005198226,16.051829693818718,6.593321456491664
agm005198235,14.978550754562185,5.660212401625953
agm005198280,13.52600858960368,4.435462323933844
agm005198341,13.49089395154684,5.157809139532276
agm005198350,13.829705582147044,4.519910632568989
agm005198351,14.674182266732677,6.955296932483103
agm005198445,14.743667175287458,2.6905283463105096
agm005198494,15.87424557863283,8.750375960135932
agm005198514,14.110923454229383,4.29762447227699
agm005198529,16.06985134096659,8.433915029502478
agm005198534,15.675819583704138,7.916436603438589
agm005198593,15.762457936179054,9.310607053383334
agm005198602,15.016123326180477,7.881606805510179
agm005198778,15.075798230579808,6.2268663907281105
agm005198779,15.39439990169957,5.792608053425699
agm005198951,16.85501060258321,7.034835035054824
agm005199044,15.062300017758272,5.465793592137743
agm005199121,13.34084554899697,1.8675839883763832
agm005199189,17.284724027499514,7.823136648144521
agm005199413,11.398194843866106,1.0216706156666353
agm005199543,14.849795944281496,5.1328802217457845
agm005199550,14.584374697626506,5.240001779937579
agm005199559,13.854079465939352,2.220860270570242
agm005199569,14.140093730604981,4.742396297185357
agm005199617,13.26327860687705,1.782352483169209
agm005199677,15.045599280915896,8.286003571495272
agm005199784,14.175900662782265,4.46041964598388
agm005199806,14.744608289653698,4.390385515276977
agm005199808,13.545549226988284,4.107721420506996
agm005199815,13.054429609890587,1.3662783659116418
agm005199867,13.327686426272434,3.9568376555671954
agm005199949,13.539131146281498,3.0328938074918277
agm005199974,13.540274743276035,2.7556911531726005
agm005200029,14.712439195996403,4.490851102870225
agm005200054,13.464942914120785,3.95935364672032
agm005200064,14.359090034018367,4.109698655659022
agm005200146,16.685957135463127,6.878321471531461
agm005200176,15.597066430982162,4.017045381760614
agm005200213,16.707604752138973,5.182229541603704
agm005200214,19.81370172873709,8.875887659787113
agm005200262,15.988529732045132,6.92797444785975
agm005200340,14.161470837831377,3.412867649051785
agm005200403,17.205077485990447,8.239821756782826
agm005200430,17.718685021871106,8.522274629192585
agm005200609,14.344449866690221,5.315581876864986
agm005200616,14.225976797062,5.108488132142858
agm005200619,15.047372538047822,5.181682967175885
agm005200637,14.55977165999494,4.490092196031654
agm005200687,12.868524100443278,3.563947855847891
agm005200711,12.18756426559542,2.8848549178348684
agm005200721,12.18282140865354,2.9715457671344057
agm005200734,11.042140751707537,-1.0510814816942684
agm005200931,14.427786886903872,5.119226106653313
agm005201024,15.443347651701469,6.4459448813329825
agm005201025,15.37592998508992,6.405490190553644
agm005201029,15.046320363193532,6.184465677702498
agm005201080,16.329041434130346,7.812285246868759
agm005201093,16.534673547615036,7.905098482058454
agm005201143,14.969980476974518,4.949583189511978
agm005201216,16.193655790669663,7.009255903229983
agm005201228,16.048832789431778,7.15992308287152
agm005201309,17.52505300556678,8.31423769978275
agm005201393,16.87120445891102,8.221480912667374
agm005201396,15.784454043965212,6.829915177301007
agm005201407,15.788334156003687,6.754203608120502
agm005201590,14.42983095999104,5.975351970523292
agm005201905,16.247724894520353,7.055324894327775
agm005201979,10.800428742806641,-0.8105430543911316
agm005203080,12.125205425302738,-1.4316624060984475
agm005203308,15.73454614121815,8.262011578985373
agm005203310,16.39011577757135,8.127619858030478
agm005203461,15.704233965750541,7.633623866131005
agm005203462,14.30342445158525,7.136397545185321
agm005203476,15.831951763455523,8.414873078944002
agm005204112,11.361691412442518,-1.0993495951905325
agm005204571,14.487679987154822,4.6030255331096654
agm005204603,14.553758115443268,5.1524202652396625
agm005204615,14.091266489765758,4.5392842213147375
agm005204641,13.639044919159305,4.321809473781963
agm005204646,14.185792877299637,5.4223553133501206
agm005204656,13.897763326021803,5.08278445286636
agm005204690,13.477640022030721,4.640734750226139
agm005204712,14.139037248834303,4.362685207790809
agm005204738,13.463202665218953,-0.0822489077152575
agm005204760,13.272187987039555,5.488772589171029
agm005204781,14.001465642474738,3.5881853685358767
agm005204811,13.518181205227316,5.077389770634159
agm005204812,13.484800991515968,5.039628475923358
agm005204827,12.86944137461514,7.409447863116894
agm005204838,12.649885075163308,6.10776872802334
agm005204847,14.586876031957896,6.406175283286611
agm005204857,14.30465112842849,6.152073636174906
agm005204904,13.649636125734192,5.563478292678804
agm005204925,14.035038234296172,6.5005703487379645
agm005204951,13.243665626586427,5.9384309641892585
agm005204985,14.051473432878227,5.675250904985967
agm005204989,14.083967035265953,5.71671077736972
agm005204997,14.09408740301868,5.74362940197706
agm005204998,14.158953013780332,5.823378342154571
agm005205100,13.603822827579394,4.850376510831683
agm005205128,14.356246038408802,4.876132076927062
agm005205173,13.699159284406438,-0.3525197797730151
agm005205175,14.855476439528944,3.937305663330182
agm005205197,14.199581408775868,6.048986740741222
agm005205204,13.68038170151023,5.647481547330493
agm005205207,13.748321243851352,5.717165928504336
agm005205216,14.004012246383535,5.901303993235459
agm005205256,14.484804782202257,4.926277987458441
agm005205293,13.728027573511762,4.452205313655421
agm005205303,13.644496917782751,3.940385206704809
agm005205336,14.367801545362196,4.706570909011223
agm005205385,14.907808690127359,6.082491487380279
agm005205428,13.41243555263402,4.329211458262828
agm005205430,13.455028210145484,4.366043888522274
agm005205449,15.21234901531738,6.279955386336672
agm005205530,13.961396798201323,3.711063115898538
agm005205612,13.826685533529991,5.094557791941611
agm005205690,14.753429023436388,5.508058819552739
agm005205723,14.539802613138189,5.0291760245257215
agm005205833,14.585914194576711,4.977140818077725
agm005205836,14.26394634550281,4.654853553186525
agm005205845,14.686079251934698,5.069194700453432
agm005205860,14.726696761086766,5.102069215702734
agm005205939,14.539076034376972,4.0280153802232235
agm005205960,14.081497437437346,3.6100549156398163
agm005206024,13.30633633304776,4.791928303827344
agm005206043,13.811711243264911,4.413658201670506
agm005206072,13.346955861734434,5.132040512600186
agm005206092,12.97825681883075,4.848353312101869
agm005206115,12.408339131295692,3.8396926719958273
agm005206116,12.490217274763577,3.9272602506129815
agm005206128,13.758881722807482,7.085262292667862
agm005206164,13.50442065794887,5.400747485478444
agm005206165,13.472723136300266,5.3619941510056215
agm005206194,13.543190754805304,5.434649036144799
agm005206223,13.524916442791415,5.984393896885274
agm005206234,12.765266480370249,5.4747044626582095
agm005206245,12.85908972376062,5.538479255222995
agm005206255,13.999118038562194,3.953774095007171
agm005206267,14.131825717636806,4.054588104267857
agm005206319,13.984930867056717,4.374253322630755
agm005206322,13.991969256794743,4.413252796765482
agm005206328,13.683721370524939,4.16936785988104
agm005206348,13.521410853028842,3.9966843248888964
agm005206356,13.390127055022845,3.8766212454313767
agm005206389,13.63749533239785,5.5239367802125425
agm005206403,13.400087831831286,5.329226041158199
agm005206530,13.25269296974541,4.200508173923248
agm005206541,13.663614463232717,4.553188526264465
agm005206625,14.092594962411733,5.636119066905955
agm005206646,14.463967270966558,5.703947875910806
agm005206658,12.49628428571804,4.597057122409572
agm005206662,12.620507054552537,4.721193841343117
agm005206676,13.27546086111347,3.1128940136613217
agm005206680,13.25297528599735,4.055702520755032
agm005206683,12.771906689026775,3.6116085260263944
agm005206691,13.1394825324889,3.411088716289063
agm005206706,11.827149720489322,2.8473079136766266
agm005206720,13.69811605303744,3.9250130234887415
agm005206768,12.32362250500397,4.483007069592701
agm005206770,13.529765594530657,4.003580272241527
agm005206777,14.518319845690156,4.792570075443546
agm005206786,13.75492632344312,5.453281454935452
agm005206811,14.739394464007509,6.308183041888194
agm005206823,15.605869633231436,7.40535789210551
agm005206840,14.868945352653903,6.852318495105873
agm005206854,14.594030158685777,6.627990305697535
agm005206878,16.437118405230724,8.1883255618491
agm005206947,15.412821725015908,7.203750664526114
agm005206948,15.524098863336999,7.298366850379242
agm005206975,14.964738439561483,7.4636465435447
agm005207013,12.333210109678886,4.411832253882599
agm005207016,12.55794407057757,4.540570476600329
agm005207027,12.368032792130514,4.399750048490951
agm005207117,12.559920297015168,5.325278147059279
agm005207170,13.500583058801247,4.651585438819506
agm005207194,13.1287064705887,4.283685356259058
agm005207224,12.15956062682013,4.048778150721219
agm005207280,14.595162257400062,6.25196598725892
agm005207284,14.644619028296686,6.314031547023157
agm005207315,13.184564819462091,5.1492650519645835
agm005207357,14.087381490332103,6.751311423647353
agm005207414,13.354570274379542,3.613062538767739
agm005207425,13.142145014527811,3.431709552293558
agm005207470,13.45289018793438,4.663109603658594
agm005207508,13.08815786445312,4.3658378823823245
agm005207532,13.320996053154794,4.022456984763615
agm005207533,13.605361545703031,4.253224796829526
agm005207578,13.606290470058171,3.2756890271892463
agm005207600,12.927238408682852,3.1865166861285523
agm005207610,11.65351301351137,3.117900643388068
agm005207719,14.119207824010113,4.345162150742201
agm005207752,14.609118554438451,6.039430580268581
agm005207856,14.06479195558005,5.067227565830612
agm005207948,14.878692843046519,6.287162213438588
agm005207953,13.433782702284738,5.7864036998648665
agm005208038,13.725928927021481,5.457755220891222
agm005208044,13.447641692559152,5.23444493746163
agm005208064,13.594742619995465,7.8595611379482335
agm005208076,14.908409796740866,5.1452684401670705
agm005208107,14.749586655520247,5.905422278899705
agm005208117,14.543552766919174,5.803418293943901
agm005208244,15.482487691279347,5.41609770638463
agm005208302,14.687636961221008,2.998854041768123
agm005208329,14.54315993392114,4.798556369503961
agm005208331,14.157063564515864,4.1043841183391
agm005208338,14.492600745891956,4.799931610812797
agm005208341,14.169629321844987,4.122752750673612
agm005208348,14.333742092906046,4.668764513940168
agm005208361,14.158908176799848,4.502967762050028
agm005208374,14.453298984942652,3.8125841887723233
agm005208618,14.608275953295752,6.027527335401702
agm005208638,13.870309662161295,4.977514696307509
agm005208679,15.893597077126504,7.1473757663314395
agm005208688,14.532454892114737,1.952969473418543
agm005208719,17.276635738034255,7.635681670998849
agm005208732,16.12111473981801,6.906188822333805
agm005208738,17.245106209759076,8.122583793609932
agm005208769,13.988596383188781,2.2382731639426847
agm005209195,12.78490281829125,4.137794346030044
agm005210032,16.60602883589632,10.207085530954146
agm005210084,11.593543102569443,1.2016923879413843
agm005210104,12.260634403623735,-0.09012191843995776
agm005210119,11.911442291850411,0.7284456959032735
agm005210200,14.141979049229855,3.599344562121056
agm005210224,13.862392119870597,5.052479418684364
agm005210251,14.224479643085978,4.1578068349697315
agm005210252,14.066033968740467,3.830600330360701
agm005210253,14.067320231297373,3.9267066877708547
agm005210390,14.093752151675654,5.956635744068681
agm005210399,14.07387382770038,6.46959569157945
agm005210406,15.216240340007902,8.092820647391314
agm005210411,14.350239698169268,6.448108531186584
agm005210419,14.144658377246154,5.858951199041471
agm005210450,14.652421929238379,6.312299447474276
agm005210467,14.431375112632335,6.504081267269964
agm005210519,14.902141573830145,7.439799917367532
agm005210559,14.724731498233007,8.931751221417061
agm005210655,11.735804059156512,4.035491016681609
agm005210714,14.815778368207779,7.915050425244683
agm005210744,13.253457705538187,6.337734155997877
agm005210762,13.416891098380022,7.841185752011786
agm005210765,13.439170444499524,7.892609391064081
agm005210766,13.47662361208233,7.952905234787307
agm005210778,13.956761850283508,7.425755653376212
agm005210786,14.02032433648539,7.454021219437678
agm005210796,15.013105994759076,8.531485544016919
agm005210819,15.821393722821753,8.846536432538668
agm005210826,8.914721024999674,0.666166785684819
agm005210875,14.405929513395307,6.949939628640646
agm005210918,15.14735332874157,7.711939376652689
agm005210974,14.22558846618109,8.466897720925706
agm005210995,14.847339708991926,10.035122136978611
agm005211040,15.743235261596958,7.276491827173018
agm005211057,15.606781158062558,7.178005812096988
agm005211116,14.782229189591717,6.8702276896798296
agm005211124,14.533861441646385,6.704453671038973
agm005211174,14.485712719576105,4.840515217254858
agm005211241,12.424893508630301,0.9845718584609369
agm005211320,14.179765241553298,5.843860616960329
agm005211328,12.55536681971469,3.5742471175735897
agm005211872,13.879537546380247,5.066660233030479
agm005211906,11.785725615928268,5.865361736259801
agm005211923,13.771957899357133,4.569735245430701
agm005211929,11.257755738500789,4.975800183225967
agm005211939,13.872335450850738,7.019850389904951
agm005211979,11.551714033862336,1.2276362807245738
agm005212010,13.646301611209987,8.360188103306427
agm005212058,15.344013966496835,8.284955469111683
agm005212067,10.231699294430472,3.8133154710063337
agm005212302,10.233778636110522,5.3442131990275605
agm005212393,12.573667628900157,6.7893058729706866
agm005212437,14.619947530481813,6.192718216404163
agm005212452,14.019108765285504,8.536365997518818
agm005212456,14.185844520472964,8.881645387594107
agm005212586,14.014159397549278,4.522926558168917
agm005212729,14.669247632076733,4.833266847204008
agm005212742,14.31071989175867,4.086256109851334
agm005212903,16.16372199935281,7.762678632298055
agm005212961,12.671684735154015,-0.1224133558487237
agm005212967,12.991425407183643,1.4233101503647845
agm005212985,16.380306509903058,8.499082090479531
agm005213017,16.250398904138237,8.84456507165876
agm005213035,10.9679448304611,-1.4807069736896254
agm005213089,12.880684506284698,0.4655430828657625
agm005213132,11.887526096798563,-1.192154646102555
agm005213199,12.209116381487387,3.162471138421476
agm005213201,9.343236126406849,3.391929997754123
agm005213212,14.477205011966626,3.836053893927966
agm005213346,11.487123252088942,0.642756684530255
agm005213348,13.064459199291976,2.354604497769383
agm005213369,15.644601380307108,6.214250622459131
agm005213371,14.71078407912258,5.087329351666899
agm005213395,15.918403701617152,4.270234942278329
agm005213425,14.007493608030256,5.429769212350468
agm005213454,12.54913764678952,2.180478993248789
agm005213557,15.409904109438756,7.191010776433943
agm005213692,16.52399287445712,6.764354342760594
agm005213705,15.501998172313199,6.505159699059883
agm005213718,14.155262771897531,7.34400629246303
agm005213813,11.582638760047885,-0.28146530537069747
agm005213845,10.584404702647229,4.148033451559921
agm005213926,10.922487957190736,-1.1507996944142844
agm005213981,12.549597216639174,-1.9057467314229442
agm005214010,11.460024796171728,-0.7478932229909692
agm005214050,12.107021425943325,2.1402004097477363
agm005214134,12.89031431499664,-1.2959072862977106
agm005214157,14.2483655000853,6.172727612179923
agm005214161,14.081170221837235,6.2469833283777145
agm005214182,12.961754340622413,2.9313993941951733
agm005214202,13.464826368479178,6.0835394228707464
agm005214208,14.67338303499043,7.355790246336886
agm005214211,13.836875483770095,6.763354940020179
agm005214215,14.356098802974739,5.010266501970598
agm005214248,14.449226528407692,7.793013075878649
agm005214266,15.23550004286895,8.686155039771181
agm005214274,16.295352166495334,8.374813519706132
agm005214312,15.156956441063876,8.419536103763358
agm005214317,16.55198011956461,8.790233180340937
agm005214352,17.20997983234837,8.068295503072974
agm005214358,16.12250361001314,9.133965920431171
agm005214359,17.096743430288857,9.237981782003454
agm005214379,14.380129632551139,6.798119694336474
agm005214401,12.191440513082563,5.507041947104424
agm005214419,14.575636954760915,6.85390045045231
agm005214423,15.59969962267682,6.921075556104093
agm005214450,12.12117343679995,5.515178534211027
agm005214510,13.46574125380904,6.467636059354383
agm005214570,16.678942657198323,8.428894092632474
agm005214606,16.385650926011003,9.188839564646576
agm005214621,15.571002654697892,6.584596564513388
agm005214631,16.832385647060168,8.864729604342829
agm005214670,11.72966566146797,2.405704386916014
agm005214709,14.734102986379918,7.304193596580891
agm005214732,11.606230760337082,-1.9038963465344834
agm005214749,10.58160653553131,-1.611567965506132
agm005214782,10.341260581754586,5.548340318290623
agm005214809,13.437619121820255,7.073867431837659
agm005214844,14.044619616912717,7.423242357532272
agm005214956,12.951797456563382,-1.047618319921538
agm005214990,14.816420344589652,6.852986997385441
agm005215013,15.920782841241747,8.310804557374048
agm005215044,15.740319031845951,6.064956054930503
agm005215051,16.40913391891124,6.296062867059616
agm005215059,13.509578787429168,6.933597478502275
agm005215085,17.407336504336566,8.820544939889333
agm005217341,16.713013838676343,11.0296381539185
agm005219079,12.513156673210672,4.275232459720203
agm005220322,15.819475397405903,4.597018051613765
agm005222123,16.363377567295498,6.123338005705113
agm005223425,13.08769179657691,3.381035451319098
agm005225922,10.94853628371539,2.1755138071930844
agm005228378,13.7229297421266,3.198591165187372
agm005230496,16.69159319750036,6.097803542117177
agm005230499,10.121439199552283,-0.07527706237233527
agm005230618,14.25072922164262,9.046200267693612
agm005231823,10.023449934416139,-1.2860479889315366
agm005235621,11.280953004142773,-2.2300041583502264
agm005248519,18.39119838382125,7.759375083773435
agm005251704,10.789118019870786,1.7837061701982517
agm005252276,11.390494442276612,9.522287948824658
agm005259933,11.651550013850207,4.04936033373461
agm005260830,16.248449132691757,3.8527456267449676
agm005261212,6.6702310587687235,1.1646126765899663
agm005266890,13.234396440505838,3.3694229465248546
agm005268058,16.28710338864518,2.5588175166549743
agm005269005,8.122834394598243,5.242397203998894
agm005273412,10.215102548564785,2.4146223226362817
agm005275801,12.48744923486086,1.3771375780669821
agm005280053,16.308048534351812,9.503159219951524
agm005414294,12.182102074754516,4.01839169702639
agm005419099,16.32031457735976,7.743122150395659
agm005463605,8.648328522816568,-1.9420019551724756
agm005478149,14.866207794653105,2.472248143816086
agm005480439,12.841761659350837,3.974636218683082
agm005483676,8.290587127117877,-1.0799492528048902
agm005529966,5.530640532300371,-1.723345499771817
agm005529980,14.124674207521611,4.377623014044625
agm005530016,12.077956343072739,5.688974828467131
agm005530178,14.671142600945908,6.109123055667093
agm005530212,15.188937403960733,8.04914999932041
agm005530623,15.146718019598922,11.975100806474435
agm005531057,13.356331528416518,3.2581339378305074
agm005531143,10.782709244405797,7.051829893088646
agm005538986,15.612447442857027,10.892353328656936
agm005539007,14.829501695872402,7.503532329933684
agm005539187,13.022001578766522,8.078953682809777
agm005540356,15.956637392539443,9.174407958169974
agm005540382,15.23891924028854,7.01675517287014
agm005540385,9.164992560144068,4.337943202792562
agm005540400,9.825686054273355,-1.4942587377737186
agm005540462,8.54849456091881,-1.5471295757076444
agm005540504,12.746422671985046,5.774320766733254
agm005540716,15.708945850257441,8.071325363672127
agm005540725,14.977723993346656,7.578559277003271
agm005540827,11.423289447499231,2.393998569855229
agm005540859,10.878178091002177,5.68541694918935
agm005541001,13.440526414181404,4.1475990780553795
agm005541016,12.237185891703648,5.372253398374993
agm005541251,14.349828625584736,7.805508200321064
agm005541255,15.038161319248273,7.971375404058538
agm005541394,15.270186227545407,7.7666433972315945
agm005541414,12.990450010711372,-2.2443286608147397
agm005541415,13.353723585678567,-0.6101420409725762
agm005541605,17.20030181820314,8.231726781907703
agm005541629,8.898960069173897,0.014261343590734535
agm005541810,9.758898717665717,0.7907967858087362
agm005542205,10.014104147142673,4.1524852844910045
agm005542271,10.600696241289631,5.444613234880725
agm005542412,15.516649983870526,8.604414823376612
agm005542536,16.987651221384088,5.852478450181136
agm005542869,14.967490734124233,7.978388005591173
agm005543720,15.558475012429948,7.73954674278623
agm005543759,15.34425766065847,10.813779074112073
agm005543786,15.391504777616953,7.8484567750298595
agm005543808,14.900786607525697,7.521891073042939
agm005543809,14.759383564907779,7.473158122584475
agm005543838,15.14707786729966,7.691910755781864
agm005543886,11.715507026528153,6.331608568302255
agm005543948,15.066327100131677,6.417233357363325
agm005543960,12.056102859458205,7.806351020416076
agm005543980,6.763133932448314,3.313014521406162
agm005543984,9.362277087904678,2.2057578764552432
agm005544072,13.374011595697159,4.316607398744469
agm005544076,16.585839646970648,9.979756813951644
agm005544219,7.069131239892246,-0.07449343604937511
agm005544224,11.941175301782161,4.915097071786758
agm005544252,12.401201810756149,1.7623352274242792
agm005544318,18.694554833322602,11.418960745264808
agm005544322,14.293430718525311,11.48214115828441
agm005544329,12.181314346447248,7.648850248163173
agm005544453,12.30329499349435,7.783400970754739
agm005544454,12.38620882221685,7.782094566545693
agm005544612,12.898517043536803,4.691570433027147
agm005544653,15.770530841885009,12.266630052108914
agm005545095,11.848503304011897,8.197988238902523
agm005545192,13.798664620358508,-0.35716910980065536
agm005545233,13.47871753306612,12.0080579564495
agm005545243,9.717751761398114,2.316819918025241
agm005545485,12.50251227282219,1.8708054680848345
agm005545487,12.128822901086572,1.5716940775258017
agm005545534,10.84826365828278,5.426312294721565
agm005545577,15.432349645789598,10.783108461969675
agm005545614,13.3180042360445,8.61075835390724
agm005545644,16.076582763591304,8.03447208999129
agm005545674,11.700220088658787,3.231490913048835
agm005545824,15.119277770448342,7.7165346392158165
agm005545908,17.62800835310874,6.683466684667411
agm005545913,15.315302934862599,7.367216316849923
agm005545917,17.087089168875153,5.875347357232169
agm005545951,9.974374612244242,4.459833749945403
agm005546014,15.682791526069314,6.298778552393142
agm005546054,14.678187033289932,2.350679573547192
agm005546069,12.143752235430375,2.915747787650711
agm005546130,16.112305031497055,2.1851936153032057
agm005546161,6.49990873415907,0.03279314693818591
agm005546301,11.736114693415331,9.7129237610575
agm005546351,14.602136708735763,9.19328492059842
agm005546378,16.089800445422288,10.13509578599804
agm005546385,14.56692882544313,10.33549584919856
agm005546391,10.421226426191556,4.305032341191666
agm005546419,12.528863316728666,7.268506175780117
agm005546530,11.646864365465028,5.674196192327769
agm005546540,11.910806991290109,5.754727575697377
agm005546637,6.607434788382083,0.25146387206322096
agm005546716,12.452769013223334,6.089830646459135
agm005580491,15.341248307332995,7.316813477782927
agm005581560,15.919959190487985,8.209498146487789
agm005581572,15.940673731038475,8.257136758404714
agm005582010,15.597133010585585,8.05474546994138
agm005582352,12.762268796576848,6.964122832795431
agm005582456,15.390507378708362,7.304472679139921
agm005583054,15.01639896800735,9.073622238072756
agm005583145,17.17650149536068,10.357658277536602
agm005583358,15.113573653585947,12.260115802496358
agm005584751,11.488969162090443,5.946313055683053
agm005585003,15.338933352340392,7.507879598734386
agm005585248,15.303462925964237,7.478837289783927
agm005585340,12.131743385655634,-2.3705342061360555
agm005585407,17.211408828827224,12.28729757653589
agm005585641,15.940331330894285,6.581126540253187
agm005585646,16.70691983749921,8.430200196546123
agm005585802,8.01353298438278,0.7232169466011206
agm005586174,15.665041336445713,8.368459280640025
agm005587043,14.03596548654572,8.131442145477495
agm005587399,12.998229281414682,11.71151952126824
agm005587945,14.665009725514649,5.786459639494562
agm005588407,15.218703991864338,7.7549383769701645
agm005588754,12.769575148654626,4.111119841895062
agm005589462,11.717021950736191,4.862025697763972
agm005589799,16.3190656400473,8.453829250703704
agm005590007,11.347862643289185,0.1206307941369585
agm005590208,16.374124631801322,9.076160931970621
agm005590296,15.191347581568463,7.775403449844836
agm005591073,15.297500884856044,7.809300365363939
agm005591365,15.44567722605163,7.942343578947606
agm005591392,11.565733495992284,0.5762981606291646
agm005591457,15.47982944273832,7.97392303994339
agm005591736,15.149446508122079,7.735640612817551
agm005592312,14.193007669747358,9.196001298775144
agm005592421,15.709475921951011,8.811274032957852
agm005592668,14.259271540530802,10.125273499169
agm005594027,11.354553189918532,3.325791341863924
agm005594574,11.615579862665077,3.5659767994180576
agm005594915,13.171889435153952,7.320147765392497
agm005595080,14.540063011972643,8.519106024645142
agm005595112,14.74906959075156,7.157683215121325
agm005595341,8.861997846395148,3.9938309500741775
agm005595570,13.992707178191383,5.256480927586993
agm005595976,12.845532545313016,5.167934810119945
agm005596010,13.136466297222281,7.723121770410563
agm005596104,18.931580785210155,12.040502283148227
agm005596214,11.340756535529673,1.6261707848978002
agm005596489,10.86786264728471,7.483679486492631
agm005596916,13.682220140861595,12.217972816242494
agm005596934,12.165967304733629,5.164839497756939
agm005597030,13.169695697188013,7.432176616942834
agm005597043,13.346101293017478,7.523838971363417
agm005597173,16.47283835602089,8.456398047115089
agm005597347,15.029771838279169,9.063008888435933
agm005597470,17.1044766999245,9.807271349860928
agm005597490,12.526708724744342,5.565549985576273
agm005597557,15.6977664387378,8.086998919296066
agm005597589,12.434141022806768,8.389219972531766
agm005599119,15.89778594823686,8.458294722848377
agm005599432,15.140611379571189,8.344921804347697
agm005599559,13.435942780393882,6.894132933544447
agm005599773,12.266787424920906,5.485465321589721
agm005600084,13.997178276229754,-0.058891350582900515
agm005600520,10.56025293845894,5.732366301946105
agm005600630,12.396463079708917,6.687774245929376
agm005600866,13.927095978249483,0.7182024684846896
agm005600916,12.376560038848808,5.3861841816927365
agm005601349,13.389182188273148,2.727512625778948
agm005601378,13.090327935600646,2.3968873682965373
agm005601476,12.825261119424502,2.5598567753782304
agm005601522,13.063789451515497,2.7735785830007287
agm005602004,10.500999654815898,6.306805690698051
agm005602108,16.177462702630585,10.414098389667027
agm005602568,15.1798311473233,9.718739429412249
agm005602691,13.092495188430416,4.66778037103405
agm005602875,12.510039299978907,2.7731154048872044
agm005603554,12.685944779521565,7.58362910856
agm005603613,14.583253264877287,6.7641588014108684
agm005603697,14.908186078874168,4.662083546344921
agm005603713,12.477923001221619,3.7902394441908185
agm005604092,13.0741742920442,6.584467728336222
agm005604160,14.282496828018104,6.962104747301566
agm005604440,13.184562508842083,6.345819105051142
agm005604879,8.021767541987964,1.9427918127462973
agm005605396,14.35611694752435,7.102101404788655
agm005605704,13.494415624505725,7.639262712247212
agm005606391,13.399385324856766,5.054188654417291
agm005606574,14.138033153252875,6.584954758653624
agm005606651,14.437190887344853,6.184422350295551
agm005606743,13.927014536476035,4.816538718945281
agm005607468,16.455102525408304,9.539946214826369
agm005607676,10.853221673854096,3.7043645015253817
agm005608751,14.193333525567503,7.9170301157137395
agm005609335,15.895247690776053,8.729499150711241
agm005609365,10.309303324059245,2.4332424641732864
agm005609787,15.75744149243652,9.991256089694835
agm005610635,14.549110894635023,6.712848282166438
agm005611428,15.467117288707389,9.915787470400002
agm005611509,16.786587524507055,8.557591536113982
agm005612643,10.86596190023843,1.412715724253457
agm005612657,10.99454564474077,1.5194282186143582
agm005612766,12.006505140342371,3.3171565610767915
agm005612957,14.944063232434395,7.919128664760968
agm005612995,14.615510528779838,7.644851824559933
agm005613185,14.580133375905897,7.3979266865899005
agm005613995,13.621423380634782,4.567384174656503
agm005614486,16.813437123943206,8.657408492707743
agm005616187,14.597231254567596,6.82766350073235
agm005616359,9.773462838708001,1.888069126697707
agm005616433,12.559674467602044,2.702447545150058
agm005616995,17.469780698168023,11.360774933483336
agm005617700,10.378650908420095,-0.3314631392997711
agm005618941,14.370910087478933,7.95753772482459
agm005619020,13.576960095864127,5.616711432583708
agm005619897,11.263327246396281,2.2677736624194886
agm005620115,14.641886672139256,4.826544951654439
agm005620155,13.957892936703864,4.231890246150833
agm005620461,13.58790038389119,6.260218916382784
agm005620956,16.61645903687859,7.896842560328838
agm005621427,14.280885264551555,3.999867974695205
agm005621431,13.824349741849803,4.299117161215889
agm005621453,12.16237743439081,4.573344020796777
agm005621525,13.897595663840752,6.458645957918428
agm005622034,16.20361842242861,7.885922678259062
agm005622106,15.566623314795736,8.002649576284746
agm005622533,13.89458908701669,8.840749431064735
agm005623066,14.564626929612025,5.971775809514154
agm005623619,14.563018782180444,6.489778335115977
agm005624058,12.429090564873219,6.645720339197056
agm005624618,16.191937521501167,8.083171014405133
agm005624646,18.35226604049785,10.287280988750483
agm005624755,17.576950571625076,9.827496045189086
agm005625912,15.340512168857169,5.789381245590525
agm005626445,11.970066252903168,1.4385121138711352
agm005627113,6.19566891269585,-0.07987749852574488
agm005627280,12.253845406488226,0.375569464257433
agm005627399,15.06461127880854,5.332029468460156
agm005627455,11.90811495146881,7.082676797556757
agm005627815,13.094935527413158,6.126626108340815
agm005627897,11.551048279985395,6.7324758926824195
agm005628209,17.842648863971046,10.349067337747146
agm005628517,14.369847401839989,5.213216064925904
agm005628938,12.028686603406456,2.220953165314846
agm005629217,15.650079992304063,5.277798315111842
agm005630079,10.844714541250566,0.2385139954630008
agm005630107,14.044433407916491,2.4630168216882873
agm005630212,12.122616557953082,-0.11295748483989598
agm005630353,9.852796475654758,-2.9617089288305976
agm005630608,12.995983474986133,-2.868112263984161
agm005630833,10.196593145708894,-2.887174361052858
agm005630996,14.284079008880752,7.256416419559447
agm005631153,12.01886113481079,1.4938017989255126
agm005631568,11.65848462871597,5.806935523087447
agm005631586,17.08039996704354,7.364569362729128
agm005632220,15.035973107943867,5.7200870365413055
agm005632287,14.9282604336693,6.518645260807574
agm005632741,12.85691656974551,5.762069298559261
agm005632931,11.706879180489773,7.852063248243037
agm005633147,15.59611164541794,8.739927927685835
agm005633314,11.49333188093219,5.178284733287377
agm005633370,13.562676513566009,4.894255688137811
agm005633541,13.661750886966843,2.2159661210163777
agm005634107,14.743980894157836,5.81741422406414
agm005634211,12.628532277964899,4.923880563110075
agm005634234,12.067206991870151,4.887665060770655
agm005634251,12.843105504617645,4.807350146236291
agm005634305,13.856011200868538,6.23015916282963
agm005634382,13.021673119593169,5.659616541392039
agm005634835,15.365912631946342,8.36540228042987
agm005634875,11.560839440450698,4.546965035608051
agm005634910,13.96067149054655,5.649494831679892
agm005635181,14.979144849185431,8.127382068148703
agm005635305,14.748769175080715,6.444165918383501
agm005635408,18.72999007989819,11.129552286273123
agm005635430,16.873444953772886,9.428220976582825
agm005635661,14.333738908026426,4.003519059399511
agm005636070,12.819884276097063,4.304731429960199
agm005636112,12.301267017454078,4.004146384403595
agm005636199,12.710159184101842,5.615357385744132
agm005636311,13.916606195867772,5.53864189199595
agm005636516,14.543792627982109,6.836074469357091
agm005636525,16.110853315688583,7.917203403852414
agm005636880,16.301538868122314,9.31082746486185
agm005637049,13.116438857310031,6.979313095738178
agm005637127,15.664594303981396,8.18417746811059
agm005637237,13.236391203173683,5.69508827263659
agm005637631,16.48806919912915,8.944074150855174
agm005637657,13.54512439599784,7.936179771963026
agm005637788,12.340850439466223,4.509585966944364
agm005637795,14.238859195831095,8.24333566750193
agm005637925,14.333396433378622,6.419192659339985
agm005638274,16.110444654920734,6.141541818289287
agm005638603,14.510139753852165,4.323371255344822
agm005638804,15.229871776720868,5.333877037375387
agm005638839,15.36094352549057,8.097950195142477
agm005639192,15.861675888422647,6.53820744368745
agm005639915,12.808451169032205,0.20191457315266112
agm005639976,9.975024344145575,-0.3155413970908552
agm005640127,15.733421544359539,11.646834688740642
agm005641129,15.537309321414554,8.294570601087964
agm005641898,10.357574687367313,0.9811755433383288
agm005641920,13.864861997645027,7.649664753925064
agm005642216,13.577493242098683,7.903005108997018
agm005642258,16.89613867921727,10.80949303501425
agm005642306,18.763152472676932,8.400064617761464
agm005643129,15.132014387293074,4.465611860185779
agm005643283,13.87636484319318,3.552936759800113
agm005643914,14.744181240237156,3.925259009530542
agm005644070,13.830858745986156,2.8349019898199757
agm005644236,10.597715673650509,-3.8094017175670345
agm005644298,12.701794556646187,7.6931504284533405
agm005644357,12.286261312655226,0.8122228182584207
agm005644588,15.593030262410359,6.321111674298531
agm005644954,15.943870327737406,4.60607990502588
agm005644991,12.79336413391649,5.253302671373805
agm005645271,15.306401918394563,6.533928971008229
agm005645406,15.859785993475755,6.667242555193762
agm005645663,12.854451798335226,8.04931328727198
agm005646455,15.982592016550802,11.527887039141447
agm005646509,18.656233226040225,9.530259532474775
agm005647164,15.312216091393092,6.710459999629982
agm005648423,12.54293955658678,-0.8814072811204549
agm005648768,17.81211992391405,8.223109754724062
agm005648968,12.007418827646338,-1.1609286573916908
agm005649023,14.698439892652955,5.819981638566374
agm005649113,13.37042462286775,4.046456675368829
agm005649125,14.364665170698231,4.756703346956033
agm005649260,14.003178025850106,1.1418895059991279
agm005649652,14.397085019671415,4.264131650775048
agm005649657,14.231668467289056,4.156885141216736
agm005649765,15.9206200828868,5.610079697748795
agm005649803,13.411212395660064,3.5878159665313505
agm005649856,10.009037321404564,0.44957923181717047
agm005650071,14.368537321992664,3.840625929171799
agm005650074,14.038101237917978,3.777670014978677
agm005650147,13.5594204276457,2.433584890024606
agm005650273,12.295202947829024,-0.6935233597352225
agm005650359,14.373589427161948,3.8830314864126643
agm005650555,15.954925188305692,7.5378696887437036
agm005650995,10.932363807801046,3.7542246223703315
agm005651111,17.94376184042576,9.100822775021319
agm005651236,18.257079590691113,9.329167975669032
agm005652123,19.506033152094023,7.058383332331094
agm005652184,14.397538095721806,4.897856999437074
agm005652223,10.2374442768251,-2.3411743640494365
agm005652264,9.359266701344511,-4.558426382346407
agm005652281,9.88175634813223,-4.1439249137098555
agm005652426,11.154757171587375,-1.7095125054318647
agm005652534,13.858769824960499,4.063457307925193
agm005652649,18.65782608685188,12.83089262511866
agm005652681,11.241578472145763,4.644004620994118
agm005652972,11.608964927501706,7.020147584329493
agm005653772,15.470692242665526,5.532335731417166
agm005654033,15.258828580141136,5.105077868630723
agm005654085,16.209949324249113,4.1706773199906015
agm005654133,16.467196721131728,4.805719464374579
agm005654177,15.731563875629675,5.7056084086850065
agm005654680,14.691582264865788,5.34232866662177
agm005654842,15.643923268096678,5.595000194062805
agm005654862,12.026325487516294,1.8891804131273038
agm005655232,15.124522563765057,5.278496345508105
agm005655524,9.114435935506338,2.6303003830948177
agm005655762,17.2219146730318,7.960185146308099
agm005655971,18.347413648935,8.935265420565466
agm005656815,11.836033369106643,-0.8761283669981674
agm005657189,13.405212716025177,2.764527422511025
agm005657198,13.787424596428748,1.1062029413856298
agm005657305,14.812610994248779,5.212612714309837
agm005657691,13.870533155793304,4.026088924406369
agm005657855,15.175820476070742,4.96291876944382
agm005657871,14.203806991527559,4.24217049572995
agm005657946,14.625092147513298,4.461448534915875
agm005658131,13.700651868180039,3.76189270357496
agm005658294,13.410482261641205,3.883546699860723
agm005658734,15.070903380497759,4.200336890175518
agm005659056,10.323251982738835,-2.4177214710376718
agm005659085,10.34965369570802,-4.486777231449657
agm005659150,11.31187131505652,8.052087694465174
agm005659328,13.901782224253177,7.590557769874512
agm005659597,10.787156080729794,-2.597901867423154
agm005659709,10.739173414896003,-0.5067908743671197
agm005659983,11.326118030158002,-0.34214207407218095
agm005660539,20.109611090887185,8.602133573422414
agm005662506,13.793924035924768,3.6116309561453774
agm005663619,15.600215981017866,4.553122676076015
agm005663660,10.840611480837934,4.928285652214719
agm005663784,14.96887315882556,5.472723741262886
agm005663842,15.803527354469368,7.935516157277964
agm005664341,16.443659495627664,7.945413932416407
agm005664999,16.40986502569579,5.401425588071145
agm005665066,4.868010738188728,-2.425500995327109
agm005665311,14.626776140289003,7.015926343097334
agm005665631,16.473039314025446,7.327732937720739
agm005665681,17.699764321543512,8.117402903682157
agm005665734,15.155780677978244,7.703487623466747
agm005665776,15.91459362124026,8.113684456632347
agm005665795,17.55828606631742,8.46054472017368
agm005665827,17.52467168440909,8.429586137602668
agm005666137,16.40701223496636,5.674443568329172
agm005666762,14.109927411637608,2.9303145398889967
agm005666789,17.11566534568069,8.046565823285645
agm005667046,11.548955871296963,7.421672934971316
agm005668490,15.527522830117263,7.887304497626167
agm005668537,16.811569209904377,8.542008026030818
agm005668545,15.767398120067867,7.925953835278851
agm005669978,13.799444724296958,4.379866121184106
agm005670704,13.042250237294875,8.531923738050436
agm005671259,12.67797494132124,5.59117575529276
agm005672078,16.684732026570828,10.922896601731047
agm005672114,19.660117574044488,13.01117875555857
agm005672851,12.829321643338519,3.032741738479121
agm005675910,12.404985739970108,3.3444975760702618
agm005675966,13.866218416080592,1.5128730332698694
agm005676057,17.402438713830133,11.29654195362668
agm005676379,13.340157164913172,4.894509526914067
agm005676632,18.36551583088694,9.382484470336925
agm005676668,17.697551000372602,9.221410257556618
agm005676740,15.301070596025243,5.147404272645174
agm005677145,12.435568457965273,5.646063186261592
agm005677210,11.346840064859201,4.297815935479553
agm005677220,11.470636040283818,4.400206425869837
agm005677393,14.816150013051626,1.7311898263092178
agm005677505,14.272767883669712,5.305577896628799
agm005677694,17.89794171645286,10.828379871858976
agm005677735,18.641332002381517,10.717084506957107
agm005678969,16.374376219395668,7.70632717468058
agm005679614,13.820199641546596,4.8993769915971725
agm005679645,12.851584851649415,6.953505003329108
agm005680013,10.71560243048147,0.7830716048477294
agm005680119,10.637561045602643,-1.5889024366447633
agm005680306,15.514284783490915,5.698122470472366
agm005680318,15.075202566491216,5.944760139890893
agm005680342,13.647128508657426,3.5152842091655443
agm005680663,13.43350077633697,4.810271057136781
agm005680702,14.625533401247793,5.70870174992826
agm005680810,9.602213575724903,-0.16250401392955519
agm005680853,12.035364662188506,5.400138797616257
agm005681081,11.220216789597353,2.605573860352242
agm005681139,10.525038530799447,2.0876838039688033
agm005681165,11.956705226763374,4.266257500949037
agm005681191,13.912100104752172,1.1467236142999713
agm005681244,12.517807928949303,3.620531963487734
agm005681260,12.769419328238385,-0.05069260317581955
agm005682034,13.360692453609516,0.9335161322798614
agm005682154,14.193061680641783,6.688809257847357
agm005682165,12.346799263005542,4.262820186078424
agm005682336,13.947133172607401,0.03271446945116807
agm005683187,12.25502396439763,3.247465251562835
agm005683984,13.449309679375043,2.227814259389477
agm005684832,11.188333688058528,6.105552221936089
agm005684875,12.596541519779832,6.208438241777806
agm005684967,12.228213840554286,-0.1691426810039829
agm005685367,13.498170875416982,-0.20584290608858305
agm005685513,13.083646430519822,7.048878091200014
agm005685665,11.942112336839498,5.763875759285079
agm005685906,9.975920824300148,-2.1998396717015054
agm005685956,11.860150655415023,6.72170493964519
agm005686061,11.918058915506904,1.8927447511457143
agm005686362,13.521666771896856,2.9564642147615268
agm005686530,13.221735955827937,8.82747619061153
agm005686695,13.288764333862366,0.9533473707705369
agm005686837,11.511905741602881,1.107145106861277
agm005686863,11.83928169324797,3.5408548524220627
agm005687138,11.123073415205688,-0.8528014905238853
agm005687448,12.987355123739606,0.2639668660266186
agm005687526,11.033487811113536,-0.6798701949764236
agm005687809,13.199650534088585,1.4994966765356093
agm005688045,10.342907720007315,1.948689182233365
agm005688201,17.046762934729806,3.875434176201928
agm005688376,7.206179577398122,-0.4373296572477905
agm005688537,14.274915054879438,4.15414896675371
agm005688550,14.129500319388457,5.387980578806676
agm005688846,14.606506282626325,5.344768499506526
agm005688923,14.615373039614672,1.8117748873725599
agm005689651,14.321528739532036,2.8884097572801686
agm005689739,17.3636563648494,7.524598825325152
agm005689900,10.28013633703121,-0.7144990840122946
agm005690481,15.811538810603311,5.146984302359855
agm005690501,16.81500130012767,8.135699087953501
agm005690629,14.911947132183258,6.702010706583796
agm005690814,15.09808902750939,6.019423773741614
agm005691100,13.007442439206335,-1.0515297007418785
agm005691220,13.416421608158648,0.5939499408332729
agm005691223,12.178573142121543,4.549240156238729
agm005691259,12.145752135763766,0.7495260489363625
agm005691277,13.556669964429915,-2.1884244776757846
agm005691376,12.400470973200342,2.405629583123165
agm005691429,12.164613394963192,-1.4582076247632223
agm005691552,12.53954988604953,1.5262670919828512
agm005691620,12.193993171826428,-1.4512653467376921
agm005691976,14.062714821818346,-3.0307220226671796
agm005692077,12.326033026259532,-1.4283459338670486
agm005692101,11.642716487012171,-2.7896390413266814
agm005692117,11.740274077372709,0.597431757904174
agm005692202,14.535364147426906,5.355487764278045
agm005692344,9.436221067777822,-1.5552376464496973
agm005692589,17.620318781857538,9.102153146619687
agm005692986,9.831493197734847,-0.8234055051522281
agm005693021,12.83405260811204,2.6700784118419363
agm005693356,18.187866528035688,11.204185105957963
agm005693527,13.608191866116162,5.9318912538714414
agm005693906,10.94058701573524,-0.6158062510926818
agm005693940,8.699590790817913,1.9755963872317157
agm005693976,13.142587444871532,4.42907539947412
agm005693996,11.397625676006355,5.582264376697644
agm005694212,12.964775284723395,-0.22984361574012033
agm005694286,11.870400668177496,-1.1530178296698956
agm005694579,12.720673137109822,2.372279532217693
agm005695245,12.386800931689168,0.21469893604874338
agm005696009,9.112632259013244,4.475946095418589
agm005696103,11.955585149842241,2.2552158059551175
agm005696122,12.13395165896659,2.3970679971369258
agm005696280,13.580919369171582,2.0923319957261874
agm005696471,11.069172341080053,2.845026530794776
agm005696771,10.420440109807394,-2.453748729729613
agm005696874,10.19198896363568,-0.8541009015958423
agm005697047,11.994133202795249,1.8468116445577476
agm005697148,12.689275621033863,3.43024698340783
agm005697262,12.468210849987683,0.7575777121017578
agm005697553,14.498495000771738,0.1620863594403931
agm005697606,20.025745870387375,12.600343483773779
agm005697611,13.71740408429694,3.3462052862034084
agm005697643,9.706006810634355,-0.40092113970672827
agm005698477,13.54509486416225,3.202232102910944
agm005698726,10.570652117061039,0.12824361266092055
agm005698962,13.703741146030232,6.781369758152032
agm005699635,11.5220217088617,5.183358397132863
agm005700188,14.34487992809681,6.498369974385532
agm005700732,11.84932782583492,2.096495603038781
agm005700896,16.580189993843867,5.612992060353418
agm005701008,14.112094806631161,4.912156416504249
agm005701548,9.555774537291978,2.874177852366158
agm005701776,10.98703406044734,3.1001630080746465
agm005702045,9.83700911978242,2.3190861568739485
agm005704081,15.271679490541421,6.091156637412774
agm005704164,14.049105335526406,5.647614760456599
agm005704438,16.239802857088968,8.401105918749913
agm005704470,13.29923320171555,9.063627938379435
agm005705880,10.442864299739076,-0.4928074606900144
agm005705911,9.734677504092991,-0.6898551169517523
agm005706253,12.338827379406368,-1.6799174148906222
agm005706502,13.123252054299314,4.907726039355947
agm005706851,14.454212150856085,5.82539566458165
agm005707251,10.459255838622385,-1.1280844792372673
agm005707792,15.18407455035508,7.181878299241904
agm005708294,13.882288739220257,2.478041546605015
agm005708927,13.449173757479933,2.4964614945374586
agm005709092,14.553275604751923,8.883358126575759
agm005709179,12.663190613602083,3.864407998470927
agm005709401,13.245036258533114,6.254348570893494
agm005709404,12.686270901290513,6.2660786275320355
agm005709410,13.280414722171306,6.6014699348456665
agm005709417,13.952331315378018,4.820861467637047
agm005709518,14.21609551513442,2.067761073767984
agm005709638,8.097476157452395,0.5072875279284057
agm005709639,13.421300413558917,6.276547129923256
agm005709722,15.882088671024112,7.6914060486255265
agm005710025,15.196767097307179,7.93120267215129
agm005710924,14.332766656816345,9.250766321630048
agm005710962,15.110707020537447,8.184985380179896
agm005711281,14.918067040095593,10.670829969497248
agm005711375,14.198266338909784,9.095679900476183
agm005711417,17.98727394813812,10.738478133010465
agm005711522,14.442868017801226,9.097766782504344
agm005711549,13.855765170085313,9.08542269513295
agm005712111,15.389559620258808,8.811619248242037
agm005712310,14.938405776487443,8.441218495816157
agm005712766,17.225397355702864,9.195061280070247
agm005712800,13.559188349960612,-2.1987519373857936
agm005713801,10.498513851066585,1.6635849006429382
agm005713849,12.506630610381064,4.51273508852124
agm005714663,14.244863855336957,8.804231580157916
agm005714758,14.47869920096663,6.55190542468118
agm005714869,14.500987836088312,5.46411547807396
agm005715192,14.956266521902883,6.745398147817313
agm005715690,14.26190180752581,9.0884203176147
agm005716630,10.407008667861243,4.369942824649438
agm005716942,16.261940367800353,8.283330315713531
agm005717407,9.31299293362815,2.798476906148764
agm005717627,11.823313535368682,4.215682102290827
agm005717823,13.398734589446091,6.3750216508609725
agm005717837,13.599731515136263,6.437148024554214
agm005718647,14.02570707492027,7.171096334354868
agm005718756,13.535940904744828,7.150660585499491
agm005718806,13.82639551731294,7.444815054981753
agm005719058,10.13884972842546,4.543840035202025
agm005719756,14.446085995109229,8.283895106572613
agm005719965,14.247067118317998,6.888737942872883
agm005720559,14.81396025856322,6.219906147722071
agm005723799,13.0805668384471,-1.2122870504771843
agm005724261,16.323420690413602,9.18217575589843
agm005724341,16.497661993248204,9.25503319700515
agm005724531,17.607112356195188,9.94852571442304
agm005724601,10.550882174241892,3.017681452264585
agm005724937,16.25035272429467,8.303297940514378
agm005725054,12.095819504116466,0.5143132846835059
agm005725080,13.050091378554043,-1.673984880770443
agm005725082,15.659503184431458,9.392665137751967
agm005725319,15.035762707395316,10.225425164208083
agm005725343,15.250983074926944,9.091147059748824
agm005725673,15.068709303418581,7.99200630002651
agm005725710,13.71921945509842,5.489074509281027
agm005725716,17.49627799728737,10.846378197852795
agm005725859,12.77785626800016,5.076188412435577
agm005726174,13.658904225029799,3.16531483722047
agm005726359,12.30357687215056,6.997410166111447
agm005726400,14.13901149837363,4.519011069821387
agm005726421,14.019730499783545,4.227185779652009
agm005726758,16.187739410709124,7.467291444232409
agm005727003,16.922453855307356,8.577160274083658
agm005727289,15.072048261397581,9.378902807815209
agm005727295,15.49789992252815,10.464287827582057
agm005727306,14.729706608762022,9.60580624796366
agm005727527,16.928628994161475,11.119911450668054
agm005727540,11.924741429117198,6.866241365404207
agm005727812,15.498142004842455,8.366510558407832
agm005727973,13.656291850087207,6.873444351126707
agm005728056,18.535182654254452,8.871236316756203
agm005728424,12.098511857396169,11.34910014186436
agm005728537,16.890378588867726,7.936667559243829
agm005730035,15.153824936985366,6.701399897041924
agm005730171,15.211255820739913,7.474812224539375
agm005730200,15.354655064376734,7.605003984866407
agm005730261,14.976464613200255,7.347271105134521
agm005730557,14.83742460222357,7.2552976703100605
agm005730622,14.856710633526331,7.270966974036206
agm005730636,15.197678565178263,7.498913734335653
agm005730800,15.14160538349026,7.416224102652787
agm005730884,12.240615238900295,6.4953473884328545
agm005731217,15.606763875871614,12.056827286169352
agm005732215,13.637690968380241,12.520267236453178
agm005733992,5.80959862057116,-2.1531190143036127
agm005734296,16.111406467565793,8.298679826281559
agm005734703,15.596697855857554,8.079047511723038
agm005734737,11.477496343762711,6.245841408966469
agm005735078,16.03363952103003,8.310109192430552
agm005735265,15.549982771278023,8.04379658806069
agm005735524,15.389734550551736,7.88515372411275
agm005735593,15.275635363037674,7.784121189869225
agm005736265,15.329634502708316,7.8619748367602265
agm005736599,13.841743170852222,3.0135775071447823
agm005736631,14.299036257139722,3.541723539525363
agm005737533,13.33763185990756,5.430425153891126
agm005737791,12.75545173703698,4.167075400192414
agm005738536,15.087653684045955,5.702222525796905
agm005738973,13.786117000669073,6.901928654071072
agm005739069,12.789159856731919,7.128240375564727
agm005739494,13.219094591621738,6.78406709635421
agm005739560,13.245295484389104,6.538648887506749
agm005739568,13.460418572125446,6.7976880056345115
agm005739673,14.01123587658062,7.351294564752045
agm005739857,12.82568716088248,6.167189797697328
agm005740084,16.914945960936638,9.729915433654599
agm005740179,14.45553584232797,5.798999214460003
agm005741208,15.877917007440205,8.388396480781845
agm005741249,16.213829118414544,9.512904659032671
agm005741321,14.418236522149977,5.989351711241582
agm005741360,13.74970044297231,5.054488698295486
agm005742017,11.307186084519527,1.9821789884954992
agm005742330,16.72028957120933,8.072820046552284
agm005743058,14.523599294280174,8.172437141790985
agm005743214,11.501462698982843,4.3037899013609975
agm005743468,16.759173308095487,11.270628607569614
agm005744375,17.578963032921205,10.244795088407358
agm005744518,13.147396938137202,0.6256694795638928
agm005745022,12.58030473873193,5.460448764597255
agm005746064,10.014869438625345,-0.2206342032122611
agm005746420,14.7894290658812,7.086627534777608
agm005746500,12.518730795593079,-3.4202408036822205
agm005746952,15.541571463452179,7.576656441963036
agm005747654,15.259039187752409,7.533708859256689
agm005747698,15.173641975653618,8.5518922797633
agm005747946,14.946003689027775,7.300089736393144
agm005748632,8.568822655244531,-3.1872639536984613
agm005748638,16.276578574919842,7.9826834662818245
agm005748853,15.477643498578088,7.975853784609815
agm005748910,15.513699948959129,8.007357162923723
agm005748983,16.926987590395363,9.559928595529204
agm005749024,16.395866900213257,8.479575051221522
agm005749207,16.95742982743978,6.433584967679831
agm005749249,11.320140692547014,5.857720419292427
agm005750209,15.488346757456101,7.932334088956327
agm005750268,15.097353399602675,7.691021782706741
agm005750626,10.483390590671872,-1.5313601631381317
agm005751773,11.654097597394314,-1.659306166209524
agm005752114,15.969011346047305,8.662014048622515
agm005753021,13.94234264188403,7.823812818975843
agm005753251,15.358528490562968,7.46058848544702
agm005753355,16.25544248847631,9.126446441850815
agm005755331,17.979654357897896,12.183549473549476
agm005755741,16.398789125325795,4.224550307534753
agm005755854,17.136301397840572,3.5056528805822444
agm005755886,14.435625049713536,7.569045757118729
agm005755978,15.815345255885134,8.094951866285204
agm005755982,16.434115392385625,8.171160888853526
agm005756780,16.02909165807203,10.091019623951848
agm005758419,14.891531502204556,8.551146508636362
agm005758638,17.86034619752669,9.07548554809901
agm005758688,9.365929851594638,1.78403758439912
agm005759120,14.517189937357628,3.997485925704138
agm005759277,17.305963633680033,7.76654427397002
agm005759929,16.55387887087804,4.5841314927256205
agm005760064,11.561245574967444,5.007528507137114
agm005760584,14.159793995705284,9.550343353586557
agm005760652,14.84000524238247,9.96875806870394
agm005760917,14.317143527840827,-0.024223173510417695
agm005761385,14.76271464463109,8.725393716989013
agm005761818,11.656013635925268,4.1744709331772505
agm005761825,12.36455040460222,4.915528160577771
agm005761883,11.008437430990092,3.726959593919267
agm005761896,11.356312626137194,3.680381596618973
agm005761902,12.410504465029055,4.580963829497151
agm005761943,11.866236115705796,3.8097937294311883
agm005761998,11.902089571618818,3.827819127078674
agm005762174,14.697881506557222,6.700085277442042
agm005762389,10.991613861440968,4.932559840381207
agm005762686,12.004268966017563,5.803091287537804
agm005762812,16.72051448334413,11.221962739280364
agm005763047,15.872307199348597,11.377042400675021
agm005763089,13.665735026481515,6.000895236117287
agm005763160,14.537273943922715,6.841587710500911
agm005763167,14.085236198928826,5.231012836340052
agm005763243,15.433004095487709,7.891771528969929
agm005763390,12.291797087941047,3.685153660031446
agm005763628,11.927711824912443,7.702374464592617
agm005763689,11.416453167851502,4.969492569018462
agm005763724,11.837166905546939,6.814966777162721
agm005763734,11.937048629343423,6.895173028508279
agm005763999,12.424276589626936,6.6219445065968605
agm005764099,12.003782181396643,6.333043254997566
agm005764152,12.184857432203259,6.5019790394852555
agm005764268,11.971792061692495,6.065612889434891
agm005764399,11.77549488799339,6.157362593192154
agm005764447,14.335037571108769,6.547741352867465
agm005764472,17.418885529010264,9.329127836760312
agm005764573,15.28112487972201,6.616993315645639
agm005764837,14.470738924188787,8.750225367128943
agm005764979,16.593691005897632,10.649509921593125
agm005765146,18.02692345095393,9.262605597543809
agm005765180,14.961261225789945,8.81345759910298
agm005765570,14.585134103270548,7.012360761349092
agm005765871,16.29967468704766,10.088362180227184
agm005767487,11.574742545069471,8.426326976870495
agm005768371,8.272430901663247,1.8982300123766045
agm005768517,13.98282013307392,7.347427979148241
agm005768955,12.837290981262157,5.740849073194301
agm005769719,11.648946962346196,5.0453695707838655
agm005770113,15.132059974171979,6.589794404159192
agm005770367,13.516477777585814,6.365308012400294
agm005770484,13.575946158329677,-0.6383034714647616
agm005771035,11.583816057321606,-1.0364116910514614
agm005771162,10.415512093646834,-0.06692816269121
agm005771389,15.793817382215193,7.94776383192352
agm005771399,15.515348977077808,8.0937966426412
agm005771704,7.849073606495982,-3.628739746094115
agm005771807,13.508811473175308,6.112578726495313
agm005771959,10.12932572728808,-1.695549228449431
agm005771970,12.523767718565228,2.0509749339485186
agm005772082,14.748569275363046,7.467077948633689
agm005772868,10.280944787763426,1.787726575499678
agm005772927,9.737184961275725,1.1500608465405098
agm005773607,11.720715134082722,-0.560698953118609
agm005773704,10.952561109037646,-1.5029992815835012
agm005774011,15.01731344378935,6.81387564363816
agm005774071,14.27743437539426,3.929218348651201
agm005774223,9.58195556441114,1.0112393097859282
agm005774394,15.103595182036116,7.9784704024914355
agm005774410,8.590029340782086,-0.8563184945595724
agm005774681,13.389135787365888,-0.2528000725722836
agm005774736,15.697141978755015,8.065571742390892
agm005774778,15.62485624503045,8.017352710005474
agm005774851,15.142275034073306,7.92025506082302
agm005774917,12.868683368220253,-0.07612585434350787
agm005775070,13.646561420374178,1.5862240913676249
agm005775208,13.005243840362272,4.274165019601991
agm005775397,12.810539750257178,4.425015629308322
agm005775553,14.127298004657957,4.2376906317524545
agm005775556,16.715907641816553,8.91792584730311
agm005775702,15.773559173531014,8.454987072682425
agm005775996,13.671047061733134,5.805186229436392
agm005776403,14.852792077011943,7.430964046531017
agm005776464,14.910568991932372,5.957952939041739
agm005777169,7.390149845531493,3.3921930734349233
agm005777700,12.652790723660457,3.373128956694039
agm005777869,16.12962838590374,9.678162597359533
agm005777908,15.947180791814235,8.393494708520995
agm005778011,15.29807999380399,8.653740874117874
agm005778455,15.048800278595982,8.492962022022558
agm005778523,16.173782200577975,7.257413091109172
agm005778599,14.869124638269055,2.1176933180373907
agm005778965,14.303401657533412,6.438669068964046
agm005779262,14.584283508727724,6.793340215077323
agm005779558,13.777202308546883,6.389187505833731
agm005779757,13.409979568590979,5.760067812919441
agm005779982,12.9758100855166,7.559907143769968
agm005780138,14.194679782442575,8.531227629092982
agm005780206,15.542635850236655,8.960828190631132
agm005780308,13.077815450986122,6.473089880106527
agm005780819,14.476345692556775,9.182028177793299
agm005780858,13.980318262014569,7.486571860577386
agm005781227,14.175864489651431,6.517675542663219
agm005781552,9.088512705963977,3.751183878984095
agm005781845,14.011773314019115,6.49269194860237
agm005782376,11.81653868309535,5.234813347604991
agm005782514,7.8386441434964995,2.760578624235825
agm005782597,13.482603178920476,6.1183063034295495
agm005783025,9.440113684818124,0.2410304350049254
agm005783171,11.628687003632209,-0.5100845515427572
agm005783280,15.252555283018557,7.572497318741348
agm005783353,11.698607331647468,4.223415675255235
agm005783776,9.128330169243759,1.3936594731354386
agm005784023,12.810320329779408,6.186066708059798
agm005784074,13.280406666995534,6.644000848006427
agm005784133,11.039644624060527,3.8012760903869256
agm005784384,12.278507596909863,6.455456525911131
agm005784426,15.782545088062767,7.881213696688832
agm005784760,12.598823719846253,4.268014877823479
agm005784897,14.757223262806242,7.145379383738306
agm005785341,14.013049990409058,2.7558945007354922
agm005785406,15.348072908059363,6.573758605429339
agm005785420,10.865606411513076,2.6209883499339135
agm005785665,15.569900939016065,7.606969567364472
agm005785724,11.522317159666706,6.385864014519416
agm005785861,11.72128483130364,8.340980896077488
agm005785997,11.963642200892982,6.887394442048964
agm005786090,12.079495929434325,-1.0252218097286594
agm005786147,12.685197409436613,-1.6143306779036106
agm005786200,8.651388914219181,-0.2824723327672973
agm005786316,9.356129726550574,-1.226886962711055
agm005786352,9.40953679170215,-0.4932151663934465
agm005786429,12.916624382213834,0.8071443516113099
agm005786548,11.10712081974895,5.081746897154801
agm005786590,13.585268862645762,0.17560233398847083
agm005786949,13.23536369104338,7.016603617712113
agm005787170,13.360066057201877,7.3949005487502175
agm005787410,14.395554099657808,7.976417623327027
agm005787780,14.705375148773564,5.343925458342934
agm005787958,11.668001943791873,-3.448769870991614
agm005788178,15.262550901283177,8.215458737173218
agm005788214,14.21968681298564,7.500779181668544
agm005788221,14.244223070489147,7.520963764969029
agm005788356,11.267363732225169,-2.905945021264324
agm005789578,14.367271214870511,6.333701971944385
agm005789809,13.379487784791808,5.2932598616925866
agm005789864,13.525032306719234,1.4352004314231799
agm005789947,16.303159813976595,8.531250393888774
agm005789964,13.078044920512248,1.1513561010046065
agm005789981,13.120067245072597,1.1842550071798523
agm005789997,7.909151494409471,-1.296935004569173
agm005790037,16.01722075023764,8.367479453821614
agm005790119,7.268859761092648,-1.9677808479069945
agm005790157,7.17945016270679,-1.3503528981071213
agm005790203,12.634944891668647,-1.8123237166394806
agm005790302,15.562127939071084,8.374121057237659
agm005790340,15.337422796011014,8.537154669593958
agm005790487,10.84887521279846,0.049619437501001805
agm005790528,11.385511003360643,-2.3878196729494725
agm005790548,13.856133055693377,1.1026421781634472
agm005790876,14.730244091720799,4.48242246331339
agm005790980,13.814128142795395,6.357393121630204
agm005791039,14.655267243448241,4.550131362863339
agm005791276,18.96171894650573,12.29766080287404
agm005791535,12.501435769722008,5.268079130690903
agm005791700,14.101566804486785,5.260289893339224
agm005791712,14.196627185091446,6.2685478886294765
agm005791761,11.142752506594945,2.1333530991876075
agm005791916,10.636643631570534,-3.1938610532095666
agm005792322,14.53264882466427,3.9934461989693566
agm005792888,13.59748316310425,0.1428937423596892
agm005792985,13.881531944514158,0.9235193827247983
agm005793075,16.493784431816916,12.887548074636072
agm005793112,16.579471372995187,9.64846431140523
agm005793156,17.695389995208846,9.10879787117363
agm005793291,12.316328869240467,-0.4661118275640265
agm005793314,16.347415660015706,9.373779635610337
agm005793445,13.078284042796136,5.783659496226556
agm005793562,13.359840671210144,5.9694870117612915
agm005793590,10.04040821409048,-1.7047634535329657
agm005793597,9.928802089132857,-1.914010556402341
agm005793654,14.296120897779266,6.188665537431016
agm005793661,14.444313749021298,6.311763013803389
agm005793677,16.47553036903894,11.743176345363693
agm005793703,15.73855883937994,9.885962777306712
agm005793748,14.963807098311428,9.361810643780238
agm005793781,15.749208145599146,9.649241164279564
agm005793980,15.943375883787153,7.469363922047407
agm005794106,9.834590209682537,2.507195456258696
agm005794445,10.490300862425181,3.2219610679938717
agm005794659,11.94935124954254,-0.19117361358965348
agm005795070,13.319041896725436,7.366527162374449
agm005795076,13.587195627529622,7.502641425581142
agm005796437,17.049534715109257,11.284160753499286
agm005798336,13.792351526080127,3.0478633703958713
agm005798657,15.39606642249385,6.82938143686171
agm005800456,17.826521887386566,8.532877301291267
agm005803552,16.02608863796834,6.519972705176719
agm005805916,14.114775154672529,2.5529199597835075
agm005806151,12.788605835018709,4.626317793186663
agm005807102,12.423704904091357,1.0622081903842584
agm005807140,16.21409221592281,9.992455221101647
agm005807173,16.884096306610825,9.725907032734213
agm005807185,13.043642774074712,6.9249826879180265
agm005807233,15.74086428752488,7.9861570487571685
agm005807347,12.013784475919893,4.802839020908401
agm005807471,11.805449884090947,4.332926042731169
agm005807524,13.066291275461747,5.839260391363493
agm005807599,15.107358830197663,10.639508350044617
agm005807633,13.333865838132576,5.23927320399127
agm005807659,12.087925370756455,3.367168136564642
agm005807683,13.050214498791542,7.048553029494727
agm005807986,14.112397069910084,7.638220038801789
agm005808076,13.496688875033977,7.627797582570034
agm005808200,15.959155864158271,9.396770846775587
agm005808207,18.419341038855496,11.56347978298238
agm005808280,14.60889049598057,9.150112011711744
agm005808713,13.323794351041698,2.444666344015684
agm005808919,12.73747821153126,1.6598368907679515
agm005808948,12.571936917987992,-0.2738592412364923
agm005810017,13.987211863532918,7.896876552933825
agm005810291,12.594889778896343,7.658505489988854
agm005810669,15.358145104635971,7.786152951484683
agm005810708,15.574787942344532,5.6840868789463
agm005810784,14.499735041736162,6.3824651422189245
agm005810910,14.804990035543204,5.524247458659625
agm005810947,10.164696265011687,1.4090020970849182
agm005811675,16.084812621158466,8.221620208465664
agm005811694,15.122283588399796,7.711863272214006
agm005811791,15.65650714014933,7.867575028144972
agm005811799,15.691303000389835,7.907388071493596
agm005812842,15.668846393425346,8.84166515957386
agm005812920,15.692081721597765,6.737147811760286
agm005813104,20.25354471839212,12.875489114628522
agm005813111,9.53213812245932,-2.533985838091622
agm005813705,9.642978356985534,1.6822263437141547
agm005813863,15.697252323145424,9.359193711985672
agm005813878,15.349240235584464,12.049710989542332
agm005813998,14.664581731522881,5.951375891867234
agm005814223,12.916926194561752,3.907184336340054
agm005814307,10.104699228032375,1.9233708147566955
agm005814484,15.350849763655512,11.205015536503678
agm005814497,20.04985872736216,14.457823312512026
agm005814714,14.778686240269389,7.959102599210174
agm005817004,15.812716202824765,8.090360939655389
agm005817085,16.751933576489293,8.044927210561566
agm005817430,15.467877428561337,7.92371749381017
agm005817700,11.14748062340355,-0.24769662058971184
agm005818066,15.632111212026158,9.916853566407633
agm005818345,15.777967494343821,8.95387797703504
agm005818705,11.754278574796734,3.399520036455332
agm005818743,12.04914490779204,4.072961355150514
agm005818777,13.433264882622943,7.711434903520953
agm005818943,12.313123596050263,6.723210560692245
agm005819009,12.321204217432248,4.028559772309646
agm005819285,16.22582423279182,10.645751949245883
agm005819487,15.644334567339847,8.056298516306986
agm005819568,16.759661913288593,9.751400493071023
agm005819608,15.406130500794793,9.360078592474805
agm005819674,15.624855421975818,1.6317201581787184
agm005819797,17.279053113214673,12.3912698198122
agm005819801,15.236598292216494,10.512232779218253
agm005820519,13.937215871383543,6.050034715035648
agm005820619,14.932143245335334,7.952448198435373
agm005820769,10.906760126935296,3.4671618192624387
agm005820994,14.993322104267463,9.061475352835448
agm005821130,16.53861426139243,8.772647896027069
agm005821522,13.61740692582672,1.862087040407739
agm005821531,13.884929732407413,11.224894532558592
agm005822057,14.294404492526976,8.041869881378314
agm005822082,13.51946244554459,6.322683737173101
agm005822128,14.57937022990883,7.484963656181531
agm005822204,15.310065614615826,11.092408322732616
agm005822209,17.00037159259842,7.325371939812286
agm005822522,12.878442753938938,3.5694451758833905
agm005822873,13.451615638071177,6.414182578602753
agm005822895,13.889105122115836,6.6865520559491
agm005823088,14.941863972453374,9.093365901151278
agm005823107,15.798600649169598,8.002855374929476
agm005823483,12.540534882360273,1.6988091396816372
agm005823573,17.710764566606777,8.513505643709555
agm005823802,13.744058701349156,6.378366971849455
agm005824106,17.182336161685303,8.738502023844342
agm005824177,16.19772947005991,8.331043355541778
agm005824547,6.4898596760897185,-3.6767117470242066
agm005825039,10.92664391986148,6.265056286941866
agm005826178,13.94349736215058,8.391640000208968
agm005826463,12.522539521459654,2.6022036310090186
agm005826527,12.851357009893205,4.76763853726619
agm005826632,13.561707454026902,3.3162328393020246
agm005826843,13.768538246510113,5.251146296486806
agm005826977,11.283818632400163,2.2259887311547835
agm005827008,11.231314272754142,1.5587957849207636
agm005827052,11.07012847060682,1.3812389030405303
agm005827392,17.206236504206924,6.846732343712034
agm005827402,16.988967901140143,6.380833470349987
agm005828353,16.386523721743785,8.211300209686005
agm005828621,15.578915540363349,5.964371939544856
agm005829441,14.445445177201353,6.785852527033332
agm005830384,6.819513167203473,-1.5851683484918098
agm005831284,13.876586031657348,5.504794925357233
agm005831478,11.098503556222186,1.3487056066234344
agm005831632,16.02865607016784,9.435104661751614
agm005831853,11.2996406991106,3.857317437326711
agm005832390,11.744418113528875,3.9302656322548657
agm005832452,15.603957141496705,8.023450348450073
agm005832685,11.915002893004594,5.048464183311756
agm005832698,15.063656124063135,6.944519245254145
agm005833023,13.512386925677616,6.634827018664595
agm005833399,12.350126114688667,2.3741864486868933
agm005833680,17.39733889559024,8.764628504962163
agm005833822,13.33314972718806,1.707546297318211
agm005834122,12.970094391451395,1.2748362491535101
agm005834142,13.40074341706562,2.0259667262875745
agm005834241,17.194508195778518,11.511237486449726
agm005834555,12.773732427624637,5.295955288237963
agm005834751,13.003062524484406,7.69723423752842
agm005834776,17.61907478861165,5.258214965207519
agm005835447,14.496545045100456,7.201658642702516
agm005835522,14.498626113659418,4.609885605981719
agm005835598,15.484270245525087,7.267426360054807
agm005835727,16.013525243323063,7.292147832161114
agm005835843,13.15743488252152,4.502072935414264
agm005835984,5.1035230560600295,-2.032316490824584
agm005836124,12.501715080067191,4.698782834395127
agm005836184,7.332570137877304,2.321238904371942
agm005836201,7.374986395242722,1.9458477267305476
agm005836257,6.592114343218697,-0.35626486352604364
agm005836568,7.407588401936916,1.3503045244654952
agm005837175,15.976504520958255,7.929041670550847
agm005837329,13.17991142659314,3.7899157015285168
agm005837881,15.861364591831517,5.436424644116316
agm005838058,17.97199701625985,12.175475033069194
agm005838126,13.811535093110516,8.983538812836244
agm005838987,15.49404524171619,10.959512743720424
agm005839159,9.741517744740625,-0.026598729221125456
agm005839174,11.825276993916143,1.5498737654565684
agm005839257,13.873597122896976,1.396870130090086
agm005839399,7.849344415849506,-0.43459298276221714
agm005839515,11.68673953432277,4.659794364035479
agm005839972,10.664302274934576,-2.1930856430778554
agm005840376,11.357212185631312,2.033935433189882
agm005840605,12.12281007422768,-0.6985300608555072
agm005840607,15.582884331177956,9.794488309940604
agm005840615,13.466409024671293,4.784087722474077
agm005840744,10.720241314947776,-1.8866919514673188
agm005840839,11.360324807745839,1.1741714454195933
agm005840892,12.971027285441414,1.4506758806975786
agm005840915,12.96403219181339,2.147312643380566
agm005840973,11.84622185561478,0.234074475118625
agm005841088,11.04489400817301,4.2320605345668305
agm005841146,15.063364740064383,11.336205015299692
agm005841149,13.127694129136435,2.7530806312731664
agm005841184,13.220500833394553,2.814735522790206
agm005841275,9.080276989606308,0.8822271288664112
agm005841332,13.433940388859478,8.832989975995645
agm005841419,14.068838678915867,0.34145244256056867
agm005841496,13.861148845558043,0.7021174179083319
agm005841566,11.30541215566998,3.862031681458137
agm005841887,14.5808582660484,9.525557287783396
agm005841908,13.810448977454433,0.1987081665577565
agm005842217,18.32031377430307,10.804160843881096
agm005842289,12.952012877622408,-1.128963890916071
agm005842310,11.61264548953749,0.6401274015636306
agm005842403,13.741248026725364,-0.5676084919725627
agm005842584,13.254622029191163,6.323017822780709
agm005842618,14.225503496289562,8.878992596293216
agm005842636,10.596510845850458,0.39711849977266783
agm005842750,12.115806272943315,-0.05650103815857458
agm005842812,11.928839299710782,2.5035672073118023
agm005843054,12.576448376582308,-0.5438753906251167
agm005843133,11.693325411229416,3.8273984194415043
agm005843158,11.95443184198556,4.010219285268068
agm005843320,11.212293239128018,4.090562018794756
agm005843702,10.042291839630858,0.9867770507135157
agm005844093,15.205101486958412,5.4897229306310535
agm005844163,10.878858890862519,-1.8154190453485402
agm005844179,13.949350352025737,3.4897213149345987
agm005844427,13.55614078055565,0.9741919327759696
agm005844602,14.476594024970579,9.656420120007239
agm005844830,12.637974566401141,0.08253575329650431
agm005844836,15.54796045310564,8.0765460064133
agm005844868,11.536780359927478,2.687550993682612
agm005844958,9.925248238181611,-3.3147933522922854
agm005845103,13.646141659530912,0.6569968466031865
agm005845129,13.86568572476538,0.863075310477709
agm005845149,14.701847409715375,6.486311133575062
agm005845166,14.898039758687887,6.696754002153416
agm005845246,10.712094146247336,-2.993034338465461
agm005845272,14.953176534927746,6.053226158299184
agm005845329,11.323752519679752,-1.2560667568696786
agm005845518,17.07904547918994,9.528406823042044
agm005845687,13.125184393198708,3.985985816294675
agm005845707,15.602970580685872,8.697978272550012
agm005845791,14.445293052101347,0.5939777419944576
agm005845870,15.517925007315347,7.001926438337991
agm005846178,13.584008393940557,0.9630280695884667
agm005846384,13.751882727713536,3.606055050346819
agm005846447,14.221262906182792,8.549255127640736
agm005846554,11.82215259641125,4.633920742758233
agm005846624,13.366465896121975,5.566059959655033
agm005846627,13.486548036306859,0.04484870267826343
agm005846972,10.274479250678512,-3.462220811469257
agm005847037,15.316801697821166,8.594235908081162
agm005847115,13.27943688007965,0.21263056158604718
agm005847278,13.332994135925121,-1.6171936322899103
agm005847333,11.457312489986899,1.013823980028694
agm005847547,16.865753706059966,8.501925293994937
agm005847763,11.779086216290262,-0.7674141210351865
agm005848653,11.406021666348297,0.5955396067930879
agm005848893,12.069006496907301,3.654764175630232
agm005848930,12.298782843224815,3.987379375290233
agm005849433,12.44152859443283,2.699025548421725
agm005850074,6.959076667884953,1.072325317070606
agm005850334,10.955697844823401,3.7017697560696305
agm005851911,11.236510481442805,4.488518978698274
agm005852563,12.24949557883632,5.620098396584477
agm005853391,14.169476067494466,5.051783200549952
agm005853558,8.601779414274162,0.3069258164768449
agm005853805,8.550527767797442,-0.37428818042860473
agm005854203,14.6677439815253,8.826032581867505
agm005855236,14.329430333492983,3.5268843681532944
agm005855260,13.849766707649156,3.62258091887479
agm005857153,15.20677528908214,10.314854587963545
agm005857568,10.76584329863605,4.158569541351047
agm005858376,10.852695953072788,2.9715620453325564
agm005859178,13.059906216252944,7.179891277845547
agm005859459,14.742264079396335,10.101144155718304
agm005860117,11.916931466225526,1.0909565342152316
agm005860125,11.885592936365212,1.3878835566291936
agm005860319,11.8923281519186,0.7593257101935281
agm005861058,16.97650512451961,8.191769594577485
agm005862598,10.51694706743609,-0.299215779214047
agm005863937,12.309091502078408,4.287777602216152
agm005863960,15.561867976464264,9.256485795090905
agm005865564,14.086790992370096,6.336738981588077
agm005867674,14.066496506328605,5.778649414853793
agm005869357,9.362169059747307,1.217359228048057
agm005869431,15.979481707783412,7.726710075261305
agm005870004,13.979742151383647,8.653581280718335
agm005870626,15.637875893665676,3.9241785370740145
agm005871461,15.059220755910847,10.98068980998282
agm005871482,14.457065154642507,2.5431307050291636
agm005871991,11.305574050459098,0.06688749406696104
agm005872767,8.016672827031227,-1.7024651863357783
agm005872868,12.34252498582706,-0.6923932825651093
agm005872917,15.92362234536599,8.598259753105733
agm005872922,15.34076875011297,8.138900267561713
agm005873533,11.672185811175707,6.8032222013949415
agm005873667,15.008256836996036,9.473501190314424
agm005873811,15.138716060976009,8.060402645160588
agm005873863,9.122466454464229,-0.23246105298221428
agm005874133,14.399757034688745,7.36894658020899
agm005874660,9.254786301974914,2.542894088892658
agm005880011,12.481390961353766,2.616869726320067
agm005880071,15.72501367567849,6.272823780914025
agm005885787,10.969790049984601,-0.29520017824417505
agm005887875,12.3663878388989,2.925224687117447
agm005889108,12.421638393828925,5.9332793685497265
agm005889608,16.897014355451045,6.011645028320789
agm005889835,16.42161606282167,6.3864201877552995
agm005890309,17.20359120296806,7.866825686726671
agm005890346,16.691317810213505,7.154290403702787
agm005890499,15.332993654084651,4.280898656000548
agm005890660,17.136025230094486,7.964289409157274
agm005890673,16.593834135405007,7.50772677052705
agm005890866,17.080847084024395,7.746355986844482
agm005891401,17.725009146856184,9.106787687513325
agm005891419,17.773188466929984,9.127429240356092
agm005891906,18.078367891874368,8.828495426036207
agm005891937,17.18419154868631,8.242457509995686
agm005892036,18.75141959491088,9.220282882714855
agm005892166,17.85616147808434,8.642513970192795
agm005892258,17.96039853924418,8.694759264197401
agm005892870,13.223925724212393,-2.4911909713432756
agm005893875,14.185229781868747,6.876191408957252
agm005894750,14.495031033913568,7.455059946568134
agm005894769,13.799304444718791,7.047221936376471
agm005896020,12.609838751040783,5.810382435159694
agm005897429,16.98513417679615,9.029015649836584
agm005897791,10.121400706080557,2.0469186333684015
agm005898686,14.06853477057604,5.200859137490899
agm005899816,12.655317741594079,3.963380806109808
agm005901596,15.427459431021509,7.041900674234323
agm005903358,12.811515114796723,5.748767123244583
agm005904311,14.023500602836014,6.005018781828776
agm005905659,11.111243361828885,1.4800647861238083
agm005906452,14.71392054864149,6.050211925267596
agm005906505,14.366575760270779,6.669672067953461
agm005906609,17.05890368203457,6.602660195917763
agm005906860,13.868696791255138,2.2725461722468956
agm005906936,14.434817162260316,3.6815954710487895
agm005906955,15.820869497163459,9.07919306420659
agm005907060,15.988660618259606,8.897856453923767
agm005907070,15.388755531944147,8.191261812940771
agm005907111,17.493940375229148,10.745553735854722
agm005907220,15.442110766736484,7.682219120213579
agm005907305,13.542320858341355,2.047733523249825
agm005907604,14.671689395407144,7.1595796053647796
agm005907820,13.235823401683227,4.897682449069607
agm005907952,15.741269475551228,7.86237563784638
agm005908029,15.107821029258574,7.577877937560405
agm005908170,14.937326034346926,7.4676934563218085
agm005908360,16.211449938370404,8.302496351793154
agm005908417,16.012213801706892,8.47637278858623
agm005908519,14.522780713419488,7.196467204456703
agm005908539,15.434755562684709,7.821628575243871
agm005908570,14.675091919237815,7.237363840339491
agm005908735,10.51075306069092,6.634800084966952
agm005908886,10.11566904597721,-0.929134983804812
agm005908942,17.03317058754565,7.628580367856431
agm005908976,13.821443337045322,6.551082696266456
agm005909249,17.17530580713935,10.322208732942377
agm005909257,15.415441322109272,8.339255256949434
agm005909621,14.332410396372154,7.323196758252937
agm005909659,14.875223158510105,8.0690527456611
agm005909864,15.0347182732759,7.664092763138438
agm005910001,15.125838710418934,7.7788239752930375
agm005910014,12.031070311138825,5.618625625622836
agm005910020,17.275437221103825,9.3327353644745
agm005910273,14.69386462725477,7.7065813009436965
agm005910503,14.130898890139674,1.9072641012227354
agm005910587,16.73883806964859,8.933487049169287
agm005910599,17.07787337475086,9.121096394293303
agm005910763,15.96339100078852,7.967433482065207
agm005910984,14.923359689076767,7.442062458337289
agm005911136,15.613573025071405,7.320404634507974
agm005911184,15.148079275695475,7.0048849462582785
agm005911198,14.513773588993148,7.07512147171046
agm005911217,14.590579542124102,7.152935732759417
agm005911233,18.08560601620356,10.910839051570646
agm005911238,16.155305224404554,8.514343486442844
agm005911254,16.083738866517734,8.531684454475647
agm005911350,15.224528317338866,8.014475806165247
agm005911768,15.26713661695329,8.046993881161224
agm005912660,12.858434616865296,2.29094374268805
agm005912820,11.263982758100154,0.4740324481696412
agm005913767,14.429896048841885,6.0288152057539515
agm005913768,8.726200956588254,-1.874279559125695
agm005913782,13.756259942694369,4.943099532036552
agm005913810,10.307163384109572,3.526609030716604
agm005915138,17.07865510141279,7.6385028099672265
agm005915563,11.898887718308595,3.158615004022822
agm005917845,12.224848014126815,3.4993978622639985
agm005918172,14.178851075240294,5.3195673111283375
agm005918230,14.483931986894573,5.003566248184105
agm005918235,14.602341895976116,3.9641298701537524
agm005920035,12.976613357404105,6.986082627236733
agm005920143,17.750427062438042,11.394524878797618
agm005920174,11.941545791121237,6.471722365551339
agm005920861,13.126908870825744,0.17729601695302458
agm005921498,16.087568909531175,8.075317101967894
agm005921526,18.54896108897975,11.470546977999803
agm005922134,12.894080899372051,3.0896152845251024
agm005922224,15.45617921839876,7.931945677829901
agm005922304,12.588589271738286,2.1048204733659945
agm005922505,14.691777495563176,5.954067926249013
agm005923438,11.51858759353942,1.1678426650233065
agm005925240,12.860764438951998,4.286583160227643
agm005925277,14.041348440610411,6.220760386109781
agm005925301,13.054493548325112,-2.996621275348531
agm005925556,14.781411755880162,6.658321604122603
agm005925670,13.50781154404433,4.778924682071543
agm005925683,14.808222986703674,6.53561818283264
agm005925810,14.167146231013273,6.242100029620912
agm005926294,13.908892947800393,6.52298215895806
agm005926523,14.881692567956279,7.385385498125379
agm005926644,14.582373266309764,7.221933536826898
agm005926693,15.073076958043776,7.5883801099708394
agm005926731,14.758024698734696,7.362855639319333
agm005926796,10.676362065218031,1.1510936059876145
agm005926811,13.864052323997507,10.209906685036653
agm005926930,15.314836259884803,7.994077579536217
agm005926986,15.196238374760949,7.928954290025817
agm005927101,15.001805829783331,7.742071791258593
agm005927199,15.403265095102117,6.818473417669075
agm005927659,13.563022773646896,0.4287229561787399
agm005927748,12.20536677003766,5.6204615874131765
agm005927765,12.918629110243543,3.360741897572056
agm005927847,16.009663402557255,7.502578812549849
agm005928127,16.39253556465162,8.82297620534856
agm005928272,15.625489847801635,8.332690946936514
agm005928287,16.362625422410552,8.7967630545212
agm005928304,15.812295122695442,8.42733815048975
agm005928352,16.785408659432477,7.861770650042606
agm005930089,15.901120954142867,8.148069070985722
agm005930593,7.171970858865132,0.4020448513196982
agm005930808,12.808114779979842,-0.38555658433252804
agm005931994,11.212180506562449,5.323587461511341
agm005932597,11.374799337357524,-0.10306186218403823
agm005932741,10.64280362249293,1.3965290191771729
agm005933040,13.997369689100003,5.432892052735039
agm005933131,13.960467030358467,5.612485452937097
agm005933229,15.5194324840515,8.141928337228807
agm005933259,14.407134304438195,7.5570596649499215
agm005933278,14.531816698173921,7.623900960270425
agm005933313,12.221371995324672,4.811192764236737
agm005933324,16.886023394377478,12.051461168841533
agm005933663,14.72882641738137,7.189282695806514
agm005933669,14.2514468500236,6.91517910519109
agm005933729,13.39865242502997,6.407953353044295
agm005933813,11.160625303314987,2.1746346753347616
agm005934095,14.33049237889457,7.222492135100082
agm005934098,13.95395106919387,2.335331326195386
agm005934107,14.041193403910716,3.409246294474458
agm005934800,15.335351084169249,8.19649008648964
agm005935726,14.10335851292515,1.5358108082043185
agm005937019,13.266360133087739,3.4492632892852626
agm005937123,12.514126043429881,5.601469715520645
agm005938182,11.70172777589814,4.26255634740866
agm005938437,10.009365956947269,-0.1850359523364157
agm005938558,8.85997769920539,-1.1535155068279
agm005938677,9.089969941748258,-1.0232960983512538
agm005938690,8.659449061697819,-1.381130778088495
agm005939227,11.280222832846562,-0.01627456217915153
agm005939355,15.53478740114912,4.0638297484295665
agm005939578,11.64084148684795,4.308519034577815
agm005940104,16.065733727054564,3.720656020706605
agm005942162,13.707029908210274,3.7628621139022966
agm005944335,14.271204038938901,7.1365323635051015
agm005947483,15.26742010925481,3.0603204342951202
agm005947570,14.318123167980321,1.4645672858899346
agm005949803,12.780951100954866,3.9039787436030564
agm005950105,12.729766911640468,4.5660750538823835
agm005950177,13.936027370126215,6.217749973930415
agm005950314,11.415397574579497,2.705752804699151
agm005955974,14.91427059617933,2.9387272981408588
agm005956255,12.872049663884166,3.3118713962801207
agm005956505,9.868355908224668,3.667595298989822
agm005956720,9.98949454882529,3.7364188900440416
agm005956956,14.527780295628315,2.8865451211471607
agm005957118,14.82849701172413,-0.27898492232107513
agm005958042,13.481503328838272,7.3201694474928
agm005958548,8.72646969530852,1.4167329009543081
agm005958612,5.661780799827826,-0.5466039691047847
agm005958793,15.097489830040022,8.798568674475149
agm005959307,12.127761875994896,4.604568367287565
agm005959732,15.488042079105607,2.6919579953410873
agm005960128,15.51765258007739,3.4402512756756862
agm005963512,12.494517894269762,6.848647183956368
agm005965254,13.137996266757165,6.274591489727525
agm005965295,11.83253624525089,3.087361202201926
agm005965482,14.767173178844207,9.102105252827311
agm005972045,15.399306791459727,6.666814987886241
agm005972058,16.248961740156556,9.62066629824322
agm005972133,13.66386329175872,6.0394089344395825
agm005972172,12.768226913157484,4.670418186280896
agm005972311,14.246432207674863,6.761333224705209
agm005972584,12.1849271465645,4.3284069212997185
agm005972626,12.841508140840048,4.152244149017098
agm005972680,14.116242054591314,6.092572060825144
agm005973134,12.093756114523593,3.9780259522437107
agm005973181,13.348488145034514,7.547515197259797
agm005973259,15.118418877922528,8.384912179385566
agm005974023,14.723543901899166,6.523790816517921
agm006185041,17.917476076029963,12.58585529962676
agm006244508,5.560943250868204,-0.9500043112075858
agm006244514,7.641667878626814,0.8232702582179939
agm006250425,4.866277375721916,-1.8402521751719623
agm006375724,5.731315353585666,-0.3260898086957951
agm006380137,8.44256649289166,5.096189594823255
agm006380305,9.475957949733358,6.237205947446882
agm006381615,7.329019767209037,1.299546746076519
agm006387056,10.67452726768608,3.0258423261595433
agm006391904,10.481045467589357,3.2308626241559715
agm006405482,8.492587417823406,-2.2998984699118097
agm006419766,13.430524074853082,8.962479629368836
agm006421402,7.840046765944446,-0.25308685429866884
agm006464260,11.828050481375444,5.592942298477986
agm006471507,9.220537150566914,2.2161513151424246
agm006498905,8.828815752699615,1.9846551658151708
agm006527518,10.80033433968134,2.7988704893271956
agm006616162,6.092921470948541,-1.6015460127947732
agm006617266,12.49947568377597,7.738974556045211
agm006620029,11.32307846906145,0.9425182965577777
agm006631948,6.3048625998822985,-1.2805493721338603
agm006632236,6.053780185739831,-1.8833044330163726
agm006633476,7.125848252203376,0.6744005218947446
agm006668187,9.645539208521203,0.784410321145708
agm006675001,6.32873289554092,-3.7591255066962077
agm006675723,10.72246529432658,3.8831278108047216
agm006676269,8.71489063366677,-0.11986645978558859
agm006716390,8.985224474229682,-0.2252614920025581
agm006716895,10.35550333598724,2.7224554919079913
agm006716973,10.43093583214756,3.430998265472997
agm006824546,8.255021042441504,-1.3874373671039906
agm006907774,10.926679614570327,5.141601917496281
agm006912301,10.986923831723415,1.8138472731894832
agm006912508,10.634321427700128,1.411835804248059
agm006940460,9.770247107785869,0.6200927488797987
agm006979682,10.338411523986073,0.7380575345694034
agm006982603,10.85055270225142,2.761716159751819
agm006982826,9.172392329896356,-1.4243819967974762
agm006983364,10.617955766416955,1.6886215000595506
agm006993993,9.107618592838085,1.2560832759691323
agm007043693,11.159736647094954,3.2179805095511833
agm007044399,9.933455330341085,1.231175618523304
agm007044488,10.697482990273187,2.553012498651854
agm007044521,10.29374387458125,2.060140732818713
agm007045279,10.699986046528625,3.470823581868313
agm007049514,12.911511811475236,5.928205337363641
agm007056727,10.609069276322336,2.3814974211030817
agm007075807,10.70504245386961,0.5147252782930627
agm007076130,11.67835850611634,5.689170152016468
agm007076918,8.661795256833402,-0.33610271442579176
agm007080800,8.744106385681244,0.558117768508815
agm007081128,12.404042450611545,3.5063853607680997
agm007100780,11.187260576281053,5.509728629647117
agm007288464,8.67560448913941,-0.5363922273717009
agm007305751,11.853147125659728,3.799315315250773
agm007308847,12.095772243335345,2.495108448078723
agm007309702,11.990860204675693,3.606814850819913
agm007323518,12.11762764758075,6.344075331876946
agm007381324,9.80555346698527,0.8679850725258174
agm007383408,6.891253518514669,0.6627840019872524
agm007385582,8.942223775983791,4.276753635171085
agm007532809,10.700930124241424,1.5343572410657522
agm007533558,11.542806807179591,2.655930930150289
agm007534159,9.085662204065967,-1.077546768130543
agm007534170,10.454927315643683,-0.5742780665345624
agm007534307,11.852850259690175,0.8015732443161596
agm007549370,10.328679046515532,3.267275466355942
agm007553548,9.91891317698099,0.09590511998846196
agm007584816,10.014060762496564,2.6176417023997605
agm007590735,8.676857650922852,3.1988591100378043
agm007590751,10.7650139222147,5.081015901897257
agm007593545,10.548435598008261,5.938271056705566
agm007836839,15.30090209189953,7.85842180419358
agm007837299,15.045064619148025,7.6226557121990925
agm007841331,16.169149292771003,8.193670996149446
agm007857457,14.428062108213172,2.984598739632446
agm007872444,16.360018301037908,11.068884024429526
agm007891523,13.493259363388983,7.654713741870492
agm007899943,11.869426307110722,-1.4002652297278986
agm007905760,17.286984408319288,12.241860518119726
agm007939000,15.878854809017483,7.3240598909873285
agm007939455,15.974638676754509,8.131704387954944
agm007943225,16.38459590355982,8.489430456300928
agm007943412,15.347919420219265,7.879925076463406
agm007943979,13.364229666219973,5.9934110103752385
agm007953709,11.884731753890614,1.2905556079244918
agm007955303,16.577098282620675,12.845746992233401
agm007955453,15.072704085231535,6.853942135093118
agm007955593,16.473091003740432,8.238131131096555
agm007955598,16.17171190398451,8.0995698068302
agm007956468,15.014894518514543,7.62261983904869
agm007956545,15.145712770161683,7.050573919281935
agm007956576,15.56737037180586,8.067783649687986
agm007956722,15.036989204479017,7.6226575108747365
agm007975486,14.914858654780101,7.547722179309988
agm007979304,13.537656943220483,-1.3731652871154285
agm007998851,10.229373777483731,2.445166129770404
agm007998893,12.282744350716165,-0.09550704100808598
agm007999104,15.931003413913226,8.280484839454482
agm007999154,15.479801636071555,7.996403974131005
agm007999225,14.913016292404622,7.553645431138225
agm008001808,12.258037165435104,8.037790065418859
agm008003242,15.13476576489831,7.701035728542442
agm008004413,12.53496738286091,4.514938767343207
agm008010851,9.732809568281313,-0.9738362882379322
agm008012955,15.218644620045213,7.2786360882267855
agm008014034,14.233867073927549,8.00071889021404
agm008015918,16.003756977170113,7.3931304658477535
agm008016287,15.691779652299195,8.160848117196723
agm008020423,14.967507054518471,5.716706621698152
agm008021582,15.832613678472898,10.623324543884278
agm008021714,15.04550918392648,10.961806192624596
agm008021786,16.445731432518865,6.931955063608828
agm008022428,16.88396657753278,7.180166234025726
agm008023310,11.482385249154015,-1.5622308851559101
agm008023384,13.594967844494256,2.495936790200561
agm008024720,15.418841714792336,6.7685927939532995
agm008029827,7.746297055218357,4.3043394867676135
agm008031180,13.84473047984988,8.317659462697716
agm008032343,11.015285855650063,1.6178965276359065
agm008032367,11.875873577261862,2.8451195041883146
agm008032389,12.354511553361508,2.6512399351192135
agm008032450,16.20773266445062,8.63055029381331
agm008033151,15.804410589878623,8.129946914594996
agm008034326,15.433141744988705,7.728898900525696
agm008036097,16.160600960104844,9.922551893851539
agm008037988,16.664802604597902,14.258820676697034
agm008042403,14.775774784048819,9.319260985646554
agm008042460,16.232804857220508,8.405569643541941
agm008045481,15.503637580293946,7.9924516958209715
agm008045564,15.524342639562839,8.056214201592152
agm008047555,15.7166695154479,7.823844403386633
agm008047717,12.819946735743926,5.000701848837131
agm008048072,15.329151966725956,7.85624731820442
agm008049199,12.199034449478424,1.8617375861043282
agm008049815,13.569887751871873,-1.6520996832722463
agm008049952,13.658441895713866,-0.16497555709866418
agm008050601,12.71143580748759,6.023443696400258
agm008051615,11.506834479984413,-0.6201558424620531
agm008052549,15.258865275558236,6.775392354852117
agm008060396,16.594582081026367,8.344474424223101
agm008061010,15.089466317046314,7.68214480132427
agm008061071,15.577036613087856,7.906435619962647
agm008062538,15.924835218321197,7.372145596280508
agm008062985,16.215507802795845,8.092491528598533
agm008063638,15.08804853601217,7.689011483998286
agm008072144,15.824168472061352,11.987791642027602
agm008073622,15.25559251476408,7.7596698359297935
agm008073719,15.604111611888147,8.092840896061668
agm008073831,16.066034127059925,8.31335392976762
agm008073960,16.0513044978744,8.297607531306506
agm008074129,14.76066226873454,7.472589611449473
agm008074199,15.199292015709641,7.771281231874386
agm008074355,9.660575877931068,-2.566123440171623
agm008076156,15.332635162992554,7.861680063472095
agm008076716,16.884295284005628,8.63644859068459
agm008078054,13.445247366890616,4.755336161823291
agm008078715,8.334899107172408,-0.2544194738368738
agm008081407,15.035766175817868,7.614054572069175
agm008083608,14.309949521554296,8.353117182457073
agm008084858,13.257850426504897,5.46382175253804
agm008085817,16.73217428754482,8.582394351463197
agm008088625,15.710359605942646,12.636470436812234
agm008089403,15.437438943234772,7.957425813125743
agm008089523,15.189608681968725,7.773612728864637
agm008091246,17.909856971329866,10.829688247435664
agm008091258,17.874079320211607,10.811040064161581
agm008091491,12.021933866313557,9.8087297992781
agm008094241,13.232488265741262,-1.859491927078355
agm008094354,11.421314185394886,0.10425843739720904
agm008095392,15.95838523114089,7.856171916161269
agm008095431,16.045082446123615,8.303620834930307
agm008095483,15.514357328265227,7.627552537236861
agm008099709,16.903332795305154,9.752845946419194
agm008100736,13.069684087638787,8.739632984915868
agm008107755,13.113337123139704,-1.669704642855777
agm008107897,13.138719048050785,-0.8777371555659215
agm008108716,12.62646112392726,-3.2884515655679096
agm008109249,10.30303442061128,-2.1943486121887235
agm008111726,15.92252258150046,11.635861832410225
agm008111762,14.016553258479988,9.232787178063829
agm008118541,16.1560200146285,8.398559421692239
agm008123339,14.415197136068485,2.051916192979094
agm008134744,15.166059434375443,7.717013237518308
agm008135991,11.589907752457657,-1.9630460062029087
agm008138810,16.1691262829703,8.121845594318838
agm008139018,15.094329856062638,6.634292640007718
agm008140436,15.504652371523656,7.989717018898973
agm008140633,15.00766098162304,7.613187049103483
agm008141670,11.941126734519456,3.4767591870742884
agm008143940,15.520998325920353,8.018409357845004
agm008144658,15.137239602536289,7.734477202213338
agm008146668,11.824983463314473,7.826268348641869
agm008147758,13.368077153767496,10.707697239726826
agm008148637,10.258283988407,-2.1518036119316286
agm008152052,16.725404601657214,8.58921288052479
agm008152131,15.233710792819485,7.76613836409107
agm008152185,16.324436483101977,8.137045555991905
agm008152303,15.140707420718684,7.734262385622859
agm008153544,10.083322360746898,4.776112840239544
agm008159153,13.006835120479485,4.182332408424791
agm008159848,13.878653827099718,-0.1821798136584185
agm008159901,13.39939905683613,-0.24026466084331588
agm008160735,12.014819659292653,-0.8226906217203549
agm008161821,11.874847477807153,5.836994150404936
agm008168424,16.028112944661128,8.298900203670977
agm008175934,13.048974555194796,-0.39662230556913275
agm008194169,13.546787047389088,-0.3559851212799134
agm008199382,14.11358904622967,10.018842310351006
agm008203900,16.399911231998974,10.068766743076305
agm008205227,15.28036405623586,7.806610374818715
agm008205935,15.592179034610131,8.069893098399506
agm008215645,14.696761894027576,6.951049678267733
agm008216416,15.239681005374882,6.515822370170063
agm008218537,9.23272823653899,1.847732458820829
agm008225828,16.401603284128452,8.167013974045675
agm008245098,10.716522862499547,5.120141015969726
agm008252295,16.833884104524177,5.8769034031817275
agm008253035,15.14057070842385,7.714566015768139
agm008253117,15.22224093902887,7.7861416783688435
agm008259123,12.07876014944555,5.827153495112253
agm009628081,13.89081371507619,2.1773826893665564
agm009902156,12.940767916123415,-2.2950457831310853
agm010132175,14.430176786873668,6.535065810885354
agm010132331,15.540747271740438,7.414159485638091
agm010139614,15.40425172607872,7.926864785308328
agm010143864,15.533479237565297,10.684421910194189
agm010152592,16.163476497670537,8.933199408343226
agm010154292,14.79890320878643,7.503922710160199
agm010154546,11.802873928413012,1.1520299657128479
agm010158754,11.185984063878117,2.3346579255229805
agm010163645,10.088652558754768,-1.3658368264986969
agm010165822,15.379271130833482,7.134201489060622
agm010167437,14.392571238724576,8.409603136820929
agm010170525,15.142580725490868,7.71456315016865
agm010171452,15.442213378128361,9.165807219496317
agm010174870,15.286739773146886,7.82124264435284
agm010176768,16.04663213341718,8.271901840148294
agm010181312,14.943666522754027,6.404566247616949
agm010182303,16.56761272047055,8.236122912174936
agm010182397,14.796361098729534,6.336292132510234
agm010182911,15.412221328197253,7.9352046158790355
agm010184473,8.251683461052826,-1.5646433548255267
agm010184881,15.374966053295736,7.955824392251332
agm010185167,15.871847217453922,7.9747633391691455
agm010185701,14.360945929121348,-1.6341818129791175
agm010186039,15.203981448071188,7.7682269543630165
agm010186361,15.798495477542913,7.906275824848039
agm010187722,15.296802095299341,7.785242775290632
agm010188473,15.995526713469516,8.004747912162816
agm010188609,15.80069386254151,8.111285787214777
agm010190999,15.138455284692458,6.5267410696834265
agm010191080,13.44090383562389,3.8815649621552537
agm010192263,14.973614361981566,7.579736782745371
agm010192272,14.988123513053376,7.311430018087118
agm010192480,15.572372521131305,8.061745966205725
agm010192624,16.453505894568522,8.274001626049587
agm010193584,15.81654284340567,8.150349171493552
agm010193744,15.044771820543152,7.6204869110768865
agm010194062,15.064182175363767,7.629540726405452
agm010195028,14.955853085128542,7.600963895878023
agm010195165,11.614870462523172,0.8663505626218017
agm010195412,12.286184820062296,5.583555022999086
agm010195919,16.705867199579366,8.615619832710596
agm010196620,16.48691929956156,8.209532345854118
agm010196640,13.41447051661081,3.7467623293459895
agm010196743,14.982600519075651,7.573992961833807
agm010196937,15.132333737160199,7.70028584166284
agm010197421,15.15620172113266,6.947919653165307
agm010197690,15.059715699289928,6.854375480290599
agm010198733,15.502098772801691,7.9627247348495995
agm010200197,16.709656813278468,8.616785560214923
agm010200779,16.83330396459248,9.52019851580294
agm010200959,15.849459332955606,7.9730474966173634
agm010200976,16.300188113251345,8.40903030240118
agm010201574,12.746353410901383,7.001588989594495
agm010201872,15.915223609685825,8.260113494675418
agm010201952,17.559862164293595,12.076687398419978
agm010203349,16.072406839226414,8.349425719965174
agm010203617,15.065004122038516,9.254972265623195
agm010204294,12.822807585109686,5.006530076006793
agm010205616,15.892503477212662,7.822636807999583
agm010206631,15.957874624043429,8.238320569645733
agm010206765,11.877963290762574,4.786545769364075
agm010208359,12.83773027363857,5.042157231625772
agm010208499,15.967788124929905,7.9917743828429915
agm010210562,15.591832940820993,6.667793640448562
agm010211755,15.528263774161607,7.636170746140536
agm010213342,15.35569988032961,7.83901989503005
agm010213876,10.976534498959843,5.76958422518524
agm010216264,12.225107968018664,3.9639622479360406
agm010216324,12.090010576103545,-3.403956222900194
agm010216555,10.63781085793527,-2.4338405610526324
agm010216878,17.450036992192132,11.335335243514905
agm011088416,15.604019955292978,8.936650990455057
agm011089396,14.504413994079533,7.466828347540774
agm011090087,13.096968707264017,6.452280190200966
agm011090679,13.278215818807018,6.81994055701647
agm011090743,14.01781291651442,7.523319393158131
agm011090856,15.801377073020879,8.976298233174957
agm011138262,13.159923208522128,9.143169464316133
agm011138351,8.424548089971115,3.9578430039879904
agm011441659,15.11123070759647,7.675845869988894
agm011468141,15.498849476259304,7.849042997877627
agm011473752,16.096088005655005,8.034685718713536
agm011600447,14.658494322823678,6.891971018642781
agm011696424,13.018347164758199,5.821384752228106
agm012004566,11.879510442226849,-1.4598639993405471
agm012021056,14.687242446583195,8.178121450269018
agm012103479,11.444065830063282,-0.9533609168663529
agm012110299,15.02136670635872,8.497209743794299
agm012113023,10.7995379631574,0.3689092171396264
agm012122720,11.343505853394424,0.19002898733770598
agm012192686,15.35474587929234,8.02211484340942
agm012310534,16.082423271635296,9.687806169120046
agm012332217,14.489096511516415,3.7541222638769205
agm012401136,14.773534800029603,5.327450185479608
agm012403874,14.162818831914084,7.1454318325147455
agm012413505,11.5154410086298,0.4162891826062077
agm012521189,13.599725123221612,3.2838302393093435
agm012560804,10.338986903836789,1.5287914142876862
agm012567960,11.852135613528358,3.012522937771118
agm012640057,15.27039831512586,6.77598302057623
agm012737521,16.824837615312557,6.106182616656579
agm012767450,12.01713991545612,3.379494249901794
agm012779727,10.542354023003437,1.4160928060397318
agm012854090,13.583892643777078,8.441171081345066
agm012908513,15.04413141104795,5.022157999369374
agm012923806,13.995026958175837,4.262650461921822
agm012977330,11.876417464180976,10.28194369002798
agm013160744,14.739839917679268,4.396756929315547
agm013173269,10.299442225342007,4.087292537799933
agm013220847,15.810463885237375,7.763922092868149
agm013349247,9.901541984323003,2.5925857751374792
agm013362151,13.937294228636896,5.062944714672169
agm013386778,15.377014809041377,7.639860089385288
agm013462024,10.840433565900868,2.3107151503184937
agm013688730,13.992248993359754,8.26195204453577
agm013852420,15.206470200350877,7.045329723143271
agm013873763,11.514438747430095,-1.197485641110846
agm013916012,14.169128112763834,8.330405374033992
agm013938164,13.114711006355979,7.705503224663107
agm013975329,17.402182760490753,6.6020022346520575
agm014137181,16.679900535069315,8.480399469459302
agm014170057,10.641043428964704,-0.45419831001927946
agm014179099,15.798201962599583,8.024540884674584
agm014193852,10.813647711753285,-0.28268773993724494
agm014199315,14.062919451689329,1.272014441556911
agm014304090,16.166091760558874,8.443426033371662
agm014345390,12.806017476313562,1.6414226507131588
agm014407251,12.637703739487115,4.4012623742882155
agm014432366,15.860717659332533,7.365377817088624
agm014479225,15.594619407494893,7.086875796868686
agm014524328,11.23605269016596,2.380263328014562
agm014578292,16.151204629111692,8.246042938616911
agm014599556,12.600428770113343,6.889484143488842
agm014713500,10.606260017886004,0.12871564108183145
agm014777643,13.91109076434371,1.0775308080420896
agm014793546,10.064712707210386,-0.34194223676547536
agm014808984,11.476993398864622,3.8398159518893196
agm014853698,11.675696628646405,2.456654505658436
agm014869037,12.119692605059916,3.4655650970769942
agm014915092,13.486544812202514,7.4535240140098535
agm015170817,9.26972622294682,0.4722540892883463
agm015201282,14.678768364440028,3.013622902027342
agm015207847,15.578899789624277,7.711810839175437
agm015219380,12.728725805443029,4.135230963967415
agm015374207,12.930695462873464,-1.1392879888725602
agm015386376,9.139268454444887,-0.9994342947841517
agm015510645,15.53147751622357,7.0601519804031305
agm015601434,16.959135063714633,7.297494395402918
agm015603685,15.356141759306242,8.715332020287066
agm015725705,14.901601559343582,6.25734413310897
agm015775660,16.25295309465806,9.318424833424352
agm015788544,13.519926047172625,5.95560948269522
agm016203725,11.341177255486334,0.7317954750649728
agm016261994,13.895744120691594,3.224708269572028
agm016452139,10.803386957609739,-0.46191431548741235
agm016488082,13.518248285883786,6.934652924589225
agm016520661,9.957745510113181,-2.5928633455499934
agm016692370,10.56264489312487,2.0262991802252714
agm017108216,12.916464754538888,-1.4119697658247656
agm017358307,14.417509006180284,4.190082222142732
agm017383628,13.587919107729785,2.8234925250842577
agm017578893,12.755251715514833,5.93652678821542
agm017787461,15.139138813923404,8.278301534366047
agm017910208,12.638900433876913,4.966667139270284
agm018237147,12.574519838978338,3.803806447063257
agm018312543,12.041615250401838,0.3392880060556216
agm018630176,13.781262016243902,3.0465030355418308
agm018672718,11.812109182281969,5.558554045538448
agm018846712,10.558565029400341,-0.6933124458159862
agm019052755,13.113564153437707,3.934689968925918
agm019058405,14.439777081660827,6.267213204177633
agm019277158,13.517408443867552,2.799674168201238
agm019325283,15.579865995985958,8.463487830405539
agm019327468,14.178851021471148,2.633684073426032
agm019383947,17.45565380187867,8.000199575301004
agm019384904,13.822664018075828,4.177110024797026
agm019390409,16.279728035332514,7.5166077054167815
agm019391716,15.815356002059417,7.082352906405433
agm019396523,15.341342833627731,7.554517307795569
agm019428951,14.204233303935327,3.260915608345872
agm019507614,14.054904404396707,5.420115813956112
agm019573091,15.903888423954433,6.667619768039216
agm019573858,13.005312710028292,2.701252253247817
agm019789883,16.01146551808982,6.502356062795007
agm019944708,16.35644437632191,7.056826314430536
agm019957202,15.42685202331357,7.874337278809911
agm020007692,16.587463228761063,4.309372146269868
agm020149089,15.160390676518048,7.350084631419142
agm020266597,9.120123998005331,3.3120781760617235
agm020267873,13.23807838681003,0.6140576277555129
agm020287097,8.509930555007909,-3.6135183150890815
agm020554470,13.637828705502274,3.1044037016228607
agm020590753,14.43964456496189,6.237188219665432
agm020702133,9.003766782072008,-2.371569712505206
agm020842886,7.0831744256383615,-2.1613850817002267
agm021097834,11.151795983026991,-0.7384399982970938
agm021177519,14.439301413639148,7.921041370225139
agm021243229,11.82884111663548,3.0421098490058207
agm021258972,12.713822362063139,4.447708853062657
agm022169397,12.195188282439261,4.053992479411157
agm023579109,14.379447691442167,8.497886082494592
agm028360408,13.961778785035662,0.7654573598983916
agm031053121,9.673692109294938,-0.7229950683824787
agm031076615,11.804272474153786,4.1099182247413095
agm031081640,12.467960183819919,2.075408700600992
agm031134027,16.361256924902257,10.511756044116309
agm031181492,15.263795370960892,7.631169235019147
agm031197498,12.706935357095364,3.872632365982322
agm031226091,15.197729270780357,6.773668689575134
agm031366540,14.992194552501482,8.453601676126121
agm031416881,12.863680523711407,6.411342982776535
agm031513630,13.191534334421343,1.7351548709223057
agm031632681,14.580211816498364,4.7389634866455195
agm031779785,14.574361652268957,0.44410796667973074
agm031792319,13.342168132141211,0.3945582759343805
agm031812705,16.588751505718992,6.031282754744659
agm031819539,14.117036957763402,3.694196524238315
agm031855991,13.668078423506397,4.143464983665008
agm031881173,13.858997117474914,2.4155247047786
agm032006245,13.496724871512491,3.5657685946251
agm032075365,10.95111144155016,3.6062767619286027
agm032116309,11.443091503805919,0.7035436213058794
agm032210382,13.542652200528941,1.7139426043381587
agm032270065,14.18223325628731,2.6306013880459744
agm032281107,9.75704792628306,0.44338980705487313
agm032302034,10.51938967311944,1.2544696741967083
agm032414126,16.71154197948907,9.71121770829259
agm032478274,15.064315358286379,9.203687491494225
agm032551116,8.913590654298721,3.5887575564031393
agm032558563,10.428313084200196,-1.080495267003344
agm032739509,10.595759235498496,1.8117796788285123
agm032764363,16.111772027069282,9.208598688567143
agm032770781,13.900063443108396,2.13329368970863
agm032796661,14.205260155853127,2.1551379092883174
agm032841206,13.723838697947317,0.002332191760807234
agm032871362,15.457131183632612,7.053797884094936
agm033074582,13.694746408697876,2.862038414740084
agm033132677,10.063972509067748,2.216196765813102
agm033134656,11.690788585304526,2.941533580886702
agm033139417,15.486153456270273,8.295020453673096
agm033139550,17.136610855565447,5.805463796237618
agm033142293,13.191029902657,0.8276630579407088
agm033380449,12.628412557210252,1.680848088335587
agm033380460,13.410538783858117,7.240597587995198
agm033404383,13.692948118394852,3.147772979403952
agm033417768,13.088530734344644,3.3442360770455566
agm033424924,16.622485684495402,9.985096431668776
agm033505843,13.234230476298185,3.002566735301471
agm033545494,12.504073269501811,4.838771825930388
agm033548110,10.445623652766637,3.0293669735185014
agm033548266,11.750286679728362,2.9701629138077017
agm033562785,15.662166084542513,7.06141468063977
agm033578838,11.489567530948802,2.12027718824728
agm033635963,18.01619729084794,12.240301749497029
agm033671908,20.8424575964603,9.768905915498168
agm033718521,15.528903631669978,8.073290564507515
agm033746396,12.856688285411828,0.4666962670969876
agm033820258,10.337459978486448,2.796972268138313
agm033903286,19.885560096888888,10.797762140637017
agm033976844,13.535810654739231,4.237037178124954
agm033996079,12.083953230491508,3.8146055704580895
agm034019527,15.608147683063686,8.871085855091357
agm034184582,10.166314667997979,1.7000896885715566
agm034293206,13.526639637080466,2.983545312767139
agm034308768,11.841930273079253,1.1331002867009061
agm034338280,14.332086484471263,6.788311996588212
agm034373268,8.72279529832935,0.07269185732127426
agm034415352,15.043631921531537,6.254853037779278
agm034416781,15.312068901786049,7.239531014860972
agm034492254,15.401061986893614,7.662581521583708
agm034594732,11.117702199369198,-2.0476053303742496
agm034712438,13.136581050994684,3.9416588117058495
agm034717620,14.827208444681874,8.337217818624614
agm034743584,13.013679359438193,0.38041915984864144
agm034755995,10.411674950045175,1.0336609911424084
agm034787686,13.362918069804707,6.947777630690578
agm034795397,17.1245481117486,11.126570118908147
agm034835730,9.91988872982207,1.7463982361224868
agm034875450,13.859168497039434,8.691571871183243
agm034878806,16.419857337307317,5.941941486002697
agm034879118,15.183477292267538,7.567247389670077
agm034909723,10.221250332948106,4.1926822391962295
agm034914590,14.772569221177525,7.177210614159307
agm034976681,11.588171419127953,2.0035454688102092
agm035018476,15.580749323062747,7.8102593352318435
agm035086558,14.454243466384549,5.491136849194715
agm035225697,11.349660001255259,0.5076899895951534
agm035256291,14.376329963709871,6.86555072969383
agm035286771,12.56656214083754,3.536325210235251
agm035292838,13.172638623481568,2.252691031404877
agm035330454,15.534354891753827,8.825836494454608
agm035336033,16.999783369002255,6.575800481789256
agm035354220,10.523238093571296,-0.46718393877984116
agm035403109,11.584539808454117,1.90465728232727
agm035444236,13.64804607079187,2.919843201473404
agm035545656,12.623627824401966,2.8784559592425
agm035628902,12.175836925584058,-2.3957901554032817
agm035722046,15.067911346671051,7.3818778288232645
agm035757346,12.39045511573259,3.511055600657271
agm035790793,13.68081830045773,3.8897602733690264
agm035917435,10.759986321880215,1.6238435126268094
agm035972573,14.923271895710345,5.157878360320569
agm036069595,14.672657365903413,6.718268411894144
agm036210606,11.44450856208252,6.481270395514129
agm036341932,11.391971386237094,-2.8497673130837455
agm036493029,13.513142127455916,8.041145053780728
agm036513268,16.403460392900787,8.42109181042605
agm036563554,17.320224362274256,10.342207091256306
agm036567873,11.156810821150904,0.607502237749968
agm036827060,16.03648913203843,9.425113001375882
agm036946266,10.773905169781122,0.8546003966503063
agm036970084,14.52936765668588,9.621530095687161
agm037131534,11.33270416743894,2.061351578661153
agm037219545,12.482634671907455,3.7090114857146887
agm037262586,14.473157046061296,8.065751260420516
agm037427117,10.577370843146182,-2.617979834732739
agm037485921,9.877343997799077,-4.912462196133476
agm037535409,12.836424633946478,2.4127111050932997
agm037634837,15.249549791784297,9.233871209444972
agm037641523,14.195210717228768,7.970064403804163
agm037757730,13.748891384043747,2.6223764770279594
agm037874556,14.380311554109426,6.864515831073411
agm037891295,11.304964626137265,0.5408144994534739
agm037930437,10.394557435803039,1.903579279832942
agm038144242,12.839694860087652,2.28231445015174
agm038325840,14.183080756644907,2.630898931200148
agm038452895,15.600244218176933,7.800115404338693
agm038538948,12.854453377969591,-1.6385061017634588
agm038619238,16.123762873988188,8.135998303785504
agm038643047,15.293345623397512,7.6424600178344795
agm038798875,15.670825043003527,4.620830840266378
agm038827824,15.5673412085789,8.850400881901864
agm039079614,9.944138853624288,1.7708532784439441
agm039214096,12.693255977664693,4.171680784435757
agm039286936,14.397288215428006,2.0658141091368805
agm039352188,16.522445190601164,6.06220265119191
agm039384253,15.775613192085052,5.205952629310063
agm039391848,14.930447188092337,7.220415564317378
agm039392355,10.37351248661644,-0.8370908743185481
agm039416217,13.319821296329964,0.704749119326749
agm039466187,13.073569979152667,3.419123008967206
agm039482009,12.13007173929963,3.8062807869264526
agm039487101,9.245443190828585,2.443226301807769
agm039621957,12.296090866592763,1.7777352321372213
agm039628245,13.17264494939343,6.591875926078635
agm039656398,11.068005528857213,1.5497855151628113
agm039933136,15.65595512550914,7.847012751141442
agm040011824,12.238337895883753,1.037790550785348
agm040189302,11.524535702377987,0.06735138619634995
agm040214963,10.25060987981633,2.356576828497778
agm040435954,15.522685879593075,7.745530189039663
agm040444446,11.789469129028461,-0.44432264448772446
agm040463022,10.481178550145614,1.9598188770452751
agm040518097,11.253053215225172,0.46678606104781295
agm040627440,12.096202037771976,5.6295071825738505
agm040645361,13.849347865193645,6.702344503314525
agm040675271,18.50476069782147,6.506811692911555
agm040796270,15.95221498998768,10.95702187616275
agm040809534,14.669221772973627,5.703200048041516
agm040810729,10.669169123261993,3.036941750840883
agm040853550,13.832264927104228,3.827594590281805
agm040949986,12.616713457279891,2.827038821253994
agm041062834,10.500419168495823,1.0973210397471895
agm041214832,13.89944607653557,2.8902745402187278
agm041237498,10.522052378018937,3.5351589069495866
agm041365543,13.695704509621558,7.973750638104074
agm041423230,13.212708053042377,7.758370417449341
agm041682032,14.693368054311895,4.598204901017779
agm041688826,13.735808513133351,1.605294572134433
agm041699409,19.446108687375727,9.405818017254514
agm041726471,13.830849448368555,5.686788340125499
agm041793581,13.968971520298117,8.323039589246571
agm041918271,15.460809765665497,9.343318544679008
agm041977071,11.073693362483226,1.8248676404269577
agm042034097,10.191850880519157,-2.2910411308953846
agm042110408,10.796659739092439,2.3493925484897056
agm042146267,12.50095159477298,5.244719471669698
agm042232268,11.00117680158155,5.8784193402353475
agm042271688,10.734254217189617,4.043173395570038
agm042407943,18.658192073079352,8.64578224070323
agm042428579,10.857467236433635,2.9654969884368483
agm042510531,11.399688699433744,-1.0164542478088048
agm042736050,17.97373378524677,7.999489375015859
agm042832020,14.325977260011163,5.986932536475974
agm042918042,10.943610338666865,-2.7774839233327007
agm043102424,18.671091222249355,8.59716465698268
agm043344049,13.911788076952107,5.473363604092003
agm043350123,9.756881704700351,-1.1863697783103646
agm043577218,11.819293902417023,2.9998782618056175
agm044603963,10.877971567560834,0.9466022805390892
agm044758917,19.076839235580074,8.698972824090182
agm044992392,11.775764325133261,2.9778577425839274
agm045249968,12.679127030392113,5.625854539362078
agm045298996,11.598645771037969,3.3773615256434026
agm045949129,11.880814619849197,4.5654212236933125
agm046066198,12.264295242201072,1.964795964929948
agm046071820,12.796934019255149,1.073110405866385
agm046093453,13.673381791060253,7.518938905630264
agm046110206,13.665647503343042,3.834956908417638
agm046232287,11.469682304011997,4.060267920575808
agm046302397,11.011767824805082,1.2062651553652632
agm046353452,8.155863336146586,-1.3671724024130238
agm046402477,12.203672227582096,2.6185722060326384
agm046448994,12.635771416758741,4.538214475728787
agm046449671,10.943465985160294,2.241189838361175
agm046736258,13.07304358799874,5.058208930849147
agm046884723,10.106084328723666,1.8986244028500998
agm046901051,16.003911602139254,8.929537012140475
agm046910527,12.398279091201019,5.140475837837915
agm046982599,13.183036695067647,6.6242600823066295
agm047039985,10.000416683070553,2.206637108751354
agm047085581,12.468058551873753,1.9140848788091536
agm047139790,13.18576832082477,2.9460157454159357
agm047221883,10.891808299717821,0.5890593411859903
agm047269073,12.241190946856813,2.8091273306860636
agm047384164,13.726438136539302,4.240936979311262
agm047695221,11.78556179152726,4.155482646489896
agm047712724,13.687943538765618,4.506639659328266
agm047865421,11.728523541389123,0.14993244832369848
agm047950906,11.403232482950314,0.9469011015594214
agm047979706,11.771580449847056,1.4918928217770417
agm048029205,14.40297771429816,8.456541490302152
agm048115678,12.83685089892217,3.8467405992169135
agm048282605,15.440633504874162,7.276816310676733
agm048573830,13.963055426393117,6.807551612527196
agm048597860,12.515229330757263,3.562650976033423
agm048696755,11.52441644387099,3.9827922147657
agm049032731,13.98878425269139,4.152196861310231
agm049096122,13.140966036557252,3.1394319567860918
agm049189626,11.375439755569232,1.8750651096590083
agm049218422,12.634116635461877,0.02818245373116331
agm049218651,16.684101756434583,9.457439844802543
agm049277985,13.458053684785392,12.569830816108885
agm049495190,13.11356985946757,5.520058666814094
agm049757473,12.260474761301746,4.782950246994534
agm049838963,15.432583773591167,8.341699093020168
agm049859830,10.914591194157753,0.739781889363698
agm050033487,12.320775985378647,3.0859338381319383
agm050125160,11.290647838354486,2.040111733667054
agm050216186,8.30028593545317,-1.2394383352704619
agm050252246,13.350861532900216,6.518932888522568
agm050379828,13.666172524536067,6.326278418521693
agm050559441,13.091192662659866,2.7684858704214186
agm050611168,12.486215381929084,2.6830637236354042
agm050869952,11.049451408125645,0.6421478148696753
agm050891097,13.149706865570229,4.902612315154218
agm051002930,13.905966348469237,7.323644482123985
agm051117696,10.799371746958938,4.588097160159395
agm051140841,12.937308760333336,5.987173392329283
agm051147917,10.555916241085583,3.139683714430082
agm051159562,13.024525820126115,5.226534602300763
agm051193864,11.771642267506325,5.034597681621471
agm051259667,13.019292006700303,6.488514304171102
agm051285427,11.372643647390136,0.11798188314696863
agm051286752,11.774607225406974,2.3388251688780195
agm051360377,13.469254573396123,4.965129114476766
agm051439740,11.72409172205611,6.133342973971987
agm051474563,17.461589292748766,7.287235293648351
agm051488376,10.630240907381927,1.6146665225029768
agm051593339,11.285001125557512,4.553926085468283
agm051704010,15.080862513000746,8.903595595444388
agm052084791,11.191527208992397,1.1977295137265702
agm052088254,13.097106122104123,5.489102700454256
agm052270463,13.315650827075613,4.556593481942849
agm052414571,11.395576754853955,0.4813340450749107
agm052538474,13.754055614383924,7.255336477491468
agm052563388,11.142819763101917,1.4002261575166273
agm052574115,11.582009476618408,2.028755082167507
agm052584940,13.939222797526142,7.187014427475707
agm052678971,14.470050769962468,8.181791366095576
agm052684671,14.819422817592178,7.241451315508722
agm052696731,10.694964338872422,1.9832707273248207
agm052706368,12.480325539277723,6.210931145713293
agm052902985,16.6502347289335,7.944532792233139
agm052913920,11.707234502395174,5.535269454319234
agm052958612,10.550017614376214,-0.9043650452784329
agm053085436,11.243676065285241,1.0574693049249835
agm053251630,14.452952280325725,8.4797468541503
agm053384127,10.590162827144079,-0.11479917304351044
agm053445772,16.422680645240398,7.573224708268287
agm053471436,14.554666435844196,8.353486967272346
agm053492783,14.55761151230906,7.2056043911699446
agm053494456,17.74385144708979,8.814748974025127
agm053695294,15.1226155346303,7.733908485982365
agm054000778,12.607687670530826,1.4843928865282863
agm054191532,12.699097404191948,4.183946660388116
agm054374296,12.311509586194054,2.259031533935662
agm054551773,15.081706946063214,6.462575652676416
agm055028904,11.334568442785523,1.6614963893369616
agm055052934,12.755241327930742,4.575567132747396
agm055166540,12.930195788603285,6.735428272368044
agm055276058,13.441405919797825,6.361887894267261
agm055311908,12.234178944710038,6.52153502196239
agm055402753,16.05752348628996,7.392119300231898
agm055420943,11.346822761606722,1.2439244441104076
agm055579385,13.020777976684954,6.882308385173826
agm055637410,12.058142060001806,5.384625647053883
agm055661960,10.345577706738785,-2.2401506424483415
agm055715306,13.343107614931974,7.685173465476688
agm056233791,12.81921402955541,3.607753506855147
agm056491024,11.514890538617406,1.6538695462684057
agm056518807,15.51939814124601,6.9498469083915255
agm056695864,13.54997245899961,2.756990401661362
agm056894988,12.220532527041923,3.570175352819349
agm057023488,15.13981743194227,8.551497366849702
agm057063227,10.813899092325128,1.8752989209812059
agm057268400,11.737703410431298,2.962962385277618
agm057456046,15.022989264487263,7.404850517324558
agm057759190,12.191514126120376,2.484466737964002
agm058131735,14.10536877243818,7.296285040758486
agm058189357,13.20626099229243,5.560100782530944
agm059394271,13.7626569658801,-0.00822398579189354
agm059819585,11.418785945452303,2.3169923199635436
agm059854547,15.196355291099122,7.5823027771139735
agm059874422,15.037855699533063,8.504224221089126
agm060163828,18.08525434941389,8.168498418260791
agm060255427,16.499092906377864,8.228462310304128
agm060302844,12.100002132695797,6.412877753895242
agm060355585,17.43500056142561,8.225772397164475
agm060364005,11.681431523777556,5.798578042825594
agm060428354,16.25633409831077,6.771636234094522
agm060571038,15.46013618793867,7.488240420927568
agm060796651,13.892551335191522,-0.6003795141753816
agm060824465,15.118173494667177,8.00693915130034
agm061068251,15.307545684008204,7.374048548957104
agm061212443,14.690702949142226,6.774713807229218
agm061420322,14.39167509981217,6.90410763237565
agm061474413,12.974010540497396,0.7476128217910443
agm061543395,16.24323009265023,9.543045658979459
agm061721407,15.46202377213224,7.5432894746911465
agm061812576,13.496127990238518,2.691785236220806
agm061853986,13.025508366112243,3.043859602947352
agm061903604,12.00443666692351,3.9128889291229454
agm062234490,12.221241223579117,5.928284933864111
agm062312689,15.295701443144644,7.429998049634589
agm062830898,12.94964721914581,1.233938510325073
agm063085059,15.304968565903314,8.639607010500434
agm063144478,13.103156768172326,-0.5602525225790238
agm063809045,12.728792785762963,-0.08204385770721778
agm063870354,15.782542149823414,8.46994899294916
agm064155564,8.80731258652404,-1.4883204093266234
agm064236107,12.482637383752106,-0.9609951631563458
agm064833606,11.427857025750443,7.24011780259104
agm065373797,11.828872997606274,-0.3555454487869172
agm065460782,14.372041507397698,5.655789271065559
agm065514768,15.438340118900534,8.673754760324767
agm065531945,17.87159308474271,8.625888583454858
agm065622749,15.489201667114028,7.520660793400653
agm065932436,15.088523845809314,7.678839737596309
agm065945107,12.784705596837469,-1.1423721134914793
agm066110763,10.80867382825276,-0.45352395579557836
agm066420234,15.656274792797753,7.20356269367687
agm066426256,15.608290588207629,7.643447159452714
agm066471272,15.100692286167053,7.276142174532415
agm067521681,11.126457345054847,2.1726654406055177
agm067554877,12.595082847349993,1.2150894937043386
agm067793528,17.817957861038625,9.014012530902809
agm067901243,12.516024539386615,2.303221622885693
agm067913213,16.166449760945607,7.917052742731782
agm068299497,13.90921518645515,5.2122075739575555
agm068350495,12.230405814762502,6.00328485942306
agm068421791,14.210840521318639,6.822543209361683
agm068805815,14.509584936881483,6.20435291280705
agm068943153,14.471736238309353,6.9488823268286035
agm069119895,12.935314610942088,5.520813353932442
agm069128259,9.7776035752425,1.0197556423108078
agm069258117,10.762936965175085,0.20443004763768258
agm069260712,15.125351791609809,9.731552518328849
agm069283242,15.622698229996749,9.311131108473647
agm069295999,9.290394476558513,0.4239655008267498
agm069315443,10.570618929384768,3.4290527859326225
agm069395575,13.036477833405343,3.667821989660358
agm069461818,12.16193630389927,5.35690616616404
agm069497264,13.166605288814475,2.709399970131571
agm069499209,13.537506821235889,-1.7334484237553245
agm069527535,17.674994915690913,10.970843474696537
agm069538790,9.983673134402244,-2.6797886833641833
agm069542762,15.011133728452819,9.572935093876302
agm069654459,12.702882546005327,3.6004017008461764
agm069780602,7.263957298928553,-3.4364111739697476
agm069978030,13.463528037694282,6.956183162459617
agm070019833,15.0185888719738,7.646148868525586
agm070103954,15.051875773698137,8.85654374452655
agm070120908,15.278103133990582,9.002300652207898
agm070134454,15.033660482875263,7.857042097856895
agm070166615,12.50261999190714,5.014394327840371
agm070190128,14.27287534226509,7.509864467232969
agm070195390,8.119610643897639,3.214005034953882
agm070200207,13.136642388171932,5.081452153649582
agm070260224,12.849803147526886,5.11878559532149
agm070277652,14.165910215409083,5.38992488791641
agm070325606,11.664458186473269,2.4612916966264087
agm070346469,10.74104760634885,1.3578267290524693
agm070399565,12.88452599334476,4.612092120250627
agm070401774,11.418668029508313,1.9891022362608528
agm070404710,13.273448731883983,5.678054246001096
agm070407576,16.121780227107102,7.953551268716352
agm070416276,14.004763049237086,5.03687313115245
agm070480086,15.985522394666608,6.239382925235766
agm070548142,15.525182692237449,6.479830568609082
agm070563557,12.727356689085559,6.955022714754203
agm070599800,16.217773049951866,9.740420730251632
agm071590064,8.501809271284536,2.022918019657629
agm071659156,11.566121860639086,5.250554491323858
agm071710261,13.890885101048328,9.615845474407198
agm071746895,16.98907088552307,7.649067787005628
agm071755728,14.19732227229673,8.453367266044184
agm071788543,9.712389843823468,0.9871469020385474
agm071827366,8.055862972914595,-0.11048161839368831
agm071848698,10.45477361452236,5.368013184277577
agm071905563,10.119896436136305,4.9764355855175
agm071922004,14.463216414603236,8.949450897979814
agm071947044,11.394613664023595,6.293578002211048
agm071952880,13.640504220086342,9.761259325955043
agm071997748,11.036998888846753,6.617843579586398
agm072010787,13.874844981731151,9.887951227142407
agm072011051,12.81109906604297,0.4430018206283452
agm072017833,9.893944600954887,1.0323476455546796
agm072055361,14.170030884671254,10.528053823133764
agm073029910,12.535676387302129,6.271606592947431
agm073032751,10.243682262309035,2.922670353883337
agm073035089,6.7323341373258785,-1.4529982727711321
agm075736854,16.410106365246236,1.9096624249006062
agm075752243,12.507388554920556,5.070570875700495
agm075757954,18.06556207220596,8.765046182613267
agm075759623,12.11688371864037,-1.5610785901335986
agm075772830,14.919316618943672,7.030413326468661
agm075877595,12.471552379758847,7.502196359083641
agm077614787,14.529551300880405,5.27806880267794
agm077618192,11.488070942131445,0.5171127010582319
agm077635730,10.26033895377024,-2.831893963833354
agm077689631,15.545354827254958,6.309385492455656
agm077719115,12.032771251369256,3.0719902971266144
agm077739096,14.748006199457457,6.500533781972802
agm077768652,12.031302342497549,1.3466127155614653
agm077772848,10.099406956505362,2.925710211692183
agm077805716,16.946287215366187,9.91380214480049
agm077806547,11.27250102510344,2.3230187057594
agm077827255,15.65051621229337,7.524324390555694
agm077870433,14.425748317342945,9.043196453635934
agm077894967,11.105182524892342,1.7179900289290988
agm077896372,15.827106857612113,7.154741948170275
agm077903872,16.80034902353768,7.316793285622234
agm077937136,15.114848805205774,10.996227171365257
agm077938356,10.191352499783315,2.3487433243330536
agm077983527,15.979692351700471,5.970759649847213
agm077993194,12.941616334115919,5.634220126548293
agm078012823,16.07586420387166,8.325998303757384
agm078020845,15.547111068306874,11.343708141931685
agm078051732,10.460278632619985,-2.1895913345845734
agm078128480,16.165081377990603,8.503247036894548
agm078134840,9.883583932262068,-1.7523734842371386
agm078165825,13.038226220636266,7.350031767247001
agm078188146,11.515743130144429,0.2623430016590665
agm078208142,12.983936147568835,4.412534749648103
agm078239464,15.459098764867825,7.960280395205016
agm078252032,11.622655607223065,0.034547375310402195
agm078282223,10.61299888951839,-3.961444359647403
agm078283996,14.046284797924715,5.595017756228167
agm078294958,12.752093245280108,2.3564260710233156
agm078335224,15.955680595433869,3.2973476770362686
agm078340323,13.074228824023386,6.5889252238917235
agm078341714,15.242944496887862,6.995228828266367
agm078404586,10.063009495994315,3.5195348838775473
agm078439128,11.90017693443887,3.8149937050915845
agm078454585,15.510851765027061,6.4552869744104635
agm078490819,12.742303316466327,3.9540796398120124
agm078515325,16.53448687473282,6.160918831046867
agm078547554,11.351018371773137,3.713342874047593
agm078560408,15.303703683050507,5.498219831640846
agm078574004,12.463948847523039,0.4180248791786852
agm078596872,10.509642422688474,-4.173590806315421
agm078635712,14.769246395023771,6.864633726779914
agm078649580,19.095244097890625,9.04199533663427
agm078660711,10.22072022504206,4.3271257388774655
agm078674135,12.65762158758214,4.745120737836921
agm078702479,4.889415874680094,-1.9077418191760824
agm078703084,15.20225946030601,11.056187653355613
agm078711475,15.429758124296733,7.812299291047124
agm078789426,13.406335867569622,-1.6956403968767522
agm078844528,12.803183918605496,5.916676540206599
agm078857003,15.517310374958981,7.989267786763104
agm078863778,10.139725597296431,4.326328759219423
agm078875830,13.589201231186001,3.9921703423448505
agm078940507,15.892241385939924,7.925354575599248
agm078987497,12.277693850913947,0.6423885441232304
agm078999228,11.551335707992813,4.72099098004445
agm079004138,12.019540724257707,1.200083560106941
agm079077732,15.331656014036003,3.8535852536616035
agm079078497,12.27780110916743,4.788054854694399
agm079082569,12.593761022759432,1.7192820741499126
agm079133833,14.144096774324884,6.137398380033875
agm079136810,12.959657663829484,5.96833213787503
agm079193515,12.552232171800265,1.6262685905257541
