mat_id,volume,energy_per_atom
agm001000110,16.57290726453148,3.269243720377402
agm001001040,11.83741068806109,-2.1331040240574453
agm001001919,14.069064818429375,-0.5621827542488553
agm001003503,15.23138260036414,4.255259245273266
agm001004359,13.58261972287662,-0.09069360465483338
agm001004594,14.507885149581718,3.3346320020726767
agm001006759,10.842000391078754,-1.8757801895630977
agm001007227,14.454920242835817,1.091714670614761
agm001008954,14.747373911188104,0.1726641298087538
agm001009320,14.927386885836611,2.7124161448932482
agm001009484,13.157717571761465,1.9313963203582372
agm001011011,14.563708586580839,-0.47851662264950673
agm001011034,15.608286461236657,3.3780616344804115
agm001011258,15.211489853562776,3.3836654083504456
agm001011276,16.39820602578609,2.912228554723003
agm001012152,16.953413477294365,3.7304967596239322
agm001012672,14.011550947743403,3.2594625708542364
agm001012673,13.668681178982965,3.3890829475455853
agm001014575,14.593560857995309,0.3844325800866966
agm001015322,16.180874980312687,2.654098787257219
agm001017922,9.530062543592072,0.020125878626932565
agm001019652,15.261179385333742,4.8934491939773395
agm001019766,17.307790715385895,4.821854229122876
agm001020078,16.944606742315134,4.885408028267876
agm001021702,17.545450719772358,2.7068094610903763
agm001022068,17.54462246970568,3.1748989438882886
agm001023885,17.362192564314118,6.299668702254546
agm001023989,18.399660525674864,5.29497946631728
agm001024672,10.968660089144457,-0.6362445868009576
agm001027517,12.139989875692097,5.14069519999106
agm001028442,13.566827644307743,3.699468320659944
agm001029255,13.381484343020327,3.2543805424130476
agm001031293,12.63077069504279,3.4446421616166543
agm001031724,10.491704302276398,-0.14954554012334262
agm001032058,13.180828107188935,2.959878292422091
agm001034234,11.826373235572355,0.12127895696744655
agm001035741,15.308724363347109,4.141333221876244
agm001036375,11.01111872468455,2.1545186258264697
agm001037498,14.59016649374025,-0.6400662684689576
agm001037555,16.272168844245265,7.78160204741214
agm001038997,11.12113547520878,-2.3373277063476454
agm001039391,14.6781267596512,3.3081886730674257
agm001039511,13.726802980925113,2.798491844525438
agm001039917,12.991084984200313,1.3683740173928218
agm001039943,15.80040276670941,1.4855177829135127
agm001040193,15.181348661210848,1.6824988294674827
agm001040411,14.044490170213855,3.5431593144003717
agm001042892,14.997094856719409,4.693099451804877
agm001043020,12.606778726307404,0.34423272699717816
agm001043936,14.798132074274614,4.377023687777878
agm001044286,12.367524414690124,1.7472021229879833
agm001044489,15.008168579318735,4.646570774083158
agm001044934,10.325364239605376,-0.5619405567671331
agm001049739,14.26953699507686,4.314572504542856
agm001053505,10.32992941243371,-2.6613539132662267
agm001055435,12.729848252338423,-0.9120053002252378
agm001055954,17.3617940421299,4.6010149780886325
agm001056004,12.845246720658276,-3.594481974980537
agm001057112,20.384426522919323,7.47731030037608
agm001057627,14.266675358806786,2.263218231327968
agm001058307,15.12051155877491,6.017116898583929
agm001058446,14.223686713587993,1.3495382159553622
agm001060460,14.671300700710399,2.886817804014095
agm001061731,13.79497781608447,1.5184934016726999
agm001062366,17.696062169892997,5.655891482667542
agm001064415,12.68594888033411,-3.4725183522648186
agm001064443,12.485214868352989,-2.83603626913697
agm001064568,14.42412628546982,2.229113190246734
agm001065948,15.594707048943476,5.266388568355594
agm001066115,17.4042282117513,8.142651219437914
agm001067502,15.700924042836695,0.9834551995961505
agm001067554,14.800219460031045,1.481664135929601
agm001086200,16.10247305472187,4.949556812680333
agm001086213,15.519306866980612,4.568467212405336
agm001086235,15.354641309211747,5.789399095901928
agm001086510,14.138870153158502,1.3558759636293614
agm001086550,14.884760796455222,1.733629275389136
agm001086578,14.31127135267454,3.79642162902834
agm001087647,16.693230199912897,6.972285572965292
agm001088240,16.206596907486635,6.025527096228982
agm001088337,16.66836600207051,6.293391126977177
agm001089246,17.3491059481486,6.470973252250065
agm001089717,14.241492693778797,3.3995021437402553
agm001089775,13.827548042621206,3.1125360635057584
agm001090387,17.39442102472045,4.638910852425925
agm001091522,17.64290157246082,1.5594476889200566
agm001092377,18.1749766550091,7.091557969158207
agm001093963,16.856176147532167,6.433661802280008
agm001094206,14.665574888472156,4.789181357921254
agm001095527,12.948782528562408,2.5794486121956752
agm001095605,14.858346211330991,0.025725044143200648
agm001095715,14.856201554444825,2.323515229935781
agm001095905,15.339932269456618,4.129507187471669
agm001095916,17.168012611508793,5.626232555087969
agm001096149,17.17312389352397,6.563925852608146
agm001097092,15.105779966658842,-2.9951350739646427
agm001097533,14.732786296489135,3.627384833710082
agm001097606,16.36291427350863,5.544471139238794
agm001097698,13.349706701081999,0.4090033127523274
agm001098069,13.916030323026224,4.027076756696047
agm001098458,16.387387666049698,1.857999587566404
agm001099198,15.948428608749362,3.8650751356901285
agm001099929,18.662335368032004,7.236753240467178
agm001099967,18.016025167008106,6.3786522092383855
agm001100392,12.9083471278335,-4.511084216045114
agm001100417,12.530426153997798,-3.8848813657940076
agm001100499,12.383107954895996,-4.61922491026894
agm001100506,13.002837311238737,-5.481713099951044
agm001100703,16.436924250023175,4.445914102503357
agm001100706,16.993966997444375,6.000129325960315
agm001101352,15.725266827127047,5.744992205453863
agm001102145,12.627189754080442,-3.8741273304609223
agm001102564,15.303206312533302,3.570381615299496
agm001102584,15.67833757772406,2.630337316734095
agm001102681,16.925261624590874,0.5532393245133719
agm001102748,14.722161853823412,-2.2534947038389275
agm001102800,17.283660641676313,2.5785393755687
agm001102864,17.358542928758553,4.284183783504395
agm001102979,15.589674219557216,3.2750511656875325
agm001103033,14.949681539473337,2.4410458947115137
agm001104968,19.444859913144807,3.6625715173637956
agm001105146,6.274957297359922,-1.4552422832179839
agm001105375,7.622995262540816,-1.172996000043468
agm001105378,7.517456022639929,-2.0575022868626625
agm001105682,9.97229180655032,-0.6473709390368185
agm001105872,14.354282190461362,3.9495368962371
agm001105887,14.093238293082752,3.766670637468528
agm001106082,13.935567276950703,-1.9294147815456852
agm001106108,10.45732396882213,-1.1601831574175634
agm001106135,10.33477592032645,-3.593289863774486
agm001106214,14.233768015696882,3.8317921787126594
agm001106241,14.188694480806783,0.15599860442214036
agm001106364,9.682705578107933,-2.2749151198505393
agm001107189,10.858348048823217,-3.5381797309916285
agm001107258,18.352808670957764,5.728970917923285
agm001107266,16.17361573297851,3.668805301312017
agm001107272,14.99674311043826,2.924301004532462
agm001107544,16.524341805347213,3.0400590115813015
agm001108482,14.962881668326812,2.9471883735585322
agm001108637,15.852760766527183,1.4049517127189162
agm001108679,14.800091409878073,2.977502980456457
agm001108705,16.458042582982593,3.7572503691189434
agm001109069,17.677162405661957,1.9355720099322504
agm001109181,18.177313851406566,3.249698094838704
agm001109727,19.169035353844016,-1.4700714419822234
agm001112024,16.853713837754167,2.14778489125593
agm001112253,14.236249211546827,-1.8149761635730783
agm001114900,14.602256668536574,-0.7928293436850087
agm001115160,10.920910195264394,-2.91373039270127
agm001115359,13.581119828701548,-0.45650392250085936
agm001115455,11.522625875276015,-1.9476206350713205
agm001115631,11.60823315161937,-2.80496280572297
agm001115716,12.31237157119566,-0.8886288616066516
agm001115738,11.292838765700779,-1.2032423053747943
agm001115883,12.553683076199599,-1.0818980189808842
agm001115888,13.172988572037582,-1.0412304988731949
agm001115913,11.985512935848178,-0.9133696698770999
agm001116011,11.119801608160856,-2.772705595405359
agm001116037,13.555955726839986,-1.5296196436733762
agm001116151,12.282193160160377,-3.1452018569969074
agm001116156,13.163880474557796,-5.131511863255198
agm001116169,13.659246899269428,-0.9104269715905957
agm001116194,13.709612336805321,-0.16548557819309373
agm001116328,12.580417989759141,-1.4326221928378642
agm001116336,11.03211681114641,-2.236286467671558
agm001116351,12.89614744847792,1.3732220027217705
agm001116413,9.547431657295277,-1.797463308033687
agm001116690,11.34418839056689,-3.7118146935885408
agm001116704,11.99049190910559,-1.9472466201867578
agm001116768,14.31523597583015,1.8122258627071703
agm001116944,11.425608850311843,-1.2559056985070836
agm001117154,12.116248704558801,-0.03465002569868236
agm001118545,12.65935656081228,0.5136832003038849
agm001118658,11.825501435078198,0.6156348535777241
agm001118677,14.513991575695622,-2.2373604633424176
agm001118955,17.890295150066333,6.25690930453995
agm001118995,10.587320391807154,-0.8758394943072387
agm001119026,12.213263297298841,1.0952062357923582
agm001119133,14.355796804029705,0.6080655678477278
agm001119442,15.774054406562174,-1.1662695193175674
agm001119448,15.874354056087123,3.3067078066580606
agm001119591,16.257107146784936,3.337612693294389
agm001119684,14.681662172075743,2.254692889293727
agm001120270,15.227512697511301,0.5404607041276019
agm001120291,10.829977089203304,-3.274985475822909
agm001120928,16.41708046087626,3.940534091410065
agm001121188,13.74083335947544,1.0138283556792782
agm001121492,13.896440258269402,-3.3387788437697496
agm001121709,12.678919973809778,-1.928946018990029
agm001121728,13.409959057117986,-2.950152731135426
agm001121815,15.320377124219009,2.6744272513730554
agm001121847,13.601139573986243,-3.8755224408442563
agm001122000,14.049393750853987,-0.5444336079536578
agm001122410,15.177654160766087,-4.41173298955821
agm001122472,13.915538281502307,0.07935673270548893
agm001122478,14.023382751501977,0.18055339328719278
agm001122498,14.352783265239367,-0.8567359312900358
agm001122902,15.869885425396081,2.3790708837920986
agm001122919,17.334903440354374,4.459748543963109
agm001122922,16.444678925812426,4.817969247514377
agm001123007,14.18144429232878,1.7553808652689424
agm001123037,13.638846424573686,2.6978004179486543
agm001123046,14.98304872950676,3.2697940652825834
agm001123148,15.233425440161058,1.7914279849243755
agm001123171,15.494397069799644,4.659997626828947
agm001123366,14.040614878621138,3.631085839503056
agm001123367,15.412706209986284,2.2186773630773287
agm001123500,14.77325609014665,-0.1152430461543732
agm001123534,15.945168721901133,4.061611187702193
agm001123592,16.846986572514346,4.697203482965903
agm001123599,16.63403505772313,5.061709567131814
agm001123625,17.131229343579783,5.364960507070333
agm001123803,14.732844929290565,5.127471598204769
agm001123861,14.535288949846908,0.5259658030231602
agm001123923,16.32382243158914,4.30855176680609
agm001124418,15.689539253602046,5.1435761007166825
agm001124457,17.205587768979992,2.8066778553260647
agm001124485,17.07381009485103,4.651479073333793
agm001124521,16.90373170006607,5.031250694475208
agm001124522,16.342869412724003,4.927067099431855
agm001124525,17.060534723116977,5.0611752196588435
agm001124558,17.132484609893854,5.151457435723878
agm001124561,16.528595211268335,5.019019727148221
agm001124567,17.374535443294047,3.946201611799026
agm001124665,16.710019035584402,2.1638066170326207
agm001124711,16.136544768854122,4.881727745242283
agm001124713,16.291807541761166,4.513345531803907
agm001124953,14.310494372280411,4.260795552959938
agm001125093,15.496611523207527,2.730096377351461
agm001125112,14.395904620469018,-0.9087724671133479
agm001125185,17.19068948557158,8.134545828915856
agm001125194,17.631717591820664,6.961434609248419
agm001125293,14.755861129129693,5.126851105483452
agm001125325,13.531100385780713,4.290855402134433
agm001125402,14.62614041694349,5.580838368320684
agm001125480,14.553077861781611,6.7075107823969224
agm001125562,15.580052023353625,5.240414933354529
agm001125587,15.107533386916,4.9634121461362835
agm001125598,15.29539447694877,4.914308547074038
agm001125842,13.943246041162826,4.535496734462782
agm001125905,12.731671330102321,-0.6340691025120071
agm001126074,15.334907006056554,2.530829786788649
agm001126079,17.17824221996869,2.7581887228266355
agm001126132,16.075549561230766,7.118637610666739
agm001126161,17.094207648906906,1.064843345884646
agm001126221,15.691476760991964,3.8443013941287236
agm001126261,16.98051361714741,7.591610001917551
agm001126329,15.841496335217823,4.375439915217362
agm001126357,14.60631628062942,4.575382589233899
agm001126446,17.34275943863749,7.728611237495123
agm001126457,16.842508644758283,6.31585264141646
agm001126496,15.342963584738687,5.543661784215703
agm001126526,17.800399277840278,6.892003954511928
agm001126541,15.526332873458184,5.7732991295451175
agm001126607,16.674048395623238,6.024110726097594
agm001126618,17.14396741543727,6.22732884717683
agm001126648,16.02773155784889,5.833227559593562
agm001126745,15.431978122360494,5.728996997389661
agm001126796,16.296381439053278,3.7639950123879897
agm001126798,15.482793601179894,3.1703345168191506
agm001126799,15.877444671088293,3.5549249263781038
agm001126801,16.17900668396458,1.008091334407264
agm001126824,15.840605041201306,5.251962341641246
agm001126837,15.750539906107957,5.4033617066694575
agm001126886,17.543814452164924,5.5873072867522335
agm001126918,17.50193255881929,5.33633925495249
agm001127174,16.213671479384747,2.0069260320740927
agm001127874,17.18059179083112,2.600662034470945
agm001128170,15.255954127664037,2.497429379483685
agm001128219,15.616834173311235,5.927247106973697
agm001129674,17.011981082793604,5.796951446389681
agm001129701,14.178373219443918,3.656839694709686
agm001130056,12.726070803258617,2.0936667209750395
agm001130069,12.407423718217139,-0.36941969516031836
agm001130346,13.793054444002816,-2.6477850702506913
agm001130691,14.051196552888623,3.4990731446318555
agm001130762,14.413625736947028,3.553311196688273
agm001130782,14.157174988630768,3.4122668783232886
agm001130878,14.303903466296033,3.44106854221564
agm001130893,13.737914846358622,3.192319101759915
agm001131019,13.123869279722463,2.6573849649904524
agm001131037,14.460739801738933,4.008446466332735
agm001131040,13.14086217409175,2.827440825898881
agm001131141,14.530866828608993,4.1178624486352655
agm001131147,13.42444440485779,1.7205597767289609
agm001131195,13.610990241947647,2.9632121658175232
agm001131203,13.56665593679752,2.937440426815501
agm001133177,15.33720404217055,1.8483137576348287
agm001133249,14.49356634994283,4.454229468458442
agm001133529,14.969265771289308,4.219649926913755
agm001133775,15.918406133089212,5.447959612618597
agm001133821,13.910949936810066,-2.041923897654036
agm001133889,15.39330681879998,4.541374890893193
agm001133961,14.730221207233344,2.277292118478516
agm001134085,14.878050185025415,0.6064555837959293
agm001134239,14.592801582617936,3.916523422896044
agm001134348,16.73942631889056,5.679481938441543
agm001134445,15.957756163263937,5.355506002046805
agm001134456,16.679095366714908,5.426971013813828
agm001134492,16.109996013011088,5.092572535709041
agm001134539,15.930311794270343,5.1228064308679
agm001134573,15.727605280973727,4.799822170272545
agm001134629,15.391244814615796,4.7455936214052326
agm001134720,15.578944588342729,4.742826347364364
agm001134733,15.074729465822559,4.370307139962624
agm001134761,15.259628998823557,3.238791663546551
agm001134817,15.295293837682426,3.287043017988238
agm001134821,15.108881961149137,4.511036700908084
agm001134948,13.340333775053358,-1.5323160116542436
agm001135082,11.615281982958434,-1.1752134820380125
agm001135293,13.487476026906016,-1.1474879795037243
agm001135330,12.037707023438685,-2.7178746032719268
agm001135380,14.08385672112564,3.05606605337072
agm001135412,13.363501568820988,0.20860536719974831
agm001135431,12.195595501779346,0.798820914732298
agm001135718,14.614161303376218,-0.7669040145847337
agm001136082,10.907733127619158,2.8765649311969117
agm001136149,13.996668975373625,4.169105749333347
agm001136244,15.06011875661827,3.8358174912140663
agm001136275,9.130549481484563,0.8698853235959252
agm001136354,12.660501938866902,0.4083553082851541
agm001136368,11.406029690213803,-0.947409366433198
agm001136457,12.920326456737309,0.9997139838957727
agm001136472,13.371478164159008,2.3943794494207813
agm001136492,13.79350557399623,2.952096414816501
agm001136713,14.31720433555537,2.7135266843452186
agm001136728,14.60810148364515,3.0040496881084233
agm001136902,12.182649401653123,5.145051328562441
agm001137008,14.19537292733189,2.162659539055464
agm001137029,14.583789743974537,2.426453475635739
agm001137121,15.757260690276153,4.677959063285474
agm001137472,14.101799472468342,4.555331373170007
agm001137483,13.750228917469467,1.9623337751666918
agm001137510,14.500545813259862,2.3102894030789667
agm001137713,14.856306765882724,2.793893809679944
agm001137773,15.579672039649035,4.42928936121032
agm001137982,14.074765470691572,1.2430647995239736
agm001138055,13.741086904656303,3.533120767189037
agm001138099,14.317486219262868,3.7901357717592186
agm001138463,18.06426867204943,5.209080303720788
agm001138794,11.139540711984939,2.522188724777336
agm001138867,13.121721317548856,3.30778342320365
agm001138874,13.788685287500174,3.0947024351049217
agm001138881,14.02520863091243,3.4418486426835666
agm001138882,14.699334593202336,2.6533831470238542
agm001139144,17.099834927241638,7.214312096110467
agm001139188,13.978216458500345,0.7044057482498349
agm001139195,15.006008890868,3.421918526086254
agm001139298,14.396457204839166,4.575162555338959
agm001139485,13.014666009581664,0.5745892039524749
agm001139504,13.336253527266619,2.497882952928106
agm001139567,13.464766545859545,5.25899902954481
agm001139717,16.74542832522043,6.2140289833192295
agm001139732,16.14701781020706,5.599499265069317
agm001139872,14.06236105117522,4.690851529166646
agm001139925,15.046914092554209,4.995990474592921
agm001139983,16.17700065304881,5.874884042868861
agm001139988,14.667004312081934,2.4401390534764147
agm001140137,15.086073754558956,4.967880510064944
agm001140144,15.16140452502115,4.636903662079518
agm001140158,14.439445679300027,3.707846382068685
agm001140260,12.73877699087243,3.095292694027082
agm001140361,13.597298758947096,1.1513334776268458
agm001140405,14.939953268536376,2.8818880210024327
agm001140413,14.979277661739578,2.915566035228701
agm001140523,12.039286028053779,0.6172568765560644
agm001140540,15.601648813356618,-1.403079243262913
agm001140936,16.34489895933264,5.215576498596404
agm001141195,17.029632444325667,6.293381206867153
agm001141254,17.543295009634875,5.880555586932141
agm001141262,17.1940079011015,3.2832578212427608
agm001141392,17.132384523382946,4.695194319814329
agm001141401,16.35793132097575,1.9474532602201693
agm001141555,17.56587335734573,3.826749680481326
agm001141771,15.965429338797293,3.895052010071067
agm001141936,15.539274562393254,5.839644421553885
agm001141937,14.591690810876715,5.2018668882537735
agm001142028,11.678170110311388,1.4609864244089845
agm001142164,12.196577883592397,3.630486408052894
agm001142171,11.478624631260159,-1.2799478424176245
agm001142232,12.97155598388676,2.6518465189122358
agm001142484,12.993938949222573,3.946095767892192
agm001142635,13.418998803549016,3.0734272027361937
agm001143037,15.650425631260902,2.838210422056741
agm001143134,14.216144417460333,-3.101310398326598
agm001143217,14.128645350434043,-3.748356083842065
agm001143517,15.700893406556984,3.3105186157609934
agm001144223,15.253024123430245,6.60164227317001
agm001144423,14.671648981176826,4.001016796272557
agm001144445,14.726412878297815,7.939379785309735
agm001144568,15.778794154608278,6.233971455506767
agm001144594,16.54204126804279,5.76559832383267
agm001144844,16.2675588658715,4.501937759623903
agm001144893,14.15059130211102,2.4685082476900275
agm001145090,14.783602258273689,4.751070958178537
agm001145260,15.587651661032067,4.246119255017076
agm001145285,14.62788487385951,0.5176653746571835
agm001145892,16.321790933484742,4.7454730539748535
agm001145981,15.583358996137221,4.390315863840475
agm001146097,15.389383581566909,4.3429690587395084
agm001146108,15.869372062880435,4.507591155979755
agm001146195,13.780797143670705,-4.277375610263229
agm001146233,12.018633105609114,-4.436348352905165
agm001146426,14.22561536640093,-3.4657760763919683
agm001146527,10.584109824263173,-4.574612561367491
agm001146803,15.769378044645096,3.920333282336198
agm001146929,15.467365065845772,3.4985038786920057
agm001147028,14.944362519284518,-0.9050875218463421
agm001147035,17.26831003425246,8.204318213168094
agm001147066,17.278342437849876,5.684510535542739
agm001147071,18.481080525158507,5.169946709395154
agm001147195,18.051412547277256,6.6595489950511
agm001147198,17.182919203916402,6.805032490132632
agm001147346,16.41867958650355,6.20279120422005
agm001147365,17.04540651768969,5.130907927228742
agm001147411,15.07998944569176,4.437994638647662
agm001147420,15.451276351043571,4.608542755103012
agm001147427,16.835155825656738,7.007740661028987
agm001147609,18.680106518943706,5.783015305422774
agm001147623,16.885327013419897,3.5772564000710885
agm001147639,17.373864073887557,3.5559199801208843
agm001147678,16.42800973207761,5.506930203301913
agm001147685,17.37800040378524,5.589966828134866
agm001147705,16.938202127101192,5.700435936153742
agm001147740,18.307272914410568,5.868043476048294
agm001147743,17.356031340428082,5.910959505016523
agm001147762,18.8984530905722,6.821325161571182
agm001147780,18.01461650209483,6.719398956276738
agm001147797,16.172382518190982,5.296223717266928
agm001147922,16.94034603612161,5.710382931818649
agm001147958,16.629773474632582,5.6296805256466635
agm001148156,13.471256175235709,4.046597987405222
agm001148264,12.828453725067948,-2.27663292957262
agm001148340,16.47067152679726,4.260992844796311
agm001148404,14.531325177448497,0.7592886530207217
agm001148505,14.752353613521231,3.3020796926722347
agm001148750,10.046594998471765,-0.6713102120661878
agm001149092,15.079389579308334,2.481661073650759
agm001149093,15.624958985332617,3.7890629345531686
agm001149177,14.571297956944026,2.1504945779073426
agm001149273,14.565514508898394,2.131529984673522
agm001149440,11.495535476132357,-2.2201748375144073
agm001149844,11.862736767527988,-3.5307424705625845
agm001149913,14.303944334913115,-2.9883055468706523
agm001151294,17.1639390322208,6.004130257855311
agm001151351,14.668704114459716,2.46910788467748
agm001151372,13.089332580808769,2.887880736265619
agm001151441,15.59948973125226,6.990547772196771
agm001151556,15.531499821120422,6.5650528310487966
agm001151587,14.51880158072371,6.235698865521234
agm001151610,15.10103521692854,-0.6151980263987555
agm001151619,15.21767997358737,4.0388956230124045
agm001151630,15.329399094310046,4.15567803772695
agm001151917,15.206837182178955,4.539777864020982
agm001151941,15.113768330329494,5.807084188600156
agm001151991,15.823303819022595,5.661352293020219
agm001152034,15.909626843511644,3.5453573290548834
agm001152049,15.588095684887554,5.6196127250240675
agm001152080,14.397803425172414,3.078688657814766
agm001152116,16.016737932215698,4.055240087483083
agm001152170,14.46991359180446,5.445923011388385
agm001152184,15.372112366937285,5.651142650594103
agm001152211,16.424036253986117,5.035784803383093
agm001152223,14.46987181086883,5.464795443009524
agm001152631,12.600615288835145,-2.923018936894076
agm001152898,16.41434687484272,4.203340111096434
agm001153094,14.174403227089758,-1.531925483127873
agm001153166,14.535058187667813,-2.4188574370532674
agm001153168,14.46632218434343,-1.336557538733227
agm001153439,13.905201364779328,-2.4736285724495373
agm001153696,13.021793298032541,-3.4829356188009104
agm001153699,11.754094744289155,-4.6620165855433005
agm001154052,14.197540950652277,0.8730673341640527
agm001154093,15.826691007584559,2.289603591496653
agm001154104,16.571706777599097,6.0156831162153
agm001154232,18.55220676685975,6.229575888797173
agm001154258,19.102117374581283,5.92096999381879
agm001154310,16.696488711470597,5.255996283853333
agm001154334,15.30731443143029,4.9943115060563255
agm001154389,15.957996755808638,5.507490616673477
agm001154480,16.605529366310964,5.2035067610427514
agm001154500,16.806760197720667,5.351310188469712
agm001154556,17.582138681140382,6.159013421162908
agm001154558,17.010793198637284,3.4719170949132288
agm001154581,16.181902701503766,5.178788224202994
agm001154700,16.480485147022485,5.181941962726562
agm001154705,16.204516035938298,5.021586689333446
agm001154712,17.990016293247546,5.161104458568393
agm001154740,15.973292945242763,2.623312541063113
agm001154820,13.22803602135063,-4.202449581430916
agm001154875,14.665021602410242,-0.47144752797288536
agm001155010,15.964071892296724,-1.5431955480063237
agm001155333,11.96739449765932,-1.1307389990724372
agm001155336,12.036243542157498,-1.0438080125466156
agm001155873,15.473614991058911,-2.047008138418188
agm001156695,17.211683447821027,7.733931885788398
agm001156707,16.469976297404845,7.364560426935519
agm001156711,16.622594999539732,7.229173437115361
agm001157234,18.01413127299661,5.218718533153927
agm001158330,16.42024578120544,6.20990053603826
agm001158363,16.0219697279267,6.17379435282187
agm001158392,16.142632196164907,6.724607764019812
agm001158400,16.223736843778546,6.790652539779936
agm001158411,15.40011061686365,3.931150387237165
agm001158501,16.599603026682388,6.313099537316679
agm001158578,16.104913243314723,1.3581289817466526
agm001158645,16.262461020993232,6.221337802155192
agm001159024,17.498707954920192,2.620717176066475
agm001159193,14.436404543398288,3.7232568829402855
agm001159209,14.23682429602157,3.7204280470624616
agm001159244,15.797444797436382,5.177696880017764
agm001159298,16.083459079621594,4.936838470373106
agm001159306,15.494386643980917,4.647358492332065
agm001159326,14.828438015352392,4.470293138907049
agm001159439,14.793472424354011,4.287717132765551
agm001159445,14.96913289696484,4.4915324408109365
agm001159456,13.780360356544394,3.548177578347032
agm001159633,15.31524692522989,4.353995672789303
agm001160222,17.319871922584515,6.518001572007545
agm001160237,16.549710362061894,3.7823561763201425
agm001160251,16.993016856195634,6.0700811381512985
agm001160265,16.68350380194251,6.289960468476384
agm001160294,16.92767611377387,5.47202945687618
agm001160305,17.136702875783264,5.5016708575671895
agm001160342,17.938318940773176,5.075772833378058
agm001160402,18.70738971464886,4.639224391590719
agm001160476,16.966817934454923,3.084524676074932
agm001160482,17.114078825242306,0.1442584007999459
agm001160487,16.690507991330445,2.99434341856748
agm001160566,16.436264833646362,5.292085247352828
agm001160574,18.002194670968606,5.124529131657237
agm001160578,17.09992870283606,5.457556682988288
agm001160851,18.085893307286483,6.906747736551223
agm001160910,17.753819772040384,6.473171466959733
agm001160921,16.90038351892917,6.4870106713388545
agm001160992,16.103144695393265,5.657471121268777
agm001161112,16.286149753362054,6.099022793061421
agm001161248,17.11536067897629,5.586194479851471
agm001161313,18.85306968123447,7.164802037816324
agm001161343,16.13580437821287,5.336721965116638
agm001161374,16.56489981725512,3.0428977119867007
agm001161378,16.72383948167762,0.7212800009623619
agm001161441,17.624802829270468,4.998693834814669
agm001161771,16.377422675955014,5.358772953095411
agm001161782,16.858926050945144,5.477923238586299
agm001162235,16.446582348460247,2.9382370393359336
agm001162261,18.029554829100793,3.8676696434801263
agm001162297,16.13867835454994,5.24909052678315
agm001162358,16.97550035069174,4.857106279364749
agm001162466,16.446947659811197,2.9296340738742552
agm001162494,16.83684649526489,3.0948929190758987
agm001162677,16.25341089741965,4.5317109362349965
agm001162703,16.388254386608715,5.415842997341539
agm001162707,16.124024021883706,5.3216076015135005
agm001162743,15.956146895130207,5.2633932856915235
agm001162825,16.454646083225562,5.356351142232496
agm001162905,16.99725232841358,4.900119340150116
agm001162930,16.253661694512505,5.359772856766486
agm001169689,14.887858774814733,4.579456921590729
agm001169874,14.360530989947312,4.790832309972248
agm001170008,13.520038222974021,3.3915893128423353
agm001170144,13.870839646131833,1.4743378068265531
agm001170224,13.75871390580211,1.6378499718169686
agm001170225,14.343130914065192,3.3329485272254593
agm001170280,14.17016714140325,3.203865983077717
agm001170300,14.054857968822594,1.589051824150322
agm001170303,14.056132112481606,3.1512105202946135
agm001170565,13.385091506906987,2.0444351202108546
agm001171188,8.648846019017952,-1.8195272760143368
agm001171197,8.465352091578511,-1.7567729237359018
agm001171199,8.562174262955875,-1.9041932451613153
agm001171220,8.064563568082184,0.014473290745675271
agm001171337,8.040506036566367,-1.9930060781755568
agm001171554,14.850718162500927,1.370289805407861
agm001171863,11.256652433365526,0.7718415787745562
agm001172002,13.925385075123794,0.7332108888434791
agm001172354,16.180101720493326,5.630543035424871
agm001172947,11.06757958823694,-0.5776426616734209
agm001173065,11.01231347064662,-0.6065252680117516
agm001173171,11.422430663504135,-0.30563240841941547
agm001173318,11.200631914062834,-0.45903032154163625
agm001173435,10.968013000751448,-1.3579606948452525
agm001173531,11.352361626504218,-4.342186620303704
agm001173743,10.848964281420571,0.6522321006839574
agm001173787,11.370872515766871,0.9067623797091097
agm001173958,10.564485076173364,0.061339899379983485
agm001173960,10.460143098708356,-0.3414914975750314
agm001174069,10.931638384489737,0.7340651158993333
agm001174074,10.894675123399312,0.7058342065188311
agm001174080,11.211963350602863,0.9329232347920046
agm001174429,14.973952563353507,-2.4568526284349055
agm001174442,14.91686916131834,-0.3951372513513931
agm001174562,14.557306152919798,-1.4826158807527534
agm001174886,11.15644874701215,-2.8456332763437273
agm001174976,10.305897723753032,-3.3291384817467264
agm001175046,10.139908323334316,-3.4480208216090795
agm001175135,11.322630627023136,-1.0743708881824616
agm001175239,11.32947007602113,-3.4529373076895684
agm001175656,13.454200944986043,1.3623790291703735
agm001176236,14.867147065106408,-0.5291554799151861
agm001176694,14.67852171688446,-3.0055747838300952
agm001177035,14.353303303274224,-1.6763046533418173
agm001177355,18.1175540691233,8.566724268898398
agm001177362,14.742390884161715,2.093786138361635
agm001177429,14.941447648401097,-0.7118969444091844
agm001177467,14.923999701286208,-1.2702270747539377
agm001177502,15.132361258222245,1.172297453845406
agm001177621,15.206462851653304,-1.3571702600544147
agm001178810,14.504148192014261,0.9884068601227382
agm001179021,15.208302240842025,7.0572871708091975
agm001179131,13.138490570266185,3.850730841340537
agm001179170,13.833303830927804,5.629801636485347
agm001179195,13.532815904147013,5.5593485917954695
agm001179276,15.1079251740869,6.971446518878909
agm001179286,14.528489260133227,6.483044446618678
agm001179291,14.408734425876482,6.095135629450973
agm001179352,14.56154353337345,4.698079878601517
agm001179716,12.823847634859925,5.170149861212798
agm001179879,11.204675802603326,-2.8498380116838358
agm001180457,13.33842948921354,2.629864466147339
agm001180489,14.859041959550858,7.03961363589795
agm001180720,17.359619595845604,8.035572968799574
agm001180903,13.56731431010697,0.9192913368323244
agm001180911,13.687151162779301,0.3602963739092277
agm001180965,18.188396237762557,6.336618340629253
agm001181032,13.143522053928939,0.3736030493773998
agm001181243,15.02093488061533,1.1448555528856967
agm001181290,15.117265917569497,-0.378835127390366
agm001181495,10.755738391475566,0.21311928273604153
agm001181527,11.224915200264626,0.7970784394952316
agm001181638,11.25638842462591,-1.4771911338390016
agm001181699,11.253218635962405,0.06888243369691516
agm001181705,11.240852744183636,-0.7385325171082749
agm001181712,10.962711528171438,-2.048723916816417
agm001181722,11.46597316079397,-0.5053812735370021
agm001181747,11.161494318244713,0.5360617480430315
agm001181861,11.47792213388358,-1.2701210266139416
agm001181864,11.45199809859578,0.24913495541042727
agm001181916,10.951459143123232,-1.498961806728986
agm001182046,10.767078292509295,-0.48950617645455746
agm001182060,11.3911189202656,-0.15232138317136842
agm001182138,11.31346424353812,-0.8392156863019716
agm001182410,14.973955531978048,2.2878233149556526
agm001183016,15.057290365798565,1.1860921689636708
agm001183023,14.962719659205462,-1.6675615027949096
agm001183098,15.860871638862179,1.768056886938253
agm001183150,14.962245496281225,-1.4692761401024523
agm001183168,14.725584766201886,-0.5713054196168758
agm001183211,15.084991072679202,1.2895336037668947
agm001183519,14.379458434942974,-0.4055746049794647
agm001183560,13.84907183002373,-0.6851590247094208
agm001183685,14.345946460809555,0.734488666123332
agm001183725,13.953061441394004,0.2036974040355458
agm001183744,14.324794495730039,0.7198127402935258
agm001183791,13.810426574116365,0.7630434536490517
agm001183866,13.590305722868878,-0.041493372473368595
agm001183883,13.994711717037227,-0.9266211565203216
agm001183902,13.883007478687526,-0.747919313078229
agm001183903,13.811689861165263,-0.8147572699575699
agm001183919,13.779262587950972,-0.8099098738999745
agm001183939,14.455728328372004,-2.4867888039031585
agm001183975,14.61387312011192,-0.260412429222292
agm001183979,14.736688794354805,-0.7788628069678237
agm001184027,14.275443592372683,-1.2116827332358409
agm001184060,13.852943506685827,-0.7310044817147379
agm001184323,10.94356630279301,-1.8098085799613834
agm001184429,11.328607513836628,-2.11458769320639
agm001184443,14.136253520201429,-1.5552925178681416
agm001184445,14.145408165820454,-2.6324082621622424
agm001184484,10.988646602581012,-1.9390255686438316
agm001184491,10.283672626610567,-0.8459716489328309
agm001184549,13.37573955705291,-0.4597228022214412
agm001184715,12.05783305346867,3.6044225618845904
agm001185027,15.3572547915032,-2.009768360477166
agm001185056,14.665802367221623,-1.713611070434279
agm001185496,14.088135964997328,-0.5758882330768481
agm001185499,14.206157186450392,1.0575156641032055
agm001185527,18.6603658887614,7.011580800208775
agm001185531,17.818054235277497,5.144263444687788
agm001185536,17.323918288215275,6.066668160144619
agm001185638,14.751878870339125,0.9842970583908333
agm001185772,14.54531855234543,-2.5926051190386716
agm001185858,14.640368445548873,-0.9179142639619092
agm001185868,14.71818014915842,-0.8163625662150338
agm001186485,14.460057601784895,-1.9860678428967493
agm001187193,14.691557430509219,0.656315016191917
agm001187517,14.64413617498043,-2.0329933959224284
agm001188066,11.53235385361963,2.812625617588884
agm001188172,11.843464690292352,2.7290666873518674
agm001188242,12.92293598464578,4.073358122849714
agm001188245,12.878928938029283,4.044642558187274
agm001189040,10.92762589635772,-1.8713295032944597
agm001190347,16.04019469703934,4.795459453976318
agm001190666,16.447237569745802,9.429726800340653
agm001190984,17.76226898493038,1.4161329985482896
agm001191001,16.515660907598722,5.361118338003468
agm001191004,16.991490850063617,3.0434261618371705
agm001191046,16.217132433289056,7.080337111571108
agm001191126,20.036711388647255,7.978068225512084
agm001191212,17.232298842597235,5.591803994736687
agm001191393,14.851092168595054,4.7210632620305475
agm001191421,10.52352002073338,4.148278504049461
agm001191573,9.084771943703526,0.9151072713703132
agm001191713,18.578146531068565,2.638920443853717
agm001191738,13.112459047197383,1.3576001484682774
agm001191765,17.32503795049147,7.741926643606789
agm001192395,10.793043320577768,-2.601838087413193
agm001192698,12.637531687270089,-0.49965061361392316
agm001192699,11.081638017027082,-3.1745428546361865
agm001192844,15.632954154120581,5.019521364430525
agm001192942,14.599315502059724,-1.528145340554887
agm001192961,15.607551821241463,0.5329490264873442
agm001193286,10.525982797979657,-3.263817045264091
agm001193643,18.53024744244498,10.397643835577293
agm001193789,16.630920425772278,5.460279105203225
agm001193807,10.907043725114859,-2.9532504829882895
agm001193826,13.091274370587998,1.258566750597036
agm001194199,18.106721848118987,6.251229532652981
agm001194243,15.296694326720846,-0.005691149726185785
agm001194392,15.089315295060027,9.115116959405604
agm001194458,17.71018475407948,5.801813047235303
agm001194460,17.065941456971625,5.52657132978912
agm001194482,17.406637440513098,5.53617435730236
agm001194483,15.182714339751259,5.139426295567716
agm001194529,17.277329055523264,5.619145183052435
agm001194545,17.6842401101991,5.741831993545808
agm001194603,15.429993970857444,5.269777857296771
agm001194779,16.80378416439154,5.443578676547399
agm001194931,14.320383616696487,-4.414200525167356
agm001195117,16.102792716180875,4.734764278283038
agm001195146,15.74328351301955,3.405817368198049
agm001195235,15.69850315777959,4.798419272835417
agm001195255,15.84050247763014,4.864055771064184
agm001195282,15.523288406525102,4.714537390860512
agm001195396,16.275901121688324,5.587591765559181
agm001195955,15.445797915425212,4.211182021081544
agm001196189,13.894060299764188,3.446812972202641
agm001196205,9.128025310106413,-1.4951546710589811
agm001196264,13.36657490738419,0.8136105011517847
agm001196298,13.772897150695616,3.5471912778751262
agm001196452,14.43291087600749,1.9204023391252187
agm001196537,13.824355532244287,3.606194981954091
agm001196547,13.846516975144825,3.6113826503574242
agm001196549,11.178540768192812,-0.648605945406449
agm001196589,13.929350627351695,3.4621496687529585
agm001196627,14.123831708472173,3.2034621245643944
agm001196700,14.26258916130073,3.776862158057086
agm001196786,15.49000776595917,4.94042195572748
agm001196931,15.079937174666625,4.26380481309265
agm001197013,12.685599814832992,2.517150045164118
agm001197209,17.092909039053964,5.226113507916099
agm001197221,16.39597958813215,4.74945360318055
agm001197303,14.06968256960695,-1.1344787166421044
agm001197324,16.390485520312655,4.894992503280289
agm001197325,16.242071163214423,4.8260092618014685
agm001197623,14.339595013352396,3.436948482295782
agm001197776,13.521625051523024,-1.7948541105444145
agm001197863,13.76941527616051,0.10890107990517084
agm001198080,15.136132667830394,4.264501083029075
agm001198114,15.087077090786668,1.7352616979060125
agm001198489,19.45364883371638,8.846047540839283
agm001199029,10.363660868795815,-1.9958717970774549
agm001199372,14.660888808130638,5.391894752469547
agm001199543,17.49077387919435,7.833871649438225
agm001199669,14.718283074966617,1.1918903889954242
agm001199682,14.02740933872756,3.2372213308245845
agm001199819,16.564655299064814,6.268713339164342
agm001200314,16.676651005414087,5.821061898791099
agm001200396,17.936783043884677,6.306267401552786
agm001200483,15.793282959371021,6.275943256667507
agm001200499,16.002359423447277,6.222983926308929
agm001200508,17.019955273563653,6.456615908738512
agm001200516,17.01887004153939,6.498274299336739
agm001200559,16.727723398036332,6.307692993332191
agm001200562,16.252700769670426,6.110588932131419
agm001200604,16.114757893169955,6.041648167481686
agm001200621,16.60971897829863,6.081216405227333
agm001200633,15.856344412446571,5.8954674402457865
agm001200640,15.889014773901655,6.352526585133248
agm001200682,17.452563137464676,3.7427255135890203
agm001200768,16.051342585690062,5.94854133552132
agm001200894,16.847284462707073,5.863318524106154
agm001200916,16.459581700093675,5.924774045485426
agm001200924,15.907954073937697,5.661598592480893
agm001200994,15.78286398149557,5.510788798188413
agm001201187,17.220320411837275,5.740354028973274
agm001201689,17.205892341979673,5.11684682487088
agm001202510,10.444948437713874,-0.5039447906191787
agm001202579,13.304938534073232,0.21505589912202883
agm001202671,12.823828662522297,-1.9566918181461208
agm001202926,12.245327813437356,-0.976295593016788
agm001203062,13.61313699079043,0.6789328701147612
agm001203078,13.39895970667781,2.822607845450943
agm001203240,13.56623803910192,2.484946750567209
agm001203241,14.01556133066862,2.7981106968936795
agm001203292,14.237696345834543,3.7274442429530574
agm001203625,11.909566489535736,1.6547817324219043
agm001203639,12.400276135228301,2.384799066327
agm001203647,14.16053192146698,2.5633239640469885
agm001203905,14.236613888206225,4.159264749505715
agm001204040,17.141378132209404,5.376534423023432
agm001204358,16.57908322808895,5.5970356737927816
agm001204422,17.953848147270506,4.391416617949058
agm001204558,17.643506474280557,6.084545790602653
agm001204881,9.336632992733085,-2.1198763684117514
agm001205050,12.747274207732362,-2.837218778568566
agm001205155,13.83246212104755,1.5147798880661574
agm001205312,13.308648999815203,2.5438748824531197
agm001205355,13.367561701664075,3.742471273000591
agm001205442,15.572192470531562,3.4890955820829186
agm001205545,14.75753064838738,2.4284001688819936
agm001205853,15.117110178409147,2.3829009373569336
agm001206161,15.0186701547357,4.665391752722867
agm001206313,16.511274012419705,5.5414532741742075
agm001206324,16.563968457048162,5.218515693767589
agm001206407,14.219166460567124,2.796462905267778
agm001206653,14.90484531031083,4.18370574786684
agm001206668,16.28410907627381,4.605958847903011
agm001206810,15.117907049877424,4.8990274478856985
agm001207010,16.32032729927651,0.5173339088442006
agm001207133,17.080138091709063,2.5238603001281454
agm001207178,16.428622946300106,3.882070559933206
agm001207244,18.47492913686954,4.621672820527321
agm001207246,16.659879651803045,3.0015063467902428
agm001207328,14.860804943958744,1.9620589096152639
agm001207657,15.031619231333485,-1.0170074716861084
agm001207890,15.522370417436369,4.457822216009032
agm001207991,16.07560606931125,5.891884613886468
agm001208593,13.968632284986365,-3.824896888925302
agm001208730,19.22077525320651,8.054917267925543
agm001208773,17.25891171751038,4.89399012085023
agm001209023,18.726779018603885,6.79005485186198
agm001209031,17.337726569048375,5.414735455601267
agm001209047,17.339520098111777,4.67490045334504
agm001209077,17.599070522706747,4.916213165752608
agm001209131,15.886327118340851,4.926052245427172
agm001209134,19.077124787475004,6.7875114224084
agm001209143,18.078292266123558,5.875355380065909
agm001209178,16.77242632595763,5.30591623495156
agm001209210,16.87993661136857,3.0846793835123805
agm001209249,16.922250501269623,5.3314374400475595
agm001209256,16.855877130906908,5.306376522991292
agm001209276,16.69886133254669,5.184282931052671
agm001209278,17.710275360281997,5.103867387358708
agm001209294,17.566414420239973,5.155131378609411
agm001209315,16.59014008054651,5.474441165990746
agm001209477,17.706207538754423,4.531333001760875
agm001209484,17.53508552671821,4.390923790805251
agm001209507,16.54194339295414,0.6782937174202921
agm001209512,16.54112612456567,2.749405216437517
agm001209618,17.11270226810479,5.332126368045336
agm001209626,18.0306132291649,5.8323824029224145
agm001209659,17.32774019431512,6.094186698739677
agm001209732,17.001886736657987,2.774796632793203
agm001209734,16.680023722572088,6.726462043233244
agm001209745,16.424848970579554,5.155297182863464
agm001209775,16.64085849115383,5.3048222709017825
agm001209797,16.628790512671518,3.6730346574358776
agm001209833,16.911307472076928,5.887407451315173
agm001209983,16.26763549123232,5.607641744062432
agm001209998,16.06027972960023,4.911298189445542
agm001210333,17.736403424728618,5.787500873278331
agm001210349,18.469334908628117,5.674156883662237
agm001210406,16.689261527858623,5.387120869075222
agm001210564,16.392870226921183,0.5995254568175215
agm001210724,17.592602795769228,5.722193253247695
agm001210830,16.454364213876648,5.34236884552854
agm001210846,18.673143273884637,7.084902572760241
agm001211219,11.447617765330135,3.7497550125121637
agm001211252,12.114672645915014,4.34185280480654
agm001211305,13.68261680565147,-0.23232296607492575
agm001211360,13.728174423264583,4.237342458051723
agm001211457,15.111782142391151,5.470702818272346
agm001211578,9.980519011961308,0.8848208523301002
agm001211610,15.116032829890043,5.403581283514558
agm001211622,14.611929215875168,4.995435308669181
agm001211730,14.272715982545002,4.466859335006225
agm001211914,14.497471837760216,4.802842625612243
agm001211932,12.66874050391525,-1.690532911644179
agm001212197,11.821260707162452,2.7463119232610174
agm001212279,15.69466194007543,5.699592561523862
agm001212353,11.945308692212551,-1.2090968501488089
agm001212504,10.048922932338947,0.2030409564942488
agm001212541,15.48744442015769,5.622946160748348
agm001212729,12.56163374037875,1.0433656080880374
agm001213080,15.00046909539693,6.412033407394494
agm001213156,15.741186503128255,5.202120314254987
agm001213257,14.459501816228238,3.1327759800047295
agm001213267,14.350014883187242,5.477549430817826
agm001213320,14.743201342671181,5.421309682462208
agm001213345,15.24992818719883,5.80186624287598
agm001213352,14.865570772372827,5.765742736300026
agm001213426,15.061023643236627,4.457420719582622
agm001213439,13.972689358602768,4.895102855711431
agm001213467,15.547954973521511,5.738069293710232
agm001213473,16.132473654050067,7.14066528446096
agm001213510,14.570032795071377,5.325544402453268
agm001213605,14.824652053990569,4.9194860332833885
agm001213663,15.13954973067242,4.922215067492168
agm001213666,10.931805858357531,-0.1019623498222133
agm001213674,14.747633376700385,3.7570179711455114
agm001213993,12.248482808955135,2.0177279735250258
agm001214022,12.520160056092575,2.349707268016665
agm001214040,15.508252529010681,5.033181725216237
agm001214221,14.937092339020023,5.819683015820521
agm001214227,15.322581109026972,4.458574265509114
agm001214440,16.356085438510785,6.128574582203497
agm001214485,17.004630757792714,5.798487571812283
agm001214525,13.295752922549037,1.2529512208246265
agm001214735,16.03162993617286,4.980858474683104
agm001214866,11.320297772519424,1.9816771129958886
agm001214871,13.54292332119541,3.5554545273336435
agm001214914,16.076692952279704,5.402021777113779
agm001215006,15.377421574416836,5.547689058711249
agm001215011,15.296374685219254,5.612450779400257
agm001215669,13.871035978268559,-3.5920782417708432
agm001215671,13.834987007728039,-2.5478124223327248
agm001215872,14.240716441501254,6.135534569856035
agm001216089,13.999792417758288,7.028427402649885
agm001216157,17.024646855327862,4.488996007877439
agm001216256,15.29690780892777,7.034860656750527
agm001216412,14.009478580523037,5.227084276292491
agm001216413,15.379594297294682,8.420756587624943
agm001216506,17.230129989695325,5.957405466658439
agm001216595,14.038782674995296,5.487642709008659
agm001216640,16.341608681217853,5.1885709771402535
agm001216732,14.857850099587647,6.455270944969922
agm001216808,18.118873255178933,11.231248124665484
agm001216903,13.883788555090563,-3.9994590614946324
agm001216907,13.929098315020694,-4.182406918803722
agm001217017,12.748645595702154,-2.929607202380068
agm001217174,17.16742885313405,5.589698642163601
agm001217177,17.133697854234327,5.6029490000785955
agm001217252,17.397867996692398,5.670666576656725
agm001217344,16.692931778892156,5.432228951628367
agm001217346,16.194396360020818,5.389235930452533
agm001217417,16.615846125305772,3.067258993195747
agm001217516,17.60867652596562,6.009728282512346
agm001217533,17.08308066297819,3.208027066239624
agm001217625,16.24375846428523,5.383968756890296
agm001217900,11.311639189547067,0.13107056845476883
agm001218025,12.79067767918752,1.9799413580882081
agm001218172,13.053985293884777,-3.510001178696988
agm001218270,13.85096050452359,1.347657565057209
agm001218289,13.805800612015105,1.0602579335837214
agm001218453,14.485296822023784,-2.6218099640296293
agm001218668,13.622193482252612,2.007933277245429
agm001218673,13.065302544562677,3.3244478914697595
agm001218692,13.35251208014043,1.8611491650728809
agm001218770,14.749452151376941,2.2420329437528386
agm001218819,13.522360645184225,-1.3767321844966354
agm001219014,14.861487859066978,1.284734088902309
agm001219015,15.180189117784058,0.23336511460369636
agm001219261,15.100875692519367,0.6693784915123295
agm001219309,15.29765848106237,4.205097106673168
agm001219453,13.806708206520991,1.7383317113477235
agm001219686,17.37159378568548,2.9446586370764933
agm001219768,17.0745285409914,5.683444433511895
agm001219769,16.96167813589642,5.520415549377551
agm001220019,17.09021995920095,6.538231397452051
agm001220077,18.713929018412898,7.096575860307204
agm001220108,16.18624134347827,4.025613604153701
agm001220159,18.43475790736019,4.134169542325553
agm001220192,18.189510562416352,6.4658595325035595
agm001220198,18.85460747073853,6.6515434711397745
agm001220209,17.885260604693418,5.890227935763691
agm001220246,17.472555676294903,5.735599030810269
agm001220351,17.83602560145837,1.5657249345879052
agm001220385,16.77308382575453,0.7260954859287647
agm001220391,16.697534452407236,3.105101242689952
agm001220431,16.5924286836827,5.447624582928734
agm001220439,16.418936608918695,5.463720297943571
agm001220455,17.9248725971695,5.88324820704106
agm001220498,17.92007466014371,5.580787589230827
agm001220518,17.348960160591652,5.6533226242045975
agm001220566,16.994538573754994,5.555718644538343
agm001220619,17.620911299157413,5.765109427282087
agm001220821,14.259507161204965,-0.3932330017110841
agm001220895,13.711385656491675,1.668781482445973
agm001220899,14.262084896798608,1.1063208438300016
agm001220969,13.804704327122506,-1.2779435700750588
agm001221068,14.709833284811701,1.128026337183445
agm001221069,14.440051370177954,0.037124838271685334
agm001221298,14.848004943786092,-3.2582300304755556
agm001221346,14.623426085365411,2.0394721877096913
agm001221490,13.679741374120537,0.2259954439024554
agm001221542,14.139566693958988,-0.17593265500632338
agm001221588,14.342736418768625,-1.8855143064292834
agm001221666,14.15559237567044,-1.5044450195453969
agm001221787,14.292553025967997,0.3622847557716442
agm001221860,14.706095925393637,0.9609101199705918
agm001221867,14.557878710142155,0.7818259743602436
agm001222204,17.13760597750174,4.173895530094487
agm001222397,16.264370245430317,1.5780967433506419
agm001222836,12.39661906744051,-0.6667955771418859
agm001222887,13.352558395043292,2.1402459455658134
agm001222913,12.839756243343306,0.30712909615110817
agm001222936,15.570707499962227,0.6959092590892038
agm001223363,15.39702537052056,5.1257019598202245
agm001223445,11.644380410973305,-0.21743503800639985
agm001223499,15.733569625142373,5.357378133018726
agm001223508,15.566357712086136,4.3711257579965554
agm001223719,15.042982817815359,2.923074200881077
agm001223721,15.629662491010205,5.310822066371602
agm001223744,15.61890592985614,4.300058150509505
agm001224000,16.42689889065832,4.79019447235917
agm001224030,13.58952637211407,-2.3406108661555445
agm001224047,13.007373256499278,-2.6283656335362897
agm001224294,16.254946159740538,3.752199295500779
agm001224340,12.94436749587087,2.2931420724154976
agm001224413,12.555665179171472,1.8228781921132775
agm001224815,10.92584452337019,-1.6329882918879095
agm001225390,16.131979459847155,5.319710791956016
agm001225607,16.224532789583193,5.351699809153027
agm001225622,16.820494815121137,3.4999993629448856
agm001225639,18.054806870999023,4.351119981811346
agm001225647,16.957249712192503,3.005803980318862
agm001225648,17.033429205577022,1.9256559447650048
agm001225716,16.613322667571218,3.0671808426353593
agm001225911,16.6612480728441,5.44973619708955
agm001226124,17.629234797437864,4.148158678286741
agm001226301,17.0381269862261,4.918598877349172
agm001226308,17.181297629873406,4.957830390631436
agm001226310,17.681425943391243,5.447871899520166
agm001226318,16.942265999737103,0.09221420001289626
agm001226379,16.889938230434144,0.046747691975605576
agm001226428,17.419742736078693,5.023716510991825
agm001226572,17.77389759220644,7.008195400458124
agm001226823,18.588847523705017,7.637824078389317
agm001226896,17.631787264805496,7.781883227316184
agm001226907,18.45872636780683,7.090452466560745
agm001227051,18.125347589707694,6.662879672306349
agm001227154,16.26693378784029,5.359864380276429
agm001227260,15.749943099186444,5.1587384084355286
agm001227280,16.875188610307266,4.209351650841922
agm001227364,18.038527606775418,5.707550589472878
agm001227666,13.38307059168107,-3.3994663634642963
agm001228089,10.382806744048715,-2.8875381103872337
agm001228282,13.051399804974926,-1.1197399120180238
agm001228451,12.385040991172762,-3.7521984419539294
agm001228534,12.567539585836837,0.2865777637674256
agm001229021,10.54573990794635,0.2244663514627021
agm001229187,12.95454116516141,-3.41454862714074
agm001229194,12.961346416113718,-4.052225532242165
agm001229258,12.223826960726589,-4.626527958799332
agm001229294,11.72075014120585,0.9613810673350693
agm001229333,13.34563722921059,0.5944389698042682
agm001229371,14.450623677071809,2.1478057478081976
agm001229661,11.021045103044282,-4.042368897159526
agm001229673,10.981335416366392,-4.183927675097856
agm001229884,11.598557238553253,-2.9067558621179366
agm001230011,9.252384814741056,-2.424946270350672
agm001230213,10.423671650791537,-3.2175282205623406
agm001230237,11.12172696978454,-1.5365565159134755
agm001230448,12.902334915605321,-4.2178150116867785
agm001230509,10.458841749647938,1.7919181795696897
agm001230715,17.077798806899388,4.502796306011507
agm001230730,16.768481309217037,2.159582982876337
agm001230732,16.098629388522916,4.458177184615243
agm001230735,17.481787124351754,4.718659748200119
agm001230750,16.995688874171602,2.2643526173560202
agm001230789,16.845344062084216,4.582453146680514
agm001230798,17.55037332518418,4.80204868546728
agm001230803,17.24111292396803,4.709165491518618
agm001231147,16.473902419254966,4.9055529385271015
agm001231149,18.50472470654145,6.540968498319287
agm001231168,16.8296099782862,4.864870404120124
agm001231190,16.974311161230958,4.883894728602098
agm001231316,14.68442277141246,1.7486666316012807
agm001231356,17.176982785131806,5.332325752860987
agm001231374,17.463314554492683,5.250315093188403
agm001231378,16.8587295789061,5.048348756395261
agm001231380,16.94763420264217,0.3505490763580932
agm001231391,17.437773466110166,5.49483438126653
agm001231413,14.061357878671004,0.2813959744445711
agm001231473,16.832668517146203,5.936836169072876
agm001231543,16.503598104660416,4.942315705223318
agm001231632,15.157292118067812,2.5701782124922765
agm001231741,14.121217854368592,4.46113864649438
agm001231945,12.572055899799455,2.7834154047665565
agm001231965,14.330010012445165,4.853098430355237
agm001231998,15.35412048497139,4.706184834108963
agm001232135,14.119374694900701,1.9102272448943571
agm001232139,14.576145226267641,4.499961283909064
agm001232197,15.38717849177939,4.975405370134777
agm001232428,12.263536990534318,3.368507975810825
agm001232463,13.906596663815618,4.050417998579883
agm001232660,14.417866521880162,4.553501424002814
agm001232709,14.601037642699323,5.142123164555687
agm001232788,13.442647888343279,-2.0322704363569493
agm001232846,14.262108679839224,3.397226992365325
agm001233025,15.636666002833593,3.1910759093865373
agm001233101,16.666337203869617,4.5632015678457805
agm001233129,15.02520685681158,7.010458629365106
agm001233145,15.212390366010396,5.4894053825196565
agm001233209,14.517847300944222,4.03393091679192
agm001233232,14.873913072025308,3.7590092004078257
agm001233520,14.120244354728397,-2.665913515058535
agm001233647,15.24774914337529,5.597354569740202
agm001234809,13.40142331232329,-4.435637560019192
agm001234837,13.382488648686865,2.049555911294501
agm001234846,13.231036721109632,1.5097786914006786
agm001234977,11.358422575007568,1.2695051943279303
agm001235402,9.429636322654776,-4.432809983809462
agm001235421,13.24008662174237,4.357297910711959
agm001235682,14.598495262313328,3.5046322784786432
agm001236295,17.09328223814439,-0.6462889159699093
agm001237278,17.74687525208466,1.8462079852462523
agm001237967,22.83357203231536,11.273048619921873
agm001238146,18.707146438463344,6.872579273702859
agm001238221,12.248576968085496,-0.16676093422829533
agm001238849,9.933476563963023,0.005320002089224711
agm001239551,15.991702465450844,6.801288832788768
agm001239572,16.386424147571763,-1.3913842958249194
agm001239998,17.11527982694272,7.691809109488638
agm001240372,20.090011459082785,5.693128166424948
agm001240691,16.03302201412546,2.4692405012700305
agm001240984,17.545674958650945,6.8164812190585815
agm001241570,22.965230379350047,10.838397710543157
agm001242732,14.465108367208748,-1.610605986074014
agm001243094,15.626293022215698,1.802664493032136
agm001248997,16.74347079427812,3.4007521146791753
agm001249158,12.418816514311604,-2.915544599496709
agm001258149,14.300611354212633,0.8776229786711541
agm001258184,14.350845330502429,-1.5367088580587283
agm001258510,15.398062865410566,2.9324666359780935
agm001258526,14.18045426837304,5.441584365332695
agm001258570,14.44142688847937,3.1793685595296726
agm001258611,13.75934392299446,4.970515671197133
agm001258629,13.764058183274585,3.5777871268875625
agm001258840,14.793614208160882,2.3126693765264554
agm001258844,14.080060586806544,-1.2430963496747889
agm001258866,13.456723972631314,2.4120795658991967
agm001258878,12.525144331401462,1.8237117541665266
agm001260330,14.762268691841731,1.6268807272187988
agm001260503,17.993768762953952,5.073864128577738
agm001260592,14.195110869722845,0.5593218679430704
agm001260604,12.754450497042923,0.28678641302549696
agm001260825,14.969083120875728,1.2303866725148644
agm001261212,12.706329152612113,-0.7706869283536429
agm001261282,13.803099151415296,2.1967509158897562
agm001261291,14.292847711247935,2.462824512133198
agm001261317,13.798584158556828,-2.030811706069495
agm001261372,12.535596743594747,1.6124419546278794
agm001261379,11.377490741856382,1.086566548353683
agm001262168,17.23365436370644,3.8002878192371825
agm001262402,13.080168919593312,2.2293127746054804
agm001262842,18.5434712581699,6.081917679252606
agm001263003,15.668382438992184,7.605267504455251
agm001263023,15.087801230128024,5.2207490250314565
agm001263131,13.616662816472257,5.2688055596776815
agm001263272,14.699788293166636,5.836531143141623
agm001263273,14.925983981115747,4.2157819394489895
agm001263455,16.350772861679072,5.338391182842545
agm001263784,15.325124917555401,4.158284568026418
agm001264050,16.721545156782977,6.572138908620055
agm001264317,18.723314080473155,7.227046172228981
agm001265113,11.707074900602406,0.947636540612581
agm001265501,14.812709558365546,4.710825175602598
agm001265650,8.304995430059245,0.12756091945781733
agm001265793,9.71621217855709,0.4392544217990479
agm001265882,13.244015171278342,2.7487026127936502
agm001265922,14.299654077828277,4.840055192552417
agm001265966,15.420295239938019,6.138638295890793
agm001266154,15.703165981808672,5.24638382621992
agm001266202,17.938330832747777,6.5256751309359275
agm001266508,14.407833100850873,4.680888503505439
agm001266535,15.807897725723533,2.904916263192882
agm001266601,16.649153200583275,5.555317839988668
agm001266608,16.249517495334988,5.363655826647374
agm001266843,15.338563509200002,5.389707462009898
agm001266982,13.147005834761146,2.4089577544863627
agm001266996,12.409012260663138,1.8556021798121047
agm001267198,14.187573952102403,1.8485145750927465
agm001267457,13.3402011293894,3.911827337017136
agm001267489,14.926539242084532,5.115679164018619
agm001267515,15.189118971645966,2.2922397801503247
agm001267517,14.681361179232077,1.9431682395263123
agm001267584,13.925763800606942,-0.2271403934653987
agm001267704,13.227747936093005,0.6066893006824495
agm001267734,11.023904865710335,0.3887479776220892
agm001268038,17.666068374012934,6.165709081247524
agm001268192,15.358975067056782,5.257272444694251
agm001268634,14.587352544962684,1.010562487464514
agm001268897,16.83799497282134,6.742187794909847
agm001268903,15.347434575510713,5.479886308105826
agm001269214,15.560527556787308,6.000025949868308
agm001269217,14.792029244440151,2.4717366546070614
agm001269227,14.639005993535953,5.520349129892079
agm001269356,11.164657118855798,2.1161980749027656
agm001269944,14.642773018458533,4.801700258121763
agm001269993,14.376169243315852,0.7746209351966856
agm001269997,14.871919662408361,4.068052050190299
agm001270170,14.616032043146857,5.582189074869809
agm001270337,12.425264943046834,0.41648638128171217
agm001270530,16.62528593938322,1.659754305496924
agm001270676,14.093679197519988,1.155306266578182
agm001270705,17.47442856559388,7.925933959152085
agm001271418,16.19673265595595,3.5683290886658683
agm001271441,16.327964676185537,3.572933453335882
agm001271790,16.804425182564696,3.4528050038438356
agm001272294,11.419317567381137,-1.3796886926582832
agm001273874,14.902095645814311,4.300879298957003
agm001274131,14.351139913593398,-4.91667215750397
agm001275813,17.314223065357805,5.582738756224701
agm001276125,17.872298211711993,1.8379426952669842
agm001276163,17.949333818340307,4.9803340026652965
agm001276170,16.82669923918314,3.7186140862288304
agm001276177,17.262477548677584,2.4944497028272408
agm001276290,17.385474373514104,2.5412909564908523
agm001276296,17.086497410145853,2.4129393731872497
agm001276503,16.577585517682277,2.195946278135166
agm001277063,10.811227508578236,0.8590970751910257
agm001277190,8.920993673797664,-1.1342448836743682
agm001277205,11.336233598187214,1.3479049127380869
agm001279087,12.88075245143748,1.024996348836612
agm001280062,14.630068517762103,6.664411396761839
agm001280088,18.354996589391824,6.654245411857195
agm001280102,16.852134434048104,4.817405731146146
agm001280138,13.94145621111744,4.377449814699995
agm001280216,8.16325312360339,3.543661574580124
agm001280254,18.183418785117613,7.810312802845406
agm001280413,20.115406069942907,8.004305860836258
agm001280421,16.99169858022608,5.493195854242379
agm001280757,10.702557034411202,3.0333737595757615
agm001280786,15.65972007602343,4.074146694845314
agm001280813,9.99695273483684,-2.4582744905043326
agm001280851,15.845546698530578,4.521038242548743
agm001281097,17.91291397119674,10.499103041157452
agm001281277,16.771933696641586,5.386767062537856
agm001281307,16.5298682667244,5.388700363869422
agm001281337,16.701494348138993,5.396324571161292
agm001281718,12.398548830457354,-1.3696138666949196
agm001282042,12.22513944081066,6.30438040810808
agm001282045,13.466844491964187,5.000099325444834
agm001282594,15.532062118218457,4.547376757800755
agm001282671,8.516139448594382,2.3645505035187844
agm001282688,14.363687750017693,4.1609946196394905
agm001282740,8.749609530322104,3.4599175342146014
agm001282834,15.679232652033345,6.93868933794602
agm001282850,13.913352255241422,7.918776671402856
agm001282861,12.492662227877082,6.349361119180923
agm001282900,15.797745905937267,4.503205712379278
agm001283159,20.427886363364433,8.020943340620756
agm001283354,14.579502589503903,-2.832828520522158
agm001283470,18.978985746699973,7.035848574341255
agm001283703,16.1030793484469,-1.787165504971754
agm001283711,17.497278279513885,5.640545627000792
agm001283818,17.030013267009185,5.511158561817747
agm001283833,20.174467261161183,7.9703277054113535
agm001283889,16.38108636899861,5.186073700103153
agm001284002,17.217532759197542,4.981625116196372
agm001284866,11.22032524084062,-2.8434226582586977
agm001285511,15.837751422156368,4.4670726739400735
agm001288248,11.721411756319528,-1.6241362025956656
agm001288294,12.034430943726527,1.6745948682617557
agm001288302,12.294348223104965,1.7922328989667324
agm001288353,11.701942800194095,-0.5550491096712404
agm001290891,11.052078629840592,-1.1974179145729282
agm001291082,10.634314124020188,-1.2384784027529934
agm001291270,11.757791283781897,-1.3875594746462037
agm001291315,12.97241228331686,-4.304207664239506
agm001292002,10.962753487373194,0.8066258439392024
agm001292640,10.824594430728038,-1.8602963583077967
agm001293365,10.62105323283594,-1.590856330608319
agm001293411,10.69873636185507,0.4571331294485885
agm001293966,13.432499966881382,-3.6011131000677663
agm001294122,11.0735149285007,-3.9270724576068705
agm001294416,12.160476285701586,-3.8747180175364804
agm001294827,9.994753111991853,-3.8263066639428747
agm001295563,11.263875907520886,0.07562373422642743
agm001295660,14.971387002666132,-1.657064332755441
agm001295669,14.818753191851332,0.5107223760594399
agm001296232,14.88597409524556,0.48229020887270213
agm001296235,14.72790496985528,2.6573000700922424
agm001296252,15.0918256979424,2.5901635002764234
agm001296935,13.88459797967935,2.577105083184878
agm001297404,14.425697166475873,2.771575839008448
agm001298350,14.476276493991145,2.1975548788433343
agm001298435,10.676722572364898,2.2530983398060065
agm001298616,13.217229102736217,2.360628232951164
agm001298961,15.218132809431463,2.9419397782374306
agm001299412,13.909348851574922,1.4278075691220335
agm001299546,10.465087303178285,1.157589649079318
agm001299626,11.575617322446398,1.3877041725718744
agm001300435,14.520509551216973,2.9907623481970154
agm001301082,10.370018083236547,-0.5250811619863818
agm001301143,13.170269742573662,1.8377759861388876
agm001301207,10.355438805539846,-0.24657657368351504
agm001301294,10.145498957593386,-0.3089564044984101
agm001301350,13.649820560955426,2.7957349096953514
agm001301400,14.05646594391745,2.7462354231026054
agm001301624,14.067938282214568,2.818419224507822
agm001301858,14.755701267240331,0.8326524454129167
agm001301872,15.112827837919003,-1.2213420066344813
agm001301903,15.040631161303613,0.9883244827980082
agm001302668,11.424137167709372,0.977480175347873
agm001302821,14.97731955533953,2.7944605883980085
agm001302822,15.362163457875873,3.0500836188972382
agm001302831,14.600223839851859,2.548337362367654
agm001305331,9.325744402566041,0.3395375635259077
agm001306706,9.540635047902116,-2.2414585916344505
agm001306997,8.988054065305015,-2.3118904472745294
agm001307650,8.720971573276259,-3.4256710994884916
agm001308033,14.157902450206839,-1.0182196325616255
agm001308218,14.723243399617225,-0.014386495444393077
agm001308270,14.61176098616512,0.8242375779206936
agm001308803,12.428357339947656,0.37866132039684075
agm001309233,12.889369679641478,-0.6528216857572895
agm001309848,11.116275981302175,-0.7858172453062533
agm001309861,10.167195807848739,-1.486172457489051
agm001310419,12.656591583154329,-2.87928305041122
agm001310506,11.029958518632945,-0.8834524326722111
agm001310810,12.381353955714403,-1.9805523999415868
agm001310811,12.328324017451191,-1.433027674355607
agm001311188,14.504200622282797,0.31582827544184777
agm001311964,13.44618305076565,-0.16114846885247758
agm001312084,12.13707006803042,-3.2880127094226896
agm001312201,11.062442735880188,-2.6305574514008283
agm001312428,13.174192591290028,0.39175187984456805
agm001312529,13.613850391317834,-0.33978050695852335
agm001312770,12.823182582942321,-3.8847701956285965
agm001312786,12.353974243313077,-1.674573487440286
agm001313797,12.95479670770078,-2.147644719909131
agm001314183,14.057127663054553,0.36353287462793826
agm001315431,15.4956142993685,5.404357654808873
agm001315528,15.134948794083916,4.868842316730179
agm001316618,14.059102350848233,0.6096575449236337
agm001316621,13.864517669583046,2.8020361205720414
agm001316644,14.52288175168184,3.850401956107169
agm001316647,14.135239618189544,3.570624837736102
agm001316807,14.359912278038326,2.2177463938024653
agm001317079,14.323614402588634,2.7468463442825737
agm001317117,13.642782993316217,4.132392213682651
agm001317132,14.79498507495308,4.134752019888511
agm001317137,15.330665073209506,4.462305111158691
agm001317247,15.366683310759797,3.501460247164328
agm001317286,16.73922700209407,2.512387678610053
agm001317294,16.491283347054736,4.728156156916128
agm001317325,15.317707446437531,3.0647303275644298
agm001317529,15.169189031410145,3.7092599895582383
agm001317833,13.768140362235123,0.8018241015746579
agm001318168,14.776452562729645,4.28328176896041
agm001318505,15.357551874628633,4.686242890861099
agm001318578,14.29317331685398,4.582234391344379
agm001318850,12.916723797237713,2.640929611892303
agm001318970,15.428926078470111,2.647610621436945
agm001319179,16.328028289668485,4.62409898689539
agm001319181,16.441377097273794,4.702437451506724
agm001319279,15.430215399415717,3.648675218348056
agm001321438,16.59760798023156,4.542649543070535
agm001321440,15.307133049377168,4.019912024267717
agm001323207,15.202358290303376,6.448014253387142
agm001323298,17.12342393176376,3.24006607350028
agm001323338,17.364969322565706,4.431486941872942
agm001323540,13.901211707904698,4.244719332109001
agm001323541,12.578968450451603,3.886061315132077
agm001324184,11.6070815196526,4.743448671673445
agm001324202,12.546605572347488,5.14379116241683
agm001324508,14.606006210060904,6.217874252050525
agm001324601,16.8972922061655,6.02034613785768
agm001324616,14.958491900118737,5.637883602031752
agm001324709,15.506010076453546,5.109175789566882
agm001324713,15.695555200765309,5.197066429784183
agm001325459,16.17266292704007,5.404501690112158
agm001325496,16.300785217629507,5.48648078488638
agm001325537,14.873516735462077,4.660492760770871
agm001325700,14.3191345329341,4.712018945421414
agm001326034,14.767764203236933,5.991730727358161
agm001326096,15.98891769712443,3.5816062046919024
agm001326146,15.410304525125452,5.5107504862194805
agm001326426,15.357906438111245,4.139172553634257
agm001326475,15.366192979274764,5.287388292247136
agm001326782,15.708814022665024,4.8202236048744895
agm001326914,13.396465384231092,3.985193120584784
agm001327039,13.251291575791912,5.129863496854408
agm001327045,13.448392844758201,5.24138251113872
agm001327051,12.30170900591517,3.4930988506167266
agm001327087,14.705338882340065,5.416265654771112
agm001327170,14.864922190605975,6.294710734203169
agm001327871,15.93187845525426,6.142078380415338
agm001328047,16.01951399089098,2.703961418763421
agm001328117,14.506776820996944,4.704272204123885
agm001328494,14.687376291223648,5.680728286478895
agm001328605,17.7023264104048,8.298871118631705
agm001328701,16.677858890672812,6.493106347660417
agm001328760,18.41382192200143,7.206350562293085
agm001328798,18.20599349762517,6.015598133691952
agm001328802,16.79837751032507,4.701703443918484
agm001328881,13.781411745051978,2.140466662343969
agm001329427,17.71386003488754,8.231943123204125
agm001329437,16.15299584097246,5.899399978850011
agm001329638,17.19193557225811,4.692324689620463
agm001329653,15.884988704518682,5.975808467136818
agm001330108,16.23555040903684,5.0441342652255985
agm001330202,17.489423325271357,6.193884894935072
agm001330214,17.01085323591664,4.658305826687251
agm001330304,16.778108473155562,4.504796924765465
agm001330842,17.768301227184914,6.149728636396083
agm001330848,17.67365075790539,4.777868450348512
agm001330887,18.851077017346157,5.711628703223902
agm001331546,17.38700281084923,6.7052687476408375
agm001331706,17.180661032885194,6.642307472768454
agm001333329,18.153688115339307,6.897848226500576
agm001333369,16.289227824575693,5.095543751355863
agm001333417,17.670239763102533,5.341341396802751
agm001333472,16.925633907356705,4.882681335239534
agm001333493,17.182174899471654,3.771857374484628
agm001333518,16.338744542304894,3.314235085214923
agm001333642,11.07265880343709,0.8717650043825378
agm001334857,12.317294062936437,3.855575201433984
agm001335385,12.507443389690378,0.651974478940593
agm001335409,13.613985925923139,-0.5500102234914248
agm001335534,13.743782831757404,2.70835795049973
agm001335843,15.574976830233744,5.5424734036951
agm001335878,14.17535356983372,4.827064123576148
agm001339216,16.952579222124417,3.1500512882102445
agm001340268,12.760511849050449,3.5078569060345086
agm001340305,14.179118773895317,1.4580404658726183
agm001340473,15.010466524179678,4.063967612847389
agm001340512,15.064048732079256,1.7985002250059043
agm001340516,14.765604391229758,1.6025937390891416
agm001341023,12.883329782961487,2.0196824761195877
agm001341036,13.237550769368642,-0.050210594959141375
agm001341037,13.17936812224217,-0.08199112619670856
agm001341059,13.02265146957158,2.102275597728617
agm001341155,9.726451842021765,1.2068713124195614
agm001341597,13.807972027304851,3.2540072947584324
agm001341602,14.28986566438365,1.2518778224553948
agm001341663,11.323639538487031,1.688941961999137
agm001341706,10.826480405361378,1.6846079498016517
agm001342073,14.622892368392298,4.398801264459369
agm001342137,14.260972160195475,4.13507397991032
agm001342162,13.685772479088445,3.7256170443166776
agm001342217,13.802283006174418,3.814363509884923
agm001342851,12.55090766152244,3.449334152953405
agm001343801,12.859717735981912,-0.7123633474443052
agm001343815,13.00366752844058,0.7578841098824354
agm001344623,14.606582421729595,2.8492679720668876
agm001344669,14.328227559178139,0.3591301153271136
agm001345590,14.504747762284671,-0.060613585670132863
agm001346343,12.758904092713594,1.7093154712377228
agm001347216,15.16531318386825,4.654094968658031
agm001347235,15.241205945356548,4.697844801542461
agm001347240,15.289716998054395,4.742294321204774
agm001348665,15.796440809914973,4.619558088289646
agm001348703,15.396457797826663,2.067749214688079
agm001348719,15.472953968404214,4.408937807681485
agm001348754,15.011727399806544,1.8171597452504669
agm001348977,12.163375509107746,2.6464547695572467
agm001348984,13.950204260904409,3.613706497957792
agm001349204,15.140913289015993,5.607485842696319
agm001349244,12.90568997350498,3.5316339650541613
agm001349274,16.038927676497647,5.430632854559976
agm001349277,15.602550795272174,2.8184247008654504
agm001349371,14.737118044782903,2.2506511534749745
agm001349376,15.010963044350282,2.403903091357173
agm001349389,14.497857708120737,4.421972596126477
agm001349938,16.475270833676355,2.4046612742753233
agm001350012,16.185534234896295,4.511054289292468
agm001350094,12.804475767550343,3.470607083612729
agm001350100,13.087494922461826,3.2357234272978763
agm001350121,12.295808959594765,3.2751034186640626
agm001350436,14.319532187643844,5.186522282999963
agm001350568,13.986606543138302,1.1880049312188996
agm001351610,14.908806486294568,5.054551602189144
agm001351794,17.9396044617362,6.08081329531139
agm001351893,16.56410829186343,2.908044121625448
agm001351933,17.089026233128802,4.314556251872665
agm001351995,13.466819194375082,3.2310268743776644
agm001352263,15.588305593094502,3.7059913227572494
agm001352326,14.892467539995673,3.242175368895033
agm001352332,15.09551368157025,3.3778913275614255
agm001352848,14.810077715754408,5.349995230658211
agm001353220,15.06800680157794,0.5071936959008738
agm001353438,15.529949790907542,5.340417354588297
agm001353535,15.38659048310566,5.39314955476003
agm001353552,17.092076766883025,5.510326267464311
agm001353554,16.35387389551148,5.047159986148499
agm001353633,16.14706092535487,4.887149726839705
agm001354184,16.422398636841425,5.464891164124161
agm001354185,16.708784329356746,4.354564868531982
agm001354286,17.365040270896273,5.298017474410816
agm001354335,17.161446477268814,2.8504519598219282
agm001354342,17.16206364164953,1.519014530948028
agm001354369,16.925502148634678,3.7370055600996226
agm001354604,14.832429116664315,3.9793357114055543
agm001354653,15.505775351984264,4.43035000926845
agm001354999,16.47977140259559,5.660141771245626
agm001355018,17.72413039222561,4.371574938646099
agm001355039,15.987730828419933,5.38484013554509
agm001355540,11.355105816245622,0.2339284103203827
agm001356999,12.581305764201366,2.450710280584958
agm001357178,12.810330649104548,-1.754122039597771
agm001357468,13.966436843168568,0.9604527604041699
agm001357544,11.345171061951666,-0.015174463867901444
agm001359910,10.616933994658106,0.1456708844390171
agm001359971,13.87538519646941,3.4980508087497144
agm001359977,13.964672462999635,3.2356259064036985
agm001360261,14.785026760441925,4.603273401105715
agm001360292,15.186666002602072,4.852604315083911
agm001360382,13.718808736501241,3.883040107959006
agm001360604,14.649659368085679,3.954137183336149
agm001361146,10.181467167693011,-0.5234830717048649
agm001361160,11.144357954537254,-1.1335441647934479
agm001361503,13.982505561619549,1.9260359057953629
agm001361514,14.311532754588507,4.463744456106161
agm001361517,13.841615826357177,1.8218142116721152
agm001361539,14.195699313288037,4.367752113820851
agm001361552,14.911482708681191,3.981444056803904
agm001361758,10.55490755509332,-1.8892530056787518
agm001363431,12.473056560361293,-0.16357987972558785
agm001363461,11.580886079449915,-1.9365020264024535
agm001364196,9.500142954912675,-2.450884907442296
agm001364386,17.463655044945483,5.434140687146884
agm001365268,15.9196947043826,5.963137231465437
agm001365564,17.226152412294358,5.874037063719244
agm001365692,16.508241393417897,3.1956982966795495
agm001366454,10.760356195005853,3.4496407873185087
agm001366795,15.342514056011735,5.289237952687686
agm001366798,14.893772339639193,2.6460395123692138
agm001366874,16.262599771208663,5.095950949535956
agm001366875,16.096211137157553,4.99017051499502
agm001366910,16.06886056595797,5.020722318708717
agm001366926,15.21621319929111,4.429214161753784
agm001367248,10.703342410108885,4.6029615685739405
agm001367262,12.2980995951209,4.479892713785382
agm001367493,13.802472630750835,5.2894881556657225
agm001367707,12.553741582675386,-1.7110849636209995
agm001367983,14.254119747274034,2.2723482797676535
agm001368614,14.635016823882248,4.598070273666224
agm001368917,16.88776445762909,5.968937035377151
agm001368947,16.427866317275388,5.772954145635684
agm001369447,14.449307009261574,3.4500897684216456
agm001369472,14.552494767828948,3.5271325623980974
agm001370071,14.423260952555063,3.251553728231256
agm001370073,13.694304625056905,5.255536113552026
agm001370173,14.02172986015904,4.906617876226548
agm001370443,14.191117127714982,2.6868950921182586
agm001370456,14.497680140083972,0.6106275763110469
agm001370478,14.30583397358567,2.7410564509381916
agm001370753,16.75174521909569,6.71924070293009
agm001370944,15.635409123760352,5.139054518694595
agm001370950,15.187941479534278,4.904762331918297
agm001371010,15.380298098031883,4.990293578948195
agm001371899,14.31894968653552,5.161005730890379
agm001372033,14.954604554392272,4.68385863773546
agm001372072,14.498789219112107,2.0359785744228285
agm001372150,14.083850643804622,4.048208973600806
agm001372158,14.078616770618483,4.095804506069596
agm001372183,14.177979483400657,4.143268016044615
agm001372319,16.50928673776367,6.124212556080562
agm001372503,15.912058450082714,5.820833263701649
agm001372540,16.166050391269614,5.960476991889502
agm001372598,15.917963001093373,5.7647178269195365
agm001372612,16.10170415621584,4.644759287172831
agm001373066,11.76686504844083,1.9182819978368495
agm001373144,12.919901948927327,2.5584769818192408
agm001373206,13.751510860731594,4.347371247474765
agm001373273,13.915510021401397,3.8147274344197752
agm001373791,15.550830286666896,-0.11204328950973963
agm001373806,15.00745977578204,1.8207593678420055
agm001374190,16.618436743219075,5.456210178735306
agm001374264,12.830780773654913,1.9916987885434487
agm001374501,15.45496253646269,4.166270537207636
agm001374977,13.241943691856406,1.9568003686421394
agm001375024,14.22575010373928,1.6224609174935543
agm001375047,14.742875411774145,3.1537567802670705
agm001375296,14.936027286434868,2.801012333216013
agm001375303,15.264083880863657,3.038270012602829
agm001376463,16.369892051610933,5.54833146097614
agm001377061,17.488838560521828,5.707519368354889
agm001377796,16.904010798170816,3.1206547168101375
agm001377918,12.886875926439002,1.0467125675732465
agm001377921,12.976353150047181,1.0746331426479339
agm001377942,11.539415138751048,-2.1116970574803293
agm001378378,14.252726533511552,2.478830004792048
agm001378450,14.303704726557749,1.3206900203792404
agm001378543,12.803301262835452,4.902073601369518
agm001378912,14.140753794579547,3.860764226050362
agm001378931,12.969888200344958,0.7127694935566318
agm001379012,13.525777377867096,3.413671542342554
agm001379017,12.963599311360616,0.8268806385324341
agm001379199,10.155233709315524,-1.1356106610435877
agm001379251,13.086877342051734,5.17092255828966
agm001379692,11.620752254283325,-0.630677485303047
agm001379776,14.361498985416553,3.2750911879737066
agm001379780,13.428916968869112,2.809480356668044
agm001380137,12.151066824184143,0.5373290083559885
agm001380472,14.431270974277057,5.141263055381973
agm001380481,14.264980597518969,5.035484108984471
agm001380535,13.793587012431193,7.175045476251178
agm001380965,14.00914697972733,0.09539406784160054
agm001381211,13.119531516671495,-1.4053277918791034
agm001381523,15.238318995749577,5.718930759073709
agm001381556,15.401240236100989,2.7911314781764176
agm001381578,15.767865947283353,5.331260223399981
agm001381636,15.078638560955365,3.790553119588751
agm001381706,13.3986797055762,0.41548979591574486
agm001381758,14.258314067001477,-0.08030993204981751
agm001382585,13.549262268089471,4.940949446250777
agm001382586,13.756568267217075,5.05917966174261
agm001382598,13.252924184069418,3.652220996385013
agm001382626,16.228746730226074,7.204622645133811
agm001382722,13.920494868470684,4.344910063446253
agm001382803,14.152368410160292,4.393492204235606
agm001383737,13.645555520539329,-0.8629666073153119
agm001383751,13.752353837312905,0.0779705814567837
agm001383830,13.843971929665592,-0.320417439202461
agm001385166,15.582991762643356,1.3672738630571626
agm001385193,15.371616959889694,-1.0883810580311826
agm001385258,14.786026399154151,0.7395064698906602
agm001385272,14.55868712122881,0.5592498231349348
agm001385654,13.24978057530336,-0.8074669936314063
agm001385955,13.1010830733374,-2.6527605220911132
agm001386637,16.228984862750547,7.766192117724845
agm001387169,14.219918577001167,6.269087895999955
agm001387598,16.63234492917879,7.189072917859417
agm001387652,15.792078163441882,6.054193490915589
agm001388406,11.997516891370527,-0.3456610294831748
agm001388866,15.326288680459578,4.559530838168455
agm001388869,14.753092860883708,4.287988408004663
agm001389498,16.541657631121115,5.272226396847173
agm001389511,15.72664109339505,4.82938635000004
agm001389618,12.861725197045763,-2.0174966044748466
agm001389740,13.708370915679817,-0.467859462490102
agm001391259,11.505327142648873,-3.4001651272622997
agm001392269,15.621605983418258,4.30823193002173
agm001392425,17.21494161340168,6.17201767963701
agm001392448,18.15466444857381,7.1111652640688625
agm001392518,16.24043545795915,3.359547116655598
agm001392562,16.376037433397975,4.541951836034825
agm001392909,18.411834489723507,6.273024742568353
agm001392939,17.762665602941087,5.950409527947404
agm001393223,17.84994488099449,7.5288485041871605
agm001393321,18.083471307740762,8.089611805267598
agm001393571,16.87201902464177,6.726725649952295
agm001393572,17.258401731031864,6.937494553253749
agm001393578,16.40099346358337,6.483656395342635
agm001394037,18.5888090496468,6.904578040360459
agm001394039,18.703698380046603,6.967994022360599
agm001394045,18.43821765809952,6.821576851128585
agm001394177,17.59756451488729,6.391442131986704
agm001394199,17.507323097665292,5.080322955685448
agm001394201,17.54652426863346,6.425357887549695
agm001394209,17.709168580206786,6.478146066581248
agm001394214,18.814105101574455,5.030112615094966
agm001394262,16.76838900750039,5.989161507400974
agm001394271,17.58064716155563,6.370058063628854
agm001395146,12.941859502275625,1.4677844739394503
agm001395244,13.876058440571423,3.0709012654922216
agm001397942,11.594894870602666,-2.4582771410647517
agm001399512,15.664787183336399,3.6903966010274116
agm001399613,17.032599036807376,5.908537364426907
agm001399634,17.148660111250233,6.012099161786703
agm001399732,16.04738753867904,4.1976492810480375
agm001400825,15.11680800203238,4.8787787732273165
agm001401353,15.961023421807104,5.924996769818159
agm001401356,15.985770109426701,5.953561430149303
agm001402085,12.642475434072528,-0.7329475211639833
agm001403992,17.718033916207002,7.350736390103798
agm001404323,16.951850061240755,6.640364820293685
agm001404619,15.978455837637302,4.75549928428413
agm001404875,18.07015451341737,6.537309686200754
agm001404887,17.436171510892564,6.184476132769056
agm001404911,17.45216741959786,6.201078617573712
agm001404940,17.261267249513597,2.4085598734732745
agm001404955,16.549080106910484,5.664617058717098
agm001406691,17.399424368682084,7.515118012779817
agm001407576,17.768119387304647,3.953695717444048
agm001407581,17.72929851003181,6.105449716717876
agm001409256,16.719673003179214,3.3107236697427584
agm001413558,16.95690594485963,4.88400449715004
agm001413569,16.58280430768227,4.774890902778795
agm001413578,16.855016828064716,4.865208039767336
agm001414224,8.212182805227833,-2.629086503974447
agm001414318,14.398797768450786,1.870268272988931
agm001415648,14.278152397436605,2.5344248811267853
agm001416735,11.235093797754088,0.5209506165838578
agm001416835,17.0828015143669,4.613086461778054
agm001416850,15.79145593263916,6.448704606887278
agm001416911,19.371345875627334,6.643356230802238
agm001417139,8.542064620112713,2.056204066696268
agm001417159,12.914068440321033,-3.7465219174969215
agm001417178,14.524245980884814,5.792007319438816
agm001417585,17.670983042132654,-0.28488710604731793
agm001417661,12.505681720204153,-1.4509355902969956
agm001417732,15.872717561663457,-1.6369537093786963
agm001417739,16.048628203945704,4.8554284098763985
agm001417753,16.57534588647603,4.52247319498711
agm001417758,12.008954493622602,2.627789233370998
agm001418018,9.005451461101066,-5.658095110278929
agm001418037,10.96170911477677,0.20520695331519168
agm001418252,12.155360979143813,-2.922353749072479
agm001418341,17.368443840141794,4.686244872825131
agm001610607,13.075274883428971,0.07190400847498282
agm001610664,9.979751602065665,-0.06322320387150242
agm001610718,14.995314002302413,4.028921742298236
agm001610794,14.20023349124639,3.1403848770017753
agm001611072,11.513203282842564,-1.216916963157086
agm001611086,14.89562774111152,3.003331389320479
agm001611151,8.557270186323443,0.7725775782475168
agm001611853,10.965693667414737,0.1429062572754951
agm001612064,15.762929488409327,2.051768398613458
agm001612088,12.587323712307356,-0.6380452425430775
agm001612096,13.421678514220522,0.5318959870075005
agm001612300,12.99489996008711,2.294002764517912
agm001612357,14.574514006906705,3.520188592636953
agm001612486,15.897493029750915,3.6894262697773663
agm001612736,19.93719158136083,9.033582912797868
agm001612848,18.89836457391495,8.34246144186076
agm001613054,17.216775836891422,7.313228270920701
agm001613153,10.901829304209313,-1.449841138724223
agm001613393,11.156712874679059,-1.2963176149283797
agm001613405,12.04520012922097,-1.3100939041618673
agm001613419,13.805776859116529,0.03474758489463738
agm001613435,7.657109287553159,-1.4886579686223982
agm001613466,7.730395545541306,-2.4174584087806865
agm001613557,9.299827251776504,-1.7352504234017239
agm001613642,10.416824209910144,-0.38518206776898156
agm001613896,15.141126266507204,3.8515028391696178
agm001614099,9.644802940366084,0.6255131436869348
agm001614304,17.421358016244575,4.423312184554
agm001614538,12.669508892624991,0.6589951426429899
agm001614594,13.537328763290759,0.27759310366565515
agm001614609,14.76693250395274,2.131780335369924
agm001614624,13.09764184344059,-1.1842989261242365
agm001614859,8.729998526861227,-3.399272778879574
agm001614946,23.56256535653224,12.063629834476464
agm001615103,18.766930825356166,7.061147338555334
agm001615813,9.937543216554692,-0.3449098053590049
agm001615893,7.594992037801651,-3.4004962396254923
agm001615899,8.066640835028238,-3.311818826187814
agm001616274,19.696005445376375,8.805395741391862
agm001616291,20.552835254603846,8.60854958904569
agm001616483,7.573974274993008,-2.4953767556613826
agm001616834,17.04729524141424,4.051880477398938
agm001616852,15.165381358340934,1.9992770157697592
agm001616904,14.033583213311639,0.9238767790873907
agm001617264,11.17767412827227,-2.070035284633721
agm001617560,8.771491266694316,-2.812069027454233
agm001617691,11.634341420862683,-3.189313094818639
agm001617764,23.386245885249178,12.14377772540855
agm001617859,15.086891450031587,4.533464513742133
agm001617863,14.89271350219192,5.579799323298234
agm001618384,8.408163043896725,-2.57473903459393
agm001618587,11.18854535084822,-1.6611297055303986
agm001619062,11.087229705098535,-1.1457323865216196
agm001619527,9.649338373363102,-3.6787348320740465
agm001619697,14.612690398620307,0.23939736941216266
agm001619870,13.19603178562885,2.3825120402786255
agm001619912,13.605653429119377,0.45234166476155907
agm001620089,9.039937641067665,-2.476939358827864
agm001620195,11.143690159933724,-0.5998025275412318
agm001620210,11.875715407435962,-0.8367746336015948
agm001620287,10.253050589865186,1.4426953991186209
agm001620330,10.205900235486235,-0.7661842558222738
agm001620389,8.802358800122018,-2.2869687395859826
agm001620440,14.109113711175263,3.1725816355927705
agm001620696,9.176054832159407,-0.5000299813820753
agm001621751,16.397118234294236,3.970113232474282
agm001623557,8.623461662502645,-0.6529103304518294
agm001624890,10.750603967193348,-1.9190520669541287
agm001624970,13.745128706929117,4.51232616914767
agm001625101,14.156762017342169,3.7777443460594533
agm001625920,8.661842087646104,-1.8209478342975622
agm001625923,8.932820484407298,-2.6798569929763225
agm001625936,10.066781500773399,-1.5718915575676569
agm001626132,9.044153426239134,-2.07719545844006
agm001627843,15.734542298968922,4.98857195484006
agm001627868,15.744790600473028,5.0650363199109005
agm001628136,19.706625149215718,8.947226286956717
agm001628392,9.690739909996074,-2.9380634494165525
agm001629463,9.990558141301475,-4.020934029251027
agm001629852,14.34019588869821,4.169542940386152
agm001630417,10.784092488522719,-1.6894893355438085
agm001630546,15.193915048180182,-1.802255564632656
agm001630836,14.47584448959721,4.882348081882242
agm001630872,13.88974327938095,8.490990926270703
agm001630995,15.776921469666801,6.743408390232134
agm001631232,14.678640231495224,5.18880050311233
agm001631326,14.580262005993658,-4.089433453170731
agm001632103,11.814455952445206,-2.0568918061017656
agm001634272,20.2692879535762,8.850840096199097
agm001639992,10.908675054648382,-2.3095499020213692
agm001640845,14.021376191853753,3.679712827181774
agm001641535,8.873520284675893,-2.8223824782513667
agm001641570,8.562434591738215,0.2591674760161077
agm001642081,8.492476859119638,-1.5147220487614745
agm001647204,9.91220737261767,-1.0881173086890343
agm001655882,11.029829548376005,-1.1095885224860567
agm001661708,10.045858862548137,-0.018958998228283973
agm001662821,12.289784044258441,3.369420079396633
agm001663000,8.719984778923017,-2.18288192035041
agm001663980,16.941673488283943,7.0447130591105775
agm001665779,7.842473183976971,0.9076620018307764
agm001817125,17.29019747126732,5.591868171802503
agm001817391,17.56904909459497,5.7215379321092765
agm001827922,16.37323662805468,-2.2097479753271676
agm001828292,12.368197154417004,4.112607379170356
agm001828402,10.381762017324021,2.9931226915969225
agm001828718,14.748799885344477,5.978276550856879
agm001828775,14.020042732199233,0.14538759164116932
agm001828851,17.40312413401189,6.470076214466075
agm001828900,11.94289136323934,-0.25262202649621823
agm001829200,17.32748230617323,4.789947118679774
agm001829322,16.528576793075597,7.1593783555946935
agm001829494,9.208103148506657,-2.6519041290387912
agm001829650,17.325238997869075,5.715360477467944
agm001829825,16.28551693000163,5.259924837788084
agm001829853,16.18270681681072,5.313118366658623
agm001829855,17.2913212666182,5.663726311093776
agm001830035,19.897507259299275,10.205243663786636
agm001830256,18.478845329750964,3.67900794328769
agm001830353,12.80479620955196,3.16285917752826
agm001830481,14.261047788371345,-5.140813044314261
agm001830562,13.146236816683398,3.3777242559217715
agm001830793,15.378507825720803,-0.8810892578571318
agm001830818,15.067866789417083,2.0834196359881028
agm001830851,14.955046150904836,2.0257644551547203
agm001831316,15.788458674717207,4.233980278765192
agm001831364,14.906033732470457,4.365053930758049
agm001831372,14.984502269378956,4.365645456743404
agm001831381,14.676187468537194,2.0317296028184493
agm001831382,15.782275719174342,4.504078393197795
agm001831469,15.08364460953331,3.44518892304009
agm001831513,15.28065079317878,4.953809267802788
agm001831684,14.574819312101104,3.5181720740891183
agm001831685,14.454805022242189,3.4439393557802727
agm001831742,18.485057146595576,6.04972060666185
agm001831755,16.75878198272391,3.151847962146567
agm001831766,16.972210603484015,4.880195111590899
agm001831816,16.47714142113088,1.5936048589622978
agm001832135,14.949687133966238,4.595537314065361
agm001832380,16.47001031047108,6.045727496061389
agm001832413,17.60704989794818,6.415498503554673
agm001832511,15.340139782466892,5.6668407923117785
agm001832517,16.178970567707452,5.975509753451976
agm001832535,15.80276697497714,5.747725275941309
agm001833811,11.95864866086413,0.5273307264770141
agm001835229,11.326867679373327,3.89071766341512
agm001835408,13.741416163854746,0.7456392423804061
agm001835613,15.493288342768638,5.451307507140399
agm001836470,12.244386833276202,-2.60509964502587
agm001837295,13.62553911159595,3.6803635160488706
agm001837535,17.342160057560708,8.045810355923498
agm001837647,14.229488036228837,1.493630510334351
agm001837702,14.401143552690286,4.728975794981533
agm001837826,14.364836619741375,2.424137414592907
agm001838386,13.890295005205743,5.7024078177560815
agm001839280,14.182084308750305,4.370955151034595
agm001839659,14.010993862355017,-4.298281021215846
agm001840071,16.11593750225772,5.584982263546621
agm001840108,16.076931229336996,5.441996559639718
agm001840439,15.063639341628175,4.066746570570674
agm001841469,15.367159305832724,5.694475355773279
agm001841478,15.414806048204547,5.747108136060425
agm001841506,16.833515466425023,6.694007799855259
agm001842456,15.406652853529115,5.091397435119686
agm001842615,14.88499580944213,-1.59624884484147
agm001843653,16.38916452759757,2.2164076096814234
agm001843845,16.189705465060047,3.3262042212478087
agm001844218,14.571290006276804,1.0023113191096666
agm001844518,17.198686704738677,5.5168412412100745
agm001844550,17.313141702885147,5.6013312411197385
agm001844574,16.521465323600257,5.298604967613845
agm001844597,15.972896700956886,5.213103432774567
agm001844604,16.154327206340493,5.2595422383833705
agm001844614,18.325472711068013,4.9837808634259835
agm001844638,16.69511084362375,3.59061804112229
agm001844888,16.447765508577373,5.420017276276596
agm001844936,17.026110526594547,3.8438751885956406
agm001844985,16.458491268229206,5.325567690285972
agm001845030,16.6837601197272,5.388467229530867
agm001845125,17.55768939771902,5.729567416781585
agm001845326,16.33975938698766,2.142303455810591
agm001845425,17.708411921397733,4.7460761883325615
agm001845430,16.182154742410763,5.29881467399892
agm001845452,16.558989947633933,3.6826170984515056
agm001850168,8.52295556674728,-1.989779724929014
agm001850340,14.497113256031758,4.210004169075516
agm001850535,14.828887762510718,7.715162774511138
agm001850626,13.300945546967471,1.196992886579558
agm001850679,13.803703937622108,7.206613837395234
agm001850694,9.842290489305439,5.3817087664916885
agm001850704,10.944742900835967,5.714956749150293
agm001850843,13.146961854064573,3.184613009891112
agm001850928,14.404073729117611,7.496289063874712
agm001851176,16.871843668552366,5.39171728386805
agm001851178,16.706030605092838,5.350441319941285
agm001851266,16.399597016956378,5.318046772290248
agm001851325,16.171634736626274,5.3442473735707
agm001851473,11.19263745547228,0.8958209089092518
agm001851620,15.513264657288348,4.161770848698286
agm001851659,14.387017783792855,-2.2770536428755457
agm001851945,17.138911147882045,2.419122664718769
agm001851948,18.363741459685205,1.0604267968290355
agm001907207,10.860197117197444,-0.02553817472126892
agm001907227,14.240559263446825,-2.882334706825059
agm001912337,14.609564639089294,-1.9252613441606776
agm001912484,13.842378838847743,-3.3616607346410374
agm001913740,15.675960033494958,2.2833720459492817
agm001914792,16.812310138969117,3.6080390525178023
agm001914796,16.967230603837976,3.69257671391075
agm001916123,13.851861255593276,-0.40566158966050825
agm001916328,13.491138554699823,-2.9414107789308073
agm001916349,12.587555235845745,-1.2887523416684434
agm001917157,14.205292079330171,-0.24288801012863637
agm001917162,14.295115221906297,-1.1069861329823816
agm001917295,13.982171270120878,-1.3372963596085645
agm001920191,13.636057715760531,-1.801192727779549
agm001922333,12.967571933124066,-3.6805266453903513
agm001924573,15.63421190022657,3.4307771952846444
agm001924584,16.202396936396706,3.3105068126672013
agm001924693,15.350740662057344,2.9990236790369265
agm001924847,13.330511617291654,2.7286897744495424
agm001925548,12.660017159642889,3.002993815568395
agm001925579,13.329638397572044,0.7335657579241417
agm001925733,17.807604763678693,5.740632955073159
agm001927454,12.699157021942417,-0.12907504921706625
agm001928086,12.650212731874616,-1.6446784637716432
agm001930016,14.907613091678266,7.163662518454203
agm001930166,17.597012062656383,7.515093931080727
agm001930223,15.218200058810984,-1.0895788056328186
agm001930326,14.881133015883046,3.0465682577671274
agm001930363,15.024540971751676,-1.3472552592483282
agm001930670,16.25727322800002,5.223316485591489
agm001930685,17.546796009501996,6.16237739231714
agm001930920,15.672174125633562,3.517038006897108
agm001931019,13.063122319830716,3.7131742119392017
agm001931199,18.613691769722596,1.3853460063430063
agm001931287,15.84993528751102,0.878727645289807
agm001931619,15.16162831979522,3.003308465807314
agm001932484,15.432826786462224,2.9707957771040157
agm001932577,15.482679610934845,4.408599311958616
agm001932794,13.556918726380601,0.006162028008438014
agm001935025,12.8038065082453,0.2240265028613777
agm001935399,14.011237969156173,1.8477311011709157
agm001935556,13.647709592363299,-0.5491383781546064
agm001935732,14.463193859906642,-0.24571893560704172
agm001935807,17.842926358015788,4.303224822173316
agm001936267,15.871640338457267,4.122447348931041
agm001936521,14.117104859780271,1.400288781160512
agm001937077,17.385410885405296,5.223784739976281
agm001937248,16.726367317677287,4.549777711846824
agm001937273,16.417323596042692,0.13161294243146848
agm001937354,16.791627018955225,4.588583051585113
agm001937370,18.080657704768857,4.011756025166616
agm001937922,13.767773843959327,-1.8957625835780814
agm001937935,15.68020646074792,7.382916413207902
agm001938400,15.537641173901303,4.01487800933799
agm001939074,19.390560636314227,8.430465069922283
agm001940001,13.977299007533256,1.605686263292898
agm001940197,16.15716185427682,5.15480626968279
agm001940203,14.924870977016777,5.396458977361669
agm001942174,16.54707203010428,2.5897998433483647
agm001942769,15.05878043228969,2.1933637533187706
agm001942872,15.178648058725116,3.526603051355778
agm001943003,16.110809167153054,3.199187049616415
agm001943020,15.655570533842315,2.408522822404975
agm001943049,14.797998261840817,1.9993753085537422
agm001943387,16.889866213350533,4.327048442669414
agm001943427,13.74138952813101,0.4540783210160706
agm001943641,18.128458384563828,4.620228836478903
agm001943654,16.7696811992281,3.352329526306372
agm001943838,16.431631879264874,0.7862736656339164
agm001943934,16.760213051275176,3.0037554911876843
agm001944463,14.546834741438618,2.6977009752516103
agm001945402,10.637803801839018,0.2400371444861671
agm001945415,10.5680134201957,-0.01546759537481801
agm001947158,14.5287572984504,3.8777967871344377
agm001947241,13.17660755601356,0.15771885407313047
agm001947243,11.556498092250092,-4.600914336059157
agm001947426,17.358129596984234,4.817333386062528
agm001947516,16.332386099256652,3.191705874471886
agm001947615,17.526011610660575,4.011634626874914
agm001947649,14.974921111160423,5.78779933139851
agm001947974,15.08764659973799,0.3154427476440764
agm001947999,15.41338535160123,4.0460489107342585
agm001948036,16.311856531928253,1.9295365223980214
agm001948048,14.548908119935364,0.46543944877100163
agm001948053,14.883758974310172,0.46426476315664367
agm001948101,16.483254899914012,2.7746639217645503
agm001948109,16.13695114979841,2.7485165655027135
agm001948185,14.893292913269903,1.4742200705284532
agm001948254,14.576827039046657,-1.0856192926842265
agm001948274,15.349922467609222,0.5634890960210956
agm001948520,15.989067116755695,0.04278234213689913
agm001948526,16.6629931971036,1.2930168346642148
agm001948778,16.472207630594635,1.3462252372081034
agm001948833,16.125289615188994,3.6302758932517936
agm001949205,17.059024157701437,3.077420992977265
agm001949338,18.249733744347644,5.392457789886498
agm001949349,18.08779198897005,5.080123430661539
agm001949420,17.913239162096094,4.9750541248088505
agm001949717,15.882867917331211,5.778024397653834
agm001950195,14.434091590429684,3.4773072729575447
agm001951196,13.366559036394188,3.684931916246994
agm001952181,11.485703062056936,3.8329542526155183
agm001953141,11.55464197238988,0.07904200320497701
agm001954466,10.444911778396298,-3.325805598031361
agm001954471,10.549828093403667,-3.282351627900704
agm001954543,12.94533188967198,2.2830598029476414
agm001954552,13.286217650014171,2.434640989572679
agm001954924,15.349371125324597,2.2919003216829115
agm001954976,12.226881320873657,-2.198731577501709
agm001955095,11.294109310408793,-2.89294068786025
agm001955240,13.125559878010366,-2.193055021515825
agm001955565,16.265217557142417,11.190339339479797
agm001956198,13.135899992296668,-1.077015033335881
agm001956502,15.300151307714662,5.4462725857351
agm001956974,14.130316961206299,3.738075372993094
agm001956985,13.965968888093547,1.2669775641569583
agm001957367,17.4709189526527,7.553707049079165
agm001959305,16.72280560258773,0.561842422436972
agm001959765,17.578326182489043,3.7717435926819096
agm001959841,17.1674287213864,-0.050182969635246266
agm001959906,17.919415948021577,-0.13765473302405695
agm001960054,17.13657999078591,5.144298178623054
agm001960200,18.04848884500779,4.489842227494545
agm001960588,15.620396420515878,-1.1822819157360724
agm001960602,15.760352750433832,0.05076682357508311
agm001960994,15.02138863114247,-0.7687972201545916
agm001962595,15.908402996830697,2.1269562390269137
agm001962633,15.39752094711471,4.388503873643074
agm001963302,15.934087343637163,1.7210285873913334
agm001963341,18.966301393997615,8.785112770949226
agm001965852,16.82517920574259,3.877280468275548
agm001966353,18.053948114780663,4.8326142222698145
agm001966672,17.046654609693324,1.9862605573812484
agm001966751,18.73535828764667,3.2088812012857826
agm001966765,17.896031763826585,3.738470125794711
agm001967114,17.755168401399967,8.360466551015598
agm001968431,13.825444805089514,0.7357479542490077
agm001968453,15.144661536805247,-0.23090389832755154
agm001968678,14.219808201839223,-0.3749893013977008
agm001968758,14.37898300387459,0.3808734849155373
agm001968858,14.603451778531475,-0.8198083428785221
agm001969226,14.753815195688423,-0.5626950359251683
agm001969279,17.53465139121331,7.821617417523223
agm001969682,15.045381029597015,-0.9022660854832969
agm001971855,13.103531075228384,-1.1111770853588698
agm001971887,12.809531112726155,-0.22424627093270377
agm001973632,13.484674575789919,-0.21523699018860487
agm001973778,11.44560414918095,-6.6277678612705895
agm001974298,18.585478819285097,5.1728430927446665
agm001976158,16.760742046107534,5.372278153701114
agm001976166,17.10799049903232,5.542434789115343
agm001976180,17.761335005276685,5.786289213126385
agm001976209,16.902296468364966,5.4414910465072115
agm001976215,17.282408622166592,5.515313810701233
agm001976240,17.57788935794904,5.723394018232977
agm001976270,17.915283035132706,6.259732916673155
agm001976271,18.592090380676147,5.7731726537874515
agm001976294,16.737156343564024,5.289766093242217
agm001976381,16.944519774194884,5.361089826197128
agm001976383,16.048119109064608,5.1334681964644995
agm001977080,19.02841779728929,7.199267478996955
agm001977106,16.69714997615768,5.428759025610221
agm001977144,16.75950083804585,0.7263923979204181
agm001977250,16.47051559221023,5.426212035655807
agm001977392,16.594908258577696,0.6430351696880443
agm001977401,16.795036664823783,3.059603336331482
agm001977686,17.484284434433455,5.696835226069735
agm001978040,16.695689946061943,5.442649257392237
agm001978044,16.57453472355679,5.396195978742057
agm001978061,17.315014612489833,4.932806718643585
agm001978345,16.711905948860817,4.7257331611193525
agm001978368,16.374523721763357,5.39342979413326
agm001978395,16.91882462014616,4.856355129558111
agm001978466,17.31946560610195,4.9081730306634395
agm001978514,16.905372252850032,5.487293633214914
agm001979449,15.149588509665916,0.9407679843402201
agm001980239,17.296656350892352,4.715714803060046
agm001984398,17.347040358163298,5.495546211984296
agm001985178,12.177829858415507,-0.4053291037463813
agm001990337,12.959424389753638,-2.227648155985407
agm001990413,12.648976674225903,0.3596902702810576
agm001990429,11.815853892708027,-0.04315472600456349
agm002014356,14.427942616318742,5.110572575498425
agm002015093,11.736674121008821,0.8502485189172955
agm002017786,14.825087640192095,0.566284075272461
agm002017833,13.913299132884505,0.3007650561540949
agm002020742,13.578461517219965,1.1540095521024547
agm002025529,17.641555640309114,10.366810016855663
agm002027542,13.309374240017604,-1.4240577439492634
agm002030090,11.849487071280342,-2.1279045794934763
agm002031475,15.542685791924841,0.044929990048608204
agm002031953,14.835665833822564,6.292179020334561
agm002032633,11.629027154959065,0.7375509782758289
agm002033652,14.550937617873823,2.0018974881709237
agm002040243,11.609859814210429,0.6816641309785592
agm002041233,18.653678730993725,8.98655089693527
agm002041311,15.718216962181346,7.076196959013276
agm002041756,16.00487667894759,7.205908499046384
agm002042401,15.735498700134235,7.045932448943518
agm002045531,16.14421779352874,7.934246545567619
agm002046808,12.077306071539084,3.1281266058306016
agm002047952,13.143423279017153,3.6664261367615083
agm002055005,13.727714152280418,5.260084755669932
agm002055178,17.882920708364324,8.315345753625587
agm002055281,14.961278392611028,7.3668081279594615
agm002056902,14.597315002365463,2.9475521979274597
agm002060786,18.90734625324719,7.042190127171644
agm002060927,10.981052352572183,2.1015551924601685
agm002065056,12.406678230866316,0.39178484504971944
agm002067063,14.38380906686501,4.109687199964578
agm002067661,15.581597376654797,6.6915852845862736
agm002070358,7.893342640353985,1.1668235912783378
agm002071284,8.2589972938606,1.3012962122915563
agm002072117,11.433988621908252,1.9182579750461024
agm002072200,6.798901218379025,1.1914755293625714
agm002072881,7.941837079845707,-0.860168289062765
agm002074089,8.195057103559447,0.9196256002214162
agm002076459,8.049335940503287,-4.023005720185989
agm002078878,8.5997523261267,2.064663346948297
agm002082187,12.380133561897221,3.478848629051099
agm002082376,5.3988703083300855,-1.2441719342837025
agm002083105,9.472451414280952,2.3898309703087564
agm002084270,12.077482914731988,4.738842495265008
agm002087294,14.477240930511662,5.083480378793939
agm002088157,20.56861482572252,10.100207180028146
agm002088555,18.974358374455964,8.468431459046908
agm002088560,18.35887134217692,7.183018986714332
agm002088612,16.11865976427881,7.433438995881911
agm002088615,16.352897122801256,7.516585067574203
agm002089504,13.464875560762902,6.086508975816723
agm002089911,18.94470546250633,11.764154615908103
agm002090082,14.612026245866778,5.34108440028787
agm002091298,5.131082568594357,-1.1278870675716666
agm002091979,11.751463078970447,3.7964600941032884
agm002095497,13.630272770617585,5.0943429124260575
agm002095504,12.21752756646741,3.753491697579027
agm002096048,8.38862799687372,1.5879825032198567
agm002097569,13.468136227461263,4.429537950734588
agm002097857,12.942646806488504,2.2136804793755345
agm002098650,15.452412262931082,7.09919013309592
agm002099669,11.226955001744178,5.452408644076366
agm002101401,13.534217065721762,-4.7362253305882005
agm002103144,14.264756061616811,2.7877323857840386
agm002104728,7.144045113392305,-2.113461055950238
agm002106356,9.537503781656827,-5.5826346853252184
agm002109148,15.004619131149973,5.792721269438158
agm002109758,12.330453270298156,0.5847051060339575
agm002110406,9.492946083169103,2.169631492311501
agm002112799,11.345864049610427,1.6954107411362955
agm002114698,13.154147650063324,2.847723714249143
agm002115127,5.834838871271604,-5.948488098157102
agm002126726,15.041453377418806,3.3611460456466355
agm002131297,12.529002410038364,3.9430012049718677
agm002131876,16.44616985448856,5.462005961593434
agm002131941,19.02424080151589,7.979873102379043
agm002132760,16.249145348554773,6.630895568594845
agm002132919,15.96790757383918,5.3642570210216505
agm002132951,15.884661439272682,4.854911490408658
agm002133049,15.621211961276167,4.302116834486562
agm002133179,14.929192940924885,4.628760598173732
agm002133224,15.815036850989033,2.619785444870699
agm002133319,13.541103078911853,2.648513202866116
agm002133434,13.778720557220613,2.9320296210634327
agm002133477,13.966636236009313,3.415872756259676
agm002133544,10.153150944526967,-0.6934418949151944
agm002133783,12.483875423471085,3.596375119110333
agm002133787,12.876475981385141,3.7767956481658578
agm002133856,12.516112759679373,2.2609129914449784
agm002133902,14.482318708669247,3.2631699558517897
agm002134365,14.20995641681283,1.5153323202515736
agm002134375,12.414445206851372,3.5016345227062096
agm002134384,15.116432454598957,4.162619257894072
agm002134391,15.695501308920244,4.57812867698394
agm002134494,16.770663151031513,5.685386516648007
agm002134647,11.437622551674165,1.6872548028757541
agm002134714,15.539610768873553,4.421338120502777
agm002134736,9.041477527918769,-2.399968909359597
agm002134830,15.71893580123948,2.6413748011074123
agm002134865,14.930139343683608,4.118207815631654
agm002134928,14.993403206688798,4.194895057259686
agm002135323,13.516981347036676,2.964616388591443
agm002135328,11.378540950431532,-0.01031646281916494
agm002135631,9.54578889451863,-1.9878662501499589
agm002135645,11.499264940105595,-1.0859171292818968
agm002135720,17.19539426603973,5.0063951614119295
agm002135777,15.392741633282908,4.928916145549977
agm002135967,14.816219463996944,1.6879552954791996
agm002136059,13.430009332833391,1.026634802836367
agm002136066,12.719384588775096,-0.12186464625532097
agm002136244,14.550622685656847,-0.4539322971237052
agm002136280,16.5563627927967,2.366058298238117
agm002136356,15.447700560414503,6.344211983834882
agm002136678,17.51637016808632,5.950603233474533
agm002136763,8.354230099976165,-2.9912165887916604
agm002136849,10.416454953604259,-2.718452426704742
agm002136925,9.660998565421483,-2.4491378502763768
agm002136926,8.682509585511495,-2.4753575683964355
agm002137013,6.4029927175377175,-4.525019397201429
agm002137173,7.782294680062059,-4.552390456303912
agm002137219,8.235499750056132,-3.2010284867467553
agm002137730,9.018360287999538,-3.42157014457744
agm002138016,11.27410986943251,-0.8930241186172445
agm002138019,12.35798482779751,-1.7180585650135918
agm002138327,18.642724665350357,8.184550970410639
agm002138347,18.105739492339918,5.6307954164174845
agm002138673,10.694813539136526,2.3989048710455267
agm002138718,9.262202614865343,-0.9267699285626962
agm002138873,11.479188632143542,-1.7405332659283357
agm002138913,15.175493914238055,7.533918748612476
agm002139045,17.45161709161047,7.511820450696611
agm002139552,9.42379568840221,-3.0233736561728186
agm002139660,7.420586960051416,-2.1643373692219803
agm002139868,11.859909458304214,0.8364570599469753
agm002139869,13.097876021889562,-0.784171282533381
agm002139926,11.246887969695564,-0.2766218854609364
agm002139936,8.567257160836325,-2.456807860171768
agm002140465,11.748298284995261,-2.563234953207016
agm002140466,11.47525058756273,-3.9354125308213086
agm002140556,12.65640847440398,-1.5376405061628304
agm002140557,12.203618738795297,-3.055245364774714
agm002140752,14.560479832335293,-3.054579097122789
agm002140805,15.29273609676506,6.036094170401485
agm002140813,15.514727686252545,5.3976889641755665
agm002140833,13.443512281283938,4.435503745050197
agm002140871,16.144541486210805,7.055634215405005
agm002141129,18.199384284788522,8.153403553381043
agm002141175,15.737951150377294,6.520025687129127
agm002141179,15.52763097040804,7.215102548468951
agm002141318,11.869299829755661,0.11017335086160429
agm002141362,14.369155353791607,5.740526188269816
agm002141497,16.59854199807313,5.9654229940405346
agm002141503,15.965401809744044,6.4252710911152855
agm002141542,16.02049388810294,6.617971743259244
agm002141660,16.942974738565837,4.862708544754661
agm002141845,17.65890425404969,7.142172546194141
agm002141887,12.254389576547192,5.262434314318327
agm002141900,13.28572540329057,5.158542759579108
agm002142051,13.808901115941152,4.263033354412141
agm002142052,15.839330573850157,3.104291706998746
agm002142192,15.649981402235094,6.869698966847091
agm002142244,18.20538293277178,7.090599518497075
agm002142371,16.8598515695778,2.916749184620997
agm002143075,16.849224898469874,6.00210932655403
agm002144500,11.015175989127961,-2.4435699347723654
agm002144587,9.352873980125686,0.9378907360467186
agm002144953,12.131091101844481,-1.5732021413204826
agm002145467,9.246820060405767,-3.0147480061554672
agm002145832,14.369432696819564,2.8663919413965706
agm002145868,10.822725003571858,0.6223078918131204
agm002146093,9.599531184189575,0.848832622642961
agm002146260,11.32778936084064,1.863452824282475
agm002146261,11.45675540449082,1.5817842351382694
agm002146273,10.854940256160264,1.415405520718073
agm002146384,15.559148883271272,6.098852988406099
agm002146581,14.702206707831591,3.378422924207503
agm002146700,12.25729191650336,1.4937114090566377
agm002146959,13.996067325941462,2.9631630049208373
agm002147106,13.680733420653214,3.3831057800007662
agm002147119,10.407765870077633,2.2108840076933776
agm002147143,14.607122207506825,4.369182859902294
agm002147362,14.796706212093197,1.1018104228046408
agm002147375,15.22833493087547,1.967503314939572
agm002147416,20.276911546046453,3.55654113671676
agm002147571,10.586919612737798,-0.30637624767404237
agm002147574,10.119648385778623,0.16900633403215864
agm002147643,10.220895627720086,1.3229598759015366
agm002149311,12.100203001386555,0.24201484080175936
agm002149345,14.054693745583807,1.2928486325141997
agm002150180,9.376365319382872,-1.7224716740904862
agm002150290,12.954484373925135,1.1332568605714202
agm002150296,12.493500248130818,1.6881660445735727
agm002150664,12.658091911263922,-4.3447601235934785
agm002150959,13.254947048105874,4.345907991866906
agm002151266,12.714937310900584,3.8649546910649497
agm002151487,16.80759286408329,7.4936841820209485
agm002151493,16.958536803468885,5.54831438568957
agm002151550,15.49794621561191,2.038173701412911
agm002152086,13.664604993482442,-0.12832698156074188
agm002152192,13.309255112876867,-0.15291427254400128
agm002152259,14.5301343674595,2.8191727491844176
agm002152284,14.249062645518531,2.383979655225997
agm002152406,19.73144889631001,9.058996247905489
agm002152660,13.200408952956074,0.07995817938382761
agm002152664,13.586787126291055,0.311621454842804
agm002152760,16.356570625620005,2.6428583928132245
agm002152887,17.080040874135143,3.808380503734594
agm002152998,9.165886375010066,-0.5436002021332413
agm002153127,6.563672860354147,-1.521167775040509
agm002153375,5.83848200964519,-0.41741607912479967
agm002153735,11.986421022200192,3.128552593424625
agm002153805,12.26270460257579,1.599636778453996
agm002154074,6.841146895195958,-3.188862619000734
agm002154160,11.537062361660317,1.0479276407331088
agm002155135,19.02891472360921,4.2903161102220855
agm002155445,13.0194002542698,10.254931261070784
agm002155925,18.629576397961166,6.323875354683485
agm002156045,17.502464835648848,4.963789556377476
agm002156108,10.566610254828996,3.211605796341888
agm002156115,10.363197768600555,3.782790447176295
agm002156166,10.167076246979507,3.6472607610845595
agm002156355,10.410927012087143,2.9696956447538163
agm002156372,10.89429528663009,3.941250122735675
agm002156397,9.265117084529587,3.011506165150978
agm002156402,9.37710929597188,2.538775274942704
agm002156447,9.270913617328054,-1.602866352686916
agm002156536,8.801610846682076,-3.0022099153543174
agm002156699,12.294019958553688,4.15102408691229
agm002156754,10.92123558172279,4.056512873807794
agm002156835,11.870763692061345,3.9485588595220724
agm002156853,10.829583788823237,5.129264309307561
agm002156902,12.381824801657615,4.213892427379727
agm002157013,11.949514228679876,3.123325750134287
agm002157385,10.302850559851057,4.257677066763965
agm002157516,9.011300821841989,1.8678873975577712
agm002157618,8.378223040746512,0.5039976084521403
agm002157853,11.515206114268253,2.8796985838658284
agm002157882,13.495897847285045,3.878972344171852
agm002157988,14.784245909534837,6.362726988529235
agm002158075,11.940585791425264,4.679612276086045
agm002158101,13.212789984364619,4.737207337836025
agm002158224,14.485796265659706,3.953825164814076
agm002158347,7.972540408855218,-1.0547232518308145
agm002158660,9.6305676344734,2.145282334943165
agm002158905,11.567998180923333,0.1788128344485056
agm002158969,12.209097745785133,1.58261328944773
agm002159315,12.976402570806503,3.866854300134828
agm002159570,14.807703514265281,1.275105883301471
agm002159582,11.296726053374835,5.4582712131506606
agm002159627,14.784218899814633,6.459620087905756
agm002159641,12.193610934870906,3.584816998827737
agm002159697,12.379396815362421,4.940768739501862
agm002159854,10.240041313328705,1.8055129674600028
agm002159865,12.63062302798283,1.2813167050567429
agm002159890,13.026139456257896,5.377580813703246
agm002160057,13.54192333312482,5.675308387706891
agm002160083,14.36199096948761,2.2913627722793493
agm002160096,16.01677289977434,5.945484327458316
agm002160243,13.579328959117062,3.866378563545523
agm002160313,11.519372078593841,4.796925222306727
agm002160384,10.727349702306908,-1.4569879682287938
agm002160501,10.172352091011392,1.64286602929952
agm002160650,14.584241381144398,3.667389437151218
agm002160667,12.559787032155947,1.267370539921038
agm002160915,10.64692430554056,0.2850632369893938
agm002160919,10.756337494987264,0.4181646656181819
agm002161013,13.479042903238305,2.7691148976212454
agm002161228,13.059219755655807,0.7285187771562569
agm002161446,10.562081658709527,1.193414690456808
agm002161570,11.758461905155393,3.9038437400973733
agm002161583,13.122049294189313,4.90325988902808
agm002161637,13.009073006643979,4.83872308327166
agm002161727,9.28992889654063,-4.482086329125809
agm002162266,13.223986446948084,1.8245090270739528
agm002162646,13.107922199642292,-4.939773074511486
agm002162905,14.205166144714594,-2.483104719504481
agm002163007,11.435125130033196,1.5700135437572484
agm002163036,9.2652752618887,0.28856165041123705
agm002163050,12.05913576946267,0.7076832262343252
agm002163362,10.193766917031475,-1.1065017943411144
agm002164344,13.209051315311234,0.38699536415076496
agm002164389,11.7400957402127,-3.2449895874963466
agm002164397,14.141015382960932,-0.13081731273176564
agm002164449,9.53720786317149,-5.940799631879162
agm002164626,15.003681786438117,-2.9345999592482586
agm002164662,8.124468837943917,-5.045785421521303
agm002164804,10.010878364471425,-4.920999239078121
agm002164859,9.267649379887754,-4.481451702004197
agm002164953,10.899085165756073,-3.143932432099549
agm002164998,10.158040341406627,-5.688161152778382
agm002165265,14.202492169250846,5.970100503248754
agm002165313,12.261172952812133,4.55293279231306
agm002165903,14.389520169193782,7.363021304042866
agm002166317,14.26959827455241,2.346519742394478
agm002166403,15.193204149143474,6.560012848940265
agm002166498,15.45035249786573,6.666778396061889
agm002166694,13.244803733326854,-3.4513960670923582
agm002166836,13.195109066780402,-4.427406446223247
agm002166960,13.504671458075197,-2.0491988948514077
agm002167004,16.159673805033048,4.163129420532561
agm002167407,14.801663407209242,2.580287479810265
agm002167527,10.490761355574362,-0.9724503608212656
agm002167583,8.843910581399276,-0.7761661663673785
agm002167607,10.170121869371938,0.2080481245455692
agm002167744,10.997795402003042,0.6201928167277018
agm002167922,17.996128402317872,5.963707185281138
agm002167984,8.940714472151122,-0.3017519343546793
agm002168236,13.272216584050975,-1.7796352594604532
agm002168338,11.939636032895816,-2.1308222297048323
agm002168426,11.42556406883157,0.5741728692394528
agm002168428,11.436135444745672,0.5658432489385916
agm002168548,15.87308249314186,2.4027935394358235
agm002168576,11.866589678487635,1.537714810131737
agm002168688,14.786640918629445,3.9897118744613493
agm002168852,11.709402731453768,2.604152566847075
agm002169502,11.058431222696461,-1.031733142743545
agm002170053,9.576587309335556,-1.2193928971174817
agm002170203,8.566925035151026,-0.7798358205288114
agm002170337,10.416484931045124,0.6723228658226077
agm002170396,10.224897428209902,-2.967225120566277
agm002170595,11.825015785727702,-0.6388811602036624
agm002170822,11.445507909227587,-2.727514163359782
agm002171803,9.273730463542986,0.17494721443261932
agm002173221,9.040140543684725,-1.6859373393553045
agm002173240,8.904724415046275,-1.491714440376932
agm002176088,13.594211402479319,2.169820672043402
agm002176125,12.824698269297192,0.7731995878015248
agm002176251,12.775946752022925,-0.021698458753123855
agm002176429,10.102274373803318,-2.368686090980025
agm002176638,8.69217736762532,-3.1833595289518595
agm002176774,13.94675327278783,5.257256665262981
agm002176892,11.945327105666744,-0.5296252291501619
agm002176925,15.230949867457173,4.340417413162792
agm002176935,10.443449546482972,-5.0754607722797305
agm002177918,12.76079863329952,1.1586520177288349
agm002178262,17.139193669482424,3.789994286982148
agm002178274,13.357996617587911,3.321083177083417
agm002178521,17.324075012869898,2.8537438813798737
agm002179078,13.94803995187092,0.7816014202735472
agm002179104,12.689176500708472,0.14260932657767925
agm002179175,17.775699474561357,4.3526637922050755
agm002179316,18.93384166119186,6.974458583980612
agm002179568,12.432569576309353,1.844724756159393
agm002179579,12.792771261677517,1.0204379320733217
agm002179733,17.084990779900927,5.972813334535925
agm002179764,14.18458099714003,1.9976282986460419
agm002179778,16.04026634603148,3.8581718941816483
agm002179991,17.6669644232215,5.7150390458062805
agm002180017,18.722513740074582,6.005514665619127
agm002180168,14.90757888459281,5.680041159074879
agm002180284,17.782530072568115,8.617510811379857
agm002180412,13.898904020709677,1.3196456264135072
agm002180504,14.359082274233554,1.6610864824524931
agm002180631,14.05746752965158,0.02299421030399647
agm002180720,14.420510838539302,3.092386731264231
agm002180801,14.871414629539634,1.5789273782489204
agm002180963,13.814660559187809,-0.7766769641014726
agm002181018,13.64051232800701,-0.25303545035677644
agm002181280,17.58946254223934,4.7574271202737135
agm002181513,9.447255035935292,-0.3393440562825365
agm002181786,12.779779093005056,2.3096490187976886
agm002181825,11.13536130862621,0.6650431195410764
agm002181889,14.126904088903359,4.205167862329168
agm002182239,11.94397495525134,2.193692766406777
agm002182336,14.156959722815206,3.823802843770641
agm002182457,10.99621717523329,1.8139942892123166
agm002183009,12.634841775588326,0.8959840827325204
agm002183222,12.132789090293388,3.0144591495386415
agm002183264,16.311929441584585,6.513364430405654
agm002183423,12.581948941414007,3.4512198954190274
agm002183503,13.267890337291146,3.8380211273427807
agm002183792,16.875084205885546,3.0699394747582986
agm002183812,17.80978137438451,0.5864554924837044
agm002183970,12.841462045460673,1.0099039784446724
agm002184044,13.862676532062284,0.8434967450240167
agm002184147,12.193072363216038,-1.3260730926931927
agm002184361,14.109091671827432,2.3174599235131703
agm002184467,12.626292054100949,1.0238095609433977
agm002184487,13.412692078553855,1.7725958929221495
agm002184543,15.796759965554596,4.88946015170267
agm002184819,14.729967552245299,3.2362993363022814
agm002184935,12.055005433224492,3.820167971698425
agm002184983,15.600330343383567,-3.1807645876678783
agm002185019,15.644233200094003,3.8523842467744154
agm002185151,14.659811341333137,1.6487253254421812
agm002185264,15.886242598119972,2.8609347711176234
agm002185710,17.165466786313093,5.644174949392291
agm002185987,12.368786462616436,0.9717566155769461
agm002186368,10.585544927934006,0.6639068881301361
agm002186413,13.558447075416538,1.0461206643798235
agm002186560,12.342463539189108,0.1277206321048247
agm002186615,10.248468997561416,-1.262638095673017
agm002187373,13.688618332677317,1.707674468042324
agm002187617,17.843568314801058,5.065016459171728
agm002187852,13.235316200414191,1.1546309284163907
agm002188117,14.631970566853498,-0.40535387935785155
agm002188288,13.021471834147683,-0.14441547606858762
agm002188371,11.875047965014586,-1.5090918243248126
agm002188422,12.602001201571207,0.800517133742329
agm002188650,13.035428767711702,-2.2572177208881854
agm002188798,17.422877932499407,6.730488851699786
agm002188850,15.749541158788332,4.36188351419047
agm002188916,15.602985940916097,4.318919414082995
agm002189069,15.429893299694424,-0.31696619748740584
agm002189079,16.460174977494614,0.22333182052577763
agm002189100,17.141304088771985,8.06680548781428
agm002189289,18.364589322149754,10.009310023552473
agm002189480,22.25321104615125,10.129451461821494
agm002189483,23.41365026130066,11.338419545743825
agm002189498,18.682174784385424,7.713599314164144
agm002189504,16.827300768078267,7.155727489554301
agm002189559,15.84871719759399,4.294267577608557
agm002189741,14.55604247395527,-1.0900987326192193
agm002190140,19.23026839803051,7.702124700578438
agm002190369,18.28235544056461,5.201693690924599
agm002190385,18.72291236473074,6.528509789500413
agm002190418,19.223984893300806,5.856581958075098
agm002190645,12.304294252203077,-1.508558937996843
agm002190697,12.450204542991413,-2.9917230450069083
agm002190782,13.189512458545561,0.2877787441017956
agm002190937,9.762068973605176,-1.3640730775382757
agm002190991,10.659519318065646,0.32334438192505033
agm002191120,13.238372356315628,-1.1203714983740067
agm002191306,12.317742087809384,-1.4689543864891155
agm002191399,12.747482989162409,0.06485787279521116
agm002191518,12.286751082164765,1.2551468575385858
agm002191590,19.257038367421405,4.720551899369
agm002192446,15.448491426088752,2.195382756521137
agm002192451,16.495712019754535,4.685250940283315
agm002192497,14.75535493594305,-0.4691004543037227
agm002192705,17.766960875097293,3.3208593713925922
agm002192810,18.081431888217793,4.212352796873179
agm002193000,13.924519621231306,4.905674978805698
agm002193002,13.651023343218162,4.747496925929998
agm002193190,10.080208912917662,4.058119961225435
agm002193322,11.619624622072587,4.738750639826304
agm002193508,14.241605951367736,3.245329525824478
agm002193620,17.738780776103983,8.549620377463292
agm002194609,14.869919057735302,2.656688830019543
agm002194750,16.437450840143192,0.9466465268975597
agm002194774,14.085978627927046,4.264696909095639
agm002194849,16.962283398067047,2.127748720122229
agm002194873,15.52806230094265,1.7827875651875107
agm002195580,12.990111408964925,3.8429875872896737
agm002195692,12.07608203858598,2.056741168196838
agm002196070,14.365423572884911,5.058634969535381
agm002196881,13.59548884764654,2.991786308828421
agm002197062,14.351476140657415,2.692883985486361
agm002197303,12.760970487508938,1.570981026097958
agm002198044,11.964003843687701,0.43698689166311827
agm002198237,14.466926604759994,-0.5112053521742326
agm002198239,13.966323164960363,1.0999216738586128
agm002198370,14.801137172654705,3.2180382620862864
agm002198542,17.48011707982227,5.082970534756499
agm002198643,17.374683916589092,5.461077670301066
agm002198783,15.729394693032164,2.4412315772345905
agm002198979,15.468121022392543,5.899419287038072
agm002199124,13.644528895463962,2.160215276180068
agm002199246,16.00474763299246,1.6305377109668318
agm002199380,10.083015773901902,-1.6984507541374192
agm002199437,8.421306663334395,-2.1746192767128525
agm002200004,8.557807701646416,-3.2854236562020573
agm002200026,8.14917345293877,-4.552261815345033
agm002200756,12.297815079730315,-2.496986203447561
agm002201316,8.04924866794601,-1.6599943664275796
agm002201321,11.615364251161827,1.7224341233223541
agm002201398,15.15701778070955,7.529645214809935
agm002201433,16.382066133183184,5.923772307164974
agm002201918,8.71490607839825,-5.605690325546501
agm002201933,8.856821678199413,-2.5933592165417085
agm002202332,15.165881020651604,2.458200203126305
agm002202336,13.392864259369562,2.7661144488974383
agm002202482,14.785820428255033,2.2660426143847636
agm002203153,14.027201126441577,3.576560511677041
agm002203187,13.008252704692087,3.439531111939393
agm002203325,16.44986443312893,5.404447260121609
agm002203339,14.33588155502327,3.0517167710466477
agm002203351,14.771288053793468,4.462928613789697
agm002203754,15.179121982531827,4.214195821944397
agm002203815,11.062715324879656,1.1639491333443168
agm002203864,14.429406666509966,2.9041950650735817
agm002204065,16.630682890654178,6.3068595572663195
agm002204244,15.784033175516731,6.608989860375063
agm002204415,14.715969246087717,1.8632069485452671
agm002204507,14.224190971313542,2.257290432039209
agm002204511,16.374880763832735,4.895038087616485
agm002204619,17.036835380678294,3.0869410725673316
agm002205138,15.146808934650496,3.988459407106348
agm002205368,13.227641297338131,3.452254033514039
agm002206118,13.456772867052713,1.8453464206029555
agm002206752,12.555065611959616,-2.0549856584391746
agm002206753,13.27432339611184,2.0656710842042694
agm002206913,13.151127320682619,-1.4980775088139293
agm002207503,20.359900790823048,10.997274604755246
agm002207636,12.960090936983317,2.669038543986184
agm002207642,13.89868920489027,3.2014629387483082
agm002207652,12.914547580208591,2.661680922228632
agm002207835,14.941914840471645,3.0194621108506596
agm002208047,11.1539035091304,2.0822618197355176
agm002208109,11.53962744124068,2.0919602196791645
agm002208474,12.466309577801939,3.5271310737584023
agm002208593,14.454167354190517,3.3110679639241583
agm002208747,11.852461488590972,0.08647744261648693
agm002208780,15.715156001770344,3.0326809642478096
agm002208929,16.1525920211334,4.028806799735297
agm002209057,15.496612639184486,4.027887781342198
agm002209087,16.231834589811708,5.880767375827783
agm002209217,11.839172205888632,0.8143678522187502
agm002209291,13.689663698242887,1.1779146809774623
agm002209525,16.486428174428273,6.187673424382037
agm002209585,19.616921588241688,5.441517372892445
agm002210965,16.878735910762728,7.335142986286604
agm002212142,13.094416760971919,1.1589542577694907
agm002213018,14.365551021943544,1.6875328142455785
agm002213524,17.43548316438662,2.576828744930134
agm002213599,13.645891218278345,2.2716102874217348
agm002213606,14.466333605652487,2.7800123248955075
agm002213693,14.703764034947605,-2.428351437970859
agm002214067,14.051679312198436,-1.7206506023865866
agm002214173,14.889834600866266,3.331535668422724
agm002214197,12.920769121111645,1.0419951798925275
agm002214286,13.988356990595701,-0.3325513037672877
agm002214429,14.084967323097425,-0.3748496549027521
agm002214757,16.70118122807537,5.083126150355888
agm002214772,16.109197186643776,3.845723854883988
agm002214829,15.27943955449605,0.4241526579382035
agm002214852,14.71218877345553,-0.09049541110859138
agm002214987,16.170128208211057,0.8034194551214545
agm002215267,14.92107930880804,2.6616991390797513
agm002215365,13.718413964638662,1.7765327880709763
agm002215569,15.311207018356816,-1.9320062766380641
agm002215653,7.327984650873872,-1.965896418837562
agm002216382,13.221842819716137,1.4347416424000847
agm002216895,21.486343356675185,10.49657595805961
agm002216947,18.49477062524784,6.5057003009091225
agm002216984,15.73291127880934,5.127800077253835
agm002217255,16.57624332836892,5.737337993030236
agm002217274,17.715050933181345,6.844970527737007
agm002217439,17.299670066750252,6.146079693781334
agm002217705,13.570229985750492,1.8495818201725036
agm002217714,15.4972358243357,6.317866389133697
agm002218003,13.266513301345928,3.416038930334973
agm002218072,19.626106366245395,9.763313416289511
agm002218211,11.278772392140393,0.9690476649391548
agm002218466,7.7276881898508,1.3807898261556044
agm002218477,9.180949892174734,0.4052100015841953
agm002218530,12.30387446208461,1.6593384017528017
agm002218567,7.942275336141407,3.217974932571371
agm002218652,15.05116787165132,5.917470880769812
agm002218949,10.408444989324648,2.0230473038864494
agm002219166,12.680678548165377,1.8967089891065987
agm002219177,11.351029083187319,0.8746076207384936
agm002219300,13.14067729401187,2.610610147532868
agm002219309,11.629421830863388,1.7317537193503574
agm002219530,12.252393288771637,1.7744244564946918
agm002219584,11.703316622906927,0.03789889351685952
agm002219639,10.621158395866344,-0.43652806766656366
agm002219647,14.18040151680594,4.7266947592908926
agm002219780,12.97985865805416,5.709208315219301
agm002219781,13.639292023483637,5.926515370337084
agm002219891,17.591527774705053,6.721775519609274
agm002220314,10.705453060389829,-0.233686582866549
agm002220382,11.844778013228652,2.737457339425781
agm002220436,13.8994565276741,5.585281368205714
agm002220564,14.960280317716546,4.878928930527038
agm002220631,14.133709636705417,5.5988105044977665
agm002220820,14.474131144292988,1.5092794993547614
agm002220984,14.523114008188854,1.5510181073346427
agm002221046,14.144673850680924,2.202278520505084
agm002221136,12.69964962324174,2.9592929192947537
agm002221461,10.939347235833333,0.9512479564535186
agm002221463,13.643079384715675,5.303059620269644
agm002221623,12.86290521185082,-1.3332778416924875
agm002221637,14.845221884965545,1.1645592659252084
agm002222472,10.499334039753434,-0.899321342654062
agm002222576,12.183848377261137,-1.2380451261569663
agm002223010,12.761576108702993,-1.6250770156843348
agm002223034,10.926538247901448,-2.8121936929666376
agm002223144,10.120724539064401,-1.4532686632452814
agm002223823,14.743424284802813,-1.4001646007954207
agm002224156,13.560013792579573,-1.5879080960433722
agm002224331,15.33958842318585,-3.4641436584201997
agm002224407,17.664415333960072,2.374324768415667
agm002224582,14.638438700559025,-1.1827746025938795
agm002224796,13.36068761136251,5.98206271996435
agm002225064,12.405024948680259,3.6248663003422323
agm002225142,12.322588100614713,5.803834537161832
agm002225198,11.92736484825952,1.7192146738235554
agm002225235,12.38582433582353,2.316054964004355
agm002225498,16.501137825485177,4.148565589211113
agm002225654,13.528825377940569,-3.3788425671748934
agm002225947,10.672511853766188,0.6173921638747691
agm002226069,13.199170476095642,1.4861780188387335
agm002226257,14.261507370200928,1.3828052542551768
agm002226397,12.775875117732424,0.21081412629245122
agm002226415,13.247233310219517,4.159621368146843
agm002226433,10.652727117828487,0.2767703310665291
agm002226436,10.901334784798708,0.44550037176188617
agm002226441,11.126195061056828,0.018135245653459364
agm002226449,12.102785730282584,0.742621548251077
agm002226968,12.19314127480281,1.6477231577734497
agm002227501,12.669186799509957,-3.523411189827223
agm002227540,15.185173051610136,3.2382886053248447
agm002227636,11.750592246029639,0.023703043437996268
agm002227680,13.577362359403969,1.3238527540247549
agm002227721,11.403289129200935,-0.020160314359452276
agm002229172,10.149502347000825,-4.162048663308677
agm002229411,10.013915075043924,-1.809365803296216
agm002231353,14.971622602319677,0.802749577552652
agm002231520,15.017252149189545,3.7956696967912595
agm002232220,12.568524674880173,1.1933758301191992
agm002232247,10.707525348995967,-1.3830388101224436
agm002232251,10.829405576555708,-1.327727987194772
agm002232271,11.440798969095757,-1.1389930857264923
agm002232493,13.282441480847226,0.13762048613233874
agm002232515,12.652097958050199,-1.2114994991015138
agm002232596,11.86761609197647,1.7807420822367124
agm002232712,16.004251314296315,2.1844218496147105
agm002232744,12.503978867764372,1.8410152669440205
agm002233433,15.419110468979584,6.218557471311364
agm002233446,13.72788217538856,0.21537032566147948
agm002233460,13.522699403853283,0.14231558202833008
agm002233928,11.473600117814616,-0.4230735908254083
agm002233974,14.542331802071226,0.15577546013221166
agm002234193,16.908889800969803,3.4063044754353227
agm002234243,12.599584841374792,2.2594756172296444
agm002234338,12.437090218562979,1.4773467949849568
agm002234751,14.207539992864751,-1.2519145475017208
agm002234836,15.355139121369422,4.0367992560297274
agm002235583,15.600699930984753,2.470030579498897
agm002235588,17.229809269239087,3.145747154885233
agm002235839,17.428313348457745,3.23426871015932
agm002235979,14.684855833163423,-2.935658754293309
agm002235998,17.07084674800728,-0.13563139475513708
agm002236285,15.873562640760893,2.7353621822362313
agm002236681,12.966391391973632,2.0373678297670104
agm002237495,12.478980416007085,-0.4737118732864438
agm002237551,13.065303926255156,-0.11737873925017794
agm002238421,11.170736223815284,0.04384580076468012
agm002238510,13.329470207378385,-0.9742788564833885
agm002238563,12.380639255439974,-0.8663604550336181
agm002238619,12.964811129579006,-0.2925416021808947
agm002238925,13.800705569814454,-0.29013171645829655
agm002238976,10.02607236705513,-1.5214536953585374
agm002239100,16.09178999320982,3.1930900089652745
agm002239115,15.982691046144025,4.365758182232462
agm002240001,14.086816306027472,2.2264033098513423
agm002240656,13.36255760066033,1.6811310160760768
agm002240834,12.779789725049643,1.3901109182000582
agm002241057,12.70718687845974,1.283362386734082
agm002241510,18.116338797095658,6.964222108093407
agm002241566,10.235593756340531,-1.1709084558308291
agm002241857,20.468497126727762,8.992599334657777
agm002243047,14.279017158737544,-1.7300485827400465
agm002243904,17.073918056420162,5.528039022952712
agm002244047,18.014823386869885,6.416786067851805
agm002244157,17.366569359726746,6.407399687313244
agm002244579,17.56956904346158,5.252628477769336
agm002244648,11.934936454428767,-1.0718346753073362
agm002244805,10.67993692021005,-1.4858570335699497
agm002244849,11.865711644934363,-0.7241351631774879
agm002244894,11.312226688335189,-1.4009608458020155
agm002245320,10.029406312403541,-1.8500115119929035
agm002245684,15.256614716449482,2.5324197053296102
agm002245708,18.67506344074904,5.73626914822689
agm002245757,14.736163031355247,3.261800767663921
agm002246291,12.121832158138647,2.6919976755205073
agm002246435,14.393853236470058,1.4199376403734607
agm002246553,12.086227441409234,2.133626303719277
agm002246612,15.753400907218404,2.7512234128932658
agm002246728,15.196804103916488,1.78330490631543
agm002246752,14.989311989070183,2.3122965348204403
agm002246764,13.804684128368143,1.6465190197204387
agm002246800,14.25919204536602,1.694504114248259
agm002247024,14.116516241411526,3.5666044307406737
agm002247436,15.676881382375019,4.652383162344776
agm002247473,14.898889696213555,4.976390534512169
agm002247485,19.380518003745983,7.44653138665998
agm002247667,17.59252566728574,5.531434743477395
agm002247726,14.701676552819306,5.028868624412917
agm002247733,14.844139286283502,5.102065007533668
agm002247768,15.079490500361453,2.8865072210105964
agm002247810,15.636856711751651,5.8567343922423065
agm002248287,13.329555874001121,3.5717413385268473
agm002249474,13.919685472058466,0.47322633824412347
agm002249498,15.880656561220484,4.63475824063237
agm002249715,13.460246122184788,2.928505888860952
agm002249719,13.259858533906211,2.7768723019878743
agm002250184,11.950921949516399,1.5008492055341314
agm002250249,14.346210097738544,2.1818766668157408
agm002250419,12.961262870197707,3.190368620947855
agm002250652,10.99629469987627,-2.393976619480603
agm002250858,10.870275220951463,-2.7012978777043877
agm002250859,9.177468956450003,-1.9979557260459782
agm002252667,13.42429840782747,-0.6771841138341721
agm002252831,14.651671456965559,0.6810484507632026
agm002253192,12.718777920570362,1.7017045337530323
agm002253433,16.035063991153336,2.667026992123508
agm002253723,15.03582579906662,4.465891921344565
agm002254408,16.324283813733125,4.743196141295194
agm002254527,10.417214594837507,-2.2352932523549223
agm002254762,6.69426362229883,-3.5213193897092165
agm002255292,12.153618754907361,-1.367862091971104
agm002255542,9.93720729269994,-2.454951314435162
agm002258039,16.964268666083004,1.6820246940267438
agm002259699,15.803929633348579,6.298346979791503
agm002260090,11.121783326635478,2.646486143209285
agm002260342,10.799048909919604,1.8354907473477475
agm002260469,17.6853618766665,5.872524812227069
agm002260473,16.357207673803774,2.0858394198866947
agm002260564,12.409757639678439,3.4181762540805516
agm002261483,15.910679505478619,2.71957048809166
agm002261579,17.896121271800347,4.997614576873244
agm002261915,15.540374807814356,3.4063580478264326
agm002261986,16.60982032983271,4.812859878784247
agm002261998,16.161324095332404,2.1844597454387666
agm002262275,13.17947130273283,3.450177825255364
agm002263045,14.744961904093183,2.7244478972029738
agm002263104,12.720820695538832,0.16861056768747815
agm002263286,13.007775757966918,2.0830544728604994
agm002263310,12.069628761761418,-0.5059554207550996
agm002263369,11.180411702215125,-1.8166084932707243
agm002263378,10.97776393352426,-1.245577010542651
agm002264516,12.016843305196335,-1.8960489322261935
agm002264645,12.236917714175776,-3.142713743667162
agm002265031,13.216768346067672,1.4037974223874343
agm002265903,13.609317156247423,1.2213922665866963
agm002266630,14.488489108425219,3.2993046713711713
agm002266715,14.077269930067718,3.879046633341782
agm002266754,12.337177049983755,1.1236281829276313
agm002266857,13.896023239518318,2.8743516361354438
agm002266869,15.215458085201416,3.598759592406394
agm002266998,12.570021427603537,1.1589885044690178
agm002267131,11.399637668781017,2.2778979772373975
agm002267147,11.462117493495816,1.9004859546662012
agm002267233,11.09789534386926,1.5565687222817288
agm002267242,10.7361262098285,1.3636201596203943
agm002267460,13.035010443109508,-1.043175145115832
agm002267557,17.26713572143129,4.876349196999917
agm002268076,13.395279643793497,0.3531849371268258
agm002268328,11.129405386256321,0.7100718756029547
agm002268334,11.669597745915823,1.003486870602936
agm002269163,15.763603451486366,3.8517418651396715
agm002272178,11.019681804238237,-2.1370531025990815
agm002272430,12.237375228328595,0.008637642139467517
agm002272766,13.726415568055948,-0.23653145484317997
agm002274898,13.77409330438734,2.0839872464730056
agm002275051,13.812654624232865,0.317999375607067
agm002275092,14.893136390540585,5.5845975434115145
agm002275188,12.57377911118198,1.910049272267668
agm002275399,14.471805145767043,1.4921118656124701
agm002275476,14.010407028174292,2.9933963629007487
agm002275649,15.231341815969591,2.8361121153971363
agm002275763,12.613769545100286,0.1810426336488371
agm002275768,14.525140338077659,-0.3178887517429729
agm002275771,12.691979243135652,0.22980545092926974
agm002275899,13.147383986532459,-1.8443211196047795
agm002275940,16.485334672347953,5.537826428210362
agm002275953,13.829290288411942,6.500407110218014
agm002276184,13.506814795752438,1.1062897476147313
agm002276982,14.340028932515485,3.3807759442823624
agm002277423,13.846663650889175,0.9181193297117118
agm002277804,14.856862978879413,0.38907928135219433
agm002277805,14.767165014664554,0.35727823345435067
agm002277832,15.880883417425444,1.5379677993405803
agm002278176,16.13699111328372,0.3234344236167234
agm002278395,13.923028792046093,-0.5651529037011684
agm002278553,14.310527123563753,0.3411390937110966
agm002279291,12.947478673564857,-2.9161590431317173
agm002279973,13.106556414361693,3.3637673491323468
agm002279978,13.778336251801312,4.11881980409918
agm002279981,14.068250929061376,4.170970173494969
agm002280877,16.19537457116371,1.7722794659631471
agm002280919,14.579603092655317,1.9383993853359047
agm002281159,17.143934812542945,5.213542571639776
agm002281206,17.626346166079582,5.655662327956747
agm002281463,17.523597246832644,5.818743158588206
agm002281592,18.220144704005914,4.8641385192888205
agm002281612,14.384628195479541,2.0216195964206367
agm002281643,15.133171972108286,2.333391967387641
agm002281691,16.198117841681874,2.2047169315704167
agm002281746,16.892454943901107,3.0409951966607336
agm002282303,14.296171344198669,2.558114651069857
agm002282484,14.149712736474665,2.4295202032154375
agm002282486,13.322089394722772,3.5239665728343597
agm002282571,12.820811074975408,4.309959471032304
agm002283497,10.318922906630759,1.5620743435028812
agm002283808,9.992093447236778,0.26589861482524846
agm002283838,10.603099694270592,-0.33079975801869504
agm002283846,11.074447480856705,-0.39682803398322086
agm002283856,11.4857153846444,0.5742350262045358
agm002284047,16.105368030602687,6.6561143318003175
agm002284068,15.128100893205511,7.657709170213391
agm002284117,13.825967849529228,3.141322046841231
agm002284945,12.70402002320568,2.7975676832542633
agm002284948,11.971073648973624,2.164633555489194
agm002284959,14.881010085111912,4.373192515595725
agm002284994,15.656064239934018,1.7448440986311435
agm002285273,13.657285620770423,2.9803287603695914
agm002285660,10.363072805553587,-2.3198139979993333
agm002285799,14.572213800652795,1.890892771588413
agm002285800,15.239023115033085,5.363034794518216
agm002285905,11.551921745297461,-0.846284905064261
agm002286318,13.161568166518522,6.164599491008105
agm002286333,16.119600303753295,6.685195072062006
agm002286361,16.17671359892536,6.735937144348687
agm002286400,14.80428176830063,2.8621386253236762
agm002286444,13.203425347474294,0.2532896436595431
agm002286803,13.407787222154388,2.354969174998648
agm002286833,13.082244249004521,3.390350241054481
agm002286892,13.729894474690786,4.055096271495536
agm002287155,14.475212982440304,0.051560972938621795
agm002287665,13.386615552314641,3.7875819548482914
agm002287668,14.797674021328119,5.911072885998923
agm002288364,10.270618907387133,-1.7222088630051733
agm002288761,10.9730166769744,-4.74481119510055
agm002289146,12.335609151443522,-1.3286651973369343
agm002290570,11.439066175929389,-2.374008080278986
agm002290571,11.75140624356548,-3.730556122253975
agm002290589,11.202299298333168,-2.3502057626628243
agm002290629,11.311381384411286,-4.569269752376647
agm002290635,10.810052571458376,-2.609498955637606
agm002290788,11.949158523757246,-1.6997424329750892
agm002290921,11.348031934280922,-3.6589004345011578
agm002290960,8.954186148930477,-3.432468113825565
agm002291021,11.355288913442857,-2.677349084218063
agm002291036,11.078671705333406,-2.860348773157681
agm002291775,16.240091413700377,3.1601608346803887
agm002291791,14.604866215988162,0.8262443389524549
agm002292147,15.39968134512198,-2.7088658389165303
agm002292324,11.181439360631204,-3.7449663211524333
agm002292378,12.398428660012394,-2.2924959162599583
agm002293258,13.705901679637279,3.5597267721978554
agm002293349,11.734096114697914,2.391858913950982
agm002293395,15.747534816201844,5.66375835400448
agm002293500,17.320603033631237,5.762084801222695
agm002294749,13.635048174176115,0.873273589677904
agm002294796,14.164935858564984,0.5804275465932974
agm002294828,11.494930937963378,-0.14688642872689783
agm002294837,12.573737506683974,1.6722403510799508
agm002294851,13.517895491391627,2.0787695780355784
agm002294882,12.191558661367445,-0.43336548724429774
agm002294995,12.628250597740303,3.1823309645365327
agm002295178,10.430484594095027,1.264840708024654
agm002295203,12.920808707429495,2.3352327852302293
agm002295287,10.997899939712207,1.3302950897464
agm002295460,13.620945646925515,3.720469533769323
agm002295705,16.065394752009134,4.167152054504645
agm002295708,16.91976560331448,4.7106398264706595
agm002295727,12.379939162470347,0.9179203053603207
agm002296063,13.025655545673906,-2.0352468618708954
agm002296640,11.258484603450684,0.3447397861686925
agm002296659,11.286598653621063,-0.052718506787246135
agm002298321,9.944322118952188,-2.854194956658692
agm002304887,15.394800850564868,1.78393319179052
agm002305053,12.187765119621401,1.476167081271501
agm002305058,12.364341665051446,2.4057273000682895
agm002305062,12.073357473922046,2.2143429209276086
agm002305070,11.134925335908559,0.8597169451434326
agm002305073,12.808694670427784,1.9804944362497963
agm002305120,12.688436630939496,-3.5110769494535305
agm002305349,15.228125960161805,2.8365241512182733
agm002305596,15.214669021805411,1.3008837939304978
agm002305630,13.509513360486721,-2.9108435313482857
agm002305868,14.808685051029741,3.031849967017692
agm002306192,13.165066688976605,0.9984672612551698
agm002306241,10.850682033501526,-1.4365361181518679
agm002306911,13.310384238811844,3.8099217784696697
agm002306916,14.68750421910986,3.222935737140711
agm002307086,15.307414871748373,3.260527923682082
agm002307196,17.283308409133415,4.138194508338658
agm002307312,15.647833101220337,2.5254367880822186
agm002308042,15.182264140509638,-1.213219827547383
agm002308224,19.17282651024396,8.454235893893266
agm002308517,14.924493557233419,1.9156168068552788
agm002308534,16.074076033035315,2.641344367894863
agm002309062,17.369949733457833,0.8358230318815411
agm002309149,14.134505014664601,0.723580050956846
agm002309236,15.27852943053884,2.049809765051651
agm002309339,15.598066964990299,1.231427815510272
agm002309501,14.285260181509534,-4.088331889801853
agm002309767,14.433306700891967,0.5714216668528387
agm002309857,14.477180706121347,1.8493427399491147
agm002309999,13.610503980258565,-1.525894891319922
agm002310132,14.539773842860141,2.0025190291254162
agm002310154,15.70153684297573,2.729310280474046
agm002310451,16.181444157840424,3.3345263183692255
agm002311071,14.014925836331383,1.5425941796637854
agm002311443,14.931548908173426,4.5965353542013245
agm002312991,14.993613472173195,-0.6655892646220536
agm002313129,18.132626734615382,2.350482578178166
agm002313670,16.016280777318794,5.104909162709194
agm002313796,13.254533608623944,0.14157040663773657
agm002313816,13.588214684493813,2.175840974350138
agm002314112,16.057356488314188,4.465171897696553
agm002314306,15.236969710987957,5.771716003476725
agm002314359,13.635363730785937,1.1660128920822626
agm002315115,16.139564633517534,5.360493760988386
agm002315176,15.132912120202697,4.009371152988622
agm002315540,18.5359384052678,8.428409180679214
agm002315541,15.881995313240173,2.008852917937392
agm002316227,10.312881820507739,-2.260382933167049
agm002316478,12.46902902740836,-1.1517392685344015
agm002316910,15.131497281802353,2.807437814617563
agm002317223,13.552010976846276,1.8344222608139624
agm002317279,14.017158864438644,-2.6665057636569274
agm002317611,14.885693019678845,1.169117858586225
agm002318319,12.802250520651285,-2.7004421835654533
agm002318725,13.53295687711244,-0.503552564995644
agm002319941,18.69935511633165,6.952203576550741
agm002320633,17.44340943476605,4.4579056467110725
agm002321004,16.260075079854918,5.945956344383474
agm002322064,11.140884509360186,-2.6512768144951258
agm002322281,10.186250649861078,-2.02354133000808
agm002322921,11.156490205866547,-1.1464849093574359
agm002323441,15.10684455044589,0.3570785376523335
agm002323454,15.857617317740361,1.0918678367441526
agm002323565,17.511342409435628,5.143117819137585
agm002323593,14.478079316338333,1.0324956926832496
agm002323728,14.971785560415828,-0.37826109618997084
agm002324215,15.928095378599693,6.126343687851827
agm002324409,13.196380427113859,4.045857743182599
agm002324410,13.001500849685668,2.666948203877791
agm002324450,13.16449024363302,3.422968796163525
agm002324488,13.326779143594862,3.794813606904366
agm002324497,12.535939758777758,2.480317146509661
agm002324795,14.049708393277767,0.9797364002779799
agm002324868,13.142107155037724,2.209228139236191
agm002324989,12.087398152995803,0.7233680134384075
agm002325003,13.691378639056174,1.214443132693256
agm002325158,16.47029399669046,5.682805493497735
agm002325373,12.67823199757725,-2.11493952999092
agm002325413,15.511781764282457,4.069238323140908
agm002325812,13.147663115237881,1.159661157469654
agm002325835,14.304429572862304,-1.8061585920918546
agm002325845,14.410432460710021,-2.078261258193409
agm002325899,15.30979877236327,1.7588216219892103
agm002326423,15.481167920556517,3.1948549019126773
agm002326618,16.2662849893004,5.055125587063498
agm002326661,15.06362766888997,5.249683718618471
agm002327056,16.697393590668568,5.616755240245812
agm002327171,10.588494021609861,-2.1939878729186946
agm002327689,14.695429638891103,4.106167143183329
agm002327706,14.222071054816167,5.144496554515079
agm002327721,17.386796050575146,5.479323091526335
agm002327842,13.38542454455487,0.5304655851439399
agm002327849,13.852442658839829,1.9237756497997118
agm002329681,13.764183776284446,-0.6958516254571118
agm002329682,15.049994461497503,2.243450700269003
agm002330331,18.261919171063113,5.947872931296106
agm002330347,17.66570305875014,5.800327752512851
agm002331197,16.926787780416614,6.623966568635054
agm002331718,16.90712643685515,6.474904685001292
agm002331738,16.185344189769292,6.054926149038888
agm002332067,18.04008742523965,5.982936455489907
agm002332251,13.57589950839421,2.341467462882148
agm002332284,13.55258946688746,1.3583873288285322
agm002332292,13.462782684311904,1.1247836019233024
agm002332731,11.505609903508505,1.0054396846537152
agm002332756,13.43272225910518,1.641688295939737
agm002332867,12.017133154598303,0.30030948220983245
agm002332899,11.060412203946731,1.9448723667155903
agm002333119,14.390607918534878,0.980365773360564
agm002334636,16.141343267749836,4.377470151106369
agm002334707,13.6092124119264,2.9712162979471075
agm002334777,12.740778778101701,2.6417615813973163
agm002334806,13.416496733539523,1.9840298042157094
agm002334811,14.416250661105716,1.7283336506548181
agm002334836,14.488288662750026,4.701530836382981
agm002334890,15.691091510443616,2.783823273471929
agm002335078,15.864665983124665,4.976789292260327
agm002335142,13.997284114835955,1.4753103440227828
agm002335655,15.886904525137355,7.404983104307758
agm002335680,17.910320781328025,5.205475997426749
agm002335727,15.16673187464283,2.092347799106541
agm002335788,16.824621010884744,4.742164934444735
agm002335828,12.249827764589243,-1.5937011762618942
agm002337307,14.767819615156846,4.229835155334554
agm002337310,15.220401226490319,4.507545097221815
agm002337315,14.7498938245887,4.307177897439502
agm002337317,14.262959572680874,3.967544304716178
agm002337320,14.333276100173686,3.8533121512832382
agm002337338,13.919423447762075,4.3248683309755105
agm002337435,13.389912255650973,1.7969034009196188
agm002337664,14.459288065423975,1.5943519428872353
agm002337675,14.984633136998383,1.0489007606894538
agm002337718,14.902008153161509,1.001326556445995
agm002337741,16.065285538473184,1.7123380114469526
agm002337792,14.766772174328722,2.547903223546073
agm002337804,14.855578470877111,2.619865092866154
agm002337875,14.079766075418073,0.9559817956026123
agm002337916,14.160769375825723,-1.7606901461432556
agm002337994,14.124436467348817,1.9827868908940995
agm002338016,14.425668088292502,2.7933700903859884
agm002338855,15.197204611007942,5.577631225599705
agm002339009,15.14870273775809,0.45895088372238746
agm002339051,14.14546557383408,0.7419537795501311
agm002340001,9.528835345106593,2.440416950583407
agm002340004,11.734532773406764,-1.136761193695468
agm002340916,18.706150278202934,7.8918477995291365
agm002341182,15.935113969427409,4.34923830880083
agm002341298,15.816517678920386,-1.9753478420523762
agm002341319,15.341318564870345,-2.067129887775036
agm002341749,12.747254450583968,2.1573710835384285
agm002342191,18.907204986792436,7.0463071941352595
agm002342265,12.860774935050223,4.473155263287364
agm002342336,10.103666242278575,-0.1453271086116299
agm002342375,8.588153906799151,0.10371842922652874
agm002342414,15.431304539322674,6.231468320229541
agm002342527,12.270308012574867,0.5361258310265645
agm002342543,13.126497245233566,1.4174620059781127
agm002342549,12.220469578675276,0.673614815801202
agm002342582,8.633277825097876,-0.8826598859125889
agm002342636,15.308963013826258,5.448908181790784
agm002342678,11.574663206755794,1.545165145889617
agm002342682,12.926843709201862,1.8187733740730454
agm002342717,10.600573162306981,0.24856315068288679
agm002342721,10.140943928692197,-1.114849763584182
agm002342775,11.689344853407816,0.661947120489757
agm002342802,11.181927327392776,-0.9819261814846859
agm002342850,15.69734726379608,6.182779199281006
agm002343326,13.434009408506862,1.5627841665950326
agm002343392,13.84113462382181,4.611892566687561
agm002343415,11.993092082999029,2.101562740902759
agm002343640,15.033169239691006,5.371603906737846
agm002343714,12.968713997977526,3.36411977426863
agm002343979,15.160937555115177,-0.9243892537307673
agm002344054,15.512943615989734,5.835431065258284
agm002344069,12.087162223313008,0.12877728200625568
agm002344123,15.243053574400903,2.364368583295923
agm002344125,14.659465058030927,1.3956388403285978
agm002345002,12.06079989731451,-0.44627807509724793
agm002345252,11.270372289359226,-3.450595794319298
agm002345368,14.682640699242826,2.2242302432089613
agm002345378,15.421383008938227,2.0481330369296025
agm002345379,14.394896031793117,1.9941625190774364
agm002345434,14.42212693848865,-0.17243258455518032
agm002345477,12.002554677498617,-2.5150634592492316
agm002346272,9.086716594275249,-1.9722054527977546
agm002346294,12.713297780058733,-1.1609518537143764
agm002346309,12.289714040055932,-4.532536875242859
agm002346394,12.182338176175456,-1.393376853325848
agm002346496,13.36215793578956,-3.02456512705497
agm002347336,12.536536162444628,3.0991614258391764
agm002347342,13.267630799110506,3.2950498053329618
agm002347361,13.14467603173481,3.937459463226329
agm002347377,14.994311082267615,5.833809786801536
agm002347410,12.283199993824617,1.2953983169445245
agm002347831,17.249074359689217,4.690594387025183
agm002348067,11.720912348361646,-1.312247125346514
agm002348236,12.304321250556981,1.2865408641154659
agm002348274,11.256482406799512,0.7879093693509267
agm002348281,11.74810283531889,1.1426044956536856
agm002348299,13.086847943801029,-0.41834520494414773
agm002348584,15.684919096053155,3.0348072189008555
agm002348636,13.24972412434549,1.5229919243088066
agm002348661,14.329111503541696,3.121880470085346
agm002348756,15.36820257419005,3.517167533609342
agm002349320,12.33847148618861,-0.2006586226445357
agm002349525,10.68150915902596,-0.06940160263683737
agm002349571,13.278710685946038,2.932227430645988
agm002349825,16.150489898097884,6.737171908134126
agm002350119,13.76755150408948,0.4342780977430891
agm002351569,14.39516324535861,1.4485748580862685
agm002351700,16.85326344484445,5.308365931432263
agm002351718,14.996989075094271,2.4615392638558036
agm002351755,14.572470985395595,1.049626937959939
agm002351760,15.397663864795803,2.2684210505558973
agm002351806,14.63203153630414,1.4194154415886402
agm002351852,14.719954212477461,-1.1492180983532307
agm002351929,15.696824892082345,0.810058478189422
agm002351934,15.444118474369255,3.935345314842173
agm002351943,13.885555017208238,-2.7304290840641503
agm002352974,14.846036406214356,0.9352016791790385
agm002352980,14.525355730759783,3.062929048917444
agm002353139,12.757918605967484,0.5305268910341946
agm002354309,13.143000367814222,3.568317539931857
agm002354321,14.85435880789729,3.434158628753535
agm002354415,12.948549522106779,-0.40412921999088053
agm002354465,11.432117149672331,-0.572485370415234
agm002354582,13.391369587397824,0.9815585114161207
agm002354600,12.440000830687163,-1.13075783126909
agm002354616,13.0431887760811,-0.9785832242417634
agm002355015,15.405872116051741,4.506096351019126
agm002355097,16.129655279301435,3.8120754645000985
agm002355385,14.176777779537664,2.8448238296348043
agm002355438,11.625078996187998,-1.0771285445511374
agm002355565,15.358663882215904,4.168170338913338
agm002355685,14.67374160734123,0.10882279827823638
agm002355854,14.886318691065993,-0.08223168145100601
agm002355863,11.47753962889194,-3.5857334231146702
agm002355883,12.592330885011204,0.8827625744098313
agm002355902,11.43234336024472,0.10904841120580026
agm002355941,13.810166042463479,-1.0351859886724053
agm002356027,13.096732612782644,-3.4392468682780355
agm002356032,13.205379126306378,-0.7243385905202082
agm002356155,13.942109576021672,-1.1911590127461456
agm002357219,16.11659388546568,7.516883604637265
agm002357479,17.384966916785377,5.1029047347874865
agm002357480,14.24942944113579,4.075451659950881
agm002357818,15.876581232516406,5.388841227329542
agm002358489,13.07181496478531,1.1668775770823199
agm002358798,15.686765160725848,7.3555491765181555
agm002359395,15.855983867261138,7.08538414216039
agm002359633,16.737501559898288,7.0192898808983655
agm002359675,13.869900271323615,4.484080891255782
agm002359956,14.795217610760352,5.299291811933082
agm002360004,15.156716698502109,6.988843329126101
agm002360094,14.645279753379986,5.777777069813549
agm002360110,17.05335983046542,7.215775124106748
agm002360170,14.826945790421306,3.874048325640794
agm002360175,13.00762536092499,4.079160433573292
agm002360231,14.503892355367517,-1.8376191105077637
agm002360243,12.666560458041161,3.059519873296864
agm002360307,14.846288866789669,4.0315092578329015
agm002360344,14.117118281542043,-1.5294516655105994
agm002361319,12.399317875886226,-0.5379303650181898
agm002362059,18.154607531194884,3.1259899497838077
agm002362107,13.265463990664506,0.9870355581947562
agm002363335,7.561894679468146,0.18613859120772033
agm002363498,10.637545029608981,-5.228834395501767
agm002363530,9.73728931195186,-4.441398195408217
agm002363578,10.543784929661252,-3.9140836346162042
agm002363723,16.373389148619385,3.4284984631629163
agm002363730,12.12362504887314,-0.35159077364852676
agm002363731,12.156165260768862,0.10287878147186831
agm002367171,12.677118935188595,-1.2826465151929731
agm002367345,16.84934162518639,5.363581818667672
agm002367592,10.829475227411216,-1.248907847063709
agm002369906,12.939197970385232,-0.3753151747587866
agm002369965,11.596779380693425,-1.8577229369553745
agm002370140,13.36599345544466,-3.743424605468958
agm002370553,12.081182524130758,-1.1271313098927562
agm002370609,13.935578130235777,3.0361522301125823
agm002370790,19.749728732422188,9.366123439835878
agm002370987,14.359232205510134,2.3481264809240425
agm002371033,13.587887439245543,3.157124082697652
agm002371119,13.958277201766467,1.9361634336151994
agm002371153,13.580562018076934,3.304031246763708
agm002371187,13.753149306766225,2.0126853442277444
agm002371193,13.253870184141341,1.6523190931054497
agm002371271,15.009422400222524,4.058756735627668
agm002371274,13.581870370782335,4.281356522524924
agm002371759,13.838663521362028,-0.7920891569523831
agm002372916,14.484725802783279,3.9619230140391437
agm002374467,17.215762704535553,4.079238556586183
agm002374582,15.541094060751739,2.582164933382707
agm002375174,11.66083315791749,3.264236464708719
agm002375313,13.860569765286977,4.337624451517732
agm002375409,15.504375119144296,0.8100233037403726
agm002375621,13.82653692523551,1.654737521296483
agm002375622,13.460636093737756,1.36358120556039
agm002375998,11.90312392888128,3.278835634386842
agm002377249,12.860441239801755,-2.5591051451146605
agm002377306,16.610682018533637,2.7904731710464454
agm002377594,14.932190408148617,1.9745200905921
agm002377612,12.779467003392233,3.3254146178143364
agm002377638,14.211806099026372,-2.9687125841826414
agm002377774,10.881021556558572,0.7433083458155471
agm002378078,16.871057869852656,1.057305710142397
agm002378201,13.013374138310771,3.0636540894936286
agm002379046,14.599336354648456,2.570537708954623
agm002379076,14.020798649670697,-0.2763626248995905
agm002379240,16.054279992263837,4.530402966607618
agm002379297,15.594787976147735,2.5896932524825576
agm002379530,17.874864950819525,7.982593338807827
agm002379582,17.08264496226837,5.444894287494128
agm002379710,15.24682208512128,1.5419114786253827
agm002379756,15.732824159987771,2.598282012292663
agm002379758,14.701202711429634,1.1356817267608887
agm002380223,15.389145206146152,-0.16020238603428538
agm002380239,14.241473171961749,-2.0978133209050767
agm002380360,14.090579026809886,1.250807064780138
agm002383792,10.336893034935605,-2.708258134192951
agm002383806,10.172976184956292,-3.374992666970049
agm002384376,14.56956151614021,-0.10167550677496351
agm002384571,11.567742433480388,2.9376592350242183
agm002384728,12.738910724037865,0.8676862205823195
agm002384729,13.701694615552123,0.5808666825783115
agm002384824,15.196861456602415,7.611589364552056
agm002384948,16.46627275779419,6.799504709433836
agm002385293,13.939159881253616,-0.8458669072446708
agm002385411,14.431632060771548,4.396991916136899
agm002385525,16.35123817403242,3.725714096658747
agm002385594,16.33490195352677,5.106134043615386
agm002385637,14.969938922853618,1.6917366316779017
agm002385776,17.504984123910585,5.959948867785567
agm002386093,13.161925947039414,2.026069669749988
agm002386165,11.621271801925765,0.0599363731531497
agm002386180,12.716442986445285,0.4324755502991451
agm002386293,12.365762563367923,-0.20479052245966636
agm002386297,12.603349028846063,1.068159279577369
agm002386485,11.64462159762745,-1.67428980933215
agm002386666,14.48218172631564,-1.6663254605959452
agm002386921,13.878058835813782,3.915577328075941
agm002386978,12.926424383341475,1.0226219890029686
agm002387002,12.319728827484772,1.0000659337647733
agm002387164,14.143615618584082,1.897465265701912
agm002387204,16.29125549111335,3.213507371187935
agm002387255,9.01380000036949,-1.0655072878834584
agm002387836,18.64480001682997,6.01356980646712
agm002387973,10.685615612148345,-1.952105749674842
agm002387986,12.949365306010392,-0.8835741332758028
agm002433306,11.324776568343756,-3.1814105239597503
agm002437434,19.32351066248319,9.105884994122686
agm002441043,20.966456597236395,6.436107794915662
agm002444968,15.898978437535641,5.672018764126401
agm002445134,13.635324225312178,3.394407747778412
agm002449630,19.04475947474777,7.231658985087387
agm002479708,15.73327369820738,4.273808645371547
agm002486826,8.898582418237076,-1.5307388398546955
agm002487107,11.10291705104007,0.6182335812411374
agm002489068,6.999535927838108,-0.13934101448412192
agm002489958,7.716935454226279,-2.0898905574874553
agm002490355,12.703757009881494,0.693537852735399
agm002491523,10.489585458704198,-0.07823929837779531
agm002493090,10.888035043168623,-0.5388737976281781
agm002496001,8.907871017007505,-2.389030311508484
agm002496497,9.886643631554701,0.07363266562190418
agm002500500,17.579212934411753,10.969072814383475
agm002503810,22.56308815092445,11.221575267898034
agm002533104,12.415238960958563,-0.2561562931200022
agm002533211,10.674057996119647,-1.9569994177246741
agm002538568,13.149585776124766,3.1502847972035752
agm002538862,9.859438550812381,1.012576761884474
agm002541635,16.272417886845094,5.237150429132554
agm002541671,11.125197205133512,-2.2591053235630616
agm002557126,13.546836717155623,4.184823755383861
agm002560965,16.000203717001675,6.727963854297319
agm002563541,15.607893540991384,3.336051268731963
agm002564031,13.391234819777125,2.922710107531614
agm002565430,15.239273819091943,5.916907898706604
agm002565833,10.751619775215328,-2.805435016567146
agm002565837,10.548256660578275,-1.5535912116856465
agm002580039,18.44098942744343,6.023292778104651
agm002580145,20.369187447799565,5.3265581101546
agm002588347,19.7486688265885,10.129493039685396
agm002634309,12.214012166689182,1.3527228552967676
agm002635431,13.43950345411515,2.158215689490686
agm002643054,17.97287666905594,8.302446806856878
agm002643914,8.037303114613799,-0.9691551353944607
agm002646767,10.073043492004473,-0.6052104427496916
agm002655487,14.399501653949342,4.8773952838372185
agm002656185,14.621395772810999,5.728702839460226
agm002656429,17.009549392490612,8.439966926129697
agm002664428,12.96489500017714,-1.977750294846504
agm002685804,14.070971203894365,-3.8071136080747126
agm002690338,9.28971724752002,2.052318690168132
agm002691451,11.901609334416383,-1.862075173878348
agm002691681,10.900486921307907,-1.8836292017622709
agm002693125,10.650372156693253,3.238551721383852
agm002693309,12.383772716550414,4.428387408699317
agm002693681,11.570213263747641,2.8230674146173422
agm002694384,13.03461339193917,4.509117474961952
agm002694433,11.946530745371945,0.2291739740430705
agm002695685,12.288268623819045,-0.4934765458927428
agm002696841,12.485994579288597,2.27975977551961
agm002698393,12.201273783718673,-0.7419887592510417
agm002699666,12.604292603513654,4.712611456969055
agm002709872,14.000513736913017,6.943562688232822
agm002710296,15.066951129895747,10.009435502958137
agm002711444,13.859657776330744,6.086545078305864
agm002711640,15.486883795488287,4.788337664930037
agm002713600,14.095320495537864,-4.665768711317241
agm002715581,11.799884827624279,-0.30264944100482527
agm002724743,14.292829775954036,2.8721239585525984
agm002726005,17.8513429727511,8.15535655025118
agm002734762,12.990988131983089,-3.1103193117937957
agm002735022,13.237248770834501,-3.5186262137337057
agm002735310,15.748931107528922,4.880230564560141
agm002740723,8.849933323780444,-3.004011414866386
agm002741707,17.65087015671474,7.818353856535151
agm002746612,12.767338731973743,-1.8060932217925858
agm002748502,11.6731500107445,-2.967480866714194
agm002751012,11.808476280536812,3.957478777556811
agm002751663,12.37825812088643,2.005647572427181
agm002751911,16.557487577960593,6.2637359311971
agm002758040,10.172894294420571,-1.3617088502805537
agm002762023,13.34975015354018,2.107686960218709
agm002766205,14.474453510147566,6.700485474169548
agm002767482,14.087407825871646,6.584304177585494
agm002780850,15.243894131211993,2.872256203276441
agm002783879,15.42365303973503,3.764730573114997
agm002784712,15.998888822214472,3.763749275510219
agm002908082,13.36002149100339,3.839794692464328
agm002908120,15.007712091269614,3.5398961145379824
agm002911883,10.218388581235299,2.12903338046313
agm002915699,13.885331297571323,6.273401377259193
agm002915804,19.632855954491937,8.936502435749718
agm002919601,11.971101487620448,4.121593161476598
agm002921459,13.296395193228694,4.662111943023591
agm002921730,14.99130568296392,5.811667561938694
agm002921778,14.478014798085706,2.134286114989064
agm002921877,17.193816685065848,7.0055013155908314
agm002921897,15.632757532169382,6.004496300987341
agm002923650,7.968896183993435,-3.4035812272005037
agm002924171,8.144574520597267,-3.0607891221043517
agm002924355,8.937106013813882,2.4542358745817525
agm002925122,6.965061572106995,-1.690319015028598
agm002925285,7.90757431735761,0.5090655511049789
agm002925483,8.53698148839333,-3.643844166134989
agm002925861,8.265062521312338,-3.7227719691336034
agm002925962,11.373922713823244,1.40809976997149
agm002926182,17.774024910688144,5.1553773918474
agm002926251,18.38014890506677,8.42233597734336
agm002927674,19.344322086703592,8.88610019323865
agm002927676,18.485552646427028,8.557046801334735
agm002927949,15.066865790954651,1.9722104711875084
agm002929161,11.805613410847467,1.1388180653718052
agm002929193,12.893733013365473,5.081907440845953
agm002929602,11.652033471259355,3.431318245484777
agm002929617,14.32072549615096,4.68332263020332
agm002931017,12.090432895019124,4.1728199450780465
agm002931035,12.613859919439312,4.59623307227438
agm002931091,16.37863553754837,5.55351919058261
agm002931248,14.054658899436054,4.932240309232649
agm002931293,15.78556218930189,6.764344036726159
agm002931525,14.215984507404105,3.984610382275818
agm002931756,15.049317852520954,4.749955933924836
agm002934406,12.89979620935076,2.3742096582176777
agm002939014,10.50612627118195,-0.7583322023224938
agm002945981,11.195083204587489,-0.6780627367094632
agm002946123,12.063373793108102,3.239090548250806
agm002950236,14.960485453178933,-1.358212801045235
agm002950623,16.225968816663197,7.034327993921155
agm002951443,13.903675727873477,3.817564541903594
agm003031822,16.35075563436323,6.027135843084272
agm003031856,15.829853810259245,5.6754512610330075
agm003036207,16.99459924580072,6.234124251512099
agm003043138,8.882159060896113,-2.796452100053891
agm003054418,14.768730464592162,4.444340597879105
agm003054621,16.889398215338854,7.217539006882784
agm003054641,20.27774059649237,9.339117663991882
agm003057420,17.547083937320156,6.78118955518613
agm003057422,17.075300820002024,6.478646245590286
agm003058487,14.328812502309864,5.3168877259947065
agm003061489,14.011270778432896,4.1937479695891895
agm003062288,14.00566486131153,1.3851183017806292
agm003062395,13.609068889380573,1.8934157878639961
agm003062628,11.95358445320407,2.7069249233282324
agm003063415,11.447325836355713,3.016565522790742
agm003065468,14.875199024228124,6.364177295197966
agm003066009,15.75382834166673,6.4719482670441595
agm003066332,15.346943711524446,5.983766920156604
agm003070364,7.552673875152781,-2.083427283204307
agm003082154,20.890940401970106,9.835365639978383
agm003082642,17.902967980637868,6.7353559619983345
agm003082742,17.37347747514246,6.5233570095147835
agm003084782,14.626471888508346,5.827813650978712
agm003087673,18.25921651683831,8.219809865492975
agm003092240,13.876414244099001,4.957553422419424
agm003093874,8.590879048187581,0.25430494347384425
agm003095455,13.17488000094397,5.262846111778969
agm003096016,9.653383621922275,2.0416184676127194
agm003096021,10.655757565550266,2.372249984921066
agm003101411,14.050537465738799,5.576803336166748
agm003101955,16.360922717115322,7.026606543353117
agm003112455,13.331562897525579,4.760639363872964
agm003114970,13.392024699008791,3.6208510692985536
agm003115753,14.82510197433595,4.760449385368429
agm003116304,14.94934458161522,6.101634112651806
agm003116314,15.098633692867011,6.10879965493325
agm003117072,15.56998480131095,6.5013862494831045
agm003117075,15.682718848768443,6.5479452342488385
agm003122048,9.423609115150427,1.1555234948967783
agm003124886,8.95630154061526,-0.28545163278792707
agm003124887,9.65338269697943,-1.3046891184728304
agm003135176,18.488225759974167,8.190237112906308
agm003135202,18.033917218617905,8.104774669022486
agm003142277,14.17895269105749,2.835042086975241
agm003142944,13.103065274378421,3.4519298248885786
agm003143786,14.921667471997527,4.6176692097456815
agm003143830,14.192109311098381,4.044761410635353
agm003146934,14.956195548591653,5.662597043228388
agm003147126,16.375372374322573,5.693257033779496
agm003147397,17.871673423468344,6.714095160358139
agm003147491,18.421261500178222,6.7204313796885025
agm003147912,17.023108474106092,7.106668242421606
agm003147923,17.04971719113612,7.13073171319281
agm003153740,16.801092569599383,6.939693678396192
agm003154711,16.334492618889534,7.222239939445511
agm003154712,16.164415815824405,7.574634421214029
agm003154955,11.820253265952145,-1.8972296025996325
agm003155230,16.80843800573354,4.761865928326603
agm003156881,16.61664326646258,6.17195028361122
agm003156985,16.925405111592532,2.3600494630561393
agm003157199,15.673753379853071,4.373320497727903
agm003157286,11.80454859897176,6.677629742914234
agm003157405,16.33215989883989,5.027014712830703
agm003157441,15.103899477732066,4.636125878308638
agm003157478,16.259925996901597,2.3759365500286576
agm003157490,20.340866351085502,5.871665098316654
agm003157501,16.34848661817589,2.8662704262007264
agm003157507,17.226710356735538,3.368289169131672
agm003157524,14.412555637804692,-4.284214883356286
agm003157546,18.881112628519524,0.583947797211394
agm003157581,7.398879142139329,-5.1060530034294995
agm003157639,15.87789505937316,4.396359530736582
agm003157649,17.893979148939728,5.039252043085167
agm003157659,16.15838888735641,5.392577211928508
agm003157668,19.755030725661193,1.279944585551089
agm003157722,10.057597691895054,-0.24555077582739848
agm003157789,19.750938654808174,8.705808637961415
agm003157799,18.27508436549194,7.317412762622773
agm003157852,11.486660195999514,-1.598588754107201
agm003158066,11.588730049048586,-2.4482669730038538
agm003158086,11.248881132780255,-2.5077800662791017
agm003158186,15.300641407589241,5.61946580226049
agm003158455,11.65911272188199,3.5444824471370358
agm003158787,12.62116354826406,-0.9978173396049511
agm003159070,12.923172556258892,0.7241245096304892
agm003159274,13.132306165726817,4.085519174597445
agm003159573,13.339270499736328,5.266719092471935
agm003159581,10.527704692229806,4.570289733230636
agm003159725,12.553147475933656,-1.7803516634265968
agm003159792,12.179916323528802,2.501352863052721
agm003160066,16.387583377892653,8.343497839077543
agm003160263,14.55497703714626,5.98848052926957
agm003160348,9.838525296097615,-1.230488892859127
agm003160463,16.53163693495301,6.69504848027579
agm003160479,13.072431149990086,-5.860741166022872
agm003160499,11.047198683972463,2.5713336665828517
agm003160506,9.096455750955231,-2.455207960033148
agm003160522,10.143619239703165,3.6426730076064793
agm003160523,11.345274786567368,2.285633637588546
agm003160538,10.840560599433699,-0.9467967012154688
agm003160560,12.485605775625915,-1.7775228763175395
agm003160619,10.732457228148881,0.1410360092807661
agm003160624,15.59422116814518,4.628941833581914
agm003160626,12.868708638162623,0.9345520685422652
agm003160627,12.677875363318678,0.9883112520758518
agm003160644,18.017369437948727,5.256259090812783
agm003160659,8.53635755539779,0.4235647256624784
agm003160666,17.947079813565775,3.7818820571215745
agm003160712,17.146602825434154,2.9955695432267313
agm003160723,13.207504012332668,2.0813845126708883
agm003160725,12.97218941374105,1.1563674230810932
agm003160766,13.047280270599417,4.084645570316995
agm003160824,14.50779032412804,0.0007833971672278987
agm003160842,13.739532050218841,4.0772870667734304
agm003160863,15.361467806316844,6.434239304754961
agm003160930,12.330035985735952,-0.38633940911699344
agm003160938,12.489717394837418,-1.1071036142004556
agm003160949,13.315726313173483,2.2552354382039588
agm003160967,10.951189940847806,2.031883075421
agm003160975,12.795846211058318,4.265089913494488
agm003161021,12.524415780901698,2.1300702703583703
agm003161036,11.803874886180523,-1.8472230930239146
agm003161120,14.376607022704635,1.8313287856789735
agm003161156,10.146762733913707,-0.9236235518660791
agm003161183,13.862705063077117,3.6756901686415127
agm003161203,15.622930774085853,6.803278889309628
agm003161205,13.455970350582318,1.7548964002038179
agm003161246,15.793050439932765,5.036619034921879
agm003161260,12.280230685642445,-1.7270116093043046
agm003161316,13.320884049511024,4.889586954032926
agm003161325,10.5858979172624,3.049478383648754
agm003161354,14.559198897655042,7.297944897571764
agm003161368,11.910078274090184,0.5625987448480251
agm003161370,9.420362035354936,1.7379560948198922
agm003161405,17.813940360976904,6.42729697923374
agm003161469,11.510356016450816,3.552994212389173
agm003161501,11.470821575156107,4.229037948266627
agm003161505,13.255445329013641,2.6695960126190132
agm003161513,10.73353376418065,-3.2466722159095345
agm003161521,15.827704018672447,4.786982581977558
agm003161528,16.84534416987368,6.071160752021591
agm003161558,9.175673864390355,-3.626987360970086
agm003161630,15.542977767165922,6.193281809915773
agm003161729,12.722634761482853,4.257277154433154
agm003161736,13.415498315077125,0.1519106654240332
agm003161741,9.992595342736383,0.862514567738589
agm003161755,16.173903811529033,4.646640756204977
agm003161773,11.854072028756061,3.5594545908370123
agm003161826,12.65398865867727,3.8527374821583193
agm003161856,15.168042277168635,2.0589923083924253
agm003161862,15.294343923842739,2.5048918059143723
agm003161891,15.447782663764436,5.022139984608899
agm003161894,16.947591692140247,5.4118460050261685
agm003161912,13.96466694398688,3.1462183692906334
agm003161943,9.26807042320679,-2.7000448593830892
agm003161951,15.106999981577925,5.454473803346919
agm003161967,13.302335265464563,3.255927558206348
agm003161972,15.027832396242143,4.348158504870007
agm003161976,13.259127592220056,3.152024843697233
agm003162039,16.862127457614637,8.897597165861576
agm003162040,16.873616168653438,8.76737302610347
agm003162064,15.371072803382845,5.6794987179839715
agm003162076,15.833373292081557,3.4397659303588926
agm003162086,17.811246620042795,6.740076380598738
agm003162103,12.00990119495489,-0.6237955971792273
agm003162107,10.530428212822983,1.8375147372630254
agm003162112,12.162803926713906,0.5666889000668007
agm003162235,16.961865881714658,5.4806546180771045
agm003162273,10.874472185041828,3.240149259408195
agm003162303,17.389749737304395,5.742011581380082
agm003162305,16.230964230643956,5.432507602340731
agm003162324,18.072037646605658,6.080942716618013
agm003162372,16.03099017032324,5.063930842328279
agm003162404,14.96875867107193,5.873907746292431
agm003162431,14.394020356684532,2.9350109533615423
agm003162450,14.30015190886714,2.8323032525558864
agm003162457,13.864824559510454,0.4933201511535712
agm003162494,12.833104986815831,6.209675713957443
agm003162500,16.153933639980767,6.354434234949116
agm003162501,17.778234291635844,5.835163351258549
agm003162508,17.150538981884957,4.231519039347942
agm003162519,9.376243334216133,1.8775849832260318
agm003162561,14.452000270290396,2.9624410396303746
agm003162567,17.826070909555096,6.1883608782828485
agm003162588,16.951996909078094,5.488752599738982
agm003162604,16.55208843960057,4.758885489788956
agm003162628,14.745970529354327,5.099012346307407
agm003162638,16.087724083080143,5.979384946485899
agm003162642,16.12132365590634,3.653989061518118
agm003162650,15.97537995893226,6.003113672946892
agm003162667,15.94432146253738,5.506348691191097
agm003162680,14.758921387453578,1.2000937770562237
agm003162695,16.205527807767773,2.3085800307475948
agm003162700,17.031390158519404,3.630917841284785
agm003162720,14.628800701765869,0.2558859123591697
agm003162721,13.499071934390448,0.6757073001599592
agm003162867,16.23002551832564,5.327083736123312
agm003162897,17.330143971303922,6.5599698538559315
agm003162968,16.35255472171364,10.474518130585036
agm003163181,17.10180380853854,6.257079501609324
agm003163190,16.867901591533297,6.210650941816627
agm003163314,14.80456969431578,7.578141094057849
agm003163335,16.06547310166583,6.690693625107829
agm003163438,13.087034846107306,3.868567604190762
agm003163468,11.532578762926843,4.052001404885792
agm003163503,16.417233006183242,7.492905640099807
agm003163617,9.014238025897892,-3.119700739720388
agm003163665,11.983628904597094,-2.420477138913675
agm003163695,11.637445759785487,0.7783055673187436
agm003163961,12.063790131976894,-1.5796173714170587
agm003164031,11.832449059303936,3.137803248809705
agm003164167,13.058725914221847,1.0298302642707036
agm003164216,11.789264693613154,-4.638226028024534
agm003164376,17.26590038788785,6.335644288702048
agm003164682,11.931655985695464,-2.1145196902449594
agm003164738,12.570202428750056,-3.086598817489749
agm003165086,16.83579778483756,6.4764553411661145
agm003165096,14.671957433816772,5.891844714628107
agm003165151,15.875851174842774,7.040755644278564
agm003165302,11.660210286615122,-2.587844903851737
agm003165333,14.910990793017707,5.486542269810302
agm003165381,9.852737927073825,-1.1197920930574243
agm003165411,9.848292149335013,-1.9076283453897798
agm003165428,9.629683672778334,2.5367389301514995
agm003165761,13.529016681737065,0.28083244856748557
agm003165763,17.560157896511623,6.806565299173495
agm003166109,11.628690742401524,3.523255352306732
agm003166184,12.61177182220901,0.4379020588790876
agm003166254,12.690527661967186,3.2630943466428786
agm003166341,12.775686845092311,3.8949565833219126
agm003166509,15.610708165416925,6.7777916743693725
agm003166610,14.637395560441155,6.453436781450712
agm003166646,18.79366582647747,6.1021769822000484
agm003166853,14.090335839141565,6.386561249448939
agm003167042,12.564083411625836,4.724744764482138
agm003167300,15.010389083570349,7.485982206102537
agm003167507,12.83199863915054,4.439504440271261
agm003167697,15.626984637698937,3.9484225245342857
agm003167718,9.582771022605437,3.453729377685242
agm003167733,14.120953237477638,4.901280537202461
agm003167832,13.306298756811254,3.358624838071185
agm003167913,11.072643266059364,4.238436123802667
agm003168156,16.976215757892756,7.56838912765
agm003168385,15.423745786755052,7.118466562602683
agm003168736,9.518542238375982,1.6597477420264117
agm003168816,16.609065370909395,5.505675330871269
agm003169087,10.173582997308447,0.19422294406588936
agm003169394,15.912366446238233,3.0148737792364315
agm003169448,14.297046617910269,0.8423884944651192
agm003169458,12.148687086053796,-2.663343042532471
agm003169517,9.8421575977628,-0.36929791055504335
agm003169586,17.795739018123538,6.959812374597814
agm003169700,15.553571574347515,6.556764152724077
agm003170000,17.883291805166458,6.679674012024698
agm003170098,17.17977685687053,4.940650686575129
agm003170471,11.362031378334146,3.2061048120594626
agm003170474,11.40818771273872,3.2270844992722343
agm003170659,13.17674666763195,5.446869083329012
agm003170745,15.535088742449052,7.028632405136573
agm003170781,14.988439504100011,2.528438638493985
agm003170859,15.41932015637454,4.955873256570829
agm003171302,16.10887937066517,4.341384113682367
agm003171558,15.363155891140012,2.366745831692583
agm003171776,15.046835284339393,9.317885526102168
agm003172045,17.871412049305516,7.44909395151365
agm003172286,16.994898244798488,9.23824157299223
agm003172324,13.535660891970142,5.074792183707864
agm003172481,11.75562148098331,2.955077242645639
agm003172523,7.909553335431663,-1.8622878879856346
agm003172718,9.966092218437659,-2.6897069795684914
agm003173124,13.142030987424993,5.7895396364842195
agm003173153,15.78921638746676,6.725306757595869
agm003173276,12.956289204934789,3.207430750006286
agm003173278,11.53993484262463,4.173138077504087
agm003173380,15.591935733219204,7.975639505304441
agm003173591,17.51943011291376,5.995956552216128
agm003173654,16.93790251252262,7.325773311798411
agm003173687,11.08516519374594,6.25672808836426
agm003173840,17.475109662078278,6.830516217106601
agm003173846,16.978692794896833,6.855766283950616
agm003173860,17.540530010461442,6.765723297513864
agm003173877,15.001403042443329,6.198235943718441
agm003173922,14.123584272384916,5.251305149355582
agm003173941,16.941518282476892,5.333724264741379
agm003173960,12.955105220308404,6.552312401548621
agm003173994,11.826628803698119,-0.27365021540464163
agm003174151,15.721143212475132,7.108417517955254
agm003174154,15.889612255556534,7.153127122861665
agm003174178,15.213188616718316,7.317474193114923
agm003174256,17.043460777691006,7.440735464606213
agm003174346,16.218158765697794,7.677876558282075
agm003174434,15.260741273875693,3.525094698835111
agm003174519,13.230470787825723,5.870929908895379
agm003174535,17.10635491819594,6.933818425736346
agm003174565,15.992135520008379,6.961698637811359
agm003174567,16.649915081231555,6.833713481300246
agm003174702,10.632408012253823,3.4863370789615926
agm003174776,15.130007083479502,2.946016379299447
agm003174823,13.6169394705973,5.019042150191366
agm003175108,9.90466895580386,3.4915205742491886
agm003175153,9.99746066741469,3.5440690239278307
agm003175159,13.993415421909205,6.331581641517812
agm003175299,17.0154302831386,7.406578579083889
agm003175340,11.19489280690985,4.877101349838928
agm003175396,12.585685800663194,2.8678386506472515
agm003175744,12.441450480187314,4.745179768080573
agm003175983,9.112406942846972,-2.167194759343821
agm003176023,12.798844880321397,0.18117849556228904
agm003176050,12.031871303234226,-2.0231199127569397
agm003176375,15.383991215137756,5.121284732095167
agm003176429,10.101624276119532,-1.069576620166651
agm003177015,12.582847519096166,-3.646790706168839
agm003177108,12.687810723179194,-5.608059063564538
agm003177125,12.670795668554037,3.005416638531551
agm003177512,12.914182845600925,2.1900092581800727
agm003177613,7.761443722021576,0.9057048118777571
agm003177735,16.68697069072085,6.047013666180717
agm003178092,10.192171787831047,0.9361484761456436
agm003178223,10.104775890206913,-2.7798612380008656
agm003178231,10.166639766039351,-2.102675761576303
agm003178277,11.844172131177297,-2.94366471480455
agm003178356,10.193272667546264,-2.7159534319762866
agm003178363,8.653491492481672,-3.666309387451416
agm003178388,9.490692136011187,-0.07819179201174897
agm003178418,11.644852549221836,-2.7572705425182464
agm003178452,8.994033710111589,-2.7100151130443235
agm003178453,13.140948310557562,0.874131017641556
agm003178543,11.691835016068357,-3.0405158960771494
agm003178740,13.809612716427607,6.160079277094553
agm003178742,17.518535656327284,7.280066321108954
agm003178759,16.84302763244942,7.625784301877172
agm003178769,16.922155437725664,7.646075004953453
agm003178777,16.748942165607083,7.0727206668117875
agm003178799,15.004299859787805,5.6026712216855294
agm003178865,16.371266557759785,7.233140124324359
agm003178873,16.409715857756733,4.703067539276886
agm003178994,16.654739208687218,6.344962025072307
agm003179404,10.890457890686005,4.17269552106202
agm003179411,15.852117672627406,4.8775763910093115
agm003179507,17.578918759772098,7.734245975745148
agm003179533,17.728765339201807,7.545911233689303
agm003179686,15.943694347470165,3.9924513152782217
agm003179733,14.499242627654324,3.2913858534990283
agm003179877,13.836467595503231,4.5496158173165835
agm003179954,17.4567635076581,5.075627680975673
agm003179975,12.366899490262584,4.8602934419278085
agm003180014,14.31475575959325,5.282334743076245
agm003180047,13.448665097084882,5.485541619182253
agm003180051,12.014340431318129,5.0386967697673
agm003180124,16.230583902778967,6.304590680131559
agm003180126,16.062871289496265,6.282114856509228
agm003180140,16.31217633007948,6.390625928744314
agm003180241,15.193410904290497,6.340000738630168
agm003180245,15.450120306102441,6.402543677207586
agm003180248,11.134325847752125,-3.381109746340269
agm003180281,12.728768731503317,-2.5737779920154162
agm003180309,14.938396859769538,0.9704824659957083
agm003180359,17.46054499500154,7.139461495322685
agm003180380,10.121395605928976,3.1911616094066613
agm003180557,14.966756535924429,2.7860827758324866
agm003180692,15.323520890131336,3.194381128212447
agm003181059,10.162366344625786,-0.3459126617773878
agm003181167,14.237770969443407,-2.5435994860650117
agm003181296,12.403005206629885,-2.409891313756855
agm003181599,16.73314263640827,7.667449725187223
agm003181613,15.237009223678708,6.297328888187968
agm003181636,16.670855201147713,6.467286837175568
agm003181930,14.053329344965839,0.8741869949058998
agm003182104,15.8653475270308,4.869810293040239
agm003182107,16.17204787347983,5.122547027269946
agm003182213,9.7307754864801,3.8851603590586117
agm003182222,9.00790181191186,3.5573330165841974
agm003182302,8.510259630965454,0.7688779704086808
agm003182306,8.421945357246486,0.716887249000393
agm003182397,12.009505282015672,4.374086694706806
agm003182529,14.859890398853366,3.4230317111704758
agm003182615,14.614458609462027,4.069218454878019
agm003182756,16.76818081432056,6.724405314379106
agm003182983,13.238978370292607,4.580115890961808
agm003182998,13.290607849798572,2.316080634049155
agm003183030,10.213973313573918,-2.349252143429357
agm003183150,13.029843364496042,-4.87255040875452
agm003183192,11.729076812572165,-2.8519161201881102
agm003183228,12.667303610222527,-3.7197548977163537
agm003183279,12.938876314917927,-3.1431850399285794
agm003183311,13.72078893794506,-4.711212196196394
agm003183358,11.8536564747615,-2.9596978446193303
agm003183390,13.345944919005094,-5.039374321549397
agm003183866,11.492554258534629,-0.2024281258013776
agm003183914,15.16646439627897,1.2456324675780088
agm003184171,15.001046761651075,0.44519118297750904
agm003184408,12.695660682231056,0.4781058393680331
agm003184546,15.22037827911846,3.2385731388567702
agm003184600,15.486003500470673,1.4175960620439128
agm003184947,10.713895319802862,-2.9638599376531625
agm003184991,13.073057346387614,3.256238120057182
agm003185010,12.454945899027388,-0.40625740281037004
agm003185204,17.134703441327744,5.189237654828438
agm003185206,16.10712967532191,4.689503650011051
agm003185317,16.90446225441156,6.581814134557992
agm003185648,14.430278842260503,2.074444795561024
agm003185701,9.18987309659883,-3.0195492418580816
agm003185790,17.135603112432438,1.2971826390356025
agm003185999,13.775675390332124,3.9788990114085823
agm003186043,13.81169854194258,1.8536255141778977
agm003186082,11.86543283775265,0.6966541059630522
agm003186083,12.281128787327791,-2.9846201682261766
agm003186089,12.585823457520824,-2.7445058784606218
agm003186093,14.660166021720434,3.093133983288949
agm003186129,13.065718914691262,-1.1835026425331971
agm003186144,13.484625750295013,4.564058017434601
agm003186193,11.267761519561134,0.1415627607126444
agm003186221,13.256103986050226,-0.38704317807016686
agm003186236,16.021817283915993,5.8102048142738685
agm003186250,17.48109008331283,3.0180093644306085
agm003186288,15.979882399268032,3.1434968128518435
agm003186299,10.7887855584353,3.3190120090286097
agm003186361,15.883698379358176,6.966998522397544
agm003186370,13.863803911666842,1.2761873996235167
agm003186381,14.89887693913164,5.289943814048058
agm003186403,11.926160742366767,3.298234181978946
agm003186415,15.453467753938403,3.1816760520661065
agm003186426,15.260612215368667,2.702412631804158
agm003186451,10.718296812687395,1.8006247873074734
agm003186487,11.223347926805971,4.053379243987138
agm003186529,12.148048118086276,-1.6043829851311964
agm003186542,13.512179645510955,-3.421384577342196
agm003186577,8.073434935638574,1.691730825628313
agm003186610,12.952023605461745,0.9302538034766039
agm003186622,12.833725105616844,-2.92093744265929
agm003186625,11.750584866032519,-1.0380338013884014
agm003186633,11.864237410891217,-2.6134988082286315
agm003186655,16.94012688280854,2.464933122976837
agm003186661,12.473300745060794,-2.155976655653074
agm003186667,12.214529707252886,-1.3481065659097595
agm003186690,14.784205634481314,5.72300667066105
agm003186750,14.721719429033627,4.026021607025597
agm003186761,10.712339411269026,2.0566595852607117
agm003186868,10.07188432162033,3.5093664624532384
agm003186925,9.873875579615595,4.074669963074259
agm003186937,14.494900859650153,2.0942836365526727
agm003186960,12.868264708098543,2.6682683342222595
agm003186971,16.921281228933058,7.182386772757139
agm003187044,14.042964183110042,1.1848298738323075
agm003187063,13.836127495858083,-0.6777334230273571
agm003187134,16.01220928134051,2.998101850945008
agm003187146,12.695508574556765,-3.37155692119996
agm003187151,12.75986307675842,-2.6283497839123484
agm003187167,9.834797089367457,2.5955764744378325
agm003187249,14.644421982137938,1.197053277186578
agm003187285,13.938311549145018,3.574388086575292
agm003187329,16.612846261272256,4.013299182228761
agm003187349,15.900990953354393,3.717362691548991
agm003187409,8.376566445520092,-2.6568208120042414
agm003187415,16.0588308634938,4.428964395173559
agm003187508,6.3400683363486685,-4.6999382385303825
agm003187607,11.713067911921767,3.6342205594448345
agm003187685,17.84848470933298,6.304436931186951
agm003187703,15.385362810696972,5.995269507162734
agm003187707,16.290089723282577,3.474689361669034
agm003187719,16.052133269728937,4.8769234930866645
agm003187763,5.952201461551255,-5.480716808017493
agm003187937,12.581178190374409,1.219652536486505
agm003187961,15.498030768620426,5.099513995180329
agm003187982,7.380662390972006,-0.5218092581066096
agm003187998,17.805860455426266,6.914991418477202
agm003188094,16.591465071206972,7.098690092942747
agm003188136,11.785320144207033,-0.010441444388224141
agm003188364,14.031028554961654,2.805107400021478
agm003188532,11.952933663837946,-2.775384877107749
agm003188638,16.722893060549094,4.6511066505255245
agm003188655,16.632536923661227,5.905487595697231
agm003188656,15.281531625957836,6.4865404487734715
agm003188679,15.427568077124567,6.1484816396937525
agm003188762,16.839516457999576,6.9150216603551655
agm003188770,9.576837890073763,-5.222740516962864
agm003188791,15.417380857108231,2.2040305385932424
agm003188803,15.425662027102234,2.6150683227682183
agm003188821,9.107885968830482,-2.734393629864977
agm003188879,13.487833801624058,4.868869899199749
agm003188976,18.15633333555123,5.804286129274574
agm003188992,17.761854954519244,5.598217774680657
agm003189015,13.253693102956282,1.1517342700078057
agm003189019,17.248375913424116,7.559093074790292
agm003189069,11.95494992825903,-1.0264765878035398
agm003189146,14.950483145753555,5.696299210891539
agm003189291,12.236979646649973,4.005463834480678
agm003189302,16.35720741264832,1.074380550451461
agm003189312,14.999835195104236,-3.2083370201956143
agm003189319,14.709354414053061,-3.8986743324593887
agm003189449,14.436100580607823,4.744931088737204
agm003189489,14.050070378824532,4.362630430543016
agm003189501,14.285448758741504,4.410310382294113
agm003189576,17.757390234013556,7.928533576629632
agm003189628,14.24086264869007,4.642757269256358
agm003189697,12.047759433420863,5.440713522920886
agm003189708,11.985735215194783,0.35548960347140923
agm003189742,11.31231370217632,-0.27839614080992625
agm003189747,16.648202722967795,5.756069517003189
agm003189762,11.725976660041427,-0.03288458656133919
agm003189921,13.85429810521879,6.078383745736326
agm003189933,9.347646541208078,1.4768093180614006
agm003190060,15.333422810030875,4.821240562623539
agm003190061,8.931867246268235,0.03456851960814333
agm003190064,8.929297303969246,0.03457760576241942
agm003190091,12.68558948845244,-4.683402842486316
agm003190095,16.03159807703863,2.2488762636851636
agm003190251,12.506100366725084,-1.3575184807261547
agm003190252,12.480669982803143,-1.3550381475587265
agm003190277,14.464375996521918,4.3687807847295055
agm003190281,12.395359595185242,1.2081309811673977
agm003190294,15.139067228797662,5.974759886594146
agm003190330,11.692532528163325,4.158250427824818
agm003190355,12.587136309528631,-1.974095655133283
agm003190401,18.324358315180394,10.247416804496115
agm003190466,10.423681130515728,-4.833691992049231
agm003190541,14.462289783010755,3.07532903062231
agm003190600,11.381649886352767,-3.589276801477479
agm003190656,16.203098082739345,7.4548105092196675
agm003190732,12.750785853484867,-3.129573325001143
agm003190794,13.831671977947956,-5.513960093242651
agm003190817,12.794080782438078,-2.2071761814728603
agm003190867,13.550209470544297,0.05375048858685716
agm003190888,14.182707130246278,-4.476849093486659
agm003190901,12.770668075097847,4.190406523001771
agm003190935,11.963014700982015,3.4565986653764216
agm003190944,12.799493056466817,3.9043954141594894
agm003191014,14.15270422818985,3.3461464732605393
agm003191027,14.174176185948248,6.200190325341004
agm003191060,17.009732035960496,5.375345608227449
agm003191063,13.370393833431528,2.210660350026896
agm003191082,15.86141814554283,5.919649149634891
agm003191115,11.511382690389846,4.389727777818813
agm003191117,12.473420806728248,1.0550854867431942
agm003191142,15.783713869105206,5.498091642806435
agm003191178,13.707091982879138,2.3607428886422364
agm003191196,14.534267307519665,1.6226786861008193
agm003191247,15.342043404921647,5.65116041043222
agm003191253,16.35516685625326,3.021733321941322
agm003191273,13.574858305799642,0.8209972448541754
agm003191304,16.36567733062296,4.898004683291018
agm003191305,12.917162533465989,5.337566562779046
agm003191320,12.647097245805519,4.746406614615674
agm003191373,15.732240429477487,5.119635310927217
agm003191397,17.718558318205783,5.439785555191712
agm003191408,11.261671314230002,4.536379656923711
agm003191429,11.91278130531346,2.845815040848702
agm003191463,17.121533638307298,9.872183096103665
agm003191487,18.39615301497009,8.759980507457975
agm003191492,15.343374124347722,8.067438084941001
agm003191506,12.570511427953093,2.7532998518898606
agm003191524,14.552287331031286,8.655235787416915
agm003191584,16.322132529635336,8.240591278282965
agm003191590,16.909343076858224,6.638422138859557
agm003191626,7.939481890744947,-0.9616263959423956
agm003191702,13.901764099266591,8.109541262688847
agm003191726,15.034764317595076,5.073217134381434
agm003191737,16.987657102459973,6.2686092168854985
agm003191827,13.310140691708,6.256621500005677
agm003191873,12.925874487845093,5.982923858074086
agm003191913,15.563309956864934,2.297549323382346
agm003191983,15.706354369060794,3.9331015835671677
agm003192021,15.07453537763637,4.660294224731427
agm003192082,9.091782177118393,-3.4154887949451016
agm003192087,11.919870516510398,-3.7064485829010874
agm003192128,8.356647900420022,0.6983673256821308
agm003192150,10.155600131455687,0.1290134575178099
agm003192155,11.08339469554031,2.1352203386956554
agm003192156,13.136518524658577,1.4265333966457856
agm003192169,11.345221976637042,0.1976602086267647
agm003192251,16.693646907309276,7.536785793642623
agm003192263,18.227862503338876,6.522726457675969
agm003192264,18.06042793336118,6.230725957005314
agm003192293,13.094554473570838,4.1771231170292555
agm003192310,17.847963219706813,7.582912294497852
agm003192324,17.326144441313026,7.451288070029963
agm003192330,15.84280668158885,7.37814058116573
agm003192338,15.621660982211365,7.916648582799301
agm003192359,17.419926209004718,6.068735595824639
agm003192510,11.744867122567799,-2.331270760733794
agm003192524,12.791643835598407,-2.3838685322419275
agm003192575,12.98111285465025,-4.287360054159259
agm003192631,17.339950965809997,4.073669902608019
agm003192697,10.863077016297463,-2.04275796683088
agm003192698,15.167264988583712,5.32830634661287
agm003192743,14.402285748674428,6.0386529337719645
agm003192777,10.883866950945208,-0.9301294998665952
agm003192811,14.138633308799758,-5.151589385389094
agm003192849,13.6134787227695,1.0325167611678108
agm003192889,18.01601008848698,7.134975826886661
agm003192891,18.139127245260656,7.117441857318136
agm003192966,14.203701778712269,-0.6749029596458964
agm003192975,10.854215682034042,-1.1482511137838793
agm003193023,14.825443172553783,6.232484252249734
agm003193081,9.509727854519475,4.130249674701926
agm003193117,6.960411385403262,-1.0926610886867407
agm003193118,13.863808964407156,2.6078092351457345
agm003193135,11.866726666274776,-0.5368851295937411
agm003193151,13.773180411273145,2.1229269431060773
agm003193229,13.016924597905861,2.72801295349254
agm003193238,12.647970854138665,-0.46329982151458965
agm003193278,14.099283609736625,6.147124172536731
agm003193321,14.561986719484043,4.281669899260519
agm003193376,12.858523238385638,6.1504618337608035
agm003193407,16.981426883404133,7.098605428899295
agm003193456,9.934588412962148,-1.8951620022302904
agm003193514,8.92404437325023,-0.4793394378737787
agm003193517,11.490100854549627,-0.8663657453033075
agm003193582,17.564386974380795,7.591580361748967
agm003193725,14.245202814056114,-4.3251353886971895
agm003193736,10.955317932562725,-1.1359572653957968
agm003193789,13.753016577725873,-5.944938453509454
agm003193820,16.349275647611925,3.399661333109406
agm003193881,9.422731319640555,1.133052764002074
agm003193956,8.615472446355863,-4.0228810748178425
agm003194017,8.375136568649603,-4.331063721662732
agm003194087,15.128518165706797,5.718026407253811
agm003194151,14.665311845519463,2.3302580042640573
agm003194162,11.626593270012979,-1.6592721278315623
agm003194164,13.915694048176297,2.014795887433614
agm003194190,7.827545443560079,-3.756449775927289
agm003194196,9.79275747928892,1.8666726671879108
agm003194235,17.185865175982933,6.445021374597592
agm003194237,16.779306998245588,5.684275002120984
agm003194254,11.827348032752722,1.192111247243929
agm003194284,9.494993997411004,-1.830799956346342
agm003194330,14.116587550030067,2.4640456532281028
agm003194355,10.449247656187605,0.33968463114915937
agm003194360,8.822241379603222,-2.36074601734268
agm003194416,11.587708548173243,-0.0664808809710948
agm003194445,13.800824982389443,-0.3742994043024822
agm003194459,12.040739913291079,-1.2058771412380955
agm003194474,16.762743040543214,5.6790237778926125
agm003194475,17.356897375000436,6.4452327547281145
agm003194490,13.425957791066716,-0.4677444087579744
agm003194502,12.80837927685875,2.036073353899804
agm003194527,14.953811504165207,-1.2005067717105675
agm003194528,11.403833123292547,-1.5292032043045154
agm003194533,13.469362256747448,-0.20862900183334004
agm003194541,12.003334830539057,-1.4918838425836214
agm003194574,13.2026181413144,-0.14139943531560703
agm003194577,13.774868963980984,-1.758655306002001
agm003194618,13.218144581289682,-1.437335240787545
agm003194629,14.055917037599619,3.3601516886126666
agm003194643,12.099956898871108,-4.080248445221789
agm003194648,12.54136792644324,2.3906537603978464
agm003194659,11.168976819835414,-0.8958740370552583
agm003194703,16.0165829881308,3.6642113112023553
agm003194719,11.610010893022272,-1.2261376560214252
agm003194728,12.974122836873287,-0.0756774272678861
agm003194736,11.423204975799575,-1.3283336682314335
agm003194761,11.99089513192288,2.008554671989019
agm003194802,12.619027831210254,3.0221991472800385
agm003194803,12.974183223065637,2.67891354417766
agm003194805,12.657770947460758,-2.786679125920879
agm003194823,12.488338359622087,-1.5846347574546862
agm003194838,13.579740243627388,4.993798964519435
agm003194908,13.033349540000241,3.3570535245997535
agm003194910,13.810501020045042,2.5232062566162483
agm003194911,13.693124205963525,2.871468778586535
agm003194932,11.227980195820525,-1.4769207818059265
agm003194937,12.442682194958733,3.0611318049215086
agm003195041,17.823254859986047,6.777690405146833
agm003195043,17.199165761155793,7.091360713110729
agm003195096,12.161597510400004,-0.9648923461378012
agm003195112,14.20703701671765,-5.694246356069198
agm003195120,14.135730658760542,5.818022275271805
agm003195185,5.208767856544418,-2.7034603693058195
agm003195189,10.394600845285845,-4.995427744151618
agm003195191,13.533681167497663,6.56023310283465
agm003195229,12.64340872772623,2.402356075383883
agm003195244,10.481107583023908,-1.2743216492533538
agm003195255,12.32793549502073,0.11484123549718343
agm003195263,11.341305587748073,1.717396849199772
agm003195272,14.69260402804558,0.9644388610345267
agm003195341,14.838854123022225,3.834069024328969
agm003195374,13.863577393786427,3.0295567568787356
agm003195429,11.27374214364663,-2.3043713300323403
agm003195474,16.68686427313283,8.546717621973277
agm003195486,10.360429513753719,-1.9901433361763956
agm003195518,11.017195013319663,2.887754451940854
agm003195543,15.120615252820725,1.896991346124932
agm003195550,11.126178030734556,-0.03754570199300685
agm003195569,9.515413380294277,0.9161218366645377
agm003195581,8.800115858004363,-3.142459850295047
agm003195639,13.690673102291777,2.3258499513049813
agm003195757,16.45184053057103,6.027782793128697
agm003195785,12.738849302559162,0.30242490114963516
agm003195806,9.546277603558641,0.8711629811273477
agm003195808,14.989107359563596,2.344760578904459
agm003195854,13.226340978378857,1.0355579740130902
agm003195889,9.15468362387609,-1.0465353576793024
agm003195924,14.482632119277417,5.042904506104068
agm003195936,7.234034541531717,-1.5145669803926676
agm003196134,15.639096938386444,1.9105635553567868
agm003196270,18.35975416015224,9.871748032277504
agm003196287,7.97604494494831,0.22028176532397956
agm003196564,15.175283907646191,7.944008087758545
agm003196574,14.71543223134865,7.427853421502552
agm003196640,13.179507089896456,5.475766839285865
agm003196750,14.503239549537708,5.651736651992654
agm003196919,11.071046249322427,-1.6082422086638235
agm003197214,11.011234796161334,1.9904967106098077
agm003197258,15.130631685640564,2.9263914647653344
agm003197431,17.886124865289602,7.516453263964391
agm003197533,17.502719241394157,6.677851528407415
agm003197750,17.121726736539724,7.6884567327176825
agm003197776,15.576031952322722,5.637374901176687
agm003197988,12.452243526580515,5.717966391577117
agm003197995,17.505049721294036,6.6540510667600286
agm003198025,13.658823296090487,4.283397753678722
agm003198086,11.624589454464703,5.1164611393872494
agm003198314,9.455020340175478,-1.177382286831418
agm003198417,13.057805141811748,-5.325032791348078
agm003198487,18.562323852159157,7.2279149373294915
agm003198546,12.63133748891491,-2.7979882251196813
agm003198641,12.394364681431293,-3.7203582781182667
agm003198798,13.644642272219253,-5.655232974216985
agm003199236,14.486827365257104,2.2983579139845527
agm003199318,11.107104052185441,-1.9876722741368227
agm003199356,15.42314934239051,2.5974863398349943
agm003199428,10.437894075990444,0.993157126820923
agm003199459,8.58066582038285,-0.5855856127534865
agm003199596,10.93901586788436,-0.33843993147473067
agm003199601,9.808780536666687,-1.0439672515291942
agm003199672,10.72521137103572,-5.051112076642193
agm003199763,10.319810637979755,-4.497121302007872
agm003199829,13.687794374919962,-0.7198527977973205
agm003199971,14.685076782340177,-3.0730431725822007
agm003199986,11.797065816473895,2.7520608352106315
agm003200017,17.78944556016693,9.168267149766328
agm003200166,13.280618272461394,4.936432869287555
agm003200199,14.047924362380149,1.0443793679558873
agm003200254,11.793173832918564,3.6863659231073207
agm003200311,12.471212803957846,-1.0178916555836004
agm003200349,15.36997861019447,4.866115896969178
agm003200391,16.39989253792927,6.4795038788018395
agm003200407,6.402916619006901,-4.872779504288376
agm003200457,15.902931016747173,4.962856598183535
agm003200486,10.764358929624253,3.11881958127664
agm003200491,15.141440192351249,3.9759164107701785
agm003200528,10.593749274724471,-1.0571681015003442
agm003200530,12.47859567109549,-3.938625449850709
agm003200763,15.29053231029871,5.229138849086694
agm003200790,8.62963239615822,-2.6633678482180696
agm003200870,17.52785245012907,7.233267458515432
agm003200900,16.305135186040456,5.1900952898769175
agm003200912,15.951638965746985,4.967083624678559
agm003200982,9.399316742479584,3.835729249657808
agm003200995,12.190780948098523,-3.0872256505641076
agm003201024,14.19847443808676,-4.347615037249835
agm003201026,7.356441254212449,-0.9602017435962408
agm003201030,13.649114868794738,-5.046962504084134
agm003201085,10.739972580474044,3.834332178078681
agm003201120,10.308404384530883,-4.350301404141454
agm003201129,16.95325326713393,6.432822452734922
agm003201191,17.235137456674043,7.950550769081237
agm003201203,13.619766840349108,1.3837770954817419
agm003201206,14.436597206158616,3.3569659391596756
agm003201221,10.830740755555825,-0.2645384836115152
agm003201277,8.856149839299356,-1.0782987851307488
agm003201419,14.551149405598373,0.736160975948548
agm003201431,13.967239400312087,-2.876814459967264
agm003201441,16.273220520748232,4.084695992710858
agm003201443,14.459943811411376,3.0918774458743266
agm003201447,12.736624584046167,-0.9429112703068524
agm003201489,9.519915898680816,-2.681996615414949
agm003201510,13.238393904192078,0.595419747682989
agm003201602,9.959623220201667,-1.7563226185273397
agm003201613,14.326710128404374,0.4291050619518148
agm003201674,19.2808631157264,3.911338820823744
agm003201696,12.85855634807251,5.006263342880392
agm003201709,14.745849558609736,2.582494814875257
agm003201765,15.263060791988492,-4.278220856322972
agm003201812,9.475013470015538,-4.262573611501744
agm003201835,11.30348540668917,0.6483873761238108
agm003201867,15.275725401359326,1.6300441014757727
agm003201885,16.65130976120439,6.315879631527235
agm003201888,13.573855500797272,0.9629282086646214
agm003201903,15.00867677842101,5.628220622317708
agm003201928,13.777722441231264,4.229261731669314
agm003201935,10.414991819349266,-3.996367449565067
agm003202000,14.392345445871326,-0.8277339156957831
agm003202045,12.068203879985452,-3.9297516669642434
agm003202067,8.448464507860825,-0.7782721664492159
agm003202102,12.53838244454262,2.3473674836897653
agm003202114,6.489570785306465,-1.3047582314663455
agm003202136,8.298160826727747,-2.2285861190843694
agm003202143,8.206377540734858,-2.4305966499104295
agm003202173,13.242640329184477,2.4667243366807257
agm003202177,9.535449090026743,-0.7840325064561284
agm003202211,12.38475071088721,3.942223286064435
agm003202215,10.610520649627093,-0.6378493762848159
agm003202226,16.25883266510938,8.666014544011533
agm003202245,10.606119495749097,-2.6475931364114853
agm003202270,12.80711896386998,-1.8010330391671647
agm003202293,11.033096557771609,-3.2279953834035204
agm003202310,14.360168223374513,4.859248238139929
agm003202337,10.560467399939034,-1.2380334329331035
agm003202338,10.885154679256415,-0.6535977453477185
agm003202416,11.092937758520044,2.11473934943106
agm003202472,10.903809877165626,1.0203333714331013
agm003202527,13.16803833326611,3.781684337675998
agm003202528,13.620391867380762,-1.4378570250884053
agm003202558,10.588020788183417,0.3788755475847285
agm003202659,8.485185696375387,-2.6698590696385867
agm003202670,8.396305236093035,-2.6151832563278705
agm003202684,8.576524829767722,-2.6310188747743575
agm003202686,10.991554603734132,-1.6870897377842269
agm003202705,11.155536180936359,1.4839899121064402
agm003202728,12.542507474510337,1.0590967031379332
agm003202774,14.734032915734053,5.963152299534393
agm003202797,10.685987815136071,-0.5920750502596525
agm003202838,12.98045175058138,-4.160663166269074
agm003202880,7.376617402407242,-3.567256330908529
agm003202883,13.308007725837541,5.152989266905094
agm003202973,11.527327048779043,1.9589910600039122
agm003202976,13.58858808707381,2.030720012345211
agm003202979,13.153016427281436,0.7187549771252186
agm003202988,8.820392464041428,-4.247983114016885
agm003203037,10.723685814618475,-2.098468473666607
agm003203060,14.323423254161762,0.74481945516377
agm003203075,13.904185404146917,6.860183392473701
agm003203141,12.83326953825849,-3.912626676113934
agm003203167,15.109290665569517,-3.376059552359436
agm003203198,9.612921566230535,4.710913346406977
agm003203260,10.40231249189547,-4.470998112159977
agm003203268,11.576780107720827,2.6862996611656453
agm003203289,13.239891839689193,4.042260698337805
agm003203296,13.93809380244563,4.0221004494240615
agm003203314,13.73498550245118,5.799294540690965
agm003203333,17.0831979721946,5.512888365218561
agm003203401,11.071049836165123,0.7677649017798309
agm003203422,10.79541935024069,1.7850259700732085
agm003203453,16.77485274204405,7.454804889655861
agm003203459,13.54547456923261,4.051758634356399
agm003203517,11.547987976644583,-0.180314609924082
agm003203535,7.674118120038947,-1.973074437947421
agm003203545,17.498781263443647,6.093661469127674
agm003203574,14.376014936613316,7.053160881466656
agm003203609,14.714301231077462,6.153752544910457
agm003203667,11.75450147734346,-4.848044598395229
agm003203692,8.95144405822211,0.01152559472806125
agm003203763,7.993745186516601,3.2056726048375985
agm003203775,16.301000993586104,8.125571632601648
agm003203782,15.947371487261679,8.264669293677295
agm003203783,15.912010506679998,8.27895968953245
agm003203826,12.407903031832413,-2.841295443585903
agm003203869,8.667217759188992,3.7111716432697848
agm003203881,11.156541731828504,5.094235525188805
agm003203915,13.442630185923091,2.4304444752932564
agm003203933,15.971674172828898,7.130905283125042
agm003203947,11.537318928321616,-3.4489354081463595
agm003203958,12.128080831711271,-1.9446266768909457
agm003203970,13.606171546082768,-4.21128320200432
agm003203978,13.538757881218636,-4.7400955716603015
agm003203981,13.39393616702405,-4.4373479173315955
agm003203987,9.685360059672982,-0.9357189930171792
agm003204024,12.823494467769429,-5.328915208831325
agm003204034,12.399426199810675,-3.7519368830613615
agm003204049,12.048527920700927,-3.5692671590505554
agm003204057,12.62033579194503,-4.416379616722594
agm003204073,17.855977711413686,7.390135171422519
agm003204088,12.056151479070577,-2.6910845376884147
agm003204097,12.637563159615906,-4.553970441007075
agm003204105,12.657202410367496,-5.084970887676346
agm003204116,12.887847229807777,-5.269532042505677
agm003204139,12.05148351291291,-1.8285367081527386
agm003204152,12.313679969347062,-3.87820286863084
agm003204179,13.85923039562129,1.9934793045268815
agm003204288,13.525299392434926,-3.4536852802510096
agm003204325,7.016357462450642,0.5291947593181506
agm003204333,15.416746157597174,4.746942099934656
agm003204349,13.36429026053324,2.1813116917747295
agm003204377,15.80034039968717,2.8640496891449785
agm003204393,7.307679536287935,-2.5982220626220607
agm003204411,10.028385846581793,5.186023696299568
agm003204440,11.211532576637845,-3.617544382590907
agm003204447,10.607913131155643,0.32903078486039306
agm003204457,13.567443717047196,-1.0218212967636866
agm003204461,10.084530691464963,-4.718930219583592
agm003204464,10.167748751500804,-4.028215643456849
agm003204504,13.964555312434987,0.6350991811896876
agm003204574,12.134015026007129,5.135411331094705
agm003269273,10.943402523567942,-2.462345030887077
agm003269282,12.44129293581726,-1.004212899127366
agm003269292,11.732411822735376,0.01042623663327973
agm003269558,8.618650433519768,-3.5214509897047193
agm003269567,13.218973506029005,-3.1902100390425217
agm003269779,11.900585994024363,1.6317968074284428
agm003269933,14.767199496234028,0.7497139791631978
agm003270005,13.954858776804043,2.6977291757133557
agm003270328,11.681916325771828,0.6618061440429717
agm003270449,12.081555605501054,2.5676388752527246
agm003272036,10.864616154545923,3.577682637252479
agm003272431,13.573543626693661,-0.27374394482595577
agm003272914,15.817482853993624,5.576676139810535
agm003273177,16.57248660372449,5.921870663547257
agm003273366,12.629434927788616,4.772299961861253
agm003273558,13.50507039036669,-0.9710800888202726
agm003273559,11.249523668792053,-5.154854924821652
agm003273566,13.525140624172527,-4.741673149370395
agm003273952,13.833861031203249,3.5438571517494792
agm003274055,9.049172052517745,-2.741332029920377
agm003274165,9.157715003325382,-1.3079739142903408
agm003274200,9.10606848249619,-1.0236491009639486
agm003277909,15.665932922995678,2.0590650426434194
agm003277918,14.653786317544254,-0.7198498385040096
agm003278376,16.032914467621858,2.949127303575753
agm003278510,10.955656231485877,2.7449098257477673
agm003283080,11.72753974691635,-1.7491429653971717
agm003283089,9.06569558848334,-3.0021543217142455
agm003283187,15.756960612323875,3.8871691076882873
agm003283350,18.32671334102555,7.187566204274621
agm003283364,13.273755455941911,-2.047699176334279
agm003283530,12.434862980208532,4.059653101891773
agm003283565,12.040136880251264,4.352276337836313
agm003283567,11.95595892921377,4.330581889584093
agm003283572,12.800195258100038,4.7416896550200756
agm003284120,23.209836552226704,10.191046013704872
agm003285094,19.94294364947181,7.026384259721609
agm003285335,15.848840026114722,6.308439527034998
agm003285387,11.599264569012163,-2.4705311038853908
agm003286800,16.693687251861956,5.674862264979351
agm003286817,15.31560097149912,5.74797465959907
agm003286854,17.498468801055473,5.657071437998312
agm003286876,17.179565354589464,5.583948271851084
agm003286877,16.653351870295033,5.594188823390556
agm003286891,16.721245290291016,5.446237733998187
agm003286894,17.006296981991493,5.501264667722699
agm003286964,10.29994398417456,3.088367422358136
agm003286976,18.9143810326131,12.60377152899657
agm003287023,16.745739156240393,5.319649012425248
agm003287293,10.737267096365688,-0.43066584055254253
agm003287798,15.193517196674978,2.690802711093526
agm003288006,12.627822241303278,-0.4462297702151588
agm003288066,13.617598502866604,2.6453367998117385
agm003293639,12.198952808585632,-0.684644687554445
agm003293742,18.51083736793137,4.581420990701059
agm003293743,18.151537727795468,4.60904012730443
agm003293826,13.67694945454262,-2.7506278044523214
agm003293905,16.572028505213602,4.7807637510483945
agm003293960,13.069887597255875,-3.73471629989206
agm003294113,10.594634688102687,-3.8335065332503744
agm003294514,10.276091000732825,4.075891559778939
agm003294539,15.298839172610743,4.06772959728972
agm003294563,16.772430618900504,7.207385573460282
agm003294671,16.48351138257306,5.320448915924571
agm003294685,17.00020710825523,5.503024482211586
agm003294693,16.838465901823252,5.361284191177951
agm003294694,16.834644508575547,5.421373456734732
agm003294957,18.17436966505359,3.4990657164430736
agm003295035,19.02321844797712,5.3603681182278144
agm003295190,14.700232784768117,2.2749837726655477
agm003295228,12.618314225456794,0.939950407890052
agm003295647,12.922349460177722,-1.3568100868014206
agm003295735,9.37024929063198,-2.3345665542182346
agm003295855,18.640471209015814,9.427735939810955
agm003295966,20.917596704008236,5.264847176690993
agm003296157,15.966729035520567,6.657994839399366
agm003297347,11.190682862593228,2.6378465967754483
agm003297458,18.44960133156446,7.086164048374056
agm003297666,17.832997511803015,5.900524072580204
agm003297787,18.949122529709047,8.508413185913522
agm003297822,21.10855068424392,9.812821411199852
agm003297826,23.913346139589304,11.288277183057387
agm003297876,15.80131793563769,4.195200702125058
agm003298008,13.392515370147574,2.5411239383964377
agm003298156,17.676122614279546,5.216514300613213
agm003298282,18.82756735545687,3.513816930967539
agm003298293,16.300295239385296,3.5138841847635205
agm003298298,14.873510874999146,4.16901861254192
agm003298407,13.006229472051317,5.598965112671513
agm003298440,16.148063524165874,8.41258618851333
agm003298585,17.00978223742148,4.056713967992136
agm003298719,18.820346268833763,3.359738724795809
agm003298784,14.690612078012201,7.841124986053596
agm003298924,6.977440371823021,3.4639764639775055
agm003298929,13.16579174339853,7.64878242010428
agm003298971,16.163876120717344,8.566847255563005
agm003299062,17.272928485525274,5.8011420807359775
agm003299063,18.13464979321212,6.204100927747135
agm003299128,18.57261888759547,8.502943844324774
agm003299160,8.915745532080452,-3.0745382843961298
agm003299310,15.405024760164943,7.949411916567989
agm003386930,18.523209001604,7.521942418181577
agm003387149,17.675615419798028,4.679208401259735
agm003387266,17.768087058650632,4.749378656890437
agm003387325,13.564038692292954,2.922117533401175
agm003387545,16.276207856380978,4.882833462275476
agm003387821,13.854784950949291,4.973303281940497
agm003387971,10.961258804788445,1.4049141226287816
agm003388465,12.105086491798911,3.9863774494956585
agm003388466,11.038088334868899,3.616323391318864
agm003388799,11.640620591700955,3.187222623831029
agm003388923,15.318582728239486,6.604211858977045
agm003389113,18.545429416286304,6.482527208962432
agm003389435,18.43693404653712,6.161572863161031
agm003389460,17.83936592641785,5.876222391643582
agm003389473,17.535439822366577,5.7214080969920165
agm003389518,17.044986183089783,5.526884487785521
agm003389540,14.955103371118437,0.951263126956615
agm003389908,13.255852846141412,-0.8936189041486244
agm003390159,14.768023037379589,3.251370008347714
agm003390209,11.145171152314804,-1.160702264018034
agm003390212,13.099383963246217,-1.8683903711214107
agm003391113,15.412691370850945,-0.6744779309512922
agm003392121,16.154961562037958,6.528516523580292
agm003392880,17.79428244376772,5.875379268448881
agm003394102,13.49715130438761,2.5019562423643946
agm003394650,12.22247826784592,0.08139334300119146
agm003395781,12.790031462433705,-1.8878925918011589
agm003395811,13.798638472826303,3.1184483898158213
agm003395941,14.063051314778292,4.082348758726572
agm003396172,14.418771436091351,3.2723012781466627
agm003396353,13.287764804111418,2.5610768387394947
agm003396488,13.297184338622671,2.413443541448636
agm003396549,13.74839987589011,1.0079964091418347
agm003397256,12.388143847566177,5.231513016409599
agm003397369,16.128197719464037,6.328518911387688
agm003398650,14.707675274030956,5.14804598644861
agm003398670,14.100783728892097,6.269649012239535
agm003398671,13.403367957615618,3.618522708682639
agm003398688,11.426779343069445,2.1987337581400768
agm003399082,15.80363345436086,5.522935252291053
agm003399587,14.905116908118927,5.756063645406984
agm003399677,14.660438714844446,4.563459202435947
agm003399847,17.400788892502355,6.662617902075229
agm003399934,19.899417909238423,9.513525716671044
agm003400728,10.165566670853714,1.164825910262286
agm003401019,13.455055775757398,0.1933181713870006
agm003404793,15.351391739244121,4.716974072758393
agm003404824,14.896218592767989,3.511988667399865
agm003406540,18.45099242665695,7.630501004325646
agm003407117,16.905985692446272,5.951335252709688
agm003407177,14.1149420741434,0.6586176832524892
agm003407196,18.48410851947586,6.483407607102916
agm003407271,13.665406192671266,7.181085321787307
agm003407272,14.815415252122586,7.607689395868965
agm003407353,12.452397147024604,1.6634702370594354
agm003407402,14.257161493058684,0.5173849740071574
agm003407453,15.982895763778995,-0.6644465718314038
agm003407462,16.85626200372182,0.6174020348966011
agm003407498,15.935394597172689,0.7652547365178435
agm003409592,16.6053432379659,5.240362083571199
agm003409647,15.597824093640282,5.78295747222083
agm003410047,14.664376195274137,6.0119924459580405
agm003410099,16.798067613353894,5.65487524938374
agm003410803,18.338389630529186,4.63917331011124
agm003410914,18.831018168374747,5.393225584980012
agm003411071,15.464292789214511,5.644822753743907
agm003411072,15.151056155496548,5.572224948455985
agm003411073,17.60396460703115,5.904165611532498
agm003411095,16.67926937852067,5.385015974820566
agm003411119,16.559052048678655,5.533948431766258
agm003411434,15.3215278585927,1.9178598225897179
agm003411435,14.839190520719049,2.5824915208298944
agm003411518,16.65876374740903,5.358615553329931
agm003411522,13.514405186734258,3.6266668285438577
agm003411539,15.180612824797764,1.7572446636258807
agm003411564,13.835969765526356,2.8198872995292668
agm003411647,14.63102467868689,2.7018546717133987
agm003411733,14.681378341142889,3.1492704194475554
agm003412041,12.800066937530767,-0.9225908044547957
agm003412085,13.82929889842815,3.784734607912746
agm003412102,13.031467809929453,2.3790033620211575
agm003412166,14.492522926199163,6.279255469619819
agm003412172,17.159008282228072,7.019019993461921
agm003412183,15.580494689615618,6.089355609504774
agm003412275,14.142328094900074,5.683857563600633
agm003412325,17.165226361375232,6.987926776019843
agm003412331,14.964855898147396,5.381698668827471
agm003412348,15.699488816977812,6.261271011662839
agm003412402,14.469321708335103,4.740145481303187
agm003412613,13.421323191284136,4.225907409413593
agm003412623,13.161104155104644,4.096541589673098
agm003412636,16.719478515482958,4.831713568367193
agm003412657,14.62592395338626,3.5160465565855703
agm003412800,15.377416099749091,4.169926302872792
agm003412967,15.11080859245311,5.714978339072046
agm003413000,15.304145264812073,3.7922056563534716
agm003413004,17.079678132594534,5.100937999925061
agm003413034,15.72767053945572,3.87019082626866
agm003413072,12.11449286025208,2.6494411593578575
agm003413260,15.909639522077008,6.6598215800519185
agm003413272,14.85101323015291,4.937257615175349
agm003413372,16.965520567483033,4.664471784881757
agm003413414,15.285566111822662,3.3452908443619065
agm003413514,14.598084249024337,6.345724161579608
agm003413625,16.597317061615247,5.877017904653741
agm003413955,13.33516844812543,-3.285992148634501
agm003414109,13.72152030802073,-0.3762620061802373
agm003414117,13.568267270495,-4.11079531636463
agm003414290,10.16910982950695,3.3338375826006668
agm003414555,12.594971340963168,3.1343117181271913
agm003414757,12.271496528999831,3.9142479651626947
agm003414991,13.969152764575627,-4.07058332274156
agm003415039,17.794094549594256,6.127463633552509
agm003415115,16.6175465161531,5.554509738041781
agm003415724,13.45496238020283,0.4155376422962173
agm003415728,14.055190617853874,-2.2117739234983254
agm003415757,19.355264044288507,5.780285224521708
agm003415816,16.395987463685337,5.472776921433424
agm003415819,16.464585856832603,5.500093781061338
agm003415880,16.23726328755878,5.037402461786024
agm003415907,18.4418240622563,5.345317958164061
agm003415994,12.371397326215293,0.621834040653439
agm003416039,13.53818367587031,0.6367658277693025
agm003416317,15.05256936181974,2.398153438213006
agm003416401,12.708135356359117,-0.8280433982451617
agm003416639,13.51895660801429,2.0728901879386132
agm003416681,16.313378465865224,5.498667288131647
agm003416724,14.399523834949536,5.423765928977931
agm003416773,17.052242951904347,5.795858355960057
agm003417082,7.713324554589998,-1.0063160598007321
agm003417715,13.468702451493897,4.658957867299311
agm003417739,15.875957509893754,5.673763123107409
agm003417774,19.225103118028958,8.024064945697111
agm003417835,17.000136931627566,5.584806179654283
agm003417946,18.313116778954388,5.808604891904988
agm003417997,17.783681526409108,6.2428688958069545
agm003418103,18.34442817597376,4.405234499200406
agm003418112,16.927549302071245,1.861535319728021
agm003418124,17.206239543517736,3.376129243356674
agm003418475,19.14217545296858,6.136177026475184
agm003418485,19.487442843862674,5.935812552714618
agm003418514,18.082649694472718,4.845087842470477
agm003418654,17.455077608777238,6.3559558640786085
agm003418661,18.541216137659212,7.243521902717642
agm003418672,15.803384664911784,4.855241285925057
agm003418713,13.562691935240617,3.7840672686114374
agm003418715,14.770614362518382,4.361099528573452
agm003418877,16.039084404552302,5.34094935440477
agm003418896,16.783893100519435,6.3458892454298095
agm003419124,14.996777983954201,-0.9973788531477012
agm003419268,17.025500956694387,6.192708327255523
agm003419316,16.267166848310286,5.644323199408848
agm003419499,17.80250967718135,4.993169297565966
agm003419500,18.15789210675324,5.140589771916269
agm003419753,16.463619075083944,5.670292125500296
agm003419787,16.27492356232951,5.252099058290322
agm003419812,17.130812284393336,5.515409318509298
agm003419828,16.17398442537029,5.006637269678005
agm003419829,16.568209163341304,5.174909406659933
agm003420075,13.149130791882314,3.3328658132671927
agm003420140,16.092746414700525,6.032559991821787
agm003420162,15.495342737788741,4.678086887124383
agm003420217,14.62044937750242,3.9233184838885466
agm003420288,15.754281432330025,3.84269120999992
agm003420344,14.890563662203105,2.3918760402300507
agm003420386,17.62854197706004,6.749399600212418
agm003420389,18.025853932779693,6.977543475735352
agm003420424,16.14845459852376,6.060382397935878
agm003420441,16.541951786357416,6.270557823535515
agm003420447,16.754297256368474,6.362711545933059
agm003420448,16.786147620405767,6.326055153737257
agm003420553,17.352936162955928,6.901288884895945
agm003420777,11.294902928411268,1.373996535825104
agm003420849,15.385656656049873,-1.3273977040237266
agm003421030,14.245027756256116,3.556906589779343
agm003421148,18.326411873974962,8.010632074363688
agm003421173,12.022557089045103,3.0965199382681274
agm003421460,18.85728987283659,6.695296954504289
agm003421936,15.17101870696056,1.6976423088855601
agm003421955,15.106474817153783,1.936686492564559
agm003422074,14.790533411797817,3.967799056439903
agm003422083,14.818478204440963,4.013584413233801
agm003422160,15.790803863838855,5.548522617432002
agm003422325,16.237420451560908,5.970539753502369
agm003422341,15.880508830022128,5.666587221588522
agm003422403,12.149942174224385,2.9673317100804972
agm003422744,15.65970230931804,4.942167827175416
agm003422973,15.624078633752703,5.32398370290024
agm003423323,15.920361614493315,2.944608715532304
agm003423326,15.235864838045883,2.44700692653182
agm003423530,15.673988539034582,5.806097939132424
agm003423532,15.84097038301766,5.875161513423767
agm003423556,15.430187376311752,5.725911947277716
agm003423564,14.71231841705609,2.1171634079573223
agm003424457,14.355967521592383,5.347483386394514
agm003424469,13.092983128990731,4.10410556835176
agm003424667,18.22408755374049,4.71143756835064
agm003425374,15.852345877123234,5.400924860374258
agm003429030,15.614489406497475,2.926292829030853
agm003429160,14.52227036203986,0.9615115339743833
agm003429178,18.833794996049942,4.737603111679598
agm003429202,17.27809807371122,4.469048616344009
agm003429263,17.94222311778078,4.244089001396627
agm003429286,17.585439217091857,4.474981680358009
agm003429318,16.384258543408286,2.8767336473953393
agm003429324,16.447960375271265,3.0295000665936294
agm003429357,15.326890933311752,2.354169699072957
agm003429460,16.33180303386743,0.08816474853777716
agm003429491,12.075918923871791,4.725302699746354
agm003429505,14.751969664374224,-0.2890373601335625
agm003429538,12.424957782762506,-0.46172077978643955
agm003429542,16.510025915171013,2.459721533911031
agm003429545,17.05497434346557,2.827073400434859
agm003429618,14.217707630480023,-1.5211009900270973
agm003429652,16.14166430922275,1.8946079100147781
agm003429728,18.51792132646838,6.0413228063624915
agm003429730,18.906897698319757,6.7719393687430385
agm003429741,18.164519852491644,5.870731775793618
agm003429786,18.686886520224594,3.742408165255793
agm003429839,17.41992880841222,3.465456708019308
agm003429904,18.331867691599115,5.26674306174899
agm003429935,17.399345452077128,4.794714507799763
agm003429943,19.718242705404425,4.717808058921356
agm003429955,17.06325280638278,4.711123956836507
agm003430049,18.41566323440122,5.759381596811278
agm003430052,18.935537464202355,5.540199781577207
agm003430154,9.23426283489856,2.6629637757481053
agm003430159,12.807623444900756,2.338281983741961
agm003431080,20.695096830613135,8.564401048140807
agm003431683,13.672053473808871,0.08414014724684311
agm003432245,11.496814109822864,-3.0101944945941312
agm003433895,12.527394005139561,1.8681148925408426
agm003433918,14.077609038847024,0.23199462200404852
agm003433924,14.158707547472863,0.24496843371085456
agm003433933,14.249772050512277,0.35815359963783894
agm003433989,14.911821050764983,1.028532303087302
agm003434026,15.853048689611583,5.772765590704346
agm003434028,14.849073243084126,5.333535520503127
agm003434052,15.258025074922116,5.697248794431374
agm003434093,16.12549430706716,6.022421224516958
agm003434095,16.175776474927606,6.034315171587044
agm003434097,17.52939084063834,7.0121225039374595
agm003434145,15.283415854984277,4.368846455485387
agm003434154,13.12760750082336,3.285893513298705
agm003434157,14.528657227007272,4.5044720374338025
agm003434198,13.954921399687052,4.416890386209221
agm003434223,15.672109391896536,4.783942265436342
agm003434228,15.357146069837873,2.6309988224311223
agm003434233,15.791490468884142,4.692862773776658
agm003434241,15.856973903196156,5.522592324425541
agm003434250,15.61520085662027,5.121665749972096
agm003434263,15.204863445432325,4.5293677554139435
agm003434309,14.85920218685211,4.072031877430196
agm003434331,15.96220993785566,5.158662809343223
agm003434348,14.952039532086578,4.963445550671827
agm003434350,15.0793864494582,5.025321713902579
agm003434378,13.624303179735305,5.60941248793998
agm003434383,13.91866350496836,4.14257522696617
agm003434409,14.211314905320812,4.703812590293611
agm003434444,13.767134158892269,4.464432844748577
agm003434454,14.309628857242641,4.768685742989919
agm003434455,14.507398846889089,4.915616241699982
agm003434457,14.419222569891618,4.886023876277055
agm003434495,15.584484113004956,3.682917159696301
agm003434541,14.821993418008388,6.801006173271426
agm003434585,14.665742208985462,4.9483949001784255
agm003434589,14.225570325903554,6.134173782331133
agm003434591,14.625086848084436,6.253484109083979
agm003434597,13.970197501682982,1.4134885223293423
agm003434619,15.375411304218739,1.6419152452241204
agm003434624,14.146964396535031,0.721244351435144
agm003434645,16.727569299106776,4.906955115229666
agm003434695,18.213188898223372,7.287095787720744
agm003434713,16.327756570240776,5.9879660221158675
agm003434719,17.01918535665619,6.144371321795103
agm003434755,13.398513281478051,0.7688977158248077
agm003435647,14.589135999751525,0.07067634240166971
agm003435683,15.65270808274603,-0.842626526998977
agm003435758,12.398398797039809,-2.3911793799612995
agm003435813,9.794013912638812,-1.583993404889122
agm003435889,12.690124433276535,-4.358776422252298
agm003435922,11.234049840561804,-2.8959462306216017
agm003435967,12.458264206174759,-2.0020664994685213
agm003435970,11.166812307193704,-2.601116361575657
agm003435985,12.483484599966964,-4.104665961864885
agm003436005,10.791296604623914,-3.5195448994950485
agm003436017,11.870521874738237,-3.9340360462552986
agm003436059,11.351301850635453,1.30854384084799
agm003436070,13.68685344906128,1.6267121474891624
agm003436109,10.937678222998265,1.174797863711816
agm003436117,13.963100997382552,0.8919952398905705
agm003436160,10.76170066982401,-2.002091588146057
agm003436188,11.416937771130103,-0.5739079370634196
agm003436206,16.128158289756986,3.2291077364176286
agm003436238,13.013606836096175,-1.0922635419815425
agm003436239,13.097221003505126,-1.0565563493069163
agm003436293,10.384678012743263,-3.385591232431566
agm003436316,13.780171429590803,-2.0622388905601965
agm003436339,12.781316495735709,0.4871976925635894
agm003436358,14.89634087570249,1.848832473311094
agm003436359,13.678282839649645,-2.7122331496388816
agm003436363,13.610161283080393,-2.2651062874728587
agm003436411,17.912976616437156,7.123217600481333
agm003436419,16.582585127405505,5.249014923715936
agm003436452,13.207031624058544,2.58494480108878
agm003436490,15.163481623060887,3.8977981835494373
agm003436510,13.663055711638235,3.388055208274872
agm003436512,15.11138823939738,4.10088693560033
agm003436523,14.723248658380484,3.9458122218119893
agm003436526,14.426782428647094,4.231647696268941
agm003436534,14.612515872516076,3.919130221694044
agm003436554,15.896135282357244,3.3139835611488144
agm003436561,14.806112731826301,-0.29565668883804125
agm003436565,13.949996706851481,3.3963944765998697
agm003436600,14.743084018985359,1.951941146201791
agm003436670,16.523797934855804,5.461517587069448
agm003436703,14.022066724198282,4.43821791179415
agm003436704,14.868145244184666,6.136574176744954
agm003436751,14.10646407955427,2.9657877780419053
agm003436763,17.13405038201091,5.940842497607086
agm003436787,15.169376173879222,5.767161409801694
agm003436795,14.517512660078692,5.424067210503605
agm003436835,15.539738838092175,4.618125999378051
agm003436841,15.365764982005546,5.323554346538839
agm003436872,14.77786677428521,7.043524541061681
agm003436873,15.07820715624205,7.068271777859095
agm003436893,16.581952402626293,8.023453538215238
agm003436898,17.25506459486366,6.1681916145448215
agm003436908,15.249606924042254,8.305080554412692
agm003436947,15.408459922248397,6.574573349938088
agm003436966,16.235567062478555,5.5908359044225255
agm003436982,16.971740761379007,6.380504221993479
agm003437032,15.778011104477175,5.250748117376966
agm003437036,16.033942941034176,5.513647633765856
agm003437045,16.38586564163032,5.805080270745169
agm003437065,11.192839938783207,3.708170920941034
agm003437097,12.58486886061644,1.5323174038929608
agm003437125,9.60898716947444,0.5163246890437652
agm003437136,14.465376274905902,3.674228277270673
agm003437157,9.634350885900165,1.4705399517084032
agm003437160,14.525894200143862,4.075994329492213
agm003437175,15.045117835833231,3.6273576851022384
agm003437182,11.805037099701037,-1.3625145394182745
agm003437184,13.474771176317432,1.7778888089694564
agm003437211,13.023887794987692,2.2748946721166248
agm003437237,7.078952466936894,-1.5254629156006736
agm003437278,12.074235759566754,-1.940977787196682
agm003437319,13.318109687725892,2.9366018800366334
agm003437334,14.318213413460663,3.5294489884460627
agm003437353,13.514223417156957,3.0738445103702277
agm003437360,13.407598814506997,3.038450424822861
agm003437375,13.272278465568144,2.751512160881337
agm003437378,13.32570422989044,2.909145232408539
agm003437414,10.46596686139679,2.3575867909547092
agm003437417,13.520865867794873,2.3420595685703773
agm003437474,15.57788061292415,2.1544217833853643
agm003437517,14.76900290315377,3.8741137922769155
agm003437627,16.54720735674249,8.030980430330823
agm003437638,15.629255423022634,5.258281730546115
agm003437676,14.353266090596462,3.8477730661089384
agm003437717,15.606788482165948,4.724397122193975
agm003437730,15.912695347492544,4.873377360176902
agm003437744,18.15761755168352,6.828395827512733
agm003437752,15.2596822229967,4.419520522420484
agm003437798,13.223496577620182,3.3935797641947674
agm003437834,13.687084643945143,0.9160972395383121
agm003437842,9.162608931743785,-1.046253242930031
agm003437868,13.301480382692747,5.632426837500314
agm003437873,15.29437187462885,4.696801158979317
agm003437884,15.210936301860444,3.680455733498189
agm003437911,11.338478310006197,-1.1322196164653018
agm003437913,16.236011706068712,7.80663758822165
agm003437923,12.934952031908567,0.28908300416203997
agm003437925,12.652298985871463,2.723222688351596
agm003437927,13.33482678294734,2.526080359679746
agm003438002,16.130681616502393,4.874137984739051
agm003438035,16.30976653003203,5.051508566068554
agm003438053,13.969734288601835,5.656786395590252
agm003438055,16.208499020796022,5.225332314463819
agm003438096,12.733542240740277,2.1335819579454225
agm003438120,13.05245716229058,3.3153520463716926
agm003438152,14.974375679246572,4.215625209610291
agm003438165,13.94966592336857,6.646694451748778
agm003438169,16.23152201483312,8.147749577355496
agm003438227,15.264009943084012,7.708392147717157
agm003438293,16.582423738950393,6.472759117885076
agm003438354,14.92273459931125,5.017268860985939
agm003438375,14.59543677816808,4.810035057432321
agm003438377,13.928618630682038,4.403483700748605
agm003438416,13.675261704336393,1.820538284269185
agm003438426,15.182061249262842,3.1709222825989642
agm003438483,14.303561606474625,-2.6596078890635013
agm003438492,15.600058775902903,4.065868191717043
agm003438510,15.54914393295334,5.3598608966271835
agm003438511,16.731376042112917,5.159138197489789
agm003438513,17.200420153509622,6.141358539519298
agm003438519,15.908081058457741,4.110931144988312
agm003438520,16.291481177307286,3.7954399190734507
agm003438540,14.946475621220936,0.7356562804462085
agm003438551,18.187617933377727,6.389679915125396
agm003438570,16.142707638643298,4.1180049246986306
agm003438577,15.905470573807996,2.629054305134533
agm003438590,16.86959782172123,4.603324843353154
agm003438595,15.313992245783174,2.262840922744877
agm003438606,16.949159936592782,4.164478016528523
agm003438613,15.328141386514789,0.7918180989130738
agm003438622,13.861317659730718,7.835257015658297
agm003438640,14.72093978073852,2.0590571442211836
agm003438642,10.526649926604172,-0.5956426237710085
agm003438667,13.554428271695485,5.15353927424611
agm003438699,12.37350702317183,6.259217540532666
agm003438736,12.03627685957535,-2.381282814322708
agm003438759,10.939615914949485,-1.2073494477345676
agm003438781,14.371198520332051,-1.7748823923070702
agm003438788,17.968773186609972,8.982622160352657
agm003438841,16.61791934328586,4.753439544262889
agm003438845,15.769458095826378,2.903283823506213
agm003438852,13.293400533649427,1.346426361487147
agm003438873,12.87524914960156,2.268834113441923
agm003438929,13.735085471998339,-0.5473231597702414
agm003438936,15.362768391051562,3.9488024175647958
agm003438952,11.460766590342011,-0.5220182774664354
agm003438972,15.65953261765962,5.1364277931869395
agm003439001,12.049256649196508,-4.8011973314802106
agm003439039,11.744679133141863,-4.5878798526851305
agm003439040,13.835421708798838,-5.33676918635019
agm003439073,15.662548783645873,5.703367848124144
agm003439087,18.5694406679293,5.275136887642113
agm003439175,17.870812208924228,5.601292832698746
agm003439257,14.375782406903229,2.614301185903809
agm003439279,14.503865626870029,2.110769284287992
agm003439294,7.620219846095503,-2.735588611367224
agm003439321,13.527517445492087,-3.77031092112043
agm003439331,13.206367693734405,-3.902792667667564
agm003439335,12.466335144509792,1.208307303691722
agm003439412,15.5593752103877,5.3988507359012985
agm003439452,14.709464056994113,5.507431516548839
agm003439455,14.850692655489823,5.749026873023006
agm003439468,16.311211294484128,6.182569587755412
agm003439502,15.295075385615947,5.838476342104195
agm003439518,16.50520251744692,6.922480442726655
agm003439523,16.464772886331545,6.921793326833825
agm003439529,14.22467589511711,5.13362434828369
agm003439531,14.264739030503748,5.16890448234322
agm003439544,15.32007793785481,5.601801297726887
agm003439571,10.273796683526486,-1.0990488225216677
agm003439572,9.551684140757551,-2.8687605816309585
agm003439605,13.898157518562149,1.2723354163482057
agm003439611,13.844063862358139,-0.7726343623898764
agm003439636,13.740267001730523,-2.023933624800987
agm003439643,11.958129065982488,-3.196748141479033
agm003439689,15.782090869044168,5.869638282241286
agm003439711,18.84306711748781,7.598592821604726
agm003439713,17.446551822557343,6.01310415818471
agm003439754,12.787937805499551,-2.1302923387736215
agm003439758,13.794266781991,-3.727094427609823
agm003439780,11.953817005222199,-1.6085898615778025
agm003439797,13.619777404473718,-2.35659050969443
agm003439799,13.034410187230797,-3.4449826245500716
agm003439802,14.055589600191494,-1.402847341961864
agm003439822,17.55042024151722,8.892693064596758
agm003439826,17.252200942643277,8.03961932936045
agm003439832,16.478237243347134,6.928941623868815
agm003439834,16.538050298698014,7.0181780577490676
agm003439873,15.507182190052559,2.2296702660399834
agm003439917,17.93105959400544,7.77582154697599
agm003439939,16.611168628018962,4.832820382043285
agm003439962,15.806599477356942,2.974599086633738
agm003439971,15.888090142276639,2.9638443631027003
agm003439981,15.983118629181911,3.0205056662404774
agm003439989,17.587540674250814,6.0424479054361235
agm003597576,15.62281728705153,6.828826356461826
agm003597671,18.345716034861738,4.654091246933794
agm003597762,17.93612307769551,4.934324738773457
agm003597944,15.643395735068339,9.332960574149288
agm003597952,18.35483500965767,6.66978081756633
agm003598041,17.39943810196763,6.6020809911342075
agm003598072,11.963625689607985,3.3384773351499883
agm003598411,19.20303969131666,4.897317138478255
agm003598451,7.105246974567703,-3.559261479080609
agm003598736,17.02942998739537,5.600587110276616
agm003598978,12.15534153380642,4.572915949536016
agm003599058,11.514208136249588,2.165285537712205
agm003599079,17.159204036184338,4.443581579868567
agm003599324,12.827493007028837,-1.2731202081341664
agm003599411,15.436035385662647,3.706097030895577
agm003599430,17.56037864809254,5.7207642646914065
agm003599634,18.994441040179005,5.191392154507356
agm003599686,14.455645344987515,1.6735359427525782
agm003599856,19.98662583699869,6.924967649283431
agm003600117,17.010047001963855,7.570683259579766
agm003600197,13.574450646464491,4.906790865451646
agm003600347,16.293197682457684,6.049604262020519
agm003600360,14.378558163410794,4.78021808901249
agm003600581,13.465896519828839,4.585375343383096
agm003600603,13.583175633370937,1.7001017695659897
agm003600734,17.41796695117571,5.323023377000701
agm003600834,16.934464907985284,2.6802383927402826
agm003600851,12.420193195919554,2.623979101500055
agm003601037,15.102848836038445,0.944409600851472
agm003601364,17.97766515077737,4.863315647557024
agm003601575,17.92908131369913,5.195713157701364
agm003601673,16.950657302848327,3.6635727863356777
agm003601760,15.363572012375664,2.254579253185026
agm003601785,14.203852772696115,1.7165308314759151
agm003601817,14.502137238364467,3.838143412164923
agm003601982,16.512764301029133,7.771661081960918
agm003601997,16.795574670193552,7.659770154581621
agm003602037,18.795958935316886,8.091703632608485
agm003602120,14.776610705951372,2.5721872611385446
agm003602131,15.65722602122247,4.587267974708116
agm003602163,17.188088686069502,7.749531235735748
agm003602176,16.677030073701683,4.795048802991299
agm003602307,16.15155453763676,5.90619220477758
agm003602403,16.467838359672132,4.867862876362862
agm003602496,17.138252224185255,2.3261543927573953
agm003602504,9.818012858035726,1.3717350534005075
agm003602542,14.032985732037565,6.523260991666962
agm003603153,17.45993092330773,5.453500870656608
agm003603299,13.859807230644847,2.1239540131316392
agm003603333,14.87370353722926,4.499834888377603
agm003603454,15.069700760727935,4.995187776463536
agm003603459,9.775278372650819,1.79184975355078
agm003603616,12.199246204670816,3.169201617042745
agm003603627,18.436365355007716,8.512236200420366
agm003603781,10.164477006461333,-0.785979585371677
agm003604308,14.602900518263079,2.491883570170993
agm003604337,17.104669713440245,2.725635693267064
agm003604689,12.902074068305085,-1.1162285517355752
agm003604700,11.416282629791937,-0.3013317254090211
agm003604955,15.703422016861253,6.952712359025269
agm003604974,16.019248832621383,4.446709986594868
agm003605123,17.538077884696353,5.278565553049991
agm003605170,15.757224124848491,4.196387921065511
agm003605234,17.037242428557665,4.945962854647381
agm003605400,8.021345258222569,-2.848175856436732
agm003605486,19.471996167714348,8.54220390152249
agm003605751,13.759456319206839,-1.9421032105651956
agm003605771,14.966923068366908,2.619980112563925
agm003605947,13.792549860730439,3.8447965123686605
agm003605953,14.605718657125921,6.945637507028128
agm003606023,17.850515626392088,5.659079583473736
agm003606036,20.215006869945203,9.466632878901297
agm003606155,15.411523122122473,5.179233322755489
agm003606181,15.41418867690148,3.247128273470549
agm003606217,16.690491972773774,7.29304242419154
agm003606270,16.477144207479054,1.4878698313850987
agm003606290,10.281190805053589,-2.0606379328425053
agm003606514,18.90016210738966,5.257344088792872
agm003606651,11.451065086532283,0.6784966666344138
agm003606654,14.928627104506885,-0.8069994930187375
agm003606726,8.554617381223297,-0.8627706740733038
agm003606819,19.37355512288137,6.368748510834994
agm003606825,14.508123923708725,1.4294097603680693
agm003606827,19.93480378970907,6.5734906195215
agm003606930,20.64834330204531,8.132093734043389
agm003607006,10.57855798563032,2.711611728803811
agm003607211,14.354070169574731,-1.149173971526512
agm003607280,12.107853569657655,4.367054378431845
agm003607386,12.743816629203288,3.685496466813429
agm003607399,15.982345101970521,6.49462140691577
agm003607411,12.739996965487409,4.807423240191306
agm003607463,13.490797424493337,0.11126926919069764
agm003607573,9.546431323397593,-2.294042012400333
agm003607604,15.242409836003965,2.5604141704311196
agm003607640,17.35615701869767,7.457153223211457
agm003607653,9.597765344666891,2.34453786323385
agm003608020,15.2762206955785,3.631795219130152
agm003608031,12.433335994345214,2.6562393215157507
agm003608215,14.336672298512743,4.658920657223146
agm003608326,14.93828799822363,2.7782017665706467
agm003608355,18.36145157738552,5.11996011565644
agm003608452,16.79935616475146,4.151106825585842
agm003608453,16.680887345478457,3.3527166991190747
agm003608569,13.721891269669337,-0.7228214179159735
agm003608646,13.010658660862878,1.0169907009217465
agm003608723,14.018755878266456,-0.42565181140646285
agm003608732,16.690423017190746,3.9677535129688857
agm003608752,16.901670277992192,3.463858170289953
agm003608987,17.873118819730102,4.727150719276686
agm003609013,17.264453522228752,8.378328634960017
agm003609059,15.600560944601005,5.391995724872807
agm003609083,15.835800552409454,4.545154264498211
agm003609100,14.929364492602437,4.959863957481809
agm003609129,15.756924929367342,3.7909564818623913
agm003609172,16.150784102164874,7.491537547283858
agm003609182,7.7275325745402865,-0.24746902698978465
agm003609206,18.21374555356134,4.961708278808299
agm003609230,15.752972772237294,2.9972817733427575
agm003609347,6.8314158517835,0.06379994413253047
agm003609362,18.300119104319155,5.914555856192521
agm003609552,14.367795518296731,1.419371501597207
agm003609725,16.818645313373704,5.540338935667485
agm003609738,11.947414097352294,3.027244513503067
agm003610064,14.32851252507412,3.48374157711107
agm003610090,13.851680579265683,4.120554024029226
agm003610167,14.277272026066555,4.709949067756461
agm003610214,17.98360965410647,6.3895201750187764
agm003610383,16.70020084579109,0.7328126254116315
agm003610462,16.94049368953974,6.858642517510202
agm003610469,10.226686391819394,-1.559487358056763
agm003610490,13.74769593583894,0.8917121420779269
agm003610544,15.614462721192195,3.590149894945864
agm003610789,13.76486471974142,3.798541444704327
agm003610847,12.194899727063339,3.2533311818778627
agm003610871,12.45622224919886,2.7723353339840595
agm003611211,17.34270970876091,5.0925463417992045
agm003611328,9.040361622941917,-0.9064343886848801
agm003611451,18.634078216345774,4.206328210839293
agm003611469,15.143924731169479,7.279379640753277
agm003611609,14.542907115388003,-1.7649432161354948
agm003611676,15.249878803210562,6.30346503015548
agm003611991,14.196628466878146,3.306487864757713
agm003612127,15.681227737046148,6.733749416102261
agm003612227,16.071774102273817,4.12398766569609
agm003612385,11.58819917250446,4.688693948974185
agm003612737,8.53315387182743,-1.0026993027346278
agm003612959,9.166937061986648,2.062530720870284
agm003613000,12.374397002038922,3.7362339135770752
agm003613186,16.594054092299064,5.213283229104688
agm003613262,16.818764183925566,5.4330462790286225
agm003613382,17.370898336820282,5.658698001571446
agm003613817,15.705023640779146,4.11288546681988
agm003613836,16.664142600981755,-0.8071163270665549
agm003613927,13.355254193970175,3.600112673591236
agm003613938,15.771217122326291,3.834744879185064
agm003614060,18.111068369715014,4.990264437161068
agm003614085,18.430857040962078,5.070193993560705
agm003614136,9.909783520293574,-5.604583196313146
agm003614299,18.877134866849307,5.3399337105486895
agm003614450,20.08975460820002,6.020318782138382
agm003614481,19.25385262320021,5.687905166648314
agm003614582,18.067501766699483,5.324674092961212
agm003614584,18.562080283537778,5.491706751551241
agm003614619,14.508313097690607,2.082297733341223
agm003614635,14.346419296243816,2.8928563300070804
agm003614646,16.909938024425532,4.673525912422898
agm003614657,18.14263446680932,7.721135052620844
agm003614659,16.89163657864745,6.456900905401044
agm003614661,16.75136581565258,6.384374178969123
agm003615495,15.643467787643736,6.858204743548592
agm003615622,18.539195508402884,6.79527750787039
agm003615652,17.482401636999693,3.878759169672051
agm003615697,16.06107471355009,2.9983913214505167
agm003615735,16.358540622018552,2.4133388102736406
agm003615748,18.111967153316332,4.343153531749003
agm003615759,15.584719692706116,1.2997681222938828
agm003615965,17.00996608922807,3.5136596584338973
agm003616088,15.08718793434493,2.56511851923021
agm003616101,16.508987790787618,3.6207385851164817
agm003616112,15.589864857025171,2.0630794413831586
agm003616121,15.53284652020355,-0.25224141387412846
agm003616131,15.170425670807335,1.864944300436993
agm003616164,15.21384368686359,1.870209610675694
agm003616168,14.761518882786355,1.6695329976274058
agm003616258,18.48646311610224,5.4827239624319395
agm003616273,18.034012906291185,5.332042717176681
agm003616302,18.812939055150174,6.405562580087907
agm003616355,15.243683236604594,2.6280734688199168
agm003616364,13.906327071898783,1.6745715701263437
agm003616418,14.6559974565477,2.812025003895248
agm003616447,16.922645982399793,2.870269640272552
agm003616450,14.811347036538566,2.8360406746708993
agm003616503,13.201771498039964,0.6724822918275777
agm003616512,17.38542158347738,2.1863798418467386
agm003616513,17.37430811106078,4.483990002349332
agm003616526,15.385765913936034,2.6493730606762975
agm003616555,18.399967345206893,4.918553747033156
agm003616571,19.138096230445676,4.825399928856894
agm003616574,18.48220646772937,4.994193087586215
agm003616586,17.021300760569954,2.035127890238833
agm003616612,18.802045407048162,4.442370767093157
agm003616614,18.60196490451093,4.5990940913266165
agm003616622,16.64945795646305,6.900009628238002
agm003616634,16.588935185678068,3.7006180361306242
agm003616638,14.0578999641714,-2.443652617280444
agm003616701,17.28214307992823,2.2899114678235257
agm003617190,14.940845566453735,2.430296900615918
agm003617414,12.506316982059266,1.1173748663488334
agm003617626,14.099773752944245,3.4690283280252934
agm003617946,14.992936523032451,4.105370253770712
agm003617960,15.088809060633652,4.1343989019863105
agm003618181,12.999664871262361,2.273054502838848
agm003618386,15.87831535067721,4.92604117056875
agm003618391,16.07443120421521,5.013801676357591
agm003618795,12.546526033498564,4.744776259055113
agm003619380,14.660317459972237,6.350232504183199
agm003619544,16.732508047887617,3.3708194115760968
agm003620488,16.550216431527193,4.9433190138864305
agm003624031,15.118057097659541,1.6571875570553303
agm003624604,13.41654628239179,2.898080327396077
agm003624949,14.323859918937222,-4.06754838216629
agm003625363,13.921154580331516,0.2260480586286313
agm003625596,15.761351525701663,5.183809266108973
agm003625623,16.314827295412435,8.53548115896496
agm003625654,11.25130252420571,4.212794487402427
agm003625681,15.778675014924916,7.151782968186578
agm003625718,16.78590935339373,7.512554148688774
agm003626092,16.03605709944668,3.508956018293853
agm003626093,16.82631578276038,4.179307993105541
agm003626409,13.915027114859754,3.3564815774036107
agm003626534,12.686132153054324,1.2822006429910777
agm003626586,13.293871198524057,4.799423679535057
agm003626596,12.7322510492853,0.7833568316491082
agm003626685,16.5211755072636,4.583447449173681
agm003626700,17.243441167859235,4.994756275061482
agm003626832,14.959403424281705,2.623361974237974
agm003626833,14.962664863274048,2.5958225968510975
agm003626927,14.159348823208639,-1.2517053987304454
agm003627261,17.206461820598008,3.2587295052636254
agm003627348,12.951770810894354,-0.14550864646261008
agm003627486,16.569506183013424,6.329147691094127
agm003627580,12.68211171600884,1.064154379679393
agm003627982,16.350290212366144,6.204692589567864
agm003628011,17.766022933777155,0.3781415146914826
agm003628084,14.981879459605054,2.8379748197955443
agm003628364,13.32932636819759,1.7379930825030305
agm003629859,15.416218329675504,2.9044670637754537
agm003629868,14.570825418294264,0.6632806441655736
agm003629887,14.826475312175614,-0.8451386398340572
agm003629904,16.366306382735015,3.6182022137812773
agm003629925,15.805403230545894,2.115700152331228
agm003629933,15.145438685355664,1.6348341105466302
agm003630011,14.808202439526385,2.4001106710523894
agm003630174,14.340862786528756,4.677479011986868
agm003630188,11.943019717734805,0.6230900025875572
agm003630204,12.420271350820338,0.17826276691574705
agm003630205,12.68077447226212,0.2294332011112754
agm003630277,17.056690275240637,4.155672054272994
agm003630355,15.813853545350403,2.4760681298976843
agm003630390,13.240519571239544,1.481959377799864
agm003630391,13.517253990670675,1.6893701949817705
agm003630452,17.634685656976277,5.99203517893374
agm003631616,13.264631754529473,-2.1861159633685663
agm003631667,16.563778781696126,4.463176939201098
agm003633112,13.846560919001933,-1.851590704563086
agm003633255,13.498288340443624,-4.883871192009094
agm003633698,17.09219301310464,5.3726614788123825
agm003634111,15.629846874368303,3.216850535742644
agm003634659,15.329587747025991,4.658166599353053
agm003635168,15.933841955023293,3.7558815566544963
agm003635677,14.0504714015129,-3.3099032132722055
agm003636413,14.177013190524324,1.7341334651542537
agm003636744,15.515584082122645,2.6446319145955384
agm003636845,14.951274799075119,1.8212310962435359
agm003636869,16.839937588495285,3.718587019962741
agm003636984,16.762554304360496,9.65674203380192
agm003637747,16.394878549425425,2.024225276506656
agm003711950,14.052140809404358,2.903086997891087
agm003711959,12.625100164088511,3.9922327720684065
agm003712480,13.497302554236892,3.312799023704012
agm003715837,12.737348633793353,0.9964766846911409
agm003719819,8.684904738479764,4.259163608424364
agm003719849,12.16734205722219,4.713597482807815
agm003719877,10.717949578245218,4.310910104162533
agm003719981,15.931177110014854,6.546656346908888
agm003720872,12.259622480388536,4.065831474193915
agm003721150,15.609575045069775,5.360681385668424
agm003733914,15.224868039878352,5.970986093547764
agm003734798,8.617402893171064,3.360506069642993
agm003735654,6.0408657321193795,-1.670462699188113
agm003736676,15.925599893517138,6.893027112996627
agm003737973,17.436030966720327,5.653284086921654
agm003737993,17.52590107398617,5.687927303590587
agm003738655,8.642301649633062,1.8411976885797923
agm003739979,12.385233736637751,2.4957384332814745
agm003740506,15.403583143135998,3.754873720932032
agm003740605,15.666712911914871,4.042910131144837
agm003740895,8.09239309202984,1.329778036780189
agm003741569,15.637808129619179,3.4899562519116016
agm003741571,15.432305143970396,3.3675031366078456
agm003741621,14.216845260886464,5.761926931312854
agm003741868,14.545096004956385,4.875896863377881
agm003742044,16.43123924494545,4.418184302558802
agm003742311,15.950940161346757,7.05021033478062
agm003742316,18.22333703704349,8.468332115173647
agm003742480,13.659883727188927,2.776636313484786
agm003742573,13.579307903314776,2.756921212884746
agm003742583,12.258161336356272,0.9245351910058824
agm003742654,13.716281988201688,1.5773652565641452
agm003742817,14.570264534517797,6.531781098307263
agm003749449,15.510185471597728,5.09155790489879
agm003749944,15.774423042781146,6.3059660897851755
agm003750183,14.352895740766456,-5.156661150367931
agm003750318,16.846168362676156,5.922133062023264
agm003750492,15.539311329079043,6.787065014281861
agm003750771,19.00666538144304,7.558010832732325
agm003751032,15.996882443163324,6.072621670356338
agm003751158,14.662278908850718,5.945005749301397
agm003751187,15.039680842082518,6.542603565557113
agm003751514,14.678806625784299,4.2332334636572595
agm003751772,16.2879984081877,3.011501091196127
agm003755635,13.3146241068141,3.095050117661597
agm003755654,15.846386053045658,3.3524442850673193
agm003848744,15.565314171409653,5.470659509563985
agm003922680,11.315698698250982,-1.3250103641884765
agm004017393,12.5785934772691,2.070685560236353
agm004043699,15.978692183523192,5.856106413207169
agm004063661,10.305410476149268,-0.9992796829135004
agm004081835,14.97270890338557,6.926893850442585
agm004095660,10.03339953744831,-3.6948228439349338
agm004098850,9.804451636995443,-3.733501475162498
agm004107857,11.299190976102308,1.3871587708427224
agm004111069,11.174575071418415,-2.7016690865960156
agm004115413,11.44686436865722,-2.2827681105937323
agm004125178,10.862476694391779,-2.759400666388145
agm004141992,10.352454753151461,-1.6616930125378682
agm004145031,8.746497548921315,-3.3530822531904607
agm004158696,16.14276674640221,7.176227574434399
agm004164736,10.120184294525247,-4.562514648820823
agm004171858,17.051109156640486,8.586486957741105
agm004177081,12.706475888472113,-0.42746212364581826
agm004230125,11.703435616040627,-2.382768109727219
agm004234112,11.359381303891233,-1.7662142119175623
agm004258749,13.975118927801429,3.093798036641589
agm004316581,18.259787891277455,7.264330125532548
agm004326454,13.521774846227327,-5.505172097971413
agm004333120,11.106877831169204,-1.41795234639768
agm004408849,14.138004958279991,5.679348015649437
agm004421625,13.338163458781835,3.827828840587141
agm004442358,9.760865972121495,1.553052299668451
agm004442524,9.427283536501465,6.520869399026212
agm004458931,18.772084994409447,7.110565094903153
agm004464908,5.3549666411938714,2.748194940560551
agm004742296,13.60495677839218,1.778895520286327
agm004742319,13.653674446344091,1.6414844595563878
agm004742342,13.011660278102802,1.6164064881012887
agm004742355,11.107778086257747,2.262761926464633
agm004742409,13.18558517500336,2.863475968767633
agm004742456,13.549980188279335,2.373078136133279
agm004742654,12.318166152540146,3.5804341622720646
agm004742678,14.480535382534375,3.9888009498157566
agm004742720,11.386583173582004,2.7111361109244876
agm004742724,12.210289694560318,2.6736824811491187
agm004742747,12.120305945548372,3.2262323824012373
agm004742749,11.879821268392773,3.065582165843537
agm004742752,13.495374934160994,4.235124866460926
agm004742761,12.685559196541114,3.0076408001284807
agm004742776,12.334615534803968,2.744521139880112
agm004742810,14.01377133091944,3.40385811565447
agm004742811,13.257973043375737,3.4292480963003857
agm004742829,13.161872792203264,2.677875593698993
agm004742859,13.54192136025837,1.399558745796477
agm004742880,15.219674621358685,2.715810245929397
agm004742888,14.285351219935484,2.0115591125826042
agm004742899,13.949770249739807,0.36873765989949686
agm004742918,11.529329866273974,0.7688405527737636
agm004743059,15.005957994137367,1.7765224252266532
agm004743064,14.07948388566655,1.1177731810446414
agm004743089,14.753268660336682,2.0491603684555897
agm004743109,12.444774154176898,2.500072762043402
agm004743110,13.76855043717429,3.1198707861496775
agm004743195,13.351179682403313,1.2826052123017557
agm004743221,15.906065107050841,2.4144601580097125
agm004743223,15.28849812384947,1.9657065841311538
agm004743225,16.040895997449805,2.4571859541653858
agm004743293,11.691607320320026,1.3372491212103348
agm004743314,11.073550737332162,1.526901731674157
agm004743323,11.553942934338146,1.5204294246841439
agm004743358,11.46533030152826,1.5783957488678186
agm004743384,13.324128764687552,2.818143419738016
agm004743388,12.294289308273308,0.5708537605054431
agm004743452,12.109513007834934,1.3337117459936156
agm004743459,12.63686939727375,1.4615744780855557
agm004743488,11.678867281458166,0.8396247740129112
agm004743536,12.300916995143401,2.7348279015853834
agm004743553,12.001624993094348,2.515541568782197
agm004743581,11.641732339751838,2.258470369298221
agm004743584,11.865093321790042,2.4631321038037464
agm004743598,11.333463600206192,0.7135113907792446
agm004743614,14.169602980806596,1.6711113695695659
agm004743616,14.444030896036544,1.8707545762220292
agm004743631,13.951584411516448,1.5584564944369188
agm004743637,13.88700655262764,1.505522645495354
agm004743638,11.390627471673318,2.311327468213569
agm004743665,12.600156719010927,1.173846089271492
agm004743728,13.134896586346608,2.5516272760331695
agm004743742,13.390537464170677,0.928152942079033
agm004743743,13.195180760346423,0.7990333800543942
agm004743750,12.557140465819778,-0.2664232791650001
agm004743818,13.571689574100695,4.956457597582045
agm004743836,16.985705338147284,7.2047820130385665
agm004743870,12.830483119937119,4.008033174655762
agm004743886,14.378390928625288,4.882470131434904
agm004743909,11.416164643750465,4.9890803018758945
agm004743918,13.0048051943662,6.213061828033691
agm004743943,14.828445071396901,6.030269596268646
agm004743945,17.172913967896076,7.3867706908208115
agm004743960,17.607393577986635,7.845650851549036
agm004744039,16.919074894479973,5.071991658953047
agm004744052,13.635611619133366,5.1359107201392336
agm004744056,13.143724842403458,3.4653560922454574
agm004744057,15.389781295246989,5.079726893577945
agm004744087,13.911796430839166,4.62635964367392
agm004744117,15.136737920645869,4.813901340120449
agm004744118,14.182221983511448,4.1060739389031236
agm004744177,13.657988177732612,1.6339547709230782
agm004744180,12.00294796657387,1.6518274723564759
agm004744240,11.84321643923338,2.687262092089739
agm004744260,13.016627222588937,2.79529539718479
agm004744266,12.491741519739348,2.4841406946146827
agm004744321,14.887847323526117,3.974743523405827
agm004744324,14.695235990719944,3.8438015316722374
agm004744329,14.40435569830012,4.136570152120366
agm004744477,16.87725617854148,7.546890910136091
agm004744478,18.48797106073439,8.44574148434817
agm004744495,11.043509371188685,3.4182437248101056
agm004744496,11.808137080892626,3.7463555325907727
agm004744547,12.500206398761504,3.4241667452196864
agm004744576,15.824660463858715,4.846756668059049
agm004744577,14.552193877814267,2.590029849455545
agm004744579,11.221180250127041,4.503561230127639
agm004744599,15.690138499298692,5.084782800618264
agm004744639,9.34085073106013,1.1789898301811383
agm004744690,14.62237844759668,1.9635394974418705
agm004744750,15.440887197237359,3.599864355119456
agm004744798,12.679204879034819,0.34297461463099665
agm004744857,12.14046224628028,0.09676134034602295
agm004744886,13.198901202394241,3.942394895133626
agm004744899,13.039773274062432,3.7487936677401144
agm004744900,13.138020716324244,3.7920586057241437
agm004744927,13.032901561937445,3.6329724570527944
agm004744964,12.476577607006176,4.22993797907552
agm004744965,12.227562084526118,4.125867855788954
agm004745051,13.683035045931852,0.8499554362989059
agm004745099,12.93280177815438,3.626122434667133
agm004745106,13.489327168133704,3.2433070021342463
agm004745129,13.301444157772677,3.192554718851987
agm004745141,15.363337861803918,6.590942366935124
agm004745147,15.802101952256491,7.212234791902219
agm004745166,17.665320812008584,7.820025748564241
agm004745175,11.461989689490432,3.134392277210379
agm004745188,14.360976767890179,4.902637646816886
agm004745214,13.155388194197585,5.384477314636346
agm004745228,12.688736933148311,3.154076157069841
agm004745267,15.053434512873636,4.8838594101639075
agm004745279,14.859399383965835,5.034832127729136
agm004745296,15.65435552079145,5.681196220986017
agm004745329,13.071085368771158,3.7151188473127306
agm004745345,14.08111928145263,3.8478691674260634
agm004745359,12.962080657490867,3.479920991470992
agm004745363,12.57706655411205,3.491172663562067
agm004745365,12.90929158642807,3.6807442301802737
agm004745387,13.291459953778942,3.950032265602332
agm004745440,11.958571425472305,3.1106120506857855
agm004745453,12.028292972575422,1.9608965838922938
agm004745476,12.514022730095306,3.8091920812647473
agm004745480,14.411696745935393,4.454035225751535
agm004745508,13.299590528768812,3.199934338881499
agm004745517,14.364807606472342,4.7931536631233795
agm004745548,13.073916783652821,3.3181730286046
agm004745552,13.520702849606556,3.628916067230095
agm004745638,14.178963739170909,5.697524397360152
agm004745671,13.710771783400213,4.726116794691209
agm004745698,13.214351323236771,5.719410652702204
agm004745714,12.387074745725704,5.6843643156872075
agm004745728,12.366841987578546,4.980877471754961
agm004745749,12.165377849183665,2.555538017185679
agm004745752,12.23896164886817,2.600234098768093
agm004745754,12.45168256988903,3.2180995067919915
agm004745771,12.244444455341862,2.040109301374031
agm004745784,13.864192364849336,6.285592403331573
agm004745808,13.201765020528912,5.452752104039707
agm004745902,15.483625165236882,2.5935404315171318
agm004745914,15.272380855703027,2.2823230429154866
agm004745938,14.763612497532016,1.0088899709826222
agm004745961,13.221918481125284,6.049752802804332
agm004745981,18.470702813708815,8.01971784126651
agm004746043,13.338504483451556,2.3028231667528427
agm004746047,14.237903880388819,2.1364102116038524
agm004746058,12.991174551356089,-0.05631115077173258
agm004746077,14.130643362067062,1.3191491442482033
agm004746095,13.404794125630469,-0.6446026610721786
agm004746120,15.527876145847385,6.207540186868479
agm004746149,14.88410780520797,5.0623894614886
agm004746151,17.040219692412986,7.167667073496221
agm004746187,12.928671386948919,-0.19230144630808135
agm004746198,12.876183596751275,-2.001312199005779
agm004747161,11.910210338351034,-0.2920290535777248
agm004747467,12.62506810267967,-1.193213921857615
agm004748104,10.743817239848704,-1.9494233006218196
agm004748135,12.531965253182781,-1.7790286766207235
agm004748400,10.30536357239245,-1.693051344017637
agm004748409,10.183918722726315,-2.3643645815727194
agm004748414,10.247575218387402,-2.329775925141291
agm004748859,12.995229132101931,0.11532519327319928
agm004748883,12.508641123761917,0.6738215831942563
agm004748940,10.92589277757254,-1.255453877845105
agm004749022,10.420514269987383,-1.2909463578994174
agm004749194,12.669955722504676,0.816530255765544
agm004749906,8.993801722765003,-1.953946851972032
agm004749907,8.970550026830319,-1.969608341787022
agm004749940,12.530599224011459,-0.8770477169886762
agm004751511,15.025334577832806,1.8698856397727124
agm004751518,15.062486316757374,2.0027305228801384
agm004751521,15.19067586206832,1.239666845071299
agm004751544,12.744216021490965,0.782717208341951
agm004751553,13.575074452577473,2.3233483125012704
agm004751563,14.086686015648155,4.284963076990237
agm004751568,13.855957406214898,3.312489512692448
agm004751574,11.76216548911728,0.6967260030076344
agm004751601,14.311125299704985,2.370312086913571
agm004751639,15.096537965753617,3.8233852888933577
agm004751652,13.285248980610783,1.898612409071048
agm004751659,13.373593330837487,4.055103961396033
agm004751669,14.50074201832576,4.691217340188032
agm004751672,14.231630392122158,4.551524514064758
agm004751701,14.79104375971881,3.7489486819622204
agm004751714,15.36876563097112,4.2041004919335565
agm004751735,14.400878826390766,1.4964707435708988
agm004751756,15.223565082524852,2.5345469497235804
agm004751841,12.953529490391555,0.716066480952802
agm004751844,15.132270166809052,1.5309294338012513
agm004751868,12.163879247828055,-0.08283818401143013
agm004751871,12.38007374548802,-0.003624765745428249
agm004751926,13.233228213687921,1.3017203738025642
agm004752045,13.320419466060185,3.1398607379816483
agm004752053,14.780110761605208,5.022389895649252
agm004752092,13.393695943108932,1.6537223663851701
agm004752146,13.522324928290727,2.3129208292960928
agm004752200,14.43703886375777,2.1968364899455484
agm004752204,14.546164117741226,2.267001601790096
agm004752210,15.140029109225187,2.74557998645769
agm004752231,13.435261575468104,3.717322099761544
agm004752271,14.226485320611372,3.442408970156634
agm004752281,13.65589387538183,3.2364814823477843
agm004752398,16.28819408472096,2.861941173911926
agm004752442,12.30677374182136,0.2816951666034117
agm004752460,12.947415960741013,0.9336868809496455
agm004752468,13.414226450308163,0.8649387506709564
agm004752469,12.58461457337466,0.91432946678781
agm004752495,12.856218056308718,0.16985360377001038
agm004752562,14.23463947830954,2.5198814255761994
agm004752599,12.196353309298551,-0.6582638681889025
agm004752603,12.94048384565469,2.3684742610122758
agm004752646,13.373641080924981,2.368000448879144
agm004752671,12.699457398606292,-0.5909860292844454
agm004752672,12.640222385286195,0.039542950009652834
agm004752729,13.934997656606706,3.679680996070214
agm004752759,12.194618933675523,3.5843831393809196
agm004752802,14.269631258712941,3.6307801880078894
agm004752908,14.11740653338711,4.163011008784337
agm004752918,15.330269639044738,5.64714247552213
agm004752994,16.20659591595038,8.338239850131798
agm004752997,14.332641689168428,3.3356952467309786
agm004753037,15.568738919926167,5.090992703749688
agm004753055,17.923442288404917,5.8786333141988285
agm004753091,16.577150680353324,6.314634103972513
agm004753135,11.77509924476533,2.6455460415078016
agm004753148,12.480297569611011,1.6874459498393584
agm004753155,13.77085319835245,3.3649940584606757
agm004753188,12.802271113183522,4.141215049374858
agm004753193,13.878183413103244,4.996969820083746
agm004753201,14.27245369167467,3.526641505624312
agm004753227,14.144109953294896,3.7249824259516573
agm004753269,16.578852658029653,5.462016144291838
agm004753309,12.806291039893557,2.0497388820527696
agm004753323,12.694414249619308,2.010553866375222
agm004753342,12.31030139043174,1.750721858153679
agm004753400,13.88203944150309,1.6125187188933747
agm004753405,14.07377228899138,0.0013486512478699808
agm004753505,12.546297128360457,-0.6343165451826481
agm004753522,13.55647793584041,5.037257419240288
agm004753546,13.164475594202669,3.5558281721590546
agm004753554,11.508125013016752,3.47936254939439
agm004753568,11.940362463390597,4.398712212888172
agm004753587,13.160251764078927,4.581864171572494
agm004753599,13.818051526886613,5.061563635896657
agm004753618,14.004896119325577,4.514942173178363
agm004753624,14.130066018440031,4.565647688536743
agm004753664,14.577745133293343,2.7512489190914464
agm004753665,13.770425688297772,2.7417084203828694
agm004753706,15.34130132629263,4.729043473914369
agm004753729,14.824333178609114,3.664312837864418
agm004753773,14.353865065235672,2.459020515611744
agm004753795,15.358140962492227,2.309533126658211
agm004753833,14.828870421218786,1.933570840129723
agm004753858,13.217587597241605,1.0765108759422521
agm004753944,12.510725933418202,3.486003391513537
agm004753945,12.21427123462776,3.374712646684982
agm004753949,13.330446462712592,3.312478586387625
agm004753979,15.042138108387205,2.5695352628803563
agm004754008,14.696701897127333,2.30717987835374
agm004754024,13.845684763578825,4.357200425575679
agm004754040,13.682585370015554,2.957866771555603
agm004754044,13.061809972743214,3.0533237356543843
agm004754051,15.080223562339384,5.90780089305348
agm004754065,16.388257371854266,3.80871937309893
agm004754089,15.896360917610968,3.3377482825604594
agm004754092,17.858277941276516,8.397563688803972
agm004754109,17.45181537193249,7.777148354284388
agm004754112,12.505934356606273,4.426182427062112
agm004754141,14.3379124518182,4.802852380628695
agm004754166,13.01832695579374,3.4162613499009282
agm004754170,14.724366683478786,5.953490012389179
agm004754224,15.315856872235422,6.663976407757613
agm004754241,15.325179633339582,4.162723951058146
agm004754242,14.312929693851286,5.048736639263083
agm004754253,16.191597151027832,4.503536247230316
agm004754266,15.583167492907634,6.668158572344893
agm004754297,16.869271229552712,5.117794199329461
agm004754308,15.75755579108006,3.380725579950449
agm004754383,15.553594885242623,6.917188962063285
agm004754404,13.85396400995363,-2.057048960122586
agm004754441,14.368974588994751,1.5956563920703435
agm004754442,14.753851025173907,0.09115343909427291
agm004754566,14.36498127723035,1.158424796092169
agm004754662,11.538333510504145,-2.9411095430917626
agm004754680,12.236283047580669,-2.312280577034194
agm004757599,10.978058429092831,-0.7740536315534037
agm004757600,10.728683443490239,-1.075955239808217
agm004757908,10.041062276593673,-2.916119138202052
agm004988168,14.166616768653444,0.21884755127662742
agm004988194,13.891340197560343,0.33506536465446
agm004988372,14.480449786464783,2.5006816931105775
agm004988429,11.842946824299148,2.85412136467949
agm004988762,14.462707300380874,1.765908172241933
agm004988771,15.048595818535691,2.422993284467334
agm004988788,16.583912160887632,3.077506158847926
agm004988836,19.245794678138942,8.167991177750762
agm004989171,13.13258376028664,1.3083092678812165
agm004989576,16.581587832487656,3.8709714088772413
agm004992385,18.340247259571974,7.995665596069408
agm004992909,14.239345897404652,1.5614195735357612
agm004992935,14.35798219344288,1.7301206304189407
agm004992944,13.633596806909335,0.5370188891947976
agm004992965,14.683754951707323,2.0604323235476074
agm004992977,14.245596915012081,1.136043669962857
agm004992989,14.343916397392292,1.6609152141335493
agm004993019,13.912060239893549,2.042234155086296
agm004993073,13.84916937833583,0.4669363530886287
agm004993105,13.367951699903031,1.1052246952158704
agm004993127,14.88294875560924,1.5307698943258898
agm004993144,12.709929250753955,1.181485896508788
agm004993164,14.729776944549892,0.8113420170808567
agm004993168,15.030398922356445,0.9439881137114738
agm004993181,12.851735894138917,0.2826571391895051
agm004993182,12.926576082726005,0.29412878640204526
agm004993224,12.812095516416019,0.18637565371002082
agm004993254,15.588791414258889,1.9329565360985768
agm004999390,13.355676883219918,-0.41917796844789096
agm004999569,15.01618700723255,1.0390680995624748
agm004999645,13.805057793749643,-1.2730479878885717
agm004999679,14.613591125940655,-0.3124524683209458
agm005002905,14.286639324944412,4.990063268062835
agm005002938,14.735967412405753,3.851270746040997
agm005002944,13.164765396844308,4.595167672411435
agm005003108,16.280208919154706,6.839868591503576
agm005003220,17.19202511235904,6.766406848656244
agm005003278,14.948005169558314,3.9650182501940527
agm005003298,14.149276327472572,2.819628416283295
agm005003353,12.943369616194792,3.3483216278740793
agm005003477,16.609330760193266,6.823953911302017
agm005003522,14.718454834263289,5.52370788858663
agm005003530,14.720303716143743,6.114970246110619
agm005003546,15.257320864200034,4.827977133636445
agm005003642,16.47373593766273,7.4351501388283925
agm005003660,15.44363543224586,6.733160461815098
agm005003670,14.927619800979386,6.760204435113738
agm005003682,15.453670096368878,6.992086246434707
agm005003692,15.889088748572567,6.288485516864117
agm005003712,16.548963909555077,7.540269949895752
agm005003778,15.093673784208594,6.637082320235986
agm005003800,16.608216915081027,8.244755513160536
agm005003905,17.748327195041732,7.10945682037436
agm005004111,12.454718381960244,3.5625149143219184
agm005004154,12.541378509866117,4.403669755841741
agm005004173,13.282949611210853,4.031176713134661
agm005004177,13.4600368861613,3.5318035663822323
agm005004243,17.77356979784695,7.26478931868044
agm005004273,17.15425769633054,7.593508869358432
agm005004280,13.121154683912334,3.7370786362125927
agm005004304,13.082954572323393,4.263792153157913
agm005004323,12.596791336803948,4.4450677610358795
agm005004434,13.129684253815125,2.9017631938082795
agm005004483,15.168615176732237,7.2293793005830675
agm005004724,16.693836475049967,7.538508991209177
agm005005506,12.640927604358922,-3.1861493479963037
agm005005706,11.569153345534595,1.0260360515018043
agm005005842,13.17208424551668,1.3686154001388389
agm005005928,16.514886635592237,7.487404162158981
agm005006342,14.23776575092486,2.4719710278624154
agm005006595,11.531438532334139,1.4015595562565033
agm005007031,12.540555721929492,-0.08758003258191494
agm005007186,13.988791716241732,2.0627049732842244
agm005007234,12.75654975741709,0.19516871961459897
agm005009835,15.82947037459532,4.204773075481801
agm005009947,12.41884215923418,-1.2654849925553386
agm005010320,13.552234330726241,0.2942790878033669
agm005010602,13.247919264118249,1.2023362300797564
agm005010692,14.48770799691331,5.266045715724632
agm005010802,12.524815712398844,1.260584459359461
agm005010803,13.1934586549982,1.6613347807672014
agm005010834,14.069464473762803,2.736900122111823
agm005010843,15.178837265728177,2.780466506092426
agm005010845,16.001674107777795,3.232310028153914
agm005010866,15.604940101469717,2.6328477106955406
agm005010961,15.92001881238738,3.5800539818291943
agm005011012,14.879496201108243,2.9171706154595043
agm005011030,16.89828998784262,3.1116555683843514
agm005011047,11.991459092432528,1.2217159737544379
agm005011101,14.18545655054508,2.4602116060042194
agm005011111,11.952176359931993,1.3915980805073047
agm005011112,11.84296985212261,1.329514771787808
agm005011119,12.627241047722942,2.3201826657822195
agm005011127,14.017069174118841,1.8237750171724088
agm005011136,13.584941101239943,2.0207139897736006
agm005011176,13.06566455514439,1.0868616128829949
agm005011186,16.66732816012939,4.280393136252066
agm005011206,16.651125619094607,3.586857692741494
agm005011212,16.208215110212002,3.3356876061935963
agm005011225,15.695733128803761,3.0967508526900476
agm005011276,16.057850662332072,3.7242934397619316
agm005011291,15.174418998493653,3.1949617199906633
agm005011348,15.787703462152383,3.021988718213295
agm005011349,16.120704582500146,3.1619332318904645
agm005011404,15.167126931222146,2.656636758950994
agm005011410,14.523439967941144,2.368512016911167
agm005011418,16.618496986321666,3.1921070518813996
agm005011423,14.8192545363095,3.049897908353178
agm005011461,15.312841564975225,2.571639206480728
agm005011472,14.434867010463208,2.0911554314928593
agm005011479,15.542280560649194,2.768170161835672
agm005011493,14.998886828594536,2.4297028814017425
agm005011497,15.135065214666463,2.4788238106961358
agm005011502,14.443576163724908,2.0604303070657
agm005011510,16.259700571290733,3.6177964493249255
agm005011565,12.237417570358541,-0.8784067506864552
agm005011610,11.679255475035118,-2.1184997315127383
agm005011616,12.878684534840266,-2.2669428662557154
agm005011617,12.612803374091955,-2.3996409333020674
agm005011620,11.964280881973133,-1.7699862036565783
agm005011645,10.906897032102936,-2.5600175888309815
agm005011651,10.299761624084924,-2.717062018138461
agm005011654,11.056132150499442,-2.227556327354649
agm005011694,15.513662153781405,2.9151551159974445
agm005011695,15.843809809585874,3.1081379004062937
agm005011739,15.391653727924933,2.107450832734179
agm005011777,14.910052650942934,1.797503887945048
agm005011779,14.97249156191179,2.234700200292436
agm005011815,17.11807576531365,2.5944984722426883
agm005011878,15.933276266856836,2.0702394151614314
agm005011897,15.268587104836394,1.7954407511498793
agm005011914,15.598299286431352,2.2953393135072844
agm005011934,16.069865098224447,2.774603376680001
agm005011936,15.80212294636435,2.568316326052456
agm005011954,15.23716074078192,1.8288364426721095
agm005011996,15.077495258805083,1.6101078941584965
agm005012013,14.882799182594297,1.9213919240901967
agm005012016,15.795249158648215,2.9418162425060728
agm005012029,14.926893890857443,2.992171235658602
agm005012043,14.306909929183103,1.4835773242682628
agm005012047,16.095788229447525,4.144492574801033
agm005012108,15.317046543153543,3.292460155693237
agm005012111,15.598916864644513,3.7948703623066296
agm005012126,16.574558449191905,3.103577341533163
agm005012127,15.973062929343893,3.2529703181241816
agm005012130,15.304714294107844,3.4103389466393565
agm005012142,14.120895672609379,1.8934417154834755
agm005012204,14.540527943249893,2.5274095549366855
agm005012255,13.737707050395496,0.7327217476533363
agm005012280,17.166680285747194,3.642894525944243
agm005012300,15.469750721968751,2.6668249671925173
agm005012301,16.043530309967323,3.0544735634921993
agm005012307,16.519948881298117,3.355721373051648
agm005012330,15.760793516530295,2.845717043040524
agm005012354,15.080659936707471,2.327302546778058
agm005012448,15.780115901461548,2.4957427496962206
agm005012469,15.504147624416586,2.2527019398824235
agm005012494,11.523043370261412,-1.627562961708388
agm005012515,12.229000509657087,-1.6449559005038288
agm005012524,11.829046374393775,-1.6290935765459778
agm005012533,12.736827166720426,-0.09867865821855445
agm005012556,10.408550336295516,-1.044219976135888
agm005012640,14.9140224587304,4.141959384915215
agm005012658,14.571505609258088,3.963156737267024
agm005012700,14.359849723871054,3.891548069216333
agm005012738,15.427086740518146,4.550213776820174
agm005012834,14.658967532059055,2.4209988728170173
agm005012856,12.9218980129837,0.19123854139967947
agm005012861,15.195636822804275,3.239451348868782
agm005012864,15.990834996965983,2.9077366549955643
agm005012914,15.214233318539794,2.4609692287800713
agm005012935,15.11603069776677,2.6288565182324932
agm005012965,14.47147808770915,2.5982045585619447
agm005013030,14.09269185026395,3.0366751070273237
agm005013107,16.13247065830746,3.5473823171805563
agm005013131,15.840476144709877,3.016745727575432
agm005013134,16.391834040642006,2.733836551394056
agm005013143,15.149124469635405,1.1049394916211868
agm005013151,15.351624895738743,3.03687221811731
agm005013162,15.32127029498906,1.2087028170422713
agm005013194,14.823553330189208,2.6623409190821747
agm005013199,14.727739502713098,2.970056153906165
agm005013245,11.259565377457589,-4.499842941803376
agm005013254,14.262458332382938,0.9796161769015292
agm005013261,16.64057128815442,3.800601394663758
agm005013263,17.145671196767882,3.990107017634922
agm005013274,15.785648729768251,3.248105399733975
agm005013280,17.014036263279337,4.0002489955930995
agm005013307,15.939763202022704,3.527272779965434
agm005013324,16.860396845238977,3.948305669965996
agm005013391,15.442348529856513,2.912686922209449
agm005013394,15.410781059254706,2.992195190129144
agm005013395,15.387848732668399,2.9268566649699657
agm005013399,14.288629980715285,1.4740760196566582
agm005013415,16.566414610753394,2.9252707694558944
agm005013429,17.463876689384882,3.9339790166204835
agm005013430,17.239748543365927,3.818335154610003
agm005013435,16.621071809146272,3.3998800461526253
agm005013479,15.321905627918266,2.5632461438986867
agm005013481,15.707927564748479,2.8989946598713687
agm005013516,16.15655391301712,1.3657506848972751
agm005013519,16.36322985636373,3.3133101454369203
agm005013532,15.983899812318196,2.9423195695773954
agm005013553,14.927486553580005,2.3501157448069896
agm005013593,15.00239927822104,2.6376502374933737
agm005013594,14.975257323143918,2.6702594790092165
agm005013614,16.01631620769226,2.6326451031800473
agm005013657,15.86845182846107,2.9275720195661465
agm005013691,15.159217465406295,3.274956045046108
agm005013720,14.088196025892142,1.5459173990486512
agm005013751,13.319807577006122,0.9748717551690106
agm005013769,14.961096169169835,3.9609167663114158
agm005013792,15.678389344861984,2.9732086285808825
agm005013814,15.998271031348114,3.1379344854271225
agm005013827,15.762611170772326,2.888431607408264
agm005013838,18.17474387088106,4.945040738664925
agm005013863,14.8586225867864,2.348029985555533
agm005013930,15.764495562363592,3.5506869610525285
agm005013967,14.77259829396066,3.738415949453626
agm005013985,18.013085214600448,4.722503685177302
agm005014018,16.948989141944242,2.906460225392582
agm005014034,15.646044465382948,2.689023200011262
agm005014035,16.105476732287205,3.0542497631735133
agm005014057,15.431364599398012,2.689956817812304
agm005014061,16.913472784787885,3.902986629216661
agm005014077,15.832733968092265,2.741695125678413
agm005014082,15.172154557448977,2.3256537062586218
agm005014084,15.091689272779096,2.24934398905922
agm005014090,15.954733215113624,2.3105361573094996
agm005014093,14.84535032566448,2.1973583346644774
agm005014115,15.081867626202381,2.3822763428559197
agm005014156,18.238097329247402,5.278959833181526
agm005014179,16.785793659081286,3.2019701576535224
agm005014188,17.47437387231384,3.9498775579913072
agm005014224,15.196542497710643,3.249667255044018
agm005014239,16.064752144196778,2.5319434326003956
agm005014246,15.2193758446371,2.04376833561703
agm005014264,14.68528626146148,2.0638146511347157
agm005014275,14.393732684518355,1.8406780674820156
agm005014293,14.59579310762785,1.9615207065689055
agm005014297,14.748053482736983,2.121601420619183
agm005014312,15.504871087485872,3.134072565828535
agm005014341,14.951415693469489,2.721086051478598
agm005014768,13.414198875293607,-0.2893073003019374
agm005014772,13.095343308764367,-0.4994238442246541
agm005014780,12.98274846359018,-0.2822029464319392
agm005014784,13.230724817389856,-0.1763848098655835
agm005014785,13.74612214264946,0.054057784891931956
agm005014788,12.775101473947082,0.11267899035866691
agm005014876,14.904443053726979,0.9900234795613869
agm005014877,13.978778337841984,0.06088288777436333
agm005014998,11.987055533477205,-1.0806058252377184
agm005015022,13.05104169969388,0.23312188318455257
agm005015032,13.902059962524884,-0.9021269835195895
agm005015035,14.137519168442491,0.5893662848215591
agm005015060,12.768332350979248,-0.31749081548279606
agm005015166,14.05211527529369,-0.8468293168827387
agm005015550,12.437734400918334,-3.3154907523981345
agm005015568,17.74287015788969,7.427322291254131
agm005015608,13.464146310684352,-1.2798896994358373
agm005015610,12.674420706086103,-1.770561853253848
agm005015611,12.976234910937132,-1.2748684820803824
agm005015671,13.87563612885356,-0.674578329225028
agm005015674,13.4124060321188,-0.9664074309897984
agm005015734,13.635779091599408,0.582968890291496
agm005015794,13.15714139864222,2.265136774334114
agm005015840,13.124582304852916,0.4929714184544842
agm005015941,13.424932723919488,0.20983988437376908
agm005015960,13.506404745548414,0.4583839408560976
agm005016055,11.941355356264271,-0.21151666622271748
agm005016059,13.059903636387881,1.4505197370929168
agm005016095,14.002111041619589,4.217963122677292
agm005016097,14.769859581474284,4.625365152803027
agm005016133,14.548429898365768,4.542690521494976
agm005016161,12.598577319929849,0.458564673968268
agm005016289,13.104530276428829,0.5572719476834187
agm005016328,12.495889633164824,2.65653654125625
agm005016357,13.461856237436468,3.0879726708567583
agm005016362,14.890779682349873,3.8656717229167135
agm005016433,11.923898110459305,0.8633618776444081
agm005016456,12.836612697112693,0.5190230948209795
agm005016479,12.616085701536669,0.6904389260811741
agm005016502,12.888554682869994,-1.4727466505791937
agm005016505,12.671938356503675,0.1952975610875903
agm005016518,12.808533947452279,-0.0004985181402396676
agm005016543,13.626763909894063,3.0913435412917942
agm005016565,11.935978392900505,3.443228618819675
agm005016571,13.334265002060594,3.6065923966976507
agm005016593,13.84311316887835,2.593090748932164
agm005016605,13.665712759285839,4.483097340948445
agm005016641,13.212327473708967,2.7331829852874976
agm005016651,13.155718416646693,2.355066906699892
agm005016655,13.082641665571794,1.4020221221375018
agm005016697,13.175132415370314,3.3743736226381484
agm005016775,12.388430910412273,2.460482737092697
agm005016843,12.849454919763426,-0.1645029577653169
agm005016875,13.931494602618866,0.10852515013789628
agm005016992,13.158653706058814,1.9278378669545446
agm005017128,12.57620305828298,0.020148717067623067
agm005017153,12.599572352777873,0.2681829937611056
agm005017199,11.827968518503253,0.5127065015511036
agm005017208,12.396446421913803,0.03807039947419923
agm005017224,13.186701100217359,-0.13727262118729372
agm005017239,12.402908510438335,-0.27844411829668303
agm005017299,13.402324934915887,-0.06207878160601084
agm005017300,14.108806869721041,0.523037548839526
agm005017354,12.997037676069562,-0.09228961913900235
agm005017385,14.554686224624337,1.2515515574311167
agm005017425,14.408582042436231,0.9744847193309433
agm005017476,13.069281390342804,-0.8440083435428705
agm005017547,15.09621903996732,0.003954546781352519
agm005017561,14.461856773822415,-1.2367670999052691
agm005017566,14.92030101641772,-1.1870991680150922
agm005017582,14.94240477455617,-0.6338699175702189
agm005017628,14.737133092374128,2.3509216056799147
agm005017630,12.554147364936323,-1.171633530412563
agm005017690,12.737239797915077,0.5579553907850296
agm005017717,13.79926997266927,1.73124605014549
agm005017738,12.930620184635197,1.7742990445629032
agm005017786,13.06886976534316,0.7814748813081721
agm005017867,16.442648914995875,4.843490915096771
agm005017948,13.90310596143863,1.5779325511116817
agm005017981,14.311628823681414,2.461917596292435
agm005018032,14.171863588674526,2.794800269616747
agm005018052,13.897554708256688,2.494739606779537
agm005018098,15.684447181672308,3.3665273120045107
agm005018108,14.899586284441863,2.3045412752478236
agm005018147,15.77598106095655,4.274024558426744
agm005018163,14.213698652122853,1.9803620304021856
agm005018193,12.477383702278335,0.5507933512739506
agm005018212,12.829398499594358,-0.31683892255326
agm005018354,13.550891827052272,-1.548014227219248
agm005018364,12.377037286382778,-0.6938746770715568
agm005018365,12.217327264467173,-0.7984912893572215
agm005018417,12.21833526733185,-1.9618767103854502
agm005018431,10.814389474344367,-0.28009374839364864
agm005018453,11.747494862774847,0.30148842724636327
agm005018490,11.88487795473311,0.5389965232178404
agm005018518,12.679504498749534,2.327822609130954
agm005018519,13.453405660159328,1.9054707982972459
agm005018528,12.704963681602743,1.5963020275912192
agm005018532,11.835922677348652,1.5626544728332497
agm005018574,12.634136620109166,0.019368675283484293
agm005018585,10.836334337284404,0.6917258835098167
agm005018633,12.518890995356902,2.4100644695387397
agm005018664,10.91634229482426,0.6869008760451585
agm005018700,11.847691357129628,0.1619541282391488
agm005018717,10.662467265368576,0.003940363566874083
agm005018749,11.918434925674013,-0.4460388428423343
agm005018752,11.67714736575763,-0.5916362637844536
agm005018778,11.919145189510214,-0.14633782086865993
agm005018822,11.001103018801809,-0.853247967492959
agm005018866,13.358018939838924,3.6596634771349286
agm005018870,13.616590653609219,1.576153048508533
agm005018888,11.537062428581402,1.8923139508856912
agm005018897,11.537687946616359,1.0749798830957267
agm005018914,12.81990520623933,2.9508190765769444
agm005018942,11.41171388885944,2.490843596695329
agm005019007,12.78555062026271,-0.7599963093916948
agm005019019,12.378429814216066,-2.792780089297788
agm005019028,13.138822476094834,-1.247367514559457
agm005019043,12.995242181468905,-1.2549704433189874
agm005019060,12.608199366289544,-0.5586115672184917
agm005019064,11.966070300452538,-0.9442324001870531
agm005019076,12.940906033970887,-1.0156567280742999
agm005019102,12.461945805118912,-1.8457375630767294
agm005019107,11.35037997497374,-1.2901721442671517
agm005019264,12.622581070304914,0.5522707600819899
agm005019289,12.624281407019502,0.06547248362448385
agm005019308,13.420593731468268,1.448040998619362
agm005019563,11.785190408960169,-0.7344058178116498
agm005019652,12.145720629970999,-1.192994149072171
agm005019682,11.72623501318994,0.12347719353773386
agm005019731,13.432998665099806,-0.28228262403734233
agm005019940,9.68930750062431,-2.73087333162114
agm005020055,12.553661312254638,1.0284270360424117
agm005020060,13.135843367416342,1.2308912498651197
agm005020129,12.961537025794934,0.61993861957747
agm005020210,13.234324738880307,0.20662055175927635
agm005020216,13.973805500526089,0.7498071324502618
agm005020222,13.674548528254377,-1.959461549063083
agm005020332,11.642488664837689,-1.7092800360464409
agm005020333,11.617966240919825,-1.7306794639739713
agm005020350,12.889505885984741,-1.3498370233390637
agm005020451,11.530987827360558,-1.6293581327892
agm005020530,16.88176445004246,6.1948268040636645
agm005020603,14.285426621397491,5.765480090425855
agm005020606,15.048502698691593,5.812120935541295
agm005020626,19.560634371040955,8.628722076285456
agm005020635,14.057059914991886,4.9659138075508675
agm005020664,14.96324426431529,6.528227225864503
agm005020679,16.751011043153042,8.312356497763066
agm005020689,18.516219598430585,8.414366190916848
agm005020703,17.85261695679126,9.025611853348781
agm005020719,16.46273859408063,4.830649716928283
agm005020765,17.427287870717766,5.363149512029515
agm005020774,16.048294049885353,4.862057433118646
agm005020832,16.970346407830693,7.280930621082865
agm005020833,19.480612345139026,8.35255354908479
agm005020870,16.26135768546896,5.602768502646732
agm005020880,16.51347810114543,6.12397651760932
agm005020942,17.60964184304921,5.293742382098448
agm005021004,11.078831446859834,-1.6590612615063804
agm005021023,8.263256167330544,-3.389815207703196
agm005021056,9.801463240008417,-2.7037814736588546
agm005021061,10.285505603341743,-2.3956314698332655
agm005021088,8.924509835692408,-2.5098506333960464
agm005021138,11.640474299241756,0.23332661460319812
agm005021149,13.60870159176793,3.8785640668383783
agm005021177,12.559474754170946,2.8812105873225136
agm005021178,13.473526569459068,2.5681497023108846
agm005021193,12.208086283428571,3.2557270446056363
agm005021194,12.633203251893516,2.506648513877458
agm005021245,13.646509630338176,1.8635377770046062
agm005021246,14.284939061146892,2.3720850844042793
agm005021341,16.53568433859702,6.517637482049776
agm005021366,14.050680442272736,4.802440327628817
agm005021416,16.12221388986616,5.820127112476389
agm005021526,12.267219709749053,1.3627642627885792
agm005021730,14.506881105075305,4.947507254361737
agm005021754,12.415831195283943,3.625508472670782
agm005021778,12.685095017568234,4.72053291687432
agm005021790,17.46742915123076,7.559338140162309
agm005021796,12.787789062906006,3.4114737390868535
agm005021801,12.868933399093915,3.4403066556783415
agm005021838,15.369720550147084,4.840114921422978
agm005021873,11.67944678653815,3.7254366741440266
agm005021892,14.369569422316326,2.4089760763582944
agm005021903,13.285998779220199,1.1585913833514234
agm005021925,13.814486706803658,1.891756501043345
agm005021959,12.920943117238957,1.2167332210849253
agm005021980,9.536739390939797,-3.4197217038471637
agm005022049,16.19664776767767,5.958821888668814
agm005022155,14.778883836952318,5.192366108481922
agm005022156,14.607989139078546,3.443188436514202
agm005022164,14.037672016369257,4.197472500879485
agm005022188,16.69474674625571,7.137104136371711
agm005022212,17.982366006858225,6.424913021355344
agm005022249,12.7382977286331,2.1241652036616285
agm005022266,12.67292280325513,3.6316982915191915
agm005022287,14.502554077341955,4.009281735751612
agm005022302,11.455906024892927,-0.9481887244757352
agm005022438,11.839623350372543,-0.041781439626135605
agm005022441,11.375153979811724,-0.3490073544121827
agm005022452,16.02331475416457,0.5001057048087745
agm005022471,13.59014536888669,0.018060974808533813
agm005022482,11.711970671564456,0.32546802311855316
agm005022533,15.703378776579266,0.7242487615575541
agm005022571,12.894649693528212,1.6694754608988531
agm005022629,11.108156740634254,-0.7873532849037737
agm005022648,10.188954534914332,-2.6187293232124595
agm005022767,10.609333183341633,-0.7662366000986325
agm005022768,10.735948169581084,-0.4398552164116268
agm005022769,10.297757227829786,-2.10206951205465
agm005022847,9.820066626026287,-1.1406973176416983
agm005022903,12.822535310361104,-0.9228383251112013
agm005022914,12.419542978195588,-1.1886049059429844
agm005022957,11.054979860958682,-1.6054129520551648
agm005022988,11.923948219827292,-1.7276382941757085
agm005023014,11.85469026590784,-1.060465714299729
agm005023016,10.562508419626349,-3.29555224845128
agm005023031,12.205142852670079,-0.5856362101485033
agm005023038,12.72335354887299,-0.2789876134154639
agm005023116,11.518804853583331,-1.5396959068026057
agm005023150,11.076199972318935,-1.3322162511740288
agm005023171,12.205791400636851,-0.4912360392860052
agm005023214,11.68663081938151,-0.5406567066136923
agm005102633,16.479589759923517,5.7114087290257665
agm005103111,17.347023602304887,5.261059842561362
agm005103356,8.303871396004242,-4.910157924089491
agm005103457,10.947118606067733,-2.3575291459064927
agm005103791,13.743919344346967,-0.37690628974544804
agm005104476,12.457555320836056,0.3222376755271341
agm005104736,15.277522389883892,6.9377891265957885
agm005104994,17.691266934023638,4.996175245627604
agm005104998,16.66548031039121,6.246393092732761
agm005105090,16.00955936500215,7.855536540193369
agm005105125,16.335099845115074,3.807391642556076
agm005105138,14.622603544164354,6.652335302209919
agm005105696,17.69023760296236,6.47807548250449
agm005105977,15.791105365681513,2.4025329057194353
agm005106039,18.34660418478506,6.28599164325062
agm005107226,16.98470973694384,3.146339030787228
agm005107333,13.547420154094615,0.25368809498640843
agm005107365,15.130610605905717,1.5458207306930802
agm005107375,15.295401875500467,1.5787994278005764
agm005107384,16.351177004706653,2.942402213563976
agm005107809,15.888665147082818,3.9736542395511534
agm005108480,16.709251607627817,4.9748126479066395
agm005108495,17.12091319692563,4.643035209754049
agm005108533,16.59316105289963,4.94065952414516
agm005108536,16.88226842231474,5.013103261599721
agm005108551,17.50501968322703,5.282265783594619
agm005108594,16.84015192668011,4.557100871567072
agm005108603,16.820851095275625,4.514010705882221
agm005108696,16.85310915186605,4.983148478187748
agm005108933,13.356207695952419,5.334687681102137
agm005109074,16.35485598188589,8.090172022797582
agm005109574,16.65153912774165,6.826634934458049
agm005110902,17.062676044700787,3.3575387793968705
agm005110957,17.474025523558513,4.2045091381727975
agm005111107,16.58738858227243,5.621653583237791
agm005111294,14.733652005486357,3.2765217216576827
agm005111652,17.353196552901874,5.897138782355583
agm005111958,16.84491451516549,3.7888839090968576
agm005111997,16.563046968983333,3.5813711075415817
agm005112021,16.283698305096287,3.3374839472435918
agm005112064,15.954352084387196,3.1113342869217737
agm005112897,7.227758072105131,-0.9451977079714062
agm005113261,9.908343106631333,-4.19997669333488
agm005113561,17.940295075671784,4.120304908715995
agm005113901,13.799171873870476,2.5305718944713664
agm005114220,14.65076572231506,3.118306519468694
agm005114252,16.44103704498196,4.272725835519175
agm005114516,13.738388599690948,2.2498194581586732
agm005114634,14.482423761917236,1.7024869792961148
agm005114810,16.555831041150892,1.5739866745095723
agm005114840,18.100722459330907,7.190876599168471
agm005114841,18.46628988737308,7.914758143289446
agm005114971,15.201424028573472,2.0008032111797
agm005115022,13.69524524801421,3.547185037795394
agm005115237,20.29931939782716,8.954147288941728
agm005115345,16.671665485803164,7.132607847564624
agm005115348,17.544995538426786,6.11217538549035
agm005115379,16.39126723234519,2.8984530831822557
agm005115532,14.115899922646605,4.139334671561292
agm005115538,17.82376063033473,6.816871273307283
agm005115783,18.406877461137356,5.15644989219231
agm005115874,12.0667641992344,3.34082527590926
agm005116301,17.35205704709833,5.255989394123935
agm005116726,12.060650619161715,2.379105047265001
agm005117055,11.708610129925693,-3.485414072884268
agm005117060,12.596562833111204,-1.3488724982371254
agm005117763,11.732845292987149,-3.0395371924268755
agm005117918,14.607986174535492,1.8697631448079184
agm005117929,13.183734030354131,0.9999109364432623
agm005117992,13.9449659538966,1.518309099255112
agm005118198,12.747591318833845,2.6650466673178297
agm005118214,16.99208754409217,7.13153946011685
agm005119253,17.88594641321694,5.110661385891066
agm005119771,16.318080348875196,8.025881697906488
agm005120135,14.469618997908437,6.53044911629137
agm005120742,16.244366548276858,4.8938867153926715
agm005121731,12.778573013975622,-1.2465215019449323
agm005122678,14.950646775641813,6.255180652932705
agm005122846,18.41700719617237,7.423470936864394
agm005124254,18.044078833168363,6.631247209877066
agm005124320,16.101568953312277,7.214718944014416
agm005124330,16.407545411373814,2.896103378635414
agm005124997,16.745669285761423,4.141231986408499
agm005125012,15.51395207321216,3.4901295706859585
agm005125013,16.305324288555155,3.291938756317454
agm005125151,17.270911131349262,7.726917217077989
agm005125414,15.244269608582318,4.204362057192154
agm005126354,14.717117110094497,5.091312462609679
agm005126580,13.879940953709792,-3.0113621521700056
agm005127450,16.279408168377405,6.176394560409216
agm005128234,18.088173805018744,5.1606631389327875
agm005128242,16.817835194118906,5.425765368952724
agm005128258,17.057143307431904,5.433271730077948
agm005128326,18.053479731581465,6.21190655087263
agm005128344,17.961162662706606,4.996714140314534
agm005128617,17.567347380333487,5.780224073832001
agm005128639,17.337676149830013,5.6698248421614945
agm005128719,16.540973665179017,5.387046773340637
agm005128768,17.466035611039285,5.711490390873687
agm005128769,17.405491219457485,5.670144244504023
agm005128796,16.92566144275893,5.476462995275467
agm005128800,17.06917530107121,5.538763158025965
agm005128810,17.39620451380994,5.690333633926713
agm005128878,16.86165257868355,5.4412583351548225
agm005128902,16.87293252274409,5.43264412174438
agm005128991,16.708672954325014,5.398341496872302
agm005129040,17.00609807770988,5.521489972828746
agm005129058,17.719206471345476,5.820715279270589
agm005129190,16.2964434151737,5.235897853482877
agm005129241,16.630219357167757,5.32461605355668
agm005129329,17.771824841465293,5.086771577119786
agm005129339,16.82389529558593,5.410670474579723
agm005129388,17.722638827084527,5.116365012572585
agm005178664,14.921504278036423,6.163066726991367
agm005178681,16.967907644910532,5.0411050475969015
agm005178702,17.026126716377366,5.07485318693206
agm005178717,18.459301365653687,6.020394651172728
agm005178762,16.78062127147566,4.973338379626112
agm005178801,17.38906403123922,4.534369974214144
agm005178873,15.614640975116123,4.410930656052867
agm005178878,16.81891844742291,4.052339299495284
agm005178949,17.185474773630297,5.602341121412795
agm005178994,17.78807190099373,5.104879104464193
agm005179026,17.37984688584776,5.687758644763925
agm005179044,16.862539004826754,5.5302205211683475
agm005179088,16.62190769774691,5.383987039022057
agm005179138,17.73793970607049,5.079080308561707
agm005179143,18.164808895802622,5.215450705080787
agm005179173,17.518668230972605,4.973259377521382
agm005179200,10.769295984676717,1.327800662537702
agm005179327,11.248021973447988,-2.416937478714199
agm005179414,15.67993279814608,4.001560632753106
agm005179432,15.31390995437051,5.131546442156733
agm005179440,15.157045914870153,5.064891913273173
agm005179451,15.195553100559499,5.045625691597418
agm005179484,17.663894317897693,4.622988382021761
agm005179555,16.125935853280787,5.642175675906776
agm005179599,16.812565838773224,6.107883239884568
agm005179614,16.296581028284013,5.8641077292759425
agm005179624,16.14555281419911,5.827314760598375
agm005179707,14.833592253610886,4.904369817588723
agm005179758,14.538783081220373,4.498533018317972
agm005179779,16.889422250031522,4.190940433134216
agm005179781,17.066971694603513,4.190167749229396
agm005179796,16.862284792280388,4.133676965483345
agm005179824,17.584377600394568,7.279258175027435
agm005179847,16.136735627034547,5.709602740462823
agm005179857,15.592892431558553,5.6034368665013945
agm005179896,15.15244391846437,5.544210790901574
agm005179930,15.767130251442358,5.696823490351868
agm005179946,15.204771072488139,5.495900184235503
agm005179970,17.803345799356133,5.097042543910943
agm005179986,17.39583352002534,4.891175091002016
agm005180117,11.075860918008658,-1.4172723840785837
agm005180297,10.54981946824028,-1.2384649029761041
agm005180338,8.107991384344842,-0.2481103096825601
agm005180405,12.224537748246975,0.7864093427078274
agm005180453,10.261406930927823,-1.9095253728222712
agm005180461,12.670375019282464,0.4356755124203433
agm005180484,9.2090931828716,1.6065944613504892
agm005180520,11.817231782714527,4.983527773380342
agm005180623,12.089257055190242,1.9042310168455865
agm005180770,14.61920902049571,3.5797484175144296
agm005180805,11.89494106043845,0.6508029744500918
agm005180874,12.93347843117627,1.1421924191266335
agm005180889,11.091810564643671,-1.6014637276615895
agm005180891,11.278209826263922,-1.1342117424617202
agm005180997,10.841384835754381,3.921435333666617
agm005181029,16.445954207434948,6.288232777608671
agm005181031,16.46540289460753,6.2711734449876815
agm005181050,16.53006977207872,6.415270979024539
agm005181116,15.81117953694167,5.503741512623858
agm005181120,14.836314243894048,3.9739945997420643
agm005181314,12.785403587418271,-1.143948926312678
agm005181377,11.100229849395545,-1.6729901320120533
agm005181439,9.867043468347283,-3.8597122262186234
agm005181478,14.861987745014341,0.9924073745974447
agm005181487,14.53383747288956,2.0338530951974407
agm005181493,14.637456730713053,2.6112318365620437
agm005181496,14.496189071196174,2.7933549047680115
agm005181557,12.317673544505297,0.8372284148370683
agm005181573,14.03378972484773,1.9028486286228876
agm005181588,13.35963682060446,0.16340424099230422
agm005181645,14.393109144589271,3.439749354767937
agm005181680,13.899570761851315,1.8512624891639522
agm005181736,10.421323322034795,-2.323617122637688
agm005181911,14.95761238392414,0.9479568111055361
agm005181995,11.888266252347181,-2.349965718404463
agm005182010,14.148160304860266,1.4111218937434336
agm005182034,11.011177741394777,-3.599277390167095
agm005182081,14.807526190573514,0.4604673566286044
agm005182119,14.592899177277635,2.277840767964549
agm005182156,10.115338135268585,-2.8845560708823674
agm005182349,14.361222518164444,0.6311115548432165
agm005182467,15.531434677432665,4.510611206310244
agm005182522,13.403879908479386,3.2449436121736612
agm005182560,14.170607148882755,1.8191454742639213
agm005182563,14.07176929886964,1.6411359731503206
agm005182569,13.207701484501039,1.576804231335272
agm005182594,14.872467893305393,4.115058380046138
agm005182630,15.97005492600417,4.545910977528889
agm005182637,15.54781123914216,3.2788679664265556
agm005182663,15.203750029025969,3.87076188623007
agm005182733,14.510715083802099,3.3065654648889593
agm005182746,14.628616768077634,4.414126749928429
agm005182762,13.819078399458544,2.081427006539286
agm005182782,14.626739162937854,3.0422515013854072
agm005182787,14.96191797881826,4.971070497214961
agm005182828,15.313375030677363,1.6045945219081528
agm005182830,16.131525204057443,4.8956974003027245
agm005182846,15.483013941662007,2.758090874914089
agm005182847,15.422752706728168,2.7966030201266046
agm005183015,14.91462504856601,3.7805655581766686
agm005183049,13.163017717685538,3.664881837660255
agm005183114,14.88894753491466,4.250181252352201
agm005183220,15.825784289407714,5.295879379144342
agm005183306,14.18250975393812,4.277920916206725
agm005183338,17.0121693604086,6.688313039757268
agm005183359,15.822551916595717,5.68910839781638
agm005183361,15.347847486417681,5.467891420081641
agm005183369,15.23467099241891,5.42925367367811
agm005183381,14.713167850703483,5.206984550811658
agm005183383,14.924690064928964,5.193904622402092
agm005183464,16.634971466640714,5.330686475241296
agm005183661,17.74553921549365,6.913171754770623
agm005183720,15.089652279405948,5.6777846072806115
agm005183731,15.100332250784541,6.3805571478975756
agm005183782,15.94458176110358,6.0444702548477
agm005183791,15.847983925282108,5.978321962306795
agm005183888,16.84959421002106,7.564283900946323
agm005183899,17.48633579055466,6.825696752697994
agm005183939,15.996316960250187,5.21490059351323
agm005183949,16.02938229899293,5.2700134131972165
agm005184192,16.236073511288733,5.806226781950631
agm005184283,14.269893294626947,3.742982059109605
agm005184316,12.908475464262079,2.191787440448712
agm005184393,14.894728650746845,4.536588546283032
agm005184398,14.470023256297333,4.250267769278707
agm005184399,14.727417697900927,4.436562127566203
agm005184649,13.133710455153004,2.005840068711218
agm005184720,14.983189676021546,4.224151148138992
agm005184789,15.756054781148777,5.155964602889959
agm005184800,15.464989299621516,4.974683003427067
agm005184828,14.02814648451179,4.086366075890382
agm005184886,16.676352166482268,6.022422324650522
agm005184906,14.754701963242432,4.742061193533811
agm005184933,16.042611099880773,4.512592077067253
agm005185000,14.902369307976306,5.544614594921457
agm005185046,15.584905671283876,4.69335160473376
agm005185066,17.465225170318053,5.724865566712937
agm005185095,16.351865111700842,5.217959972678617
agm005185181,15.113216561670185,3.4475629388034568
agm005185225,14.800587249403032,2.6439203475720765
agm005185274,16.239668318759353,5.0053262059512615
agm005185292,16.138000760884925,4.96875448448951
agm005185387,16.089046027354183,5.472909798397861
agm005185389,16.094711177901065,5.499378027601802
agm005185455,11.67047396429171,0.008313564294676112
agm005185461,11.54712353134409,-0.6756457520964094
agm005185497,10.143105620043466,-2.4388630502859048
agm005185566,13.70291989197524,1.3531210203232984
agm005185585,11.14019940934916,0.9663018020196752
agm005185630,15.097720296157188,3.846541372834905
agm005185632,15.061686385686768,3.8934029108192605
agm005185703,11.70766327448487,-2.201296425960952
agm005185745,15.761830095056817,4.813776070918984
agm005185815,15.882028447033482,4.741919105623005
agm005185856,14.1795500121795,3.6427540717192874
agm005185859,14.609363119959482,3.843464274622848
agm005185871,16.549158976882435,5.610460946287905
agm005185875,15.911744753470046,5.2437239949542995
agm005185911,15.477732929662936,4.674356545071763
agm005185998,15.32919248507189,4.396456843927645
agm005186008,15.638233933310135,4.631907819834276
agm005186121,14.288164242107522,4.376498356355473
agm005186139,16.874493280090604,7.405396652749749
agm005186158,17.32271840585276,6.496273368993386
agm005186171,15.78031129577532,5.3099927924623405
agm005186211,12.425051423450036,-0.2567836996297208
agm005186280,14.989168673124565,5.408227135089604
agm005186326,15.646011907771973,5.089380889683772
agm005186385,15.188713705083563,6.246440300777118
agm005186402,14.832365634397286,4.544608608400273
agm005186432,15.653270975415722,5.644711561473753
agm005186440,16.308268511391194,6.022479477959518
agm005186444,15.669919869553718,5.640156342729512
agm005186479,15.28125146355871,5.430012135446205
agm005186510,13.554145130678828,3.001213390851653
agm005186561,15.015630043832033,1.8629753735807304
agm005186562,15.07478052671227,1.952917694880525
agm005186581,15.377565378707207,3.731718680928547
agm005186596,15.20621557630549,4.003470340248666
agm005186607,16.598366243944984,5.680018598780259
agm005186612,16.103301519593103,5.355992783188551
agm005186619,16.544844929230198,4.878000569482891
agm005186630,16.57260133283412,4.905459037608553
agm005186653,14.145554530087974,1.2089720352831428
agm005186719,15.348183528281224,3.1422186720087613
agm005186790,15.69810230455496,5.4927210461672065
agm005186803,16.806409032583385,5.402443748765835
agm005186807,17.54531846456804,5.827788865196521
agm005187196,13.77720050000419,0.677381519785559
agm005187226,16.890627783326373,6.17813718315932
agm005187228,16.99437514553558,6.245666757964575
agm005187244,14.696727408013615,7.905404347814016
agm005187372,15.9259985842164,5.7459813531984905
agm005187460,16.97257670416257,6.319574091338912
agm005187538,17.63167741200744,5.388927540136736
agm005187601,17.46280155418363,5.298394294815432
agm005187610,17.489700300469742,5.552866959021427
agm005187745,15.118290390352481,2.1619111349527413
agm005187749,14.267409373339966,1.3440488225151421
agm005187795,15.40562981116618,4.1170380676304745
agm005187837,16.679305744141317,6.2258771475607535
agm005187849,15.750921469736081,6.8170671052207
agm005187867,17.357809675879317,7.2273528151224244
agm005187869,16.327647990521424,6.149766820909061
agm005187872,16.391971113951495,6.180048113124644
agm005188132,17.577961057739955,5.7203104287724535
agm005188180,16.173170161562673,5.350116524301089
agm005188230,11.834253005118798,-3.951040625385632
agm005188344,12.777635146281106,2.9350836139780747
agm005188376,11.775154539373991,-2.475361746242119
agm005188379,11.183456787393288,-0.20318625831145187
agm005188400,12.86817351584659,-3.7014455143253313
agm005188402,12.629220742674253,-4.0973875176241545
agm005188500,16.764099476369836,4.822910789795049
agm005188534,16.677411947248572,5.387289082001782
agm005188538,16.547638030125132,6.067603974899834
agm005188574,17.30615415003573,6.080996523647338
agm005188575,16.38757044274243,7.325199591530893
agm005188597,14.986583719332012,5.30574303749702
agm005188617,17.117696546443046,5.558709562765719
agm005188653,14.479826824848448,3.8924582951321067
agm005188664,11.290017171095965,1.6847812958781265
agm005188687,15.042618541540799,3.8414525837709785
agm005188695,13.17253712022927,-1.637569568515497
agm005188699,14.088152182610063,5.125251549771475
agm005188704,16.090430350753998,4.5006515718410265
agm005188834,14.3155361100594,5.913429890695953
agm005188867,14.178986602546379,5.034389322389052
agm005188883,14.605433039109018,2.2827018019260645
agm005189039,17.258521469973097,5.813257802929552
agm005189044,18.181750811140425,7.023762919166049
agm005189064,16.55338239377495,5.1884022922329525
agm005189065,16.298412611128597,5.020265224693369
agm005189135,17.12140709491149,5.709947796964055
agm005189140,16.479548690113532,5.4143562342307625
agm005189266,15.936772204850781,2.8067549550686666
agm005189285,16.881608088600004,5.430854981870157
agm005189295,16.558939870382304,5.177381362974961
agm005189304,16.76038081353192,5.308386421241709
agm005189475,11.1833918123078,0.44388800983308396
agm005189514,12.392597314507674,2.5828868367982025
agm005189531,15.295548862215096,6.675266318140574
agm005189680,18.301995052854867,9.714146091377795
agm005189686,15.409964800057425,7.46206524735352
agm005189695,14.325261840001449,7.4422426384761025
agm005189798,14.335737491688022,2.7858386835526927
agm005189832,14.127140983252737,6.185820236549178
agm005189865,15.027701922740262,5.567165812084337
agm005189876,14.535708355443763,2.8260222676211817
agm005189881,15.04866340774081,6.781620680123732
agm005189924,15.992321840528872,7.3079100400684
agm005189974,15.21234570438526,5.732076588880629
agm005190017,16.456257910804528,6.3252093798652655
agm005190178,13.126805532679226,2.9158504746235643
agm005190205,14.660796463871232,2.3272567556088166
agm005190223,12.554713397697883,-4.355670080230522
agm005190233,15.585929800719574,5.953836759995736
agm005190246,14.335373973760857,2.922664677854351
agm005190267,14.951096897696287,1.963093976196694
agm005190282,12.56364446928691,3.0607618705680233
agm005190296,15.668855266745165,2.392012976100271
agm005190356,15.608302071415732,4.572153462198763
agm005190450,16.468807456991165,2.8712022075780332
agm005190474,17.703239539486965,4.540696587216311
agm005190545,15.036480250579562,2.2880073193791146
agm005190548,15.082107942646836,2.294365355284132
agm005190625,17.7275822346652,4.374517986203074
agm005190649,17.407287243364408,1.8326588009152722
agm005190650,17.079154862789355,4.0642500126665775
agm005190680,16.470703247100694,3.344774486903588
agm005190681,15.816144824260478,2.7016535548045377
agm005190823,17.211542131011445,3.9095872121533164
agm005190876,19.382365445903865,5.461054045662614
agm005190923,17.53716252124205,3.868090889233458
agm005190936,17.641470058273573,5.288525744648688
agm005190946,19.09000253115376,5.114337112277372
agm005191104,12.833745798759587,5.2484773492267855
agm005191144,14.650510513254684,6.446561718526535
agm005191683,15.019059928762456,6.213146564198353
agm005191714,17.277541842169843,4.572265875185449
agm005191723,16.517323633066983,3.530823275453394
agm005191728,18.71668877837486,5.483501045140331
agm005191730,15.485290747393694,5.1981244178564925
agm005191790,16.82510620408511,7.393760983743418
agm005191841,18.030730956651645,4.374922863955361
agm005192270,13.927883172294386,6.175226087757214
agm005192272,13.046562472868064,5.882271092977148
agm005192303,16.77626310445337,6.790177104671866
agm005192373,13.817061661603745,6.499200042128363
agm005192543,13.235086385303257,6.405910349663561
agm005192545,12.966692736108005,4.1915888592123585
agm005192626,14.693370366641183,7.634296960935559
agm005192737,16.740749194268695,5.600240065548776
agm005192860,17.65977982685071,6.615106695881009
agm005192883,17.152106453002403,6.406929669230413
agm005192892,17.19252332105743,6.167115428937554
agm005192900,17.70648256467596,4.060929947919414
agm005192927,15.710168271979931,5.294440960204014
agm005192934,15.116801031940307,0.9195415351540381
agm005192938,15.606797470811106,1.4025555647334977
agm005192953,14.077944089661404,0.34012837939608964
agm005192964,12.007610191304831,2.388740353940027
agm005193027,11.963498185951078,0.465743743257681
agm005193100,14.814993286904228,2.6709629753066437
agm005193126,16.129266596479294,2.377293886271592
agm005193184,15.364693169637853,3.311639730627457
agm005193196,15.093960642517313,3.05084984848489
agm005193208,15.17011272579575,3.1343792430137363
agm005193226,15.285004774129515,2.6697699416613565
agm005193233,15.190582608003602,2.618900886988243
agm005193245,14.721140751964345,2.2603539102936674
agm005193378,15.189396350737738,3.4378231660426737
agm005193398,14.302565099209364,2.784920085996884
agm005193448,15.42982591669461,2.394110146905052
agm005193464,15.345381655530687,2.6435523396660674
agm005193470,15.202648031293627,0.39605336379065115
agm005193567,14.949010493077044,0.628630770491494
agm005193582,15.409041053733507,1.0063206152794528
agm005193590,15.721578060587786,2.9786012514054603
agm005193601,14.567597330617195,4.0030367473161474
agm005193612,15.71814096597761,4.4944898059082306
agm005193657,16.103924646001197,5.309264580280797
agm005193659,17.34521131192931,4.814959856277307
agm005193670,14.70983316370076,3.5598563133997865
agm005193672,14.709745055198296,3.6493310570966537
agm005193687,14.997722065067876,3.763530594322022
agm005193748,16.198920801783053,4.648874231299518
agm005193768,13.706394833906508,3.082907400024283
agm005193773,14.44985237047437,3.651148831925142
agm005193776,14.438986804950368,3.5915805562161545
agm005193804,15.471102408473573,4.727402246541219
agm005193814,15.428984282549422,4.69843971279789
agm005193827,15.277907058161885,4.616496097892846
agm005193938,14.741153080106992,3.8455098037352284
agm005193985,17.160323244589673,5.696692993351608
agm005194007,18.340953463080275,5.310540730862861
agm005194028,14.354947599910712,4.309351637964953
agm005194046,13.49357249421789,2.6751616231513466
agm005194053,14.304701260439698,3.6523045486917853
agm005194107,13.589833189549402,1.9739625107373389
agm005194111,15.222298179906216,2.127045707333462
agm005194123,14.89196778116133,7.952801192550056
agm005194124,15.369262071043668,8.204300507583177
agm005194139,14.396649870576663,2.4935500151067087
agm005194214,15.134738150975219,3.4121884396379505
agm005194290,14.248097047482023,1.6887736192818252
agm005194296,15.98177424306786,6.407555510746938
agm005194298,15.873316683522095,6.376655158249712
agm005194309,16.04150790379684,6.504742324920003
agm005194310,15.854817162949569,6.334245819177639
agm005194356,17.81517237740632,6.900660605961455
agm005194384,17.051038191155442,5.330721496169911
agm005194394,17.16245740534108,5.434802722591429
agm005194395,17.465833117186754,5.2647190214409925
agm005194450,15.81948100569969,4.573072274598948
agm005194468,14.721372134858637,4.05794126538764
agm005194502,15.724933243777363,4.5352563666447505
agm005194547,14.660981964176742,4.144186100337376
agm005194581,14.021278508387935,0.9280948727395693
agm005194643,13.710061834323312,2.4977044467178544
agm005194712,16.228395151665794,5.149669201471507
agm005194720,16.608438459661826,5.320732784036193
agm005194761,16.426557128378647,5.21025615081277
agm005194777,15.374595471616805,4.9036446464295445
agm005194799,13.942237223811373,2.573050742959434
agm005194816,13.581422583571188,3.4325461227504817
agm005194817,13.518773271369527,3.459097362645212
agm005194833,14.424040735894318,3.6384260952764187
agm005194904,13.857000959239166,4.300172898183678
agm005194945,14.398856338418092,4.029391734119052
agm005194969,13.916850805231766,5.730712619302024
agm005194977,14.597595151171022,5.284382126327671
agm005194984,14.85130288499275,7.5885054838088895
agm005194989,15.221172441760391,5.938210999851076
agm005194992,14.863806127148942,5.717928182162191
agm005195078,15.476188936808997,5.191976426841716
agm005195087,16.75777659320749,6.103228908058883
agm005195137,16.610887595521046,6.112029344592112
agm005195153,14.773103701129088,4.88498082909206
agm005195202,17.412186193307278,4.496177012819459
agm005195261,16.025304311223746,2.8203647132712337
agm005195291,15.9156049799897,2.643567937664354
agm005195329,15.235844650367685,1.7131056462218828
agm005195330,15.340751792301672,1.8018417327874552
agm005195366,12.807025792017246,2.218037462662313
agm005195383,14.78285982879629,4.661330519156007
agm005195425,15.31762074614484,1.4128376695444116
agm005195443,15.472179617969338,2.027813698115949
agm005195457,13.97915569631098,3.2361054788202153
agm005195557,16.320471430745624,2.528722871174261
agm005195598,16.093221955702678,2.752260330103409
agm005195641,13.330911968176567,2.2707726439713367
agm005195653,14.62609899207505,2.5119716820567604
agm005195693,16.85967912133012,7.713302367540731
agm005195704,15.204067940166873,6.183985723865749
agm005195708,16.310214843200455,7.119164428712852
agm005195730,16.8593950199993,5.357784480702143
agm005195756,16.5851787923167,5.212333778545936
agm005195831,15.221713409555532,3.4684224508407206
agm005195878,14.358749726055878,2.941268597721517
agm005195900,15.048685455555434,3.9053865767029308
agm005195926,15.841171253405806,2.6764705934438586
agm005196031,15.571478079182175,4.582700418096001
agm005196046,15.5616997250943,4.5913621521536
agm005196064,15.674984338819337,4.7344686959685305
agm005196122,17.335764780779748,6.175942466482162
agm005196144,16.876690507745707,5.984237818861436
agm005196148,16.44188641556047,5.81743049223175
agm005196151,16.504909122377626,5.840421287385404
agm005196168,18.667537766635537,5.792748295063538
agm005196178,17.541984007942848,6.315296637407203
agm005196179,18.095709313299988,6.968342107129395
agm005196180,16.84364899299461,6.071586003673902
agm005196246,16.68639463829367,5.981817049912083
agm005196251,16.65680017574277,5.882674460795089
agm005196347,14.232182024446663,3.9827090969906753
agm005196523,12.388080492566472,-0.2046572154179911
agm005196692,15.295523509774767,2.078937029264419
agm005196717,15.807034787057594,3.142670265868179
agm005196733,15.751672040445342,2.853557652875401
agm005196739,15.345728315318437,1.9672427087443687
agm005196804,11.705266769525931,-2.2471232911186503
agm005196976,15.594780475449431,2.711651306565969
agm005197147,16.752853367960522,4.887654585133633
agm005197166,14.464749545819513,2.0075427815423117
agm005197183,14.278539179667495,1.7191729979489025
agm005197257,15.893272827480319,3.280673601573403
agm005197537,14.669678503063668,1.7357181873886018
agm005197723,17.522373121954214,5.25031691922619
agm005197767,14.664522158882976,3.2678999078849724
agm005197917,17.253432110415126,3.528652103898324
agm005197950,18.089379373454612,4.3965409265428805
agm005198075,14.97070455125576,1.4995370390355367
agm005198107,16.738432723626072,2.9351910122029663
agm005198115,18.766659096081675,4.991103819645506
agm005198137,15.452978826574212,2.177969018667966
agm005198145,13.38142624138947,0.6571010934046351
agm005198155,14.382183329774081,2.3919072576893647
agm005198226,17.61466079038549,3.9730605463152564
agm005198235,15.246632397711949,3.1265509528620576
agm005198280,14.284483242918306,2.2955618127770743
agm005198341,14.620861367437017,3.024006372244914
agm005198350,15.241268309982512,2.4080564734953827
agm005198351,16.07680439123009,4.602204930905868
agm005198445,15.841006529381476,0.3085983468407596
agm005198494,17.170809512892642,6.317924139123967
agm005198514,15.362783328267346,2.1864291507055444
agm005198529,16.887567457309128,5.808244474968806
agm005198534,17.362217615809143,5.494047503751687
agm005198593,16.900707487004688,6.950836045509209
agm005198602,17.390242378972147,5.6531755738279035
agm005198778,16.61121250564009,3.2917381564350903
agm005198779,17.062806776000233,3.483990579149224
agm005198951,17.808270680440945,4.2662017365568765
agm005199044,16.939659964665697,2.9832993378651746
agm005199121,14.544240957442788,-0.14245583521194938
agm005199189,18.137872725889018,4.916686394010339
agm005199413,12.308715495564305,-0.7973060740155349
agm005199543,16.20479046148477,2.8501266677902466
agm005199550,16.78027331186211,2.81383090318766
agm005199559,15.153876981883945,0.1354745376832831
agm005199569,15.316145846717266,2.5604988905050767
agm005199617,14.28201903788588,-0.2953978828858146
agm005199677,16.515283179993506,5.980782431231667
agm005199784,15.519105515273116,2.259895118766325
agm005199806,15.76829981934516,2.0506226474669864
agm005199808,15.969898492280347,2.1525091649881745
agm005199815,14.192067781549229,-0.6223390560289417
agm005199867,15.654974154093201,1.9919435897072777
agm005199949,14.746614371818206,0.8215398455486325
agm005199974,14.434433387810598,0.5885964097783969
agm005200029,16.20687380000975,2.157970975811465
agm005200054,14.799034615355179,1.8938702683713808
agm005200064,15.688219968415853,1.8103952763845976
agm005200146,17.965891495049615,4.23154959064814
agm005200176,16.490287061707022,1.5221611994867468
agm005200213,18.378408109012327,2.6549991721346835
agm005200214,21.08963552605454,5.6585820086423935
agm005200262,17.574274998903395,4.4491047787348466
agm005200340,16.328847594993835,1.2137751647522332
agm005200403,18.791371798696368,5.45014145134847
agm005200430,18.78417412146391,5.621103046490174
agm005200609,15.94739881021136,3.0818370777323274
agm005200616,15.744390752167781,2.919260772352236
agm005200619,16.451856529956764,2.712665803820995
agm005200637,15.925041348275869,2.175854924878154
agm005200687,14.006416564276279,1.5032657030191565
agm005200711,13.562942664001351,0.959630372288415
agm005200721,13.31306906793545,1.0730636233406665
agm005200734,11.791235700563675,-2.765842370671214
agm005200931,15.752920795745245,2.920696453983269
agm005201024,16.92346075592581,4.055528526443925
agm005201025,16.766324758228432,4.026808893726777
agm005201029,16.253373182739043,3.817240780968455
agm005201080,18.472243277590707,5.256954661766557
agm005201093,18.53700135793346,5.26251152571406
agm005201143,16.113056122397666,2.561045402678954
agm005201216,17.427750983005197,4.477598680540032
agm005201228,17.36229972410506,4.515707355360193
agm005201309,19.362022310903274,5.545535060612279
agm005201393,18.722843795838738,5.508848348332674
agm005201396,17.277642156634194,4.245678937109211
agm005201407,17.063539110614588,4.184885820386921
agm005201590,14.885493763267425,3.665533498768333
agm005201905,17.40988123921569,4.5262330788322505
agm005201979,11.34888036450017,-2.475576727327561
agm005203080,12.760756478096706,-3.280343923155338
agm005203308,16.801401489884995,5.716318404508715
agm005203310,17.52318405903003,5.460075017227632
agm005203461,16.949704266515084,5.098978155330138
agm005203462,15.0439541723686,4.8331427126514575
agm005203476,16.863227258010006,5.8569678961710725
agm005204112,12.003846289796101,-2.8400466631829584
agm005204571,15.314200072417508,2.21184399194307
agm005204603,15.414509758569649,2.751289448220917
agm005204615,14.843110078289055,2.272229057488997
agm005204641,14.81694577145295,2.085138385172307
agm005204646,15.554662517590737,3.1768255409839936
agm005204656,15.149117355277268,2.8040335508261354
agm005204690,14.580308942301448,2.4258848636637476
agm005204712,15.285751677925635,2.118462482685757
agm005204738,14.02954824706669,-2.113888160462526
agm005204760,14.378563836227702,3.327187756679762
agm005204781,14.839023982017642,1.2884945833991184
agm005204811,14.7079778212038,2.8494932436346643
agm005204812,14.644717281109905,2.840072391526638
agm005204827,13.947195114303733,5.292788592459023
agm005204838,14.13114679322183,4.078412434860232
agm005204847,15.778670982387174,4.061563716481947
agm005204857,15.260889956181686,3.8081828004569207
agm005204904,15.048275869107833,3.3514692707430807
agm005204925,14.870313347153665,4.175989513315874
agm005204951,14.293799888999686,3.7560693543338433
agm005204985,15.306666531852827,3.409709433987232
agm005204989,15.28462390647107,3.4423654973245323
agm005204997,15.411349478821242,3.460849116258143
agm005204998,15.531134167752917,3.5251324411048697
agm005205100,14.720049603782261,2.595878320021934
agm005205128,15.27836199964417,2.5287606242896947
agm005205173,14.445879330594604,-2.342917398092844
agm005205175,16.03777265480924,1.5571664759918402
agm005205197,15.204872714670174,3.6982600734812685
agm005205204,14.67283926211691,3.3781117188820824
agm005205207,14.80251368114084,3.439050821699756
agm005205216,15.042967997128608,3.6172341909793446
agm005205256,15.45946818327942,2.6262242963587967
agm005205293,14.637194134499971,2.2587613405611346
agm005205303,14.727696939202207,1.7962581331346286
agm005205336,15.78112414257569,2.4268486022612867
agm005205385,16.066628331850996,3.770678119446728
agm005205428,14.300558283153839,2.216338819824503
agm005205430,14.345762375893411,2.2489210027607225
agm005205449,16.189933938551658,3.919510446158816
agm005205530,15.37645741719156,1.5163664497806035
agm005205612,14.791655151868323,2.874427501938108
agm005205690,16.143822829787624,3.223381135835825
agm005205723,15.792037260859559,2.809621520843187
agm005205833,15.703410231803808,2.6279199783406266
agm005205836,15.382277898532728,2.351111061099431
agm005205845,15.896631424410343,2.733644466900077
agm005205860,15.876861480197663,2.769082202457568
agm005205939,15.43454965043761,1.7615832426906977
agm005205960,15.03822431809614,1.3585344520282936
agm005206024,14.666073597787777,2.642888203919356
agm005206043,14.900185673288545,2.2151931337668245
agm005206072,14.300236919523515,2.972602499183337
agm005206092,13.913503755892654,2.7516498679353107
agm005206115,13.377232548463645,1.8859579209614026
agm005206116,13.389056788139102,1.9277087240135335
agm005206128,14.9033850489326,4.8696420335787
agm005206164,14.685676588398687,3.205372289748911
agm005206165,14.602224243034918,3.187216758656089
agm005206194,14.778632200888902,3.2599585615968576
agm005206223,14.497597834602518,3.794456832952144
agm005206234,13.699843843009916,3.385652385785167
agm005206245,13.91244459608057,3.46928116358085
agm005206255,14.73143552540352,1.6362746239426107
agm005206267,14.863898785526436,1.7178494866224039
agm005206319,14.72392846379253,2.1114076396514037
agm005206322,14.748549434047389,2.15370699068884
agm005206328,14.516179920366467,1.963757402836829
agm005206348,14.329250497120286,1.8034038074693468
agm005206356,14.175054710184533,1.6879407365332089
agm005206389,14.92320419255032,3.3233977719893724
agm005206403,14.643401466672545,3.188173244266753
agm005206530,14.106837907277392,2.014278859128594
agm005206541,14.554452783571346,2.3133132672091614
agm005206625,15.162247534159048,3.4929821145188344
agm005206646,15.464509050350129,3.4399158739440177
agm005206658,13.431426335247524,2.5824365276429866
agm005206662,13.409189633494835,2.6850304882561504
agm005206676,14.307814706550335,0.9677653278052789
agm005206680,14.208190613217862,1.9351317537501602
agm005206683,13.710837815473925,1.5188056382248059
agm005206691,14.227930973142131,1.2962682984452627
agm005206706,12.853947510829768,0.9787882976986744
agm005206720,14.490508911549085,1.65874097699907
agm005206768,13.344420184849085,2.503065884543207
agm005206770,14.745779154369831,1.9140682710075856
agm005206777,15.68009904028942,2.4803493080731123
agm005206786,14.964390164465732,3.289369994615925
agm005206811,15.92629054935686,4.032373385818645
agm005206823,16.885434896097347,4.8960584904543865
agm005206840,16.1394752439404,4.469522757083665
agm005206854,15.641819976429572,4.255405301185701
agm005206878,17.38841507063443,5.560852523248534
agm005206947,16.506113651459,4.6769935011148736
agm005206948,16.738013182615184,4.762708548731721
agm005206975,16.04723003109402,5.09651842939623
agm005207013,13.286560667791527,2.4430535824421895
agm005207016,13.407117048650923,2.561160948653023
agm005207027,13.260151876060645,2.467197505753187
agm005207117,13.667926526780066,3.3173365842383653
agm005207170,14.585199912089413,2.506229153509107
agm005207194,14.197814419966582,2.2098754280010864
agm005207224,13.239632141665414,2.150225006057668
agm005207280,15.56967129876829,3.993344956917385
agm005207284,15.703935787210556,4.039263038057397
agm005207315,13.883985111481659,3.040330312199772
agm005207357,15.545314604522247,4.56492972889556
agm005207414,14.454426641088476,1.4982664537594124
agm005207425,14.282770718502732,1.3319488108073143
agm005207470,14.40377044700918,2.5299557802555928
agm005207508,14.058009732417792,2.282019582235936
agm005207532,14.426208354317115,1.9016032076368923
agm005207533,14.631688602720125,2.0975423246890452
agm005207578,14.522627178298377,1.1126037217299558
agm005207600,14.10776152995425,1.1171443453974232
agm005207610,12.646188759467963,1.273112661153891
agm005207719,14.965114117543571,2.046891803175031
agm005207752,15.421367332405255,3.6780961230271574
agm005207856,14.792646880395083,2.7677439368588566
agm005207948,15.853594795485602,3.9044860703199706
agm005207953,14.317215242082915,3.581442630152436
agm005208038,14.54494469578219,3.212617474934091
agm005208044,14.298900958091977,3.05068317222697
agm005208064,14.83813620129573,5.783232828676597
agm005208076,16.112955518842053,2.773740785104583
agm005208107,15.67694117634339,3.635898749048103
agm005208117,15.690453463938079,3.5355043063299822
agm005208244,16.602065394826393,2.9572217120654765
agm005208302,15.770876926612498,0.6230790324205007
agm005208329,15.52669235031092,2.46935309641841
agm005208331,14.878808291932176,1.836125711241353
agm005208338,15.57050163501794,2.466690715270948
agm005208341,15.021919105541729,1.874359202573797
agm005208348,15.443454566747802,2.351471282629954
agm005208361,15.207507646402174,2.19752105372055
agm005208374,15.53995356618075,1.5198237551617018
agm005208618,16.214314908888007,3.595585086540561
agm005208638,15.956134756192137,2.956383253338003
agm005208679,17.40918621977293,4.555224327118954
agm005208688,15.72571833974687,-0.30234694220751024
agm005208719,18.12108156399653,4.758353804173174
agm005208732,17.018394784891992,4.176247310737386
agm005208738,18.88870352087754,5.328719307446784
agm005208769,16.626145617813137,0.005244763884681092
agm005209195,13.519599398221716,2.172411222228475
agm005210032,18.058116083141567,7.760180508016972
agm005210084,12.528473853813615,-0.6057937722870346
agm005210104,12.772425915221593,-2.041811237741914
agm005210119,12.552794127254158,-1.1499667055246228
agm005210200,15.263039663568025,1.2680205808029772
agm005210224,14.902273971124755,2.8785593273447505
agm005210251,15.467349805795475,1.8766893261302373
agm005210252,15.07594537310544,1.5456860274437112
agm005210253,15.160591967526473,1.6292319572485345
agm005210390,14.832516287066674,3.6058909291681336
agm005210399,15.285974098099413,4.3430604866288816
agm005210406,16.41807046811559,5.647281160365537
agm005210411,15.338276591473086,4.128830206593239
agm005210419,15.400430231372479,3.619380596589997
agm005210450,15.9191474748296,3.971891826857011
agm005210467,15.40760638536288,4.135394133536243
agm005210519,16.335136001650138,5.195387098714708
agm005210559,16.15885257348618,6.610381129280483
agm005210655,13.029810528732916,2.163097858284932
agm005210714,15.934170593916607,5.541036093232728
agm005210744,13.909798439875928,4.096716723853989
agm005210762,14.590383364571533,5.6242581541704375
agm005210765,14.642968409515339,5.66337814828705
agm005210766,14.619229615331875,5.699354345342337
agm005210778,15.31285870230641,5.164708614837145
agm005210786,15.359744126710323,5.190902069817932
agm005210796,16.512305611351337,6.2315153580661145
agm005210819,17.256792710267803,6.378426970481841
agm005210826,9.324902888689273,-0.7649092316701633
agm005210875,15.326014498945767,4.601237625447528
agm005210918,16.35467270254322,5.3445508383722355
agm005210974,15.590295179694749,6.251119366547784
agm005210995,16.00421018691552,7.66570598419561
agm005211040,16.923970693427133,4.835473735872805
agm005211057,16.768088609545273,4.757842625323091
agm005211116,16.214962361002705,4.537059734780941
agm005211124,15.896079021866418,4.360058910724225
agm005211174,15.808149989293828,2.7122157220654737
agm005211241,13.310666906091917,-0.9489370169179736
agm005211320,15.402741468199006,3.5895117687103193
agm005211328,13.561140061647732,1.5159331163237395
agm005211872,14.864240487692006,2.844239977635157
agm005211906,12.630424936526339,4.004488562579712
agm005211923,14.629629641957969,2.4150787875395734
agm005211929,12.228765066591592,3.1971311259494266
agm005211939,15.069904169112172,4.955383461867733
agm005211979,12.296033073087003,-0.5927085520813256
agm005212010,14.519637323905007,6.101599057338525
agm005212058,16.456978873789726,5.704783102640185
agm005212067,11.066615767483656,2.2080210974809678
agm005212302,11.11944794492788,3.8214447866673815
agm005212393,13.573793683047926,4.89048953693179
agm005212437,15.389366529458238,3.823523838358324
agm005212452,14.922292790128441,6.177117985329802
agm005212456,15.299643441577023,6.6866722751206895
agm005212586,14.942801011199576,2.236355572475337
agm005212729,15.635986386535864,2.4715176194674386
agm005212742,15.40744026497012,1.6813473581026797
agm005212903,15.735004460014228,5.0451636408740494
agm005212961,13.042046750817462,-2.097877393317508
agm005212967,13.852207795578707,-0.6166829083564132
agm005212985,15.89530048710193,5.703940145015315
agm005213017,16.763935913678978,6.169646043585472
agm005213035,11.587541281731415,-3.1802036177101094
agm005213089,13.61961099471007,-1.594120038446289
agm005213132,12.414084667760255,-3.045811366587068
agm005213199,13.189790068108167,1.225256838422526
agm005213201,9.935548282049961,1.9300434220448803
agm005213212,15.340441528232363,1.5081899489346426
agm005213346,12.354364168769866,-1.174637735848858
agm005213348,14.047826278452252,0.2887682010935153
agm005213369,17.19221310059008,3.7049958898940085
agm005213371,16.406020169855786,2.759244985373157
agm005213395,17.862217486365516,1.8818639241922055
agm005213425,14.913500675404627,3.1192911793162046
agm005213454,13.27927133711605,0.22566762257870465
agm005213557,16.830074622433518,4.700212422399789
agm005213692,17.629652410599196,4.047099483083061
agm005213705,17.119882281743223,4.014494421319579
agm005213718,15.800559091947356,5.109594233469157
agm005213813,12.172768520382618,-2.0812308110784565
agm005213845,11.33033999569437,2.4694129059713577
agm005213926,11.251343671586323,-2.831703674638744
agm005213981,13.070432284441532,-3.8326141622715273
agm005214010,11.938168312517217,-2.525243098750054
agm005214050,12.731538920379885,0.21030941522379187
agm005214134,13.569438315439323,-3.263681718054487
agm005214157,15.500668746352847,4.069169696309507
agm005214161,15.09523857968912,3.981989575192439
agm005214182,13.731493799551659,0.8796811819027432
agm005214202,14.385532541101826,4.003136585016663
agm005214208,15.643076223221858,5.042017517637001
agm005214211,14.569719180989882,4.606333154646922
agm005214215,15.47790877194281,2.6659921053303766
agm005214248,15.660375922463144,5.467040942790961
agm005214266,16.28306455396981,6.243500304965712
agm005214274,17.356865801442545,5.84108864233764
agm005214312,16.147187470092984,5.973557194468938
agm005214317,17.310916539894734,6.042846030650557
agm005214352,18.0170899562755,5.258069427770089
agm005214358,17.120890623525135,6.581254729300296
agm005214359,18.088288165442766,6.4914667603400265
agm005214379,15.384219510687377,4.535813806709651
agm005214401,13.150651213536495,3.4733728235094583
agm005214419,15.781674335372404,4.653873819209432
agm005214423,16.797418100840645,4.4948408832079165
agm005214450,13.101126220504325,3.598256881873108
agm005214510,14.332679977932795,4.276690910428908
agm005214570,17.8850075721097,5.823185988235274
agm005214606,17.603344139448545,6.5653334872519995
agm005214621,16.757452736499754,4.115646395805976
agm005214631,17.907811038468346,6.187886962570758
agm005214670,12.406883068714269,0.5909047262830089
agm005214709,15.988317648222353,5.008961741163157
agm005214732,12.251314492107523,-3.6681311719511918
agm005214749,11.081751936236236,-3.2180480364306527
agm005214782,10.949207261566755,3.8981121198894595
agm005214809,14.572412621683297,4.94485111385346
agm005214844,15.039770142340394,5.189777424383025
agm005214956,13.7030155129536,-3.022865379654796
agm005214990,15.669509781746006,4.532240122661245
agm005215013,16.74379792504983,5.648374700813481
agm005215044,16.58017505506986,3.487835900600232
agm005215051,17.413287579731243,3.6504476013011358
agm005215059,14.716532045782419,4.7793575535941795
agm005215085,18.55544710004478,6.151071109908497
agm005217341,18.489146828838212,8.457949602356212
agm005219079,13.748123374811406,2.28511990661791
agm005220322,16.69331142119505,2.1172420990682546
agm005222123,17.678025114315282,3.472840932158732
agm005223425,14.08621175155974,1.2687693893934988
agm005225922,11.484455231243928,0.34680392874840926
agm005228378,14.819828548363754,1.1183094793142014
agm005230496,17.432908115551673,3.573451285905339
agm005230499,10.892511681326459,-1.6027774369708723
agm005230618,16.02186751368627,6.954187932037624
agm005231823,10.545103166493105,-2.734027600909692
agm005235621,11.805503460455522,-4.200604786017803
agm005248519,19.92559521112454,4.9223628413258
agm005251704,11.992735246434995,0.03832855500030755
agm005252276,16.66702273258791,8.764178876242065
agm005259933,12.467733869759106,2.2575999242531113
agm005260830,17.06639078944825,1.3941186538369292
agm005261212,6.974295689203459,0.05208640483906398
agm005266890,14.052324859431808,1.2350263653149227
agm005268058,15.806203004997597,-0.29624277122051357
agm005269005,8.302784152306065,3.7925897047076873
agm005273412,10.606888302907723,0.7735712492227274
agm005275801,13.112930207853191,-0.5277794482580328
agm005280053,17.248828803387116,6.810199292021879
agm005414294,13.142223749812132,2.132798926307781
agm005419099,17.653555914093843,5.004752527334902
agm005463605,8.621240618435634,-3.3708245204773033
agm005478149,15.902240195667401,0.13409944282053368
agm005480439,13.877119878359851,2.0388242427078875
agm005483676,8.773455408483425,-2.3774971329423504
agm005529966,5.85220474828989,-2.6163019094059274
agm005529980,15.116604840803571,2.1073960500074778
agm005530016,12.768416618893017,3.725305701430865
agm005530178,15.599302200375764,3.72413888933538
agm005530212,15.819172378158115,5.523355894751196
agm005530623,17.15244145249718,9.814117468479818
agm005531057,14.09191968663437,1.1769038362090511
agm005531143,11.619158379903578,5.29806057095955
agm005538986,17.23754631102291,8.345204616179734
agm005539007,16.32079988481055,5.160243287664362
agm005539187,14.834930010596239,6.114314543082487
agm005540356,17.151845183914265,6.596929805741579
agm005540382,16.15725087597363,4.546261605096486
agm005540385,9.833533315546994,2.780956799905209
agm005540400,10.395715189759427,-3.015623292697507
agm005540462,8.920399303379565,-2.9464629138441025
agm005540504,13.358745191070128,3.767522857729741
agm005540716,16.599692269329065,5.514020323940866
agm005540725,15.373788379073261,5.1520969285617335
agm005540827,11.925856118433321,0.579163594892016
agm005540859,11.450239468083488,4.0174209356503985
agm005541001,14.735368936370334,2.075869100112254
agm005541016,13.488330171141952,3.5288411721407154
agm005541251,15.792065438364697,5.6599338596915
agm005541255,16.117868465424543,5.593178223603935
agm005541394,16.801546488047823,5.490944022378045
agm005541414,13.594880423988307,-4.27421963966977
agm005541415,14.036176677863574,-2.777258932814437
agm005541605,18.23014756599782,5.377449604990723
agm005541629,8.872505920967589,-2.046409837556952
agm005541810,10.746192905722582,-0.6579318028015706
agm005542205,11.092289066045376,2.6816921816673904
agm005542271,11.2950040498247,3.8624926543681815
agm005542412,16.593786496564153,6.210846476199022
agm005542536,18.704867375354713,3.502509355073113
agm005542869,16.04267507165642,5.383654234611573
agm005543720,17.114525498109682,5.191828177849679
agm005543759,16.140616323426297,8.309603814727334
agm005543786,15.973284940641747,5.375449641547868
agm005543808,16.055183763347152,5.180735710105393
agm005543809,16.220625786832986,5.2632452812225825
agm005543838,15.784563167519178,5.33262629234243
agm005543886,12.749469822962812,4.499788399789966
agm005543948,16.761276282856702,4.050225781587581
agm005543960,12.525600210688015,5.720196060814765
agm005543980,7.0109950150277,2.2422247868122036
agm005543984,9.693229834696249,0.7070179213390191
agm005544072,14.59058565916385,2.144255767912713
agm005544076,17.44082528772902,7.276895838307604
agm005544219,7.647119281908147,-1.198062654127056
agm005544224,12.75845276498895,3.223599957901743
agm005544252,12.782913328239347,-0.22070479084240943
agm005544318,20.18519233698691,8.335198869315422
agm005544322,18.858613969836817,5.657981524747141
agm005544329,13.366997642020744,5.697431136137526
agm005544453,13.428722500533922,5.779921972285797
agm005544454,13.423302377945713,5.803234507145449
agm005544612,13.614595210423914,2.5779553493721834
agm005544653,15.736821729560711,8.487515638982021
agm005545095,12.948440609356819,6.258317167397725
agm005545192,14.170363812442798,-2.70539741473128
agm005545233,16.81202044579301,10.439552844100266
agm005545243,10.86875063367789,1.1185410953677994
agm005545485,13.111292709550654,-0.05976322990328361
agm005545487,12.683818370669455,-0.3151784816301415
agm005545534,11.5448793296501,3.7546389534522997
agm005545577,16.357548506851263,8.241018199642596
agm005545614,13.865995695571549,6.394598182414961
agm005545644,17.65981785438366,5.490737536788894
agm005545674,12.31132725114781,1.3776212201546183
agm005545824,17.013982028395528,5.387637581966582
agm005545908,19.291378908952193,4.03751646510811
agm005545913,16.81074789156338,4.961986140046688
agm005545917,18.925586140008118,3.5120171704073186
agm005545951,10.446352854985191,2.8243806453197795
agm005546014,16.752463419242996,3.9001855638669523
agm005546054,15.669925323806424,0.051148262351503604
agm005546069,12.627900796200045,0.9733008244164694
agm005546130,16.059141399541293,-0.4841333675979733
agm005546161,7.16015731034535,-0.8523618121246894
agm005546301,13.854135272932885,8.14473252976719
agm005546351,15.24201751725662,6.738863181499856
agm005546378,16.97642313353097,7.582827358660015
agm005546385,15.279277222919633,7.954197535876529
agm005546391,11.156819910840712,2.609962650569414
agm005546419,13.549163198154362,5.178706915122274
agm005546530,12.720734258449463,3.8739572791085926
agm005546540,13.172929284705347,4.197817863582987
agm005546637,6.664064129868738,-0.924216004854206
agm005546716,13.373388391921642,4.465800605125421
agm005580491,16.71921430252011,4.810133320203008
agm005581560,16.920915831486518,5.6135113049509355
agm005581572,17.355647169262205,5.685746535932584
agm005582010,16.93384824718167,5.573398797789494
agm005582352,13.415233509994442,4.720998697972896
agm005582456,16.60945470300945,4.878032106652416
agm005583054,16.05456435843845,6.714628619734394
agm005583145,18.12857851139359,7.577931699482246
agm005583358,16.784832814710988,9.81964970029698
agm005584751,12.195134151100262,4.08552006832343
agm005585003,17.121902777704957,5.099192246361815
agm005585248,16.912782157780995,5.01692838858569
agm005585340,12.720891980540612,-4.264617054910421
agm005585407,18.849776650433636,9.607350696315395
agm005585641,17.060250967768965,4.037495507335119
agm005585646,17.96093814789204,5.764572032121225
agm005585802,8.72163804838952,-0.4594168390163264
agm005586174,16.927143543268514,5.893924825054321
agm005587043,14.7193127532643,5.968162895658179
agm005587399,15.575648681431282,10.183308935642735
agm005587945,16.159040764053113,3.4769746398226933
agm005588407,16.490751769311743,5.34044592334457
agm005588754,13.946055570805624,1.9904342056182258
agm005589462,12.49372852001669,2.9197096727992995
agm005589799,17.779044259215844,5.843484179980322
agm005590007,12.20786492116723,-1.6635962815533898
agm005590208,18.350224844392997,6.457830324066498
agm005590296,16.546413458193577,5.375724931172966
agm005591073,16.179037744091705,5.3219094519345465
agm005591365,17.034151352359594,5.5001763531922965
agm005591392,11.995007334944106,-1.1710222191836372
agm005591457,16.964457383956816,5.536846844747634
agm005591736,16.650413430300382,5.344624913656219
agm005592312,15.107350073532684,6.957768742559672
agm005592421,16.649624592781365,6.240162384590974
agm005592668,14.60388250998342,7.747583387799366
agm005594027,12.154644825618567,1.4843639475219248
agm005594574,12.69921360929577,1.8373388212067472
agm005594915,14.096620773970534,5.149314536661944
agm005595080,15.939972105061399,6.322812871538506
agm005595112,15.90262831123976,4.926438980821271
agm005595341,8.44481487105464,2.5580424411389497
agm005595570,14.996797108084154,3.0983738556528757
agm005595976,14.297416453812705,3.4465109960192173
agm005596010,13.751167955492047,5.664687181564147
agm005596104,20.56197993461984,8.962841911371616
agm005596214,12.541889638826483,-0.04117835594912389
agm005596489,11.331370237966688,5.571924904370644
agm005596916,14.633276528001867,10.306826441554955
agm005596934,13.169686398043902,3.275498274189783
agm005597030,14.180052183314766,5.3385413941711874
agm005597043,14.45335159531612,5.457949252810455
agm005597173,17.58758051552981,5.833563384667406
agm005597347,16.28959726689621,6.711823434706807
agm005597470,18.995409680027652,7.165094650865475
agm005597490,13.443919057709152,3.5665694087716626
agm005597557,16.813868190582056,5.5982688648080545
agm005597589,14.506257424040742,6.595674938708563
agm005599119,17.181396686149128,5.927025298780947
agm005599432,15.900460181853838,5.883981196653463
agm005599559,14.376882206045815,4.6157383805835
agm005599773,13.751711231098454,3.725338262314723
agm005600084,14.820180117478744,-2.2556461657406444
agm005600520,10.997833043285679,3.9671774885557305
agm005600630,13.434704345468909,4.663143997482014
agm005600866,14.313199743392643,-1.5888357410736837
agm005600916,13.032998476987991,3.308654517777427
agm005601349,14.098298306530856,0.6342690379207111
agm005601378,13.74990756682842,0.4037599985357924
agm005601476,13.458604514695146,0.5848055404720552
agm005601522,13.637060800707928,0.733776191306409
agm005602004,11.277049053784863,4.714942159237129
agm005602108,17.311133259936685,7.865174884857871
agm005602568,15.713439001302012,7.251112932053275
agm005602691,13.953197256643733,2.6241333060115313
agm005602875,13.546427442173577,0.8634925996966114
agm005603554,13.585870209826107,5.517138699359198
agm005603613,16.36741933617133,4.586567708825062
agm005603697,16.46321964276686,2.259710630802907
agm005603713,12.537924728321622,1.6686544216151074
agm005604092,14.06889357342834,4.447000052270687
agm005604160,15.665702720166601,4.859034365403718
agm005604440,13.688185515380331,4.181018711390262
agm005604879,8.949478749125074,0.7445134534405812
agm005605396,14.856607656247505,4.713823421944791
agm005605704,14.455909844667524,5.471147431085974
agm005606391,14.483443867052083,2.933651677631756
agm005606574,15.42073425850817,4.391482398400613
agm005606651,15.87759138082601,4.020667396987515
agm005606743,15.29285208972807,2.498055167013545
agm005607468,12.584724803591746,4.801916212394656
agm005607676,12.115034276084472,2.2136772030133067
agm005608751,14.887096832541097,5.585975529060181
agm005609335,16.98215040822047,6.291584151843206
agm005609365,11.390657733122396,0.8763012334722712
agm005609787,16.210432560196143,7.298294156675383
agm005610635,15.711167817453507,4.601967416298765
agm005611428,16.819422908564995,7.526973272463839
agm005611509,17.995898199865366,5.980854875990365
agm005612643,11.939336308122021,-0.262880330135251
agm005612657,12.17509844287918,-0.173922328403273
agm005612766,13.545865511911105,1.4270354952381925
agm005612957,16.018156604767704,5.5636568960059085
agm005612995,15.281727377742328,5.313459121175417
agm005613185,15.502414259608928,5.09056821621928
agm005613995,14.582928708683102,2.3139088929517406
agm005614486,17.99119987460497,5.9975580212824395
agm005616187,15.757634780578329,4.527999633211677
agm005616359,10.311966942254168,0.3764583316050783
agm005616433,13.137429276128595,0.686405570909327
agm005616995,15.959305619294726,6.337445793664945
agm005617700,10.9428590740016,-2.007043036133407
agm005618941,15.360943791306253,5.69874835969718
agm005619020,14.521263887316646,3.4055304208952633
agm005619897,11.327348306422351,0.25083344627508036
agm005620115,15.634914309674032,2.430241496795335
agm005620155,15.074732609770464,1.89830634877951
agm005620461,14.915129356370235,4.107728171481768
agm005620956,17.842708901304896,5.287654057919168
agm005621427,15.003372135911825,1.7280917606338029
agm005621431,14.611383175348449,2.034836720005833
agm005621453,13.076401962531213,2.5912413721807077
agm005621525,14.033494473649421,4.093997574419742
agm005622034,17.396599952422772,5.316612991097028
agm005622106,16.829756973469777,5.507339701745298
agm005622533,14.598928578477285,6.578393919302246
agm005623066,15.31478465982214,3.558035922802482
agm005623619,15.652850803435083,4.2224777070200465
agm005624058,13.204663563718947,4.486055668913414
agm005624618,17.40526398277113,5.532146093758885
agm005624646,19.83626578438691,7.335528788376713
agm005624755,18.91448624526297,6.960933963825698
agm005625912,16.417821942276767,3.4439133462037623
agm005626445,13.01102876860071,-0.4521881956671585
agm005627113,6.483707669867711,-1.0300737380183815
agm005627280,12.764616583625392,-1.6540318503845803
agm005627399,16.30392411989803,2.83205315312681
agm005627455,13.284264281714819,5.274029394252968
agm005627815,14.245908983459671,4.114358355308161
agm005627897,12.670078550351052,5.001468711861857
agm005628209,18.93046763464973,7.323746125283422
agm005628517,15.31504977994482,2.8983378042153536
agm005628938,12.87384643665633,0.3178858507032653
agm005629217,16.48136820063529,2.839302156761468
agm005630079,12.246434413219475,-1.5243637700075574
agm005630107,14.910921457991464,0.35290829305579763
agm005630212,12.824088917542447,-1.9557553024584802
agm005630353,10.43152378090474,-4.578644609080521
agm005630608,13.85867670391188,-4.833177807707737
agm005630833,10.865267710093912,-4.415971776272083
agm005630996,15.654285687365908,5.085104806573266
agm005631153,12.690778303788179,-0.458259558246296
agm005631568,12.577893465992624,3.919716659772489
agm005631586,18.44194801986544,4.576294781577565
agm005632220,16.35737197052236,3.2760272038224247
agm005632287,15.781155173464894,4.114813017012358
agm005632741,13.893366585131488,3.8140984386917296
agm005632931,12.3982100735831,5.777504183826576
agm005633147,18.154482975978322,6.250635786205467
agm005633314,13.085844464261868,3.3790551558098856
agm005633370,14.381773331396227,2.6615233774465694
agm005633541,14.799427983186574,0.1310863135399091
agm005634107,15.730861636526983,3.4789576891311733
agm005634211,13.775137785621611,2.8866044192909186
agm005634234,13.074762669623679,2.831267893902103
agm005634251,13.968715175393237,2.7407947669592794
agm005634305,14.644205305601467,4.054559624575578
agm005634382,13.932144962889014,3.6073380965831974
agm005634835,16.577964044860263,6.02810856398079
agm005634875,12.57827331314678,2.6816372539426254
agm005634910,14.854030063608237,3.413179157830266
agm005635181,16.19803124166749,5.775673208127085
agm005635305,15.15692157816793,3.8448723749240123
agm005635408,20.877888927403003,8.005367373297636
agm005635430,18.950745635306788,6.7844195013870925
agm005635661,15.014294614638578,1.7004715712092964
agm005636070,13.702332774849138,2.166743113309139
agm005636112,13.36518494020102,2.1887203296180853
agm005636199,13.49849599024193,3.486917948715032
agm005636311,14.926037711212237,3.3648997602922415
agm005636516,15.746670046235563,4.662799198034405
agm005636525,18.08146301009985,5.872668050338224
agm005636880,17.6825884920663,6.749188606818677
agm005637049,14.141832369498244,4.887644596461805
agm005637127,16.939240340951493,5.73447217660788
agm005637237,14.266252798991692,3.508309409648607
agm005637631,17.39942760402917,6.275474034926656
agm005637657,14.543623904221414,5.771451777412957
agm005637788,13.160770061708329,2.5545561977634477
agm005637795,15.144496173030644,5.9723802610554335
agm005637925,15.588255951845731,4.302636435944287
agm005638274,16.831059588326173,3.662948715441164
agm005638603,16.112472124779924,2.181140936738726
agm005638804,17.020021998938212,3.0722720677578566
agm005638839,16.473918711391747,5.7243513547586
agm005639192,16.912177869942912,4.05796256064428
agm005639915,13.451173849756813,-1.9444856784193487
agm005639976,10.477341556747763,-1.8821894582256373
agm005640127,16.911989452496147,9.18526943401464
agm005641129,17.25154818390416,5.804044383304525
agm005641898,10.91694064066706,-0.7177741512605836
agm005641920,14.707228626298237,5.432144085071725
agm005642216,14.702870418620305,5.732855662877802
agm005642258,18.814715046124288,8.20971565319512
agm005642306,20.137887816862293,5.364074339693836
agm005643129,16.370059164129668,2.0732444333400024
agm005643283,14.650427238420368,1.3232277596086786
agm005643914,15.859666434434324,1.6094961939106096
agm005644070,15.63330606614561,0.5431995057668798
agm005644236,11.40113572581152,-5.413894107156255
agm005644298,13.44288900404928,5.496667529167607
agm005644357,12.901219823062604,-1.1680284870388213
agm005644588,16.32045298946421,3.6754945992629686
agm005644954,17.177512618897204,2.0084425155079964
agm005644991,13.394001246628775,3.1972882981710122
agm005645271,16.317365469642727,4.00146470138685
agm005645406,16.886274516177295,4.136076035484972
agm005645663,13.597091107186301,5.944647074696202
agm005646455,17.837635043460473,9.25799321157264
agm005646509,19.997156501882603,6.573833332641428
agm005647164,16.36343877522472,4.224166867598214
agm005648423,13.767953381754571,-2.5211006587384994
agm005648768,19.68448194889208,5.422225587647837
agm005648968,12.57385680820203,-3.026867122494282
agm005649023,16.067291656465752,3.5378079755240393
agm005649113,14.249209633089555,1.9486793943314151
agm005649125,15.392442672944187,2.4661540091005327
agm005649260,15.277793905280918,-0.9520044304607277
agm005649652,15.816004291464997,1.8648329573131217
agm005649657,15.09521540190921,1.8878571970653635
agm005649765,17.325063383330843,3.1081635180620224
agm005649803,14.16294056778071,1.43993773289038
agm005649856,10.502490250462147,-1.266822527142941
agm005650071,15.479040722310998,1.5570182522370122
agm005650074,14.915836640180517,1.528876134533829
agm005650147,14.454488324831551,0.3186193119472011
agm005650273,14.028691111056153,-2.323525214158168
agm005650359,15.27124907647059,1.5326000325547409
agm005650555,17.22264677758572,4.906960819148601
agm005650995,12.267052251298287,2.057541398481241
agm005651111,19.1109669682263,6.134779345715731
agm005651236,19.818588234829303,6.4105938520947445
agm005652123,20.724774952836245,3.92041423956339
agm005652184,15.370695643030864,2.603050325265835
agm005652223,10.907017401681136,-3.947713605712302
agm005652264,9.808305745627743,-6.0088725443454125
agm005652281,10.363843254031716,-5.707429580091869
agm005652426,11.8182923124263,-3.4689283105026427
agm005652534,14.757569132376624,1.7995773768438028
agm005652649,20.89063578321397,10.020498328288026
agm005652681,11.000888412295525,2.624131620151068
agm005652972,13.028364767875962,5.270293894586445
agm005653772,16.58265901280718,3.0572680819216074
agm005654033,17.480019846725853,2.6562667378831946
agm005654085,17.27941507558543,1.6218226961333027
agm005654133,17.576868500744972,2.1474986349334344
agm005654177,16.86023273395036,3.192419046881696
agm005654680,16.852596146515,2.930811097919595
agm005654842,16.735218319764645,3.088738013159901
agm005654862,12.602390203636942,0.21083853240510683
agm005655232,16.301269483973144,2.8517295628606583
agm005655524,11.330343727901074,1.925153939398238
agm005655762,18.35143886026995,5.109081690503339
agm005655971,19.314357755559172,5.865453454770107
agm005656815,12.768624213145795,-2.6699715746041317
agm005657189,14.414757591644419,0.658799564775388
agm005657198,14.820968095141907,-1.1043435489400544
agm005657305,16.008429459413595,2.797112587841403
agm005657691,16.217117581459746,1.9465773896939957
agm005657855,16.33241445480852,2.535221483788743
agm005657871,15.342835947687282,1.9238480121314765
agm005657946,15.742319591278337,2.166893339915345
agm005658131,14.898827775187955,1.6306827035362446
agm005658294,15.331258292013564,1.6630294895901478
agm005658734,16.896563896240657,1.7458627537812141
agm005659056,10.869959221146322,-4.047685757088133
agm005659085,11.036420718282073,-6.03291955919885
agm005659150,12.407589877956193,6.281058322973862
agm005659328,14.953478396602206,5.556892123044226
agm005659597,11.756077186994567,-4.226600400277893
agm005659709,11.280014844475234,-2.2468773923093504
agm005659983,11.928697666274594,-2.1725058540712667
agm005660539,21.425844548892048,5.331314797129417
agm005662506,14.9401816122161,1.6165900559313993
agm005663619,16.911029486309406,2.1553527393843384
agm005663660,11.468185983701234,3.2086260481021704
agm005663784,15.812023460934128,3.1508619255077357
agm005663842,16.594746312889402,5.313279747041304
agm005664341,18.02908013196564,5.243996763870845
agm005664999,17.395084264834928,2.745594482703227
agm005665066,5.046912964258427,-3.164932762970889
agm005665311,15.89064047109072,4.586991812789667
agm005665631,17.362659617263237,4.626317754583358
agm005665681,19.199903742476202,5.2582185723391435
agm005665734,16.3838991167526,5.330379855511397
agm005665776,16.99534462593402,5.574642240058833
agm005665795,18.677777590912456,5.54841508281019
agm005665827,18.628287038520174,5.49063366229192
agm005666137,16.977907957861703,3.061740143733515
agm005666762,15.272507227382077,0.7894225698534569
agm005666789,18.042671242489835,5.373851844798157
agm005667046,12.028082809772647,5.4311279613108825
agm005668490,16.592591922419896,5.443675129996438
agm005668537,17.968363716464108,5.874312243318698
agm005668545,17.000934927890835,5.425477544776452
agm005669978,15.005208975904527,2.2153955102336065
agm005670704,14.271628836944084,6.461550998125297
agm005671259,13.508017470320672,3.6195074093582598
agm005672078,18.11460840909637,8.231868505729155
agm005672114,21.222493526544365,9.937795782496565
agm005672851,15.552115185830273,1.0143047385017496
agm005675910,13.663404987831697,1.2500556028490142
agm005675966,14.565990014106601,-0.7371753302276751
agm005676057,18.176788820125346,8.51403768435505
agm005676379,14.511316369078521,2.754158285319935
agm005676632,19.895345858735794,6.298650302603456
agm005676668,19.335846694122328,6.3285503158463925
agm005676740,16.369504737205627,2.7075202632990507
agm005677145,13.459934785753093,3.7371194415685154
agm005677210,12.493441508597678,2.438475118364556
agm005677220,12.583622926999876,2.481538575255457
agm005677393,15.455995331262258,-0.46231860883443804
agm005677505,15.38218665403616,2.992829835859765
agm005677694,19.27306498746516,7.9084496062768155
agm005677735,19.743695408855203,7.67187582529617
agm005678969,17.081603943485984,5.038669723725693
agm005679614,15.035822064994685,2.784154685766874
agm005679645,13.616713322767714,4.899364660339578
agm005680013,11.473138526116138,-0.8244327920894025
agm005680119,11.18392779391072,-3.270138126812834
agm005680306,16.830263468542746,3.4172530721358236
agm005680318,16.174517027488996,3.634813357572982
agm005680342,14.392180922621224,1.3400679340456645
agm005680663,14.515101424408044,2.7033472614667784
agm005680702,15.633016595571,3.488850239610036
agm005680810,10.383658146151413,-1.6192917516864693
agm005680853,13.22253026849089,3.520491924315767
agm005681081,12.33700770911395,0.7017953048631481
agm005681139,11.517197604979975,0.20927705716406386
agm005681165,12.839907183002033,2.2643934319056656
agm005681191,14.509346232327745,-1.114301277519548
agm005681244,13.53566932152797,1.6878229462478973
agm005681260,13.245758471132133,-2.087136135991905
agm005682034,14.07211133901069,-1.1678361749232937
agm005682154,15.498343056584057,4.369180912296138
agm005682165,13.19511510634714,2.2593468281315325
agm005682336,14.545880703107722,-2.2176125883154953
agm005683187,13.34637045305013,1.4738892405409192
agm005683984,14.13593736900718,0.08613993247315814
agm005684832,13.083577060391677,4.547837714842228
agm005684875,13.24274151623933,4.157739113733112
agm005684967,12.585016923668535,-2.0996811138464944
agm005685367,14.005294558236772,-2.2999370262840912
agm005685513,14.372027855039205,5.16298494153457
agm005685665,13.610445005781477,3.8925645326678584
agm005685906,10.343455638684992,-3.7784264774783707
agm005685956,12.627647150138213,4.848913069086695
agm005686061,12.746628297566113,0.10532038447873286
agm005686362,14.26153880884857,0.832575265103055
agm005686530,14.908197249791199,6.666871566825556
agm005686695,13.84612479502379,-1.0916326435816934
agm005686837,12.520390645074835,-0.5354612820657358
agm005686863,12.754988240278792,1.7421262608382542
agm005687138,11.81446780763706,-2.5512954759066715
agm005687448,13.688716704859324,-1.7239538549838993
agm005687526,11.638107286878634,-2.3672939694563007
agm005687809,13.833987032270363,-0.697271348440894
agm005688045,11.276333097487091,0.40280084470802535
agm005688201,18.107317822627184,1.1915318331888411
agm005688376,7.995304131409455,-1.5884817828329745
agm005688537,15.26304173844209,1.7980880831899302
agm005688550,15.81691673396408,3.1165759998649776
agm005688846,15.934778234095381,2.9951974690833425
agm005688923,15.926859285319225,-0.4012540899732606
agm005689651,15.555806282427568,0.6399202501654075
agm005689739,18.34819003288367,4.605248418974964
agm005689900,10.95210244280686,-2.2697354141936326
agm005690481,16.641708481932238,2.5863431311323737
agm005690501,17.753305660308314,5.454116316575338
agm005690629,16.102559550561345,4.265225925969498
agm005690814,16.594340578906607,3.566539847935669
agm005691100,13.620281881943937,-3.0708426008856384
agm005691220,14.509129935561655,-1.464456654958795
agm005691223,13.019770865901377,2.661052213415801
agm005691259,12.67621305839061,-1.1383520526715465
agm005691277,14.17488125804505,-4.383115226967792
agm005691376,13.199489890543033,0.48289201550279276
agm005691429,12.78090041484762,-3.4407943571594544
agm005691552,13.371890334438334,-0.3727312283978274
agm005691620,12.658750958632647,-3.347118525102953
agm005691976,14.616343635812214,-5.119256187567804
agm005692077,13.21998333741928,-3.338101620976918
agm005692101,12.694733848649065,-4.34776793004291
agm005692117,12.428092441176453,-1.2380431673345254
agm005692202,14.76855070852215,2.9088844665422613
agm005692344,9.910897766885816,-3.0618206039716385
agm005692589,18.991324646758184,6.333355955384071
agm005692986,10.568422178148845,-2.3681794044026545
agm005693021,13.455564405413334,0.6386162421856293
agm005693356,19.356887502261312,8.286716192119448
agm005693527,15.006884897229854,3.7868368537924044
agm005693906,11.542483296382892,-2.314472903347242
agm005693940,9.10779018366406,0.5492328229939414
agm005693976,13.906643516338463,2.319842220537739
agm005693996,12.471984256118667,3.835918740086369
agm005694212,13.803753360708157,-2.11119055794063
agm005694286,12.426069768709707,-3.009637640283003
agm005694579,13.164017301989055,0.29748133745772165
agm005695245,13.393624196025053,-1.7406719057971454
agm005696009,9.69150115003007,3.025759654323354
agm005696103,12.615456640365798,0.36562844904877184
agm005696122,12.846003010502267,0.5079431005594408
agm005696280,14.175336980640358,-0.10926154526831174
agm005696471,11.82586924065856,1.112415565216058
agm005696771,11.010979464371937,-3.9939962508801705
agm005696874,10.848681756526931,-2.438779864226984
agm005697047,12.681056909208264,0.04112717092741865
agm005697148,13.331807495146615,1.4285671684561763
agm005697262,13.44772512809527,-1.0968194918981915
agm005697553,15.312971933790438,-2.1428894776547964
agm005697606,22.33793642953038,9.57922456536893
agm005697611,14.306165519447008,1.1540821095232563
agm005697643,10.468273553082517,-1.870621662115384
agm005698477,14.240130702957616,1.0950478659704654
agm005698726,11.252134144598609,-1.4576854461327955
agm005698962,14.651305725261288,4.545996250744577
agm005699635,12.619007601630885,3.3273838156193025
agm005700188,15.547535469735278,4.403495968874295
agm005700732,12.431877707080112,0.18085798270777906
agm005700896,17.86487691564757,2.954107711806708
agm005701008,15.104640850018813,2.5865872559475656
agm005701548,10.069579493113737,1.3971319846131625
agm005701776,12.019645055974758,1.3436591537070772
agm005702045,10.36273363647944,0.7537367651315089
agm005704081,16.252225305652313,3.5525235787749883
agm005704164,14.839843613885229,3.3811518127847027
agm005704438,17.207055968697652,5.834973842385047
agm005704470,14.353557998733288,6.802119056670079
agm005705880,10.998963402759207,-2.2031603767982033
agm005705911,10.105394748936051,-2.2874750530306804
agm005706253,13.122547154953267,-3.585077204239633
agm005706502,14.663094149462765,2.784531301605472
agm005706851,15.286395236660702,3.4814139570029137
agm005707251,11.113291094731679,-2.610844831234821
agm005707792,16.237769220081454,4.744127510708335
agm005708294,14.48612698015206,0.21808586507867034
agm005708927,14.257451484643113,0.37391538649114625
agm005709092,15.695605682628077,6.419749663932444
agm005709179,13.917434292608066,1.8741884145292982
agm005709401,14.189783021495218,4.04824177354599
agm005709404,14.036445425877055,4.2857345816013845
agm005709410,14.170939575159053,4.382974409691416
agm005709417,15.343129480617522,2.6453078485405896
agm005709518,14.830868844071444,-0.22804284907427194
agm005709638,8.848314976105797,-0.581580825250068
agm005709639,14.83039393951555,4.0718199171445475
agm005709722,17.117527675825613,5.20452668772266
agm005710025,16.21485448887467,5.431289056831784
agm005710924,15.434117702968704,6.81502871413774
agm005710962,16.560239810080272,5.882488714596772
agm005711281,16.57570982664069,8.441507668714898
agm005711375,15.78510726269841,6.798605842346512
agm005711417,19.056135722140816,7.749498875622268
agm005711522,15.505711009336835,6.672155373324759
agm005711549,15.925725282213525,6.890836791054248
agm005712111,16.57734079765065,6.289094448508063
agm005712310,16.095911546352458,5.958020484476393
agm005712766,18.58686844647845,6.549082714436264
agm005712800,14.412443400739349,-4.306059535730408
agm005713801,10.94420333275331,0.01524548148587949
agm005713849,13.631056124138844,2.496575889778729
agm005714663,15.714502792086114,6.596526744396788
agm005714758,15.464325726114735,4.189388716859198
agm005714869,15.289841983309906,3.1125285792718986
agm005715192,16.250939456095306,4.4451987210578725
agm005715690,15.48612188895494,6.7345602650975716
agm005716630,10.959859295844373,2.7062752041974227
agm005716942,17.943226480161538,5.739859892643529
agm005717407,9.818596610946779,1.290858819775303
agm005717627,12.59539941790137,2.2556538218068796
agm005717823,14.93396948987219,4.2580482975645575
agm005717837,14.537444614955687,4.276526958983928
agm005718647,15.18167393603711,4.965526420180345
agm005718756,14.435851697916632,4.887335111491336
agm005718806,14.811736990465967,5.1453177762355695
agm005719058,10.646716307864697,2.895340414948162
agm005719756,15.569402756866033,5.904845326073931
agm005719965,15.308322906486318,4.5733190947041615
agm005720559,15.806162113242264,3.784751149862959
agm005723799,13.879608070449388,-3.263194131372259
agm005724261,17.664022291729015,6.577723451995065
agm005724341,17.710289424922497,6.644249818696173
agm005724531,18.385920219634738,7.036570528926698
agm005724601,11.161018552469807,1.2871384561853596
agm005724937,17.3835077835562,5.778234701691403
agm005725054,12.697155680710654,-1.3862485756448522
agm005725080,13.837709770553984,-3.687480383541524
agm005725082,16.616801556219393,6.819784637461976
agm005725319,16.110233679296023,7.723339664060201
agm005725343,16.225100006728507,6.66989813219063
agm005725673,16.02070629176491,5.6990108178135825
agm005725710,14.709704430393282,3.343044179893848
agm005725716,18.64265207793788,8.081390188965067
agm005725859,13.694657555138216,3.0560501076580815
agm005726174,14.392909101625131,0.9240767392120759
agm005726359,13.177441286320132,5.038434063817778
agm005726400,14.86831056340616,2.2470070887854687
agm005726421,14.806551618104686,1.9870929656193865
agm005726758,17.439192235874643,4.876094390034572
agm005727003,17.86157923271475,5.816541458795665
agm005727289,16.231367622933565,6.905195725332916
agm005727295,16.93225118533729,8.018396068972597
agm005727306,16.53399722064264,7.183191328284475
agm005727527,18.166382339861,8.547114949208384
agm005727540,12.976530294223977,4.900330513017516
agm005727812,15.933750280450097,5.803013930455311
agm005727973,14.374438371372946,4.746121716285602
agm005728056,20.11854177318575,6.05699030505797
agm005728424,14.717921742572855,10.054842532589786
agm005728537,18.21389106407118,5.158581403747228
agm005730035,16.943253963965365,4.2777463900236326
agm005730171,16.50960635094138,5.061839695425905
agm005730200,17.037199923109554,5.20810408092108
agm005730261,16.528209780788828,5.079102542799546
agm005730557,16.36482829985439,5.016655065716923
agm005730622,16.30991081149649,5.039500621920512
agm005730636,16.76655239669195,5.138889824532311
agm005730800,15.904234554584205,5.040242787226861
agm005730884,12.882932210361856,4.497637323076656
agm005731217,17.352541439430606,9.249718773593536
agm005732215,15.638489953979203,10.830795170201156
agm005733992,6.16228399798355,-2.9774711553572453
agm005734296,17.521606894767963,5.718360242515383
agm005734703,17.112180295300295,5.559768567784758
agm005734737,12.511408250594574,4.469578836647949
agm005735078,17.481419599660658,5.743231958703457
agm005735265,17.073163011769743,5.536292439100961
agm005735524,16.93325052709536,5.485238904099749
agm005735593,16.40450966765789,5.3629197137238025
agm005736265,16.916872509589105,5.4574148654989045
agm005736599,14.517263348374144,0.8004457692504758
agm005736631,15.003504055937182,1.2885009733364767
agm005737533,14.036753320033142,3.301430558013956
agm005737791,13.368880946485023,2.1359390084976098
agm005738536,16.390787928732504,3.3088320808429454
agm005738973,15.385160118882702,4.794676656045476
agm005739069,13.508983080439963,5.0962171613614675
agm005739494,14.56433735551097,4.7779216889027225
agm005739560,15.537304320615576,4.611102763674991
agm005739568,14.846703991429907,4.746001085693066
agm005739673,15.336347839028436,5.186696901222351
agm005739857,14.097041168834496,4.101409843902151
agm005740084,18.66426770047621,7.118674978420707
agm005740179,16.203530384031843,3.5397086083595717
agm005741208,16.63628437501185,5.807816038261637
agm005741249,16.79338228568753,6.8826614451160735
agm005741321,15.622807737459489,3.689351002173574
agm005741360,14.30333125775251,2.8342854311429604
agm005742017,12.45210855605552,0.2685798769310246
agm005742330,12.423658835533722,2.320760628433946
agm005743058,15.666566324721591,5.936374667000212
agm005743214,12.524536860550702,2.4741397018960956
agm005743468,16.46096552540725,8.536587176972255
agm005744375,19.055212063471362,7.452025748868112
agm005744518,13.987204814568331,-1.420498131239377
agm005745022,13.184900045305467,3.4373369289499993
agm005746064,10.875032528122086,-1.7383109039769185
agm005746420,16.317365944264683,4.7419049078300795
agm005746500,13.367074890812212,-5.297301689947076
agm005746952,17.265457890463548,5.115170701049087
agm005747654,16.777831147194913,5.144621525217094
agm005747698,16.22614157516937,6.133142401954707
agm005747946,16.286422842351282,4.906644093358728
agm005748632,8.920913292564679,-4.545359669526048
agm005748638,17.877681325144525,5.446159175482038
agm005748853,16.87714542934219,5.479590287382003
agm005748910,16.982156489193834,5.503954596587863
agm005748983,17.94910912662273,6.88343206463866
agm005749024,17.886363938838702,5.888714988370467
agm005749207,18.5283328755892,3.818958564076993
agm005749249,11.989953282499398,3.9959571169802235
agm005750209,15.738190939167014,5.300704115400215
agm005750268,16.26306200882692,5.316733981023433
agm005750626,11.023514028630318,-3.163189405943969
agm005751773,12.201571671394012,-3.471428216199424
agm005752114,16.92621497484023,6.104519178832234
agm005753021,14.881223049422436,5.648159486270113
agm005753251,16.779216919738058,5.036714191871414
agm005753355,17.496633688486433,6.660721193903252
agm005755331,19.64020179189505,9.285843843319942
agm005755741,17.72892857889113,1.7185462257059985
agm005755854,18.38285406910359,0.895930105208547
agm005755886,15.000881011528469,5.228135529713713
agm005755978,17.02797526519078,5.5945645963833455
agm005755982,17.46230953543322,5.599901224818377
agm005756780,16.609090248985492,7.431624212735542
agm005758419,16.00777274908299,6.110544371121427
agm005758638,19.3754786886697,6.20102427259312
agm005758688,9.900961849612843,0.3619125093952699
agm005759120,15.576630673371113,1.6342288805541803
agm005759277,18.42080109949916,4.911183913000101
agm005759929,17.757535769205003,1.9274533006172423
agm005760064,12.530021354760224,3.1569047491293194
agm005760584,15.617805595031504,7.377287072964844
agm005760652,16.121845895084846,7.7287065115864655
agm005760917,15.214526977750904,-1.983566259016106
agm005761385,15.544993135347667,6.361956499119807
agm005761818,12.536597198484223,2.358008706910091
agm005761825,13.38798719680463,3.0843893104268223
agm005761883,11.86983679330988,1.9709590977602929
agm005761896,12.236869303878043,2.050695218454012
agm005761902,13.0557541233863,2.599482896423718
agm005761943,12.614244839438468,1.9339799995262184
agm005761998,12.652462532597083,1.9467721215834508
agm005762174,15.832028596008756,4.539640806951991
agm005762389,11.926426567997622,3.1123526537656048
agm005762686,12.905386111367454,3.7517808523082485
agm005762812,17.556137641911178,8.35349763080021
agm005763047,17.083148169552874,8.833720386955422
agm005763089,14.580892212073094,3.8308514422800304
agm005763160,15.640092921505406,4.534924448518739
agm005763167,15.213494463117968,2.950814640652723
agm005763243,16.627957820801143,5.441639935630282
agm005763390,13.06706037105397,1.6960293673741507
agm005763628,13.070592284996422,5.774835604930616
agm005763689,12.257681879062865,3.1209671416368923
agm005763724,12.919630707499053,5.053073369556425
agm005763734,13.017477756898892,5.102022158111791
agm005763999,13.474821160112588,4.690555397937792
agm005764099,13.026386162341081,4.445044813101679
agm005764152,13.246923388979924,4.589493917605046
agm005764268,13.050922399248925,4.236962795078151
agm005764399,12.799858839598542,4.332831972193155
agm005764447,15.332560144789321,4.311598124948248
agm005764472,18.229572261287483,6.417528766990962
agm005764573,16.077312863954344,4.110756520804581
agm005764837,15.832425289707679,6.513241318599396
agm005764979,18.17457000235995,8.027322976720543
agm005765146,19.435495281571853,6.256144459123781
agm005765180,16.117288738865202,6.473517212134944
agm005765570,15.77839134486338,4.611837767287384
agm005765871,17.523288677473502,7.4721005236052385
agm005767487,12.692249949760841,6.562792998532562
agm005768371,8.957723557996756,0.5617100991495635
agm005768517,15.242206709106483,5.089857414882874
agm005768955,13.819389245966475,3.7279687416875316
agm005769719,12.258640527226467,3.2261155244875677
agm005770113,16.178473135326843,4.150585919532552
agm005770367,14.584555639359735,4.28749729151603
agm005770484,14.412903068864379,-2.717834890987838
agm005771035,12.149539964916855,-2.868558966009443
agm005771162,11.004441463201863,-1.6802851324368884
agm005771389,16.559151085251095,5.399306670151093
agm005771399,17.22636143284373,5.483935460368988
agm005771704,8.322535966992339,-4.828924970400729
agm005771807,14.665372337758996,4.017241843871361
agm005771959,10.339687169897744,-3.37800285341971
agm005771970,13.15043613721394,0.060856141088160065
agm005772082,16.153710951942266,5.053129771281716
agm005772868,10.68895571802578,0.09583624899569838
agm005772927,10.22999027417533,-0.41162527624260054
agm005773607,12.210101256232308,-2.4174001438243686
agm005773704,11.40398849006638,-3.1768263097817893
agm005774011,16.11498149998971,4.409737683560404
agm005774071,15.058592518142797,1.6377083399192867
agm005774223,10.07638185223682,-0.48584408111626115
agm005774394,16.150498068169522,5.596154585955159
agm005774410,8.933199693233245,-2.2588268169033654
agm005774681,13.956954073511147,-2.367020224098212
agm005774736,17.256109087205807,5.7183846031246786
agm005774778,16.508478657780024,5.506314229727779
agm005774851,16.31555239290382,5.448464919083267
agm005774917,13.34035402385701,-2.2036227204776444
agm005775070,14.640830743967824,-0.5472210233091784
agm005775208,14.102066780707855,2.304470794626768
agm005775397,14.574355060606404,2.4750734513174137
agm005775553,15.199766005299528,1.9852550687653914
agm005775556,17.974957646194248,6.4402465607800155
agm005775702,16.963364325651224,5.928045490664579
agm005775996,14.592562667362833,3.6329020414893063
agm005776403,16.050688976606207,4.990920981179868
agm005776464,16.058786713887937,3.5764646259981583
agm005777169,8.236267674652664,2.2626769981897437
agm005777700,13.382914528120125,1.2514161021414019
agm005777869,17.3380445573691,7.090588088534627
agm005777908,17.012610085570778,5.907963840977536
agm005778011,16.63671518513699,6.276991991330186
agm005778455,15.783081879147124,5.994279850249832
agm005778523,17.470694824620892,4.753396753055262
agm005778599,16.142034294596503,-0.03290834564739479
agm005778965,14.679215233229044,4.107017891906993
agm005779262,15.696699634374646,4.506190542991223
agm005779558,14.93096963572921,4.149278100647772
agm005779757,13.80355395300711,3.544404040438172
agm005779982,13.784297190291445,5.42787817589837
agm005780138,14.795953256910577,6.133151936762361
agm005780206,16.44265051054591,6.420902459560938
agm005780308,14.102566651308335,4.514153934906084
agm005780819,15.795734125008996,6.957509907306921
agm005780858,14.995327944872166,5.273353856534753
agm005781227,15.086313978987164,4.250213192027091
agm005781552,9.651721349492407,2.305695756285711
agm005781845,15.035795510678009,4.385516555071399
agm005782376,12.649416886084007,3.356773493821832
agm005782514,8.541006638356585,1.522825799285532
agm005782597,14.512518539336126,3.8551991671748422
agm005783025,9.830507522734981,-1.2779481865033333
agm005783171,12.136201818342798,-2.32783481242004
agm005783280,16.24698603082283,5.222663307160596
agm005783353,12.266565050246385,2.276623489336302
agm005783776,9.411737675661449,-0.17323054141456495
agm005784023,13.99479294584554,4.17855660261367
agm005784074,14.485862706535016,4.552842022804504
agm005784133,11.60152328914382,2.0741667835673137
agm005784384,13.036359724144893,4.4532807491328805
agm005784426,17.094913682827986,5.35723164449769
agm005784760,14.341607318604229,2.2953960698840117
agm005784897,16.288499659248565,4.897339485404578
agm005785341,15.211689389967175,0.7329425518065437
agm005785406,16.759591964407207,4.138118846178033
agm005785420,11.642985589094492,0.9372898024586611
agm005785665,16.371669405235945,4.999543770666875
agm005785724,12.246185256025901,4.520155135315992
agm005785861,13.15933292216664,6.655902451870027
agm005785997,12.597112525865453,4.993285125289258
agm005786090,12.555523991782282,-2.9461907438901243
agm005786147,13.191121197686087,-3.6374565689538243
agm005786200,9.059335034118012,-1.6812034171081223
agm005786316,9.740228341366526,-2.693581608374806
agm005786352,9.775733031982323,-1.9975165923320446
agm005786429,13.513660477344791,-1.31361182129636
agm005786548,11.899286827682195,3.2665666536476063
agm005786590,14.047110767622263,-2.055773776883663
agm005786949,14.33283361114088,5.008754087143043
agm005787170,14.284383954331895,5.125529129737198
agm005787410,15.57708859502531,5.730098572823143
agm005787780,16.136020781229423,2.976030041252976
agm005787958,12.433816653987735,-5.1797672172070115
agm005788178,16.512061275402697,5.78597348911027
agm005788214,15.381070362069638,5.2435693445548575
agm005788221,15.28161964045583,5.266530299146699
agm005788356,11.875258645860344,-4.656557834038574
agm005789578,15.713955082149633,4.051830351440689
agm005789809,14.53327409174779,3.146455394510405
agm005789864,14.741427611398931,-0.48413367698367793
agm005789947,17.372988215193825,5.857165510660334
agm005789964,14.249619999432511,-0.7116983851700667
agm005789981,14.355474274571344,-0.6993111746665596
agm005789997,8.220135832127593,-2.596806600895095
agm005790037,17.29532897293242,5.742241484525548
agm005790119,7.556948888565711,-3.214488505317435
agm005790157,7.593210548294572,-2.467353876343457
agm005790203,13.247364314761926,-3.7983354779053236
agm005790302,16.888293514794494,6.001726765786241
agm005790340,16.504648533920985,6.09020195702318
agm005790487,11.37869728998526,-1.6702478359996153
agm005790528,12.017133254426243,-4.160711750676119
agm005790548,14.474085722443276,-0.9982207018316025
agm005790876,15.625532063770002,2.087857004690792
agm005790980,14.541319723771402,4.107494280907049
agm005791039,15.580149184575601,2.1694780633569763
agm005791276,20.780955510552904,9.605299395076345
agm005791535,13.117504758643157,3.2368439448898463
agm005791700,15.047689300561451,3.012326012930607
agm005791712,14.945030362350266,3.9600353073294503
agm005791761,11.751996606967234,0.40032316277531227
agm005791916,11.12990613680695,-4.885241613071675
agm005792322,15.528736705883302,1.6885922298464802
agm005792888,14.407673946632245,-2.0082404086211683
agm005792985,14.780792137155219,-1.407280231932076
agm005793075,17.706907459638384,10.533351601011576
agm005793112,17.83559673272936,6.9627031974621145
agm005793156,19.095857221163026,6.283647462239995
agm005793291,12.963652199864192,-2.506430544087717
agm005793314,17.210681558386106,6.810067119659666
agm005793445,14.149728191609702,3.6320773922653697
agm005793562,14.170409504837473,3.6975262504557502
agm005793590,10.701959149747013,-3.3365453345531133
agm005793597,10.621449881677854,-3.5120435951537683
agm005793654,14.564547289145025,3.8029244805278104
agm005793661,15.108207870894093,3.9335232704367122
agm005793677,17.675272776286842,9.192072852591092
agm005793703,16.86902617341161,7.490308833918628
agm005793748,16.140949090007638,7.1003876812059765
agm005793781,16.916073110278283,7.170448826903757
agm005793980,17.00734059335391,5.075386364455733
agm005794106,10.417200952980755,0.9281587424082153
agm005794445,11.10473499897747,1.5254740360583583
agm005794659,12.320374665946447,-1.9512624816794368
agm005795070,14.875768490140468,5.445565831792794
agm005795076,14.729634290994461,5.5070643556651335
agm005796437,18.599746144973984,8.745139057872318
agm005798336,14.61414729687503,0.8255328530078027
agm005798657,16.843677544942125,4.34223046743765
agm005800456,19.4979949882835,5.607821315478749
agm005803552,17.52185598207767,3.9740212934381707
agm005805916,14.629211697085404,0.24786563332941255
agm005806151,13.57794352057808,2.5851596554333596
agm005807102,13.097000959408314,-0.9086969496861244
agm005807140,17.491015337200913,7.3811477732081325
agm005807173,17.96561580959907,7.0190774043929
agm005807185,14.55645421821988,4.931302981497707
agm005807233,16.624055665192834,5.392688888256651
agm005807347,12.895790332176862,2.872698718984845
agm005807471,12.51286779216623,2.449828174451563
agm005807524,13.960748267871917,3.781468530658543
agm005807599,14.27534610810443,7.727831620325617
agm005807633,14.42569459023854,3.1591467402333415
agm005807659,12.78678396379692,1.5277603947256921
agm005807683,13.895056997177502,4.963906829353653
agm005807986,15.242128144628278,5.4133768302009795
agm005808076,14.402209333442993,5.427037780105825
agm005808200,16.945376389522654,6.852784060428746
agm005808207,19.62051147280151,8.515425164410214
agm005808280,15.79238202475951,6.8240898117854885
agm005808713,14.048611700160421,0.3265873516496086
agm005808919,13.412224744345675,-0.3502748775890808
agm005808948,13.096547765198585,-2.265822377470562
agm005810017,14.893932630208079,5.661209793241592
agm005810291,13.295790239837748,5.675037559532
agm005810669,15.800243067615776,5.4294669975119
agm005810708,16.968444654277427,3.303656254308341
agm005810784,16.088235496413475,4.235726071427368
agm005810910,16.151090785450165,3.247832653026123
agm005810947,10.711703697859413,-0.17298849755971019
agm005811675,17.22263269126534,5.661090854456723
agm005811694,15.966386556270153,5.229934019175256
agm005811791,16.521915984891024,5.309008749508318
agm005811799,16.78923758028088,5.357182658652431
agm005812842,16.6610930374084,6.3392701026662674
agm005812920,16.954163741381564,4.139077349083768
agm005813104,22.043022318016604,9.69941950532338
agm005813111,10.237971362208791,-3.99019702600814
agm005813705,10.371937751670794,0.2774640059570288
agm005813863,16.557728629411887,6.843308071116084
agm005813878,15.564587381143815,9.157911300610639
agm005813998,15.883841139102298,3.5278078712475676
agm005814223,13.57308477021114,1.8830263042675834
agm005814307,10.72039135375197,0.28560224916135485
agm005814484,17.153740441522157,9.07604126993973
agm005814497,23.1054880529563,11.566040740776058
agm005814714,15.975758716577342,5.561978958110293
agm005817004,16.84429255766178,5.55486820495201
agm005817085,18.359653876120262,5.464730429530774
agm005817430,16.87697279227158,5.446413467113083
agm005817700,11.78113498027282,-1.85759934323913
agm005818066,17.518535502157743,7.584842154299291
agm005818345,16.76627975219071,6.264694582651312
agm005818705,12.551594076841551,1.6938341301465922
agm005818743,13.05263794227973,2.3044774399329255
agm005818777,14.335674764686017,5.610996527179366
agm005818943,12.852637989735953,4.719507060407186
agm005819009,13.354791924412467,2.062619893128719
agm005819285,17.51690042462902,8.11170579825916
agm005819487,16.678438496637686,5.603974080071738
agm005819568,18.048698228680685,7.17087319817631
agm005819608,16.568266633630014,6.839485956554751
agm005819674,16.544655517931577,-0.743921955666238
agm005819797,18.419294539906957,9.615240531542803
agm005819801,16.59099131034638,8.105537399718365
agm005820519,14.781914650278821,3.776652702796983
agm005820619,16.13269374767334,5.437847034516636
agm005820769,11.44642008516441,1.7159755715061291
agm005820994,16.894600353363955,6.70855694589815
agm005821130,17.65367942455574,6.142199255962317
agm005821522,14.509471415215936,-0.27732727954315334
agm005821531,15.686858636392722,8.72920653610768
agm005822057,15.317155524261125,5.769693346458309
agm005822082,13.990226426716596,4.167403011238309
agm005822128,15.41625015323956,5.126636056608728
agm005822204,16.715721223171887,8.681563377637904
agm005822209,18.320733906550597,4.612706304634992
agm005822522,13.380244888951506,1.440024905817839
agm005822873,14.227650741541938,4.287006197141181
agm005822895,14.620392341263402,4.4906522658438215
agm005823088,15.92749120447796,6.757018250567022
agm005823107,16.84018497833296,5.431971601234044
agm005823483,13.359132688340868,-0.478547320908433
agm005823573,18.879786202358964,5.683521011597954
agm005823802,14.871075945993836,4.2392149889150605
agm005824106,18.04957870759144,5.919357269502174
agm005824177,17.124677877737273,5.59599800935019
agm005824547,6.919951840592404,-4.685067552028649
agm005825039,11.501882374308732,4.496089128176488
agm005826178,14.991312392255958,6.194802695343104
agm005826463,13.351161213975576,0.5006334220995547
agm005826527,13.828626033967394,2.8549669728627065
agm005826632,14.251337661776285,0.9787692380194833
agm005826843,14.740632468695665,3.1038648312532167
agm005826977,11.960630785722765,0.5764323742946225
agm005827008,12.424418143351538,-0.08275302704165692
agm005827052,12.035316784919353,-0.2272792434640832
agm005827392,18.78246610290723,4.228063562015467
agm005827402,18.70614764817291,3.9347212091728303
agm005828353,17.43850122422743,5.623380344024485
agm005828621,16.497342368598083,3.358694105503529
agm005829441,15.5066153709387,4.406877887412113
agm005830384,7.298616688216043,-2.49991794064607
agm005831284,14.707844196590283,3.2426469097033035
agm005831478,11.980102403176216,-0.3165770448962739
agm005831632,17.258672563081912,6.826674253928898
agm005831853,12.101015774129333,2.0950401559481207
agm005832390,13.148304538580877,2.15383339212418
agm005832452,16.56065463133226,5.459724046754604
agm005832685,12.930678922662404,3.105551212361685
agm005832698,16.247984196963422,4.575692736701532
agm005833023,14.162118863009427,4.457377257412409
agm005833399,13.188471837425109,0.4027350780927527
agm005833680,18.751376989203347,6.016203028102518
agm005833822,15.890606124255315,-0.43294252947694883
agm005834122,13.777126597868573,-0.8029748146242461
agm005834142,14.232100277550748,-0.12169934191483496
agm005834241,18.73340032444538,8.86873322297421
agm005834555,14.024866122404735,3.4305306576206944
agm005834751,13.877641417196756,5.717070248879029
agm005834776,19.01337727956922,2.5772648538229803
agm005835447,15.535298294435197,4.830780715974319
agm005835522,15.302099984578458,2.284269476520161
agm005835598,16.24260642423259,4.859877201154126
agm005835727,17.591872005483282,4.78177126289338
agm005835843,14.33315432020984,2.490919688964437
agm005835984,5.421481819397219,-2.8100172921542916
agm005836124,13.661013411865316,2.752609465482196
agm005836184,8.258168962594995,1.1009766797974223
agm005836201,8.509262664498628,0.7333884396700103
agm005836257,7.155741623918646,-1.3731425707243676
agm005836568,8.086641012663266,0.1393308491798546
agm005837175,17.18661725264051,5.373127183753733
agm005837329,14.088343014270402,1.7327281162778383
agm005837881,16.707918253170156,2.902366318551129
agm005838058,19.332898454801526,9.342086439522893
agm005838126,13.801923844018704,6.428432851213089
agm005838987,16.960470574864168,8.461512288389853
agm005839159,10.197573351589158,-1.5746171150545614
agm005839174,12.329958699783935,-0.27446003852786777
agm005839257,14.348962546814363,-0.8624807658741555
agm005839399,8.413084274588401,-1.5921434367821987
agm005839515,12.67049785932345,2.796281725983121
agm005839972,11.27373789938224,-3.877830329132451
agm005840376,12.036014317170524,0.2054201245296395
agm005840605,12.841106609663298,-2.5687968382451367
agm005840607,16.69126490964583,7.143306375395082
agm005840615,14.421690234280293,2.652732380720788
agm005840744,11.35459229373099,-3.5589688987033785
agm005840839,12.070366914792343,-0.6340967958600684
agm005840892,13.543861196988507,-0.6516359910020242
agm005840915,13.771013686137723,0.12367813974816973
agm005840973,12.381525323017186,-1.6734090657613276
agm005841088,11.696965970399921,2.523289133570971
agm005841146,16.467121821331162,8.97580081835019
agm005841149,13.907422063580901,0.6742086659770822
agm005841184,13.981652171339348,0.7257178281834792
agm005841275,9.777932540290355,-0.5841240624774162
agm005841332,14.4979848377792,6.8896523997780985
agm005841419,14.885419787649328,-1.8313193226898552
agm005841496,14.515199395990559,-1.4916887759271187
agm005841566,12.475627474795587,2.0392201986388416
agm005841887,16.02198515857619,7.286669831635318
agm005841908,14.670457090500635,-1.9587880674440399
agm005842217,20.191355183455773,7.654272810526299
agm005842289,13.74151347664724,-3.1655726731490645
agm005842310,12.524871057938112,-1.1830946376341924
agm005842403,14.638573898462118,-2.6900518371968203
agm005842584,14.17956334418841,4.213988544100118
agm005842618,15.039069093633477,6.6017039044347925
agm005842636,11.310796219486724,-1.2508366992042557
agm005842750,12.950934058787448,-1.9349255429936296
agm005842812,12.458921402989482,0.5319424598493381
agm005843054,13.306671818524038,-2.5014532904925133
agm005843133,12.63483882233342,2.032181495679225
agm005843158,12.868491808403379,2.173379052925323
agm005843320,11.86226252640594,2.3265344679837745
agm005843702,10.69710349408497,-0.5648883255814283
agm005844163,11.228684262553479,-3.527865272891981
agm005844179,14.757769183918846,1.2486791892398916
agm005844427,14.425840895565061,-1.1025345090501482
agm005844602,16.002477856843356,7.612836840985358
agm005844830,13.229767604009586,-1.9429729571887588
agm005844836,16.86945408481841,5.6078323799510255
agm005844868,12.548114476610282,0.9603813856652543
agm005844958,10.23816510167911,-4.849379297442421
agm005845103,14.501943774595604,-1.4869687558225522
agm005845129,14.730993848819912,-1.2973559518988094
agm005845149,16.49600000687405,4.182379355985743
agm005845166,15.903072065671466,4.278510611862105
agm005845246,11.276213527982884,-4.715560924921419
agm005845272,16.421060619257528,3.7107174126485214
agm005845329,12.098754300239968,-3.036903327107941
agm005845518,18.61042320916147,6.719184069103751
agm005845687,14.023042144415731,1.9257210627260626
agm005845707,17.384978472824628,6.364525322700402
agm005845791,15.451584362475687,-1.5655018050339393
agm005845870,16.58011794632053,4.449967682888128
agm005846178,14.455033200780152,-1.1272907331080344
agm005846384,14.794552308749507,1.5897376518978312
agm005846447,15.238057099271652,6.0815118686619085
agm005846554,12.83772549650927,2.752520740556885
agm005846624,14.166619265216173,3.424771256880722
agm005846627,14.20898520054975,-2.0640744285900943
agm005846972,10.29555339573858,-4.858655045355516
agm005847037,16.674990841533077,6.206772653176772
agm005847115,13.906066815758978,-1.869754384753249
agm005847278,14.08991671358658,-3.7489935797492286
agm005847333,12.89166554721607,-0.6036427077586162
agm005847547,18.14974625778933,5.67502015767573
agm005847763,12.438334874202248,-2.554320851897613
agm005848653,12.002787549007813,-1.1551982905463223
agm005848893,12.858379476958802,1.7919475111992214
agm005848930,12.977942260464227,2.0878063716382886
agm005849433,13.065970104047876,0.7096740822672203
agm005850074,7.653886181288972,0.008721196030071354
agm005850334,11.408275351957183,1.822412964677786
agm005851911,12.080765497270084,2.6269105538671647
agm005852563,13.405550271731807,3.647780459904721
agm005853391,14.956592106505354,2.795914498369431
agm005853558,9.147302658113935,-0.9912769280602726
agm005853805,9.233160477163805,-1.6158046227495422
agm005854203,15.98220814982313,6.568435820372674
agm005855236,15.089775074725896,1.128662297408144
agm005855260,14.739561248305993,1.397758411629289
agm005857153,16.248205033440012,7.712928741235679
agm005857568,11.547727194946374,2.553471297144139
agm005858376,11.348099803399007,1.2277780455847556
agm005859178,14.41447395477834,5.182739955949748
agm005859459,14.881314941717418,7.6039117197903705
agm005860117,12.49749511977786,-0.8254125272682001
agm005860125,12.54385395040098,-0.5073329195484083
agm005860319,12.375005216963487,-1.1044086246608547
agm005861058,18.31175525325569,5.600671687802034
agm005862598,11.099358027397273,-2.013839052520467
agm005863937,12.394058331285882,2.1703471512289316
agm005863960,16.72994487568411,6.823399410048604
agm005865564,14.903383422754915,4.10809621316304
agm005867674,14.931891627695501,3.5454606038435563
agm005869357,9.877173214461344,-0.2875038125888061
agm005869431,17.12324121334724,5.1793489688016665
agm005870004,14.584265906596878,6.439197087690732
agm005870626,17.138686038285165,1.5432756957469365
agm005871461,15.90365549157942,8.644651313243552
agm005871482,15.241642180340019,0.307696676233563
agm005871991,11.787784058992338,-1.7341225450510152
agm005872767,9.61235660626147,-2.6950259099514167
agm005872868,13.402480821858196,-2.5609278501300183
agm005872917,16.999625518167008,6.025102489867756
agm005872922,16.235250813368072,5.597072408963392
agm005873533,12.578395053216438,4.935881105974637
agm005873667,15.746773401044674,6.991649886636189
agm005873811,16.160082968602328,5.586048645134722
agm005873863,9.611788680299135,-1.7194900656476093
agm005874133,15.136992785347887,5.047307797178461
agm005874660,9.739750996590221,1.084912038819855
agm005880011,13.33010013880367,0.6361774189370166
agm005880071,17.351110551579804,3.6848840816893023
agm005885787,11.765118361454325,-1.9181200424893063
agm005887875,12.979009358372425,0.9341855364469129
agm005889108,13.818919362989822,3.9108824065464374
agm005889608,18.089578803718165,3.298540059247236
agm005889835,17.6066906278082,3.780320019695424
agm005890309,18.776590260567676,5.2388145325924205
agm005890346,17.968749605035946,4.446320622379422
agm005890499,16.535689117791815,1.825060168489621
agm005890660,18.57633634986793,5.128312056141934
agm005890673,17.65929096556966,4.734101844805739
agm005890866,18.075361332981533,4.945362324370593
agm005891401,19.320485683707403,6.156338485928184
agm005891419,19.25461979848797,6.168711435832871
agm005891906,19.22345288040344,5.8176830962170625
agm005891937,18.30948772079182,5.389196545214897
agm005892036,19.825606353400985,6.060165761936484
agm005892166,19.122236192762436,5.703399396970203
agm005892258,19.147237002423875,5.722722436388358
agm005892870,14.153851933690161,-4.459946201809004
agm005893875,15.475565809068806,4.7310063766934425
agm005894750,15.624623010726314,5.149036249411625
agm005894769,14.930436496405841,4.852136656308857
agm005896020,13.310027064306007,3.765084704059986
agm005897429,18.58868085395519,6.396705627884691
agm005897791,10.590546961411645,0.4184211714537085
agm005898686,15.472486024682516,2.8900789884289138
agm005899816,13.93223819901974,1.9504788322818292
agm005901596,17.206555599137644,4.546983562873947
agm005903358,13.988419954913775,3.7694495259641156
agm005904311,15.040213681629979,3.7360009216633374
agm005905659,11.76084361075844,-0.3240140229519047
agm005906452,15.427887695927224,3.5297684288217197
agm005906505,15.355209978415589,4.2241501314932295
agm005906609,18.858480173171376,4.003801730446031
agm005906860,14.737321498724336,0.030253399716715517
agm005906936,15.274622130042248,1.3701961650380525
agm005906955,17.139059892849463,6.557081095639631
agm005907060,17.573251373098014,6.3659401777360936
agm005907070,16.731098378677988,5.816784630209675
agm005907111,19.03531942858692,7.943712898639286
agm005907220,16.99774776055286,5.359276053313759
agm005907305,14.222221926036509,-0.18304384278806415
agm005907604,15.76060580686845,4.746964203165804
agm005907820,13.861336988958543,2.7826946180429357
agm005907952,16.85076911011892,5.6185593614621965
agm005908029,16.14977961205724,5.213600159561776
agm005908170,15.810532907351034,5.097221397477555
agm005908360,17.36837109008376,5.759333060371401
agm005908417,17.326613562202272,5.9288318018670365
agm005908519,15.672117044851772,4.952336778017681
agm005908539,16.48744746407766,5.367769959122882
agm005908570,16.56105630670711,4.320969834167602
agm005908735,11.3990985325053,4.8782481448985795
agm005908886,10.096799485795081,-2.6009421477930275
agm005908942,18.564060390945734,5.0222206254637465
agm005908976,14.268304272998641,4.278439835766362
agm005909249,18.42400292091069,7.477309897074048
agm005909257,16.920016897551367,5.901477192976827
agm005909621,15.004598173933308,4.912038695486205
agm005909659,15.690383830646113,5.661439078025943
agm005909864,16.53827000633407,5.341992618417769
agm005910001,16.455244405997636,5.4612125961378295
agm005910014,12.797475140785966,3.7308624954344465
agm005910020,18.719393041027548,6.63355244296056
agm005910273,15.163719455036137,5.269379213524646
agm005910503,15.005720069861814,-0.29998505011535076
agm005910587,17.960609523402077,6.257698315875261
agm005910599,18.506892640268706,6.4535330831209015
agm005910763,17.187445541274307,5.503790548603361
agm005910984,16.207937081619534,5.07268613119165
agm005911136,16.761551428831407,4.80818485646466
agm005911184,16.069037023333696,4.536645309066396
agm005911198,15.57399266536063,4.784337119819095
agm005911217,15.440582342419283,4.815585835882221
agm005911233,19.504557085153987,8.099216469666858
agm005911238,16.92560201089267,6.222980613022287
agm005911254,17.13823665511222,5.994413241539509
agm005911350,15.864476350390559,5.539518320717264
agm005911768,15.943089467124091,5.770444087311681
agm005912660,13.597324680423702,0.2236204068567993
agm005912820,12.076469055603114,-1.2591322065076973
agm005913767,15.303401247736431,3.79356733534285
agm005913768,9.270033735968486,-3.215643162144157
agm005913782,14.669607598524108,2.7833086552136463
agm005913810,10.973458161820453,1.8760135397079032
agm005915138,18.696903434512453,5.06054580013644
agm005915563,12.449469061925626,1.3067928725837554
agm005917845,13.198791925873564,1.5242572952299995
agm005918172,14.978961284414462,3.060471590371121
agm005918230,15.282893366763249,2.677040266940791
agm005918235,15.370148534556588,1.6569807656744495
agm005920035,13.579713898900822,4.853517162279435
agm005920143,18.38623003007723,8.318011565054494
agm005920174,12.47181221306078,4.518595846886732
agm005920861,13.922787389206446,-1.9229121959324367
agm005921498,17.810349473141503,5.743791062146069
agm005921526,20.273919883493217,8.684418207518904
agm005922134,13.763878328587946,1.1628450414635645
agm005922224,17.221539570412283,5.6095273163722394
agm005922304,13.248909449309565,0.1366915269195644
agm005922505,16.08220727331082,3.7194970810477317
agm005923438,12.01739688566548,-0.7126713355571809
agm005925240,13.614525163498788,2.1795676080393838
agm005925277,14.973904844072086,3.9025857491084666
agm005925301,13.866237325807958,-4.977282899974628
agm005925556,15.915288881418912,4.286723002324395
agm005925670,14.336017804708112,2.5665220298458715
agm005925683,15.758625260922624,4.122640695591956
agm005925810,15.085308759211676,3.8911445588707236
agm005926294,14.653348800140506,4.318454757625136
agm005926523,15.945573083017383,5.066868477415228
agm005926644,15.560106347074443,4.923408744859532
agm005926693,16.283213775229928,5.161790517043575
agm005926731,15.888250672461874,5.079051145312347
agm005926796,11.107911087932944,-0.4728621394899072
agm005926811,14.834902496676895,8.015449760216955
agm005926930,16.097226355882967,5.604553396526585
agm005926986,16.174204667859563,5.436070865315193
agm005927101,15.983142378000721,5.345881585925805
agm005927199,16.54288576807359,4.276604176318043
agm005927659,14.528537565944522,-1.648276793659835
agm005927748,13.164986164645512,3.5756867537501074
agm005927765,13.915533068145752,1.3290108415099247
agm005927847,17.561267060640695,5.0645379427697375
agm005928127,17.011854127496953,6.348072731179629
agm005928272,16.59424370426585,5.8532893993444715
agm005928287,17.49843484114117,6.257951259022095
agm005928304,16.621403194646284,5.839605308508051
agm005928352,18.42372496529858,5.285355638079578
agm005930089,16.947658268153432,5.566339823234443
agm005930593,7.6502187198598675,-0.8666533655306011
agm005930808,13.443097977767474,-2.253983903104531
agm005931994,11.991134518651068,3.4746424092002677
agm005932597,12.014874324161497,-1.8680498036970274
agm005932741,11.187912740682895,-0.2599564378703387
agm005933040,14.980412127395345,3.115763808472344
agm005933131,14.840655787749112,3.3886489230521897
agm005933229,16.694338820048074,5.594120348102606
agm005933259,15.982595011899212,5.290181916734746
agm005933278,15.871984075268491,5.27433227105399
agm005933313,13.634390806893018,2.9045807504610885
agm005933324,17.476130925599495,9.026572573336045
agm005933663,15.415813842112316,4.798780184037025
agm005933669,15.10217336012087,4.550823640363286
agm005933729,14.171959807298807,4.213398691392561
agm005933813,12.552693625142703,0.5041168343415237
agm005934095,15.129528727272225,4.848018933011131
agm005934098,14.96566608344341,0.10911286536334686
agm005934107,14.980683003172166,1.1911954504226923
agm005934800,16.106350585586195,5.653374099160248
agm005935726,14.915873493846261,-0.625916497734386
agm005937019,14.285046196346627,1.3618264617984521
agm005937123,13.408840457253813,3.6398032160585485
agm005938182,13.004262683772136,2.4706959808482574
agm005938437,10.650245370840318,-1.7378840391766968
agm005938558,9.883281423460081,-2.250912023871553
agm005938677,9.69900935456747,-2.4117738384023397
agm005938690,9.705863302001655,-2.7262414947928915
agm005939227,11.72681961672907,-1.8470638151080272
agm005939355,16.328034862199285,1.4409921653026898
agm005939578,12.378432433138448,2.490556284583777
agm005940104,17.009489402779714,1.0306595846858115
agm005942162,14.67062940753284,1.5816565618745564
agm005944335,15.424459724823217,4.858351638936221
agm005947483,16.877536449774333,0.7429877849680636
agm005947570,14.863195379926115,-0.7572277602073214
agm005949803,13.860712262533045,1.8613620706160128
agm005950105,13.724464318600084,2.5707937855719565
agm005950177,14.692799382690357,3.9051945107843076
agm005950314,12.275399548919214,1.017012727007404
agm005955974,16.0524914401358,0.7242543122747052
agm005956255,13.601738174841262,1.1620503233514499
agm005956505,10.543416915302101,2.0392991203756408
agm005956720,10.585056479256009,2.1116894488631752
agm005956956,15.33667766118985,0.551076664949494
agm005957118,15.584713351061348,-2.45914121862572
agm005958042,14.397569775674805,4.902556399254393
agm005958548,9.727623788414526,-0.21301224718672743
agm005958612,5.9395763427328605,-1.4179849753852145
agm005958793,15.811013526161625,6.3776258174419755
agm005959307,12.908081107329888,2.755097290473743
agm005959732,16.410261732110055,0.20337327196258032
agm005960128,16.331800981703307,0.9324716368659522
agm005963512,13.465861635113928,5.003744461266118
agm005965254,14.183035221209085,4.1302192651592025
agm005965295,12.512695102444793,1.2661139343268153
agm005965482,16.128917118857082,6.624851278675822
agm005972045,17.832592619412974,4.41190014256248
agm005972058,18.625339188802023,7.157555814750728
agm005972133,14.759159345550179,3.806549549361995
agm005972172,13.442743147362515,2.6504769371805734
agm005972311,15.191148761928087,4.348353338640331
agm005972584,13.168103133650519,2.3431908169759104
agm005972626,13.618081624280336,2.117058251208429
agm005972680,15.264202961447959,3.662841605431784
agm005973134,12.768252874548084,2.083326124768515
agm005973181,14.387661472218175,5.240102630151038
agm005973259,16.081486442939855,5.960176523551904
agm005974023,16.68865415516563,4.218533858289884
agm006185041,19.225945507870293,9.882252969538865
agm006244508,5.894179157227478,-1.8070306018416011
agm006244514,8.060729908137871,-0.3567659440750866
agm006250425,5.239313524489868,-2.5134272883268216
agm006375724,6.075481728283211,-1.2191122238203207
agm006380137,9.012150078511235,3.5958970624689304
agm006380305,10.246355066121307,4.582094704560901
agm006381615,8.396355927554678,0.3989746680010896
agm006387056,11.247045534086963,1.2606348774328928
agm006391904,11.142974000091975,1.5010525495827889
agm006405482,8.826365698054678,-3.556204603221901
agm006419766,14.340937065486978,6.930584059599167
agm006421402,8.458498913823728,-1.2905342052570226
agm006464260,12.774722793156293,3.7797148636386053
agm006471507,9.891278459403063,0.775042802692294
agm006498905,10.055299876650347,0.6735396240108571
agm006527518,11.88983109771809,1.2227590376578796
agm006616162,6.391295395558148,-2.399084059455735
agm006617266,13.609387738124866,5.963741565658455
agm006620029,12.618921268448494,-0.7281387904274711
agm006631948,6.834605662814564,-2.184691381981441
agm006632236,6.4528178073936475,-2.7479825019497177
agm006633476,7.688924568697648,-0.4867323573327346
agm006668187,10.209192559116376,-0.6910322108187987
agm006675001,6.7451192223828125,-4.805441360664631
agm006675723,12.0546700567742,2.252968752786829
agm006676269,9.770305081310031,-1.3368811807547363
agm006716390,9.897582399941369,-1.6499762348383271
agm006716895,10.984640425243105,0.998408485467993
agm006716973,11.222612751045203,1.670152251103742
agm006824546,8.773137589421463,-2.4446067439299703
agm006907774,12.32049642344813,3.523558182725084
agm006912301,11.963532668427582,0.022281350608073087
agm006912508,11.367161713740792,-0.2685773061159189
agm006940460,10.433974099625578,-0.8297018121879406
agm006979682,12.418455870041617,-0.7802235486305484
agm006982603,11.72639840048607,1.164253227908075
agm006982826,10.380713089162862,-2.7999851639758444
agm006983364,11.715881798871964,0.051009743718343735
agm006993993,10.088949763076863,0.0011601168102028936
agm007043693,11.810115183612933,1.4354113653023655
agm007044399,10.753592204561752,-0.3996434553107395
agm007044488,11.845095698875964,0.7687943996475779
agm007044521,11.114778353886951,0.3403289484758423
agm007045279,11.385919854051833,1.8168435744298712
agm007049514,13.802241432890323,3.8882557472937864
agm007056727,11.745138875050682,0.6442905123658855
agm007075807,11.562764666216095,-1.1361953881238653
agm007076130,12.466265534322213,3.887354936679653
agm007076918,9.18379454307622,-1.6402074036062002
agm007080800,9.4805715362557,-0.7307602564379119
agm007081128,13.362147007420713,1.5909916695446098
agm007100780,11.543826608914078,3.6143216692252302
agm007288464,9.303832284403521,-1.710652830912462
agm007305751,13.290319494218192,1.926364030448532
agm007308847,12.972626565663342,0.5588489046898509
agm007309702,12.895677737422664,1.6693175718226783
agm007323518,12.830622451190639,4.424776627502737
agm007381324,10.32131427669665,-0.5599772578317657
agm007383408,7.431049157183814,-0.4283402587910503
agm007385582,9.61780847318752,2.791190551492363
agm007532809,11.716668121182199,-0.11437352790188271
agm007533558,12.434916878082678,0.8932898992095941
agm007534159,9.721040317710457,-2.468021521288823
agm007534170,11.247908888043074,-2.0598466602626733
agm007534307,12.821080428427003,-0.9214151369662327
agm007549370,10.942850943034639,1.6043840680291757
agm007553548,10.704203250385616,-1.349159129621409
agm007584816,10.676168135335486,0.9494858681268381
agm007590735,9.599475223908152,1.8477862956187558
agm007590751,12.093204307486072,3.48129676481972
agm007593545,11.315084515710575,4.097531055385718
agm007836839,16.761921783645462,5.425476920054902
agm007837299,16.353211648628122,5.2801510602914
agm007841331,17.452884073720824,5.6293031040470245
agm007857457,15.444363758885965,0.6016897178215018
agm007872444,17.519570747825632,8.43902173695702
agm007891523,14.711027596740982,5.3761681762840805
agm007899943,12.660494057941042,-3.2397938301778995
agm007905760,17.919518917757173,9.293401071545729
agm007939000,17.07185335045321,4.707912778988847
agm007939455,17.133732753562413,5.512934587713419
agm007943225,17.79766207300799,5.857491781183913
agm007943412,16.760501543379405,5.418941644570933
agm007943979,14.450500645745487,3.8414287858751157
agm007953709,12.356584410698519,-0.5996714182742615
agm007955303,18.066334254419726,9.859587832588208
agm007955453,17.030869813260985,4.428029912110427
agm007955593,17.56681290950598,5.667628575043729
agm007955598,17.159614721906234,5.49976278711858
agm007956468,16.646072666662644,5.361598614197997
agm007956545,16.251285070936127,4.669496819772737
agm007956576,16.766612721832608,5.54999844261999
agm007956722,16.373735974549998,5.273179695144419
agm007975486,16.088687911678107,5.312587571941103
agm007979304,14.502809940533188,-3.4207598072120433
agm007998851,10.642655048652879,0.8222453536135189
agm007998893,13.121996008932447,-1.9478839408227675
agm007999104,17.433139216400647,5.723857929803806
agm007999154,17.019161065415798,5.512755764426994
agm007999225,16.25750969542732,5.237567866229886
agm008001808,12.738571072642848,5.9178067884083445
agm008003242,16.370041242288355,5.2895161881129305
agm008004413,13.075829786222931,2.497931820892281
agm008010851,10.400218185864679,-2.3734402704279938
agm008012955,16.79785213142419,4.833405036502623
agm008014034,15.015927478149205,5.782652833855375
agm008015918,17.034272922350578,4.911605484909065
agm008016287,17.057474885435106,5.595879572340512
agm008020423,15.734976078172387,3.253702618353904
agm008021582,16.745904956990987,8.043708512402786
agm008021714,15.67682990051018,8.468378459878553
agm008021786,17.770432308250367,4.360819505264022
agm008022428,18.096868695877145,4.478862670107909
agm008023310,12.068855253998203,-3.3738229886182296
agm008023384,14.414064935995194,0.3157020109003099
agm008024720,16.01698214953595,4.181304825981807
agm008029827,8.439482786613903,3.1064800959778998
agm008031180,14.987877377067038,6.183806777231012
agm008032343,11.569034875645354,-0.12305007793413658
agm008032367,12.359179466438713,0.9392398274584384
agm008032389,12.796235556901292,0.6747909178504186
agm008032450,16.542714605681354,6.098195926542864
agm008033151,17.026457662384523,5.480991264632815
agm008034326,16.371778267629573,5.342603883893298
agm008036097,16.856347722731662,7.302333445871529
agm008037988,13.415981051725298,9.88443353347194
agm008042403,15.174809165006746,6.828732331890177
agm008042460,17.675678680557233,5.813026971837912
agm008045481,16.77909965614887,5.464853121651718
agm008045564,17.163628225568065,5.592431788881254
agm008047555,17.497455638690717,5.293734004532813
agm008047717,13.378012135770206,2.927417565295316
agm008048072,16.96417109254232,5.463370906226564
agm008049199,12.625304204251691,-0.09909504026500097
agm008049815,14.591382718978311,-3.709275624665595
agm008049952,14.48724453969123,-2.251020991067327
agm008050601,13.361491273874712,3.9899002878057037
agm008051615,12.242483029734663,-2.4252053906104103
agm008052549,16.984198622597404,4.284166386472555
agm008060396,17.67835422073095,5.775113628133117
agm008061010,16.85045571102115,5.342035217213305
agm008061071,16.52419720975772,5.3233123034300185
agm008062538,17.214586110373663,4.887556037575709
agm008062985,17.2662590260363,5.508323743204154
agm008063638,16.49758320862869,5.372508525678834
agm008072144,16.679407833405897,9.307000014564892
agm008073622,15.457996887004708,5.213887230796454
agm008073719,17.114102985413638,5.54523727403829
agm008073831,17.578921768313865,5.7691919197797406
agm008073960,17.460084345184754,5.754934302773532
agm008074129,16.251639268665237,5.267033311122757
agm008074199,16.752255421618813,5.426994438572156
agm008074355,10.457963710464794,-4.015335315080789
agm008076156,16.94100229056286,5.461348551501862
agm008076716,18.128549326226555,6.185457485028882
agm008078054,14.051626683543855,2.600812086664456
agm008078715,8.929967321540406,-1.4848747428439288
agm008081407,16.081277147836666,5.218956639125149
agm008083608,15.467464790961643,6.211539685766711
agm008084858,13.819355700550819,3.323694402938538
agm008085817,18.089138727039668,5.963198195031605
agm008088625,19.826230103831087,7.2931178712657285
agm008089403,16.590603746274816,5.410847107156234
agm008089523,16.020269201373665,4.560582927829209
agm008091246,19.870451557538264,8.071370312292691
agm008091258,20.00152105726796,8.091475557139912
agm008091491,14.925129279078396,7.851171517904118
agm008094241,14.056500117148556,-3.9026796321393986
agm008094354,12.006869296758643,-1.6745238477921085
agm008095392,17.384361145055436,5.310527745472338
agm008095431,17.430638711779846,5.763136687611593
agm008095483,17.039803633522325,5.102200358421751
agm008099709,17.909393988728525,7.027261708172595
agm008100736,13.494360713997299,6.4495185242915465
agm008107755,14.026857140163127,-3.6726056628447794
agm008107897,14.071296340235932,-2.879277632978244
agm008108716,13.623456569440226,-5.141543528360849
agm008109249,10.964310981194721,-3.7770996034095377
agm008111726,17.114694661197355,9.07062209424333
agm008111762,14.757313211017339,6.953138801145788
agm008118541,17.48624418989168,5.772192015197451
agm008123339,15.202338631749331,-0.3063188526587254
agm008134744,16.698373856717932,5.31787720351413
agm008135991,12.101580685490717,-3.7707331327180675
agm008138810,17.06162101070226,5.485426008137218
agm008139018,16.716002452819417,4.166323842816166
agm008140436,16.90141763695645,5.483490300800344
agm008140633,16.484473621861515,5.266152466535982
agm008141670,12.414656162127336,1.5821417876835326
agm008143940,16.99421341271392,5.513982103375391
agm008144658,17.019343419180164,5.3951298725113395
agm008146668,12.398555765250409,5.898267596201419
agm008147758,15.490152135887827,8.728564022419588
agm008148637,10.912049356748419,-3.773303435310881
agm008152052,18.315140585257474,6.0610057072996675
agm008152131,16.657335712831237,5.330372330011497
agm008152185,17.147883883695375,5.519419114934092
agm008152303,17.02237556314088,5.39691804590633
agm008153544,10.574486518683656,3.274439630050662
agm008159153,14.15014359836583,1.8843727966323314
agm008159848,14.690923388612122,-2.368220490384663
agm008159901,14.355604872049883,-2.245290804020584
agm008160735,12.640179840225798,-2.6872448851045463
agm008161821,12.24395644258903,3.939558579188846
agm008168424,17.494794509559465,5.742323391420837
agm008175934,14.042862054147124,-2.395219103619406
agm008194169,14.481198590213618,-2.434890945489588
agm008199382,14.78423824225169,7.655700985578786
agm008203900,16.874351824850525,7.414116078876355
agm008205227,16.293861956754785,5.358925669227645
agm008205935,17.037821857693814,5.547390688839254
agm008215645,15.342850945014698,4.800914577490128
agm008216416,17.04228223970709,4.066525245191627
agm008218537,9.724447661134228,0.41565360697917697
agm008225828,17.409641482763735,5.590356713098996
agm008245098,11.355544734128893,3.4261561375028755
agm008252295,18.489211525661236,3.29939735305828
agm008253035,16.759367712078088,5.3891475672435725
agm008253117,16.756857127621867,5.432430449789249
agm008259123,12.680732931349127,3.8908690195631475
agm009628081,14.819699228181564,-0.018138130997130908
agm009902156,13.774602765958445,-4.25830752327848
agm010132175,15.539476590254464,4.195861799507432
agm010132331,16.970468516708447,4.957962678512871
agm010139614,17.05078292264493,5.497508580704647
agm010143864,16.185839309309095,8.170393220810762
agm010152592,17.63335251133122,6.39305653046159
agm010154292,16.33624888454627,5.299926454726058
agm010154546,12.278966683786145,-0.7272304994416446
agm010158754,11.727121764321936,0.5449898431280454
agm010163645,10.568946308451112,-2.9707219940305136
agm010165822,16.888939724201453,4.6027282420667746
agm010167437,15.364000428869092,6.174226075767375
agm010170525,16.76442017940881,5.392742536979607
agm010171452,16.480576601097862,6.757616680661399
agm010174870,16.945917872347117,5.447809787758506
agm010176768,17.40061051761162,5.682550079607617
agm010181312,16.936222668894736,4.019651847430356
agm010182303,17.696248696935847,5.687965181462036
agm010182397,16.796446336912144,4.001469953260335
agm010182911,16.935889138787456,5.479163859631171
agm010184473,8.960553776538138,-2.7073387647340716
agm010184881,16.90671033133125,5.487593614890971
agm010185167,16.669961969983657,5.2917086049159545
agm010185701,14.86594092124668,-3.769474817084897
agm010186039,16.90710351298002,5.4396737426834
agm010186361,17.501608195174942,5.360506751248553
agm010187722,16.119910231936025,5.3530985864448235
agm010188473,17.05870021281326,5.417488790991333
agm010188609,16.783522910650873,5.538749325739924
agm010190999,16.712880285762772,4.133735485488876
agm010191080,14.202314998275954,1.6946919386100288
agm010192263,15.764980570275261,5.301430599444198
agm010192272,16.09294076421551,4.911424238828741
agm010192480,17.079857291644696,5.5282016340934
agm010192624,17.558303364644164,5.664045222275763
agm010193584,17.20886987434479,5.606079746203752
agm010193744,16.18678339692577,5.231085209922275
agm010194062,14.96450558703613,5.108657545250484
agm010195028,16.650269751024386,5.3211782869417625
agm010195165,12.901889759752422,-1.113433797638012
agm010195412,12.819521864593582,3.583846146456055
agm010195919,18.137535019506455,6.012866566914703
agm010196620,17.4961902739489,5.625453950753379
agm010196640,14.136256946508851,1.6499453427535424
agm010196743,16.174769069067853,5.218969430405756
agm010196937,16.552028707997763,5.351098331389802
agm010197421,17.054783169131102,4.565714546285903
agm010197690,16.42882760452715,4.395154804446246
agm010198733,17.07379108262533,5.526633814122998
agm010200197,18.143286451583318,6.009746003404413
agm010200779,17.98421361951036,6.806059672824112
agm010200959,16.59680659780942,5.280392860060547
agm010200976,17.450507917451706,5.767751778484005
agm010201574,13.356354692658272,4.916897185380033
agm010201872,17.37823878796387,5.668869206790485
agm010201952,18.414177215906673,9.134561877606775
agm010203349,17.52512162767663,5.727133442948921
agm010203617,16.069160770313708,6.938573554156989
agm010204294,13.386372388172935,2.942983959715843
agm010205616,17.65647453203611,5.314083646384722
agm010206631,17.082307625993828,5.650677126542933
agm010206765,12.44402675722469,2.9221478346106213
agm010208359,13.402476253179536,2.9788683614272795
agm010208499,17.415237098511493,5.5171937276741145
agm010210562,16.552313308482226,4.18768663978566
agm010211755,17.098932048407896,5.095648670116438
agm010213342,16.280082665667216,5.37147764485911
agm010213876,11.516436429176435,4.005060943739761
agm010216264,12.720882813826647,1.98790301430011
agm010216324,12.992944097381121,-5.1674750870366
agm010216555,11.346890716032007,-4.060233960890404
agm010216878,17.684144308236935,8.543571175352877
agm011088416,17.37803488467032,6.5847633964899135
agm011089396,14.775446232451756,4.883059509165996
agm011090087,14.663400697484997,4.399274788704436
agm011090679,14.733900769819437,4.79544737322564
agm011090743,15.46969350572758,5.2978303688077295
agm011090856,17.51206736392787,6.402404012859201
agm011138262,15.112439367349259,7.354633864398614
agm011138351,9.356311317892425,2.7419471017646777
agm011441659,16.113573809152083,5.297441276037242
agm011468141,15.962867799357646,5.18870945391342
agm011473752,17.292526103333795,5.519420228255649
agm011600447,16.061842571431164,4.590392307504462
agm011696424,14.04844925306125,3.7639413770855987
agm012004566,12.702530256440667,-3.249803458437353
agm012021056,15.783310390604044,5.5118161254907
agm012103479,12.07602875218766,-2.7717705761715856
agm012110299,16.35833028896858,6.131624692712992
agm012113023,11.418367128780055,-1.336670967820466
agm012122720,11.911466915610129,-1.5653889513662567
agm012192686,16.723191056459342,5.612984221417826
agm012310534,17.257898285772352,7.157443705428245
agm012332217,15.46449189142634,1.5017438956654736
agm012401136,15.468323742340926,2.8911108891062365
agm012403874,18.121642638491483,6.394443704170297
agm012413505,12.506889570758844,-1.2177194568614549
agm012521189,14.652000763934671,1.1879139026394263
agm012560804,10.865560127056256,-0.13019725020794226
agm012567960,12.639142183274442,1.1602579799585002
agm012640057,16.525395059853487,4.344576455519713
agm012737521,18.00335855485312,3.485278008460748
agm012767450,12.771287141266916,1.4341104612009044
agm012779727,11.016693691157835,-0.30215071971698987
agm012854090,14.595454530489382,6.296482589112625
agm012908513,16.07912341241974,2.611644706618854
agm012923806,15.125045099291988,2.1261886878737193
agm012977330,14.347869641101244,8.352830480629425
agm013160744,15.629126084511904,2.0891189143250615
agm013173269,10.874489975450233,2.450331556213051
agm013220847,16.735044701818595,5.388058357977331
agm013349247,10.719596198376843,1.1145634736705592
agm013362151,15.024003485845917,2.8619511844189547
agm013386778,16.666904912325545,5.272667728816729
agm013462024,11.314762987101918,0.5631382189952348
agm013688730,15.226236979072775,6.07161438676371
agm013852420,16.227302211666238,4.610561735386567
agm013873763,12.309196019072823,-2.916907813634893
agm013916012,15.462774907276996,6.1348212540937235
agm013938164,13.984385969983492,5.608782471702815
agm013975329,18.86528490902789,3.874693852945688
agm014137181,18.013641911779462,5.894519194206142
agm014170057,11.949431772936105,-1.989328821583959
agm014179099,16.96973279313312,5.416105747430317
agm014193852,12.048574063759121,-1.8296746917401514
agm014199315,15.130139410342181,-0.8400912956465447
agm014304090,17.579302670475336,5.864687255838338
agm014345390,13.608449507345508,-0.3145943694739515
agm014407251,13.56818960318134,2.391911858191722
agm014432366,17.013303122157886,4.807337149820629
agm014479225,17.054787587524327,4.537336697363413
agm014524328,11.933125273160298,0.6018820127767412
agm014578292,17.413060873217447,5.630370261513098
agm014599556,13.38814985087464,4.8487237245977255
agm014713500,11.148516783650251,-1.4740514841987942
agm014777643,15.242990997137543,-0.8112802232146485
agm014793546,10.628894562696317,-2.004564303447765
agm014808984,12.858391096714865,2.1471524023562436
agm014853698,12.45089387607954,0.5931217307700637
agm014869037,12.440476479385847,1.482653840292592
agm014915092,14.466029484526569,5.241142514040184
agm015170817,10.057467189369328,-0.912996417693984
agm015201282,15.580753632596966,0.6079560859140856
agm015207847,17.073859254770323,5.198699964173482
agm015219380,13.773614006756906,2.232370796796095
agm015374207,13.855927930403928,-3.103916140693184
agm015386376,9.766241142124262,-2.475522635926141
agm015510645,16.760360188088672,4.720997970457044
agm015601434,18.209615589189088,4.747297691250619
agm015603685,16.682934750927924,6.338998531721548
agm015725705,15.709582412297001,3.845534634305593
agm015775660,17.317929555686877,6.75796830027434
agm015788544,14.333858955965331,3.6985374357527028
agm016203725,12.189543181154042,-1.0570242907116523
agm016261994,14.925640157881409,1.2166979885192433
agm016452139,11.367139512939781,-2.2062810478097252
agm016488082,14.350827219435017,4.703526203444361
agm016520661,10.52879821979621,-4.126265730340299
agm016692370,11.018460087256598,0.300941316497268
agm017108216,13.528916984195776,-3.4864622241751966
agm017358307,15.721038151866281,1.8734229009068493
agm017383628,14.102528519473452,0.611925707917699
agm017578893,13.605585725956852,3.890435050730509
agm017787461,16.11565654574374,5.779078118524782
agm017910208,13.21504513914853,2.9222334677315076
agm018237147,13.150335248980776,1.7458593258599653
agm018312543,12.492950438852455,-1.6068471777315416
agm018630176,14.506422454054158,0.7969659641913805
agm018672718,12.914832028523259,3.7390819759663914
agm018846712,11.101969874869733,-2.4137276722050203
agm019052755,14.249774728939542,1.8289103966801976
agm019058405,15.664173150954818,3.945793821824235
agm019277158,14.238308761317214,0.5899830197911804
agm019325283,16.100469974108627,6.022933771858817
agm019327468,14.714910158438267,0.31348997750726565
agm019383947,18.40011523314359,5.2400060749012995
agm019384904,14.814303368691565,1.918573875185305
agm019390409,18.296430056587813,5.003639512301117
agm019391716,18.348754650754113,4.963823938659317
agm019396523,17.095313602823662,5.093185804385852
agm019428951,15.3603336447974,1.0031015665537089
agm019507614,15.32383816620574,3.1889262828614826
agm019573091,18.45379505945923,4.535651316238008
agm019573858,14.097329936989578,0.5865298888644958
agm019789883,17.27242019647486,3.9089278144917294
agm019944708,17.59402278129836,4.471778019326033
agm019957202,16.649323058274003,5.321109529533263
agm020007692,18.560656109021462,1.9008051276059241
agm020149089,17.025244713043097,4.94306468703647
agm020266597,9.72201464895406,1.8878997820522045
agm020267873,13.959750447025014,-1.4877080888254437
agm020287097,8.987419519406265,-4.909581811916074
agm020554470,14.285655773230213,0.8283601279990668
agm020590753,15.515181102368729,3.8396846810122893
agm020702133,9.472354788438174,-3.903550465313781
agm020842886,7.549841708209687,-3.3147055210249516
agm021097834,11.674491704475573,-2.5144461990807607
agm021177519,15.917109577559115,5.719651830833001
agm021243229,12.999253945720554,1.1413940458278813
agm021258972,13.426693879947031,2.278065125702279
agm022169397,13.060643647505383,2.152959007417601
agm023579109,15.038498551218822,6.215659033705171
agm028360408,15.184995304708664,-1.399170362315962
agm031053121,10.581440115392615,-2.2267455117459036
agm031076615,12.5080830047875,2.2457686760208024
agm031081640,13.162806737633153,0.1228268222600472
agm031134027,17.579311625613382,7.598617770026763
agm031181492,16.591964388583225,5.206666010032943
agm031197498,13.817892894038442,1.7933167042990363
agm031226091,16.813196907439803,4.381209540328797
agm031366540,16.2867029505916,6.14667505325037
agm031416881,13.858588896099327,4.4031876742639655
agm031513630,13.761087311875649,-0.4331375795944356
agm031632681,15.528088563419756,2.427879139730448
agm031779785,15.462300722537869,-1.87762902490613
agm031792319,13.996228875559583,-1.7647407973702514
agm031812705,17.76361356906761,3.36474577286697
agm031819539,14.803636482300561,1.448207330498794
agm031855991,14.519638491328143,1.9915085008163615
agm031881173,14.543889669631199,0.2304035571139297
agm032006245,14.314109316354445,1.4016134000702365
agm032075365,11.594312403555733,1.770755490946519
agm032116309,12.229170837774431,-1.0507186755962568
agm032210382,14.195807869764863,-0.44212025543517913
agm032270065,14.653892717033878,0.2917007627844204
agm032281107,10.297548936191284,-1.079977601337772
agm032302034,10.98966482765888,-0.4498254648448186
agm032414126,17.89672063598141,7.038486168385126
agm032478274,16.42384221479572,6.741951087035918
agm032551116,9.752912379679724,2.209094938008999
agm032558563,10.987614576879785,-2.772168930650274
agm032739509,11.114099134170418,0.1113724015819398
agm032764363,17.178826725806143,6.597747958228335
agm032770781,14.690677839979394,-0.11721838279997598
agm032796661,14.830511536917028,-0.1217283667457399
agm032841206,15.104614311289863,-2.1424151988214604
agm032871362,17.19633850099269,4.7567498838477045
agm033074582,14.38532008346374,0.5925886626880809
agm033132677,10.691404449053229,0.6432544897050612
agm033134656,12.41788487672636,1.1131021673117847
agm033139417,16.802366705659512,5.807692777037876
agm033139550,18.247077202457383,3.0467141228753456
agm033142293,13.823248056771432,-1.2825293128795845
agm033380449,13.517556839521154,-0.15510509485773127
agm033380460,14.759422798184069,4.989721741453736
agm033404383,14.41470386708071,0.8880275140055218
agm033417768,13.748336315262518,1.2030426746387366
agm033424924,17.718081894549595,7.394163048047967
agm033505843,13.850308115204578,0.8562935793123702
agm033545494,13.317931242737194,2.891840923581825
agm033548110,11.087385414272669,1.3984328865035842
agm033548266,12.489226602342553,1.1257729891389676
agm033562785,16.878664951794214,4.714558312968504
agm033578838,12.292274536238248,0.2801764975195577
agm033635963,20.003785080386148,9.4039589488789
agm033671908,22.216954051996215,6.388661378999295
agm033718521,16.786947475283693,5.644444302902354
agm033746396,13.382917890679616,-1.5868223844402312
agm033820258,10.772087660948843,1.1420635404534263
agm033903286,21.288164352040024,7.4989753868490245
agm033976844,14.475051505411491,1.931324952860508
agm033996079,12.820439461878378,1.9638204083261748
agm034019527,16.95172912264501,6.478955738635349
agm034184582,10.754069804829022,0.1410655589362868
agm034293206,14.239887483102168,0.755452982744996
agm034308768,12.429020490821333,-0.7115809116914498
agm034338280,15.37800223475891,4.470476113750064
agm034373268,9.131516752491146,-1.3409392702748744
agm034415352,16.37691187037017,3.890745406167374
agm034416781,17.14973786228256,4.801584329212733
agm034492254,16.545175728002615,5.175842450608418
agm034594732,11.664344243748154,-3.782272150519939
agm034712438,13.9564468976382,1.8281147008781786
agm034717620,16.301387962107004,6.122939828850188
agm034743584,13.64358745192762,-1.6517496811953798
agm034755995,11.055945725393537,-0.6430455900606896
agm034787686,14.386817650832619,4.886902422716506
agm034795397,18.36932745752403,8.340779206050025
agm034835730,10.587455263013586,0.23960919060870603
agm034875450,14.756713811070286,6.439572236958824
agm034878806,18.043505902230436,3.2357161502682175
agm034879118,16.630696362150307,5.152288241637945
agm034909723,10.964465922757334,2.6242281602338067
agm034914590,15.618486983665143,4.738316218314309
agm034976681,12.093997645498582,0.163038385768863
agm035018476,16.825940896149362,5.318027738823022
agm035086558,15.047685965773146,3.1761171959164165
agm035225697,12.121009015614625,-1.1838853927336512
agm035256291,15.527926276857706,4.58242832397326
agm035286771,13.307380951372709,1.5776359966813776
agm035292838,14.073396393586462,0.18901494662092824
agm035330454,16.872267754417933,6.439560242291601
agm035336033,18.12080192285286,3.85599598563858
agm035354220,11.129722824382702,-2.044854532542336
agm035403109,12.27078442593931,0.08540957592033867
agm035444236,14.281911215834329,0.6516521203274847
agm035545656,13.27122694815415,0.8136003039479078
agm035628902,12.739388383036108,-4.3582633015361125
agm035722046,16.512683616595965,5.130500138054316
agm035757346,13.494330534791093,1.5588610291026903
agm035790793,14.774417525646491,1.6900240945977305
agm035917435,11.307002914910152,-0.09209923689724005
agm035972573,16.12255974744332,2.759746776481706
agm036069595,15.691573438782761,4.3630042282030645
agm036210606,12.158306418318139,4.6333126345616025
agm036341932,12.080887854213133,-4.5795404255204515
agm036493029,15.215932467056128,5.853208051459234
agm036513268,17.503122835425426,5.747661983018719
agm036563554,18.49415912844983,7.619433235765036
agm036567873,12.077556200019053,-1.0319951578996083
agm036827060,17.087087830680176,6.859576828738615
agm036946266,11.26088996537644,-0.8508936365337506
agm036970084,15.69413218650278,7.214429838358799
agm037131534,12.265931120807714,0.2903053635922805
agm037219545,13.046633764693915,1.7094935963302091
agm037262586,15.48275593157411,5.698761168215541
agm037427117,11.245025561574325,-4.2820500227004334
agm037485921,11.385492813272007,-6.329738837138263
agm037535409,13.791425419975374,0.44528146198561486
agm037634837,16.51311628568327,6.700309739149415
agm037641523,15.710990674639971,5.808992615959323
agm037757730,14.547365432125504,0.37582634618262034
agm037874556,15.486387038059599,4.572318629582763
agm037891295,11.830859847199413,-1.262669170568902
agm037930437,10.843941486325889,0.22549846803018228
agm038144242,13.472020202767602,0.21353054070259128
agm038325840,14.654300635470634,0.292155193490179
agm038452895,16.868575646003745,5.260027673518121
agm038538948,13.568008797707478,-3.6506348119721195
agm038619238,17.31080060345729,5.626308485653072
agm038643047,16.620158234163004,5.2193452685644806
agm038798875,16.779839457313944,2.1360552147199363
agm038827824,16.94829104208916,6.459456707698362
agm039079614,10.615852937510473,0.2524866281162013
agm039214096,13.466995949932446,2.1803998894979704
agm039286936,15.598921158487963,-0.2083509687996757
agm039352188,17.53096633868209,3.3860721909161864
agm039384253,17.06575553941872,2.6657500841756434
agm039391848,15.905482095754882,4.837155156316069
agm039392355,10.911700298871493,-2.5266372183696326
agm039416217,14.034359568397415,-1.4109347999324566
agm039466187,13.77661341287912,1.3155230966585012
agm039482009,12.77722163709968,1.9530960730423779
agm039487101,9.971859037505016,1.1822981275215028
agm039621957,13.40944275646877,0.08793443517252797
agm039628245,14.538688842897715,4.593501780532411
agm039656398,11.58983766235009,-0.20950778185152905
agm039933136,16.773556993126693,5.327135861707149
agm040011824,13.020831394359979,-0.9215033447759685
agm040189302,12.206088363292126,-1.7581546157794865
agm040214963,10.825210284547628,0.7361052762016064
agm040435954,16.81883108029799,5.2430473669663975
agm040444446,12.575161510586115,-2.145413068549734
agm040463022,11.510326984035602,0.38849208084577425
agm040518097,11.86942564420235,-1.294626390904541
agm040627440,12.972943583694388,3.7139883623343963
agm040645361,15.439093830939859,4.504575386213683
agm040675271,19.771809597770723,3.4761330296966033
agm040796270,16.246138753490776,8.145885770987254
agm040809534,15.98757848475701,3.393762116846288
agm040810729,11.451245987357416,1.3735643236006336
agm040853550,14.982779961601233,1.6702071188044425
agm040949986,13.394837218244382,0.7256015853471929
agm041062834,11.085368897815314,-0.6086800731169841
agm041214832,14.593816492209287,0.6914116794716859
agm041237498,11.369455404854037,1.9000494635002205
agm041365543,15.059054865829841,5.8126662466008865
agm041423230,14.870031482178232,5.68573723895468
agm041682032,15.551913693209784,2.22519462292627
agm041688826,14.498155520472755,-0.4837547331353835
agm041699409,20.78218643670682,6.269280278021541
agm041726471,14.851432552568632,3.484971704442527
agm041793581,15.537231931073821,6.029935054539686
agm041918271,16.49092149235383,6.770945843625671
agm041977071,11.808156450357943,0.05546513644549359
agm042034097,10.747357500867242,-3.9831384836306576
agm042110408,11.365464057140123,0.637062991863063
agm042146267,13.366837553187338,3.2383321444142794
agm042232268,11.924008040959146,4.130893346765599
agm042271688,11.596430353708145,2.320521489456729
agm042407943,19.746435629459953,5.628279024862465
agm042428579,11.647613808731874,1.1967586730114494
agm042510531,12.111917427643837,-2.830792570658718
agm042736050,19.008645536553395,5.085079665688411
agm042832020,15.623150266754934,3.5774333932241604
agm042918042,11.65783690341099,-4.458296082223783
agm043102424,19.663601920393727,5.543665423364904
agm043344049,15.207736781351755,3.1616970644410167
agm043350123,10.259531307585922,-2.70908478834849
agm043577218,12.554841910512485,1.1441901577522344
agm044603963,11.623565820780867,-0.7361166063118105
agm044758917,20.52636043718504,5.649063843795684
agm044992392,12.552849429917373,1.0863327163892555
agm045249968,13.697124419803012,3.586733277114932
agm045298996,12.266427296852351,1.4840849474770181
agm045949129,13.523310902975842,2.810170812582833
agm046066198,13.31325326890537,0.08858945607932729
agm046071820,13.834261709220106,-0.9913545403980564
agm046093453,14.840072768702084,5.307456602884556
agm046110206,14.773262418404874,1.763669249892765
agm046232287,12.753713013020828,2.2801778686635927
agm046302397,11.74944561329312,-0.5247248289941832
agm046353452,8.594052512212505,-2.640493424609429
agm046402477,12.99211060847336,0.6419537381218182
agm046448994,13.825072290204814,2.6246437562489255
agm046449671,11.448626232942338,0.5039548817258144
agm046736258,14.07806096396335,3.059153115474166
agm046884723,10.670460116357818,0.3241161975092523
agm046901051,17.49347201207966,6.577279662154379
agm046910527,13.22050957127732,2.970329763114435
agm046982599,14.129511940274684,4.58554019466164
agm047039985,10.705368541934144,0.7275925993450686
agm047085581,13.149053915631974,-0.035423572840881455
agm047139790,14.38742976001278,0.9978538782025375
agm047221883,11.488003110598719,-1.2405715441187048
agm047269073,12.925616925151923,0.8421095000473144
agm047384164,14.807486160855854,2.0988879532869107
agm047695221,12.63861447902035,2.273145636026348
agm047712724,14.974426468918148,2.435591657148262
agm047865421,12.31722818740513,-1.717707444174464
agm047950906,11.99871965022401,-0.8090622344557931
agm047979706,12.443777303374816,-0.40524347975256464
agm048029205,15.615960813101259,6.213929942691404
agm048115678,14.102672957351993,1.881602101534515
agm048282605,16.511012993060643,4.81782909311763
agm048573830,15.149179737037821,4.755651533948231
agm048597860,13.600876249045008,1.6115976879504341
agm048696755,12.904593019743333,2.19116263024042
agm049032731,15.19411857553407,2.0259175619336047
agm049096122,13.953737557036758,0.920794160946579
agm049189626,12.494957407714987,0.13795467480382229
agm049218422,13.516534797263327,-1.8698210048335338
agm049218651,17.961733879941022,6.904333353249722
agm049277985,17.70013486384464,11.354420058538556
agm049495190,14.164220780504955,3.521343482426524
agm049757473,12.991858490880894,2.84752458363862
agm049838963,16.993888546147954,6.115129072298662
agm049859830,11.205782113839946,-0.9900391896081461
agm050033487,13.341708420389935,1.161503841785451
agm050125160,12.164839459601831,0.2137441799850658
agm050216186,8.725771187944076,-2.558046843451152
agm050252246,14.521729450620029,4.418658567826377
agm050379828,15.201416880695554,4.3451991867109125
agm050559441,14.364944880776065,0.7548630861270915
agm050611168,13.48318856168968,0.7904121314304717
agm050869952,11.566770283516895,-1.0882474715443475
agm050891097,14.251241870640015,2.8592139239031287
agm051002930,15.374853900025471,5.1167937374738255
agm051117696,11.611871234547008,2.9064069835045174
agm051140841,13.858210414362725,3.990759675362975
agm051147917,11.086687396477211,1.419565356161503
agm051159562,13.983574334210763,3.200264691394734
agm051193864,12.497489494242219,3.1706997549968268
agm051259667,13.92566166242482,4.497527395578277
agm051285427,11.911007790190494,-1.7255626244780704
agm051286752,12.743031481738738,0.4102999659180118
agm051360377,14.738695883020393,2.858628179982127
agm051439740,12.765289286665558,4.305810432952107
agm051474563,19.041435557645094,4.409290922671723
agm051488376,11.266279350283563,-0.06821591202539778
agm051593339,12.569503765285019,2.8891657503493917
agm051704010,16.35544474850186,6.578042625845097
agm052084791,11.858150417730748,-0.6612538904861568
agm052088254,14.448223727068969,3.546606164426601
agm052270463,14.39227246663905,2.442561097686873
agm052414571,12.219836732782133,-1.2969515233335767
agm052538474,15.196849530967489,5.17824124545876
agm052563388,12.184772938672092,-0.31980430511188257
agm052574115,12.574672715502025,0.18803412644391196
agm052584940,15.49546455305071,5.140107467173875
agm052678971,15.716135000384204,5.939845624177782
agm052684671,16.307701974339864,5.076977409862504
agm052696731,11.794627034543552,0.4150625623338975
agm052706368,13.53870487120067,4.319887103638018
agm052902985,18.836493466470234,5.426381734221714
agm052913920,12.651551742260116,3.5350005667343463
agm052958612,11.180475820277989,-2.527855293475903
agm053085436,11.786692076322872,-0.7225600454796902
agm053251630,15.671171042733638,6.227868517295597
agm053384127,11.1596101670541,-1.7517973415855614
agm053445772,17.845111561653855,4.967144311737747
agm053471436,15.668218330563006,6.063033733411225
agm053492783,15.818506490842731,5.084269418534535
agm053494456,19.22586178551784,6.068155900358081
agm053695294,16.463023262586955,5.408810257576886
agm054000778,13.268234252017825,-0.5438710956245103
agm054191532,13.282352735630298,2.130236425644231
agm054374296,13.762138835778758,0.3491571098220909
agm054551773,16.335876034330006,4.073891655592173
agm055028904,12.40924447627851,-0.10843472852133236
agm055052934,13.946723368299736,2.5886042601357766
agm055166540,13.782289223661053,4.748912342108559
agm055276058,14.652104193915724,4.38562600740558
agm055311908,13.305122949853589,4.5956779682169016
agm055402753,18.43545043732002,4.950632692172845
agm055420943,12.443348216678324,-0.5084848570949051
agm055579385,13.93654629978603,4.853852284982436
agm055637410,12.638435759337533,3.3687075331664356
agm055661960,11.026933448316777,-3.8451024865730528
agm055715306,14.529019868942676,5.556160346433518
agm056233791,13.655011607685237,1.5640773698956467
agm056491024,12.571692301754466,-0.10015283518665186
agm056518807,16.899181296253996,4.631258670589813
agm056695864,14.27104623399374,0.5364868710759021
agm056894988,13.127779912621484,1.699721978946135
agm057023488,16.576752732086412,6.253519103071876
agm057063227,11.328325116557147,0.14240454326535712
agm057268400,12.448567303205298,1.0649202665360264
agm057456046,16.43849168916448,5.117114347743909
agm057759190,13.318295832485333,0.5587891657232346
agm058131735,15.370244367840147,5.105117849646616
agm058189357,14.52585368293574,3.514876984249895
agm059394271,14.27203113624467,-1.984785678186574
agm059819585,12.059372834433905,0.45256140140842316
agm059854547,16.507287285774254,5.157150913710421
agm059874422,16.535664801775457,6.2287494457443096
agm060163828,19.811496104719836,5.225498322727196
agm060255427,17.58503964641799,5.613624619146372
agm060302844,13.213985482348074,4.530314212088222
agm060355585,19.129652160670425,5.4370571255682645
agm060364005,12.715308648220478,3.970898956122305
agm060428354,17.657269811603793,4.239839657700837
agm060571038,16.665556893150406,4.892783486150651
agm060796651,14.709318086079955,-2.474610073599102
agm060824465,16.337004961659222,5.571748077673346
agm061068251,16.896291565240656,5.021322639447412
agm061212443,16.169568196068493,4.604093336134745
agm061420322,15.623492776162543,4.641884076114561
agm061474413,13.838051465425306,-0.9875322088509959
agm061543395,17.642280261481876,6.9133319245187135
agm061721407,16.822226789128248,5.035505942034371
agm061812576,14.232348658809192,0.49094431397550053
agm061853986,14.029115175280493,0.9841547816917684
agm061903604,12.756149716772287,1.9651437672020586
agm062234490,12.97418944393959,3.9377066584520066
agm062312689,16.760346369894478,4.956421180446171
agm062830898,14.408918853019625,-0.655976090146245
agm063085059,16.54798130639381,6.201839045015129
agm063144478,13.434923766326387,-2.524352986966983
agm063809045,13.273824384808774,-2.108610597288111
agm063870354,17.072498531564182,5.983231614626069
agm064155564,9.428818392895451,-2.9619829467699734
agm064236107,13.174992560256122,-2.911173221847676
agm064833606,12.122045419093483,5.361512457027032
agm065373797,12.485366903972558,-2.2375769340073752
agm065460782,15.117661341369592,3.2132092245998756
agm065514768,16.687059010232854,6.312118221177297
agm065531945,19.725389200477448,5.905243456719049
agm065622749,16.873161908370875,4.974217752422292
agm065932436,16.485834942777934,5.328233706324812
agm065945107,13.360399231281209,-2.870476763694377
agm066110763,11.479812903846227,-2.174866963183476
agm066420234,16.946309085900694,4.563437607143781
agm066426256,17.145771457133616,5.12676483963714
agm066471272,16.45133147702092,4.86141017180546
agm067521681,11.519339469959728,0.2205481678768857
agm067554877,13.159992608668736,-0.7689700064516245
agm067793528,19.603718041594043,6.328958447274823
agm067901243,13.372365272363522,0.31419357987042584
agm067913213,17.597711453779873,5.432310175504805
agm068299497,11.82765569008125,1.1998384137133904
agm068350495,13.029744049382279,4.04436219176681
agm068421791,14.207077188242147,4.334161829637708
agm068805815,15.590839809368655,3.906305048378593
agm068943153,16.524134319861894,4.608829411717668
agm069119895,13.5384539419449,3.4397375923048465
agm069128259,10.300566360293926,-0.5884429497214226
agm069258117,11.514619062387142,-1.4576912258041748
agm069260712,16.4490616895618,7.390851666360635
agm069283242,16.82404257612562,6.853504095796556
agm069295999,9.904953210625745,-0.9982828901366254
agm069315443,11.588473886583747,1.7353534281227827
agm069395575,14.8937966995925,1.5221918801827266
agm069461818,12.743701662782696,3.454579975118
agm069497264,13.885910299997576,0.6064153949773873
agm069499209,14.967498844686277,-3.6039223910211766
agm069527535,18.983345635215002,8.20596253137082
agm069538790,10.523777228615069,-4.282628383648974
agm069542762,16.484122155807576,7.298621843122749
agm069654459,13.471109458634139,1.5577223363547423
agm069780602,7.470799587650545,-4.493508754766674
agm069978030,14.496126537583129,4.837110685943181
agm070019833,16.384872329363102,5.428284794180434
agm070103954,15.963093458077026,6.413125057416657
agm070120908,16.117572222429576,6.525418576358895
agm070134454,16.2410630066459,5.3909851675080915
agm070166615,13.601349687195677,3.1748444325637486
agm070190128,15.21916326697376,5.173639066728483
agm070195390,8.712281440791877,1.8653738164044602
agm070200207,13.998245829873875,3.005023305466916
agm070260224,13.550135226252634,3.06454053291348
agm070277652,14.96863565291524,3.0352080394629426
agm070325606,12.274962035952242,0.6590406286573499
agm070346469,11.437511845795063,-0.31109676356402716
agm070399565,13.836147030557735,2.5218432323806383
agm070401774,11.965943337314293,0.16867049711746063
agm070404710,14.014432297707968,3.5783683717379025
agm070407576,17.24001289009761,5.323142777926447
agm070416276,15.073576515331638,2.8028503224739603
agm070480086,17.12022027208733,3.6612181215661095
agm070548142,16.47675918388385,3.908611546424943
agm070563557,13.582538127125147,4.944595189466303
agm070599800,17.298225391114354,7.1257571937019675
agm071590064,9.17704531295493,0.7479945824966574
agm071659156,12.138353354097625,3.3616465742702926
agm071710261,15.008966305541128,7.428878531930441
agm071746895,18.366626131928346,5.056779502839569
agm071755728,15.459247959464093,6.202323747219839
agm071788543,10.243198277988444,-0.48664303217250665
agm071827366,8.563702833656594,-1.4036063056293102
agm071848698,11.664592335591529,3.829788409576287
agm071905563,10.906869462999659,3.4777560319302907
agm071922004,15.320903309128544,6.558214681241124
agm071947044,12.231864569844737,4.438450876019895
agm071952880,14.865121175233675,7.623235295800623
agm071997748,11.86402431890447,4.81835618915131
agm072010787,14.903179310405525,7.701677300202828
agm072011051,13.494311958766275,-1.5531030985150214
agm072017833,10.609504504801698,-0.4957614377125476
agm072055361,15.491173470266004,8.315761476433815
agm073029910,13.70275385197113,4.528514902153418
agm073032751,10.698728696718726,1.2460219844480285
agm073035089,7.038276646765143,-2.4864780509486573
agm075736854,16.959298295513857,-0.736389592118235
agm075752243,14.762872114493192,3.122545010036334
agm075757954,19.43912834162033,6.040302390891107
agm075759623,12.516900092290335,-3.434642373639222
agm075772830,16.02585896321862,4.665878634354938
agm075877595,13.830708901804845,5.440691658905429
agm077614787,15.855518961151594,3.1778660374069356
agm077618192,11.374555589884395,-1.4302047620404332
agm077635730,11.428918577557653,-4.123274001249377
agm077689631,16.33099004833543,3.772974007004846
agm077719115,12.645629658850245,1.1541706258950182
agm077739096,15.740365090616791,4.163547756402774
agm077768652,12.719247661077615,-0.563878220448963
agm077772848,10.688550879724994,1.2759435723317445
agm077805716,18.288942603389362,7.219188699351293
agm077806547,11.632395290252925,-0.518386613951313
agm077827255,16.90275721276436,4.948021698092313
agm077870433,15.950289191872907,6.799771486636769
agm077894967,11.694083767832284,-0.08774345650312891
agm077896372,17.56579702218775,4.556478859660308
agm077903872,17.961033174782802,4.460081178281691
agm077937136,15.763212527091541,8.492964238986646
agm077938356,11.271294597591012,0.8894692941794148
agm077983527,17.06070065368109,3.385418430754134
agm077993194,13.924190396852888,3.56736238839885
agm078012823,17.456856095106332,5.747704067124344
agm078020845,16.330808072933408,8.768665180767787
agm078051732,11.588298325348104,-3.6359622678158416
agm078128480,17.146582150294858,5.803991437376688
agm078134840,10.518499033502449,-3.2281614978562874
agm078165825,14.221755291034292,5.320194410519773
agm078188146,12.195690342475588,-1.5731414648682704
agm078208142,14.179667578210754,2.530298405724451
agm078239464,17.006640699923846,5.501561920867773
agm078252032,12.303048601341331,-1.7867282178431791
agm078282223,11.386043895057488,-5.665779538470178
agm078283996,15.522418817885836,3.330057188811821
agm078294958,13.426311035356992,0.2879962930105989
agm078335224,16.751563867391734,0.7885103545316028
agm078340323,14.07666891511974,4.513171595166586
agm078341714,16.66750669772677,4.4910947101211045
agm078404586,10.772754829075362,1.9310590121943025
agm078439128,12.98297527745566,1.9996450405568271
agm078454585,16.266906766384633,3.9222718692501153
agm078490819,13.561159906094085,1.9057664910636483
agm078515325,17.444931942388052,3.5049926523481023
agm078547554,12.540863627556872,1.9722689458299367
agm078560408,16.943036309325898,3.0708418078838404
agm078574004,13.036983609182215,-1.5761847238363564
agm078596872,11.686061294704182,-5.780512943058042
agm078635712,15.619850773432228,4.395837492976571
agm078649580,20.415436518444842,5.99408233337331
agm078660711,11.12106060623534,2.783456831718586
agm078674135,13.798745296551381,2.7298207644261425
agm078702479,5.281909467689965,-2.651487769273059
agm078703084,15.896177449924854,8.54039518473868
agm078711475,16.659645197916575,5.302588406017153
agm078789426,14.244806034661579,-3.787909202287173
agm078844528,13.105565700060273,3.738862538738641
agm078857003,16.92255401851446,5.4809555521203634
agm078863778,10.319129815569985,2.2607640442445027
agm078875830,14.081208203851443,1.664003647324894
agm078940507,16.86348716095009,5.376062222346596
agm078987497,12.553457047455819,-1.4043702967269525
agm078999228,12.071670500837834,2.8800595661022554
agm079004138,13.073198313213643,-0.7537925478781702
agm079077732,16.13991333306968,1.342434171913864
agm079078497,12.965935390106816,2.8342108063693217
agm079082569,14.275034258622819,-0.2348248646115619
agm079133833,15.299848024164064,3.904989077686693
agm079136810,14.093393202700701,4.025770263126769
agm079193515,13.266291227141577,-0.40988757008583043
