mat_id,volume,energy_per_atom
agm001000110,16.03464139003695,3.1175547883333334
agm001001040,11.819226692318543,-2.1335089116666666
agm001001919,14.424330349739478,-0.47400462666666665
agm001003503,14.718299725241557,4.1711454733333335
agm001004359,14.197254793209856,-0.03456564166666667
agm001004594,14.320387205639383,3.3275802683333335
agm001006759,11.178446628196376,-1.9290539850000001
agm001007227,14.488840972713783,1.2102016816666665
agm001008954,14.54532287211448,0.00020738333333333335
agm001009320,14.842407941072475,2.7025843700000003
agm001009484,12.83509925222301,1.863235825
agm001011011,14.67164189175748,-0.4268770583333333
agm001011034,15.770668712265788,3.41284314
agm001011258,14.589858593199516,3.157655286666667
agm001011276,16.0570316841702,2.6881194466666667
agm001012152,16.858997928767668,3.7158211933333334
agm001012672,13.961671539629059,3.2553870516666668
agm001012673,13.921016843687013,3.4172135200000002
agm001014575,14.455815055484342,0.3323335783333333
agm001015322,16.173771080625638,2.6842304066666665
agm001017922,10.05565496628135,0.17380442833333332
agm001019652,15.332997430283491,4.906797806666667
agm001019766,17.18635337178273,4.905311435
agm001020078,16.663402886890037,4.864553746666666
agm001021702,17.485441864544075,2.6527942533333335
agm001022068,17.745611176779338,3.223728206666667
agm001023885,17.15677499965625,6.177882451666666
agm001023989,18.29847944562355,5.335950538333333
agm001024672,10.730988032159175,-0.6779944250000001
agm001027517,11.834690551662122,5.044531048333334
agm001028442,13.131269393531019,3.5711247566666664
agm001029255,13.592810515736234,3.311123555
agm001031293,12.351268545286052,3.302392543333333
agm001031724,10.447539929416228,-0.11878944833333333
agm001032058,13.12407900583556,2.8912478633333336
agm001034234,11.625062732328098,0.09975887
agm001035741,15.210781732366064,4.136459603333333
agm001036375,10.999354215203468,2.17037998
agm001037498,14.299942045077023,-0.6840597216666667
agm001037555,16.239350202865555,7.801031681666667
agm001038997,10.975444282674056,-2.35220612
agm001039391,14.964294338147868,3.330604295
agm001039511,14.192502352780744,2.970838628333333
agm001039917,12.797795638819425,1.34928149
agm001039943,15.708992282418386,1.4579782733333333
agm001040193,14.655057379123805,1.606610055
agm001040411,14.102284326778742,3.6711199633333336
agm001042892,14.880112134685923,4.684179071666667
agm001043020,12.469799996419498,0.3307871333333333
agm001043936,14.304940390728419,4.288619335
agm001044286,12.287926831171553,1.7732948866666665
agm001044489,14.8795261046797,4.655071155
agm001044934,10.120593511364959,-0.6204745083333333
agm001049739,14.251255628023154,4.33905625
agm001053505,9.983153587992522,-2.71376068
agm001055435,12.523296884452526,-0.911805815
agm001055954,17.475600216936048,4.648859783333333
agm001056004,12.76789297869278,-3.5201386516666666
agm001057112,20.144285873303414,7.39488661
agm001057627,17.63614956848304,3.7781414316666666
agm001058307,15.471242096141976,6.1341791116666675
agm001058446,14.391768147765715,1.4001823133333333
agm001060460,15.025239110857575,2.8671057366666663
agm001061731,13.770853011268306,1.5459009283333334
agm001062366,17.643273721262272,5.761783520000001
agm001064415,12.75439601228197,-3.4935589616666665
agm001064443,12.44009069612054,-2.903475991666667
agm001064568,14.090501733849438,2.2406522283333334
agm001065948,15.532851195049991,5.347968108333333
agm001066115,17.883983425830383,8.501489495
agm001067502,15.857729446451609,1.00493061
agm001067554,14.82806334411377,1.6171655383333334
agm001086200,16.048467784992884,4.957048355
agm001086213,15.499528394047136,4.57906832
agm001086235,15.21811905603917,5.75552756
agm001086510,14.470863283958307,1.3381864875
agm001086550,14.95377562570451,1.7045454175
agm001086578,14.593950505751021,3.7423718525
agm001087647,16.00656482201083,6.900318555
agm001088240,16.096649483500862,6.039071415
agm001088337,16.5782768772776,6.275091805
agm001089246,17.176730313151833,6.425367185
agm001089717,14.168095577622418,3.43591697
agm001089775,13.729197860054365,3.1329705025
agm001090387,17.39731664630271,4.64014449
agm001091522,17.66483933444843,1.560051155
agm001092377,17.91546439019143,7.0184381925
agm001093963,16.520485393741925,6.3484964
agm001094206,14.014946012804232,4.684184945
agm001095527,12.86516926728212,2.5614639975
agm001095605,14.983103682661532,0.1036904275
agm001095715,14.925175445754004,2.395641485
agm001095905,15.462906321658743,4.1769264275
agm001095916,17.168012611508768,5.63122498
agm001096149,16.995724376404414,6.527943805
agm001097092,14.817247119141692,-3.105265895
agm001097533,14.639458475235678,3.645450855
agm001097606,16.35028184182647,5.5333090525
agm001097698,13.653133777804134,0.4358823625
agm001098069,13.743457561316902,4.04276222
agm001098458,16.476894993962915,1.9042309175
agm001099198,15.961852370007579,3.8967304925
agm001099929,18.788366251211073,7.2292000275
agm001099967,17.695839242010237,6.345626175
agm001100392,12.638572726281444,-4.5933797475
agm001100417,12.403855280860212,-3.9495807125
agm001100499,12.27243316018796,-4.6224609475
agm001100506,12.771431937929044,-5.5242169825
agm001100703,16.4488352110975,4.4698496125
agm001100706,16.883771948662602,5.97869569
agm001101352,15.795529667556238,5.7549540175
agm001102145,12.61827171087975,-3.9455329519999998
agm001102564,15.414080922479247,3.578157848
agm001102584,15.756046472271601,2.695939194
agm001102681,17.00091737747107,0.503895598
agm001102748,15.035237316322153,-2.0654327720000003
agm001102800,17.241382039596388,2.466517922
agm001102864,17.170865042039868,4.281436904
agm001102979,15.711425679198888,3.238371582
agm001103033,15.187123854232203,2.5229719939999997
agm001104968,18.949360750435098,3.70255248
agm001105146,6.2111240699675125,-1.49562152
agm001105375,7.491623742062954,-1.150517914
agm001105378,7.416970364159222,-2.056227732
agm001105682,9.854219204551029,-0.6660045539999999
agm001105872,14.458369379634757,4.010067258
agm001105887,13.923003396248074,3.695495406
agm001106082,13.906695477390162,-1.9255433419999999
agm001106108,10.428172884511573,-1.1379515740000001
agm001106135,10.242168208775528,-3.614754986
agm001106214,14.257941157702641,3.8694690819999997
agm001106241,14.070640169295242,0.11949955400000001
agm001106364,9.58050994335377,-2.26784445
agm001107189,10.631199688831162,-3.5824406840000003
agm001107258,18.44605536872111,5.67922035
agm001107266,16.55432269931027,3.818068288
agm001107272,15.291975896434158,2.9779139399999996
agm001107544,16.57548065420751,2.962808724
agm001108482,14.92871839726418,2.9206945699999998
agm001108637,16.253598365232772,1.450032264
agm001108679,14.646179429041478,2.89243405
agm001108705,16.276283642510375,3.707619854
agm001109069,17.903358127587694,2.1253516980000002
agm001109181,17.947628531902815,3.333844612
agm001109727,18.81650749429539,-1.578470372
agm001112024,16.91673163436103,2.181665265
agm001112253,14.236249211546827,-1.81736941
agm001114900,14.37116701199386,-0.7939898475
agm001115160,11.000635019477667,-2.8865379025
agm001115359,13.304865172375381,-0.6058735325
agm001115455,11.347198437407368,-1.93971591
agm001115631,11.535390656824417,-2.7899054325
agm001115716,12.180441211390631,-0.96160127
agm001115738,11.32440322716074,-1.156176755
agm001115883,12.611567115653607,-1.0110847875
agm001115888,12.994222780530281,-1.08755057
agm001115913,12.048025279526154,-0.8885366825
agm001116011,11.239104227911417,-2.7305356625
agm001116037,13.656019060807434,-1.555815685
agm001116151,12.245696834693733,-3.1198231275
agm001116156,12.836353577100533,-5.2075503475
agm001116169,13.530596092515076,-0.954357755
agm001116194,13.543402788195783,-0.2143576475
agm001116328,12.49085408424058,-1.4793017725
agm001116336,11.204591565940548,-2.1360550125
agm001116351,12.778987354615518,1.3860321325
agm001116413,9.665411239992395,-1.7978084325
agm001116690,11.25781097568261,-3.713887165
agm001116704,11.913417135147954,-2.0264556725
agm001116768,14.389830788672727,1.8182791575
agm001116944,11.346732442224798,-1.24006629
agm001117154,12.142597312586824,-0.02592052
agm001118545,12.65600495457504,0.543568055
agm001118658,11.904568116851985,0.6688632025
agm001118677,14.56092022402532,-2.2185319175
agm001118955,17.617665693036102,6.217624455
agm001118995,10.571901444251033,-0.854291305
agm001119026,12.792750080551228,1.279577475
agm001119133,14.266043913176123,0.6205119
agm001119442,15.750149737364255,-1.20011708
agm001119448,15.759191807281308,3.318285205
agm001119591,15.95149896623272,3.345839975
agm001119684,14.814649236181541,2.25433383
agm001120270,15.510356922712331,0.5784915375
agm001120291,10.82755344479885,-3.2651767475
agm001120928,16.20048869689874,4.0048643075
agm001121188,13.77809849911749,1.0211359025
agm001121492,13.720217634799164,-3.4173559025
agm001121709,12.841915908342157,-1.922407825
agm001121728,13.561143350040082,-2.9024238125
agm001121815,15.397872980742266,2.7075827875
agm001121847,13.688927518928939,-3.87479986
agm001122000,14.10046841170282,-0.5006948575
agm001122410,14.726835889399542,-4.6468431975
agm001122472,13.902683705050503,0.090737175
agm001122478,14.018194369043485,0.1881770425
agm001122498,14.7523378106004,-0.7843925625
agm001122902,15.935567467547616,2.352439775
agm001122919,16.727420116871905,4.265600165
agm001122922,16.10446581034283,4.738278975
agm001123007,14.181849428190365,1.7744978625
agm001123037,13.865577344954593,2.7348434125
agm001123046,14.922546804967618,3.27674054
agm001123148,15.068512636840513,1.74404484
agm001123171,15.6809366484508,4.4770867175
agm001123366,14.304441310833644,3.7737533425
agm001123367,15.288859245945124,2.2610808475
agm001123500,14.889406987350968,-0.0916171
agm001123534,15.956375059223168,4.12706602
agm001123592,16.83726367266974,4.700125175
agm001123599,16.99909792506016,5.25952417
agm001123625,17.152250148654808,5.3068455375
agm001123803,14.641629433077956,5.071693475
agm001123861,14.57570732709721,0.5803257775
agm001123923,16.21696888117364,4.3171941875
agm001124418,15.973608805420962,5.135520035
agm001124457,17.018880170864247,2.770751325
agm001124485,16.81920614838839,4.6170680975
agm001124521,16.75039968599116,5.006062085
agm001124522,16.55162049613365,4.9298209025
agm001124525,16.827262368119694,5.03709884
agm001124558,16.933040344564926,5.1016390575
agm001124561,16.871964903756805,5.0721041275
agm001124567,17.12458096521875,3.9504792525
agm001124665,16.380073986869757,2.09216729
agm001124711,16.03023783897875,4.6912016025
agm001124713,16.215618071506988,4.36814776
agm001124953,14.17620325130768,4.270372475
agm001125093,15.26145279887798,2.6572099825
agm001125112,14.301286775669253,-0.8743387275
agm001125185,17.286417132575885,8.108424625
agm001125194,17.798453410832735,7.0066810925
agm001125293,14.866104695352481,5.210706085
agm001125325,13.60025170957142,4.35046899
agm001125402,14.829335483889716,5.659309085
agm001125480,14.952649780343902,6.8137599375
agm001125562,15.298165841989762,5.160899375
agm001125587,14.69104843752982,4.88991307
agm001125598,15.317477703640026,4.7681922375
agm001125842,13.930218841666123,4.590370425
agm001125905,12.61192146033467,-0.6674885925
agm001126074,15.067167745874276,2.4742942
agm001126079,16.83258409157159,2.7249892175
agm001126132,15.883479164118569,7.029255885
agm001126161,17.02762444762578,1.0647025725
agm001126221,15.476164088659894,3.79171392
agm001126261,16.749190768144633,7.57424006
agm001126329,15.760335851568078,4.28327808
agm001126357,14.806646561565092,4.6537266975
agm001126446,17.09920286493797,7.607308445
agm001126457,17.03590593654512,6.0478153275
agm001126496,15.989451883494171,5.5709805625
agm001126526,17.656313437196236,6.924647265
agm001126541,15.867159314406315,5.885334395
agm001126607,16.845438266995775,6.0011238125
agm001126618,17.214319864258712,6.2035649725
agm001126648,16.1209039287613,5.666251015
agm001126745,15.21299378499491,5.6881420725
agm001126796,16.262170940444967,3.7721523575
agm001126798,15.799373768019095,3.16883312
agm001126799,15.60584683186035,3.5090630675
agm001126801,15.980012462036184,0.91859251
agm001126824,15.56326655660823,4.9483581825
agm001126837,15.722146943175973,5.4292359
agm001126886,17.3071431626867,5.4296476
agm001126918,16.667508004652046,5.134531385
agm001127174,15.827969338047085,1.9526379875
agm001127874,16.878534543846843,2.5702934675
agm001128170,15.234651897866035,2.495021235
agm001128219,15.908039867781511,6.0329866975
agm001129674,17.24766803906613,5.8736008225
agm001129701,14.372468264259492,3.6694178375
agm001130056,12.81980334371509,2.1043789825
agm001130069,12.668808287409984,-0.3496477325
agm001130346,14.191221402782494,-2.5704797
agm001130691,14.20586569553622,3.571015365
agm001130762,14.15417328603252,3.56321677
agm001130782,13.905413881078736,3.406771735
agm001130878,14.249587656475526,3.4688508275
agm001130893,13.581005551794833,3.2388725275
agm001131019,13.024054106796974,2.610407045
agm001131037,14.533822806639524,3.9622042625
agm001131040,13.367387519426778,2.8473817
agm001131141,14.626649544415592,3.990938945
agm001131147,12.908240391084277,1.6513657
agm001131195,13.539977354114797,2.9587399
agm001131203,13.49228454611758,2.9193690775
agm001133177,15.098132338957265,1.7936488
agm001133249,14.50675333462288,4.4562010825
agm001133529,15.076232380733533,4.13203334
agm001133775,15.743039451692402,5.4230232225
agm001133821,13.44260224380316,-2.24316756
agm001133889,15.174499859726167,4.52230211
agm001133961,14.807342986771756,2.3005862775
agm001134085,14.781303091445137,0.637022075
agm001134239,14.36522484115565,3.898402325
agm001134348,16.883935721329372,5.4522482325
agm001134445,15.964695022293194,5.395109245
agm001134456,16.64619661809145,5.406613435
agm001134492,15.919917927957105,4.989710435
agm001134539,15.912727451565003,5.028035475
agm001134573,15.46062482798581,4.76139674
agm001134629,15.275176319822485,4.723797605
agm001134720,15.382649147361416,4.747214385
agm001134733,15.214961326586494,4.37700809
agm001134761,14.844783513875804,3.1800498025
agm001134817,14.926673155460279,3.2344982775
agm001134821,15.586897150782464,4.6031194775
agm001134948,13.695925490755176,-1.4488131525
agm001135082,11.619721291187648,-1.157797155
agm001135293,13.868597317091757,-1.06653551
agm001135330,12.065163307370392,-2.68007874
agm001135380,14.211337501966868,3.0128081075
agm001135412,13.301944772654222,0.1935904425
agm001135431,12.264582212235654,0.7989726
agm001135718,14.634532561901839,-0.7007288475
agm001136082,10.990791719624806,2.8832225075
agm001136149,14.002677712241493,4.2020020575
agm001136244,14.890828883591816,3.84739778
agm001136275,9.06002183407066,0.880656825
agm001136354,12.639424366528544,0.4037088875
agm001136368,11.43453166579736,-0.9201192125
agm001136457,12.820003895222426,1.0239187775
agm001136472,13.479033732281748,2.3869221275
agm001136492,14.214369686251942,3.0942527325
agm001136713,14.084890853356846,2.654703385
agm001136728,14.653241656185592,3.029840815
agm001136902,12.449365796785822,5.1987740225
agm001137008,14.210684376029775,2.1657172675
agm001137029,14.563537003327317,2.4136981725
agm001137121,15.817399028915307,4.684681525
agm001137472,14.306296447344295,4.6195224325
agm001137483,13.704757623911988,1.959369905
agm001137510,14.359125407474727,2.268100945
agm001137713,15.265923999258268,3.012469255
agm001137773,15.614659901538854,4.4458872875
agm001137982,14.472316473888654,1.360002995
agm001138055,14.100463818393427,3.5144346725
agm001138099,14.848406820260596,3.9262910025
agm001138463,17.740154471795776,5.0229243
agm001138794,11.161504704035332,2.5322194125
agm001138867,12.804181285885967,3.21700404
agm001138874,13.421560364288332,3.06228564
agm001138881,14.044872906229132,3.4787569025
agm001138882,14.13601824596451,2.5615970875
agm001139144,16.970077845057805,7.180519795
agm001139188,14.035980174061677,0.7036381675
agm001139195,15.194556264270418,3.4470777775
agm001139298,14.78296980256654,4.6186649075
agm001139485,13.011931513007866,0.566678925
agm001139504,13.206854326226164,2.508749175
agm001139567,13.658656350726039,5.29517285
agm001139717,17.172989048829518,6.2364454425
agm001139732,16.075611057096065,5.5232700925
agm001139872,13.830370198184118,4.6779076025
agm001139925,15.382973598664535,5.0298429325
agm001139983,16.34872026796695,5.77841761
agm001139988,14.78842258807968,2.4418335975
agm001140137,15.274944363806348,5.003610155
agm001140144,15.34270672164074,4.7175538725
agm001140158,14.473395929571076,3.716522555
agm001140260,12.833331913920851,3.15450129
agm001140361,13.552791553762214,1.20486922
agm001140405,15.035236551682235,2.9487108725
agm001140413,15.075422609694755,2.9864118775
agm001140523,11.996101170656116,0.61791077
agm001140540,15.712800684181428,-1.3531083875
agm001140936,15.898281523788853,5.229290905
agm001141195,17.0238464052194,6.3252373925
agm001141254,17.026685347068177,5.79288068
agm001141262,16.676010142728916,3.23788733
agm001141392,17.200284228277752,4.6981668475
agm001141401,15.956085087873603,1.8805119475
agm001141555,17.532360779692237,3.8416265725
agm001141771,16.02180930807386,3.9266119125
agm001141936,16.014280449497903,5.9324892125
agm001141937,14.626307668502545,5.1879209525
agm001142028,11.964678886133676,1.566924075
agm001142164,11.983179983912676,3.518716885
agm001142171,11.431738390610775,-1.3143655825
agm001142232,13.011874084752378,2.6677235575
agm001142484,13.074908496386744,3.917141505
agm001142635,13.332599631280742,3.008770715
agm001143037,15.834199503753634,2.9374229275
agm001143134,14.031476405838946,-3.1551974
agm001143217,14.040726716970832,-3.7760435425
agm001143517,15.87284987003731,3.355914035
agm001144223,15.02696894571836,6.525065445
agm001144423,14.548681867435144,4.03327704
agm001144445,15.627302145207898,7.9629498575
agm001144568,15.684843862873493,6.174213525
agm001144594,16.440511932233,5.78751735
agm001144844,16.043625431242674,4.482384275
agm001144893,14.215994321144157,2.5450003925
agm001145090,15.080494212770724,4.720165465
agm001145260,15.736188217502837,4.2952641775
agm001145285,14.625338957264054,0.581126355
agm001145892,16.32584741529064,4.7348931825
agm001145981,15.408538041485864,4.3553301925
agm001146097,15.54464496398982,4.3813855425
agm001146108,15.933289956428986,4.5555597275
agm001146195,13.509947939026457,-4.347628635
agm001146233,11.859570715055055,-4.51985966
agm001146426,13.894348260727043,-3.562335245
agm001146527,10.707928450965301,-4.54118447
agm001146803,15.574519808411981,3.94846974
agm001146929,15.675612557070489,3.5377903325
agm001147028,15.047848596331825,-0.8814022
agm001147035,18.097635600063192,8.45394704
agm001147066,17.261966798308276,5.7211573225
agm001147071,18.328434802671435,5.1082594675
agm001147195,18.102079583971832,6.66612239
agm001147198,17.232312846012626,6.8281739
agm001147346,16.667546662153608,6.27883995
agm001147365,16.46323579015012,4.9991835
agm001147411,15.225163920823997,4.50576576
agm001147420,15.690437073634547,4.6979460725
agm001147427,16.77841345209534,7.085104485
agm001147609,18.345581464759825,5.66132563
agm001147623,16.603846290584,3.449800735
agm001147639,17.408616713011597,3.592017265
agm001147678,16.53248430962353,5.4754704375
agm001147685,17.154617268213745,5.566160375
agm001147705,17.064282472172575,5.7741830825
agm001147740,18.355976550786934,5.8660994525
agm001147743,17.47106801185999,5.9734307925
agm001147762,19.099635704696652,6.9138484425
agm001147780,18.243147901206576,6.7387937225
agm001147797,16.153650048713196,5.3416621475
agm001147922,17.086086539517936,5.7843889425
agm001147958,16.941326998925334,5.6508041625
agm001148156,13.471556072794767,4.0722773175
agm001148264,12.965695096123735,-2.2084203475
agm001148340,16.31359779472297,4.262290105
agm001148404,14.60185490555403,0.799654435
agm001148505,15.008094774386777,3.4081575325
agm001148750,10.119802260014543,-0.6359484025
agm001149092,15.141929494767627,2.508367245
agm001149093,15.278650591609289,3.66650948
agm001149177,14.670637651874824,2.21446923
agm001149273,14.624149722165601,2.163294205
agm001149440,11.425471632350364,-2.21376529
agm001149844,11.836673902966103,-3.5662368575
agm001149913,14.221554222380052,-3.10126908
agm001151294,16.688958860951647,5.97164386
agm001151351,14.469593929291303,2.483860315
agm001151372,13.2342743363464,2.92403661
agm001151441,15.010025441108882,6.8856447975
agm001151556,15.852375600778553,6.5587897475
agm001151587,14.381174982378154,6.2513550125
agm001151610,15.115959112128449,-0.6264031075
agm001151619,15.07243673254606,4.0254979775
agm001151630,15.213771852544257,4.1007459
agm001151917,15.027742360676546,4.5404387575
agm001151941,15.136037515649122,5.7769199225
agm001151991,15.920626195587845,5.5918553825
agm001152034,16.20732842651686,3.6527599775
agm001152049,15.864072936075244,5.5981925575
agm001152080,14.55256095879072,3.142094015
agm001152116,15.764763202808286,3.9918969425
agm001152170,14.469396587777513,5.446351995
agm001152184,15.727965619307021,5.5137414475
agm001152211,16.27699078531822,4.986117995
agm001152223,15.407502299520784,5.3682684325
agm001152631,12.750154264133762,-2.8466455575
agm001152898,16.59591921536691,4.310500115
agm001153094,14.390060834482778,-1.434158
agm001153166,14.987059537535863,-2.20651244
agm001153168,14.652883714225487,-1.238784095
agm001153439,14.328308898565355,-2.251404605
agm001153696,13.023368333633908,-3.4791773875
agm001153699,11.604021563202348,-4.708300305
agm001154052,14.246379742938007,0.86748986
agm001154093,15.91932271168999,2.3545589925
agm001154104,16.45112996876235,5.9812362325
agm001154232,18.452950140437135,6.14631565
agm001154258,19.108760085481336,5.8719357925
agm001154310,16.515227840352356,5.277415895
agm001154334,16.187580240773727,5.1853295525
agm001154389,16.050761409724906,5.543625655
agm001154480,16.56545150475049,5.229859615
agm001154500,16.761768804694967,5.3404630975
agm001154556,18.204099646210665,6.3959274575
agm001154558,17.174099206183392,3.4889555675
agm001154581,16.045186468449447,5.1008399375
agm001154700,16.405940835919832,5.1030990825
agm001154705,16.54647216239487,5.168203695
agm001154712,17.602245815493326,5.0756267675
agm001154740,15.714390397878763,2.625991495
agm001154820,13.175276535394955,-4.2037419925
agm001154875,14.771425796540651,-0.4428008825
agm001155010,15.758964151375482,-1.5072985825
agm001155333,12.058669764652857,-1.092721325
agm001155336,12.230022586807678,-0.96239979
agm001155873,15.45184780918516,-2.091891535
agm001156695,16.94222406192445,7.5655204975
agm001156707,16.271101241646218,7.2486148775
agm001156711,16.43837508015594,7.04260987
agm001157234,18.11427760694976,5.298695475
agm001158330,16.110707993742977,6.1691140375
agm001158363,15.9294227509746,6.1078194325
agm001158392,15.62086957642111,6.6834282125
agm001158400,15.755196883337032,6.7312095025
agm001158411,15.913731569911306,3.9816249125
agm001158501,16.742890111131018,6.345006715
agm001158578,15.94023902908802,1.4005311575
agm001158645,16.40315811793515,6.20965258
agm001159024,17.473805647816445,2.605551905
agm001159193,14.732617919420433,3.859919865
agm001159209,14.953663682245754,3.994008505
agm001159244,15.75124751531607,5.1694847175
agm001159298,16.263807845941468,4.97166455
agm001159306,15.686056193016961,4.6111464625
agm001159326,15.2435471733182,4.424622615
agm001159439,14.890740820992795,4.2526552025
agm001159445,15.299708550497721,4.4439501675
agm001159456,14.198269101915338,3.4854118575
agm001159633,15.269638952870697,4.41576374
agm001160222,17.31556221027741,6.2570156575
agm001160237,16.773517581522405,3.7480317175
agm001160251,16.95605782637116,6.0503625975
agm001160265,16.924821970063256,6.178890125
agm001160294,16.792448815622965,5.449237995
agm001160305,16.862713483736027,5.5124765675
agm001160342,17.62377594565645,5.038026125
agm001160402,18.670881058759104,4.6137374325
agm001160476,16.81151620043315,3.07963415
agm001160482,16.979099886802217,0.101431665
agm001160487,16.521855241669126,2.9925170325
agm001160566,16.510592381602155,5.33558708
agm001160574,17.819593323099983,5.12794505
agm001160578,16.763136583250034,5.46935692
agm001160851,18.063076196686225,6.780085875
agm001160910,17.54223474912534,6.4125667875
agm001160921,16.697515349697817,6.450138265
agm001160992,16.054496904900258,5.64613648
agm001161112,16.061992964052013,6.0932702625
agm001161248,16.921950677407434,5.551698045
agm001161313,19.01331601547151,7.121553775
agm001161343,16.611137593532664,5.3956957175
agm001161374,16.589559512810307,3.024618545
agm001161378,16.616204969209754,0.6902642075
agm001161441,17.33628379019566,4.95866567
agm001161771,16.523717735503404,5.3408207275
agm001161782,16.784696165008604,5.44389731
agm001162235,16.19308050332303,2.8725789575
agm001162261,17.43794402724868,3.8413163825
agm001162297,15.93364356926388,5.0944945125
agm001162358,16.916147361153058,4.8155695225
agm001162466,16.149825412698082,2.834992725
agm001162494,16.61484315718347,3.033436825
agm001162677,16.806279957548224,4.70072002
agm001162703,16.67647767023534,5.38673103
agm001162707,16.342661031084614,5.2281779125
agm001162743,15.982647307062951,5.1000731475
agm001162825,16.3281690571246,5.2671256275
agm001162905,17.112862234069986,4.8925305725
agm001162930,16.335243656256647,5.27303445
agm001169689,14.754530117114335,4.593245996666666
agm001169874,14.273587636092925,4.822323285
agm001170008,13.223083680291346,3.2919297083333334
agm001170144,13.375797961895358,1.3189443933333334
agm001170224,13.391315485045034,1.4313976533333335
agm001170225,13.87994194183866,3.2034640366666665
agm001170280,13.650859687732057,3.0548086249999997
agm001170300,13.559966366703309,1.4318191933333333
agm001170303,13.504713049814434,2.9721370083333336
agm001170565,12.96266315463739,1.887764515
agm001171188,8.52822883460803,-1.7668762916666667
agm001171197,8.193467819190351,-1.8530559216666667
agm001171199,8.343467282100022,-1.951221565
agm001171220,8.137095245930139,0.09368682666666667
agm001171337,7.855188116476043,-2.1312247683333334
agm001171554,14.810624477191672,1.3876101816666668
agm001171863,11.219830480334307,0.8189126
agm001172002,13.882074764492472,0.7591749933333333
agm001172354,16.18455866739027,5.6619789083333325
agm001172947,11.039971724975146,-0.6124140166666666
agm001173065,11.012455392519227,-0.6358022066666666
agm001173171,11.319566329268461,-0.37397031999999997
agm001173318,11.158577767311868,-0.495977345
agm001173435,10.968902701130895,-1.38290511
agm001173531,11.332768189374212,-4.329638306666666
agm001173743,10.769767421601381,0.654723375
agm001173787,11.32525766463114,0.9046318000000001
agm001173958,10.468811323596798,0.08072907833333333
agm001173960,10.391804767990637,-0.36528235
agm001174069,10.864843181728288,0.75066746
agm001174074,10.826618390927054,0.723621575
agm001174080,11.114770530733297,0.9399197033333334
agm001174429,14.82898364283154,-2.4977682266666665
agm001174442,14.883257547716584,-0.398073615
agm001174562,14.581613934095744,-1.4654684883333333
agm001174886,11.157266553614015,-2.9003068216666663
agm001174976,10.232210598612285,-3.4185966116666666
agm001175046,10.184395363637858,-3.4662803216666664
agm001175135,11.443598426587037,-1.0775966316666665
agm001175239,11.229865297549308,-3.5245532350000004
agm001175656,13.357252068412805,1.2529519183333333
agm001176236,14.891032748868204,-0.495055945
agm001176694,14.590210715461517,-3.0349558383333335
agm001177035,14.31020024190518,-1.6744031933333332
agm001177355,17.872452789805205,8.507444123333334
agm001177362,14.81700806668299,2.1383943283333333
agm001177429,14.94242530615631,-0.712062595
agm001177467,14.915357930701958,-1.2717931466666668
agm001177502,15.124866520993615,1.1924999683333333
agm001177621,15.106359429325957,-1.333736795
agm001178810,14.498830084040451,1.0250317683333334
agm001179021,15.33884012787707,7.257076738333333
agm001179131,13.955698107866935,4.059986688333333
agm001179170,14.236882422178958,5.752465813333333
agm001179195,14.19636567136552,5.72997595
agm001179276,15.129518080231108,7.075153585
agm001179286,14.596683978073807,6.629320045
agm001179291,14.77965141715508,6.199999671666667
agm001179352,14.440309080473753,4.706578558333333
agm001179716,13.881494403752733,5.409024915
agm001179879,10.849217433322563,-2.8750907466666664
agm001180457,13.286876396751879,2.6719476183333337
agm001180489,14.99282263806142,7.207165876666667
agm001180720,17.144090673672267,7.9715895733333335
agm001180903,13.627881040859892,1.0058487266666667
agm001180911,13.73336608988241,0.4548786583333333
agm001180965,17.667124611605193,6.176356033333334
agm001181032,13.259847900922273,0.4876786866666667
agm001181243,15.061786316640614,1.1795969183333332
agm001181290,15.11069122599318,-0.3557887583333333
agm001181495,10.622563538767201,0.20429443666666666
agm001181527,11.155292693244759,0.8243782550000001
agm001181638,11.127231171118282,-1.4796875616666665
agm001181699,11.089812810091493,0.06983523666666668
agm001181705,11.157665748411025,-0.7451319033333333
agm001181712,10.658317851267192,-2.1330785916666666
agm001181722,11.515193418658642,-0.4327367633333334
agm001181747,10.94741159159971,0.4821420533333333
agm001181861,11.48194114657821,-1.2181083449999999
agm001181864,11.395120742142453,0.28448514666666663
agm001181916,10.803335486808209,-1.48065043
agm001182046,10.577271472791383,-0.533731465
agm001182060,11.2021651422537,-0.15924541833333333
agm001182138,11.340394342696863,-0.7597735999999999
agm001182410,15.018582659166768,2.33437098
agm001183016,15.097535200400088,1.2131366966666668
agm001183023,14.841118582379458,-1.7065948466666667
agm001183098,15.779139568024304,1.74729007
agm001183150,14.97275461112906,-1.4355380266666666
agm001183168,14.740604080564916,-0.55281758
agm001183211,14.81859861108096,1.264994245
agm001183519,14.238738014460637,-0.40627415499999997
agm001183560,13.902903929329893,-0.64382195
agm001183685,14.119260170783884,0.7020091533333334
agm001183725,13.998821621863357,0.22907436333333334
agm001183744,14.075151902174385,0.6752201733333334
agm001183791,13.712520650291454,0.7512725916666666
agm001183866,13.689220568315244,-0.008481635
agm001183883,13.98016422448527,-0.9226677933333334
agm001183902,13.907968506490114,-0.7562459183333333
agm001183903,13.794217981839951,-0.8380154633333333
agm001183919,13.779877866566395,-0.8407089833333333
agm001183939,14.375184518715947,-2.5274281216666665
agm001183975,14.512298200890266,-0.24869431
agm001183979,14.583620849313965,-0.8188898566666666
agm001184027,14.284885514901909,-1.1583500033333334
agm001184060,13.940858931258,-0.7315259416666667
agm001184323,10.91955236103472,-1.8395844133333332
agm001184429,11.06930303462912,-2.1411130333333332
agm001184443,14.377547088839023,-1.4204627633333333
agm001184445,14.18323451216316,-2.6181736399999997
agm001184484,10.862728321960681,-1.9227553183333335
agm001184491,10.11248639989649,-0.8833959416666667
agm001184549,13.355204951488217,-0.4610061266666667
agm001184715,11.946776401651542,3.593458053333333
agm001185027,15.194624602641603,-2.0640513483333334
agm001185056,14.62748125790583,-1.7149229333333331
agm001185496,14.023766386118972,-0.5793194783333333
agm001185499,14.205219609198208,1.0986811983333333
agm001185527,18.105408711231153,6.668337078333334
agm001185531,17.38378000928792,4.876270021666667
agm001185536,17.73779756399922,6.3902304433333335
agm001185638,14.807221868631268,1.0222213916666667
agm001185772,14.300943497513297,-2.6151479749999997
agm001185858,14.489257988438416,-0.8788971466666666
agm001185868,14.613586555307455,-0.7536890766666667
agm001186485,14.448759030426666,-1.9931605883333334
agm001187193,14.765621560870988,0.7031203383333334
agm001187517,14.657808693237863,-2.0264366716666666
agm001188066,11.380853603380622,2.775972635
agm001188172,11.677914854305955,2.6931890783333334
agm001188242,12.7689991053784,4.044803325
agm001188245,12.72273604931627,4.020363423333333
agm001189040,10.992962700494816,-1.863364725
agm001190347,15.922101563190413,4.6149586025
agm001190666,15.782000640589981,9.5327759425
agm001190984,17.889379380197813,1.4829079475
agm001191001,16.20151203118435,5.27449568
agm001191004,16.785621813476762,2.9788569
agm001191046,16.131113197380774,7.153500065
agm001191126,19.702186068465203,7.8245835125
agm001191212,17.146473777614016,5.5997152475
agm001191393,14.691584650934992,4.6337804
agm001191421,14.481334172137432,4.643884965
agm001191573,9.084771943703526,0.98883338
agm001191713,18.044653289556003,2.513373255
agm001191738,13.121614733505679,1.398183725
agm001191765,17.6040829392017,7.773576825
agm001192395,10.810605407455489,-2.576164275
agm001192698,12.629636222960523,-0.48264313166666667
agm001192699,10.915271848883258,-3.205340153333333
agm001192844,16.378788991661917,4.991790833333334
agm001192942,14.414043823829518,-1.5908087866666667
agm001192961,15.4461266071374,0.5267253933333333
agm001193286,10.152762619693197,-3.325368478333333
agm001193643,18.60624079793847,10.219232973333334
agm001193789,16.683068963213064,5.436211553333333
agm001193807,10.777900978446636,-2.9425631316666667
agm001193826,13.155613047931446,1.2800217133333334
agm001194199,18.13701063868699,6.313704394999999
agm001194243,15.33657596609475,-0.01859241
agm001194392,14.453839632309489,9.293964133333334
agm001194458,17.712385332482683,5.85641356
agm001194460,17.19125779372363,5.623421191666666
agm001194482,16.980194089991873,5.4164401233333335
agm001194483,16.351877926329724,5.328735525
agm001194529,17.26559392116472,5.686605878333334
agm001194545,17.44386485829132,5.763474966666667
agm001194603,16.610895505714563,5.404698248333333
agm001194779,16.513307077404118,5.35626323
agm001194931,13.966916324520165,-4.51471843
agm001195117,16.01711754624214,4.749812915
agm001195146,15.5601590269433,3.384178955
agm001195235,15.471086339769327,4.774832395
agm001195255,15.534885407846174,4.8132173
agm001195282,15.244555274522744,4.63874072
agm001195396,15.914388336459462,5.50885717
agm001195955,15.325269856198378,4.231115585
agm001196189,14.024924039771026,3.37629336
agm001196205,9.130413110879358,-1.4704712875
agm001196264,12.803253440993776,0.6074608375
agm001196298,14.199264473810702,3.49118158
agm001196452,14.308225982376694,1.87918777
agm001196537,14.389718550799897,3.5869572175
agm001196547,14.328027064937254,3.5703686225
agm001196549,11.124200757205601,-0.6443838075
agm001196589,13.956451716756916,3.35627189
agm001196627,14.400881067000123,3.1233301025
agm001196700,14.059636035107658,3.7488369875
agm001196786,15.471913573809442,4.9634193675
agm001196931,14.984585397486903,4.205711215
agm001197013,12.697099822505102,2.477150165
agm001197209,16.80666301622614,5.249892935
agm001197221,16.21503808922735,4.7755587025
agm001197303,13.972188749422513,-1.088260105
agm001197324,16.55788204421398,4.8931737575
agm001197325,16.349615454153057,4.8014424675
agm001197623,14.276209009825594,3.35072247
agm001197776,13.557865814702257,-1.7577034275
agm001197863,13.516310861863321,-0.0273674575
agm001198080,14.904714847344948,4.1390796475
agm001198114,14.772086760159498,1.6523582775
agm001198489,19.36292351701435,8.8057466575
agm001199029,10.372536538925718,-1.9752765025
agm001199372,14.512278165996529,5.40662542
agm001199543,17.468856468154616,7.8405265525
agm001199669,14.925086034227974,1.2222268075
agm001199682,14.076388691834445,3.2570617575
agm001199819,16.808443375867107,6.3502051
agm001200314,16.894374302055528,5.9150484275
agm001200396,17.820298138211342,6.2692839375
agm001200483,15.737932372780298,6.299969255
agm001200499,15.93216214253833,6.2172655425
agm001200508,16.713041495452785,6.4324101675
agm001200516,16.88228539258703,6.50903591
agm001200559,16.5315897451516,6.26858577
agm001200562,16.05047738244292,6.0406066225
agm001200604,15.736380031724364,5.9297797825
agm001200621,16.446899212396104,6.05733882
agm001200633,15.53780963606291,5.82348185
agm001200640,15.907779985429544,6.37069793
agm001200682,17.528630939934015,3.7388029275
agm001200768,15.643734756974009,5.8859544775
agm001200894,16.86934170467815,5.8982634975
agm001200916,16.360877242230973,5.90178813
agm001200924,15.743777382898399,5.5853794
agm001200994,15.725073034786528,5.5102444225
agm001201187,16.979053115616033,5.7836887225
agm001201689,17.12208259175779,5.10296009
agm001202510,10.36819137072293,-0.5436552975
agm001202579,13.377004951198037,0.25394781
agm001202671,12.69734139498181,-1.9463355975
agm001202926,12.306418534687273,-0.9332848825
agm001203062,13.648581974395354,0.695735675
agm001203078,13.332901339411304,2.80502234
agm001203240,13.510739278686172,2.4691059075
agm001203241,13.988297530313504,2.8295290025
agm001203292,14.506092434361603,3.755248875
agm001203625,11.962830776891254,1.70631171
agm001203639,12.412510210087486,2.4056164425
agm001203647,14.101537649247808,2.581702045
agm001203905,14.06574322842051,4.1609041275
agm001204040,17.15794581904054,5.44285537
agm001204358,16.737602791947168,5.60699438
agm001204422,17.593423819643448,4.344403715
agm001204558,17.54425676615036,5.9993784
agm001204881,9.172658774868792,-2.12248003
agm001205050,12.816882752837813,-2.787724455
agm001205155,13.419934254236184,1.2969784675
agm001205312,12.982553889063519,2.397979875
agm001205355,13.440065045808904,3.7039004475
agm001205442,15.413880335086622,3.37431607
agm001205545,14.539089713660017,2.242519445
agm001205853,14.80643858383762,2.2903729625
agm001206161,14.844855670876017,4.5447527625
agm001206313,16.153117994449392,5.494560065
agm001206324,16.54118477384965,5.25894672
agm001206407,14.021377835876937,2.7851348275
agm001206653,15.223688353133378,4.1546234875
agm001206668,15.730000484112285,4.33980206
agm001206810,15.31870066857413,4.954133615
agm001207010,16.175975109677207,0.4761106125
agm001207133,16.897414022960923,2.4122551525
agm001207178,16.175823569973872,3.83100225
agm001207244,18.55057197874659,4.5767714525
agm001207246,16.456848674145064,2.9181761025
agm001207328,14.722942863854685,1.9456503425
agm001207657,14.72824925645199,-1.02289081
agm001207890,15.14619998329045,4.30434168
agm001207991,15.86472224747542,5.8147597625
agm001208593,14.032018093350393,-3.7737317975
agm001208730,19.411960971274073,8.063942895
agm001208773,16.942184409794432,4.7714008575
agm001209023,18.789529401208053,6.7719907975
agm001209031,17.36716059857018,5.3972675575
agm001209047,17.025010526830602,4.592700445
agm001209077,17.483280056993696,4.9007216825
agm001209131,16.32989837230715,5.08913566
agm001209134,18.87923124100008,6.8367872425
agm001209143,17.853275369632915,5.911444725
agm001209178,16.754307531461684,5.348661385
agm001209210,16.838215392669156,3.0757420375
agm001209249,16.915064930373816,5.36778211
agm001209256,16.77483637801368,5.3287193525
agm001209276,16.177098263758886,5.050068715
agm001209278,17.613484185744525,5.1106430925
agm001209294,17.382234552738506,5.072351425
agm001209315,16.36108754009226,5.4366693625
agm001209477,17.857750953153325,4.48945928
agm001209484,17.311061537024255,4.353080535
agm001209507,16.597652512593466,0.730100045
agm001209512,16.45645179291191,2.7454138725
agm001209618,16.92069833053509,5.3305527825
agm001209626,18.107958261949612,5.8611718525
agm001209659,17.064704010267597,6.077669185
agm001209732,16.831584671938565,2.770620915
agm001209734,16.51997514486025,6.7224253525
agm001209745,16.42870970644355,5.1295037025
agm001209775,16.89443684451837,5.3116266175
agm001209797,16.69667013784797,3.6320450475
agm001209833,16.668477296899088,5.8703862325
agm001209983,16.228283415674934,5.6426632525
agm001209998,15.884717038764997,4.85678624
agm001210333,17.565360651577752,5.74254761
agm001210349,18.464398623007302,5.7071867425
agm001210406,16.729098631282685,5.44922907
agm001210564,16.288017517335167,0.59171626
agm001210724,17.422883073916758,5.769342495
agm001210830,16.470338700500367,5.36783142
agm001210846,18.712488095579978,7.0050045925
agm001211219,12.00227096414217,3.8000067475
agm001211252,12.436948435897191,4.3738906725
agm001211305,13.585896931868684,-0.208346685
agm001211360,13.747815413625462,4.2288815425
agm001211457,15.387360251147095,5.49560106
agm001211578,10.05910396641533,0.9192401875
agm001211610,14.954310018716887,5.357053175
agm001211622,14.274266517834072,4.8181521175
agm001211730,14.170804916280769,4.4334532025
agm001211914,14.229280302038879,4.6775669125
agm001211932,12.771794161116366,-1.5452823975
agm001212197,11.791543619910634,2.760449315
agm001212279,15.404084570685983,5.657524235
agm001212353,12.261945030312994,-0.9806786975
agm001212504,10.10257451838894,0.2464092625
agm001212541,15.324637778544526,5.603610795
agm001212729,12.4722239696753,1.0240690725
agm001213080,14.623051184251581,6.38756106
agm001213156,15.847920059135474,5.3514285325
agm001213257,14.253305509622525,3.0617943725
agm001213267,14.291040929645709,5.377656685
agm001213320,15.953733232671262,5.4304981575
agm001213345,15.126557340118142,5.7720874325
agm001213352,15.103800327752213,5.76654508
agm001213426,14.871305932654906,4.4581309325
agm001213439,14.699698705559529,4.9183736
agm001213467,14.962942479646383,5.6437767775
agm001213473,15.455960310380245,7.09836368
agm001213510,14.582749956291353,5.220271845
agm001213605,14.474921319157582,4.837852795
agm001213663,15.06863972102619,4.8763302075
agm001213666,10.901097993885346,-0.123211345
agm001213674,14.541632228572906,3.62551149
agm001213993,12.245351657206308,1.9647679
agm001214022,12.373593706856768,2.286029195
agm001214040,15.713346870163532,5.2860649525
agm001214221,15.167173138830089,5.790006445
agm001214227,15.161239591029421,4.340857895
agm001214440,15.879675967496906,6.05236684
agm001214485,17.050556571836218,5.833485255
agm001214525,13.223570755823243,1.24556668
agm001214735,16.023945706070766,4.926120545
agm001214866,11.297212208084364,1.9771464625
agm001214871,13.507992045037277,3.5986638375
agm001214914,16.121609960229584,5.457621645
agm001215006,14.909454219333316,5.4440582675
agm001215011,15.40373966662564,5.70386728
agm001215669,13.941734005809225,-3.6081168375
agm001215671,14.125641599575847,-2.4560225325
agm001215872,14.24270183355257,6.1227619425
agm001216089,14.155056579405016,7.1204172225
agm001216157,16.98809373935437,4.41868871
agm001216256,15.30235976225783,7.068774745
agm001216412,14.086224861547308,5.259227155
agm001216413,14.973572013180233,8.39486768
agm001216506,17.079478434359427,5.9947015425
agm001216595,14.077798417818256,5.5261992525
agm001216640,16.205016045224916,5.2106931725
agm001216732,14.97281894423589,6.48100456
agm001216808,15.967963990497482,10.47235089
agm001216903,13.623828541701338,-4.0589106975
agm001216907,13.729555401222072,-4.2293656775
agm001217017,12.552553620194828,-2.97117579
agm001217174,17.067180930113704,5.560359135
agm001217177,17.10105423977087,5.5818516875
agm001217252,17.330252768403945,5.6758131225
agm001217344,16.654550851438024,5.373067095
agm001217346,16.719801550814893,5.4154387375
agm001217417,16.650231657631508,3.0235363175
agm001217516,17.68560545100575,6.0814005475
agm001217533,17.089378904868855,3.2249558625
agm001217625,16.64576798655195,5.3476024925
agm001217900,11.33787489370665,0.1752167425
agm001218025,12.862422358661279,2.01707355
agm001218172,12.906341995570235,-3.5092238725
agm001218270,13.93065936301664,1.3733005625
agm001218289,13.853258679173603,1.078351385
agm001218453,14.20723777712675,-2.7307044875
agm001218668,13.430809493973644,1.987382555
agm001218673,13.08925287258135,3.36014588
agm001218692,13.23457432151687,1.8544255975
agm001218770,14.846722392895797,2.29254629
agm001218819,13.572188251449479,-1.37561008
agm001219014,15.301785180702408,1.39949753
agm001219015,15.302093510142905,0.2990108725
agm001219261,15.004729362402957,0.7223852175
agm001219309,15.16341182624358,4.22095115
agm001219453,13.754788355331257,1.710857715
agm001219686,17.66907167790829,2.9744337125
agm001219768,17.40289829802246,5.66320533
agm001219769,16.84847462801139,5.47586949
agm001220019,16.79145966868953,6.478219235
agm001220077,18.799281308985606,7.0424822975
agm001220108,16.132710083474326,4.0374228325
agm001220159,18.333173786067633,4.1474343175
agm001220192,18.312808351256404,6.463110445
agm001220198,18.78267993592679,6.6918808025
agm001220209,17.929014550789617,5.9570688975
agm001220246,17.5282522539319,5.7818234625
agm001220351,17.741763946805364,1.550664325
agm001220385,16.58570191326603,0.6801680575
agm001220391,16.740607322476563,3.0770270475
agm001220431,16.56622436237206,5.3955756125
agm001220439,16.749515321864177,5.40713447
agm001220455,17.87065773632432,5.9256684225
agm001220498,18.2145597240268,5.5743557225
agm001220518,17.20759981342417,5.63935098
agm001220566,16.92368258943251,5.5146258575
agm001220619,17.521698526026803,5.7797154325
agm001220821,14.126336058377245,-0.3605729925
agm001220895,13.59084320916209,1.688428225
agm001220899,14.152167631962941,1.175672765
agm001220969,13.842847277348186,-1.258585655
agm001221068,14.765654859000579,1.1712784725
agm001221069,14.955969777128887,0.2089669525
agm001221298,15.20133997287083,-3.1612482975
agm001221346,14.654200891087761,2.0650443725
agm001221490,13.562067932979092,0.1862584775
agm001221542,14.346503875060169,-0.0483160675
agm001221588,14.367854597777937,-1.8806567525
agm001221666,14.19774698801648,-1.44183774
agm001221787,14.200640296479294,0.327548505
agm001221860,14.865044070560698,1.023218205
agm001221867,14.603113354321215,0.8104531675
agm001222204,16.828611403206196,4.0100187825
agm001222397,16.10205330976935,1.50289157
agm001222836,12.32459296123709,-0.6678906775
agm001222887,12.826916650275408,2.1266179575
agm001222913,12.534219216198332,0.2910629775
agm001222936,15.479568874898003,0.69883477
agm001223363,15.342253733405762,5.15610348
agm001223445,11.65479636419613,-0.2186575225
agm001223499,15.721959676072665,5.390807155
agm001223508,15.357205555533342,4.31618594
agm001223719,15.017688691133822,2.957653405
agm001223721,15.643371631378244,5.3520144125
agm001223744,15.727790480599342,4.3330505575
agm001224000,16.418927027049303,4.75322393
agm001224030,13.729167919727088,-2.27248252
agm001224047,13.02335549533347,-2.62209152
agm001224294,15.737449088414504,3.5929363175
agm001224340,12.770332262446555,2.34097441
agm001224413,12.362679023506814,1.7666307875
agm001224815,10.822715906552112,-1.6774745975
agm001225390,16.64411633030571,5.3433532475
agm001225607,16.424549464450184,5.2469593875
agm001225622,16.7865771633405,3.50615079
agm001225639,17.78803856163676,4.1664307825
agm001225647,16.716431612202843,2.9771212925
agm001225648,16.898127889718957,1.934037175
agm001225716,16.365423849058793,3.020237475
agm001225911,16.37080484751086,5.372684865
agm001226124,17.54250844562384,4.140441735
agm001226301,17.484261948780205,5.0142836425
agm001226308,17.587999522158302,5.0525602825
agm001226310,17.82830179087028,5.567934735
agm001226318,17.1154895145984,0.14448206
agm001226379,17.008887515184362,0.0828059975
agm001226428,17.724846163760073,5.120993465
agm001226572,17.867945733586577,7.009411855
agm001226823,18.57176526858522,7.68516938
agm001226896,17.596077513655995,7.795808275
agm001226907,18.85722432367236,7.08017909
agm001227051,17.843995371312985,6.5824914475
agm001227154,16.774103321494554,5.39686291
agm001227260,16.006503535390312,5.0855692325
agm001227280,16.838775347226733,4.2215621125
agm001227364,17.990011747294634,5.6698160275
agm001227666,13.172827314519072,-3.511578895
agm001228089,10.332394628343042,-2.9178993275
agm001228282,13.006739163046026,-1.0619596725
agm001228451,12.120668872731226,-3.83028895
agm001228534,12.35248302275672,0.240583735
agm001229021,10.573771513022372,0.2323581675
agm001229187,12.823546980102648,-3.41775672
agm001229194,12.679243343427709,-4.11488475
agm001229258,12.01685394771618,-4.7218058125
agm001229294,11.686009492576746,0.9407717125
agm001229333,13.270511627658689,0.59129459
agm001229371,14.50916245415699,2.1611382575
agm001229661,10.89550712521206,-4.1263476775
agm001229673,10.737936007734552,-4.286569975
agm001229884,11.531651768709091,-2.88530104
agm001230011,9.03443784568613,-2.5035833075
agm001230213,10.439981377018523,-3.2305134
agm001230237,11.174654414654583,-1.57835283
agm001230448,12.802648546277018,-4.2247800125
agm001230509,10.41510154171639,1.75058704
agm001230715,17.027198609095397,4.483310035
agm001230730,16.411999464909716,2.1475065075
agm001230732,16.46887737226074,4.4714014575
agm001230735,16.91054230311848,4.73013597
agm001230750,16.732955165122704,2.2154385
agm001230789,16.5879631236814,4.5146324325
agm001230798,17.19876501620972,4.794580885
agm001230803,16.922016022285636,4.6660508225
agm001231147,16.685792353485837,4.9093156175
agm001231149,18.57407516839499,6.5156182325
agm001231168,16.727754209475204,4.8827128825
agm001231190,16.954056280830127,4.8774990625
agm001231316,14.760339784404955,1.79266912
agm001231356,17.19317431385814,5.400794515
agm001231374,17.23257164205729,5.2329721475
agm001231378,16.728592306544595,5.0055605925
agm001231380,16.731418037544035,0.307535625
agm001231391,17.4608196583035,5.55602481
agm001231413,13.909762881136391,0.31313381
agm001231473,16.457045556208488,5.86514801
agm001231543,16.85744711114197,4.98304602
agm001231632,15.282362753301035,2.60630795
agm001231741,14.139791930482687,4.525686155
agm001231945,12.498228941445653,2.7506965125
agm001231965,14.347612008198865,4.88504762
agm001231998,15.401381049971388,4.7432935425
agm001232135,13.722712546060961,1.8549838875
agm001232139,14.576145226267643,4.52305153
agm001232197,14.982239619350763,4.917660015
agm001232428,12.242340701605794,3.3268606625
agm001232463,14.139886993785764,4.1297766425
agm001232660,14.443360581321281,4.589203395
agm001232709,14.379260171015137,5.1301335325
agm001232788,13.303096862087253,-2.010264995
agm001232846,13.965391156729792,3.4083491725
agm001233025,15.597603633812712,3.062573185
agm001233101,16.623070030035397,4.5823616325
agm001233129,14.620028245156721,6.94903641
agm001233145,14.986838951876258,5.4442085475
agm001233209,14.227413528561211,4.06787803
agm001233232,14.365846438533495,3.6839276725
agm001233520,13.996554296897902,-2.7056552725
agm001233647,15.31399845422909,5.6537187675
agm001234809,13.222728616716644,-4.462705175
agm001234837,13.540700697360085,2.12718143
agm001234846,13.263388487754533,1.5591677966666666
agm001234977,11.25494457557874,1.2508224233333334
agm001235402,9.526358393130375,-4.383652196666667
agm001235421,12.831917952861781,4.255754166666667
agm001235682,14.598495262313316,3.5987605533333333
agm001236295,16.89780981997849,-0.7458788766666666
agm001237278,17.631216285321432,1.7943132233333332
agm001237967,21.41648598638898,10.80113191
agm001238146,18.552921380954917,6.879755970000001
agm001238221,12.248576968085485,-0.2335884566666667
agm001238849,9.785833366656961,-0.07497948
agm001239551,15.894891120750353,6.780260173333333
agm001239572,16.34143326522091,-1.3843217166666666
agm001239998,17.026142881305237,7.692307110000001
agm001240372,19.821997529782575,5.622810179999999
agm001240691,15.90760479452215,2.4836337033333336
agm001240984,17.541394060515994,6.759651243333334
agm001241570,21.88464271658923,10.561745653333334
agm001242732,14.628432804004428,-1.626242025
agm001243094,15.37262567638471,1.6483106375
agm001248997,16.441725952525644,3.3184711775
agm001249158,12.301474166749362,-2.91910552
agm001258149,14.028435641303794,0.8463961433333332
agm001258184,14.15247316656482,-1.5973312866666667
agm001258510,14.623910153624664,2.835294043333333
agm001258526,13.878321157673318,5.464555866666667
agm001258570,14.370970414937863,3.13792254
agm001258611,13.643555703860825,5.019495803333333
agm001258629,13.88028682846091,3.59452499
agm001258840,14.616287226823944,2.343326933333333
agm001258844,13.863625943651506,-1.27061069
agm001258866,13.241313260550653,2.3675993766666665
agm001258878,12.246264238301238,1.7303176233333335
agm001260330,14.5296986185162,1.6178599733333332
agm001260503,17.818785312565655,4.980112016666667
agm001260592,13.98845944752108,0.5129013433333333
agm001260604,12.574821731825667,0.22226015333333335
agm001260825,14.534018903634452,1.1886012133333332
agm001261212,12.784630160130758,-0.7172459933333334
agm001261282,13.573439376190697,2.161719686666667
agm001261291,14.14932291407166,2.4481798366666667
agm001261317,13.49139011466188,-2.06298237
agm001261372,12.359674746447277,1.6165172233333334
agm001261379,11.10278087359526,0.9819326866666667
agm001262168,17.017185785155228,3.6866383366666664
agm001262402,12.820595134807101,2.1388683933333335
agm001262842,18.594711362479305,6.204323156666667
agm001263003,15.430435196013725,7.595284983333333
agm001263023,14.822910142371036,5.13681444
agm001263131,13.574960230682398,5.137529153333333
agm001263272,14.623102134472262,5.7890098
agm001263273,14.574201041420189,4.0603648833333335
agm001263455,16.089921208581192,5.2007946
agm001263784,15.69597930464173,4.310709220000001
agm001264050,16.95477060109222,6.589974896666667
agm001264317,18.903194861552358,7.43020004
agm001265113,11.529013853387298,0.88723963
agm001265501,14.525997902955114,4.669129743333333
agm001265650,8.3310844115689,0.16047953666666667
agm001265793,9.71589003352021,0.4335884466666667
agm001265882,12.72349512586981,2.5519708166666666
agm001265922,14.28050584439431,4.823106403333333
agm001265966,14.900409599814038,6.14402111
agm001266154,15.076905580511541,4.997815463333334
agm001266202,18.157999162053176,6.533069963333333
agm001266508,14.062106806837136,4.550457553333334
agm001266535,15.66535547909347,2.86667087
agm001266601,16.4661425539916,5.52139591
agm001266608,16.101111155691736,5.3207261400000005
agm001266843,14.970330383510685,5.31723384
agm001266982,13.203741503901997,2.39598107
agm001266996,12.359146340338638,1.8470546866666666
agm001267198,14.674289298132877,1.9405367666666666
agm001267457,13.462366664262971,4.065620053333333
agm001267489,14.6189508352726,5.051675576666667
agm001267515,15.081729806557902,2.32758297
agm001267517,14.343133188582279,1.8395182833333334
agm001267584,13.884499939454402,-0.20778834000000002
agm001267704,12.95598784055491,0.5842097199999999
agm001267734,11.220868071792173,0.44958677
agm001268038,17.93109426276111,6.222182356666667
agm001268192,15.31573522606985,5.326911036666666
agm001268634,14.488467048716828,0.7367055800000001
agm001268897,16.98799496602106,6.82659938
agm001268903,15.466667830443493,5.569856933333334
agm001269214,15.27828012079142,6.01627982
agm001269217,14.530366008604496,2.4582635766666665
agm001269227,14.453970729789495,5.56126936
agm001269356,11.173232264164136,2.123236203333333
agm001269944,14.448384056610964,4.699059696666667
agm001269993,14.218784325095063,0.6262220866666667
agm001269997,14.875550808132177,4.0212690166666665
agm001270170,14.240250005664507,5.470812476666667
agm001270337,12.67536030362072,0.42619056
agm001270530,16.661943961825045,1.5950198433333334
agm001270676,14.311133896470025,1.16206527
agm001270705,16.95947701045624,7.904915783333333
agm001271418,16.363146441034868,3.50539459
agm001271441,16.512875142502786,3.61379975
agm001271790,16.534762665521743,3.396337863333333
agm001272294,11.25923566393609,-1.4063402466666668
agm001273874,15.339073002735086,4.412138183333333
agm001274131,14.007239674839314,-4.999975693333334
agm001275813,17.416957255088338,5.6757894166666665
agm001276125,17.705903691353495,1.7856278233333331
agm001276163,17.83225192659552,4.96979634
agm001276170,16.610146176778606,3.733946433333333
agm001276177,17.17360393075607,2.5108294233333335
agm001276290,17.245898201196265,2.5403508033333333
agm001276296,16.979373300208987,2.430050883333333
agm001276503,16.33286487113068,2.1379566766666667
agm001277063,10.760353897213045,0.8307237266666667
agm001277190,8.816164201283224,-1.1462821166666666
agm001277205,11.207816699855426,1.30450307
agm001279087,12.255734603701363,0.9372157566666667
agm001280062,14.52090412207614,6.7394670925
agm001280088,18.35718229917746,6.650403535
agm001280102,16.993927227929184,4.8828725075
agm001280138,13.946555909877503,4.3910479225
agm001280216,8.510188953636696,3.5328212425
agm001280254,18.539005077855208,8.142223625
agm001280413,20.026884096877186,7.9707647425
agm001280421,16.899199391721893,5.51156119
agm001280757,10.676157003240862,3.0604395125
agm001280786,15.635217092809855,4.0922994375
agm001280813,9.588698316666127,-2.6024149225
agm001280851,15.331937169935047,4.3062555075
agm001281097,19.16874774634743,10.628420455
agm001281277,16.29733752962781,5.2661680775
agm001281307,16.339076892425798,5.26064675
agm001281337,16.39090669186827,5.293281625
agm001281718,12.519758188665273,-1.3380816825
agm001282042,12.350613644574,6.3982979275
agm001282045,13.607174407664395,5.1024681175
agm001282594,15.3440799521228,4.414926955
agm001282671,8.506464361910082,2.324390625
agm001282688,14.162311867410088,4.151200965
agm001282740,8.838889371187076,3.485466855
agm001282834,15.88383173164731,7.01829724
agm001282850,13.645815466699167,7.94449011
agm001282861,12.454369255859625,6.380795375
agm001282900,15.669758819573183,4.4940996875
agm001283159,19.506255542033013,7.8021954425
agm001283354,14.467088575884349,-2.8557342475
agm001283470,19.086619222537433,7.0366078525
agm001283703,16.22997325296069,-1.74000612
agm001283711,17.268562947129436,5.6479941375
agm001283818,16.8622957471,5.5615688075
agm001283833,20.266797812171834,8.0905583475
agm001283889,16.0674125038392,5.1928293575
agm001284002,17.231241252565905,4.9708615325
agm001284866,11.22032524084062,-2.87783604
agm001285511,16.10892455961116,4.5419237375
agm001288248,11.514986212559172,-1.7727222775
agm001288294,11.820059951794663,1.621053085
agm001288302,12.054499599712068,1.7289453925
agm001288353,11.383317822088932,-0.6661663325
agm001290891,11.043224705345358,-1.20449554
agm001291082,10.417167923106122,-1.4136088525
agm001291270,11.6779319381143,-1.4001145975
agm001291315,12.777166921425325,-4.3577976625
agm001292002,10.960902394505995,0.80700781
agm001292640,10.724254006042047,-1.9025436325
agm001293365,10.723623772513514,-1.5631093675
agm001293411,10.559605164790984,0.4019977375
agm001293966,13.100867456815285,-3.6887399875
agm001294122,10.915754571173537,-3.998669825
agm001294416,12.09869212258365,-3.9376806725
agm001294827,9.884333519359362,-3.84325204
agm001295563,10.991736326641469,0.0180507
agm001295660,15.015177000231693,-1.6357882175
agm001295669,14.81875319185133,0.5484516175
agm001296232,14.98621363294098,0.5304362875
agm001296235,14.727904969855272,2.7016353975
agm001296252,15.006770749111709,2.5936130975
agm001296935,13.765757236264275,2.537492665
agm001297404,14.257056969636622,2.710597185
agm001298350,14.381958797783142,2.2040775525
agm001298435,10.711075246740593,2.3019017075
agm001298616,13.228681747601286,2.403514645
agm001298961,15.215504321659466,2.963894935
agm001299412,14.035325289505618,1.49199424
agm001299546,10.510002913131144,1.195744805
agm001299626,11.634594163967567,1.4121064625
agm001300435,14.511458478978584,3.024398465
agm001301082,10.380958435554831,-0.5379233775
agm001301143,13.074566191790986,1.81226177
agm001301207,10.446424648047243,-0.233563745
agm001301294,10.185539617017367,-0.31522752
agm001301350,13.474100917339177,2.761166105
agm001301400,13.743471571500002,2.6501733675
agm001301624,13.953103893708743,2.799971425
agm001301858,14.890369380346312,0.8707386175
agm001301872,15.242513744186452,-1.195885155
agm001301903,15.082417946271496,1.005665025
agm001302668,11.48638158092155,0.9980310025
agm001302821,14.977319555339527,2.812502615
agm001302822,15.352282866279443,3.0730169525
agm001302831,14.58972271247922,2.5572228825
agm001305331,9.391305629018389,0.3860327175
agm001306706,9.47097146834708,-2.187316195
agm001306997,9.029125671383346,-2.2932682125
agm001307650,8.959529190252338,-3.319485625
agm001308033,14.102796720895359,-1.0574046075
agm001308218,14.762867847089943,0.000854415
agm001308270,14.571047985891603,0.831701935
agm001308803,12.376750008416801,0.38207376
agm001309233,12.781148297736218,-0.6556526525
agm001309848,11.091319761075448,-0.8168388075
agm001309861,10.241272418750333,-1.5046746825
agm001310419,12.47010501112325,-2.9350513125
agm001310506,10.964239824830162,-0.90801913
agm001310810,12.341810810179023,-2.01051214
agm001310811,12.34382189493536,-1.4554155625
agm001311188,14.50420062228278,0.3218174675
agm001311964,13.518388226075837,-0.1847445025
agm001312084,12.4150904347916,-3.24145838
agm001312201,11.145983326668324,-2.63400231
agm001312428,12.964353357726619,0.36735622
agm001312529,13.529547245166547,-0.35041644
agm001312770,12.60029895216863,-3.9448195625
agm001312786,12.275483957249152,-1.691494585
agm001313797,12.88660370527393,-2.15215443
agm001314183,14.070066409115384,0.38307904
agm001315431,15.548422603481791,5.461492235
agm001315528,15.024062939623207,4.9030215925
agm001316618,14.198995084935436,0.6661986275
agm001316621,13.980819444657989,2.8807367875
agm001316644,14.52288175168185,3.86179726
agm001316647,14.135239618189528,3.58987668
agm001316807,14.303527450728252,2.246415105
agm001317079,14.287254778688721,2.814931125
agm001317117,13.342486697609854,4.0612260875
agm001317132,14.752510053660057,4.164548815
agm001317137,15.319644842963841,4.49810233
agm001317247,15.308166925202228,3.5604557775
agm001317286,16.627913587852518,2.519579365
agm001317294,16.410011412107483,4.7588476
agm001317325,15.317707446437522,3.0832049275
agm001317529,15.112139908132079,3.758571755
agm001317833,13.777290385994865,0.8277004575
agm001318168,14.738420462350055,4.2233792675
agm001318505,15.57250360146812,4.752545055
agm001318578,14.20225260578958,4.561453585
agm001318850,12.69984757862489,2.502617195
agm001318970,15.410108772452515,2.66932932
agm001319179,16.281277774436504,4.65919989
agm001319181,16.417950163280853,4.7339192175
agm001319279,15.459486380823362,3.6411813425
agm001321438,16.276909742692137,4.421475465
agm001321440,15.433954687327084,3.9265482075
agm001323207,15.407752338638634,6.557166785
agm001323298,17.21530196430786,3.2530866525
agm001323338,17.425655261187966,4.47277497
agm001323540,13.39799645233603,4.07862272
agm001323541,12.39930604995425,3.82069623
agm001324184,11.654420985916188,4.8092749875
agm001324202,12.557733672494635,5.21157031
agm001324508,14.55070210375776,6.2856638875
agm001324601,16.985756137847734,6.03131524
agm001324616,14.903418878086576,5.625320335
agm001324709,15.46982700798842,5.128003675
agm001324713,15.6034672467272,5.201137635
agm001325459,16.162379131452944,5.4056358625
agm001325496,16.300785217629514,5.4703535475
agm001325537,14.936659546394292,4.688859325
agm001325700,14.104701285257889,4.6441676975
agm001326034,14.963800604318946,6.0541363675
agm001326096,16.101444457266815,3.5984767125
agm001326146,15.35451588363484,5.52473353
agm001326426,15.369509305354478,4.1618496975
agm001326475,15.215625991983732,5.256193545
agm001326782,15.763962901397417,4.8456959575
agm001326914,13.285032523807546,4.0172181775
agm001327039,12.92941050799623,4.98307846
agm001327045,13.164804779214132,5.0912957725
agm001327051,12.311224699927564,3.5475533925
agm001327087,14.618725324474871,5.3729586775
agm001327170,14.829033727430856,6.2945519575
agm001327871,15.989248277790464,6.1932212025
agm001328047,16.019513990890992,2.7085434575
agm001328117,14.440119848563809,4.7398952025
agm001328494,14.973224284922535,5.8150751425
agm001328605,17.858417648057507,8.3247715625
agm001328701,16.62651144197277,6.55045001
agm001328760,18.40077005860544,7.2124237125
agm001328798,17.855223635640424,5.952694265
agm001328802,16.79837751032509,4.72306825
agm001328881,13.764829514115796,2.16478408
agm001329427,17.41592072945249,8.2176383625
agm001329437,16.06197043455026,5.93210488
agm001329638,17.056658940218924,4.6496284725
agm001329653,15.707628416225191,5.9290397275
agm001330108,16.32810202449165,5.0790671825
agm001330202,17.319521949494057,6.1704631
agm001330214,16.92057483393139,4.6745830125
agm001330304,16.618951898161303,4.51056845
agm001330842,17.946327106435156,6.1398655875
agm001330848,17.696738625462476,4.7813304275
agm001330887,18.80258969484517,5.70153326
agm001331546,17.23376787402852,6.6635555175
agm001331706,17.169769067310494,6.6158158825
agm001333329,18.406621471744394,6.98917731
agm001333369,16.45980411886389,5.210055565
agm001333417,17.691932840105103,5.3852552475
agm001333472,17.00244298880146,4.961083655
agm001333493,17.200559680659513,3.8083163525
agm001333518,16.34873298401875,3.3336107025
agm001333642,10.987644146508412,0.8670129475
agm001334857,12.252725707264734,3.8479183675
agm001335385,12.417589684252484,0.6493098475
agm001335409,13.486979589522265,-0.5564222375
agm001335534,13.518365894556071,2.644168535
agm001335843,15.589858125272551,5.527398595
agm001335878,14.30209747092408,4.84782829
agm001339216,16.897804268703098,3.1201898025
agm001340268,12.699447954467628,3.5141889325
agm001340305,13.96136781808969,1.35603493
agm001340473,14.922397688701118,4.06448519
agm001340512,15.06150894276504,1.804428825
agm001340516,14.765604391229768,1.6086017125
agm001341023,12.963010315344608,2.0455974725
agm001341036,13.328720821164184,-0.0237443875
agm001341037,13.272913802674298,-0.061747125
agm001341059,13.088418298083822,2.1211608375
agm001341155,9.717932684982515,1.2061546075
agm001341597,13.901329138928803,3.32903462
agm001341602,14.49519856341264,1.3348163775
agm001341663,11.229530348384392,1.654904815
agm001341706,10.48607612177942,1.5738145375
agm001342073,14.686565731961787,4.431571105
agm001342137,14.273561285068343,4.17042563
agm001342162,13.632097794327839,3.7268439425
agm001342217,13.802283006174436,3.825635095
agm001342851,12.330852243116272,3.317591075
agm001343801,12.745750393689299,-0.7149669425
agm001343815,12.905778226186298,0.7644998475
agm001344623,14.562837571036633,2.8819086475
agm001344669,14.34208049843799,0.3778430975
agm001345590,14.504747762284687,-0.02753757
agm001346343,12.767207778184245,1.69015342
agm001347216,15.115026878935128,4.66920347
agm001347235,15.174069055383688,4.707776885
agm001347240,15.243067381189753,4.7472244075
agm001348665,15.812927124808784,4.67431853
agm001348703,15.545711953442023,2.13536135
agm001348719,15.488650883683986,4.4881052525
agm001348754,15.108517303152516,1.8768478825
agm001348977,12.020632070141575,2.6685049675
agm001348984,13.84284417933378,3.644037045
agm001349204,15.17726135786068,5.6611279325
agm001349244,12.701722119506604,3.5173515425
agm001349274,16.15195654017445,5.4897877775
agm001349277,15.733813912428435,2.8750922275
agm001349371,14.748945112452887,2.25175656
agm001349376,15.024748197359497,2.415021815
agm001349389,14.497857708120726,4.4478299925
agm001349938,16.543894584742585,2.4288780175
agm001350012,16.169707725225123,4.5220968525
agm001350094,12.692207087352323,3.4578137125
agm001350100,12.924809675307564,3.2194341125
agm001350121,12.248793679348895,3.298170395
agm001350436,14.17689203385852,5.1726141575
agm001350568,14.047107412730087,1.230360305
agm001351610,14.767885483798128,5.0553871925
agm001351794,17.808584385137692,6.05890491
agm001351893,16.46473702764398,2.9045538025
agm001351933,17.036836111050466,4.323345495
agm001351995,13.466819194375093,3.2713400725
agm001352263,15.608470986519372,3.7276188975
agm001352326,14.855237490351586,3.2472195725
agm001352332,15.095513681570248,3.3950082825
agm001352848,14.575700726336612,5.2978501925
agm001353220,15.124265350358103,0.54312867
agm001353438,15.475294376859669,5.3606391175
agm001353535,15.386590483105659,5.4171006575
agm001353552,17.03941834949967,5.52887759
agm001353554,16.253545737950283,5.08771447
agm001353633,16.034323314327203,4.918194525
agm001354184,16.38199512329092,5.53566368
agm001354185,16.5418453114541,4.3439105475
agm001354286,17.37723040286872,5.35082235
agm001354335,17.22027723620547,2.91087434
agm001354342,17.00558009273106,1.513207855
agm001354369,16.784649223379056,3.74442155
agm001354604,14.761000267538053,4.0199003325
agm001354653,15.43741518071621,4.458507755
agm001354999,16.45998326820815,5.6683286
agm001355018,17.80165148426928,4.3844397525
agm001355039,15.996746514840261,5.4194473525
agm001355540,11.328075068549328,0.2261053
agm001356999,12.370169508424356,2.376703695
agm001357178,12.752780421750405,-1.770604065
agm001357468,14.088277737927763,1.00286165
agm001357544,11.296946813279995,-0.0264640425
agm001359910,10.479587918959666,0.095949285
agm001359971,13.933816461405653,3.545662255
agm001359977,13.80415543162164,3.152071625
agm001360261,14.847911808720175,4.5789244725
agm001360292,15.395166795035161,4.8631295275
agm001360382,13.885278859304403,3.9587487075
agm001360604,14.411167545313601,3.91915188
agm001361146,9.937047527521909,-0.625314535
agm001361160,11.12072362706354,-1.18813468
agm001361503,13.916603826942206,1.92063004
agm001361514,14.226578446032066,4.4387551125
agm001361517,13.74164082529899,1.8158424775
agm001361539,14.020041387679926,4.3325519975
agm001361552,14.769861746017783,3.8713732
agm001361758,10.523014230161227,-1.91853911
agm001363431,12.253369704870199,-0.28604536
agm001363461,11.535198864967334,-1.95916322
agm001364196,9.563451795695514,-2.442295335
agm001364386,16.862352069266677,5.2866016575
agm001365268,15.966795962531403,6.037547115
agm001365564,16.893106806217236,5.8039583425
agm001365692,16.364750018556055,3.170110895
agm001366454,10.790821062515144,3.494635805
agm001366795,15.459089048284802,5.3522379475
agm001366798,14.893772339639195,2.6734694125
agm001366874,16.43174687107188,5.1582156175
agm001366875,16.242837179500707,5.0449766575
agm001366910,16.343383520512198,5.11209481
agm001366926,15.347242824939459,4.4898356
agm001367248,10.92273023399256,4.7115661
agm001367262,11.770528815114169,4.242521105
agm001367493,13.4420108378664,5.1748030675
agm001367707,12.570501024564091,-1.70892589
agm001367983,14.405076968910304,2.31448229
agm001368614,14.728907645513868,4.67807547
agm001368917,16.887764457629096,5.9658855175
agm001368947,16.578235454870082,5.8073765775
agm001369447,14.44032179809265,3.47808941
agm001369472,14.562328719495664,3.559054295
agm001370071,14.120984274903725,3.1731142475
agm001370073,13.535965523351152,5.2288592375
agm001370173,13.962395476622653,4.8977324225
agm001370443,14.191117127714982,2.69692775
agm001370456,14.574270525069098,0.631422755
agm001370478,14.30583397358565,2.76943266
agm001370753,16.66156011698945,6.781521785
agm001370944,15.619142381967105,5.1705561225
agm001370950,15.30599532318314,4.984014065
agm001371010,15.470535925383764,5.06260136
agm001371899,14.568882531557865,5.267961665
agm001372033,14.954604554392281,4.62932978
agm001372072,14.549971142858755,2.0453910525
agm001372150,14.04203240372123,4.0567972525
agm001372158,14.190146555327004,4.1494448225
agm001372183,14.237892667642143,4.18514461
agm001372319,16.402042875721516,6.09903551
agm001372503,15.847542314732774,5.8207427225
agm001372540,16.122899035243208,5.9512248625
agm001372598,15.775773002314544,5.753493395
agm001372612,16.135730432613563,4.659696515
agm001373066,11.5685650835758,1.83938656
agm001373144,12.865991942037445,2.589577465
agm001373206,13.376108186437909,4.2040728875
agm001373273,13.619042276698964,3.693244775
agm001373791,15.548034343402305,-0.11106015
agm001373806,15.08565171652197,1.880162985
agm001374190,16.73707455750501,5.4640005675
agm001374264,12.816038660995323,2.02361256
agm001374501,15.454962536462688,4.2180551275
agm001374977,13.125811633956614,1.9162335025
agm001375024,14.199479131441612,1.6339614175
agm001375047,14.648325358238067,3.15700442
agm001375296,14.936027286434893,2.8383448875
agm001375303,15.32102791930203,3.0827342025
agm001376463,16.252394271792948,5.541022725
agm001377061,17.48883856052184,5.7156883425
agm001377796,16.904010798170834,3.1336542725
agm001377918,12.913299526455116,1.0357521925
agm001377921,12.984689836629842,1.06941966
agm001377942,11.666546931563403,-2.056570675
agm001378378,14.524701472207326,2.5708624125
agm001378450,14.417143989113278,1.292796365
agm001378543,13.06100237989332,4.917475825
agm001378912,14.020664198701603,3.9156357925
agm001378931,12.663154316172745,0.6182967175
agm001379012,12.946904583156927,3.305314065
agm001379017,12.628796367867922,0.739299
agm001379199,9.977089572002237,-1.22691423
agm001379251,13.490253232011959,5.2293202325
agm001379692,11.706505379171162,-0.582764595
agm001379776,14.105035670460348,3.2207298525
agm001379780,13.260499126382113,2.8001839375
agm001380137,12.114137200843192,0.50913546
agm001380472,14.005775254591363,5.01664653
agm001380481,13.858500304525894,4.9314211175
agm001380535,13.521777279235932,7.080733775
agm001380965,13.646279550149368,-0.0442724275
agm001381211,13.129226862655418,-1.3432092875
agm001381523,15.108971973241848,5.68035659
agm001381556,15.179779012225909,2.7726107875
agm001381578,15.46298092320039,5.279201965
agm001381636,14.882108322271968,3.7359239725
agm001381706,13.356384437616564,0.421841625
agm001381758,14.407829731760195,-0.09415193
agm001382585,13.25044358935058,4.9109677575
agm001382586,13.467139403776697,5.0345467525
agm001382598,13.078741991908714,3.582062375
agm001382626,16.137409424032093,7.20705404
agm001382722,13.662985287061252,4.2466433225
agm001382803,13.873203901919693,4.3106514525
agm001383737,13.705597797851473,-0.86536287
agm001383751,13.679271943139048,0.0696653425
agm001383830,13.89257317070428,-0.3040818725
agm001385166,15.779968392368033,1.42005103
agm001385193,15.610238769851422,-1.03633332
agm001385258,14.920376799814498,0.773435445
agm001385272,14.719942637003713,0.5974775675
agm001385654,13.330816592977897,-0.79890173
agm001385955,13.262693488392049,-2.6100272375
agm001386637,16.083175550278145,7.70154871
agm001387169,14.386584453519704,6.234886855
agm001387598,16.745350021432515,7.11470717
agm001387652,15.662285229477158,6.0463453725
agm001388406,11.930735580067882,-0.341486005
agm001388866,15.141254644132966,4.530858935
agm001388869,14.728811283870272,4.29357152
agm001389498,16.521926765806434,5.309462075
agm001389511,15.885858582645971,4.89354419
agm001389618,12.728071105200451,-2.055082305
agm001389740,13.380123204889742,-0.452019595
agm001391259,11.376693694393385,-3.4560004925
agm001392269,15.640395153491436,4.3745963125
agm001392425,16.781904358681306,6.07913114
agm001392448,18.071216050826905,7.0813179175
agm001392518,16.10538367898622,3.3511083225
agm001392562,16.227397764447765,4.5134490075
agm001392909,18.150795058156106,6.190645815
agm001392939,17.522238005778075,5.863876955
agm001393223,17.95386884854725,7.6008968775
agm001393321,18.552375736705887,8.1651303425
agm001393571,16.98464511130655,6.81156631
agm001393572,17.388249288772137,7.032285675
agm001393578,16.482108428422116,6.5427486425
agm001394037,18.315360624942247,6.8216468125
agm001394039,18.446348787742348,6.894397875
agm001394045,18.192454092216835,6.75570986
agm001394177,17.37104563972933,6.3513345825
agm001394199,17.5073230976653,5.094998195
agm001394201,17.44554912283347,6.429441555
agm001394209,17.572622640244795,6.4659702975
agm001394214,18.717670218026605,5.03202452
agm001394262,16.768389007500396,6.0052952625
agm001394271,17.428617044803122,6.3547058675
agm001395146,12.912079260887905,1.4884038475
agm001395244,13.873973764584592,3.09243741
agm001397942,11.644346048625755,-2.4507813375
agm001399512,15.529208240136713,3.705342355
agm001399613,16.485460009990828,5.7810064025
agm001399634,16.74242640339426,5.909329805
agm001399732,15.726524266821523,4.136237065
agm001400825,14.861861955683244,4.7345231075
agm001401353,15.728283691584968,5.934763805
agm001401356,15.788560047770334,5.964697665
agm001402085,12.565563748701432,-0.7169038575
agm001403992,17.771952543242445,7.4448780225
agm001404323,16.938769681212957,6.6970067225
agm001404619,15.969330495163396,4.682644215
agm001404875,17.846256272627905,6.485274945
agm001404887,17.245505456111218,6.1663470375
agm001404911,17.26112363339725,6.197482415
agm001404940,16.990551441570823,2.3669775675
agm001404955,16.42919905746696,5.6824758175
agm001406691,17.31902642440435,7.5111316525
agm001407576,17.852836490272402,3.968646505
agm001407581,17.711565787687473,6.057963405
agm001409256,16.58614390910552,3.3096739425
agm001413558,16.65858646585556,4.855584806666667
agm001413569,16.36272024448342,4.707531653333334
agm001413578,16.461706143086236,4.769443053333333
agm001414224,7.821985369751462,-2.7853220800000003
agm001414318,13.890377256469904,1.6423420533333333
agm001415648,14.276389566853947,2.69881526
agm001416735,11.121757467016911,0.404551905
agm001416835,16.731402835385474,4.6715416975
agm001416850,15.863714381824206,6.46380987
agm001416911,19.481121253802016,6.80663222
agm001417139,8.787633444096583,2.182269395
agm001417159,12.762787867731937,-3.7204613
agm001417178,14.527713879540137,5.789042345
agm001417585,17.625387750837547,-0.3154896575
agm001417661,12.462611899091165,-1.4434615
agm001417732,15.794788013011427,-1.6486079075
agm001417739,15.805101525387,4.8805686375
agm001417753,16.96048497188875,4.7119556625
agm001417758,11.635408777843127,2.51752005
agm001418018,9.00733292310843,-5.6441133525
agm001418037,10.834233673083597,0.1273761675
agm001418252,12.27099529351917,-2.8856330625
agm001418341,17.184030618400566,4.7128501
agm001610607,13.100268401238115,0.06555303
agm001610664,9.961297566902632,-0.021461346
agm001610718,15.145233537390984,4.030612246
agm001610794,14.326968206001798,3.15663153
agm001611072,11.451307306078345,-1.183746526
agm001611086,14.831379543150515,2.9852331
agm001611151,8.52237018595351,0.78926348
agm001611853,10.917782286624645,0.151412178
agm001612064,15.52586604400939,2.0629994480000002
agm001612088,12.421006572709958,-0.640643352
agm001612096,13.31557202306993,0.504119318
agm001612300,12.94269375893182,2.193689194
agm001612357,14.552101095958985,3.386086626
agm001612486,15.732061170666714,3.514155544
agm001612736,20.15812028561171,9.151882492
agm001612848,18.833405502508874,8.38870986
agm001613054,18.25670551267714,7.492550457999999
agm001613153,10.84456666834156,-1.411770524
agm001613393,11.034728318391387,-1.267449
agm001613405,11.891606629999043,-1.232056316
agm001613419,13.58220163631194,-0.014912194
agm001613435,7.553415136734595,-1.5174404479999999
agm001613466,7.9010503247333785,-2.362870766
agm001613557,9.35519184204929,-1.620865964
agm001613642,10.360238307045233,-0.36028562599999997
agm001613896,15.087874984193197,3.8028764440000002
agm001614099,9.656988238986152,0.66582731
agm001614304,17.101642047618178,4.241802160000001
agm001614538,12.362850857151036,0.506225766
agm001614594,13.555697661951731,0.276912084
agm001614609,14.95053240831179,2.179850054
agm001614624,13.050513972427263,-1.18474315
agm001614859,8.704756994855732,-3.3842272600000003
agm001614946,22.706119788918393,11.907903462
agm001615103,18.64960232548598,7.060125806
agm001615813,9.899604025405413,-0.311583092
agm001615893,7.597177268362375,-3.370777212
agm001615899,7.9821641221533595,-3.296462878
agm001616274,19.58630978827681,8.916440454
agm001616291,19.870669155226253,8.420826196
agm001616483,7.411196683218053,-2.5346367499999998
agm001616834,17.10292046589449,4.092357538
agm001616852,15.07923820034801,1.990508508
agm001616904,13.940577097764876,0.966848272
agm001617264,11.227168704603475,-2.015526194
agm001617560,8.765470246263911,-2.80522063
agm001617691,11.717208623795592,-3.161481896
agm001617764,22.8107998687993,12.067023308
agm001617859,15.156363539625852,4.580084021999999
agm001617863,15.04595065559138,5.6437930540000005
agm001618384,8.352874974958876,-2.606523654
agm001618587,11.172927256188007,-1.736483792
agm001619062,10.999063704645563,-1.162285432
agm001619527,9.639641589989926,-3.685681758
agm001619697,14.42724310752566,0.264424066
agm001619870,13.186572813755618,2.3780667699999998
agm001619912,13.64669477613217,0.44010418199999995
agm001620089,8.897686236272625,-2.506919482
agm001620195,10.977519953380124,-0.588423522
agm001620210,11.84830855293215,-0.761027172
agm001620287,10.152562284458927,1.4063678940000002
agm001620330,10.261151046199796,-0.7584047199999999
agm001620389,8.577056301099137,-2.32877082
agm001620440,14.047889979181026,3.078008236
agm001620696,9.064978819091891,-0.589639544
agm001621751,16.538682250964253,4.018580055999999
agm001623557,8.602802607375573,-0.662626366
agm001624890,10.664138726600026,-1.913149902
agm001624970,13.807050363796247,4.6030236559999995
agm001625101,14.153256793482788,3.8331014260000003
agm001625920,8.569128894098743,-1.8132671439999999
agm001625923,8.857270327762397,-2.742005914
agm001625936,10.055972215472,-1.525449566
agm001626132,8.871896378982093,-2.1341857180000003
agm001627843,15.6012024782674,4.905977654
agm001627868,15.56179972507159,5.032077822
agm001628136,20.256197419823952,9.111878026
agm001628392,9.537858316492205,-2.974869152
agm001629463,9.924510573301735,-4.051146512
agm001629852,14.252249984333963,4.086534256
agm001630417,10.70567295173485,-1.697353872
agm001630546,14.957982590172234,-1.8689290766666666
agm001630836,14.226519679026586,4.801075153333334
agm001630872,13.560115867248607,8.354705731666668
agm001630995,15.377811125648309,6.577789433333333
agm001631232,15.01923140781472,5.188289176666667
agm001631326,14.371002752682235,-4.084709136666667
agm001632103,11.82065140424075,-2.042444722
agm001634272,20.276542739226464,8.874605984
agm001639992,10.87969203474913,-2.336050574
agm001640845,14.06517397902007,3.75043027
agm001641535,8.803521181870895,-2.887621978
agm001641570,8.452325237357469,0.223891984
agm001642081,8.390188954495672,-1.546005708
agm001647204,9.572091168597009,-1.115321162
agm001655882,11.129406930742947,-1.03133717
agm001661708,9.97510049030942,-0.06545255800000001
agm001662821,12.410493249148562,3.4742475059999998
agm001663000,8.698017998996256,-2.1278718739999998
agm001663980,16.81562788132309,7.018000467999999
agm001665779,7.524934435372001,0.824530774
agm001817125,17.331307689122323,5.683089455
agm001817391,17.405326329368172,5.7288508425
agm001827922,16.149181541196917,-2.1834229125
agm001828292,12.347610133801542,4.13956151
agm001828402,10.301643176238072,2.8944870975
agm001828718,14.640220620278527,5.968472025
agm001828775,14.17902389463477,0.31701641
agm001828851,17.529639268604445,6.524645755
agm001828900,11.824935021108208,-0.285826905
agm001829200,16.958401965110166,4.71974198
agm001829322,16.406143327786076,7.5569552475
agm001829494,9.214309914254853,-2.5907878175
agm001829650,17.308622539767214,5.7586024125
agm001829825,16.17152123191446,5.213521605
agm001829853,16.61813300334119,5.41287287
agm001829855,17.110293735101802,5.6683487075
agm001830035,20.48845621090107,10.4960194725
agm001830256,18.5923035479807,3.7116286975
agm001830353,12.758096826354846,3.09272531
agm001830481,13.768961906084822,-5.2641888525
agm001830562,13.22745655523248,3.349434885
agm001830793,15.159391073291372,-0.9806913599999999
agm001830818,14.945205407272505,2.0523306800000003
agm001830851,14.760286696591239,1.9905275533333333
agm001831316,15.420155322719014,4.153187143333334
agm001831364,14.830351152025637,4.39355773
agm001831372,14.912061919374658,4.42486093
agm001831381,14.6592918146064,2.048645886666667
agm001831382,15.792696940710867,4.6124549
agm001831469,15.076895618988354,3.4784771200000004
agm001831513,15.229352583834581,4.874502126666667
agm001831684,14.955102970802228,3.6263316833333334
agm001831685,14.918448355152508,3.5983747533333332
agm001831742,18.437902965858978,6.09004188
agm001831755,16.62300712542738,3.1708488066666667
agm001831766,16.715320425829756,4.86597087
agm001831816,16.297918913396998,1.5517103133333334
agm001832135,14.986925351464107,4.553397163333334
agm001832380,16.998947366031764,6.16391764
agm001832413,17.263312498830945,6.320841626666667
agm001832511,15.755366593525304,5.656983156666667
agm001832517,16.14765042629638,5.90709853
agm001832535,15.865461900771356,5.738078256666667
agm001833811,11.80480481110329,0.5336143566666667
agm001835229,11.625693445475356,3.9368334533333336
agm001835408,13.652241401868343,0.7059338433333333
agm001835613,15.536833613641683,5.586779563333334
agm001836470,11.941962542239615,-2.63130074
agm001837295,13.555331619748388,3.6606035133333332
agm001837535,17.813460662973647,8.098517533333334
agm001837647,14.285465498529014,1.5655330466666666
agm001837702,14.504723788003938,4.811817023333333
agm001837826,14.43083169689263,2.4914658199999997
agm001838386,14.06644014300502,5.7168700900000005
agm001839280,14.240611575483603,4.29502157
agm001839659,13.640768678323964,-4.3841026
agm001840071,16.647804224676396,5.646034873333334
agm001840108,16.71065947397854,5.65610198
agm001840439,15.164454590609687,4.137795896666667
agm001841469,15.717275672936585,5.727094046666667
agm001841478,15.715624376508558,5.727780793333333
agm001841506,16.752067116387146,6.662458343333333
agm001842456,16.197393033962992,5.1795637900000004
agm001842615,14.917185767000516,-1.6618808466666666
agm001843653,16.065774207935117,2.1700548733333336
agm001843845,16.125604207796716,3.3279836166666663
agm001844218,14.751712464073892,1.05585965
agm001844518,17.199665285537424,5.600945153333334
agm001844550,17.395287261719833,5.690881026666666
agm001844574,16.530240797491576,5.380578633333333
agm001844597,16.29510051842363,5.2711904899999995
agm001844604,16.448178133965396,5.326936093333333
agm001844614,17.937204585088896,4.93896036
agm001844638,16.536853415315342,3.6045459799999997
agm001844888,16.710418186417915,5.464574463333334
agm001844936,16.926018965162235,3.845730676666667
agm001844985,16.440810772078493,5.331084223333334
agm001845030,16.64992368549254,5.4005610866666665
agm001845125,17.394265836102146,5.752900206666666
agm001845326,16.25413574666949,2.100262193333333
agm001845425,17.291760467887304,4.744627516666667
agm001845430,16.27459283448267,5.242632953333334
agm001845452,16.45663327342911,3.6579754566666662
agm001850168,8.54688374608442,-1.9540245699999998
agm001850340,15.040372465747211,4.264458946666667
agm001850535,15.746100269322797,7.833445543333333
agm001850626,12.86108547658871,1.2058034633333332
agm001850679,14.288573289179396,7.338337076666666
agm001850694,10.383991654441084,5.402073173333334
agm001850704,11.142777151852833,5.614458193333333
agm001850843,13.150520958764874,3.214384653333333
agm001850928,13.983361536590523,7.41302932
agm001851176,16.665902808606564,5.407890366666667
agm001851178,16.77533296160534,5.4384028933333335
agm001851266,16.082462834623097,5.20325845
agm001851325,16.69426180308395,5.423859196666666
agm001851473,11.220304562329808,0.91938517
agm001851620,15.52259114603095,4.19615788
agm001851659,14.342477751513536,-2.3255470233333333
agm001851945,16.948143363003044,2.3910774166666666
agm001851948,18.123949361937004,0.97415526
agm001907207,10.913727914249122,0.01092354
agm001907227,14.046011843742287,-2.8904962199999997
agm001912337,14.799938841723778,-1.8691229775
agm001912484,13.71882004042044,-3.3768127675
agm001913740,15.58624529536628,2.29442016
agm001914792,16.774730301774436,3.6013823675
agm001914796,16.929378978932046,3.6987061875
agm001916123,13.554231550226413,-0.516818015
agm001916328,13.216255099173422,-3.0287130975
agm001916349,12.21364680394255,-1.4601199825
agm001917157,13.940159602767835,-0.3267114825
agm001917162,14.016565420896871,-1.06871105
agm001917295,14.12771017568469,-1.3041137175
agm001920191,13.80489066907831,-1.7643014925
agm001922333,12.458621106513315,-3.8532597325
agm001924573,15.83833875446213,3.46242962
agm001924584,16.29046431073185,3.3490566725
agm001924693,15.394846139164274,3.0475156525
agm001924847,13.194834077878133,2.727848975
agm001925548,12.72896850705094,3.063986705
agm001925579,13.43521858291847,0.6744462525
agm001925733,17.5454223964788,5.547795315
agm001927454,12.760657255252811,-0.0784766825
agm001928086,13.202802577082656,-1.4751116975
agm001930016,16.184983297841498,7.11807471
agm001930166,16.760391429612266,7.4694857
agm001930223,15.39846799537674,-1.1238822875
agm001930326,15.096711975317872,3.2137796125
agm001930363,14.738703599750846,-1.48036266
agm001930670,15.647012756870799,5.0603139325
agm001930685,16.727176394540102,5.87997609
agm001930920,16.682393418525724,3.50201482
agm001931019,12.657931847859222,3.6648525575
agm001931199,18.373689819673487,1.3591186275
agm001931287,15.637366367077245,0.84879102
agm001931619,14.878180976557644,3.0371011275
agm001932484,15.616993853273282,3.0065541525
agm001932577,16.68481743409069,4.479007985
agm001932794,13.453366498883163,-0.119155125
agm001935025,12.332908261397339,0.080116505
agm001935399,13.891958199953171,1.8976092225
agm001935556,13.640661242066052,-0.53828115
agm001935732,14.528657400338057,-0.231848235
agm001935807,17.24422689484126,4.1306774425
agm001936267,15.797628169561513,4.019343525
agm001936521,15.690743816056562,1.653790295
agm001937077,17.29890946135473,5.2910866775
agm001937248,16.466010196415354,4.473242545
agm001937273,16.298127197063643,0.1400361225
agm001937354,16.744040934241347,4.5862820175
agm001937370,17.803315720098013,4.004919925
agm001937922,13.82874327008117,-1.8636292075
agm001937935,15.509322112158877,7.41391814
agm001938400,15.661847689496522,4.13811716
agm001939074,19.44839548160923,8.398592905
agm001940001,14.202043967784645,1.78507832
agm001940197,16.269149909046455,5.198799575
agm001940203,15.007468625314653,5.3825580625
agm001942174,16.482121920181203,2.6888183275
agm001942769,15.054048878501618,2.1633523075
agm001942872,15.016995291029534,3.398887995
agm001943003,15.937188769813735,3.047083775
agm001943020,15.580709643498878,2.3975376825
agm001943049,14.877257684957954,2.03475672
agm001943387,17.08476758843923,4.439497705
agm001943427,13.844455352567115,0.4733565725
agm001943641,18.205969463599022,4.5571263725
agm001943654,16.629088803254014,3.3240322925
agm001943838,16.383660382035476,0.781689835
agm001943934,16.973596366312318,2.9606164
agm001944463,14.554364630423018,2.721558435
agm001945402,11.178265099105511,0.3938492425
agm001945415,10.44559135639405,-0.0543630625
agm001947158,14.23774988806257,3.7899602575
agm001947241,13.048538577289323,0.1131105425
agm001947243,11.792398977631407,-4.3583319375
agm001947426,16.998710221193264,4.8256468275
agm001947516,16.409547239428623,3.223529035
agm001947615,17.166488713109164,3.98757033
agm001947649,15.162337650643305,5.7981487475
agm001947974,15.058489390795703,0.2522033375
agm001947999,15.658413203150657,4.09541312
agm001948036,16.21239375941809,1.8768485275
agm001948048,15.83939318429175,0.87020559
agm001948053,14.89689614595754,0.4565760425
agm001948101,16.363292253213608,2.714789055
agm001948109,16.141175086081137,2.7228107925
agm001948185,14.882766403746446,1.472488495
agm001948254,14.32152142926673,-1.2169659025
agm001948274,15.157993161413323,0.4956916575
agm001948520,16.13832048523151,-0.0351402175
agm001948526,16.521411043573575,1.2980181125
agm001948778,16.108607287466253,1.229403245
agm001948833,16.703901222190083,3.969392935
agm001949205,17.590780605514023,3.0626743625
agm001949338,18.526273473433495,5.35067499
agm001949349,18.101922601343027,5.1127172125
agm001949420,17.898287667774703,5.02305366
agm001949717,15.68930015816178,5.75393719
agm001950195,14.324236736041497,3.467709645
agm001951196,13.378062521422082,3.66559077
agm001952181,11.235837723950212,3.7756378325
agm001953141,11.554929284889724,0.1030431075
agm001954466,10.35863779958903,-3.366077065
agm001954471,10.445542522549099,-3.3168568425
agm001954543,12.918461630415406,2.3762336925
agm001954552,13.07963958191851,2.485354815
agm001954924,15.139031159142002,2.2312460425
agm001954976,12.265855889042564,-2.1898711375
agm001955095,11.36790915367622,-2.8223595125
agm001955240,12.96552724941919,-2.2544621
agm001955565,16.30204638463047,10.813172725
agm001956198,13.359638013602623,-1.018712925
agm001956502,15.379158669096606,5.446957385
agm001956974,14.12029065749145,3.759648485
agm001956985,13.87309765835989,1.28599296
agm001957367,16.44517512129294,7.3254863
agm001959305,16.27748716026752,0.5216545775
agm001959765,17.715532646479478,3.73425151
agm001959841,16.8996990561339,-0.06239804
agm001959906,17.7371214938657,-0.1663555875
agm001960054,17.981699908123495,5.35644262
agm001960200,17.536732289906425,4.371589655
agm001960588,15.473240395173072,-1.17501615
agm001960602,15.526944930343793,0.0195974275
agm001960994,14.917261549102552,-0.7999628575
agm001962595,15.723721922549245,2.0937754925
agm001962633,15.478004542184967,4.2904293225
agm001963302,15.457248071971513,1.68551668
agm001963341,18.196323141104816,8.568213115
agm001965852,17.074121256652337,3.8556001525
agm001966353,17.580717393541434,4.727945375
agm001966672,16.707664649399394,1.9879003875
agm001966751,18.3835031503845,3.09958272
agm001966765,17.0895057252057,3.4646639775
agm001967114,17.96384859675107,8.457595475
agm001968431,13.883565251085157,0.7548917625
agm001968453,15.16681740818581,-0.2102302975
agm001968678,15.948500201321588,-0.05621284
agm001968758,14.41786569609795,0.3790853225
agm001968858,14.430853895660377,-0.8437098475
agm001969226,14.43934019135503,-0.5545386775
agm001969279,17.22012191521849,7.841465395
agm001969682,14.932184764940589,-0.90987242
agm001971855,13.089971463867402,-1.14103637
agm001971887,13.292817305127901,-0.1542923
agm001973632,13.648951913126364,-0.166717925
agm001973778,11.407956427346196,-6.64316303
agm001974298,18.276561561503144,5.1749222825
agm001976158,16.653490706316266,5.396344065
agm001976166,17.260147573251714,5.6566784725
agm001976180,17.72829426036237,5.8693447425
agm001976209,17.037204459187432,5.5555928925
agm001976215,17.11440410699688,5.5937253675
agm001976240,17.569347905539473,5.812010725
agm001976270,17.704652472632432,6.2606174825
agm001976271,18.542503777406676,5.7144793275
agm001976294,16.541249008350782,5.3481290275
agm001976381,16.589485635945557,5.3532628
agm001976383,16.484491203777143,5.3025241225
agm001977080,18.988744966047314,7.186322345
agm001977106,16.588693681865053,5.3828027775
agm001977144,16.632405610850302,0.740461675
agm001977250,16.7614612400965,5.45273576
agm001977392,16.46929977467473,0.653451735
agm001977401,16.6154905437066,3.055297775
agm001977686,17.28391515111436,5.687390915
agm001978040,16.829072955475823,5.46167946
agm001978044,16.533179826311827,5.3466726675
agm001978061,17.011558520919348,4.88730053
agm001978345,16.776756613279836,4.6924000925
agm001978368,16.559728019278875,5.3661102675
agm001978395,16.966523412520907,4.8458118425
agm001978466,17.126099681691564,4.9185886475
agm001978514,16.783434942793516,5.47360637
agm001979449,14.746118032699904,0.9068754425
agm001980239,17.084696452980495,4.71993948
agm001984398,17.03351010577379,5.53151103
agm001985178,11.91285849244851,-0.2657703375
agm001990337,12.999336796600248,-2.334237975
agm001990413,12.560302247544278,0.310362975
agm001990429,11.848981839563395,-0.059949535
agm002014356,14.54038370160429,5.142482264
agm002015093,11.862497340777864,0.879752185
agm002017786,14.905027227947267,0.6442821933333334
agm002017833,13.826377469029914,0.3085092883333333
agm002020742,13.503163508438332,1.130709215
agm002025529,18.160680889101307,10.632016355
agm002027542,13.312082310450268,-1.418709735
agm002030090,11.787621926376987,-2.117373755
agm002031475,15.580226955293455,-0.009493095
agm002031953,14.898607006828362,6.282693866000001
agm002032633,11.567191522156943,0.69034049
agm002033652,14.614344765895806,2.049942455
agm002040243,11.685769111348081,0.66165272
agm002041233,19.261841611040218,9.319675936666666
agm002041311,16.02375298530411,7.14093249
agm002041756,16.92197472508416,7.641967309999999
agm002042401,16.56458530719935,7.1514097
agm002045531,15.974066298795048,7.92147312
agm002046808,12.878621825384622,3.0374016133333335
agm002047952,12.57568424909709,3.6407422125
agm002055005,13.811352296946806,5.220853866666666
agm002055178,18.124547734549946,8.243578040000001
agm002055281,15.288139889525885,7.4846474075
agm002056902,14.868358462169196,3.0169971400000004
agm002060786,19.08132064919272,6.9812135375
agm002060927,11.04128768983473,2.114818535
agm002065056,12.911960178078456,0.5781285075
agm002067063,14.44638341734476,4.030457603333333
agm002067661,15.791166739535335,6.657296323333333
agm002070358,8.00017323705344,1.076600435
agm002071284,8.19958271331517,1.259998244
agm002072117,11.358825101987193,1.874501224
agm002072200,7.554983989203677,1.37603393
agm002072881,7.853618018291779,-0.8225713640000001
agm002074089,7.905875319603097,0.721514445
agm002076459,7.923664106642899,-4.044282993333334
agm002078878,8.428001553884245,1.89406735
agm002082187,12.126244570597851,3.3347762160000003
agm002082376,5.32675248886079,-1.2413964566666666
agm002083105,9.581801943271325,2.408250621666667
agm002084270,12.671839780732414,4.80470508
agm002087294,14.318237917119397,4.955076338333334
agm002088157,20.191829295708967,10.124222743333332
agm002088555,18.80682917611981,8.4361974725
agm002088560,18.50177782308767,7.144460915
agm002088612,15.932851231439018,7.4141379175
agm002088615,15.977679789225398,7.45994753
agm002089504,13.158839347043811,5.94587126
agm002089911,14.673691032958358,10.381423765
agm002090082,14.359706287589239,5.214045684999999
agm002091298,5.280732562222404,-0.9549315049999999
agm002091979,11.816495813545389,3.80305111
agm002095497,14.058200823159273,5.082255991666666
agm002095504,12.235715285084233,3.66943159
agm002096048,9.575319905477617,1.7874813625
agm002097569,13.292699733464957,4.400827955
agm002097857,12.81989744881952,2.11226607
agm002098650,15.383280161737334,6.89730059
agm002099669,12.318565862422142,5.70941743
agm002101401,13.298867598395084,-4.782727428333334
agm002103144,14.120202504201,2.7353722525
agm002104728,6.602163099706556,-2.35718348
agm002106356,9.648436416407637,-5.45371038
agm002109148,15.19286142817113,5.872643845
agm002109758,12.251717693691832,0.5862605116666667
agm002110406,9.948162816535215,2.2900671233333334
agm002112799,11.354653215333832,1.7182248233333333
agm002114698,13.009414926945562,2.8692648
agm002115127,6.65893269349068,-0.05322965666666667
agm002126726,15.054341771919463,3.4163496875
agm002131297,12.777022675511938,3.9793916266666667
agm002131876,16.900164700755038,5.589959256666667
agm002131941,19.28429173881446,7.950086225
agm002132760,16.309163796470244,6.55100716
agm002132919,15.855741657359106,5.3582771325
agm002132951,15.26095327644901,4.660268243333333
agm002133049,15.610083995101846,4.345244705
agm002133179,15.134936072047024,4.63829259
agm002133224,15.484839946016178,2.543911015
agm002133319,13.344386110945704,2.711063943333333
agm002133434,13.692575590068335,2.92102081
agm002133477,14.047277168923786,3.5804265333333336
agm002133544,10.124339126012037,-0.7047951675
agm002133783,12.469745967822881,3.515930384
agm002133787,12.954410865927134,3.724757098
agm002133856,12.30685298528437,2.2036998766666667
agm002133902,14.135625686756795,3.1873441783333334
agm002134365,14.04755146154653,1.467986975
agm002134375,12.473402170467102,3.5390100875
agm002134384,15.051083959308018,4.20916055
agm002134391,15.704555315797743,4.6178126175
agm002134494,16.60375344468694,5.63366741
agm002134647,11.363411612814453,1.643171925
agm002134714,15.368878389859779,4.344569015
agm002134736,9.104439991052907,-2.470775045
agm002134830,15.644182357987967,2.7173863733333334
agm002134865,15.205906235412202,4.232907381666666
agm002134928,14.671657002347526,4.0413475425
agm002135323,13.892192675330275,3.106467155
agm002135328,11.397195296264957,0.029754634000000002
agm002135631,9.771202657351083,-1.8792142425
agm002135645,11.403085578019045,-1.1250727033333334
agm002135720,17.012228017854927,5.021017406666666
agm002135777,15.433726104508239,4.9054139275
agm002135967,14.870126395765784,1.7172606
agm002136059,13.176081831766922,1.0028221433333333
agm002136066,12.536557634167094,-0.200246288
agm002136244,14.180112854609176,-0.4605888125
agm002136280,16.456487309386247,2.33273668
agm002136356,15.945365891253372,6.331946675
agm002136678,17.49410747342308,5.9945422525
agm002136763,8.43470499133966,-2.9788353766666664
agm002136849,10.43779511754124,-2.695753628333333
agm002136925,9.516669788718824,-2.441060352
agm002136926,8.618590755432146,-2.47764632
agm002137013,6.421640721956503,-4.592543343333333
agm002137173,7.752641239863341,-4.4789561466666665
agm002137219,8.123065806556397,-3.18897386
agm002137730,9.25492786128974,-3.2720024
agm002138016,11.417269988493022,-0.787047234
agm002138019,12.47222148488658,-1.6594938760000002
agm002138327,18.547341654693582,8.26490334
agm002138347,17.93285410301163,5.526385753333333
agm002138673,10.421216427424897,2.3285363633333334
agm002138718,9.359025318527983,-0.838110915
agm002138873,11.952902878782462,-1.7353813533333333
agm002138913,15.869474513809385,7.78990568
agm002139045,17.948938165781037,7.6163138759999995
agm002139552,9.268561873567213,-3.098050905
agm002139660,9.230817409652676,-1.3480487950000002
agm002139868,12.06549520101354,0.9308365916666667
agm002139869,13.020048328936427,-0.7713966533333334
agm002139926,11.3970332104911,-0.2808763166666667
agm002139936,8.499163122336542,-2.4643024000000002
agm002140465,11.578570380793584,-2.6203982239999997
agm002140466,11.345562745045672,-4.006016069999999
agm002140556,12.563723670621188,-1.6450090883333335
agm002140557,12.188049350271328,-3.05342576
agm002140752,14.832514999870066,-2.889770498
agm002140805,15.262704796104144,6.0775362375
agm002140813,15.693602401919934,5.5159064575
agm002140833,13.172208084923918,4.393708678
agm002140871,16.04675887123485,7.0818754475
agm002141129,18.39529371029533,8.207084565
agm002141175,15.816208682733146,6.591949725
agm002141179,15.527630970408053,7.29959198
agm002141318,11.76821760397063,0.13025504599999999
agm002141362,14.174937412039014,5.669200378
agm002141497,16.598541998073113,6.0289822225
agm002141503,16.054717258127926,6.513209425
agm002141542,15.966681904968482,6.6542533025
agm002141660,16.70055564328727,4.90043085
agm002141845,17.737529481689705,7.120934195
agm002141887,11.811294511248661,5.1262941
agm002141900,13.454460270991476,5.1526029775
agm002142051,13.862753444022454,4.32404449
agm002142052,15.36661108015133,2.9835613233333333
agm002142192,15.222412875038108,6.72603685
agm002142244,18.177061967781366,7.084209036666667
agm002142371,16.963522493757985,2.9177448925
agm002143075,16.89266802409745,6.013429513333333
agm002144500,10.773545558347628,-2.475998665
agm002144587,9.24838355043791,0.8597510175
agm002144953,11.937343739213647,-1.644373482
agm002145467,9.080343160836247,-3.0192588375
agm002145832,14.087512485778335,2.7738451375
agm002145868,10.914962870910198,0.67668472
agm002146093,9.641899099940147,0.8887851175
agm002146260,11.322760459382204,1.8733888250000001
agm002146261,11.438770882131948,1.5992920283333334
agm002146273,10.869540958322188,1.448558935
agm002146384,15.705198180514248,6.15226686
agm002146581,14.746032636404275,3.42365202
agm002146700,12.317076565015167,1.50279683
agm002146959,13.93292868207004,3.0082950483333337
agm002147106,13.926052709935453,3.7238824275
agm002147119,10.439315483917904,2.2408450675
agm002147143,14.67360978008631,4.4151410425
agm002147362,14.749178605385437,1.1225094366666666
agm002147375,15.228334930875468,1.9990891825
agm002147416,20.108159781513788,3.6347918566666664
agm002147571,10.457096604738227,-0.3466620025
agm002147574,10.158587401680396,0.184012868
agm002147643,10.155612764941896,1.3140438079999999
agm002149311,12.33034681908162,0.41815966499999996
agm002149345,14.048696765195956,1.27359884
agm002150180,9.26915036329804,-1.78700534
agm002150290,12.654064971431785,1.02604905
agm002150296,12.564998165097121,1.717949454
agm002150664,12.629559594076662,-4.323221293333334
agm002150959,13.230745954407643,4.34513678
agm002151266,12.63852570062243,3.998315638
agm002151487,16.444259504724112,7.334169875
agm002151493,16.95770049287521,5.562675325
agm002151550,15.13164880147277,1.8735517966666666
agm002152086,13.603721406379018,-0.10715984199999999
agm002152192,13.296154831855105,-0.12970021833333334
agm002152259,14.718103175887896,2.8657015279999998
agm002152284,14.327698176590681,2.3694541239999998
agm002152406,20.118525588189403,9.06745062
agm002152660,13.278696714669332,0.100892295
agm002152664,13.623206244885262,0.31591671833333335
agm002152760,16.334417746837268,2.6379724799999997
agm002152887,16.92804833245898,3.736164386
agm002152998,8.747020393071418,-0.460696466
agm002153127,6.592409527752258,-1.50364932
agm002153375,5.527932339116845,-0.5583233583333334
agm002153735,12.212308017899622,3.1555495875
agm002153805,11.943998698835602,1.4988100549999999
agm002154074,7.025638762740965,-3.125966835
agm002154160,11.252163772814496,0.9076495533333334
agm002155135,18.99969649687764,4.3162779125
agm002155445,15.254444186396466,10.444543135
agm002155925,18.375153008128652,6.255369955
agm002156045,17.22170752876058,4.9637910283333335
agm002156108,10.716950436406547,3.2797969575
agm002156115,10.542661563450496,3.867533575
agm002156166,10.168637839592067,3.6719830575
agm002156355,10.063449636181245,2.942052985
agm002156372,11.191380890032217,4.0083392425
agm002156397,9.18583499358372,3.035042495
agm002156402,9.360605108189988,2.619664555
agm002156447,9.298445733202968,-1.600681882
agm002156536,8.648922222660389,-3.02670666
agm002156699,12.200933468062155,4.0243942875
agm002156754,11.374393789312988,4.02685373
agm002156835,11.793773556224572,3.82000444
agm002156853,9.98017801628497,4.786039285
agm002156902,12.248869860584863,4.112891486666666
agm002157013,11.892945308912504,3.0581277483333333
agm002157385,10.420693955618942,4.361852748333333
agm002157516,8.849081121101845,1.7952250675
agm002157618,8.456955710800754,0.5395499025
agm002157853,11.630065047710884,2.964088991666667
agm002157882,13.135124606529258,3.8412674975
agm002157988,14.48775570666774,6.3779435575
agm002158075,12.433158834898475,4.745575965
agm002158101,13.44957616556605,4.793372393333333
agm002158224,14.436312735425597,3.9897595325
agm002158347,7.917806303786836,-1.06430718
agm002158660,9.81559946777248,2.105231396666667
agm002158905,11.37089785838174,0.1287184775
agm002158969,12.3246972380087,1.6455936025
agm002159315,13.267031195833038,4.1961761525
agm002159570,14.73570236513864,1.278419595
agm002159582,12.333310436863846,5.683339046666667
agm002159627,14.627231481145017,6.45632134
agm002159641,12.297312338272878,3.6649587625
agm002159697,12.730527994663673,4.96473433
agm002159854,10.212320025111696,1.8064717616666668
agm002159865,12.607732375390755,1.3160690883333335
agm002159890,13.930473978721267,5.608403793333333
agm002160057,13.765599321919082,5.601684156666667
agm002160083,14.229132952331918,2.2696654875
agm002160096,15.996079126524322,6.038401203333333
agm002160243,13.556873935475624,3.886126605
agm002160313,11.584189347707998,4.860637625
agm002160384,10.600280732771362,-1.495840325
agm002160501,10.096923148002231,1.5882824916666667
agm002160650,14.531029822039786,3.625895715
agm002160667,12.414608597724467,1.19073517
agm002160682,13.463518029655711,6.417608731666667
agm002160915,10.495823886789845,0.3033671133333333
agm002160919,10.706079628308947,0.46382970333333334
agm002161013,13.420610864395469,2.7566134675
agm002161228,13.098883365139606,0.7805107675
agm002161446,10.489402233436905,1.1463267925
agm002161570,11.734543977572839,3.97602956
agm002161583,14.978907735810344,5.1818393475
agm002161637,13.010602555163283,4.775677888333333
agm002161727,8.97523290732928,-4.549099435
agm002162266,13.328812445584225,1.9324552875
agm002162646,12.78571748213996,-5.10134569
agm002162905,14.068989246866488,-2.4887806475
agm002163007,11.50648040564977,1.541086592
agm002163036,9.270926618533304,0.328854468
agm002163050,11.830518992231983,0.697281472
agm002163362,10.746000386393431,-0.9750080375
agm002164344,13.2872575318053,0.422847288
agm002164389,11.8377416226538,-3.2698203333333336
agm002164397,13.663126351174155,-0.16707867666666668
agm002164449,9.453762960917723,-5.9256162733333335
agm002164626,14.424628248793898,-3.1701762380000003
agm002164662,7.877561304845112,-5.1975165375
agm002164804,10.12477136057887,-4.859515186666667
agm002164859,9.123464976545174,-4.51041463
agm002164953,10.983321918035445,-3.1462075720000002
agm002164998,10.079940662859235,-5.9668409549999994
agm002165265,14.37640344004612,5.939775185
agm002165313,11.881229452323183,4.5324584075
agm002165903,14.492018936460695,7.437309185
agm002166317,14.1734341418231,2.2486798475
agm002166403,15.849782427450357,6.5665731625
agm002166498,15.336924590012911,6.6912363825
agm002166694,13.233362838962645,-3.4128375875
agm002166836,12.98103781536834,-4.466426885
agm002166960,13.465896607015639,-1.9905435875
agm002167004,16.162083210864065,4.17067883
agm002167407,14.67742768040068,2.5647074539999997
agm002167527,10.496449267420568,-0.972971085
agm002167583,8.820944421101254,-0.7447988775
agm002167607,10.115859340169898,0.2311620975
agm002167744,10.891656325289874,0.63631173
agm002167922,17.793363075233504,5.940813112
agm002167984,8.888835815271209,-0.30004793
agm002168236,13.223499584327406,-1.8068333966666668
agm002168338,11.692219626619032,-2.194502235
agm002168426,11.432012102823238,0.605917675
agm002168428,11.426292711071182,0.5980918275
agm002168548,15.67573589405866,2.435359663333333
agm002168576,11.590545533907438,1.510042745
agm002168688,14.670898819083071,3.9932944833333335
agm002168852,11.719217177180505,2.63752401
agm002169502,11.14336455897182,-0.9911465275
agm002170053,9.552799495172202,-1.24705525
agm002170203,8.40752335617301,-0.8548831383333333
agm002170337,10.614260439788222,0.7909606225
agm002170396,10.239383264926989,-2.926259584
agm002170595,11.84610711895865,-0.593927665
agm002170822,11.417328610262754,-2.735753362
agm002171803,9.253343954981878,0.15831913166666667
agm002173221,9.059271860937367,-1.6871786866666667
agm002173240,8.875831418347797,-1.4899706000000001
agm002176088,13.414978130093612,2.0482374125
agm002176125,12.860447867394457,0.7576357583333334
agm002176251,12.54192255386215,-0.056749528333333334
agm002176429,10.074542938267832,-2.3860820966666667
agm002176638,8.661247710078458,-3.230267655
agm002176774,13.763884091046373,5.1631590733333335
agm002176892,11.876033821589312,-0.5333241733333333
agm002176925,15.479500210593196,4.434656223999999
agm002176935,10.498882253841343,-5.017077241666667
agm002177918,12.816895323894252,1.210224036
agm002178262,16.969960604297462,3.810929694
agm002178274,13.365362165491181,3.417820245
agm002178521,16.481940426964428,2.5401813619999998
agm002179078,13.970436139538387,0.8074084233333334
agm002179104,12.586337728731618,0.165123724
agm002179175,17.514111922002968,4.31409228
agm002179316,18.81965964636782,6.992005285
agm002179568,12.478178511420586,1.8732763300000002
agm002179579,12.821418816681755,1.0293575466666667
agm002179733,17.057694824661485,6.034826452
agm002179764,14.435626493849604,2.0591804575
agm002179778,15.973591773402301,3.9084377025
agm002179991,17.399970392733167,5.72076275
agm002180017,18.802776310106193,6.105885771666667
agm002180168,14.939618444762017,5.743983673333333
agm002180284,18.13416641120074,8.848893055
agm002180412,13.923532944239332,1.3667780575
agm002180504,14.423761053101686,1.72592292
agm002180631,13.854250872850884,-0.02803383666666667
agm002180720,14.53199966808141,3.204501816666667
agm002180801,14.92422442768958,1.61347564
agm002180963,13.814660559187805,-0.8280452
agm002181018,13.599082198707945,-0.1985582775
agm002181280,17.74081186107876,4.807330172
agm002181513,11.979296008488328,0.7837306975
agm002181786,12.672895871494879,2.2907474425
agm002181825,11.514854463281809,0.85509967
agm002181889,13.7434643088318,4.1165299619999995
agm002182239,11.883766341579653,2.194053623333333
agm002182336,14.062162735193478,3.808199092
agm002182457,13.958300726903213,3.78745051
agm002183009,13.01377438216761,0.8893231066666667
agm002183222,11.779413305552554,3.0825265183333332
agm002183264,16.838210344960483,6.573100520000001
agm002183423,16.37667789819644,5.633485874
agm002183503,13.228419483774552,3.80804505
agm002183792,16.426460229787683,2.9322322599999997
agm002183812,17.765645433506503,0.6058540233333333
agm002183970,12.957614029391902,1.1070815425
agm002184044,13.746713253479973,0.8560035775
agm002184147,12.096420608902193,-1.3679893933333334
agm002184361,14.048154020974058,2.3020669525
agm002184467,12.18074976945133,0.9221497200000001
agm002184487,13.21535226565358,1.6899798066666667
agm002184543,16.995748529191715,5.178854365
agm002184819,14.76852539724259,3.2937242375
agm002184935,12.055005433224487,3.912703545
agm002184983,15.550489863970578,-3.136957265
agm002185019,15.285518647852376,3.7339251625
agm002185151,14.802406469946765,1.7610098066666666
agm002185264,15.467234681587698,2.7633578925
agm002185710,16.88026210811756,5.5799817025
agm002185987,12.161320781397999,0.8888166500000001
agm002186368,12.64156825828776,1.4953061483333334
agm002186413,13.664698255646025,1.1264327079999998
agm002186560,12.244722036405829,0.134257432
agm002186615,10.534082952683848,-1.1902355683333334
agm002187373,13.618289595578176,1.7264383883333334
agm002187617,17.659209970878106,5.040551393333334
agm002187852,13.3223812703039,1.1819241516666665
agm002188117,14.639871595420528,-0.28996542333333336
agm002188288,12.775709228271074,-0.17368984833333334
agm002188371,11.382761222121667,-1.6193984199999998
agm002188422,13.050605130915192,0.9857587466666667
agm002188650,13.0969474225955,-2.24654093
agm002188798,17.336850511630026,6.712575995
agm002188850,16.585448911424134,4.488116876666667
agm002188916,16.382481775682837,4.439603206666667
agm002189069,15.494486829211159,-0.28951384
agm002189079,16.29930618878788,0.2797446333333333
agm002189100,18.27540596913575,8.370238816666667
agm002189289,17.194851857500392,10.30743222
agm002189480,22.288306400578165,10.027342453333334
agm002189483,24.281756418186802,11.48245069
agm002189498,18.682174784385413,7.7424779125
agm002189504,16.920331378564846,7.2473185775
agm002189559,15.508466755518514,4.250200206666666
agm002189741,14.263996266752448,-1.1735975379999999
agm002190140,18.7630442888693,7.663034086666666
agm002190369,17.28593308148343,5.0710652375
agm002190385,18.492037698471748,6.448677938
agm002190418,18.61082017294483,5.71083101
agm002190645,12.325607471262778,-1.5037787033333334
agm002190697,12.427807294368833,-2.992889866666667
agm002190782,13.292169473932411,0.30306388
agm002190937,9.856007894485641,-1.3207315675
agm002190991,10.739423725637737,0.3852137583333333
agm002191120,13.162443466015858,-1.1505502366666667
agm002191306,12.390781124133433,-1.47073422
agm002191399,12.434389702220718,-0.155377925
agm002191518,12.156042272627197,1.2446205075
agm002191590,19.348155518315465,4.6367666375
agm002192446,15.504113817673415,2.24275977
agm002192451,16.08333793824053,4.62431473
agm002192497,14.706619983121232,-0.47752883
agm002192705,17.744843968880758,3.4009327366666664
agm002192810,17.412539396902712,4.1616682575
agm002193000,13.61735364411284,4.88361479
agm002193002,13.420473805000766,4.687078075
agm002193190,10.64583351749559,4.151013265
agm002193322,11.564407954959714,4.8202743
agm002193508,14.371235100610406,3.30345897
agm002193620,17.942822826941537,8.57600757
agm002194609,14.746860276398616,2.63835033
agm002194750,16.437450840143185,0.936218215
agm002194774,14.02519195361888,4.29079606
agm002194849,16.778749822366873,2.0327718975
agm002194873,14.949359649670962,1.6919020116666665
agm002195580,13.071117370717047,3.789253604
agm002195692,11.941852852157455,2.015051955
agm002196070,14.03454213137704,4.999918062
agm002196881,13.565727569598726,2.9978216
agm002197062,14.376571717463113,2.733227404
agm002197303,12.844150333212857,1.619926298
agm002198044,11.801984858024573,0.3910944733333333
agm002198237,14.566865551130721,-0.406906632
agm002198239,14.071105043198433,1.1567409039999998
agm002198370,14.830085001703305,3.3045229139999996
agm002198542,16.58561219015386,4.94240596
agm002198643,17.268493504607967,5.261791138
agm002198783,15.683225727701023,2.4469852383333333
agm002198979,15.520859974462189,5.8717105
agm002199124,13.721629202633622,2.39286342
agm002199246,15.91165205051633,1.7266052066666668
agm002199380,10.088580986246521,-1.6473136480000001
agm002199437,8.695853263070543,-2.047794916
agm002200004,8.524498438742956,-3.27572917
agm002200026,8.05704193533842,-4.568622806666666
agm002200756,12.39310330331783,-2.4785612059999997
agm002201316,8.050564695136302,-1.6410440175
agm002201321,12.069140930285352,1.6576929666666667
agm002201398,15.895804356662474,7.804190148333333
agm002201433,15.738947671133895,5.963876816666667
agm002201918,9.221855993094524,-5.63893076
agm002201933,8.94598577422794,-2.5444536975
agm002202332,15.103017336043091,2.45935775
agm002202336,13.19006048914167,2.639346538333333
agm002202482,15.020113862389142,2.3004240339999997
agm002203153,13.805028934730188,3.5477558379999996
agm002203187,12.890956900225188,3.443069482
agm002203325,16.425310282080336,5.417064844
agm002203339,14.321527335922411,3.0321044733333333
agm002203351,15.450669764927932,4.725243105
agm002203754,15.179121982531836,4.2582447725
agm002203815,10.891656190283774,1.1390153616666667
agm002203864,14.432196847156039,2.939491585
agm002204065,16.959744058188747,6.43499641
agm002204244,16.009023346633075,6.7583291275
agm002204415,14.750340068180892,1.898820335
agm002204507,14.336082632113865,2.3519476866666666
agm002204511,16.41405386533334,4.9162877925
agm002204619,17.21828922335118,3.197553258333333
agm002205138,14.737805122855498,3.9886760666666667
agm002205368,13.721299941956362,3.507014338333333
agm002206118,13.08372427526959,1.7491908983333333
agm002206752,12.64921962475685,-2.055215096
agm002206753,13.19414539263845,2.0964766999999997
agm002206913,13.163782750790617,-1.4751667966666666
agm002207503,21.013763399784338,11.029307443333332
agm002207636,12.925112021564905,2.66795862
agm002207642,13.856673065236885,3.223660304
agm002207652,12.820068898953483,2.636925868
agm002207835,14.9731437386923,3.0338771380000003
agm002208047,11.158234129542421,2.0881794466666665
agm002208109,11.523266481320418,2.10047971
agm002208474,11.956710091226933,3.483883705
agm002208593,14.260323765898093,3.297783765
agm002208747,11.866434790878847,0.103412755
agm002208780,15.993392219395647,3.0454607583333337
agm002208929,15.981761587251249,3.9594847200000003
agm002209057,15.321074336317325,3.9529727233333336
agm002209087,16.497631188993452,5.966931145
agm002209217,11.86344801191835,0.855722085
agm002209291,13.754770599076595,1.2044099
agm002209525,16.41901914758082,6.19698545
agm002209585,19.557821836366426,5.3655449525
agm002210965,17.424575142868576,7.5532223675
agm002212142,12.796662182612335,1.051518624
agm002213018,14.297802423270868,1.7074596733333334
agm002213524,17.173022973548296,2.5543905633333335
agm002213599,13.302140291678429,2.1829184366666667
agm002213606,14.176249155544985,2.69286554
agm002213693,14.747508624981217,-2.40992066
agm002214067,13.899864919776796,-1.7304379766666667
agm002214173,14.92049653799928,3.354285694
agm002214197,13.080305046252057,1.0818129033333335
agm002214286,14.097546932366336,-0.284214664
agm002214429,14.060963753644526,-0.42149143999999994
agm002214757,16.549931928734235,4.951186132
agm002214772,15.75846865027051,3.680138212
agm002214829,15.100353330693062,0.36771149000000003
agm002214852,14.541968920225946,-0.09081041833333332
agm002214987,16.052629075406937,0.8310333133333333
agm002215267,15.043976954941478,2.648409303333333
agm002215365,14.100037318136472,1.8991386966666666
agm002215569,15.137508150732204,-2.0115530649999998
agm002215653,7.267276892273486,-1.9856415616666665
agm002216382,12.91461157167848,1.388897505
agm002216895,21.308464078047553,10.25449479
agm002216947,18.203609265093206,6.4592471225
agm002216984,15.6900600902551,5.053575398333334
agm002217255,16.576243328368932,5.7718799475
agm002217274,18.24468744633967,6.885415821666666
agm002217439,17.578279830296704,6.220849023333333
agm002217705,13.587053448678295,1.85378607
agm002217714,16.115389661692763,6.5046532025
agm002218003,13.724736338975916,3.40159495
agm002218072,18.877682538878123,9.347802801666667
agm002218211,11.504246940200511,1.043170352
agm002218466,7.752690295100428,1.3263168833333332
agm002218477,9.180949892174732,0.449680195
agm002218530,12.192576572601318,1.6000298400000001
agm002218567,8.332704452186446,3.305241673333333
agm002218652,15.085188428748289,5.9203562625
agm002218949,10.361700579263161,2.0312348725
agm002219166,12.680811279729841,1.8802069275
agm002219177,11.391372111409664,0.88681984
agm002219300,13.201980753894711,2.5862182075
agm002219309,11.631628399858453,1.6623500375
agm002219530,12.335772562718674,1.7801516450000001
agm002219584,11.449154670848948,-0.04615496333333333
agm002219639,10.640777400792361,-0.46377300166666663
agm002219647,13.921569185091318,4.6788458859999995
agm002219780,13.284834631513553,5.786083605
agm002219781,14.021680132464983,6.0253705525
agm002219891,17.39083316232224,6.625285976000001
agm002220314,10.464383654105323,-0.3410258183333333
agm002220382,11.80555386441389,2.75499691
agm002220436,14.420491175472247,5.50043485
agm002220564,14.960280317716558,4.8146468225
agm002220631,14.394217413574447,5.46743073
agm002220820,14.530558340261138,1.5943376733333334
agm002220984,14.60130270027402,1.6426754666666668
agm002221046,14.136145828957867,2.254645023333333
agm002221136,12.553837900589073,3.0300739266666668
agm002221461,11.007931892636657,0.9876921625
agm002221463,13.748206092134625,5.35346028
agm002221623,13.00224301837174,-1.2953614740000001
agm002221637,14.783153671414924,1.178613655
agm002222472,10.407162113238345,-0.9192435950000001
agm002222576,12.019970086250632,-1.285274915
agm002223010,12.719995324934569,-1.675127295
agm002223034,10.733959701248816,-2.8796922075
agm002223144,10.182317533946485,-1.3901320275
agm002223823,14.898242890828843,-1.320912552
agm002224156,13.728097514342641,-1.6209228199999999
agm002224331,14.50632182243299,-3.738770842
agm002224407,17.31592584441329,2.2109423379999997
agm002224582,14.921774250963324,-1.04398082
agm002224796,13.625110432631377,6.0369648825
agm002225064,12.464387545413388,3.632785026666667
agm002225142,12.360613740876145,5.857187775
agm002225198,11.822119503164755,1.6770483933333333
agm002225235,12.55063891157509,2.410970145
agm002225498,16.14309746445866,4.093040115
agm002225654,13.389278147056368,-3.4231742625
agm002225947,10.591770855952172,0.6063503416666667
agm002226069,13.250349664924276,1.543853268
agm002226257,13.990676176851371,1.3888396699999999
agm002226397,12.848741315248521,0.272587288
agm002226415,13.198993762033961,4.185817146
agm002226433,10.575652274058134,0.280491355
agm002226436,10.862644261912841,0.46526723666666664
agm002226441,11.079492103845404,0.02969801
agm002226449,12.089528320680028,0.807681828
agm002226968,12.027143196704301,1.5850124766666667
agm002227501,12.629605777469031,-3.540228421666667
agm002227540,15.153194831537638,3.2468238466666666
agm002227636,11.607362958267514,-0.03292105
agm002227680,13.342169473832113,1.278964835
agm002227721,11.246194824155992,-0.10409309666666666
agm002229172,10.106060929940954,-4.180283576666667
agm002229411,9.992321218141369,-1.8280704466666666
agm002231353,15.114325390959758,0.853148715
agm002231520,15.165472981750556,3.7341536075
agm002232220,12.380089024390402,1.1255734739999999
agm002232247,10.56782343670076,-1.41741528
agm002232251,10.689997416794464,-1.356171916
agm002232271,11.100776817525375,-1.141640718
agm002232493,13.219115367902026,0.13769441
agm002232515,12.739249125146648,-1.18524714
agm002232596,13.358483356572137,2.2949322816666666
agm002232712,15.606105305537502,2.097567944
agm002232744,12.421462101551116,1.7882252933333334
agm002233433,15.744543804276546,6.192048028333333
agm002233446,13.65393695991917,0.22343094
agm002233460,13.387228463686005,0.112867225
agm002233928,11.282207580847054,-0.589321788
agm002233974,14.572914575381091,0.113711386
agm002234193,16.543555422003713,3.319963084
agm002234243,12.65912623428148,2.29110531
agm002234338,12.711700245178994,1.716071155
agm002234751,14.24720002634549,-1.2472905833333334
agm002234836,15.286147846921816,4.040607644
agm002235583,15.423348823373317,2.5517138233333334
agm002235588,17.139170736332694,3.253970666666667
agm002235839,17.326206992249585,3.3576061866666667
agm002235979,14.899441827357244,-2.8768787775
agm002235998,16.77551381516331,-0.25906234
agm002236285,15.863444712256532,2.7376748450000004
agm002236681,12.857279651017144,2.007825195
agm002237495,12.230667820886387,-0.5846386883333333
agm002237551,12.630173770953585,-0.20164034166666667
agm002238421,11.198084250123275,0.07367227600000001
agm002238510,12.992990255761546,-0.9811609833333333
agm002238563,12.253198713738284,-0.9024210866666666
agm002238619,12.792660576816383,-0.314256645
agm002238925,13.751329535248813,-0.24477583833333336
agm002238976,9.912724196709792,-1.5391184766666666
agm002239100,15.948710362730678,3.177962435
agm002239115,16.282023359069015,4.4780916525
agm002240001,14.057411864427712,2.243251102
agm002240656,13.204947154787154,1.6388765183333334
agm002240834,12.528313842634043,1.2996862439999999
agm002241057,12.832935689112364,1.309641608
agm002241510,17.842213306861918,6.860040285
agm002241566,10.223768901896344,-1.16571943
agm002241857,20.029673297482827,8.880949515
agm002243047,14.157972569699659,-1.7114768283333335
agm002243904,17.13268464295036,5.57804143
agm002244047,18.244758699481867,6.6270766640000005
agm002244157,17.595353064797727,6.51735998
agm002244579,18.302174978133124,5.3964097175
agm002244648,11.953394476547622,-0.9883351149999999
agm002244805,10.678021839293196,-1.457575535
agm002244849,11.78193668155385,-0.7310695225
agm002244894,11.511778695592948,-1.332331415
agm002245320,9.998818548749446,-1.84799561
agm002245684,15.192467031189015,2.529313294
agm002245708,17.998952902243694,5.613891906
agm002245757,14.616334078954822,3.235405142
agm002246291,12.329540930033858,2.7943348366666663
agm002246435,14.328521022877277,1.4152767983333332
agm002246553,12.181258036609472,2.0655197833333334
agm002246612,15.756217632157009,2.7301322125
agm002246728,15.169053491468249,1.823798485
agm002246752,14.99722278221802,2.381025266
agm002246764,13.950978550662892,1.7004070039999999
agm002246800,14.088310769580971,1.6837551083333333
agm002247024,14.29403528880514,3.5693394925
agm002247436,15.591373758883929,4.64740721
agm002247473,15.108272843248248,5.171271685
agm002247485,19.30111223632538,7.496241546
agm002247667,17.2405521271187,5.458130813333334
agm002247726,14.635984928810968,5.04104146
agm002247733,14.794863524084239,5.1224805225
agm002247768,14.93058166299417,2.8706043425
agm002247810,15.534297181466282,5.912436038
agm002248287,13.348896187406458,3.5555526219999996
agm002249474,13.621166781638104,0.41793292833333334
agm002249498,15.489936836450093,4.744182685
agm002249715,13.2767230592804,2.937642686
agm002249719,13.24258332016395,2.779510788
agm002250184,11.93584621670354,1.4569022616666667
agm002250249,14.1224807276365,2.147129096
agm002250419,12.948767697158422,3.1532778733333333
agm002250652,10.900648038957872,-2.4604770525
agm002250858,11.475127135381577,-2.44616822
agm002250859,9.296665187254627,-1.9762848825
agm002252667,13.324815756871573,-0.661276976
agm002252831,14.553833651719035,0.707367262
agm002253192,12.784348300005327,1.7551514875
agm002253433,15.947523530741705,2.6980466966666667
agm002253723,15.443351778061635,4.723237521666666
agm002254408,16.349154509283277,4.787119278333333
agm002254527,10.530015725218501,-2.16791206
agm002254762,6.5542767245780995,-3.575407605
agm002255292,12.209223473497284,-1.29734269
agm002255542,9.949808978757673,-2.4347568550000003
agm002258039,16.573851917051464,1.426263388
agm002259699,15.863418981564609,6.453183331666666
agm002260090,11.040763052899264,2.6565808166666667
agm002260342,10.756886412945546,1.8684279966666668
agm002260469,17.489265849108513,5.9243551016666665
agm002260473,15.771741895583942,1.8345956033333335
agm002260564,12.404936747765118,3.4573056516666667
agm002261483,16.077490514426255,2.7588604983333336
agm002261579,17.89612127180033,4.9750360075
agm002261915,15.696888265250484,3.4631925719999996
agm002261986,16.011131064869808,4.652951012
agm002261998,15.535116393893963,2.0007007000000003
agm002262275,13.823693708826974,3.544090086666667
agm002263045,14.644253239941047,2.701926104
agm002263104,12.567362340119308,0.205550858
agm002263286,13.082925724420692,2.106676176666667
agm002263310,11.962901897410934,-0.517071076
agm002263369,11.204751447076932,-1.7904984383333333
agm002263378,10.808070426347216,-1.2961785433333333
agm002264516,11.884617789515968,-1.913036446
agm002264645,12.2594348398746,-3.19410601
agm002265031,13.072004188004351,1.338412172
agm002265903,13.593010764628268,1.2805307566666666
agm002266630,14.217164262240871,3.253332414
agm002266715,14.004167023445081,3.841129992
agm002266754,12.135239937242046,1.0691936375
agm002266857,13.729767980413024,2.914736324
agm002266869,15.06380524616323,3.628556946
agm002266998,12.44752579224683,1.1489264483333332
agm002267131,11.361972308261008,2.273191425
agm002267147,11.458344038711546,1.9124077333333334
agm002267233,11.10758504920964,1.5884630316666666
agm002267242,10.755842542176616,1.4027776483333334
agm002267460,12.967412951438584,-1.02513912
agm002267557,17.015532697602247,4.76802758
agm002268076,13.213133013917234,0.344166792
agm002268328,11.110616411192929,0.7076742866666667
agm002268334,11.63514166415483,1.0022174966666666
agm002269163,15.528552749122555,3.819007325
agm002272178,10.838204508387939,-2.24020742
agm002272430,12.115362169897676,-0.00496606
agm002272766,13.644741995784562,-0.21483302333333332
agm002274898,13.670362227195058,2.079967556666667
agm002275051,13.754833178641844,0.2934525883333333
agm002275092,14.793912304621722,5.5682077880000005
agm002275188,12.730106375257465,1.9528044116666667
agm002275399,14.208754190406935,1.4750714900000002
agm002275476,14.020514120600724,2.9989005983333334
agm002275649,15.016637464975883,2.808605338
agm002275763,12.651842462224227,0.2072857925
agm002275768,14.601902014114307,-0.24266254799999998
agm002275771,12.728775074023515,0.2705125875
agm002275899,13.072184858661274,-1.8427532666666666
agm002275940,16.33889975379259,5.50210354
agm002275953,15.393881015436039,7.345558026666667
agm002276184,13.475992552448952,1.1049304916666667
agm002276982,14.18308573844864,3.3546249
agm002277423,13.88860903400149,1.0005515859999998
agm002277804,14.662968737678083,0.307929245
agm002277805,14.576960749428915,0.2935053733333333
agm002277832,15.611046228734558,1.528104685
agm002278176,16.139537691673283,0.3150777533333333
agm002278395,13.950685728943345,-0.487348608
agm002278553,14.15736767316047,0.2837717
agm002279291,12.999888537796812,-2.8844197716666664
agm002279973,13.09296457751533,3.3544654416666666
agm002279978,13.766959370006893,4.118704845
agm002279981,13.93232462359684,4.1459755
agm002280877,16.07334807762935,1.848109985
agm002280919,14.508797501613508,1.9477752966666666
agm002281159,16.88262345159142,5.160921015
agm002281206,17.242445234108896,5.5812318875
agm002281463,17.611542887668467,5.883455666666666
agm002281592,18.012062166153086,4.78102656
agm002281612,14.447872463328956,2.0753666633333334
agm002281643,15.241937549740658,2.3622140825
agm002281691,16.15693733662678,2.1553935533333335
agm002281746,16.638787603907303,3.03583322
agm002282303,14.374720524577098,2.6496210766666666
agm002282484,14.710810728386777,2.64993105
agm002282486,13.530575209952055,3.610607455
agm002282571,13.39712376580756,4.250237775
agm002283497,10.363486479019238,1.5974902525
agm002283808,10.019429950847622,0.2905987783333333
agm002283838,10.582899621221282,-0.335219015
agm002283846,11.054137882196732,-0.3835739116666667
agm002283856,11.423426998734358,0.5855396266666667
agm002284047,15.994614838514499,6.520314347999999
agm002284068,15.68536509508992,7.72896108
agm002284117,13.774933775210354,3.1230739975
agm002284945,12.623225054707413,2.7466429416666664
agm002284948,11.880047849699961,2.1068913433333334
agm002284959,14.974083262288183,4.392330006666667
agm002284994,15.656128408424834,1.8577295600000001
agm002285273,13.837204057729483,3.009509868
agm002285660,10.201452357975898,-2.340495676666667
agm002285799,14.402717397563329,1.8867768916666667
agm002285800,15.304406298288527,5.4383161116666665
agm002285905,11.709963407023695,-0.755047284
agm002286318,13.356850342847922,6.30044998
agm002286333,15.896936022443597,6.57917072
agm002286361,16.032650447337762,6.6637971975
agm002286400,14.715278735562032,2.88766197
agm002286444,13.112550305136628,0.2149731075
agm002286803,13.395712830772894,2.384042034
agm002286833,13.109339492212792,3.4123547860000003
agm002286892,13.724332854305606,4.040908848
agm002287155,14.340325649092177,0.04111050333333333
agm002287665,13.456931058301555,3.82637779
agm002287668,14.705151397307432,5.912822
agm002288364,10.206347813162896,-1.7271193666666667
agm002288761,10.816952201648299,-4.7964036
agm002289146,12.705714979060895,-1.328438235
agm002290570,11.46360916302036,-2.37020241
agm002290571,11.674338830701378,-3.761572765
agm002290589,11.193168599743828,-2.32926971
agm002290629,11.215297978117373,-4.5863613225
agm002290635,10.848433289539305,-2.57536903
agm002290788,11.978341302343292,-1.6944179875
agm002290921,11.378067994366898,-3.65620702
agm002290960,9.197349764505235,-3.2503495825
agm002291021,11.372338589244027,-2.653580615
agm002291036,11.09009069644643,-2.8390817425
agm002291775,16.44952725974537,3.261402654
agm002291791,14.667257917257569,0.9031636519999999
agm002292147,14.671463233869883,-2.923156702
agm002292324,11.101460528421743,-3.743138176
agm002292378,12.424707282270665,-2.252752985
agm002293258,14.247629995541212,3.6334555825
agm002293349,11.595956008304876,2.3768817683333334
agm002293395,15.377246323041001,5.541732486666667
agm002293500,16.24312560425327,5.614988195
agm002294749,13.690923426203303,0.892534514
agm002294796,14.077986002721673,0.5905461780000001
agm002294828,11.516358165700481,-0.07650774
agm002294837,12.53751321041717,1.674686392
agm002294851,13.463926825671624,2.1119251500000003
agm002294882,12.222005490954842,-0.38954613400000004
agm002294995,13.234212164103095,3.5143776879999997
agm002295178,10.383497070272425,1.2869244975
agm002295203,13.00108463151079,2.381768045
agm002295287,10.920148307105054,1.3544985766666666
agm002295460,13.432425112610135,3.660899785
agm002295705,15.817705250102867,4.1577666566666664
agm002295708,16.311282109552774,4.607639075
agm002295727,12.410489619729224,0.9593787475
agm002296063,12.97607737659249,-2.0899358733333333
agm002296640,11.323102160259436,0.4237061625
agm002296659,11.264556794047527,-0.02588830166666667
agm002298321,9.866527984533032,-2.8859856166666664
agm002304887,15.592074591053464,1.74739824
agm002305053,11.846978121762257,1.4266143566666667
agm002305058,12.360942712811616,2.426394381666667
agm002305062,12.025963956548923,2.228587371666667
agm002305070,10.927701800065403,0.864111526
agm002305073,12.625745277661451,1.9238849420000002
agm002305120,12.73864506600164,-3.5089706
agm002305349,14.54691567071841,2.52744986
agm002305596,15.188229720416444,1.3288713516666666
agm002305630,13.51614097078567,-2.81346647
agm002305868,14.708500422109339,3.0079353033333334
agm002306192,13.049219484678613,0.9145660680000001
agm002306241,10.601376123743359,-1.3721168366666667
agm002306911,13.336792619810348,3.8492677
agm002306916,14.689685402384105,3.190114655
agm002307086,15.223344259920847,3.2902761959999998
agm002307196,17.175404629751586,4.22518572
agm002307312,15.74632207889467,2.684674343333333
agm002308042,14.933366282201577,-1.2232105416666668
agm002308224,18.860211780813767,8.32324438
agm002308517,14.857473629788952,1.95125559
agm002308534,16.101061791617962,2.7167010019999998
agm002309062,17.130672981637478,0.8525854733333333
agm002309149,14.306770242250186,0.79425034
agm002309236,15.26620554179619,2.0628643775
agm002309339,15.596042572515477,1.2555997380000001
agm002309501,14.004460562115463,-4.0822969250000005
agm002309767,14.41401194507152,0.5660599066666666
agm002309857,14.510541907733478,1.8697018950000002
agm002309999,13.948780399296224,-1.28514985
agm002310132,14.431015458918745,1.9531767283333332
agm002310154,15.579758795739671,2.7358656316666665
agm002310451,16.16733735398672,3.322411375
agm002311071,14.085008032551547,1.511250265
agm002311443,15.268387365626449,4.628718688
agm002312991,14.782789737000687,-0.841435828
agm002313129,18.478425067205556,2.3582289849999998
agm002313670,16.918253951900507,5.09146215
agm002313796,13.187925426490724,0.14015294666666667
agm002313816,13.44803575882752,2.201722541666667
agm002314112,16.0175638908794,4.4156217625
agm002314306,15.544858981146456,6.051556085
agm002314359,13.55365288686078,1.187296075
agm002315115,15.713009653909657,5.345669878000001
agm002315176,15.254108195648298,4.030743573333333
agm002315540,19.30734981172631,8.432609696
agm002315541,17.365721358226374,1.996349418
agm002316227,10.264489019312958,-2.2495684483333336
agm002316478,12.517942603396252,-1.172342604
agm002316910,15.15392084298045,2.7877324383333337
agm002317223,13.605892165356124,1.816840765
agm002317279,13.89343515842757,-2.7100101566666663
agm002317611,14.865093320952168,1.2244688216666666
agm002318319,12.854682306692192,-2.69278819
agm002318725,13.740724696626998,-0.50556446
agm002319941,19.11661063319225,7.133124
agm002320633,17.324287869255556,4.4831933
agm002321004,15.80655580017992,5.79513827
agm002322064,11.230481444281478,-2.6152685825
agm002322281,10.363326196728446,-1.9812712916666666
agm002322921,11.068657240231326,-1.2299577483333333
agm002323441,14.831210896035422,0.36696015
agm002323454,15.75794961884038,1.17229793
agm002323565,17.206906966972237,5.0533492625
agm002323593,14.440273760701116,1.0431363783333334
agm002323728,15.035204718563985,-0.3229910075
agm002324215,16.064093329165576,6.14649487
agm002324409,13.171233076236158,4.083056773333333
agm002324410,12.914335558820708,2.694588571666667
agm002324450,13.131014635053212,3.4570129566666665
agm002324488,13.272955340276665,3.8137430083333332
agm002324497,12.685089173505611,2.541688475
agm002324795,13.953114844115456,0.9711490633333333
agm002324868,13.131904898871516,2.2548230525
agm002324989,12.074375232846139,0.7454948225
agm002325003,13.743280599016831,1.2112903
agm002325158,16.55065474092425,5.644976645
agm002325373,12.750737285696303,-2.0935878325
agm002325413,15.511781764282441,4.12402633
agm002325812,13.23933163126999,1.2306946475
agm002325835,14.435970163976203,-1.7524207459999999
agm002325845,14.283916105181547,-2.175722208
agm002325899,15.279218925805523,1.8055856039999998
agm002326423,15.495277361859555,3.213342565
agm002326618,16.206156079045492,5.050672865
agm002326661,15.014518238584905,5.260637106666667
agm002327056,16.498667051098334,5.5896490475
agm002327171,10.528426353319771,-2.2798163875
agm002327689,15.02127995494887,4.0776920925
agm002327706,14.451004205867498,5.225082831666667
agm002327721,16.968019351465095,5.347029365
agm002327842,13.462667360065016,0.6094818125
agm002327849,13.86552529260785,1.944882905
agm002329681,13.842414565264002,-0.5676289266666666
agm002329682,14.954893387739332,2.20952058
agm002330331,17.3548776266345,5.70407736
agm002330347,17.17785833549788,5.551298842
agm002331197,16.74740207837912,6.582884035
agm002331718,16.90712643685514,6.4598244925
agm002331738,16.166536798274908,6.0699766225
agm002332067,17.766329032798595,5.882889345
agm002332251,13.207140025854459,2.31820009
agm002332284,13.838664960367744,1.4301342133333332
agm002332292,13.634131648223404,1.3294889833333332
agm002332731,11.349874662653212,1.0034276033333334
agm002332756,13.371465711764557,1.7001219639999998
agm002332867,11.858307155894488,0.2820670475
agm002332899,11.01340057943907,1.938491685
agm002333119,14.158572878100022,0.9418253583333334
agm002334636,15.827963163190937,4.239002096666667
agm002334707,13.107647594952851,3.0025157733333336
agm002334777,12.497160829297211,2.56566268
agm002334806,13.102756955072994,1.9333580019999999
agm002334811,14.339998877594931,1.722458276
agm002334836,14.323359065989417,4.638211302
agm002334890,15.481225844494,2.74803296
agm002335078,16.00932870743998,5.00752057
agm002335142,14.047599060197383,1.5231438433333333
agm002335655,15.898208388113169,7.510882133333333
agm002335680,17.968099970703438,5.258321111666667
agm002335727,15.268945422094783,2.1803794633333333
agm002335788,16.56202309949131,4.694086781666667
agm002335828,12.613927642213703,-1.502305015
agm002337307,15.162055465969324,4.1388462375
agm002337310,15.602496551750528,4.42238723
agm002337315,15.299171899122676,4.2380260025
agm002337317,14.941395005803379,3.9792566025
agm002337320,14.65279455104199,3.8208128275
agm002337338,14.21154047916978,4.49232359
agm002337435,13.33812789753529,1.82190654
agm002337664,14.460077732394156,1.69129763
agm002337675,14.893727040201757,1.09160892
agm002337718,14.799121827097883,1.029412442
agm002337741,15.90200649266875,1.7132284940000002
agm002337792,14.504215072364374,2.517751088
agm002337804,14.604214257722877,2.573043866
agm002337875,14.195213698370168,0.975781212
agm002337916,14.35371434817316,-1.674117426
agm002337994,13.847154425627389,1.9213212916666667
agm002338016,14.122829376801091,2.745261043333333
agm002338855,14.999973276529104,5.6058134299999995
agm002339009,14.90338962431334,0.401170544
agm002339051,13.859183494396953,0.6533033683333334
agm002340001,9.398173682056624,2.3530562683333334
agm002340004,11.861641284385234,-1.120085016
agm002340916,18.770657653019512,7.8712077625
agm002341182,15.759365917495499,4.3310144275
agm002341298,15.715420934153425,-1.9543661239999999
agm002341319,15.553146753552962,-1.9536533980000002
agm002341749,12.531674648098145,2.2028133366666665
agm002342191,18.57006414420821,6.9562404675
agm002342265,12.860774935050229,4.437197875
agm002342336,10.152700702665527,-0.1140597725
agm002342375,8.549003248144631,0.0926419525
agm002342414,15.205640127426097,6.36318303
agm002342527,12.088054721690767,0.496800265
agm002342543,12.964010877501908,1.4030098000000002
agm002342549,11.996874129508283,0.6195203016666667
agm002342582,8.456450479591483,-0.967677025
agm002342636,15.540542743917028,5.483986816666667
agm002342678,11.487428728514148,1.57718666
agm002342682,12.80263578214065,1.80101336
agm002342717,10.600327235949921,0.24394835333333334
agm002342721,10.134496885623967,-1.1030399983333334
agm002342775,11.652175522224079,0.6650101666666667
agm002342802,11.242765203409833,-0.9198432783333333
agm002342850,15.253795033463703,6.015727304
agm002343326,13.546560243860077,1.5991130125
agm002343392,13.78496132678114,4.56045511
agm002343415,11.905034432915757,2.070886905
agm002343640,14.793965722660037,5.378805676000001
agm002343714,13.01393498006673,3.3869221119999997
agm002343979,15.356334092058919,-0.833306816
agm002344054,15.377764374019948,5.6793427633333335
agm002344069,12.025562190258585,0.200461578
agm002344123,14.862437791749356,2.3010319333333333
agm002344125,14.620719079843719,1.415218214
agm002345002,11.949266397783905,-0.4843199775
agm002345252,11.247177011726365,-3.5503281899999997
agm002345368,14.761384576647194,2.226676755
agm002345378,15.383962740327851,2.0574792333333334
agm002345379,14.493225502765375,2.0749121566666666
agm002345434,14.469623958698866,-0.157063424
agm002345477,12.062253781735228,-2.58943783
agm002346272,9.209873453117888,-1.874355245
agm002346294,12.691239707249046,-1.17214503
agm002346309,12.103110611770388,-4.573971275
agm002346394,12.233623606631609,-1.337147158
agm002346496,13.44039657578412,-3.0256490840000003
agm002347336,12.277283320021652,3.0494386466666668
agm002347342,13.410756579954471,3.3269536216666666
agm002347361,13.120142867854474,3.9384667733333334
agm002347377,15.259841819013976,5.773455838
agm002347410,12.136553046081843,1.3053401783333334
agm002347831,17.282659636168482,4.86346079
agm002348067,11.897650433633487,-1.2359681633333335
agm002348236,12.391804319608719,1.383422522
agm002348274,11.30811683879538,0.8304232675
agm002348281,11.85686879101476,1.1892561475
agm002348299,13.238198560300798,-0.35347771
agm002348584,15.385898510545454,2.8608292783333336
agm002348636,13.198025951304293,1.5246688
agm002348661,14.224622952811439,3.084595765
agm002348756,15.189877812348556,3.4753887480000003
agm002349320,12.127544500088284,-0.12877871666666665
agm002349525,10.564944266314532,-0.100055114
agm002349571,12.927508521307841,2.8959159999999997
agm002349825,16.293663629594917,6.75416576
agm002350119,13.559045773648734,0.4126090783333333
agm002351569,14.369089560358006,1.48010606
agm002351700,16.60310271689964,5.233442688
agm002351718,15.026439461029337,2.49339206
agm002351755,14.656687372850437,1.0925635466666666
agm002351760,15.273640487309333,2.3494558075
agm002351806,14.742476154067006,1.4920801399999999
agm002351852,14.63489623649538,-1.16368845
agm002351929,15.427233675556863,0.7227493533333332
agm002351934,15.420109028298867,3.858994673333333
agm002351943,13.677362124068747,-2.7709880875
agm002352974,14.379883505902852,0.72635868
agm002352980,14.1061620365322,2.92874919
agm002353139,12.627062375346364,0.5276434533333333
agm002354309,13.042067488141164,3.614262105
agm002354321,14.858027958441145,3.389141112
agm002354415,12.851205495284733,-0.41543680499999996
agm002354465,11.260975460296565,-0.587744665
agm002354582,13.34041660542559,1.01540413
agm002354600,12.367175717750092,-1.1492882475
agm002354616,12.926765056084712,-0.9784210775
agm002355015,16.412843623600732,4.5909446575
agm002355097,16.28097452598631,3.752135623333333
agm002355385,14.038342657234253,2.820192328
agm002355438,11.693892315788306,-1.058823482
agm002355565,15.180640005575876,4.019810242
agm002355685,14.66218525575627,0.06369064666666667
agm002355854,14.492856676113776,-0.19298876833333334
agm002355863,11.571927461970292,-3.438014465
agm002355883,12.568545553734099,0.92226472
agm002355902,11.222025281071383,0.06336451333333333
agm002355941,13.571678548869476,-1.0657282083333333
agm002356027,13.12148241524403,-3.4202648483333333
agm002356032,13.13530538990851,-0.7222510016666667
agm002356155,13.813746759313423,-1.22125329
agm002357219,16.166889183414636,7.623074233333334
agm002357479,17.316000482100463,5.09824107
agm002357480,14.325900268343565,4.113459171666666
agm002357818,15.727149959096526,5.413893248
agm002358489,12.99215184668445,1.2360361899999999
agm002358798,15.751570258778544,7.472825266666667
agm002359395,15.90863896205992,7.210004818333334
agm002359633,16.533741178020094,7.067802453333333
agm002359675,13.746738933218822,4.50311378
agm002359956,14.804288924158232,5.242188542
agm002360004,14.844282670685374,6.846363972000001
agm002360094,14.323974723853455,5.671912815
agm002360110,16.905099444529842,7.226422801666666
agm002360170,14.734839984503166,3.9093850433333333
agm002360175,12.831508014791778,4.165784801666667
agm002360231,14.68967365057674,-1.775076712
agm002360243,12.62352775646618,3.0470995475
agm002360307,14.800638580729048,4.164125755
agm002360344,13.884581751299658,-1.5430848133333335
agm002361319,12.332214912929269,-0.5830541016666667
agm002362059,18.55101072425324,3.414812905
agm002362107,13.162119083113986,0.9169713066666666
agm002363335,7.556388814641896,0.21556420799999998
agm002363498,10.667182278950856,-5.2243791
agm002363530,9.658844438091498,-4.478305665
agm002363578,10.46155729391842,-3.9451932666666667
agm002363723,16.43055937857744,3.38224045
agm002363730,12.406766969153493,-0.37533119400000003
agm002363731,12.513951663748584,0.09665591
agm002367171,13.163249256265592,-1.190711778
agm002367345,16.805407959445432,5.2966430225
agm002367592,10.784826196407181,-1.271496725
agm002369906,13.106080219774787,-0.3191453025
agm002369965,11.537388521011232,-1.9182827175
agm002370140,13.37174392917983,-3.7214872116666666
agm002370553,12.16805102153508,-1.0704192925
agm002370609,14.031109973773576,3.0362872116666666
agm002370790,20.205090993033302,9.641213774999999
agm002370987,14.425520605440457,2.375953615
agm002371033,13.895474231954106,3.4700954520000002
agm002371119,14.144197976068213,2.160315166
agm002371153,13.124648502408329,3.3116136216666665
agm002371187,13.770570312928834,2.05149775
agm002371193,13.205882464461029,1.62952586
agm002371271,14.703323447820411,3.9812432983333337
agm002371274,14.92181244420459,4.45576853
agm002371759,14.438293239858757,-0.6965180679999999
agm002372916,14.182165722313593,3.9038228166666666
agm002374467,16.436469377933793,3.853992215
agm002374582,15.527058475653108,2.593612785
agm002375174,11.69424254961076,3.316409718
agm002375313,13.779145041639763,4.3678779625
agm002375409,15.429324465503615,0.8336116020000001
agm002375621,13.980360474761056,1.736495562
agm002375622,13.353772650941876,1.350287955
agm002375998,11.825812496286815,3.285220088333333
agm002377249,12.65180713239268,-2.63364232
agm002377306,16.44903931376181,2.7971884339999997
agm002377594,14.565250306668979,1.8931986475
agm002377612,12.754724941200335,3.3340425199999997
agm002377638,14.32166621515297,-2.9091447599999998
agm002377774,11.11628731063869,1.0068383666666667
agm002378078,16.62587245577938,1.14265667
agm002378201,13.236315585393262,3.11658348
agm002379046,14.599336354648454,2.6181719725
agm002379076,14.032365472064836,-0.2228562425
agm002379240,16.020120586262532,4.589472695
agm002379297,15.371506586473304,2.5321778299999997
agm002379530,18.13217262163968,8.091003344999999
agm002379582,16.950717997460153,5.4465611879999996
agm002379710,15.367567589714232,1.60831118
agm002379756,15.760254294781229,2.661231966
agm002379758,14.842787211478141,1.19962451
agm002380223,15.465425164646797,-0.1599324875
agm002380239,14.244719838006697,-2.244443122
agm002380360,14.107000774128615,1.2715656450000001
agm002383792,10.363523291923892,-2.6340285983333334
agm002383806,10.236176713396402,-3.3648141666666667
agm002384376,14.498297975603718,-0.109224595
agm002384571,11.608593384351288,2.975390235
agm002384728,12.60042829060152,0.8461856675
agm002384729,13.693280485374697,0.63170133
agm002384824,14.682809155873741,7.473600348333334
agm002384948,16.59532923307898,6.697359251666666
agm002385293,14.094964319473208,-0.8217532183333334
agm002385411,14.297727809112496,4.382171135
agm002385525,15.49049251355983,3.5752834733333336
agm002385594,16.035122483581127,5.0252897480000005
agm002385637,14.941659154074719,1.753191426
agm002385776,17.470820409932838,6.01206214
agm002386093,13.133145011942766,2.0920663183333335
agm002386165,11.559545809180435,0.017664143333333333
agm002386180,12.616828576676108,0.46583281833333334
agm002386293,12.304208088055725,-0.17013155666666668
agm002386297,12.690169395697389,1.134645025
agm002386485,11.610903656682648,-1.716407994
agm002386666,14.510216850011503,-1.6337656580000002
agm002386921,13.886177641202615,3.9591532233333333
agm002386978,12.752794919240571,1.0245375166666666
agm002387002,12.146861044070759,1.0074777866666667
agm002387164,13.94651396723601,1.7823605319999998
agm002387204,16.06826002153593,3.065076976
agm002387255,9.558023371447915,-0.8874664033333333
agm002387836,18.74392664801527,6.019718471666667
agm002387973,10.720128192233041,-1.968928705
agm002387986,12.84542160872122,-0.917534065
agm002433306,11.152801556001865,-3.2414398820000003
agm002437434,19.181009744316533,9.179695692
agm002441043,20.759822166958866,6.403533546
agm002444968,16.15814600160892,5.729434985999999
agm002445134,13.805315122302943,3.475052668
agm002449630,19.225205107306433,7.271998214
agm002479708,15.767874796491139,4.2332339900000004
agm002486826,8.853634773185643,-1.528070236
agm002487107,11.148940231462019,0.645066238
agm002489068,7.054662367689427,-0.102298464
agm002489958,7.5406910256029835,-2.151624748
agm002490355,12.606433196982959,0.650650638
agm002491523,10.586201437580018,-0.037631715999999996
agm002493090,10.77073991765935,-0.544749374
agm002496001,8.766220359612243,-2.364202996
agm002496497,9.784687675611117,0.007889358
agm002500500,18.355088035424092,11.022695442
agm002503810,21.880777679601202,11.015498386
agm002533104,12.371720463387152,-0.22973065199999998
agm002533211,10.652939308420645,-1.9573752880000002
agm002538568,13.565772730796334,3.2198583239999996
agm002538862,10.0268198142556,1.057008264
agm002541635,16.804199086021747,5.345655558
agm002541671,11.13227005112665,-2.287453868
agm002557126,13.790856721816311,4.220329736
agm002560965,15.963606009173457,6.740150976
agm002563541,15.92059601257578,3.530225924
agm002564031,13.271378163611512,2.7852616780000004
agm002565430,14.988042344296435,5.722798986
agm002565833,10.861142533798747,-2.80326661
agm002565837,10.50989977484172,-1.587848978
agm002580039,18.393160019864233,6.047885362000001
agm002580145,20.051403411435253,5.315588979999999
agm002588347,20.032198783783524,10.197806611999999
agm002634309,12.257838628177735,1.35872149
agm002635431,13.386453941308725,2.2548675825
agm002643054,18.189957716709863,8.345662125
agm002643914,8.022928292232903,-0.94498827
agm002646767,10.094817496613857,-0.60397109
agm002655487,14.267897820826953,4.8391027475
agm002656185,14.849836503788772,5.81759803
agm002656429,17.211867863700196,8.42797252
agm002664428,13.048993030389633,-1.9467702025
agm002685804,14.005477889463272,-3.7955323475
agm002690338,9.488492756039363,2.1005820675
agm002691451,11.989739256432738,-1.8365247325
agm002691681,10.925660126956087,-1.868435875
agm002693125,10.674805222254635,3.2672918425
agm002693309,12.167769794898323,4.341887505
agm002693681,11.515678990923384,2.8166376575
agm002694384,12.963617314590731,4.520112815
agm002694433,11.772962658009543,0.1723644425
agm002695685,12.400128312674646,-0.4346019325
agm002696841,12.47844003819208,2.3000042825
agm002698393,12.303031279209096,-0.68596793
agm002699666,12.63774271599555,4.7805701375
agm002709872,14.092130711038225,7.06442348
agm002710296,14.551297022114571,9.5153016475
agm002711444,14.0827508356069,6.1345529875
agm002711640,15.486883795488305,4.81754826
agm002713600,13.628382679441124,-4.7908186975
agm002715581,11.878263351430919,-0.241282775
agm002724743,14.05588636658406,2.8080912375
agm002726005,17.53755370050626,8.0563262425
agm002734762,12.848061650657522,-3.1452791175
agm002735022,12.815688780206294,-3.617601595
agm002735310,15.798627905578286,4.9256397875
agm002740723,9.085421434692497,-2.962962895
agm002741707,17.842039038160465,7.840493635
agm002746612,12.85637943634158,-1.7329554425
agm002748502,11.617187613704333,-2.961380585
agm002751012,11.876431268967394,3.994025205
agm002751663,12.045895279145196,1.8862578025
agm002751911,16.640241780599293,6.265068125
agm002758040,10.155253245666026,-1.34255468
agm002762023,13.768808344240535,2.3139707
agm002766205,14.831183234375048,6.54296466
agm002767482,14.944664501133792,6.69429894
agm002780850,15.080889420515739,2.81134983
agm002783879,15.11248616120933,3.5856294025
agm002784712,15.484249819317949,3.72497865
agm002908082,13.1699748606296,3.862210562
agm002908120,15.021634758217207,3.570488332
agm002911883,10.254876696129084,1.9796252760000002
agm002915699,13.849776954836935,6.291581644
agm002915804,19.36972114984354,8.828122502
agm002919601,12.063929076054086,4.175418248
agm002921459,14.119050915503863,4.753554722
agm002921730,15.206745808262038,5.886110278
agm002921778,14.68767239880431,2.284839828
agm002921877,16.84677599367882,6.9426371840000005
agm002921897,16.247932511866946,6.194137134
agm002923650,7.783736336608273,-3.46486213
agm002924171,8.095657240813605,-3.068076708
agm002924355,9.228264255293926,2.39376065
agm002925122,7.019426615293303,-1.65103985
agm002925285,7.967332838119982,0.584557136
agm002925483,8.56848121298732,-3.690946984
agm002925861,8.423004469312874,-3.716451708
agm002925962,11.027323055762281,1.277785886
agm002926182,17.674447172255825,5.161129476
agm002926251,18.595771285250375,8.53139917
agm002927674,19.18503625624778,8.88422457
agm002927676,18.352081768701375,8.561213726
agm002927949,15.23839962999603,2.030396842
agm002929161,11.842396915630243,1.195883922
agm002929193,12.822852653774177,5.135896038
agm002929602,11.607482294313922,3.4461482519999995
agm002929617,14.253403625178944,4.604913828
agm002931017,12.15847954875222,4.244208867999999
agm002931035,12.749414427496287,4.703356138
agm002931091,16.222492965136023,5.525891882
agm002931248,13.995761263794275,4.948108228000001
agm002931293,15.871240210140153,6.84035947
agm002931525,14.1714510980543,3.936867052
agm002931756,15.177489448807325,4.8106413439999995
agm002934406,12.925253365375875,2.41388151
agm002939014,10.409211039426493,-0.739606692
agm002945981,11.236542831458046,-0.6730590860000001
agm002946123,11.843189505862991,3.2393787959999996
agm002950236,15.14872152118798,-1.179005828
agm002950623,16.04945162430036,7.055507552
agm002951443,13.977930962302782,3.881831176
agm003031822,16.723911208639905,6.1737057375
agm003031856,15.922592535765508,5.792214015
agm003036207,17.02218596495491,6.3114946566666665
agm003043138,8.78047243106436,-2.816759811666667
agm003054418,14.842715800109717,4.42135155
agm003054621,16.404798763415258,7.104914571666666
agm003054641,20.376793881468483,9.366296606
agm003057420,17.66473107890442,6.844801423333333
agm003057422,17.026051550841732,6.5551739666666675
agm003058487,14.130177727583249,5.243076826
agm003061489,14.126418234975604,4.1876942816666665
agm003062288,13.963317495708644,1.4108786916666667
agm003062395,13.386798097714307,1.8238477633333332
agm003062628,12.074576325886849,2.7589266120000002
agm003063415,11.439699797916898,3.03554317
agm003065468,14.967122811074745,6.3984750916666675
agm003066009,15.375268339763272,6.4379193
agm003066332,15.13107086922922,5.995093241666667
agm003070364,7.327053903041758,-2.178604781666667
agm003082154,20.76766179413719,9.792559294
agm003082642,17.749589304104116,6.732414295000001
agm003082742,17.227655203283877,6.441302605
agm003084782,14.503172327741376,5.740831493333334
agm003087673,17.742235494896203,8.144875398333333
agm003092240,14.062814206799544,5.017759366666667
agm003093874,8.543153637966217,0.227040565
agm003095455,13.336213638147251,5.214217006666667
agm003096016,9.945369970441366,2.0618763983333332
agm003096021,10.603262405805191,2.3493158833333334
agm003101411,15.127913400131911,5.9158546
agm003101955,16.005615830589306,6.969931735
agm003112455,13.369297960521813,4.773555948333333
agm003114970,13.242558638712598,3.5668624825
agm003115753,14.460575428293465,4.7010928425
agm003116304,15.137820927744,6.14538785
agm003116314,15.21365036956569,6.127244705
agm003117072,15.812523713050483,6.614871295
agm003117075,15.765339653677556,6.578013311666666
agm003122048,9.246333443456948,1.125413205
agm003124886,8.956734544880685,-0.266548985
agm003124887,9.64715383657037,-1.330924245
agm003135176,18.32318460145473,8.15975109
agm003135202,17.656276181409442,8.087305938333333
agm003142277,14.272014726599277,2.800310765
agm003142944,13.198007560181047,3.5298836983333337
agm003143786,14.829470316886795,4.6080807775
agm003143830,15.429678522556925,4.13798927
agm003146934,14.804091359414686,5.762688693333334
agm003147126,16.155046993498626,5.6898629949999995
agm003147397,17.57744882729667,6.658365176666667
agm003147491,18.205390337347158,6.711503251666667
agm003147912,16.948174707746166,7.266513454999999
agm003147923,16.977619228094586,7.256855708333333
agm003153740,16.46962002111908,6.881989861666667
agm003154711,17.19397040051728,7.385256536
agm003154712,17.26886868028093,7.644547528333334
agm003154955,11.793126622642982,-1.9212177266666668
agm003155230,16.733061058237443,4.861610033333333
agm003156881,17.0281171258593,6.2029286033333335
agm003156985,16.788839144392334,2.34497806
agm003157199,15.459660609784255,4.088806535
agm003157286,12.268176808638824,6.773643765
agm003157405,16.067370030747245,5.065400145
agm003157441,14.794074399752885,4.610013675
agm003157478,16.085594337799098,2.315917065
agm003157490,20.236307536140444,5.871165895
agm003157501,16.210610348246878,2.833411405
agm003157507,17.115518718330623,3.33715121
agm003157524,13.851303720308726,-4.435768285
agm003157546,18.839278887934043,0.59842334
agm003157581,8.02454295286919,-4.947571585
agm003157639,15.406498679233234,4.260309985
agm003157649,18.084896032902737,5.10498179
agm003157659,16.29917210976586,5.405608405
agm003157668,19.68730359684992,1.30532913
agm003157722,10.015206983804378,-0.29560472
agm003157789,18.923535633884388,8.35444579
agm003157799,18.19187117444472,7.31624491
agm003157852,11.463440763891969,-1.6332446933333333
agm003158066,11.291679295891432,-2.54160332
agm003158086,11.103523214699592,-2.5382477900000002
agm003158186,15.921182036227414,5.785539920000001
agm003158455,11.510616933490047,3.477728603333333
agm003158787,12.446837880596945,-1.0188656999999999
agm003159070,12.818599201544487,0.71834394
agm003159274,12.835963023917104,4.050903476666667
agm003159573,13.314953304541197,5.22547668
agm003159581,10.700824081586815,4.629383123333334
agm003159725,12.453177331234542,-1.7787550066666666
agm003159792,12.435220676578373,2.505806246666667
agm003160066,18.10734266403074,8.684503716666667
agm003160263,14.245535798408552,5.958347283333333
agm003160348,9.521279733480865,-1.43784651
agm003160463,16.523765467073613,6.659550863333333
agm003160479,12.951066165839142,-5.9296113
agm003160499,11.756407586403975,2.88334806
agm003160506,8.937390294992925,-2.4716812433333333
agm003160522,9.936019090474899,3.5790678766666666
agm003160523,11.353654500547732,2.3143800733333335
agm003160538,11.098071757665947,-0.8792690799999999
agm003160560,12.331653951101496,-1.8429360733333333
agm003160619,10.532859665993389,0.08985847333333334
agm003160624,15.01766787992439,4.565243166666667
agm003160626,12.591817522814933,1.06613738
agm003160627,12.5115259359145,1.0270927566666666
agm003160644,17.769079435225652,5.19773027
agm003160659,8.727830520647979,0.47408693333333335
agm003160666,17.732020418082325,3.701929793333333
agm003160712,16.988191083777014,2.9719645833333335
agm003160723,13.434296622364696,2.2055969166666665
agm003160725,12.75008187197055,1.10960309
agm003160766,12.974433043090821,4.0522605333333335
agm003160824,14.702464709210728,-0.00732116
agm003160842,13.697216087921591,4.0606676833333335
agm003160863,15.407634846030932,6.437228943333333
agm003160930,11.878954877985748,-0.6927062433333333
agm003160938,12.08381454599359,-1.2533001666666668
agm003160949,13.35442306776686,2.3094080933333334
agm003160967,10.931218071676456,2.05391535
agm003160975,12.795846211058318,4.2721489466666664
agm003161021,12.094924433663445,2.1577772333333334
agm003161036,11.635449827680972,-1.8867006566666669
agm003161120,14.2008326866995,1.75017168
agm003161156,9.994863783365284,-0.99016576
agm003161183,13.6698851947668,3.688726583333333
agm003161203,15.357769869061345,6.668579653333333
agm003161205,13.255340488871086,1.7324882033333333
agm003161246,15.873069401431152,4.938498056666666
agm003161260,12.060849066647656,-1.7655046399999998
agm003161316,13.356092247639145,4.949045706666666
agm003161325,10.828037147288141,3.03273679
agm003161354,14.788090366844019,7.47821781
agm003161368,11.917234305641315,0.5929474833333334
agm003161370,9.441775085465691,1.7759754033333335
agm003161405,17.915625242505772,6.6421353100000005
agm003161469,11.475539949926436,3.5731051866666665
agm003161501,11.490614751996956,4.269683106666666
agm003161505,12.98140480308156,2.5827253766666667
agm003161513,10.636305842513169,-3.2446512999999997
agm003161521,15.437457109266072,4.665941313333334
agm003161528,16.756222314790545,6.0499426466666675
agm003161558,9.103537734237444,-3.5725765633333335
agm003161630,14.902575441026004,6.076192643333333
agm003161729,12.698105853250599,4.1920051475
agm003161736,13.56074310894703,0.1788405125
agm003161741,12.35099385956431,1.68200587
agm003161755,16.02096959788942,4.61477009
agm003161773,12.169369047072532,3.653963145
agm003161826,12.587724848210026,3.852818015
agm003161856,15.168042277168636,2.0962025625
agm003161862,15.363495196233359,2.534572645
agm003161891,15.460371482351258,5.0552457675
agm003161894,16.87132106480799,5.4199603725
agm003161912,14.336935423115808,3.0890505
agm003161943,9.365217464029085,-2.6490602925
agm003161951,14.655291093887435,5.4562402625
agm003161967,13.338004134207162,3.3048768475
agm003161972,15.091926729088781,4.3846410425
agm003161976,13.169937347536495,3.189764435
agm003162039,15.07144184154941,8.1563107225
agm003162040,15.406436519030796,8.19893138
agm003162064,15.272060983322772,5.69592148
agm003162076,15.787981276633072,3.4946350925
agm003162086,17.617159032129088,6.6710930775
agm003162103,12.145456549152646,-0.5829586075
agm003162107,10.517327241695535,1.80086097
agm003162112,12.21998010549766,0.58873296
agm003162235,16.961865881714658,5.5064566875
agm003162273,10.834004212705116,3.13083563
agm003162303,17.42960544956284,5.74392884
agm003162305,16.660303462788338,5.404544675
agm003162324,17.969926495508943,6.0142437075
agm003162372,15.890693963674272,4.9983526025
agm003162404,14.968758671071951,5.78714616
agm003162431,14.666766270812413,2.9939549475
agm003162450,14.254829050302101,2.8206677275
agm003162457,13.975509792175087,0.54543268
agm003162494,12.877569826262684,6.2602149775
agm003162500,16.453962291849752,6.42558722
agm003162501,17.790952950453804,5.8689723375
agm003162508,16.794588323027586,4.1800976725
agm003162519,9.796540905644024,1.87784271
agm003162561,14.452000270290398,2.997982985
agm003162567,17.749620956515884,6.1386921875
agm003162588,16.840466828784233,5.50254615
agm003162604,16.542111278438252,4.758101755
agm003162628,14.850226210541368,5.117996355
agm003162638,15.975935763592748,5.9943411175
agm003162642,16.080782738476426,3.6397745775
agm003162650,16.052030874093028,6.0317523925
agm003162667,15.62040507931617,5.4337117325
agm003162680,14.934734167262466,1.268168745
agm003162695,16.1961670413174,2.301694815
agm003162700,16.87871715877061,3.6133417425
agm003162720,14.874282966798964,0.3253210625
agm003162721,13.739090963182427,0.73185226
agm003162867,16.673439369331064,5.439337815
agm003162897,16.9757561006367,6.5773919025
agm003162968,15.286338568255644,10.0709486425
agm003163181,16.45038550040901,6.058251585
agm003163190,16.450713703489846,6.06201731
agm003163314,15.045187934568338,7.7353228375
agm003163335,15.62584987912105,6.5365294125
agm003163438,13.072572268609395,3.89225101
agm003163468,11.583252607167898,4.09501789
agm003163503,16.858764048378994,7.59886157
agm003163617,8.750589200317291,-3.2274400675
agm003163665,11.691915416840038,-2.49480188
agm003163695,11.727623804318858,0.8193557025
agm003163961,11.858096500933721,-1.607360825
agm003164031,11.845139905995637,3.1306760925
agm003164167,13.625794353352136,1.20271816
agm003164216,11.676620877592926,-4.6518719075
agm003164376,17.311953542165035,6.1203226475
agm003164682,11.731248558450583,-2.137102365
agm003164738,12.468619802787492,-3.101976915
agm003165086,17.231877541367894,6.653459025
agm003165096,15.23448528704482,6.1023272525
agm003165151,16.135539282065153,7.0577055825
agm003165302,11.428465197370848,-2.64395086
agm003165333,15.022164060659149,5.4851778125
agm003165381,9.62053869701034,-1.1759533425
agm003165411,9.63870422611719,-1.973565335
agm003165428,9.702451122575864,2.5957839125
agm003165761,13.397163649974486,0.3129936125
agm003165763,17.59505464888234,6.787214445
agm003166109,11.719285258994688,3.56794365
agm003166184,12.414432432325288,0.38580697
agm003166254,12.648206856572477,3.25249693
agm003166341,12.773944752171355,3.951357835
agm003166509,15.661558520860742,6.77674263
agm003166610,14.309787111202981,6.296783735
agm003166646,18.362015283241156,6.0546636025
agm003166853,14.251751553422173,6.51384316
agm003167042,12.647140651864344,4.810652405
agm003167300,14.841516684437368,7.5700978375
agm003167507,12.813594223027302,4.4424710625
agm003167697,15.852230444418234,4.01577928
agm003167718,9.68199067150036,3.5002861875
agm003167733,14.281645054237568,4.94283089
agm003167832,13.346055600677323,3.39329397
agm003167913,11.197425450016727,4.3100361175
agm003168156,17.143909043535867,7.5820771225
agm003168385,16.46825957504119,7.5014226475
agm003168736,9.690231110330668,1.7291892625
agm003168816,16.23492424004774,5.367551475
agm003169087,10.173210280056658,0.2200379875
agm003169394,15.487484109960238,2.9517006075
agm003169448,13.94899039269676,0.7272830625
agm003169458,11.908398521065866,-2.7907298625
agm003169517,9.887941490712668,-0.342543595
agm003169586,17.56800087738953,6.8700982925
agm003169700,15.679773009687622,6.606481185
agm003170000,17.27610660724516,6.5406176975
agm003170098,17.082323625373594,4.989917425
agm003170471,11.36451338078206,3.24387865
agm003170474,11.406934760431028,3.252513645
agm003170659,13.165205068050522,5.481446785
agm003170745,15.60116181710107,7.106544205
agm003170781,15.035991532760292,2.556970845
agm003170859,15.43984280292843,5.0121464575
agm003171302,15.959855952914614,4.357085225
agm003171558,14.786149805748417,2.31068467
agm003171776,16.177985046537447,9.21760673
agm003172045,17.35026635848997,7.3000939675
agm003172286,16.604049603674614,9.3154790075
agm003172324,13.592589831020165,5.06879231
agm003172481,11.685513987959252,3.04477342
agm003172523,7.858117113774106,-1.8442253825
agm003172718,9.755384183123224,-2.69736506
agm003173124,13.072832195115211,5.8358441
agm003173153,15.558063639553225,6.6927762275
agm003173276,12.70835165924916,3.23032829
agm003173278,11.324145215889299,4.11968755
agm003173380,15.717443070821925,7.93288589
agm003173591,18.032871612429066,6.10489562
agm003173654,17.250234665252275,7.38064997
agm003173687,11.808234683349678,6.2590945975
agm003173840,17.490206284721744,6.92169842
agm003173846,17.098867666584383,6.9943816575
agm003173860,17.422405022837737,6.7995856825
agm003173877,14.531877546946802,6.017197565
agm003173922,14.094002379183161,5.29529642
agm003173941,16.669481149123747,5.2730838225
agm003173960,13.234120667370016,6.5165463625
agm003173994,11.814439509967363,-0.29562657
agm003174151,15.504074197147125,7.025514975
agm003174154,15.505641031305062,7.0356240875
agm003174178,15.295165273986354,7.354099175
agm003174256,17.149857873685534,7.48764062
agm003174346,16.30529939310639,7.7469073125
agm003174434,15.140108244249129,3.522465395
agm003174519,13.476323070015143,5.8878518725
agm003174535,17.208920422391536,6.9855706175
agm003174565,16.02150352304978,6.96028991
agm003174567,16.460506310776925,6.7887775425
agm003174702,10.628690980819682,3.5038647825
agm003174776,15.100797166519952,2.9729519625
agm003174823,13.45979410110942,4.948216385
agm003175108,10.103425858420687,3.61016071
agm003175153,9.974342763482003,3.5516084325
agm003175159,13.939482455560716,6.292326945
agm003175299,17.226914026331713,7.45679327
agm003175340,11.206264878599313,4.902114185
agm003175396,12.837718730097631,2.9687675875
agm003175744,12.534227922626474,4.8059815875
agm003175983,8.89126169225812,-2.228104515
agm003176023,12.699532807291376,0.1315773375
agm003176050,12.150979575597336,-1.9639041775
agm003176375,15.99681546138083,5.130314185
agm003176429,9.9402247078247,-1.118169395
agm003177015,12.455424297396755,-3.67144471
agm003177108,12.482109089616646,-5.6497646725
agm003177125,12.549911131430038,3.085998595
agm003177512,12.880759966775479,2.2326180125
agm003177613,7.861920273671104,0.946876925
agm003177735,16.42465697464549,6.0238031725
agm003178092,10.109845487747071,0.927986135
agm003178223,9.78585740969194,-2.879555135
agm003178231,9.915220711429617,-2.1547202825
agm003178277,11.497738262293824,-3.0404281525
agm003178356,9.98919595737982,-2.782991065
agm003178363,8.921578224675141,-3.586139245
agm003178388,9.451094336675679,-0.03564873
agm003178418,11.450766082410501,-2.766394355
agm003178452,8.943048687526716,-2.7129348275
agm003178453,12.97966939500704,0.8747538775
agm003178543,11.459438094650134,-3.1223144825
agm003178740,13.85832875986808,6.1848067525
agm003178742,17.506532911100066,7.2814135225
agm003178759,16.739191989961487,7.63682443
agm003178769,16.61711041509875,7.5737816175
agm003178777,16.738830163870233,7.050080935
agm003178799,15.01112489465643,5.5986015
agm003178865,16.315267847151002,7.1850245575
agm003178873,16.210841668840658,4.701688495
agm003178994,16.546273435490484,6.3528036625
agm003179404,10.960702042025563,4.238211235
agm003179411,15.989959770990849,5.003456835
agm003179507,17.509600500208563,7.6908990025
agm003179533,17.815343083083327,7.5546798425
agm003179686,15.653727696371968,3.9807516025
agm003179733,14.423564726994396,3.2975530975
agm003179877,14.0294667357298,4.6297843275
agm003179954,17.13623046636948,5.0600403775
agm003179975,12.534640651436867,4.8794354675
agm003180014,14.281885176727403,5.3089903925
agm003180047,13.849179571696022,5.516020375
agm003180051,12.099889536551865,5.04080346
agm003180124,16.390821630934358,6.398111095
agm003180126,16.366660137790575,6.3848076525
agm003180140,16.461793626920134,6.448821195
agm003180241,15.30777498430189,6.3200228525
agm003180245,15.236982912069372,6.2846230875
agm003180248,10.965002263331344,-3.4261455475
agm003180281,12.667880338231704,-2.5814720025
agm003180309,15.057222161038474,1.022707975
agm003180359,17.543998974168957,7.185695525
agm003180380,10.157972372568807,3.1803711875
agm003180557,14.978333330240405,2.8044169775
agm003180692,15.222917010056602,3.1692834375
agm003181059,10.02010224315579,-0.35445338
agm003181167,14.268992406906897,-2.5314096925
agm003181296,12.189592492703895,-2.4469592175
agm003181599,16.505094639387078,7.575182365
agm003181613,16.282864262792206,6.5551603525
agm003181636,16.510207242868518,6.5193536925
agm003181930,13.702152212752582,0.77992061
agm003182104,15.948737515237392,4.9235076175
agm003182107,15.954458577053048,5.1220479775
agm003182213,9.769361247252018,3.9413322225
agm003182222,8.885449981372462,3.525007995
agm003182302,8.523550188614498,0.7799333625
agm003182306,8.401265028739342,0.7163419975
agm003182397,11.999441303474915,4.338738665
agm003182529,14.582183127993515,3.406984545
agm003182615,14.526566316992216,4.1517428025
agm003182756,16.865535438022548,6.7756866275
agm003182983,12.859988421045639,4.4712858475
agm003182998,13.296157942926175,2.3477699125
agm003183030,10.082268643720365,-2.4312242475
agm003183150,12.883625316649185,-4.966293765
agm003183192,11.687913188262645,-2.8248737025
agm003183228,12.623750949281463,-3.73130704
agm003183279,12.817340993897457,-3.1774930875
agm003183311,13.393652544605343,-4.827924195
agm003183358,11.538824868372762,-3.0589150975
agm003183390,13.19917360174277,-5.04603092
agm003183866,11.321314915259348,-0.1915098525
agm003183914,15.309149255874063,1.291439355
agm003184171,14.996777298078117,0.460215915
agm003184408,12.677470290611865,0.5083833675
agm003184546,15.158640575375793,3.1239182925
agm003184600,15.323172656078993,1.44153113
agm003184947,10.538279405841713,-3.048952285
agm003184991,15.139440307230647,4.048285615
agm003185010,12.436333911417018,-0.396019315
agm003185204,17.131308604789524,5.2009247675
agm003185206,16.157678310353983,4.6973808575
agm003185317,16.877686054402478,6.6250682275
agm003185648,14.51261755795747,2.1378551925
agm003185701,9.361832837355688,-2.9827578025
agm003185790,17.018261131338555,1.2527588375
agm003185999,13.757715403113812,4.0081077
agm003186043,14.325776054374158,1.9253243275
agm003186082,11.817238021121309,0.64209336
agm003186083,12.181909915891286,-2.987391215
agm003186089,12.356721207203442,-2.7818712925
agm003186093,15.447690649324047,3.3435835975
agm003186129,12.965977105805454,-1.227882415
agm003186144,13.516329635435495,4.63124182
agm003186193,11.338960668567493,0.1449518275
agm003186221,12.768139965540124,-0.4959940875
agm003186236,15.748108826578145,5.6856752075
agm003186250,17.38122245203275,3.019932125
agm003186288,15.86212472967104,3.2264795775
agm003186299,10.75210924575027,3.298941065
agm003186361,15.846772959645829,6.99317492
agm003186370,13.848466082555982,1.2683834425
agm003186381,14.909289699227509,5.3634286
agm003186403,11.939207045925535,3.3501476475
agm003186415,15.4884333064937,3.2129734275
agm003186426,15.309512817881648,2.77175023
agm003186451,10.681969486985873,1.8247563725
agm003186487,11.369958610245202,4.0304854475
agm003186529,12.183953197159633,-1.59868367
agm003186542,13.498683491637117,-3.4166869975
agm003186577,8.137911196976008,1.7133202725
agm003186610,12.803672102669426,0.9265429975
agm003186622,12.705468160874707,-2.9583026575
agm003186625,11.664655971957572,-1.024829425
agm003186633,11.639202924032556,-2.67158103
agm003186655,16.850455596967418,2.4498992525
agm003186661,12.372496483002434,-2.183647405
agm003186667,12.119982548114786,-1.357093895
agm003186690,14.664872662870104,5.709033735
agm003186750,14.979252681828145,4.09929037
agm003186761,10.6855702147147,2.07360412
agm003186868,10.064831924602768,3.5207694725
agm003186925,9.897061325917964,4.1118246875
agm003186937,14.066409692765493,2.0531462075
agm003186960,12.796380596617523,2.641948115
agm003186971,16.94094308983262,7.261680135
agm003187044,14.172234769474585,1.251354435
agm003187063,13.735373172650215,-0.6958451275
agm003187134,15.983550406792885,3.01493296
agm003187146,12.580075738246677,-3.3502821475
agm003187151,12.654414620105124,-2.626952155
agm003187167,9.851078550811327,2.6126907975
agm003187249,14.37264504192923,1.174115325
agm003187285,13.777078667036488,3.52575861
agm003187329,16.420267498699516,3.9790600025
agm003187349,15.813735201333197,3.7382416975
agm003187409,8.195809000048051,-2.66125466
agm003187415,15.935061012592438,4.3893133325
agm003187508,6.58162915612561,-4.57277751
agm003187607,11.738195439495389,3.67617677
agm003187685,17.653313191266204,6.3354151375
agm003187703,15.372813518900806,5.9793915275
agm003187707,16.173585817727187,3.470445885
agm003187719,16.03746443063909,4.919755285
agm003187763,5.867310311078946,-5.5438950375
agm003187937,12.833300717478476,1.232603795
agm003187961,15.211098010054446,5.156318225
agm003187982,7.352692055102206,-0.5079192325
agm003187998,17.619303358935902,6.8533489375
agm003188094,16.296105685330517,6.998946915
agm003188136,11.510914931317021,-0.0597954525
agm003188364,14.074681992038006,2.8492155175
agm003188532,11.735570124712815,-2.85409122
agm003188638,16.758643653602142,4.676770935
agm003188655,16.684922433817306,5.9433360975
agm003188656,15.290673077269023,6.53851126
agm003188679,15.150559790800136,6.127531785
agm003188762,16.87982103639622,6.9390011475
agm003188770,9.505555925960952,-5.24821535
agm003188791,15.267445105692232,2.2023946375
agm003188803,15.342609598240738,2.599029455
agm003188821,8.967878154101106,-2.796491875
agm003188879,13.024721403388744,4.75813551
agm003188976,17.96908811140864,5.7316095425
agm003188992,17.607914336631676,5.5175089375
agm003189015,13.890427486140464,1.5394931875
agm003189019,16.933539922897513,7.467384425
agm003189069,11.903483735504562,-1.022298045
agm003189146,14.971267057652849,5.66312316
agm003189291,12.243191681119171,3.987502845
agm003189302,16.29683969685054,1.08408814
agm003189312,15.13920483014991,-3.1904983875
agm003189319,15.030469565193004,-3.82392757
agm003189449,14.368618990947716,4.76144958
agm003189489,13.920106833700624,4.3214744625
agm003189501,14.275526475627537,4.3797264825
agm003189576,17.624018405353564,7.9528207425
agm003189628,14.162880106455239,4.65447881
agm003189697,12.158840469348867,5.50342665
agm003189708,11.455892563873434,0.3130082075
agm003189742,11.243360396904592,-0.2744962675
agm003189747,16.146427198119508,5.620993205
agm003189762,11.639772335145707,-0.06618622
agm003189921,13.937415502603782,6.1871331175
agm003189933,9.359877567704457,1.49973204
agm003190060,15.077631519518768,4.683680515
agm003190061,8.869986157604998,0.00428109
agm003190064,8.864193581109728,0.0181940725
agm003190091,12.525586756336308,-4.721686725
agm003190095,15.85224745797645,2.2052186875
agm003190251,12.408101529131182,-1.3724343625
agm003190252,12.416731816499151,-1.364863765
agm003190277,13.776810371692335,4.05405416
agm003190281,12.09233188033969,1.1657134475
agm003190294,15.566081503610212,6.1491972275
agm003190330,11.694327528047154,4.1781887275
agm003190355,12.22534781863357,-2.0746378275
agm003190401,18.299713703067624,10.1176914175
agm003190466,10.5033319575103,-4.7839814925
agm003190541,13.982892997579107,2.906050185
agm003190600,11.327884704435572,-3.6146314375
agm003190656,15.7984507307033,7.3337815275
agm003190732,12.531137446436762,-3.1534307625
agm003190794,13.508910820643829,-5.5592946425
agm003190817,12.780847415436808,-2.16323972
agm003190867,13.093315617173685,-0.021973215
agm003190888,13.83673939542272,-4.6162511275
agm003190901,12.766602024056619,4.2674743125
agm003190935,11.9161172532086,3.4613419775
agm003190944,12.779361149979167,3.9453802175
agm003191014,14.056852705451393,3.3916427925
agm003191027,14.41831319037468,6.2038791675
agm003191060,16.57826593364329,5.2906967275
agm003191063,13.413014425263706,2.2498464675
agm003191082,15.653491737209013,5.8851582825
agm003191115,11.520280565828875,4.449892985
agm003191117,12.406916814416855,1.0827524625
agm003191142,15.784613537554334,5.491246585
agm003191178,13.792856822555338,2.389380945
agm003191196,14.429954066960875,1.58743593
agm003191247,15.178135227878542,5.684263065
agm003191253,15.985128795411482,2.819034735
agm003191273,13.302423105681147,0.74096331
agm003191304,16.28964932121936,4.928698075
agm003191305,13.082715575294943,5.4675932125
agm003191320,12.672867615036983,4.8134551075
agm003191373,15.700042959846673,5.175614545
agm003191397,17.1522431017495,5.3574747075
agm003191408,11.460399766788704,4.551060565
agm003191429,11.876461877092519,2.859401035
agm003191463,16.58974989305192,9.81453678
agm003191487,18.218085762005515,8.6488269125
agm003191492,16.26794366413622,8.198805045
agm003191506,12.298796461302077,2.6803620025
agm003191524,17.345204968140873,9.6302251525
agm003191584,16.35645054754724,8.273191925
agm003191590,16.637964102756275,6.53026984
agm003191626,7.924773101205023,-0.94441163
agm003191702,15.641487273644154,8.2514257475
agm003191726,14.882194985684386,5.0607424925
agm003191737,16.789079259952622,6.2646948325
agm003191827,13.111943031028206,6.113174945
agm003191873,13.110274239237922,6.1165442075
agm003191913,15.694417614639837,2.343743795
agm003191983,15.440917789438092,3.88434623
agm003192021,14.958284697731003,4.6478072425
agm003192082,8.935626953185196,-3.44339007
agm003192087,11.776597824457214,-3.75578456
agm003192128,8.806369511449194,0.92738502
agm003192150,10.10830225437053,0.12589378
agm003192155,11.045940681938134,2.1533659725
agm003192156,13.348134289623083,1.493892365
agm003192169,11.207907101584425,0.1679451225
agm003192251,16.79542741511691,7.5673634075
agm003192263,18.16602920199557,6.53025257
agm003192264,17.8125364587201,6.2238227475
agm003192293,13.050932186334835,4.168316205
agm003192310,17.790909236610563,7.523649535
agm003192324,17.228369276835906,7.4484435325
agm003192330,16.209445666032007,7.4709070975
agm003192338,15.263393240147423,7.7936794725
agm003192359,17.355344522284494,6.1035205525
agm003192510,11.50439182125815,-2.39559302
agm003192524,12.657970682210008,-2.398456535
agm003192575,12.83569310830937,-4.28106834
agm003192631,16.94147994880031,3.95536595
agm003192697,10.787941458407046,-1.9987720875
agm003192698,15.025024584222583,5.39495641
agm003192743,14.714605570295822,6.0751616075
agm003192777,10.94369227653426,-0.914924985
agm003192811,13.64777394196845,-5.2954814
agm003192849,13.229388699772004,1.001113395
agm003192889,18.071859309086733,7.1134498275
agm003192891,18.064462966451604,7.1109569475
agm003192966,14.201663600585395,-0.666484795
agm003192975,10.719505484809098,-1.14731894
agm003193023,15.817513153623704,6.48833807
agm003193081,9.725419816245612,4.14792988
agm003193117,6.8501828122200905,-1.142926988
agm003193118,13.775788111107579,2.588102942
agm003193135,12.049916791232825,-0.43584191
agm003193151,13.39416102968678,2.130890946
agm003193229,17.584718415974557,6.1019556459999995
agm003193238,12.636691305236535,-0.431580376
agm003193278,14.209928172029601,6.28741372
agm003193321,14.596397945033075,4.273871266
agm003193376,12.975921439815128,6.169365272
agm003193407,17.285552084243903,7.209421702
agm003193456,9.677695658152441,-1.94327709
agm003193514,8.846439904354371,-0.504635384
agm003193517,11.387249625795864,-0.847768666
agm003193582,17.69367384868624,7.6412920159999995
agm003193725,13.827810221923226,-4.451926108
agm003193736,10.698136162180507,-1.205621504
agm003193789,13.503476291297407,-5.975123552
agm003193820,15.862536132318047,3.2767719640000004
agm003193881,8.859237843613784,0.8433699860000001
agm003193956,8.459286383879515,-4.09012081
agm003194017,8.347928962195656,-4.320610828
agm003194087,15.016398154107554,5.643355998
agm003194151,14.667154371475084,2.43696089
agm003194162,11.651620007419385,-1.641032706
agm003194164,13.76486106567065,2.0750340940000003
agm003194190,7.665456258050118,-3.7949382819999995
agm003194196,9.72923542090269,1.838621702
agm003194235,16.892073995129703,6.367614532
agm003194237,16.25674291626419,5.570248524
agm003194254,11.689130390030202,1.210382174
agm003194284,9.296924937613085,-1.869794378
agm003194330,14.133138623966435,2.48628688
agm003194355,10.282254273489627,0.29847928
agm003194360,8.761802860160843,-2.3621612240000003
agm003194416,11.539392023054194,-0.112038186
agm003194445,13.696976158378746,-0.37255036399999997
agm003194459,11.89435278806638,-1.263926044
agm003194474,16.01600283643373,5.613239554
agm003194475,17.43439887591274,6.4863005099999995
agm003194490,13.354871804940938,-0.421202772
agm003194502,12.778490897902655,2.01323702
agm003194527,14.734047525470263,-1.2782093460000001
agm003194528,11.409360189348845,-1.512779858
agm003194533,13.125219978116121,-0.20696852400000001
agm003194541,12.025744396902017,-1.452158332
agm003194574,13.314066145459595,-0.086905624
agm003194577,13.830820854779358,-1.7268852679999998
agm003194618,13.220215834311423,-1.429798324
agm003194629,13.949179005968087,3.409077788
agm003194643,11.809336485457147,-4.152673408
agm003194648,12.547733864210581,2.32055571
agm003194659,11.122987902373593,-0.898893232
agm003194703,16.343299269191114,3.695993828
agm003194719,11.679416874763751,-1.178133222
agm003194728,13.048709870409274,-0.095643406
agm003194736,11.502104908054966,-1.2729253699999998
agm003194761,11.938266233298869,2.041958564
agm003194802,12.73379775251021,2.88858464
agm003194803,13.025225501977483,2.667365256
agm003194805,12.889494182606015,-2.686078888
agm003194823,12.397206376839913,-1.6219444859999999
agm003194838,13.65717522403765,5.073736954
agm003194908,12.994688931117967,3.37448055
agm003194910,13.480597063820955,2.515847814
agm003194911,13.544833297033014,2.860205758
agm003194932,11.123961016936136,-1.4770064299999999
agm003194937,12.437934812087528,3.04511025
agm003195041,17.854864292739812,6.856780125999999
agm003195043,17.132919430771437,7.06584751
agm003195096,12.059752759390323,-0.96712873
agm003195112,13.756325968258347,-5.810209102
agm003195120,14.422767908415954,5.997395164
agm003195185,5.06693179310644,-2.7392586800000003
agm003195189,10.301543598746138,-5.037177148333334
agm003195191,14.202213561844262,6.5550947116666665
agm003195229,13.004361078938603,2.466665075
agm003195244,10.560811135366274,-1.2725927783333333
agm003195255,12.06884896166184,0.06250943333333334
agm003195263,11.325312027127028,1.7301924866666667
agm003195272,14.80424804390615,1.0206989616666666
agm003195341,14.94782760226,4.006160715
agm003195374,13.36353488761001,2.87462363
agm003195429,11.391430216610045,-2.254697885
agm003195474,17.433299100868684,9.129669715
agm003195486,10.271634568795386,-2.0898712600000002
agm003195518,11.343658396139283,2.968878755
agm003195543,15.30928414418504,1.9385044066666666
agm003195550,11.115464396358128,-0.029949345000000002
agm003195569,9.565999095540098,0.9401715083333334
agm003195581,9.05076086611969,-3.042176586666667
agm003195639,13.66672171345414,2.2635827416666667
agm003195757,16.45925593381941,6.06936791
agm003195785,12.673383816037193,0.09383285000000001
agm003195806,9.574472732328063,0.8916469650000001
agm003195808,14.610446782237261,2.3540315983333335
agm003195854,13.043220554425824,1.0362084966666667
agm003195889,9.090005286203876,-1.0902885833333333
agm003195924,14.392596005031598,5.078760573333333
agm003195936,7.623175973463585,-1.366853195
agm003196134,15.782372696562556,1.9180482616666668
agm003196270,18.84961393018234,9.890745098333333
agm003196287,8.026635051381282,0.23397182833333333
agm003196564,15.412584759389283,8.100737761666666
agm003196574,14.998427313767309,7.6163101766666665
agm003196640,13.338593130838236,5.568938301666667
agm003196750,14.566261896548612,5.747358276666667
agm003196919,10.828675869509366,-1.6758003566666666
agm003197214,10.705991801434621,1.9424647616666666
agm003197258,15.03779165302896,2.915260266666667
agm003197431,17.876682131804756,7.511194221666667
agm003197533,17.57733335941847,6.73858709
agm003197750,17.19635807018422,7.8148714366666665
agm003197776,16.110696859588312,5.700119793333333
agm003197988,13.187442116236937,5.781180095
agm003197995,17.781918955432477,6.772428643333334
agm003198025,14.047037008359965,4.388440828333334
agm003198086,11.708501198596046,5.148196718333334
agm003198314,9.348321971116789,-1.1712339433333334
agm003198417,12.883366325976597,-5.32858868
agm003198487,18.429251263457196,7.177403705
agm003198546,12.469521769812319,-2.8305328766666666
agm003198641,12.182407844518368,-3.75710347
agm003198798,13.429921903945553,-5.687814558333333
agm003199236,14.488333624425868,2.3679178166666666
agm003199318,10.843886887919362,-2.1304618016666668
agm003199356,15.218259227533698,2.5900712316666668
agm003199428,10.386638758141418,0.9923437416666667
agm003199459,8.21731084617266,-0.6534570916666667
agm003199596,10.750114931477222,-0.3752423833333333
agm003199601,9.547692700444605,-1.1733214216666668
agm003199672,10.696035983409315,-4.981840228333334
agm003199763,10.323615968909452,-4.523843333333333
agm003199829,13.686241059145111,-0.6696679816666666
agm003199971,14.586707740966444,-3.124178655
agm003199986,11.809873469021339,2.8010284016666667
agm003200017,17.73522149491642,9.111695546666667
agm003200166,13.727086934567545,5.036555105000001
agm003200199,13.921011018415648,1.0659043350000001
agm003200254,11.551224087034761,3.659556718333333
agm003200311,12.576629367926841,-1.0484338516666667
agm003200349,15.5095141749782,4.89768453
agm003200391,16.45668904814051,6.538525620000001
agm003200407,6.397043656798651,-4.854693158333333
agm003200457,15.838908929788786,4.962520038333333
agm003200486,10.710991964706949,3.027121473333333
agm003200491,14.839601165927334,3.9809940066666667
agm003200528,10.551338730985723,-1.05218579
agm003200530,12.334696111828494,-3.9540232916666667
agm003200763,15.428143687887426,5.283929305
agm003200790,8.620652491681307,-2.6951187283333335
agm003200870,17.32870767345771,7.246870853333333
agm003200900,16.28000645850242,5.232430848333333
agm003200912,15.882646018396512,5.012064753333333
agm003200982,9.463567390776271,3.8582572966666664
agm003200995,12.055086586457302,-3.1130691033333338
agm003201024,13.861551450055055,-4.470725915
agm003201026,7.245384003594112,-0.98408934
agm003201030,13.392174457947645,-5.090077121666667
agm003201085,10.715596169197665,3.8546354750000003
agm003201120,10.155776633052218,-4.345572316666667
agm003201129,16.990864939343222,6.54176186
agm003201191,16.740073179610267,7.8915019850000006
agm003201203,13.350795052934458,1.2979214866666666
agm003201206,13.924665855422118,3.2095592133333333
agm003201221,10.793623012610274,-0.24817952499999998
agm003201277,8.937382068706325,-1.039072725
agm003201419,14.276169214268604,0.6275431133333333
agm003201431,13.820124748702684,-2.900309275
agm003201441,16.20302069235144,4.162925251666667
agm003201443,14.398287057209345,3.1508940583333334
agm003201447,12.694861271327111,-0.95638955
agm003201489,9.424842438970444,-2.6806523949999996
agm003201510,13.02282213812647,0.4621458916666667
agm003201602,9.913001565005993,-1.7529269116666668
agm003201613,14.372681080369084,0.45134427666666666
agm003201674,18.885832122412598,3.9313065883333334
agm003201696,12.93808350516391,5.084117813333333
agm003201709,14.508086994818852,2.51623502
agm003201765,14.813272434523837,-4.470286971666667
agm003201812,9.880374001764528,-4.169200468333334
agm003201835,11.387597766554913,0.655221875
agm003201867,15.232930252725529,1.683985295
agm003201885,16.026122536261852,6.178192760000001
agm003201888,13.342481864933985,0.9799875333333333
agm003201903,15.55231707348027,5.845391326666667
agm003201928,13.699690569048997,4.218137076666666
agm003201935,10.349792904801415,-4.017671825
agm003202000,14.385477884799554,-0.8315006683333334
agm003202045,11.922877710833204,-3.9210223650000002
agm003202067,8.284755214519748,-0.8360158133333333
agm003202102,12.445774219762365,2.3062473850000003
agm003202114,6.7189904623853804,-1.1953412433333332
agm003202136,8.05413644264525,-2.3625041266666664
agm003202143,8.10627201792437,-2.561155718333333
agm003202173,13.145424995274022,2.488053145
agm003202177,9.508575549472864,-0.79603359
agm003202211,12.201219383173653,3.9459623833333333
agm003202215,10.405264914643631,-0.6776585666666667
agm003202226,17.480598320346505,8.937117908333333
agm003202245,10.738975137183225,-2.580509683333333
agm003202270,12.652679652766574,-1.841526615
agm003202293,10.923189811387592,-3.2843308783333334
agm003202310,14.259965297724241,4.882858648333333
agm003202337,10.366786210383514,-1.2972256183333333
agm003202338,10.616697410074554,-0.74834165
agm003202416,10.961539246060818,2.0688557616666667
agm003202472,10.88596779799189,1.0485061116666667
agm003202527,13.134259391975938,3.7886287216666665
agm003202528,13.863704557032543,-1.3796852583333334
agm003202558,10.575911222518537,0.36961942833333333
agm003202659,8.63083426830182,-2.598131205
agm003202670,8.341226402561905,-2.619222315
agm003202684,8.664721163234875,-2.570494285
agm003202686,10.99864228928602,-1.6604893016666666
agm003202705,11.102451348190918,1.5089162500000002
agm003202728,12.452814515458853,1.1476674966666667
agm003202774,14.589420764556062,5.9229664699999995
agm003202797,10.480624901076931,-0.6306452783333333
agm003202838,12.584948347827217,-4.304392583333333
agm003202880,7.367343707250662,-3.5948497983333336
agm003202883,13.0024314911236,5.08764769
agm003202914,12.75312354448846,2.849620445
agm003202973,11.452101290772918,1.9604943966666666
agm003202976,13.397780638309818,1.959286505
agm003202979,12.954535413728083,0.6394900033333334
agm003202988,8.749370573940073,-4.282425485
agm003203037,10.750824384990294,-2.1093386633333333
agm003203060,14.049993526670773,0.690142455
agm003203075,13.836033413659607,7.0109754849999995
agm003203141,12.627489191853707,-3.951087055
agm003203167,14.73783624499081,-3.5160934183333334
agm003203198,10.121049820918092,4.8778114666666665
agm003203260,10.087389778939874,-4.5146631783333335
agm003203268,11.413480025008525,2.619401771666667
agm003203289,13.153143562552167,4.055306971666666
agm003203296,13.835438128946047,4.011948511666667
agm003203314,13.79311379972476,5.8861869916666665
agm003203333,16.994651060668833,5.306723236666667
agm003203401,11.022656474041717,0.7547564966666668
agm003203422,10.827154181080564,1.8075179266666668
agm003203453,16.913332870413676,7.483759028333334
agm003203459,13.47769874161215,4.043658826666666
agm003203517,11.530633732055492,-0.18359415
agm003203535,7.480972950049396,-2.1272610566666668
agm003203545,16.67055241459795,5.865474549999999
agm003203574,14.542445200977987,7.222365008333333
agm003203609,14.958031437436894,6.278187166666666
agm003203667,11.64609193993126,-4.82662584
agm003203692,8.964609913041535,0.04715930166666666
agm003203763,8.291164878908807,3.28360768
agm003203775,16.38147165276202,8.218159096666666
agm003203782,16.048081827114835,8.342525516666667
agm003203783,16.026702139070853,8.305915173333334
agm003203826,12.308275696911297,-2.838763613333333
agm003203869,8.881880072703014,3.7456712383333333
agm003203881,11.434625203342646,5.1552713683333335
agm003203915,13.430260456295152,2.4945347816666668
agm003203933,16.476039439040637,7.1642928999999995
agm003203947,11.385171974601212,-3.505495918333333
agm003203958,12.001424366243015,-1.9877032033333333
agm003203970,13.33331603992248,-4.264556905
agm003203978,13.320037192090709,-4.7737370100000005
agm003203981,13.231355369922566,-4.4530311283333335
agm003203987,9.509585014015999,-0.97388478
agm003204024,12.6484719498872,-5.37447069
agm003204034,12.301564507029603,-3.7279576416666664
agm003204049,11.921931352131928,-3.6132664716666665
agm003204057,12.36508955626582,-4.480676248333333
agm003204073,18.011779209135888,7.39678165
agm003204088,12.011732661709273,-2.6666893516666668
agm003204097,12.545061313048125,-4.569788021666667
agm003204105,12.558613062169917,-5.12309546
agm003204116,12.729534374159043,-5.338779571666667
agm003204139,11.878535622923586,-1.8777180533333333
agm003204152,12.116497962471996,-3.928676263333333
agm003204179,13.93175923684732,2.1532348116666666
agm003204288,13.371949957633221,-3.482819625
agm003204325,7.02806938061897,0.5045583616666667
agm003204333,15.288048038603266,4.775886916666667
agm003204349,12.830149136272823,1.9774219116666665
agm003204377,15.55050285222248,2.8462179583333334
agm003204393,7.442806392478622,-2.566515921666667
agm003204411,10.347177621853664,5.160325395
agm003204440,11.231669938413859,-3.6379938016666666
agm003204447,10.506658600885595,0.32888628000000003
agm003204457,13.324597146059745,-1.0963754816666667
agm003204461,10.18429767624813,-4.71985748
agm003204464,10.202565115629307,-4.029936045
agm003204504,13.99004631180974,0.6653937866666667
agm003204574,12.165031484980558,5.12824044
agm003269273,10.750303155441733,-2.53881164
agm003269282,12.642555407992356,-0.9951436233333334
agm003269292,11.643144681874873,-0.017613114
agm003269558,8.601544552043082,-3.5153604233333335
agm003269567,13.181283149085598,-3.193924178
agm003269779,11.881822226588817,1.5316231625
agm003269933,14.660778967233064,0.7637430850000001
agm003270005,13.880619694071049,2.692869805
agm003270328,11.552650953112611,0.6584732583333334
agm003270449,12.322923803615536,2.523397751666667
agm003272036,10.887702762015179,3.499439855
agm003272431,13.435014035704926,-0.2914932
agm003272914,15.473187362932954,5.426880635
agm003273177,17.38269625029335,5.970225013333334
agm003273366,12.507307407091014,4.753618153333333
agm003273558,13.193118743401286,-1.1021237516666667
agm003273559,11.513621411219924,-5.04206514
agm003273566,13.296754329721177,-4.777896276666667
agm003273952,13.442755541598098,3.391926058333333
agm003274055,8.715903868069507,-2.9830745899999997
agm003274165,8.773061921813005,-1.328429065
agm003274200,8.718054671463857,-1.134362524
agm003277909,15.56896432754485,2.1275413850000002
agm003277918,14.319301878073976,-0.7328212599999999
agm003278376,16.03545512826362,2.9454524975
agm003278510,10.918669207683555,2.670904355
agm003283080,11.531576954285386,-1.8036518483333335
agm003283089,9.032271142542276,-2.97406194
agm003283187,15.692718338183987,3.9238311183333336
agm003283350,18.47156316308035,7.19836794
agm003283364,13.099438365925506,-2.07747437
agm003283530,12.433042693432224,4.0964210659999996
agm003283565,12.085145782539222,4.418593978
agm003283567,11.933960015996119,4.3613551180000005
agm003283572,12.833122738137458,4.7822661680000005
agm003284120,23.226503612618114,10.1734586
agm003285094,19.9173386676531,6.9704166716666665
agm003285335,15.644444865078391,6.259189616666667
agm003285387,11.293362181901294,-2.5727432666666665
agm003286800,16.802170569075898,5.731399494
agm003286817,15.41495930383412,5.720908952
agm003286854,17.43771275669681,5.610176046
agm003286876,16.95931292841607,5.5434632
agm003286877,17.205543934382348,5.641436624
agm003286891,16.814592364992166,5.4702656560000005
agm003286894,16.79603183617323,5.466568744
agm003286964,10.286284926337299,3.093403886
agm003286976,18.503009159810134,11.898836178
agm003287023,16.85564568408349,5.373029048
agm003287293,10.720236500503985,-0.39838642
agm003287798,14.952580375579009,2.616245808
agm003288006,11.934684198324117,-0.5984442480000001
agm003288066,13.616152244138991,2.6496950900000003
agm003293639,12.091927082247524,-0.6765713225
agm003293742,18.190507740069222,4.45789788
agm003293743,18.329733770330307,4.6521517125
agm003293826,13.360282056507723,-2.7599428875
agm003293905,16.728695296727995,4.816942065
agm003293960,12.71463240450869,-3.8173910175
agm003294113,10.480793482321792,-3.8435794125
agm003294514,10.761970663869887,4.080094273333333
agm003294539,15.132419882011016,4.036797298333333
agm003294563,17.09282336736745,7.235807731666667
agm003294671,16.61841647247901,5.34818112
agm003294685,16.834776052013215,5.497718375000001
agm003294693,16.36026873161495,5.328748541666667
agm003294694,16.533067447724235,5.367809933333334
agm003294957,18.4203186067739,3.5389998633333337
agm003295035,18.828436473462883,5.2942183966666665
agm003295190,14.15751153886864,2.1226316266666667
agm003295228,12.328923975632689,0.96303679
agm003295647,12.661999815260748,-1.4025326066666668
agm003295735,9.38942172300122,-2.3894190033333333
agm003295855,19.52756973380784,9.73875806
agm003295966,20.555038070959274,5.15287837
agm003296157,15.838855722480421,6.65582835
agm003297347,11.08698544279231,2.528252304
agm003297458,18.659371655194313,7.184777993999999
agm003297666,17.80034600510441,5.947629114
agm003297787,19.456235082687954,8.52688777
agm003297822,20.792407367120646,9.773026044
agm003297826,22.7550373352114,11.003299932000001
agm003297876,15.807722732965189,4.116940302
agm003298008,13.29850175830416,2.5820232699999996
agm003298156,17.579107316094685,5.257980486
agm003298282,18.62244953232038,3.43832139
agm003298293,16.41624583854894,3.399953918
agm003298298,14.958305486299242,4.172314399999999
agm003298407,13.107767296347959,5.561036125999999
agm003298440,16.250510742746275,8.46698526
agm003298585,16.683001822261268,4.011147498333333
agm003298719,18.18901088175009,3.2749993916666664
agm003298784,14.811840677365259,7.8075336250000005
agm003298924,8.13551021804774,3.6187203149999996
agm003298929,13.188311363654856,7.51447639
agm003298971,16.32681518294664,8.72314497
agm003299062,17.05911714884261,5.860652358333333
agm003299063,17.707928676083785,6.223087826666667
agm003299128,18.277146087720535,8.504145946666666
agm003299160,9.244838462404951,-3.0885899250000004
agm003299310,15.304533546824509,7.792199236666666
agm003386930,18.416543603934016,7.547236196
agm003387149,17.50317460170787,4.6336692919999996
agm003387266,17.711082990984192,4.71596813
agm003387325,13.728699945672336,3.080610322
agm003387545,15.938009083513233,4.862697182
agm003387821,13.900753233739508,5.0359300320000004
agm003387971,10.70404529602126,1.31048241
agm003388465,12.12647491599176,4.01828494
agm003388466,12.006319338156976,3.86028831
agm003388799,12.349823826581988,3.3093063460000005
agm003388923,15.237881055825659,6.632669097999999
agm003389113,18.473747318767572,6.454142944
agm003389435,18.24353182653423,6.09770593
agm003389460,17.64435870193466,5.800719112
agm003389473,17.296587323574332,5.6287198279999995
agm003389518,16.850528478794313,5.440697138
agm003389540,14.679696939743348,0.845104944
agm003389908,13.310738827388482,-0.844440824
agm003390159,14.689926949929168,3.247092974
agm003390209,11.008447804946256,-1.155602904
agm003390212,13.348368777117042,-1.756506522
agm003391113,15.641729948554097,-0.676584584
agm003392121,16.160092286417107,6.58378135
agm003392880,17.56914445709005,5.785431014
agm003394102,13.532036045028496,2.552165778
agm003394650,12.157187313354088,0.086729558
agm003395781,12.770069804545587,-1.885075046
agm003395811,14.37640349906375,3.22084193
agm003395941,14.152889548690116,4.106298926
agm003396172,14.302989439041161,3.283796002
agm003396353,13.316161148697464,2.554890134
agm003396488,13.34560506164847,2.447587218
agm003396549,13.643708785820413,1.014914598
agm003397256,12.631204236051918,5.283736392
agm003397369,16.38169116071713,6.439370823999999
agm003398650,14.553501021204676,5.093726611999999
agm003398670,14.04924213022017,6.250104628
agm003398671,13.374015120714711,3.6289276360000002
agm003398688,11.581334746863424,2.231777808
agm003399082,15.744125960957376,5.50249468
agm003399587,14.825499713395308,5.67423486
agm003399677,14.722522267995092,4.60034168
agm003399847,17.40815557170248,6.691704952
agm003399934,20.030068673724557,9.477723317999999
agm003400728,10.103435691212063,1.1351336440000002
agm003401019,13.05901001903855,-0.07512359199999999
agm003404793,15.02219413157014,4.577547858
agm003404824,14.534660943573817,3.423932034
agm003406540,18.23853859042942,7.5505773099999995
agm003407117,17.16165466233245,5.93439532
agm003407177,13.816327026797236,0.486461242
agm003407196,18.25696270936964,6.352423238
agm003407271,13.466832226203053,7.00168191
agm003407272,15.092231613881841,7.591236820000001
agm003407353,12.372863595210905,1.6358853100000001
agm003407402,14.653894203819657,0.6567926639999999
agm003407453,15.654814188346165,-0.68841895
agm003407462,17.311392044537293,0.717649346
agm003407498,16.238404299352986,0.848420588
agm003409592,16.74608666172448,5.330686928333333
agm003409647,15.887527217537512,5.684055726666667
agm003410047,14.857624453262689,6.059904798333334
agm003410099,16.99757616375029,5.7465845149999994
agm003410803,18.591844009874535,4.63448434
agm003410914,18.824341264994676,5.434011243333334
agm003411071,15.47608968903779,5.60950554
agm003411072,15.37836539921542,5.559827108333334
agm003411073,17.615703316261037,5.952257231666667
agm003411095,16.774477025494974,5.432795218333333
agm003411119,16.69369434995559,5.615923011666666
agm003411434,15.146282545910173,1.931038545
agm003411435,14.983774183506897,2.566702486666667
agm003411518,16.41042681644914,5.282413218333333
agm003411522,13.579488956994807,3.632585471666667
agm003411539,15.060202311230833,1.6932910033333333
agm003411564,13.626605578343638,2.866725263333333
agm003411647,14.821115806221423,2.7018786899999996
agm003411733,14.689354567879528,3.163064783333333
agm003412041,12.910259554375854,-0.9096319266666667
agm003412085,13.878416072043352,3.8187361650000002
agm003412102,13.536032207234244,2.46644719
agm003412166,14.176148652404928,6.202520628333333
agm003412172,16.997791347079346,6.974852633333334
agm003412183,15.2876803867727,6.017298293333333
agm003412275,14.119938662742243,5.632653168333333
agm003412325,16.995773869462813,6.928316209999999
agm003412331,14.932339203736213,5.418933298333333
agm003412348,15.41244255935942,6.220931445000001
agm003412402,14.492396999015476,4.817697728333333
agm003412613,13.12457456169358,4.164920628333333
agm003412623,12.923798187341397,4.046346408333333
agm003412636,16.481644028782597,4.789744421666667
agm003412657,14.602359877620406,3.559942833333333
agm003412800,15.190172533179629,4.116293521666667
agm003412967,14.997824335165554,5.713451076666666
agm003413000,15.060221802383708,3.745906385
agm003413004,16.78411852836239,5.030224976666667
agm003413034,15.520960018258926,3.8437715066666667
agm003413072,12.428883147791744,2.7159999433333333
agm003413260,15.664369280345221,6.639127473333333
agm003413272,15.124419312037915,4.997976091666667
agm003413372,16.85224593555534,4.655756366666666
agm003413414,15.0885978493759,3.2714330683333332
agm003413514,14.541766008847349,6.357710711666667
agm003413625,16.254861539448633,5.828935094999999
agm003413955,13.158485168468474,-3.3555320683333334
agm003414109,13.717711725484271,-0.3354547483333334
agm003414117,13.081162203881656,-4.279903381666666
agm003414290,11.339028019165575,3.4772037316666666
agm003414555,12.784978447995156,3.1979900016666662
agm003414757,12.37999074004483,3.9852703666666667
agm003414991,13.660175448149845,-4.191756178333333
agm003415039,17.909081773758796,6.19069252
agm003415115,16.729655506287454,5.631212698333333
agm003415724,13.369104244145916,0.3739489283333333
agm003415728,14.360532999006738,-2.0544936933333333
agm003415757,19.21364826409393,5.757580636666667
agm003415816,16.529383976297837,5.563873513333333
agm003415819,16.607516959810706,5.596848785
agm003415880,16.222969469169943,5.057380093333333
agm003415907,18.668617383663264,5.398768358333334
agm003415994,12.373737036832573,0.6338261749999999
agm003416039,13.328953667612126,0.53040353
agm003416317,15.118593740098165,2.397944845
agm003416401,12.2659243962864,-0.8239716383333334
agm003416639,13.540577627712652,2.1278576216666667
agm003416681,16.183260196431622,5.496001438333334
agm003416724,14.498010820561731,5.445394556666667
agm003416773,16.905734146801358,5.77535485
agm003417082,7.645567609498414,-1.017501285
agm003417715,13.59360390652953,4.734929211666667
agm003417739,15.702920390593404,5.690133703333333
agm003417774,19.314284021260004,8.01958439
agm003417835,16.98075305185019,5.621844406666667
agm003417946,18.10495986542952,5.7514561183333335
agm003417997,17.57398401165131,6.2173941316666665
agm003418103,18.198474013796588,4.369983256666667
agm003418112,16.778313533606326,1.8545907266666666
agm003418124,17.07810951418819,3.3674755849999998
agm003418475,19.06973956726748,6.112230443333334
agm003418485,19.455616809125896,5.879364708333333
agm003418514,17.320305018782026,4.637560215
agm003418654,17.24337511957177,6.340533953333334
agm003418661,18.313615234157442,7.2044476049999995
agm003418672,15.48940656314487,4.783311085
agm003418713,13.639000646704119,3.82494696
agm003418715,14.799551391476081,4.409908576666667
agm003418877,15.920787886559388,5.3849104683333335
agm003418896,16.57387305062877,6.318458311666666
agm003419124,15.416915014274116,-0.829644955
agm003419268,16.955676151992375,6.204395573333334
agm003419316,16.22244834490239,5.711223711666666
agm003419499,18.173792886011093,5.023542888333333
agm003419500,18.57254492530826,5.200818988333333
agm003419753,16.35548203098829,5.64124984
agm003419787,16.21601199809594,5.177671606666666
agm003419812,17.130758269409515,5.526271836666666
agm003419828,16.10799055033791,5.00579053
agm003419829,16.45641266700237,5.18074292
agm003420075,13.209085405846293,3.383521633333333
agm003420140,16.178126586510633,6.088208295
agm003420162,15.14164102974744,4.594184794999999
agm003420217,15.050638284545641,4.0449824366666665
agm003420288,15.989845994047117,3.9038732966666667
agm003420344,15.038371055981644,2.4351140633333332
agm003420386,17.390663520649227,6.766012503333333
agm003420389,17.760530736049514,6.974277048333334
agm003420424,15.901041269534879,6.077471888333334
agm003420441,16.293121325929253,6.24176163
agm003420447,16.737806137032965,6.380019978333333
agm003420448,16.67841208971903,6.352439489999999
agm003420553,17.735433483478086,6.987053211666667
agm003420777,11.342155114964319,1.4026811833333335
agm003420849,15.024488880360513,-1.4721134433333332
agm003421030,14.170629339019412,3.59177796
agm003421148,17.949803228981057,7.851537335
agm003421173,12.153824888285378,3.171545905
agm003421460,18.831552795986813,6.7523141550000005
agm003421936,15.24031240186794,1.7491222083333333
agm003421955,15.145592624930591,1.9918359616666665
agm003422074,14.644058057434968,3.9820296899999996
agm003422083,14.910551098366325,4.019472938333333
agm003422160,15.88061358128364,5.507522046666666
agm003422325,16.3249615262776,5.898963788333333
agm003422341,15.561393258016539,5.54768684
agm003422403,12.310437102275587,3.046658998333333
agm003422744,15.667509516430881,4.886945801666667
agm003422973,15.7437576132918,5.345482043333334
agm003423323,15.869181980007886,2.9816203766666667
agm003423326,15.209671206152983,2.4858858649999998
agm003423530,15.834500695744387,5.768366441666667
agm003423532,15.997034095920414,5.858322691666667
agm003423556,15.665309507142778,5.695446925
agm003423564,14.832470290964467,2.157701923333333
agm003424457,14.35465428734286,5.35132102
agm003424469,13.088424580874674,4.1124192850000005
agm003424667,18.497323545042434,4.8150507933333335
agm003425374,15.621363388067586,5.299829861666667
agm003429030,15.624526836114123,2.9434043833333337
agm003429160,14.616492690326874,0.9673028033333333
agm003429178,18.819739128003025,4.746036455
agm003429202,18.22854305477461,4.565262046666667
agm003429263,17.85314487488962,4.241802623333333
agm003429286,17.79674794221969,4.512740953333333
agm003429318,16.272734675546836,2.8668847016666668
agm003429324,16.439804179678664,3.0436874133333336
agm003429357,15.334591793866833,2.367142935
agm003429460,16.376762615581253,0.07745028333333333
agm003429491,12.537008082380845,4.7766567
agm003429505,14.771642754770118,-0.24748664499999998
agm003429538,12.584225842021256,-0.37849120166666667
agm003429542,16.44847656500772,2.48854971
agm003429545,16.966479620341104,2.794494906666667
agm003429618,14.334520339151874,-1.5207280933333334
agm003429652,16.094073826839136,1.90060666
agm003429728,18.364611096283227,6.022058861666667
agm003429730,19.086754826596085,6.809760251666667
agm003429741,18.025070284506572,5.8596524316666665
agm003429786,18.62297044587621,3.7711417033333334
agm003429839,17.391512945374206,3.508996623333333
agm003429904,18.80376389827796,5.316680728333333
agm003429935,17.637761359507614,4.784122373333333
agm003429943,19.555794654477502,4.749708018333333
agm003429955,18.088865380813182,4.814250901666667
agm003430049,19.200969702187738,5.8515451983333335
agm003430052,19.22976674700436,5.629652275000001
agm003430154,9.459722063346154,2.7862336733333333
agm003430159,13.187333108607726,2.359919285
agm003431080,20.73498104736062,8.586970543333333
agm003431683,13.681739154084049,0.11530364166666666
agm003432245,11.287170755882594,-3.0876393883333333
agm003433895,12.571877189105264,1.9046257283333334
agm003433918,14.049569261466786,0.21317625666666665
agm003433924,14.046094408464436,0.215807145
agm003433933,14.228325116207841,0.3389835683333333
agm003433989,15.014048741526794,1.0723788733333333
agm003434026,15.51610011248854,5.716456326666666
agm003434028,14.620517795158138,5.312094415
agm003434052,15.007640136612068,5.631907255000001
agm003434093,15.80245379824263,5.945066466666667
agm003434095,15.874660715113352,5.979679255
agm003434097,17.525136474643105,7.007419986666666
agm003434145,14.982890481907523,4.324994855
agm003434154,13.316928178457088,3.3012333233333333
agm003434157,14.575785222556009,4.530901745
agm003434198,14.159286635880903,4.444578295
agm003434223,15.444421199914915,4.781652833333333
agm003434228,15.566425838199512,2.711058303333333
agm003434233,15.629684513435235,4.688886478333333
agm003434241,15.900649656854776,5.567662763333334
agm003434250,15.46257521455964,5.1047858533333335
agm003434263,14.9176287573301,4.462662663333333
agm003434309,14.98546016132003,4.1345233383333335
agm003434331,15.955950398432202,5.187137018333334
agm003434348,14.758898432983422,4.976799955
agm003434350,14.858416687168571,5.030833996666667
agm003434378,13.234216959035201,5.587087376666666
agm003434383,13.700892950804475,4.141487225
agm003434409,14.171810815052384,4.763073445
agm003434444,13.773213101048862,4.515081664999999
agm003434454,14.254702184194889,4.805279233333334
agm003434455,14.514552913611212,4.946134078333333
agm003434457,14.473195597463176,4.924163438333333
agm003434495,15.696802020900071,3.7245386583333335
agm003434541,14.772728405261248,6.75983895
agm003434585,14.59806550812396,4.920925945
agm003434589,14.195232338509436,6.169414213333333
agm003434591,14.555736970170146,6.272746056666667
agm003434597,13.940977711161608,1.4586644866666667
agm003434619,15.478748981578386,1.7013650016666666
agm003434624,14.244390296552261,0.7825003666666667
agm003434645,16.69674464814198,4.904158968333333
agm003434695,18.070915979360574,7.29682752
agm003434713,16.11186171265472,5.963468898333333
agm003434719,16.855152188014852,6.111005381666666
agm003434755,13.372536351421495,0.7787973300000001
agm003435647,14.531112341920041,0.059658361666666666
agm003435683,15.60812366119363,-0.942950815
agm003435758,12.451936103993303,-2.34969737
agm003435813,9.87223405782846,-1.59532732
agm003435889,12.619461736078447,-4.347234136666667
agm003435922,11.185691044441926,-2.9327368616666667
agm003435967,12.495250856989962,-1.9741469133333334
agm003435970,11.290054391815042,-2.5720244666666665
agm003435985,12.250025533819453,-4.173825926666667
agm003436005,10.868704724872087,-3.5103820033333335
agm003436017,11.589496184586539,-4.011568116666667
agm003436059,11.429471642898484,1.3309392766666666
agm003436070,13.630577860630305,1.6726462083333333
agm003436109,10.960576466281273,1.1882469016666668
agm003436117,13.908906854284671,0.8805524766666667
agm003436160,10.700843262654423,-2.0500504333333334
agm003436188,11.315724951329095,-0.6192165683333334
agm003436206,15.911382292369197,3.246771783333333
agm003436238,12.903980891639577,-1.1282811766666667
agm003436239,12.958621229689939,-1.1012338099999999
agm003436293,10.474357682818,-3.305667535
agm003436316,13.81903131838979,-2.0512080533333332
agm003436339,12.87483705431908,0.5012049
agm003436358,14.877406641706282,1.7939147633333334
agm003436359,13.684237082649517,-2.7095548333333332
agm003436363,13.720857488634964,-2.238489305
agm003436411,17.593693668389434,7.041378798333334
agm003436419,16.303889915512855,5.169528391666667
agm003436452,13.465926289706596,2.590405375
agm003436490,14.923945443699623,3.8586289
agm003436510,13.19338956291425,3.3861507349999997
agm003436512,14.841860439322017,4.103431201666667
agm003436523,14.817764100807118,3.99655368
agm003436526,14.384280724450797,4.2740209516666665
agm003436534,14.708308604724406,3.9697684483333333
agm003436554,16.113018044390564,3.37395354
agm003436561,14.83664350821575,-0.28139438499999997
agm003436565,13.720652289937526,3.3940292233333333
agm003436600,14.800698326869684,1.978472215
agm003436670,16.224113935577606,5.409278231666666
agm003436703,13.968324095008406,4.45359432
agm003436704,14.78656978328935,6.154996361666666
agm003436751,14.139238588050773,3.01769534
agm003436763,17.053863443409426,5.928288555000001
agm003436787,15.210040894599096,5.783751605
agm003436795,14.407212992500517,5.370979173333333
agm003436835,15.254528027349593,4.542414193333333
agm003436841,15.125416244714105,5.271854395
agm003436872,14.391468442309538,7.056451758333334
agm003436873,14.943371657576563,7.103532295
agm003436893,16.994497685038937,8.206553314999999
agm003436898,16.798606811128227,6.094533623333334
agm003436908,16.621909389668744,8.671319958333333
agm003436947,15.036122691616645,6.429454623333334
agm003436966,16.09531931394879,5.583215696666667
agm003436982,17.36858356182098,6.761139663333334
agm003437032,15.393565630753033,5.176131111666667
agm003437036,15.585139189489544,5.261756395
agm003437045,16.2544056004362,5.758525661666667
agm003437065,12.139301042525744,3.76480578
agm003437097,12.442573527867943,1.5395109233333333
agm003437125,9.591347428794897,0.5410614816666667
agm003437136,14.435198735730621,3.7442140150000003
agm003437157,9.701676406015485,1.50369
agm003437160,14.591934677874711,4.113720226666667
agm003437175,14.776564888839246,3.642932136666667
agm003437182,11.669457371774849,-1.3705363116666665
agm003437184,13.620547441336214,1.8603680349999998
agm003437211,12.88732200915184,2.26576578
agm003437237,7.040544149351764,-1.50896731
agm003437278,12.125932359054879,-1.9255795266666667
agm003437319,13.560129056088122,3.0185468766666665
agm003437334,14.151339576877026,3.5810492833333334
agm003437353,13.417120524582844,3.1013081816666666
agm003437360,13.358393523949816,3.08337416
agm003437375,13.233054945858457,2.7384476049999997
agm003437378,13.46252568015204,2.9293111683333333
agm003437414,10.532217212777054,2.4039868016666666
agm003437417,13.482849416787372,2.3912665483333333
agm003437474,15.60380362438282,2.26992358
agm003437517,14.8516721632339,3.90636448
agm003437627,16.317242429770264,7.936034598333333
agm003437638,15.365180357453992,5.201010426666667
agm003437676,14.583465984074886,3.9286682266666664
agm003437717,15.229019157969574,4.638220951666667
agm003437730,15.604344178412694,4.843380175
agm003437744,18.608560572126585,6.910049923333333
agm003437752,15.310497970372793,4.432343258333334
agm003437798,13.359442116641498,3.419987125
agm003437834,13.737686040678613,0.9583972183333334
agm003437842,9.145009321694209,-1.0382007
agm003437868,13.420613467464788,5.664258833333334
agm003437873,15.592423050454377,4.7928786683333335
agm003437884,15.221299638079474,3.7063476516666665
agm003437911,11.351071932348212,-1.1180093633333332
agm003437913,16.5075337605855,7.834845291666666
agm003437923,12.707881214163988,0.2509534233333333
agm003437925,12.92700383292995,2.7842599383333333
agm003437927,13.32718317270402,2.5267293433333333
agm003438002,16.216865322463846,4.875125046666667
agm003438035,16.35559826325734,5.061450845
agm003438053,13.778280347530126,5.626235988333334
agm003438055,15.9777720426053,5.232664326666667
agm003438096,12.528791385302332,2.187790965
agm003438120,12.631225837182962,3.3276526700000004
agm003438152,14.886473685806415,4.2433509266666665
agm003438165,13.889763961537197,6.6490827050000005
agm003438169,16.23817526543665,8.170831478333334
agm003438227,14.973067175660463,7.591989705
agm003438293,16.886261540798746,6.507088005
agm003438354,15.011916633830895,5.08232394
agm003438375,14.682858506004559,4.879946421666667
agm003438377,13.610525166132474,4.355494726666667
agm003438416,13.600511872813312,1.86574971
agm003438426,15.302177139715532,3.2289127516666665
agm003438483,14.339600354092717,-2.6290745566666667
agm003438492,15.81673289270654,4.1684740216666665
agm003438510,15.282993721711014,5.401241423333333
agm003438511,16.271226162409896,5.070262491666667
agm003438513,16.968471753792677,6.183740183333334
agm003438519,15.921252563028673,4.172201723333333
agm003438520,16.26696521975052,3.878917501666667
agm003438540,14.828040049772214,0.6876441583333334
agm003438551,17.843641883486484,6.370001111666666
agm003438570,15.79113148639326,4.117120766666667
agm003438577,15.697991530931441,2.5650847366666665
agm003438590,16.94254822433827,4.6316891133333336
agm003438595,15.066832551379278,2.2273345166666667
agm003438606,16.564327481682017,4.0719539933333335
agm003438613,15.08354705670161,0.7403184466666667
agm003438622,13.980134725124906,7.654842388333333
agm003438640,14.759792707047707,2.062590525
agm003438642,10.637008155512016,-0.58304439
agm003438667,13.661305668214089,5.1339426
agm003438699,12.717378109940801,6.315178688333333
agm003438736,11.946402058760953,-2.43303154
agm003438759,10.918262698045522,-1.2056408816666666
agm003438781,14.561182684550877,-1.7321115183333333
agm003438788,18.00383681306441,8.854192355
agm003438841,16.33880799433995,4.7029537066666665
agm003438845,15.568100065325167,2.85477285
agm003438852,13.322085373950953,1.3913833416666668
agm003438873,12.760284218664992,2.2487674966666664
agm003438929,13.540375671800218,-0.5935308283333333
agm003438936,15.45704594291687,3.9639872583333333
agm003438952,11.418044868381463,-0.5465782783333334
agm003438972,15.361836142730406,5.101651856666667
agm003439001,11.900226729352937,-4.868431066666667
agm003439039,11.643791275004093,-4.615727168333334
agm003439040,13.661124812866914,-5.368600101666666
agm003439073,15.581297977443334,5.661816951666666
agm003439087,18.4384853753147,5.217537143333334
agm003439175,17.796092572994183,5.593928183333333
agm003439257,14.517136725465704,2.6982737416666667
agm003439279,14.607326713041239,2.1694050216666665
agm003439294,7.604474580689423,-2.67937542
agm003439321,13.398167258363975,-3.7850009
agm003439331,13.075525953467475,-3.9156996616666664
agm003439335,12.455791289911831,1.20917025
agm003439412,15.295129775001271,5.319596585
agm003439452,15.162501167417874,5.458732406666667
agm003439455,14.995208462773126,5.738036381666666
agm003439468,15.951447132055186,6.108194141666666
agm003439502,15.145834667211425,5.821929296666667
agm003439518,16.303332843145594,6.8314031733333325
agm003439523,16.340223781027397,6.8478626233333335
agm003439529,14.223485078562675,5.170822045
agm003439531,14.611805299949992,5.381931785
agm003439544,15.389261985783202,5.531930890000001
agm003439571,10.221368551112345,-1.120563555
agm003439572,9.236064385374581,-2.9332264066666665
agm003439605,14.009079957289936,1.3029800866666668
agm003439611,13.926557408891336,-0.7412923616666666
agm003439636,14.530056325321588,-2.006130901666667
agm003439643,11.984630863935552,-3.1620141383333333
agm003439689,16.03533759779737,5.952342730000001
agm003439711,19.46740478870044,7.932625496666667
agm003439713,17.146997479327574,5.96751144
agm003439754,12.855864676399172,-2.11193878
agm003439758,13.726817613837285,-3.7318272500000003
agm003439780,12.084434524148831,-1.5414201416666666
agm003439797,13.549077897009752,-2.4100058433333333
agm003439799,13.085493516145648,-3.4243256
agm003439802,13.751907780518417,-1.4852297716666667
agm003439822,17.34458376106458,8.769072603333333
agm003439826,16.87054316520414,7.874985068333333
agm003439832,16.195578743454938,6.861342891666666
agm003439834,16.33967510879431,6.929560296666666
agm003439873,15.333674530658913,2.2423044516666666
agm003439917,17.740892397967233,7.658296023333333
agm003439939,16.454863645261536,4.792414005
agm003439962,15.816536855217214,2.9610241583333337
agm003439971,15.846906722380242,2.9695416616666663
agm003439981,15.899509123463153,3.0038115466666664
agm003439989,17.419980672951443,5.9678653299999995
agm003597576,15.22145621159366,6.7176869366666665
agm003597671,18.338055194610956,4.627902986666666
agm003597762,17.69609611067069,4.887026486666667
agm003597944,15.250547807512207,9.188181953333332
agm003597952,18.57881269069581,6.741358003333333
agm003598041,17.98659912422475,6.6841729433333334
agm003598072,12.09636559206785,3.2171289583333333
agm003598411,18.80065859235445,4.895234641666667
agm003598451,7.024218932342667,-3.58017266
agm003598736,16.420266124634676,5.510733093333333
agm003598978,12.01661816734351,4.562515025
agm003599058,11.58060392804834,2.21426497
agm003599079,17.309348708013435,4.4915844
agm003599324,12.723212550409949,-1.2943726716666666
agm003599411,15.238045731300025,3.7076815416666666
agm003599430,17.354495705355802,5.717114836666667
agm003599634,18.725472724260094,5.074039106666667
agm003599686,14.25441003025698,1.6866714616666665
agm003599856,19.675413061780965,6.938897261666667
agm003600117,16.84988342239102,7.496201865
agm003600197,13.33290443472503,4.853007351666666
agm003600347,16.399245910297775,6.072595208333333
agm003600360,14.18943341996278,4.7617064933333335
agm003600581,13.073021982780647,4.4842152933333335
agm003600603,13.50831927747119,1.6195645716666667
agm003600734,17.246498521186403,5.282355463333333
agm003600834,16.81961822719059,2.619696205
agm003600851,12.129654789444833,2.59696173
agm003601037,15.12213813863732,0.8988236366666666
agm003601364,17.65954550284615,4.800832811666667
agm003601575,17.64679102227748,5.035319716666667
agm003601673,16.955875403870806,3.7874151183333336
agm003601760,15.188484982149618,2.175935481666667
agm003601785,13.95791603723035,1.5477296333333335
agm003601817,14.306536720365132,3.8167334700000004
agm003601982,15.958552873590277,7.585729818333333
agm003601997,16.145475121898123,7.502334350000001
agm003602037,18.87266289186636,8.124206193333334
agm003602120,14.819958734463468,2.590186753333333
agm003602131,15.57949324141635,4.71133146
agm003602163,17.701431541559,7.7154233066666675
agm003602176,16.58603775643057,4.808136878333333
agm003602307,16.116698931712772,5.956744661666666
agm003602403,16.20797332505961,4.83293086
agm003602496,16.970848854615287,2.1845881433333334
agm003602504,9.859132552260442,1.4206270333333333
agm003602542,14.239157137279298,6.6135810216666675
agm003603153,17.052783403021333,5.382721449999999
agm003603299,13.780070284533737,2.1214014249999997
agm003603333,14.8747450956213,4.6201732
agm003603454,15.086343890871786,4.999899016666666
agm003603459,9.488783074497459,1.7882568883333334
agm003603616,12.063229384652397,3.1273483216666667
agm003603627,18.1372419837304,8.471362225
agm003603781,10.017024397181634,-0.828977525
agm003604308,14.60400067978218,2.4601914283333333
agm003604337,17.03735408165674,2.6863665933333336
agm003604689,12.673731896187084,-1.1599651233333332
agm003604700,12.415466859455991,-0.07786791
agm003604955,16.133589346890787,7.140929005
agm003604974,16.01917303513661,4.503595633333333
agm003605123,17.731087240751265,5.306528893333334
agm003605170,15.67603920461434,4.204060188333333
agm003605234,16.849962588879173,4.967042591666667
agm003605400,7.957138753625304,-2.81601581
agm003605486,19.443881852109268,8.44169952
agm003605751,13.777464788409148,-1.9224994433333331
agm003605771,14.510522987936247,2.570795646666667
agm003605947,13.51033456576475,3.7643903966666667
agm003605953,14.851853540290804,7.0734277316666665
agm003606023,17.34577761211289,5.610605638333333
agm003606036,20.871923489627726,9.590271776666667
agm003606155,15.32319045156791,5.035291726666666
agm003606181,15.364473144795136,3.2141889083333335
agm003606217,16.483594065096437,7.327795393333333
agm003606270,16.210667154789835,1.4399291766666666
agm003606290,10.263451568131364,-1.929745395
agm003606514,18.660358943620675,5.226774013333333
agm003606651,11.380255768988631,0.6292577566666667
agm003606654,14.796139820721907,-0.8237419233333334
agm003606726,8.148230784369675,-1.0786495633333333
agm003606819,19.05897883226876,6.347264711666667
agm003606825,14.485420155810829,1.4495632216666667
agm003606827,19.54070695593891,6.5558751033333325
agm003606930,20.26020121132527,8.131852393333334
agm003607006,10.590059571762614,2.81029598
agm003607211,14.417251435035027,-1.0717850816666668
agm003607280,11.934572879474326,4.301331883333334
agm003607386,12.567847413989691,3.706191261666667
agm003607399,15.669237382065242,6.404787731666667
agm003607411,12.869340834248606,4.871945443333334
agm003607463,13.552028548894041,0.15757616
agm003607573,9.509053949194726,-2.2546466666666665
agm003607604,15.298283190905897,2.6546393
agm003607640,17.88686956453481,7.66437946
agm003607653,9.670151637180352,2.310339406666667
agm003608020,15.00730005369713,3.591702343333333
agm003608031,12.405177223703129,2.6168525566666667
agm003608215,14.019804546551695,4.530715303333333
agm003608326,14.758484837865305,2.7279780799999997
agm003608355,18.211912902743993,5.10850809
agm003608452,16.87740417460503,4.134238013333333
agm003608453,16.326398756679353,3.2615430433333334
agm003608569,13.369488231713396,-0.7851163483333333
agm003608646,12.670998260701417,1.1058708633333334
agm003608723,14.043331306187335,-0.42595896333333333
agm003608732,16.714390304503024,3.913611235
agm003608752,16.731501213046727,3.4638922099999996
agm003608987,17.411232393384235,4.749607025
agm003609013,17.389841701140686,8.311040486666666
agm003609059,15.542251956857932,5.395506765
agm003609083,15.526522351540187,4.4741786716666665
agm003609100,14.558776655797999,4.814554145
agm003609129,15.644344280929518,3.8004585233333334
agm003609172,16.301239054753463,7.594128046666667
agm003609182,7.728735401001436,-0.2323249066666667
agm003609206,17.97908945695836,4.903638673333334
agm003609230,15.336992125443901,2.8895557000000003
agm003609347,6.90818135561113,0.0880943
agm003609362,18.222396020300355,5.9466169650000005
agm003609552,14.291347191739435,1.4030876783333335
agm003609725,16.45902930069079,5.457209641666666
agm003609738,11.994204857019298,3.0491057683333334
agm003610064,14.098548165202295,3.462642333333333
agm003610090,14.061141240404416,4.226815888333333
agm003610167,13.96226907976086,4.653653646666666
agm003610214,17.97312871342821,6.359921225
agm003610383,16.959134798640303,0.72018023
agm003610462,16.653290911894658,6.813030931666667
agm003610469,9.822451685529963,-1.5879848133333334
agm003610490,13.332636197995333,0.7963018399999999
agm003610544,15.400190222837713,3.5350377566666666
agm003610789,14.613426389984033,4.198109745
agm003610847,12.372688648220658,3.3688984016666663
agm003610871,12.419553690670236,2.803600346666667
agm003611211,17.538280365847815,5.096462663333333
agm003611328,9.09259029476137,-0.8879253383333333
agm003611451,18.31892742382097,4.05530563
agm003611469,15.24113367849818,7.2247037233333335
agm003611609,14.607953339102055,-1.7499028799999998
agm003611676,15.33892825478493,6.36425774
agm003611991,13.941565942870566,3.1413367175
agm003612127,16.22448659243132,6.78410674
agm003612227,15.989306777885437,4.13945907
agm003612385,11.797166758864455,4.82579521
agm003612737,8.585682835032951,-0.8712476775
agm003612959,9.188411227343215,2.1133050875
agm003613000,12.074241699870644,3.667034615
agm003613186,16.56287470636963,5.23107224
agm003613262,16.703244121896446,5.4134802925
agm003613382,17.192487558589978,5.643200415
agm003613817,15.535124813021282,4.0553041125
agm003613836,16.16118663719096,-0.964854
agm003613927,13.456685144872969,3.639274185
agm003613938,15.40389297020789,3.7910110475
agm003614060,18.440381186365116,4.9249524375
agm003614085,17.661519560741066,5.00923326
agm003614136,9.815045032281477,-5.5375559475
agm003614299,18.473505622358143,5.2973994625
agm003614450,19.4530546659354,5.9340111975
agm003614481,18.812247340694537,5.6726082075
agm003614582,18.449022814684756,5.251624805
agm003614584,18.734050042145043,5.49986547
agm003614619,14.688614760431847,2.1626594775
agm003614635,14.208678700769342,2.949854045
agm003614646,17.161842220236398,4.74222742
agm003614657,18.253618479157545,7.7818337675
agm003614659,17.095803588108907,6.519324875
agm003614661,16.93448627115478,6.4406573275
agm003615495,16.12720966807008,7.0777056775
agm003615622,17.93411189731998,6.6071425
agm003615652,17.330332869143565,3.84897015
agm003615697,16.25833029611034,3.0681529325
agm003615735,16.168923166055794,2.3661722275
agm003615748,17.589570472019133,4.2360243975
agm003615759,15.67195730439646,1.30070727
agm003615965,16.963737635662522,3.492928885
agm003616088,15.070015345918579,2.5512047225
agm003616101,16.397636009685474,3.560251095
agm003616112,15.53192232152508,2.0261253325
agm003616121,15.434371686136398,-0.2906250675
agm003616131,15.21710480860146,1.8487675125
agm003616164,15.227316994834178,1.8580277875
agm003616168,14.84455228013984,1.65601844
agm003616258,17.91548199735839,5.47128069
agm003616273,18.59774699796592,5.3571625625
agm003616302,18.350310341991886,6.3584113575
agm003616355,15.026369035458577,2.670988185
agm003616364,14.901668247848807,1.7594399325
agm003616418,16.497049959312946,3.0442564725
agm003616447,16.817332695722634,2.861457305
agm003616450,16.52733649512489,3.0657543375
agm003616503,14.049955886387812,0.7853197125
agm003616512,17.083163752044786,2.1587009875
agm003616513,17.0522975766279,4.4796173375
agm003616526,15.33097507625126,2.751223465
agm003616555,17.79541052679641,4.7945078
agm003616571,18.386048858288746,4.814124445
agm003616574,17.936584831451093,4.8749356125
agm003616586,16.815514311204836,2.0452026075
agm003616612,18.251288195673897,4.279324455
agm003616614,17.854668327753878,4.5424565575
agm003616622,15.965218570581845,6.613885105
agm003616634,16.627799727534672,3.747910845
agm003616638,14.147303880209954,-2.410984495
agm003616701,17.072071076976904,2.284461995
agm003617190,14.683565221790182,2.47502914
agm003617414,12.384251728403092,1.1047466325
agm003617626,13.923128124145064,3.4128058225
agm003617946,14.631388032768102,4.0399052525
agm003617960,14.675942987947796,4.0765928325
agm003618181,12.952713526442333,2.269725875
agm003618386,15.998820638230358,4.969197625
agm003618391,16.227848677275244,5.0595241575
agm003618795,12.312137809859344,4.546355385
agm003619380,14.213664378350892,6.2274238425
agm003619544,16.79782332691637,3.390274125
agm003620488,16.533026496183666,4.9551781225
agm003624031,15.121568268510638,1.794087425
agm003624604,13.633363634086447,3.0097051425
agm003624949,13.92072697591934,-4.162593795
agm003625363,13.952393319627788,0.243133255
agm003625596,15.484240992809829,5.0283368175
agm003625623,16.180251412512487,8.588686765
agm003625654,11.225582633032626,4.25324671
agm003625681,15.982801352108435,7.30012913
agm003625718,17.27005193129651,7.6085615575
agm003626092,16.031765832141435,3.5205705925
agm003626093,16.977030225683357,4.1987804175
agm003626409,13.762003506872077,3.3172208475
agm003626534,12.740855184523282,1.2614078675
agm003626586,13.303378539927694,4.8509810575
agm003626596,12.483543101049818,0.7913701525
agm003626685,16.32649123882293,4.53686447
agm003626700,17.0683361952555,4.8946044825
agm003626832,15.28399192165127,2.7134622
agm003626833,15.244590940574145,2.67774296
agm003626927,13.946554411443724,-1.2778689925
agm003627261,17.34130894297356,3.1954128425
agm003627348,12.7546227227467,-0.1528964475
agm003627486,16.256819877994356,6.2615498125
agm003627580,12.903689191368818,1.1206107125
agm003627982,16.480452547606415,6.2315082975
agm003628011,17.504862988972665,0.294414325
agm003628084,15.073138253322114,2.82863686
agm003628364,13.503425147211525,1.7050031775
agm003629859,14.721975552431795,2.8522510475
agm003629868,14.286422377055274,0.640879925
agm003629887,15.205464737169805,-0.80103309
agm003629904,16.37169612707703,3.6258912775
agm003629925,15.745809686363476,2.1928234125
agm003629933,15.15734116770076,1.6308733575
agm003630011,14.574239508569184,2.45932853
agm003630174,14.063330203169347,4.6681524375
agm003630188,12.197400865245655,0.678458035
agm003630204,12.549384142952333,0.23460112
agm003630205,12.620366067146431,0.26460528
agm003630277,16.792085109583745,4.092010645
agm003630355,15.909160279525919,2.546071805
agm003630390,13.367367634775817,1.4598302625
agm003630391,13.657711946222733,1.653591265
agm003630452,17.672876446485695,6.0856448875
agm003631616,13.258230712247919,-2.17214304
agm003631667,16.319831009403735,4.389559635
agm003633112,13.43185839489276,-1.8300731025
agm003633255,13.441846213767166,-4.8773553425
agm003633698,16.656020143226662,5.271852985
agm003634111,15.422698328441468,3.234078595
agm003634659,14.8665274409114,4.5329454875
agm003635168,16.427442652196742,3.721930235
agm003635677,13.982580030483769,-3.4951266075
agm003636413,14.290678742917681,1.8588270675
agm003636744,15.570079316738491,2.6732942725
agm003636845,14.893953467233837,1.84285908
agm003636869,16.935094417976423,3.7727852475
agm003636984,20.11680797287444,9.8579864525
agm003637747,16.355347917571766,1.975913325
agm003711950,14.076945242631897,2.90150311
agm003711959,12.522126398858683,4.03628185
agm003712480,13.319178716489626,3.2313218939999997
agm003715837,12.843979089662682,1.011750786
agm003719819,9.588826042945417,4.360958774
agm003719849,12.085393891600175,4.69419549
agm003719877,10.806255918904975,4.285173218
agm003719981,15.643162168860034,6.428686484000001
agm003720872,12.282235758130511,4.066937978
agm003721150,15.350737842296578,5.359380444
agm003733914,15.235637979316152,6.015197511666667
agm003734798,8.605274063492272,3.3561452299999996
agm003735654,5.913308647558054,-1.6096424516666668
agm003736676,15.96126290759531,6.948878883333333
agm003737973,17.23929523197808,5.643808203333333
agm003737993,17.310383057525282,5.67561951
agm003738655,8.60684592727882,1.8679480133333335
agm003739979,12.755201569199919,2.6096812516666668
agm003740506,15.196493253826254,3.7559529683333337
agm003740605,15.863966111249246,4.045615063333334
agm003740895,8.101007787755092,1.36526103
agm003741569,15.536092513476072,3.481216045
agm003741571,15.370022029857038,3.371208298333333
agm003741621,14.079737905050324,5.773482065
agm003741868,14.426305695491743,4.820089863333333
agm003742044,16.36061425495995,4.35996972
agm003742311,15.671884627882832,7.051903996666667
agm003742316,17.885353337441916,8.44343497
agm003742480,13.217927719827069,2.5714815233333335
agm003742573,13.683831035359889,2.6754570033333334
agm003742583,12.233014643103402,0.8732713933333334
agm003742654,13.488683243164154,1.4863618066666666
agm003742817,16.785789298100845,6.580745013333334
agm003749449,15.382806089569753,5.121431068333333
agm003749944,15.492450428562394,6.220064505
agm003750183,13.821129518748174,-5.289855670000001
agm003750318,16.708535146347213,5.916751945000001
agm003750492,17.06586184475,7.183836315
agm003750771,19.107326327074713,7.442818313333333
agm003751032,15.688601678292782,6.000061128333333
agm003751158,14.403179604351491,5.889846954999999
agm003751187,14.814692589369008,6.486879058333333
agm003751514,14.563160597952667,4.187277491666666
agm003751772,16.269402240527455,3.0069419216666664
agm003755635,13.689820556029614,3.2663620133333335
agm003755654,15.904139729590206,3.3901678483333337
agm003848744,15.367279974655668,5.397239115
agm003922680,11.148495475230174,-1.340908695
agm004017393,12.337077135652498,1.9779919075
agm004043699,15.904246233059471,5.9055793925
agm004063661,10.279611676107654,-0.9985850075
agm004081835,15.27606360733521,7.089547875
agm004095660,9.925665779063403,-3.70881553
agm004098850,9.921175142127305,-3.6514226725
agm004107857,11.322199562222906,1.3923734825
agm004111069,10.780104344941511,-2.80442339
agm004115413,11.132753099212307,-2.3689333425
agm004125178,10.487412976484475,-2.8952552725
agm004141992,10.083051762027583,-1.735754315
agm004145031,8.994162058599738,-3.2964167733333336
agm004158696,16.708475843920514,7.2458932925
agm004164736,10.08759756254083,-4.4944507475
agm004171858,17.310549588330318,8.6382734025
agm004177081,12.331972210183785,-0.661556295
agm004230125,11.43735442561384,-2.45312898
agm004234112,11.20554288391513,-1.83004672
agm004258749,13.903514636838935,3.0674218125
agm004316581,18.42270694591192,7.410775613333333
agm004326454,13.366404076638016,-5.5120106875
agm004333120,11.156322140604113,-1.4242771575
agm004408849,14.524577307630015,5.7523712525
agm004421625,13.88664308815422,3.8576261225
agm004442358,9.815205519408766,1.5804493166666667
agm004442524,16.9320071867263,10.48807
agm004458931,19.254670788886514,7.103551465
agm004464908,7.402843147417553,2.96488668
agm004742296,13.505486864721838,1.8095469050000001
agm004742319,13.771471241450953,1.6879654466666667
agm004742342,12.844465206884129,1.6097861316666666
agm004742355,10.877771942848867,2.2076466949999998
agm004742409,12.884164191889278,2.877679778333333
agm004742456,13.438539039985832,2.437733451666667
agm004742654,12.237305374467669,3.547435681666667
agm004742678,14.387029102459763,4.042802435
agm004742720,11.152539966507161,2.62224143
agm004742724,12.191542483805904,2.6573574766666668
agm004742747,12.01107610800526,3.2738343383333333
agm004742749,11.775642799000565,3.101042141666667
agm004742752,13.542566631418653,4.223558833333334
agm004742761,12.832790414270567,3.0743597383333334
agm004742776,12.378546833221828,2.824648703333333
agm004742810,14.001365503518022,3.445274368333333
agm004742811,13.211868471867113,3.4934739083333333
agm004742829,13.17184464243966,2.765593715
agm004742859,13.347431428447194,1.39335212
agm004742880,14.933237493888337,2.6769008483333336
agm004742888,14.028184847345464,1.9995821333333332
agm004742899,13.698054521087343,0.2867293
agm004742918,11.404925991823411,0.7590192366666666
agm004743059,14.68370318665776,1.7376455149999999
agm004743064,13.750828820205214,1.0921441583333333
agm004743089,14.739114838679903,2.0546670666666667
agm004743109,12.264946857794596,2.4845553216666665
agm004743110,13.644171374146993,3.1607803583333336
agm004743195,13.29962489417373,1.348960745
agm004743221,15.60909318697219,2.35671044
agm004743223,14.922074763106108,1.9203999766666666
agm004743225,15.68944516861027,2.393009023333333
agm004743293,11.485537809308296,1.2861040866666666
agm004743314,11.310674479397152,1.5113705050000001
agm004743323,11.409897167085171,1.4952534783333336
agm004743358,11.309632880681434,1.5274823416666665
agm004743384,13.274860732157746,2.8788840516666667
agm004743388,11.755067180275914,0.46449708500000003
agm004743452,12.399857654282577,1.4646620766666667
agm004743459,12.475754494657046,1.5192779233333333
agm004743488,11.54041989480504,0.8664306483333334
agm004743536,12.393857276554336,2.739994408333333
agm004743553,12.117399060717553,2.5423144066666667
agm004743581,11.758043392458923,2.30193432
agm004743584,12.08105263081706,2.511277086666667
agm004743598,11.21020545939263,0.6944340733333334
agm004743614,13.791568921280655,1.623986445
agm004743616,14.068311985108748,1.8428174633333334
agm004743631,13.665424600945263,1.5747196616666665
agm004743637,13.518942715288205,1.4883744099999998
agm004743638,11.883968655149458,2.2913464466666666
agm004743665,12.490831249048297,1.1598119249999999
agm004743728,12.93930634142986,2.557193536666667
agm004743742,13.454044682862003,0.9315667933333334
agm004743743,13.247724773752104,0.808057335
agm004743750,12.603613297526843,-0.23463057499999998
agm004743818,13.619748851936693,5.0295320383333335
agm004743836,16.911133631495154,7.124747668333334
agm004743870,12.937145766435995,4.0426191283333335
agm004743886,14.559482670505993,4.943249615
agm004743909,11.51480183958545,5.069758136666667
agm004743918,13.287119369411803,6.290904815
agm004743943,15.007731781112772,6.032703398333333
agm004743945,17.183462390843314,7.378719758333333
agm004743960,16.941579660423223,7.676819815000001
agm004744039,16.670375750642865,5.090520886666667
agm004744052,13.425087548435267,5.108581258333333
agm004744056,13.11576598734092,3.4528388850000002
agm004744057,15.196413173463732,5.0791917133333335
agm004744087,13.653380171161613,4.63714104
agm004744117,15.169874146103334,4.863520481666667
agm004744118,14.312814102628527,4.1984954016666665
agm004744177,13.440794714204495,1.690642545
agm004744180,11.815815860713535,1.5365005383333334
agm004744240,11.720391488843484,2.670771203333333
agm004744260,12.877102453579276,2.8230358583333337
agm004744266,12.28242970053472,2.4794360816666665
agm004744321,14.89483068863481,4.038825126666667
agm004744324,14.687566544614782,3.9121970333333334
agm004744329,14.28850407386475,4.116892923333333
agm004744477,16.77261714833976,7.446347771666667
agm004744478,18.737968635551027,8.441265
agm004744495,11.184417603526347,3.487273405
agm004744496,11.789911136242404,3.8212694616666667
agm004744547,12.488233154715644,3.4328132533333338
agm004744576,15.736148361357396,4.859008408333334
agm004744577,14.489173262813893,2.6052052933333334
agm004744579,11.280272626150023,4.548858221666666
agm004744599,15.39506156529886,5.03076014
agm004744639,9.331079702660334,1.1700854333333333
agm004744690,14.484571861129625,1.9734275633333331
agm004744750,15.162384329826223,3.6197410616666663
agm004744798,12.700188737883783,0.3555599
agm004744857,12.303531067780542,0.13054675000000002
agm004744886,13.140036848400284,3.9109854950000003
agm004744899,13.261983018782736,3.911714905
agm004744900,13.32641134693877,3.96148254
agm004744927,13.133632391623031,3.6374086066666664
agm004744964,12.361184909231126,4.143047926666667
agm004744965,12.20922395729,4.046313728333334
agm004745051,13.394391209099176,0.7167585316666667
agm004745099,13.37242068599725,3.7484965733333335
agm004745106,13.865051256574985,3.423079583333333
agm004745129,13.892672003301568,3.372876275
agm004745141,14.791293517369267,6.429658231666667
agm004745147,15.531198806880814,7.20836537
agm004745166,17.69634637970271,7.848111446666667
agm004745175,11.457967158750966,3.125191305
agm004745188,14.255269829140097,4.933567024999999
agm004745214,13.071215965552893,5.414010601666667
agm004745228,12.742158806061125,3.2767375399999996
agm004745267,14.977162593898134,4.917355371666667
agm004745279,14.981321595998937,5.139386808333334
agm004745296,15.63522546755926,5.722207338333334
agm004745329,13.249806413448034,3.8930666333333335
agm004745345,14.09378649819167,3.914842033333333
agm004745359,13.007094224130485,3.5603710549999996
agm004745363,12.946134855204056,3.6912659433333332
agm004745365,13.19066859858348,3.861567485
agm004745387,13.242096733354183,3.93493468
agm004745440,11.894238810121628,3.2282385349999996
agm004745453,12.36442611921307,2.005700426666667
agm004745476,12.614094291142605,3.859229968333333
agm004745480,14.388222848050686,4.441541128333333
agm004745508,13.19856420460608,3.20065314
agm004745517,14.504351946361785,4.791508668333333
agm004745548,13.369556364804284,3.4243313900000003
agm004745552,13.789668536534327,3.6984010583333333
agm004745638,14.1335983034653,5.6583656
agm004745671,13.84833739551503,4.729858833333333
agm004745698,13.759797859026795,5.88018592
agm004745714,12.27521423454661,5.621434506666667
agm004745728,12.323883123643045,5.041542736666666
agm004745749,12.27843002091712,2.577539175
agm004745752,12.351111785957166,2.61352244
agm004745754,12.731923284242653,3.3230560400000004
agm004745771,12.628805718637828,2.051468235
agm004745784,14.08602957957006,6.341732828333334
agm004745808,13.090184398024554,5.43597839
agm004745902,15.377151471623455,2.6076796483333333
agm004745914,15.120704569093592,2.342711598333333
agm004745938,14.404216366248392,0.949970415
agm004745961,13.357271249650365,6.137876891666667
agm004745981,18.76049495469189,8.03667742
agm004746043,12.917190800642318,2.2587199416666666
agm004746047,13.87829302507638,2.1327036883333332
agm004746058,12.762706952930218,-0.08888282833333333
agm004746077,14.227750258643757,1.3717243333333335
agm004746095,13.196208229971022,-0.667248125
agm004746120,15.249537883362727,6.162628183333333
agm004746149,14.977615041247283,5.1032748266666665
agm004746151,16.666320698913903,7.141592988333334
agm004746187,12.860621572327739,-0.097757945
agm004746198,12.673165243981893,-1.8715552850000001
agm004747161,11.901266346324872,-0.29755302666666666
agm004747467,12.521748410730408,-1.166603925
agm004748104,10.637585841955124,-1.9632068516666665
agm004748135,12.475635058463686,-1.7974177166666667
agm004748400,10.114513685260354,-1.7282010266666665
agm004748409,10.1463709307848,-2.3748481766666667
agm004748414,10.189776810982197,-2.3554884966666667
agm004748859,12.817197966754081,0.075612525
agm004748883,12.399559447393758,0.6370610316666666
agm004748940,10.734361724782083,-1.3073987
agm004749022,10.505316054014727,-1.2559444866666667
agm004749194,12.711022138358812,0.8217287433333333
agm004749906,8.84281045416701,-1.9718035266666665
agm004749907,8.89262964341432,-1.9526165850000001
agm004749940,12.430045396964188,-0.862585085
agm004751511,14.558202462573062,1.7441371466666666
agm004751518,14.736986466289641,1.914206335
agm004751521,14.87256458446006,1.15380704
agm004751544,12.624073719739576,0.7384292483333333
agm004751553,13.210461757679177,2.25419565
agm004751563,13.777385477845009,4.216653571666667
agm004751568,13.82309104039031,3.388601715
agm004751574,11.926495073138875,0.7895826516666666
agm004751601,14.0032998453165,2.2976207183333335
agm004751639,15.284337357192355,3.8274297883333332
agm004751652,13.031501384765852,1.9008432416666665
agm004751659,13.451544861146628,4.1405025916666665
agm004751669,14.395494159791298,4.753047086666666
agm004751672,14.267928028809443,4.636248196666666
agm004751701,14.514904137826887,3.7466140983333336
agm004751714,15.295356755392525,4.222341375
agm004751735,14.201879434993474,1.4088367999999998
agm004751756,14.966243453397537,2.4719796666666665
agm004751841,12.700403821216723,0.7052142233333334
agm004751844,14.731422206172185,1.4732461499999998
agm004751868,12.081058505430718,-0.059655748333333335
agm004751871,12.271100677585927,0.022758388333333334
agm004751926,13.12832886136259,1.3011772799999999
agm004752045,13.33930671137186,3.1846472899999996
agm004752053,14.791317936266145,5.042725276666666
agm004752092,13.439953622034993,1.7369687133333331
agm004752146,13.340792730460473,2.2277280383333333
agm004752200,14.19040878084492,2.1519156666666666
agm004752204,14.30642548810821,2.2254730583333333
agm004752210,14.927378921177286,2.697191136666667
agm004752231,13.20435916023888,3.7394937516666666
agm004752271,13.933116575612239,3.3363497966666666
agm004752281,13.617148254562336,3.2175047783333333
agm004752398,16.16051382438651,2.892936828333333
agm004752442,11.961765004758432,0.288304755
agm004752460,12.632859002432701,0.8569638066666667
agm004752468,13.173191527382462,0.8533179016666667
agm004752469,12.446865867720168,0.92001447
agm004752495,12.661400801079294,0.16519379833333334
agm004752562,14.119766375699108,2.6075140116666664
agm004752599,12.05981372466645,-0.6492148999999999
agm004752603,12.560687528289753,2.3752453416666666
agm004752646,13.195554600291429,2.3810980733333333
agm004752671,12.44511731355383,-0.6746480083333334
agm004752672,12.62054067932066,0.049997110000000004
agm004752729,13.87012043580068,3.6915946483333335
agm004752759,12.20192300979109,3.6015984366666665
agm004752802,14.657480361094054,3.720103808333333
agm004752908,14.15208591751477,4.244629035
agm004752918,15.46374868690985,5.749131283333334
agm004752994,16.299014413988473,8.270269886666666
agm004752997,14.343928969047054,3.309808673333333
agm004753037,15.926681357798977,5.20443619
agm004753055,17.599290861628287,5.830111703333333
agm004753091,16.547279557197864,6.463419340000001
agm004753135,11.663435014140106,2.6417470816666664
agm004753148,12.307604065380852,1.7490451316666666
agm004753155,13.537667516480555,3.38737603
agm004753188,12.624358531359041,4.144371341666667
agm004753193,13.501722596191442,4.886450438333333
agm004753201,14.199806914530372,3.528127005
agm004753227,14.09902941710002,3.774445175
agm004753269,16.194981031692745,5.39352733
agm004753309,12.69598180628691,2.00386249
agm004753323,12.667134082737903,1.9961737233333334
agm004753342,12.187547009587284,1.6978127933333333
agm004753400,13.847825965602533,1.6319905216666666
agm004753405,13.834398443862087,0.0005528066666666667
agm004753505,12.508055285109293,-0.6025695566666667
agm004753522,13.253072334940645,4.947737046666666
agm004753546,13.1947010361774,3.5846867133333333
agm004753554,11.48180782848168,3.4911656499999997
agm004753568,11.799447464285883,4.384526116666667
agm004753587,13.086027380548224,4.674055216666667
agm004753599,13.867771631895378,5.13900521
agm004753618,14.033017170885904,4.609697536666666
agm004753624,14.10686233649706,4.673193198333333
agm004753664,14.33989906007938,2.714214475
agm004753665,13.508634536284715,2.7268085766666665
agm004753706,15.031449299606557,4.65713138
agm004753729,14.62465480309235,3.632957765
agm004753773,14.187592631751217,2.3077588116666665
agm004753795,15.150898530802465,2.21762184
agm004753833,14.647779951575272,1.8818373849999999
agm004753858,13.082741908798205,1.0880917933333334
agm004753944,12.86288359106672,3.510778038333333
agm004753945,12.69099163692372,3.4176611599999998
agm004753949,13.408901538792371,3.3409459866666666
agm004753979,14.583964603121652,2.44957766
agm004754008,14.219207852353984,2.2175401833333335
agm004754024,14.162540050056661,4.464663845
agm004754040,14.098371186646157,3.0473416083333333
agm004754044,13.695407451947972,3.2435746633333333
agm004754051,14.677818652370787,5.825686173333334
agm004754065,16.176881598382334,3.75166333
agm004754089,15.48181070103943,3.2209440883333333
agm004754092,17.649584642234952,8.304235828333333
agm004754109,17.32489442177984,7.808325238333333
agm004754112,12.323287811675245,4.382790595
agm004754141,13.970968261054132,4.714003040000001
agm004754166,12.895579952863306,3.4440287499999998
agm004754170,14.037851339862705,5.847305878333334
agm004754224,15.049477307537268,6.665564241666666
agm004754241,15.322783004955896,4.139171503333333
agm004754242,14.21369333629363,5.056804841666667
agm004754253,15.909620438422984,4.516751508333333
agm004754266,15.682609319912972,6.685745243333333
agm004754297,16.788806081609515,5.165770075
agm004754308,15.794531213612181,3.432164698333333
agm004754383,15.55726347119426,7.067344380000001
agm004754404,13.222592358694795,-2.1403359366666668
agm004754441,14.071660524466521,1.619324455
agm004754442,14.488385731565787,0.06257784666666667
agm004754566,14.611730822964015,1.1998808216666668
agm004754662,12.309655891778654,-2.8246302483333334
agm004754680,12.568654307663927,-2.203971905
agm004757599,10.937120300016959,-0.7398617016666668
agm004757600,10.786812039835619,-0.987179015
agm004757908,9.968225128574128,-2.842780728333333
agm004988168,14.186061752571746,0.28353465
agm004988194,13.78041877341079,0.31409969800000004
agm004988372,14.816515478645076,2.512117806
agm004988429,11.888549997233195,2.903182344
agm004988762,14.648422430025184,1.866432708
agm004988771,15.169972447465772,2.5051307019999998
agm004988788,16.53173280046986,3.095342894
agm004988836,19.3755174798744,8.188357100000001
agm004989171,13.081164247384228,1.365433226
agm004989576,16.724225978419007,3.931843176
agm004992385,18.563363821419415,7.93465932
agm004992909,14.033001390827797,1.466741104
agm004992935,14.267843197586478,1.651670042
agm004992944,13.487097748971962,0.481965008
agm004992965,14.699029952464036,1.978582106
agm004992977,14.108391638802336,1.106575364
agm004992989,14.268619676529905,1.642656628
agm004993019,14.006572719137228,2.053695712
agm004993073,13.748909681695235,0.481870174
agm004993105,13.287913439735599,1.11195895
agm004993127,14.725914216808857,1.511675502
agm004993144,12.789876881449894,1.221394192
agm004993164,14.761752712037236,0.84116332
agm004993168,14.924231240350313,0.94314759
agm004993181,12.794269977175201,0.29636229599999997
agm004993182,12.92956180881285,0.353494916
agm004993224,12.824897877383824,0.17716711599999999
agm004993254,15.361628605539417,1.94129396
agm004999390,13.486969278202954,-0.375839664
agm004999569,14.790044315257996,1.124171628
agm004999645,13.748040220544103,-1.27619683
agm004999679,14.464090624852165,-0.35537566200000004
agm005002905,14.115861124964184,5.015626038
agm005002938,14.628053451348785,3.8473585839999997
agm005002944,12.987881486810986,4.524147972
agm005003108,16.180057732496696,6.801478179999999
agm005003220,16.937285678462647,6.710181222
agm005003278,14.848456882945303,3.9818778719999997
agm005003298,14.138374176787298,2.849290974
agm005003353,12.974995381672898,3.338688172
agm005003477,16.53403411790662,6.8306193859999995
agm005003522,14.580449502998874,5.522281426
agm005003530,14.642684901859019,6.134814526
agm005003546,15.164591915270515,4.892793098
agm005003642,16.21150464011308,7.359021412
agm005003660,15.24687376916535,6.691368442
agm005003670,14.753255640840631,6.753837206
agm005003682,15.338032250383739,6.910260694
agm005003692,15.753178122023751,6.294230092
agm005003712,16.410131938909338,7.535167842
agm005003778,14.975396543198945,6.63519889
agm005003800,16.497336378220815,8.237652468
agm005003905,17.64655760312732,7.0838774639999995
agm005004111,12.196764866756954,3.536589462
agm005004154,13.098302576576941,4.594929444
agm005004173,13.05220978037772,3.977751232
agm005004177,13.983250391214423,3.57340539
agm005004243,17.66917073148479,7.282680932
agm005004273,17.168327800869644,7.628513998
agm005004280,12.994618465877295,3.761974172
agm005004304,12.89743326773962,4.269635808
agm005004323,12.383661072973606,4.4008936
agm005004434,13.129562637778449,2.9082819659999997
agm005004483,15.040383284084658,7.2697780739999995
agm005004724,16.53165471655934,7.538459686
agm005005506,13.111629970401982,-3.018195576
agm005005706,11.583849240938031,0.9954984339999999
agm005005842,12.949911474356915,1.302485854
agm005005928,16.579787785905253,7.521957282
agm005006342,14.318821764298363,2.57079503
agm005006595,11.49813264195696,1.4072334659999999
agm005007031,12.641316675636723,-0.000515072
agm005007186,13.93380699992509,2.089188878
agm005007234,12.757324132035105,0.18487625800000002
agm005009835,16.036788121298567,4.2969893720000005
agm005009947,12.178634729762248,-1.264888616
agm005010320,13.711414927881037,0.365294344
agm005010602,13.245038593664509,1.2079158700000001
agm005010692,14.494743370262984,5.287193962
agm005010802,12.612818115948041,1.270708612
agm005010803,13.176187409125452,1.663432568
agm005010834,14.352716392277893,2.79910602
agm005010843,15.344543956260036,2.804069244
agm005010845,15.921119797587597,3.1631676200000003
agm005010866,15.731438432333723,2.6268796300000004
agm005010961,15.995788533272137,3.5477473259999996
agm005011012,14.864051131084395,2.88706804
agm005011030,16.7572005308569,3.077848548
agm005011047,12.32753243208806,1.241345042
agm005011101,14.209251370232664,2.492967416
agm005011111,11.979655385826316,1.405751
agm005011112,11.885415551311464,1.340128454
agm005011119,12.632260360800881,2.28595594
agm005011127,14.16907632099377,1.784590784
agm005011136,13.550815585981999,1.9291210199999997
agm005011176,13.016016241594878,1.102236794
agm005011186,16.57867930743364,4.275001394
agm005011206,16.827513044819618,3.6015900440000004
agm005011212,16.346428874260482,3.33227286
agm005011225,15.830603332692704,3.077750086
agm005011276,16.2033943710162,3.77154124
agm005011291,15.04618955466925,3.1165706579999997
agm005011348,15.932761411606489,2.989053986
agm005011349,16.12070458250015,3.098190248
agm005011404,15.20885626770669,2.5977841340000003
agm005011410,14.696046662195155,2.3229755780000003
agm005011418,16.666912891667213,3.181404996
agm005011423,14.961569285994415,3.028179824
agm005011461,15.233644505606813,2.5180236440000003
agm005011472,14.475618032710491,2.083966374
agm005011479,15.52555493311112,2.69886841
agm005011493,15.068233056000025,2.399630856
agm005011497,15.135065214666463,2.431699854
agm005011502,14.364857915157165,2.0057179080000003
agm005011510,16.126038732058912,3.644771402
agm005011565,12.269385084957337,-0.8613140380000001
agm005011610,11.755319872039356,-2.083691748
agm005011616,12.82487486759175,-2.279614816
agm005011617,12.613306115981938,-2.421759356
agm005011620,11.997421066548426,-1.735058604
agm005011645,10.918492480999365,-2.55044849
agm005011651,10.422372092627253,-2.68410961
agm005011654,10.896679447502,-2.237027286
agm005011694,15.544653127109623,2.923194112
agm005011695,15.792850418384342,3.1147756959999997
agm005011739,15.448173864123357,2.1243105360000003
agm005011777,14.776525797696232,1.83015784
agm005011779,14.851704016410494,2.272086034
agm005011815,16.908097052367033,2.559718252
agm005011878,15.638136001102723,2.00276626
agm005011897,14.907366827467962,1.74602198
agm005011914,15.503601155091342,2.278611498
agm005011934,16.345077228831443,2.827705708
agm005011936,15.95886607373578,2.57014517
agm005011954,15.403092860393045,1.830297946
agm005011996,15.372096291561752,1.7200687380000002
agm005012013,14.99706979546221,2.02909958
agm005012016,15.917832721167112,3.011781676
agm005012029,15.133809894372252,3.064125854
agm005012043,14.227644729572651,1.470808484
agm005012047,16.48513106586386,4.3850662
agm005012108,15.288584735882964,3.306302542
agm005012111,15.798856055869289,3.852366276
agm005012126,16.62217112866783,3.160982348
agm005012127,15.886395200384012,3.251791068
agm005012130,15.14971945228755,3.39618867
agm005012142,14.147250583477122,1.8998409859999998
agm005012204,14.694597817257167,2.59826997
agm005012255,13.91545369937513,0.79850873
agm005012280,17.079972603757785,3.730462062
agm005012300,15.570534430947244,2.721431296
agm005012301,16.220122000666922,3.137790336
agm005012307,16.738633721111903,3.446381846
agm005012330,15.89557337509137,2.8501430880000003
agm005012354,15.20142217186553,2.37106186
agm005012448,15.96864855104106,2.504664478
agm005012469,15.646431847418047,2.268528038
agm005012494,11.433203617424349,-1.682757172
agm005012515,12.23073015731104,-1.6216411560000001
agm005012524,11.880066154482261,-1.594827532
agm005012533,12.808300895326516,-0.06035033199999999
agm005012556,10.336179901685052,-1.058351766
agm005012640,14.855863670027855,4.151000786
agm005012658,14.484673693023215,3.9683898820000003
agm005012700,14.395709414183713,3.955399086
agm005012738,15.217279527480406,4.543136648
agm005012834,14.626031066654956,2.4850798860000003
agm005012856,12.86818872705087,0.174800068
agm005012861,15.459271587744023,3.3732327759999996
agm005012864,16.12733307370957,3.0723757419999997
agm005012914,15.4176321493235,2.526553214
agm005012935,15.289358167776095,2.674024932
agm005012965,14.239751890739925,2.562624114
agm005013030,14.023842557739295,3.017144394
agm005013107,16.05959327555287,3.522770896
agm005013131,16.013432848305836,3.0882785200000002
agm005013134,16.36101704104427,2.706561888
agm005013143,14.799932649739748,0.9818039159999999
agm005013151,15.384280881073327,3.008767018
agm005013162,15.012925242684116,1.115589588
agm005013194,14.910603070214,2.731521694
agm005013199,14.558935605817215,2.910748366
agm005013245,11.31869094063578,-4.452403548
agm005013254,14.223646735311755,0.9930050140000001
agm005013261,16.69590848367121,3.953911738
agm005013263,16.966519441941504,4.138775398
agm005013274,15.668320247325022,3.294156902
agm005013280,16.952442007893573,4.06466591
agm005013307,16.30057294705822,3.600576586
agm005013324,16.853535208098148,3.991954156
agm005013391,15.400860426384522,2.942484506
agm005013394,15.505648623349334,3.022177198
agm005013395,15.40194029519113,2.945093
agm005013399,14.174859230085156,1.46446961
agm005013415,16.411803983899784,2.930420234
agm005013429,17.242323625436377,3.9091046319999996
agm005013430,17.13665109803315,3.833081602
agm005013435,16.4712539792039,3.399669408
agm005013479,15.262093738637507,2.5493027600000002
agm005013481,15.677296124212152,2.892227816
agm005013516,15.825285114480412,1.26389565
agm005013519,16.380382539305874,3.3084457380000005
agm005013532,15.834056082643007,2.9019280380000003
agm005013553,14.551027686627947,2.277450224
agm005013593,15.01135934487137,2.701664142
agm005013594,15.013762623677161,2.704511502
agm005013614,16.175928107555244,2.649028854
agm005013657,15.802255408101022,2.8251970579999997
agm005013691,15.044992803329668,3.298389654
agm005013720,14.226071957878503,1.51561717
agm005013751,13.370485241994704,1.02396695
agm005013769,15.235873227222338,4.018391826
agm005013792,15.943045086029468,2.9817896999999998
agm005013814,16.335754229657805,3.194678164
agm005013827,15.828904818013617,2.868280566
agm005013838,18.225211729161057,4.8832677019999995
agm005013863,14.996415712142866,2.368224134
agm005013930,16.083046015062344,3.644194014
agm005013967,15.024367094657393,3.82459473
agm005013985,18.06098340306127,4.68828069
agm005014018,16.785103024234342,2.8581748940000002
agm005014034,15.728817130798609,2.710428908
agm005014035,16.320055422933148,3.073975582
agm005014057,15.716043384446602,2.732592638
agm005014061,17.03237823518091,3.87917441
agm005014077,15.979722616792625,2.731987122
agm005014082,15.270475452395505,2.2943032160000003
agm005014084,15.157109403678373,2.230657488
agm005014090,15.630764185290449,2.173465534
agm005014093,14.988849061527528,2.2204562979999998
agm005014115,15.301781846278644,2.415855982
agm005014156,18.20964849634388,5.26477541
agm005014179,16.80515501225444,3.114706884
agm005014188,17.528909120611562,3.8816296800000005
agm005014224,15.538402442261164,3.402583834
agm005014239,16.395144089999057,2.585802136
agm005014246,15.2367936316143,2.045119046
agm005014264,14.942156339523866,2.153866162
agm005014275,14.56693784112546,1.914972866
agm005014293,14.762482391087934,2.026512202
agm005014297,15.020989926483846,2.205277294
agm005014312,15.651853350938955,3.2146294660000003
agm005014341,15.04411907958791,2.7930448080000003
agm005014768,13.49528405497197,-0.20222661199999997
agm005014772,13.14297160107886,-0.44277238199999996
agm005014780,13.044386141082214,-0.160464348
agm005014784,13.141814020687324,-0.034951812
agm005014785,13.928500842661844,0.144882328
agm005014788,12.840720197459202,0.221745592
agm005014876,14.943476406407118,1.038733812
agm005014877,14.02560702089816,0.171866078
agm005014998,11.982336564399567,-1.023885086
agm005015022,13.0478359393091,0.26953632
agm005015032,13.599046765709662,-0.976694256
agm005015035,14.041474484215474,0.664228944
agm005015060,12.857227975941502,-0.276728246
agm005015166,13.776046777010313,-0.9363508420000001
agm005015550,12.398238879094933,-3.200824452
agm005015568,17.48108225470242,7.367492636
agm005015608,13.41088034045028,-1.2574747179999999
agm005015610,12.586857963876474,-1.7603698179999998
agm005015611,12.894161843149723,-1.241562888
agm005015671,13.749301726292732,-0.656424564
agm005015674,13.361421956084012,-0.892497094
agm005015734,13.737179635482722,0.62849851
agm005015794,13.169717851237522,2.304396192
agm005015840,13.1317900927147,0.522873826
agm005015941,13.53732752819335,0.24619998399999998
agm005015960,13.598865832924469,0.505636488
agm005016055,11.912975787510877,-0.21978303999999999
agm005016059,12.946137830574106,1.430840766
agm005016095,13.789426592326649,4.177017962
agm005016097,14.631279516466297,4.607785182
agm005016133,14.669734691585413,4.5946541320000005
agm005016161,12.49295448350161,0.413351732
agm005016289,12.993125673549718,0.589952862
agm005016328,12.291237691258068,2.687392386
agm005016357,13.304961108299409,3.021534724
agm005016362,14.984461513041802,3.9263371480000004
agm005016433,11.77705311092654,0.8212004439999999
agm005016456,12.723938435929266,0.49486916599999997
agm005016479,12.573900379208046,0.722191194
agm005016502,12.928516668947381,-1.4434528480000002
agm005016505,12.8728548663993,0.292087388
agm005016518,12.730477215996482,0.009946706
agm005016543,13.632605313178038,3.141749382
agm005016565,11.753383817931363,3.326220852
agm005016571,13.329295843087428,3.599567724
agm005016593,13.831169716450551,2.624654874
agm005016605,13.474175962246239,4.479010552
agm005016641,13.145390335147372,2.684601388
agm005016651,13.032088992997004,2.36707674
agm005016655,13.026959625740776,1.4306080939999999
agm005016697,13.167183371946956,3.369644362
agm005016775,12.499014320338443,2.5019959839999997
agm005016843,13.025215737530894,-0.095001594
agm005016875,14.098116786670976,0.163179124
agm005016992,13.069289982951847,1.952458606
agm005017128,12.72577433831748,0.079334742
agm005017153,12.625575034361553,0.29659681
agm005017199,11.845648400037941,0.5212976539999999
agm005017208,12.39378861759921,0.05818023
agm005017224,13.348434444344132,-0.051136230000000005
agm005017239,12.497012001056174,-0.21008961799999998
agm005017299,13.452512920414474,-0.015828906
agm005017300,14.031345710331209,0.5264267140000001
agm005017354,13.159466855298012,0.0112333
agm005017385,14.597665502920702,1.264768892
agm005017425,14.48688427828263,1.011367088
agm005017476,13.069053008556642,-0.8061525780000001
agm005017547,15.052290108726163,0.071791282
agm005017561,14.559454048949812,-1.174463978
agm005017566,14.715272984917036,-1.104920628
agm005017582,15.762927613940573,-0.48441555799999997
agm005017628,14.876656731212824,2.433546916
agm005017630,12.843226312810028,-1.123611968
agm005017690,12.692517042292607,0.64606109
agm005017717,13.650921738436782,1.64959798
agm005017738,12.839005220765804,1.778503272
agm005017786,12.993326769109405,0.754049858
agm005017867,16.438450602063746,4.90265308
agm005017948,13.878018062147325,1.599213564
agm005017981,14.354796933011258,2.5119946079999997
agm005018032,14.119050170369203,2.8296682
agm005018052,13.793136930502934,2.519881352
agm005018098,15.541716209739414,3.381359988
agm005018108,14.85631846885578,2.34741384
agm005018147,15.749451504557646,4.319420214
agm005018163,14.227882352312832,2.049775384
agm005018193,12.430354730428723,0.539640056
agm005018212,12.830396356522822,-0.281284388
agm005018354,13.658469438400932,-1.487096014
agm005018364,12.439272078256021,-0.6462474979999999
agm005018365,12.282083605663155,-0.7568001040000001
agm005018417,12.388568995803661,-1.9044497839999999
agm005018431,10.714770082648418,-0.329405748
agm005018453,11.600372935555335,0.23809306600000002
agm005018490,11.877518542714151,0.5408085899999999
agm005018518,12.476317405703286,2.2667125720000003
agm005018519,13.375449559266508,1.907530914
agm005018528,12.658748008307624,1.585825648
agm005018532,11.644725550723193,1.505548752
agm005018574,12.664709028041512,0.078346028
agm005018585,10.73278251933249,0.6676024700000001
agm005018633,12.32816648686779,2.422159746
agm005018664,10.923879556075706,0.647052466
agm005018700,11.937076760604713,0.18624369999999998
agm005018717,10.586194382601274,-0.024452447999999998
agm005018749,11.933664196502855,-0.391296884
agm005018752,11.737804912713461,-0.544995908
agm005018778,11.841759557061325,-0.119082612
agm005018822,11.105759694493102,-0.8347632660000001
agm005018866,13.470393522606116,3.708516306
agm005018870,13.603968915099705,1.6244145719999998
agm005018888,11.581434222582285,1.8878837780000002
agm005018897,11.695235267538713,1.062234014
agm005018914,12.77578785212929,2.9020025
agm005018942,11.51923153919691,2.477903352
agm005019007,12.831452671556434,-0.73582119
agm005019019,12.391725888797941,-2.807377292
agm005019028,13.185467980230438,-1.230723706
agm005019043,13.008191415076121,-1.236983036
agm005019060,12.672364491234031,-0.542304854
agm005019064,12.03859428634532,-0.931445272
agm005019076,12.983350011966888,-1.00397073
agm005019102,12.556823028456169,-1.856344414
agm005019107,11.330972032223206,-1.26486078
agm005019264,12.579423759822419,0.548304718
agm005019289,12.613823855588645,0.056683984
agm005019308,13.222299174577802,1.403333546
agm005019563,11.82338936581104,-0.7128455459999999
agm005019652,12.223353662849,-1.1343199880000001
agm005019682,11.76936676885268,0.110826316
agm005019731,13.305799910785629,-0.272651134
agm005019940,9.604218076163669,-2.676085896
agm005020055,12.511723827834857,1.059778034
agm005020060,13.108380893816312,1.296704798
agm005020129,13.073740447906655,0.677384176
agm005020210,13.213993651031823,0.21074316999999998
agm005020216,14.092770109901153,0.843532182
agm005020222,13.761378964351186,-1.8798314059999999
agm005020332,11.723339992422916,-1.620288918
agm005020333,11.674996250985135,-1.642206028
agm005020350,13.009721153765742,-1.290580434
agm005020451,11.631179287345095,-1.5611604639999999
agm005020530,16.835827457374965,6.25580564
agm005020603,14.211188178688626,5.692267085999999
agm005020606,14.90307505657636,5.758819244
agm005020626,19.293509853233804,8.521172254
agm005020635,13.964136262497997,4.9723988640000005
agm005020664,15.01937998542277,6.644352452
agm005020679,16.725262074305164,8.379826094
agm005020689,18.819089158067897,8.531391484
agm005020703,17.702564396062463,9.048402145999999
agm005020719,16.485100852542793,4.827908968
agm005020765,17.45780952892527,5.394353704
agm005020774,16.095233268750796,4.947661227999999
agm005020832,17.065332597304554,7.375531556
agm005020833,19.581095970504272,8.41227816
agm005020870,16.248000084352093,5.6303104500000005
agm005020880,16.46711717368353,6.115344856
agm005020942,17.439619479838882,5.275654306
agm005021004,11.055538801655029,-1.627051526
agm005021023,8.179677398227632,-3.347977702
agm005021056,9.743510145335842,-2.634619566
agm005021061,10.272697566068922,-2.3197146159999997
agm005021088,8.826095426399513,-2.49559817
agm005021138,11.550648462813145,0.249219856
agm005021149,13.590875428386862,3.9565824980000004
agm005021177,12.465772673558892,2.889858672
agm005021178,13.309916780231479,2.6600171759999998
agm005021193,12.137059132763415,3.2071755420000003
agm005021194,12.67649485270681,2.580860222
agm005021245,13.594948139835816,1.9258174780000001
agm005021246,14.325089478347735,2.458807016
agm005021341,16.446857144570764,6.558946994
agm005021366,14.044222406181898,4.81566469
agm005021416,16.1037212747147,5.872157846
agm005021526,12.185319763004346,1.368068978
agm005021730,14.53220118393492,4.9800594920000005
agm005021754,12.37130618284212,3.6526208939999996
agm005021778,12.630975380293139,4.6667052920000005
agm005021790,17.433681182769845,7.475035151999999
agm005021796,12.861683792825753,3.459871442
agm005021801,12.936453704096724,3.4854146200000002
agm005021838,15.53989938559728,4.922973344
agm005021873,11.844459772873998,3.6847696999999995
agm005021892,14.394417430255269,2.407882028
agm005021903,13.213607418379823,1.15861415
agm005021925,13.782242415267117,1.92537165
agm005021959,12.830469809478961,1.23107074
agm005021980,9.399040322726414,-3.396643074
agm005022049,16.204486768682788,6.00847942
agm005022155,14.84363942022625,5.269905286
agm005022156,14.523202792977097,3.4564270200000005
agm005022164,14.054954395046986,4.225177458
agm005022188,16.431870085191797,7.082013158
agm005022212,17.85491257347508,6.45131608
agm005022249,13.044246919295205,2.34521627
agm005022266,12.658872283608932,3.639151466
agm005022287,14.420364458043746,4.016067202
agm005022302,11.562555920665911,-0.804611192
agm005022438,11.534392070805495,-0.10762184
agm005022441,11.096855510485632,-0.43549372599999997
agm005022452,16.572333269718065,0.696802906
agm005022471,13.575348906020498,0.059069916
agm005022482,11.776116344202595,0.359875404
agm005022533,15.844666575132072,0.84047344
agm005022571,12.795384188789026,1.649584548
agm005022629,11.140290379252965,-0.674555056
agm005022648,10.276288670567016,-2.526553464
agm005022767,10.584103565964131,-0.752575116
agm005022768,10.58523779432315,-0.465602478
agm005022769,10.19468193938078,-2.162382794
agm005022847,9.89146911911399,-1.0246279919999999
agm005022903,12.950264764110702,-0.874741708
agm005022914,12.505235587888487,-1.142756784
agm005022957,11.113190056048774,-1.5059187059999999
agm005022988,11.926730707504097,-1.6445416160000002
agm005023014,12.071854574042982,-0.886470048
agm005023016,10.959273862413145,-3.08788285
agm005023031,12.247329378399318,-0.5063107760000001
agm005023038,13.01401976567089,-0.192008388
agm005023116,11.580485313457297,-1.475388008
agm005023150,11.261712491895125,-1.2377279700000001
agm005023171,12.122095325407333,-0.49697096199999996
agm005023214,11.508457062348004,-0.578939896
agm005102633,16.44307322085928,5.7953281975
agm005103111,17.29364462338584,5.2189212275
agm005103356,8.232990944162216,-4.96868343
agm005103457,11.027467809571373,-2.2904744825
agm005103791,13.63213968152931,-0.384983145
agm005104476,12.475426127645301,0.347450975
agm005104736,15.896934911876626,7.04614343
agm005104994,17.95393717887974,5.0424960875
agm005104998,16.122670670093257,6.2373558775
agm005105090,16.950575619273334,7.737995325
agm005105125,16.178146495199762,3.7992967675
agm005105138,15.663007420599087,6.74409854
agm005105696,18.764677614075744,6.724392025
agm005105977,15.189058619554334,2.3161832725
agm005106039,17.967165192337333,6.16918269
agm005107226,16.93918524957358,3.063486375
agm005107333,13.588262415986735,0.2343379625
agm005107365,15.16800226119803,1.468358245
agm005107375,15.271327763927808,1.5195289
agm005107384,15.81248195624763,2.86985383
agm005107809,15.686196012252578,3.97137097
agm005108480,16.632563539497106,4.98379269
agm005108495,16.81524313540865,4.6556048625
agm005108533,16.61323767124373,4.9745400275
agm005108536,16.71803768672756,5.0276095625
agm005108551,17.321672673845594,5.3281153325
agm005108594,16.60538311201807,4.5684820625
agm005108603,16.421958132203745,4.4575445575
agm005108696,16.55403575687663,4.9439375375
agm005108933,13.344334770237728,5.38711665
agm005109074,15.750746485595789,7.906488095
agm005109574,16.415085557033024,6.7596109075
agm005110902,17.01919805418684,3.27912121
agm005110957,17.38139645834778,4.12344105
agm005111107,16.15770906925811,5.442997415
agm005111294,14.66621253614413,3.268768815
agm005111652,17.628924077772048,5.94208617
agm005111958,17.21499768009991,3.7424233075
agm005111997,16.79841739775563,3.526740625
agm005112021,16.287741605809895,3.261942725
agm005112064,15.90726337730309,3.003498295
agm005112897,7.188605016771841,-0.96236739
agm005113261,9.77025133379748,-4.242522045
agm005113561,17.77809820759913,4.033930805
agm005113901,13.793684363444932,2.5062432825
agm005114220,14.108039918723357,2.946097355
agm005114252,16.26097361431152,4.2664759275
agm005114516,14.029022145968469,2.2954548925
agm005114634,14.54978666306942,1.611481975
agm005114810,16.33787733490999,1.6059423325
agm005114840,18.4610265204521,7.11720406
agm005114841,19.34521046480292,7.9111090525
agm005114971,14.965926769402198,1.96373877
agm005115022,14.192388095123828,3.6080897425
agm005115237,20.27922698768459,8.9426614225
agm005115345,16.46549186999871,7.0980202225
agm005115348,17.66095189701143,6.1723488875
agm005115379,17.483790120824,2.890062895
agm005115532,15.197586076651309,4.37080029
agm005115538,17.928634059115282,6.6999226
agm005115783,18.12420506760896,5.0865293875
agm005115874,12.112786054744598,3.4123074525
agm005116301,17.317789273672368,5.373595025
agm005116726,11.906204429109605,2.31902431
agm005117055,11.470636163640389,-3.586203045
agm005117060,12.556736786553483,-1.3026569175
agm005117763,11.61916694730023,-3.0827884975
agm005117918,14.26633863104172,1.824370255
agm005117929,12.953185033006214,0.9742134225
agm005117992,13.975717550131131,1.5409806875
agm005118198,15.55486676160853,3.54992151
agm005118214,16.563314888468526,6.9747627675
agm005119253,17.669175000104296,5.13081121
agm005119771,16.27757348913118,7.861381065
agm005120135,14.60476001163467,6.56538556
agm005120742,16.06410698422563,4.920185305
agm005121731,12.779176067307489,-1.1795001425
agm005122678,15.020575276464696,6.316561325
agm005122846,18.535798032881626,7.455552915
agm005124254,17.642270734833875,8.504304045
agm005124320,16.135031077865527,7.089808965
agm005124330,16.06553419288535,2.8324501675
agm005124997,17.05728962208729,4.1726404625
agm005125012,16.117209889354434,3.417262145
agm005125013,16.013720031071454,3.244968435
agm005125151,17.384007916007505,7.7645834375
agm005125414,15.128093586167447,4.352991755
agm005126354,14.394699005235934,4.989076025
agm005126580,13.377384006470535,-3.013679135
agm005127450,16.49017351753883,6.3080409275
agm005128234,17.878762197013554,5.1206014525
agm005128242,16.878252788830356,5.48181565
agm005128258,16.94108095031953,5.4853897175
agm005128326,17.82881305470458,6.307679535
agm005128344,17.38800034426702,4.969198625
agm005128617,17.53059642659886,5.8452817375
agm005128639,17.267765625215787,5.7160398925
agm005128719,16.586663828856594,5.38232414
agm005128768,17.32214801937298,5.7387792375
agm005128769,17.236343928212182,5.6917264175
agm005128796,16.755613244012803,5.4716048125
agm005128800,16.802459131821415,5.5045305525
agm005128810,17.37604165384215,5.79110426
agm005128878,16.728955126918535,5.46840509
agm005128902,16.753208149246927,5.45419728
agm005128991,16.68886334717174,5.44816089
agm005129040,16.823992359301805,5.5170136075
agm005129058,17.558582141059357,5.861070745
agm005129190,16.185046681671107,5.18501508
agm005129241,16.313590270632062,5.255727345
agm005129329,17.53789819930784,5.10041702
agm005129339,16.676912031980773,5.43438114
agm005129388,17.576921375183673,5.119023515
agm005178664,15.446146781800646,6.2906229775
agm005178681,16.79919299840816,5.05432701
agm005178702,16.885332233120188,5.0862035825
agm005178717,18.36033290001525,6.086937855
agm005178762,16.554856186527065,4.93410034
agm005178801,17.34079117249937,4.54841038
agm005178873,15.513150754988057,4.37335488
agm005178878,16.464016804290353,4.01233758
agm005178949,17.026256684071743,5.5761711925
agm005178994,17.669012742881705,5.1171271875
agm005179026,17.261504127538313,5.67558498
agm005179044,16.896992519247988,5.5075247975
agm005179088,16.44849150846659,5.32290172
agm005179138,17.58766488974089,5.063183115
agm005179143,17.860036761342606,5.18931656
agm005179173,17.35614691234375,4.9620519575
agm005179200,10.840155191861758,1.30280061
agm005179327,11.002428741692077,-2.450470575
agm005179414,15.66762139143567,4.0028000675
agm005179432,15.885712219430632,5.11642289
agm005179440,15.719502469756714,5.0750698225
agm005179451,15.424402082532113,4.9548842175
agm005179484,17.58564293124448,4.649428155
agm005179555,16.224054086971208,5.6904772275
agm005179599,16.94215252584077,6.0225262825
agm005179614,16.46111500935525,5.811168055
agm005179624,16.345511598913284,5.7534458375
agm005179707,15.051493236425081,4.89766953
agm005179758,14.666738222107744,4.4796474675
agm005179779,16.922974330467984,4.2538397325
agm005179781,16.795295973205302,4.17359137
agm005179796,16.6432915397122,4.1014859775
agm005179824,17.490695267420165,7.2706938275
agm005179847,16.42710089875934,5.77058131
agm005179857,16.06535381749058,5.647693835
agm005179896,15.782170165975655,5.5105961625
agm005179930,16.14214264715701,5.70602832
agm005179946,15.646334690156145,5.493151315
agm005179970,17.57421686786034,5.0675205925
agm005179986,17.174950863482433,4.9187375025
agm005180117,10.832547306483539,-1.4643177225
agm005180297,10.417021079108592,-1.23947098
agm005180338,8.019670381630677,-0.2324851525
agm005180405,12.032496255812907,0.7428593775
agm005180453,10.069795304629146,-1.92456188
agm005180461,12.540894176213678,0.433050185
agm005180484,9.021382587246906,1.5965926
agm005180520,12.086429188907719,5.09147044
agm005180623,12.043846646200508,1.850928085
agm005180770,14.587393955395843,3.595108175
agm005180805,11.74118692943949,0.5978545575
agm005180874,12.718960824112127,1.12116659
agm005180889,11.118785731751572,-1.5860532275
agm005180891,11.128761423401036,-1.11405701
agm005180997,11.537322065720279,4.0205612025
agm005181029,16.66247964659874,6.31327644
agm005181031,16.324957466157908,6.244898935
agm005181050,16.59129455066918,6.4753358525
agm005181116,16.06047471474639,5.51904384
agm005181120,14.553603007028272,3.85933561
agm005181314,12.809522037466188,-1.0792355475
agm005181377,10.937477173935118,-1.730139485
agm005181439,9.90245746157039,-3.8338349725
agm005181478,14.907035594493497,1.0385261375
agm005181487,14.609594821697915,2.0752711675
agm005181493,14.490201392152896,2.6097357325
agm005181496,14.681250727556282,2.830863675
agm005181557,12.428639491396506,0.86163856
agm005181573,13.930990676185491,1.8936194425
agm005181588,13.289744582273416,0.143356145
agm005181645,14.102237319856735,3.4270737475
agm005181680,13.74612005069148,1.8340544425
agm005181736,10.298825310126054,-2.3376959875
agm005181911,15.110984050502386,0.991371425
agm005181995,11.774079467897145,-2.369642545
agm005182010,14.011147065144925,1.3766602375
agm005182034,11.015667263226934,-3.59556199
agm005182081,14.74263510798639,0.4554425675
agm005182119,14.598987894355783,2.30682581
agm005182156,9.88095316946349,-2.9350535575
agm005182349,14.481736138456958,0.6851849075
agm005182467,15.380104541352445,4.5328981575
agm005182522,13.617865289775974,3.2746679375
agm005182560,14.342073958921413,1.883193015
agm005182563,14.167369750375485,1.71102756
agm005182569,13.073124418791577,1.5776580625
agm005182594,14.672051818190864,4.091335665
agm005182630,15.832005495945623,4.5826754725
agm005182637,15.233998376261212,3.27264759
agm005182663,15.041152812836852,3.84174606
agm005182733,14.236555014449102,3.281453305
agm005182746,14.560918033805777,4.43412077
agm005182762,13.586537468992402,2.073741635
agm005182782,14.429377881059901,3.043067635
agm005182787,14.89216287641811,4.9493909625
agm005182828,15.45780643198548,1.6903843475
agm005182830,16.156310533491105,4.9565665675
agm005182846,15.375455466739044,2.74568388
agm005182847,15.498475046407647,2.828424155
agm005183015,15.496871400732381,3.935367675
agm005183049,13.02402078574903,3.6140578925
agm005183114,14.83068388477186,4.30181467
agm005183220,15.776173548581431,5.2973046325
agm005183306,13.778962513671885,4.26017862
agm005183338,16.603497928967883,6.6653073375
agm005183359,15.485839180951391,5.6602704775
agm005183361,15.118300213412846,5.45089405
agm005183369,15.004924439191274,5.3943881075
agm005183381,14.542613882835804,5.183087675
agm005183383,14.542807329980985,5.1709952625
agm005183464,16.61614066591275,5.3243885625
agm005183661,17.72609245671101,6.8940593925
agm005183720,14.88293171196896,5.60111493
agm005183731,14.83225251472093,6.357774255
agm005183782,15.793413567200355,6.0214606325
agm005183791,15.680157717820348,5.947324585
agm005183888,16.66304224798045,7.4258914575
agm005183899,17.434246089692547,6.858980565
agm005183939,15.87800875508475,5.241568135
agm005183949,15.98811103971022,5.29364775
agm005184192,15.890231886757743,5.75469611
agm005184283,14.526016070352558,3.7809145875
agm005184316,13.092137459601137,2.25070047
agm005184393,14.870503573327072,4.570590805
agm005184398,14.518595051050141,4.2786523725
agm005184399,14.822182367205475,4.4795349625
agm005184649,13.009013776018977,1.9857647975
agm005184720,14.74757122942979,4.1832540025
agm005184789,15.686961500640992,5.1665771775
agm005184800,15.387918556501994,4.9806602525
agm005184828,13.98414521988541,4.1076769825
agm005184886,16.461073553240315,6.02994942
agm005184906,14.772351348756615,4.7756146
agm005184933,15.707435855091767,4.490235785
agm005185000,14.867109916978398,5.559752415
agm005185046,15.26822274250934,4.651264265
agm005185066,17.003532623119177,5.6779026825
agm005185095,16.12481434557153,5.2027615825
agm005185181,14.848301221055625,3.47568322
agm005185225,14.936999898625823,2.7260312125
agm005185274,16.029061411635077,5.0202112425
agm005185292,15.941792235440824,4.9628850925
agm005185387,15.728597351058033,5.4154664825
agm005185389,15.780168746049332,5.444422935
agm005185455,11.59404033898566,0.0172000175
agm005185461,11.508769687022617,-0.687248335
agm005185497,9.793729175962742,-2.5425691325
agm005185566,13.837211388195444,1.3804623725
agm005185585,11.130222048530943,0.9873014525
agm005185630,14.791687838844245,3.772743535
agm005185632,14.797769528357179,3.8073182275
agm005185703,11.65659171632751,-2.1901799625
agm005185745,15.902335195758297,4.849654555
agm005185815,15.904543545203204,4.731176905
agm005185856,13.996841706028501,3.6351065575
agm005185859,14.361778264372703,3.8201064175
agm005185871,16.362968855758492,5.5806994075
agm005185875,15.676748937884508,5.2137269225
agm005185911,15.282534640047762,4.649226965
agm005185998,15.177502462790285,4.380973355
agm005186008,15.576641362383974,4.6294649575
agm005186121,14.297206402478997,4.4112629825
agm005186139,17.07420714815234,7.47152106
agm005186158,17.532181511234892,6.598992385
agm005186171,15.554674703599426,5.3013500025
agm005186211,12.351816706305181,-0.2579233
agm005186280,14.879850539743108,5.398042245
agm005186326,15.456832974256054,5.0914531375
agm005186385,15.221823036784045,6.270516255
agm005186402,14.805869316754563,4.56942639
agm005186432,15.282199352871551,5.60237349
agm005186440,16.04022379322375,5.9905501375
agm005186444,15.343134442028354,5.5884353025
agm005186479,15.28166780450682,5.4399799375
agm005186510,13.536653417822452,3.0053694425
agm005186561,15.1631386521153,1.9559747175
agm005186562,15.296340649947707,2.04838028
agm005186581,15.498566504583337,3.8123083
agm005186596,14.910399810554706,4.0504182425
agm005186607,16.351134451051518,5.666644605
agm005186612,15.790443892803188,5.3770532925
agm005186619,16.40523611399004,4.903788075
agm005186630,16.474256046643987,4.9397519725
agm005186653,13.969406307047462,1.1685789075
agm005186719,15.293934915148794,3.13881604
agm005186790,15.701029987522263,5.558270565
agm005186803,16.326748253767093,5.3230342975
agm005186807,17.452220704016746,5.8467167175
agm005187196,13.792760694423777,0.6804873575
agm005187226,16.598802413950263,6.11219832
agm005187228,16.75598576881334,6.203995105
agm005187244,14.045748064030347,7.7440257
agm005187372,15.786539820876024,5.6781839325
agm005187460,16.784793372907657,6.3313957825
agm005187538,17.524066963868098,5.3250985325
agm005187601,17.495971499576957,5.34707809
agm005187610,17.619469158001404,5.645726975
agm005187745,15.335576714570392,2.2435483775
agm005187749,14.36784008472651,1.3981786375
agm005187795,15.143807490653256,4.14517727
agm005187837,16.319907412670446,6.1792812275
agm005187849,15.73518951649696,6.8120213425
agm005187867,17.501759777713005,7.22485005
agm005187869,15.929963031837202,6.08445668
agm005187872,15.990728048387416,6.11558773
agm005188132,17.35231072687224,5.73190938
agm005188180,16.032333429950786,5.3206208675
agm005188230,11.740306654839229,-3.9641145125
agm005188344,12.781355983732025,2.95834493
agm005188376,11.651915723587472,-2.480101215
agm005188379,11.109351119611096,-0.211965485
agm005188400,12.795237271878674,-3.7417341875
agm005188402,12.498865721650905,-4.12925447
agm005188500,16.79331272440217,4.813095505
agm005188534,16.531349162652766,5.342413015
agm005188538,16.289321228155213,6.064840005
agm005188574,17.282863949607904,6.09395024
agm005188575,16.15357590422802,7.2612457625
agm005188597,14.985192130958763,5.3329183275
agm005188617,16.93031228177961,5.548846445
agm005188653,14.795986801224126,3.9636679725
agm005188664,11.258424096728467,1.6758108575
agm005188687,14.801760385779321,3.7671487875
agm005188695,13.166780936850405,-1.5882357425
agm005188699,14.231664432578413,5.1444184575
agm005188704,15.659947908150178,4.42999669
agm005188834,14.253566368051093,5.91935652
agm005188867,14.247375566990229,5.0513452425
agm005188883,14.531011995151621,2.29494112
agm005189039,16.961039496162936,5.7514813025
agm005189044,18.05705726593598,7.0586538975
agm005189064,16.669152041268475,5.2493341025
agm005189065,16.410570859541195,5.0979798725
agm005189135,17.42922300877403,5.6895172225
agm005189140,16.701281133273266,5.381770955
agm005189266,15.685004863631047,2.740023245
agm005189285,17.113780186910137,5.42648494
agm005189295,16.536811204280255,5.15586412
agm005189304,16.697975848407147,5.2405238025
agm005189475,11.206000495188938,0.2834998775
agm005189514,12.279196329107137,2.4890695775
agm005189531,15.084576553592663,6.649394565
agm005189680,17.703311588239988,9.427066255
agm005189686,15.629229398955935,7.66541162
agm005189695,14.325261840001462,7.51150556
agm005189798,13.745621151426702,2.796719065
agm005189832,14.296837223882351,6.3492598875
agm005189865,14.5732908709575,5.3406779925
agm005189876,14.989140298971414,2.9651703725
agm005189881,14.703821270256428,6.752202945
agm005189924,15.641235244829847,7.3097175925
agm005189974,15.066414636758266,5.565736475
agm005190017,16.373410098111485,5.9395638225
agm005190178,13.003858256128106,2.9570938275
agm005190205,14.699901480488727,2.38184777
agm005190223,12.421948097530578,-4.46963654
agm005190233,15.374544969307514,5.8850083675
agm005190246,14.226754108637772,2.942033065
agm005190267,15.083979328718497,2.0318125325
agm005190282,12.466362421455106,2.98327402
agm005190296,15.907841426938191,2.456529295
agm005190356,15.691128727967314,4.62689598
agm005190450,16.38870655886151,2.798945725
agm005190474,17.198751612198947,4.4654676825
agm005190545,14.931041318568512,2.147330705
agm005190548,15.021402219859485,2.1937126075
agm005190625,17.681701764091663,4.29770999
agm005190649,17.117135775932013,1.7968984225
agm005190650,17.03587855772186,3.98132568
agm005190680,16.127229578441874,3.160698455
agm005190681,15.624628299881623,2.5927634275
agm005190823,17.064216100486885,3.8911453275
agm005190876,19.291516543125347,5.4672860225
agm005190923,17.38436549454486,3.8154585125
agm005190936,18.43131955298505,5.4038933775
agm005190946,18.51752597570746,5.03148607
agm005191104,12.7328550162268,5.1362977475
agm005191144,14.452572821576533,6.3789846875
agm005191683,15.498883272183257,6.215481875
agm005191714,16.987915246144553,4.5459541775
agm005191723,16.110609526425048,3.4057970425
agm005191728,17.986467987396292,5.3146876575
agm005191730,15.333522910766975,5.16944292
agm005191790,16.44890941201623,7.3200769025
agm005191841,18.014375707682273,4.3841017
agm005192270,13.779802294654159,6.20621934
agm005192272,13.227621080020072,5.93635698
agm005192303,16.30102632147373,6.7077216775
agm005192373,13.997338511196618,6.5194190275
agm005192543,13.050684594090349,6.20754898
agm005192545,13.122747515952396,4.2503382925
agm005192626,15.295727868997483,7.7522668075
agm005192737,16.586849316804212,5.6131112525
agm005192860,17.65455803217253,6.6639427575
agm005192883,17.107115235689534,6.35120358
agm005192892,16.98248054930966,6.1620473825
agm005192900,17.60971887048468,3.9963213575
agm005192927,15.774868293527751,5.25986785
agm005192934,14.799168891399656,0.8841609425
agm005192938,15.653366607781045,1.4341080175
agm005192953,13.897572009294267,0.29977226
agm005192964,12.024667682152478,2.427020255
agm005193027,11.94908641195458,0.472475205
agm005193100,14.712361985609004,2.6802691425
agm005193126,15.981137626485324,2.36140913
agm005193184,15.467381805441292,3.3346921575
agm005193196,15.191514839889717,3.1029033075
agm005193208,15.311207860451988,3.1929392825
agm005193226,15.318089424465981,2.724561525
agm005193233,15.263576835085093,2.680789015
agm005193245,14.822128739919837,2.33075961
agm005193378,15.133120054918463,3.4585185775
agm005193398,14.219941969640827,2.795272955
agm005193448,15.276797203106256,2.4463400875
agm005193464,15.345045177761785,2.661545595
agm005193470,14.959067798112994,0.3608658375
agm005193567,15.019466561065872,0.6086840975
agm005193582,15.104784851228231,0.9773082525
agm005193590,15.373400949246836,2.8399064025
agm005193601,14.475046216231146,3.989978965
agm005193612,15.675771058911891,4.4225141725
agm005193657,16.232657924604986,5.2722794675
agm005193659,16.656923975792104,4.68126175
agm005193670,14.80362533860587,3.609525605
agm005193672,14.906272525899137,3.6598565475
agm005193687,14.99433432803252,3.74828558
agm005193748,16.103883112043103,4.6224739375
agm005193768,13.788397907157886,3.086459175
agm005193773,14.498943142121291,3.6509043175
agm005193776,14.290783203690774,3.66423086
agm005193804,15.665929140444126,4.75655701
agm005193814,15.658711211052609,4.7280681425
agm005193827,15.471101673603213,4.6470988275
agm005193938,15.406839431560504,4.0130053025
agm005193985,17.078355579659316,5.7151853275
agm005194007,18.279885219088044,5.300772155
agm005194028,14.163350308074403,4.28470796
agm005194046,13.40198516062462,2.6721316875
agm005194053,14.073430047787395,3.6532761075
agm005194107,13.582372086434951,2.0061708225
agm005194111,15.07315475715103,2.0997496
agm005194123,14.682992277286118,7.8378489325
agm005194124,15.63791836751843,8.1398428925
agm005194139,14.448076646090831,2.5218208925
agm005194214,15.21465399456007,3.44079848
agm005194290,14.02291595423033,1.6041840575
agm005194296,15.513561596656798,6.234096045
agm005194298,15.578524563975707,6.2541864775
agm005194309,15.869571858561615,6.458683985
agm005194310,15.689485492713624,6.3385203525
agm005194356,18.144895154261715,6.82693199
agm005194384,16.86530961083335,5.2318806825
agm005194394,17.04453493491845,5.30286835
agm005194395,16.62585318889295,5.1157018325
agm005194450,15.950040121064735,4.638645805
agm005194468,14.833685922427577,4.04960604
agm005194502,15.749993411832957,4.551833765
agm005194547,14.867318752887588,4.104600105
agm005194581,14.045007540866521,0.9559614575
agm005194643,13.721065714597781,2.536972715
agm005194712,16.06382039295632,5.0975633975
agm005194720,16.425549432669648,5.2439317675
agm005194761,16.24784442729017,5.176056285
agm005194777,15.565033273484152,4.8281101575
agm005194799,13.963579694090683,2.5877353525
agm005194816,13.647214227548778,3.4445316825
agm005194817,13.734757979506162,3.50819875
agm005194833,14.597300457145808,3.67388661
agm005194904,13.780072494114275,4.3187586875
agm005194945,14.199492551327483,4.070088485
agm005194969,13.898132271460867,5.72209748
agm005194977,14.690283308807961,5.35116075
agm005194984,16.164435758238923,7.8585202275
agm005194989,15.39142045586896,6.00455231
agm005194992,14.63826955447727,5.650235
agm005195078,15.677338174867558,5.1997239925
agm005195087,17.024689997506975,6.10856537
agm005195137,16.857520581850427,6.0468482575
agm005195153,15.145533029772198,4.93123195
agm005195202,17.248894216401304,4.4319851325
agm005195261,15.932619066702918,2.78569253
agm005195291,16.075459652109622,2.699928805
agm005195329,15.0404163919174,1.6767621225
agm005195330,15.172068339726886,1.7698178625
agm005195366,12.83300661092987,2.239876395
agm005195383,14.922468939514713,4.5975557175
agm005195425,15.082807720170159,1.38310203
agm005195443,15.40564640216646,2.0274995275
agm005195457,13.958076595561286,3.2516892825
agm005195557,16.031785008215913,2.515043055
agm005195598,15.724304296580529,2.7359307975
agm005195641,13.414853493352489,2.3236535375
agm005195653,14.497423211456262,2.536358165
agm005195693,17.08421208529908,7.664928355
agm005195704,15.24299312866109,6.24273383
agm005195708,16.432402857455198,7.0518385375
agm005195730,16.654283330765306,5.21666296
agm005195756,16.580232278493288,5.1792189
agm005195831,15.282651765423,3.5004332425
agm005195878,14.337973315440292,2.9459257425
agm005195900,15.001900611692557,3.91658927
agm005195926,15.559183094411313,2.7152917
agm005196031,15.770972728249921,4.6445701575
agm005196046,15.78698330740738,4.63029483
agm005196064,15.86021333644533,4.7531128425
agm005196122,17.37305652387062,6.2438490225
agm005196144,16.962258131946427,6.05528593
agm005196148,16.540646957049937,5.86043441
agm005196151,16.57581663347475,5.8693075225
agm005196168,18.416026563050046,5.7508685375
agm005196178,17.32026612676651,6.26542648
agm005196179,18.284538094053314,6.8835324825
agm005196180,16.68989017956957,5.95716907
agm005196246,16.882866473148102,5.9448631025
agm005196251,16.55135095067372,5.8187347025
agm005196347,14.252554339892253,3.921608305
agm005196523,12.346062996776636,-0.222829375
agm005196692,15.378801177196436,2.1197238975
agm005196717,15.922519459002563,3.177855065
agm005196733,15.920453802045552,2.87429089
agm005196739,15.390238376301438,1.8835484775
agm005196804,11.487392896656305,-2.34094781
agm005196976,15.479883422793431,2.73207311
agm005197147,16.533587854950007,4.846331425
agm005197166,14.411869271441208,2.020139825
agm005197183,14.206710538518205,1.70981623
agm005197257,15.885825622767115,3.3320591075
agm005197537,14.511938935893436,1.7033033425
agm005197723,17.383984373601315,5.1792899975
agm005197767,16.53324617167261,3.6283109175
agm005197917,17.122018427826884,3.5165247175
agm005197950,18.11314896128324,4.399498465
agm005198075,14.634070173839353,1.441403715
agm005198107,16.678882666537326,2.9088927825
agm005198115,18.16698810783794,5.0049057925
agm005198137,15.036451203412398,2.1036178475
agm005198145,13.135527553014148,0.6227129375
agm005198155,14.097661057735865,2.3807141175
agm005198226,17.36283172828088,3.901712605
agm005198235,16.12242102354021,3.240077965
agm005198280,14.509388954412323,2.3715425425
agm005198341,14.588255267425696,3.0296061475
agm005198350,14.792816366433119,2.3123691675
agm005198351,15.951540222583569,4.621942935
agm005198445,15.881826283097352,0.28129343
agm005198494,17.122700410709225,6.153443885
agm005198514,15.152027293022782,2.10278254
agm005198529,17.233880142162572,5.8618449825
agm005198534,16.812041542757118,5.4284105975
agm005198593,16.97121934647617,6.71035292
agm005198602,16.64193752744331,5.4984679575
agm005198778,16.16064175708696,3.1019262425
agm005198779,16.537492371509025,3.28785022
agm005198951,17.808539040156134,4.2884715875
agm005199044,16.738240266161434,2.9608189675
agm005199121,14.404435800486647,-0.186056685
agm005199189,18.19990624562455,4.9260163975
agm005199413,12.148311667910297,-0.800555055
agm005199543,15.896674874278935,2.6963397725
agm005199550,16.571247734371067,2.80123951
agm005199559,14.924020134282042,0.0491058725
agm005199569,15.190530897402162,2.4226217525
agm005199617,14.216268213576917,-0.301178055
agm005199677,16.036707197087356,5.936154185
agm005199784,15.213526714902326,2.0902928475
agm005199806,15.743266795648244,2.0536664375
agm005199808,15.935032105036207,2.1501568375
agm005199815,14.09875336850496,-0.6473616825
agm005199867,15.661430855708579,1.9915369125
agm005199949,14.887470095174589,0.8614206225
agm005199974,14.499127145286637,0.5994188775
agm005200029,15.91344539405271,2.1345913325
agm005200054,14.532309953545527,1.8448223275
agm005200064,15.62246269384963,1.86714043
agm005200146,18.49231892860808,4.227630245
agm005200176,16.947219244251098,1.6142851625
agm005200213,17.933513784894966,2.59844258
agm005200214,21.114762963458947,5.6807383025
agm005200262,17.548627499746633,4.32368638
agm005200340,16.587546761436176,1.2034373925
agm005200403,18.3397835872625,5.5175396625
agm005200430,18.79941004523411,5.62775602
agm005200609,15.746381000668663,3.03519979
agm005200616,15.415756855482826,2.8548942425
agm005200619,16.339652742535,2.7214499875
agm005200637,15.812377264109534,2.163485885
agm005200687,13.78054329162597,1.472052305
agm005200711,13.292513252425213,0.9227968775
agm005200721,13.025202267251219,1.01397622
agm005200734,11.860744254226494,-2.7258758675
agm005200931,15.463890383461989,2.867417285
agm005201024,16.69035111004321,3.9493086
agm005201025,16.626635451134558,3.925673055
agm005201029,16.44121128305798,3.76681127
agm005201080,18.2855465227418,5.193002515
agm005201093,18.358579867938687,5.2187203175
agm005201143,15.989953248929224,2.5134830475
agm005201216,17.211860152344606,4.3781801225
agm005201228,17.75756721626029,4.544626255
agm005201309,18.866072899838837,5.446517225
agm005201393,18.70289433713178,5.465567195
agm005201396,17.059649995808382,4.197542105
agm005201407,16.986441162182643,4.1401773125
agm005201590,15.584454809577895,3.6831570025
agm005201905,17.45769616009197,4.577613
agm005201979,11.301274175299815,-2.449613125
agm005203080,12.581983973445828,-3.333810485
agm005203308,16.61539405511233,5.679279855
agm005203310,17.442399676163298,5.47499771
agm005203461,16.781012060985375,5.072691825
agm005203462,15.08998985084983,4.8156827825
agm005203476,16.691457677868403,5.836338735
agm005204112,11.800550388859474,-2.8792902725
agm005204571,15.196160962856396,2.2641768875
agm005204603,15.247892310020552,2.7475766225
agm005204615,14.887136554141675,2.2772106925
agm005204641,14.939121605867328,2.1302812475
agm005204646,14.977116715429,3.15679892
agm005204656,15.0780102078945,2.8585782775
agm005204690,14.7228128023245,2.476110025
agm005204712,15.059698568714909,2.0777261975
agm005204738,14.24807022055347,-2.0139363625
agm005204760,14.028996146047465,3.33031578
agm005204781,14.98711056429738,1.3499863375
agm005204811,14.404475899218246,2.8560624375
agm005204812,14.357282727075985,2.832777795
agm005204827,13.96537852813486,5.2660445525
agm005204838,13.758961346128256,4.02939811
agm005204847,15.429042563872414,3.99618666
agm005204857,15.116678705320844,3.8104769425
agm005204904,14.970467557437109,3.3923202175
agm005204925,14.724561618235425,4.165856215
agm005204951,13.978790990274591,3.7611296425
agm005204985,15.098842955255803,3.38795161
agm005204989,15.109766971002983,3.422784465
agm005204997,15.15239614166286,3.44069625
agm005204998,15.192270558050472,3.5043461575
agm005205100,14.561970794342315,2.6129205175
agm005205128,15.120930268552325,2.5248189475
agm005205173,14.533221486278572,-2.278697365
agm005205175,16.259740960787394,1.637537415
agm005205197,15.067978046241727,3.7199520625
agm005205204,14.530191791890708,3.4156156375
agm005205207,14.61274056287297,3.4601613625
agm005205216,14.870694987640574,3.636261195
agm005205256,15.136093627814397,2.518833675
agm005205293,14.750932211090507,2.3260167925
agm005205303,14.879708699649465,1.83268322
agm005205336,15.615439694656684,2.4231857175
agm005205385,16.04703139167159,3.71837526
agm005205428,14.112455443158135,2.241447785
agm005205430,14.156432641399673,2.265516495
agm005205449,16.101822495886164,3.9083101
agm005205530,15.430108693099104,1.5705281325
agm005205612,14.791396339319835,2.85715869
agm005205690,16.064075468721505,3.20806806
agm005205723,15.476532778389126,2.8085484175
agm005205833,15.91666269880462,2.7029708725
agm005205836,15.541865391086404,2.40552315
agm005205845,16.0042442029918,2.788815395
agm005205860,16.033170709563223,2.8352019775
agm005205939,15.348015261170906,1.834166085
agm005205960,15.303467141009786,1.4604133675
agm005206024,14.170394856804657,2.632378755
agm005206043,14.527378409075837,2.1652165875
agm005206072,14.026070847259296,2.8891299
agm005206092,13.627730651915883,2.6862946225
agm005206115,13.09449102352132,1.8144480325
agm005206116,13.160929063374864,1.8708035225
agm005206128,14.877837152135134,4.844350025
agm005206164,14.342891224418855,3.198830145
agm005206165,14.30005260161996,3.17255317
agm005206194,14.423809030449886,3.2401517825
agm005206223,14.254672594219718,3.756358775
agm005206234,13.574072786132351,3.3863381775
agm005206245,13.647875777194356,3.4310323475
agm005206255,14.667711573438904,1.6900258925
agm005206267,14.788324899166422,1.77217676
agm005206319,14.745678146429839,2.0609558475
agm005206322,14.683505211234449,2.07839009
agm005206328,14.400879718098547,1.958560645
agm005206348,14.270034087463495,1.837083575
agm005206356,14.10563553134115,1.7244386175
agm005206389,14.580247278883645,3.2676681
agm005206403,14.367510924697688,3.1186813025
agm005206530,14.201159230612399,2.096923735
agm005206541,14.514596018586898,2.36017737
agm005206625,15.022957841954737,3.4524673225
agm005206646,15.49814917188144,3.48165157
agm005206658,13.487044571544045,2.6067758175
agm005206662,13.643027219683134,2.728547145
agm005206676,14.565866306050305,1.00790981
agm005206680,14.445135002222704,2.0112955225
agm005206683,13.96391824583968,1.5828211025
agm005206691,14.401595951222525,1.3282100675
agm005206706,12.950525203704098,0.9661366075
agm005206720,14.71917107787869,1.73973049
agm005206768,13.262928019800086,2.5435071575
agm005206770,14.569662473798571,1.8805714675
agm005206777,15.754812221606954,2.508335675
agm005206786,14.846748772330336,3.30814298
agm005206811,15.743517308541197,4.0300194875
agm005206823,16.55500015809382,4.86012315
agm005206840,15.891744888354495,4.45829075
agm005206854,15.528784081836795,4.2692893925
agm005206878,17.519959214263487,5.6457726725
agm005206947,16.33281784600816,4.6671308925
agm005206948,16.470961669806087,4.73283106
agm005206975,16.000535438772335,5.062939475
agm005207013,13.261768117212467,2.495966925
agm005207016,13.412562242826768,2.5865494525
agm005207027,13.287026333273083,2.504933225
agm005207117,13.641696294288757,3.35783205
agm005207170,14.485399312367381,2.5419768225
agm005207194,14.217326756402858,2.2251422975
agm005207224,13.213279942691909,2.154000735
agm005207280,15.579106506749868,4.02291467
agm005207284,15.629406056723179,4.0536984675
agm005207315,13.934021280391018,2.9945121275
agm005207357,15.30167714808969,4.6129156275
agm005207414,14.596107981245217,1.5057646025
agm005207425,14.404935252136722,1.3329557775
agm005207470,14.488429157213263,2.5862189625
agm005207508,14.31520883029805,2.35217791
agm005207532,14.584084434740829,1.9281722275
agm005207533,14.818183409947023,2.126018735
agm005207578,14.924872130617912,1.1577827025
agm005207600,13.955730545934605,1.134735115
agm005207610,12.72821240895432,1.2683586475
agm005207719,14.88897180232937,2.0942832625
agm005207752,15.443714469147173,3.654091955
agm005207856,15.180282493197147,2.8303559875
agm005207948,15.612538991133329,3.8185850275
agm005207953,14.18718465854951,3.624936225
agm005208038,14.57164018910059,3.2858414275
agm005208044,14.336453647853224,3.1169351775
agm005208064,14.796005095599584,5.73997518
agm005208076,16.123351259065142,2.79198025
agm005208107,15.677982087448289,3.647803885
agm005208117,15.772001657105312,3.577810535
agm005208244,16.696960054830782,2.9862096225
agm005208302,15.989239371318831,0.66290175
agm005208329,15.58435385962666,2.5568753925
agm005208331,15.216453849291542,1.96075367
agm005208338,15.65980399727746,2.529445635
agm005208341,14.932247436087474,1.9853476575
agm005208348,15.520508503294828,2.4056216725
agm005208361,15.353228388759629,2.252326845
agm005208374,15.979911485928902,1.6029337675
agm005208618,16.747244586898685,3.6224186975
agm005208638,16.111224393573142,2.99461461
agm005208679,17.142655623560096,4.6102528
agm005208688,15.718353266329595,-0.3409381575
agm005208719,18.272122768362685,4.7591665775
agm005208732,17.163381706466183,4.213562785
agm005208738,18.367030235113006,5.3713365725
agm005208769,16.206455969237126,-0.089474225
agm005209195,13.432651139755947,2.13567898
agm005210032,17.629874464952717,7.54250822
agm005210084,12.246566425219099,-0.6639480875
agm005210104,12.86819135945742,-2.0417637525
agm005210119,12.45665425467426,-1.1546512675
agm005210200,15.241809538323103,1.2949280375
agm005210224,14.828992903410436,2.8893402675
agm005210251,15.44967514521228,1.8963427125
agm005210252,15.03469318198946,1.5759838175
agm005210253,15.156237169943148,1.6687057575
agm005210390,15.082935868986288,3.6870384975
agm005210399,15.057355282982877,4.32246657
agm005210406,16.420123193981535,5.6246391975
agm005210411,15.412651093655331,4.1451921125
agm005210419,15.226459906677762,3.6130557175
agm005210450,15.818944765056417,4.0093362425
agm005210467,15.605195147339257,4.1888712875
agm005210519,15.993937114592347,5.1442930075
agm005210559,16.045864655235874,6.5657847075
agm005210655,12.889096140437303,2.196962345
agm005210714,16.008334153951353,5.606867415
agm005210744,14.229522365617887,4.12113478
agm005210762,14.497668013056995,5.61082033
agm005210765,14.60468895357963,5.6539862625
agm005210766,14.699167663510858,5.710328015
agm005210778,15.139415171916951,5.106162915
agm005210786,15.213611427259607,5.147189495
agm005210796,16.299782038706955,6.172166335
agm005210819,16.900651211739792,6.3617888925
agm005210826,9.344172468073447,-0.762364765
agm005210875,15.436785452143392,4.6237089925
agm005210918,16.394107921341895,5.3600645675
agm005210974,15.462216034108055,6.1829821075
agm005210995,15.79793150905434,7.6371843425
agm005211040,16.68349442092301,4.7982769
agm005211057,16.547310533679013,4.722366925
agm005211116,15.953830347060144,4.555342725
agm005211124,15.710552872583847,4.406695235
agm005211174,15.567062944771829,2.65602171
agm005211241,13.073949343170643,-0.9897244275
agm005211320,15.166868796624172,3.5908423025
agm005211328,13.733644154100793,1.5741546625
agm005211872,14.736145317495943,2.8792103125
agm005211906,12.630424936526332,4.033109435
agm005211923,14.546415717996258,2.38270633
agm005211929,12.106357855651899,3.29416258
agm005211939,14.746916405057762,4.85360116
agm005211979,12.257297757140178,-0.5714357075
agm005212010,14.454388872637342,6.1391814925
agm005212058,16.574996056410736,5.8290506225
agm005212067,10.950403998742072,2.182730365
agm005212302,11.138649622240678,3.83262428
agm005212393,13.332106952842818,4.765862395
agm005212437,15.481667023744969,3.8455394425
agm005212452,14.77477019556949,6.1897017125
agm005212456,15.302096795351236,6.5817812675
agm005212586,15.003412083202686,2.2830933625
agm005212729,15.458785793812677,2.46092414
agm005212742,15.410344939467072,1.70704684
agm005212903,17.34470123321659,5.1948711225
agm005212961,12.971748472035488,-1.984728275
agm005212967,13.880738278267787,-0.5641223075
agm005212985,17.499448979664407,5.82695729
agm005213017,17.33304063467061,6.235096655
agm005213035,11.644502778490716,-3.1307262225
agm005213089,13.527531903889436,-1.612414715
agm005213132,12.282287478795965,-3.0707024725
agm005213199,13.33150160389702,1.2243900125
agm005213201,9.870828056930916,1.9317735275
agm005213212,15.352143095254135,1.5629097275
agm005213346,12.233697259810844,-1.19914171
agm005213348,13.980654089501856,0.2593782875
agm005213369,16.78706359347229,3.657671465
agm005213371,16.091115193862027,2.690515575
agm005213395,17.3707236439138,1.717520935
agm005213425,15.097917652032555,3.1445312225
agm005213454,13.368271779799368,0.2193979875
agm005213557,16.86620502187122,4.68547408
agm005213692,17.864013164980527,4.124420565
agm005213705,17.215013954512855,3.9827411325
agm005213718,15.407276106336194,5.010959405
agm005213813,12.036750632310019,-2.1089457175
agm005213845,11.15988397530508,2.4042553525
agm005213926,11.296710507693177,-2.826262515
agm005213981,12.99618189276999,-3.851271445
agm005214010,11.894568504112886,-2.531227625
agm005214050,12.704151338012656,0.17118487
agm005214134,13.388246811957833,-3.3435584675
agm005214157,15.096297285423589,3.9115213875
agm005214161,14.920916830993985,3.97345461
agm005214182,13.563219901322729,0.860931935
agm005214202,14.269720034552513,3.9695492725
agm005214208,15.501901364158238,4.96491526
agm005214211,14.564773548327102,4.5636200675
agm005214215,15.267613652348262,2.59176263
agm005214248,15.403168822440335,5.3987226925
agm005214266,16.298299421301905,6.2113226875
agm005214274,17.24001555131757,5.795216045
agm005214312,16.06232800467157,5.9371154725
agm005214317,17.474675896339953,6.0774582875
agm005214352,17.963844083500078,5.2401490325
agm005214358,17.021769037308985,6.56074594
agm005214359,18.04288527417545,6.4704040525
agm005214379,15.23997260835454,4.490851335
agm005214401,13.05210616071601,3.4485737875
agm005214419,15.487513795008953,4.5250462425
agm005214423,16.652575811709404,4.4494528075
agm005214450,12.893716396552547,3.514009565
agm005214510,14.281372383960587,4.2470957975
agm005214570,17.5839547331399,5.76392324
agm005214606,17.45575976340402,6.5117993025
agm005214621,16.581883045691775,4.0731821275
agm005214631,17.761178356748903,6.1653774175
agm005214670,12.283132709739837,0.54229487
agm005214709,15.671473223792582,4.944111235
agm005214732,12.068806150556354,-3.6943555325
agm005214749,11.025779216996709,-3.2139451775
agm005214782,11.14363884172403,3.88425594
agm005214809,14.320125791336892,4.796768145
agm005214844,14.872599371248075,5.13886416
agm005214956,13.477383249235263,-3.0979421125
agm005214990,15.918437473048428,4.4524599725
agm005215013,16.886595275285206,5.680407445
agm005215044,16.528252732834364,3.4102382775
agm005215051,17.202183268536306,3.54597255
agm005215059,14.469498748673072,4.66178194
agm005215085,18.4053988939504,6.0293565925
agm005217341,18.036631305933806,8.2319645325
agm005219079,14.032564436901524,2.337640121666667
agm005220322,16.495286856650296,2.033688955
agm005222123,17.591657124494354,3.466532845
agm005223425,14.324748269893298,1.37922423
agm005225922,11.546916309599267,0.3969528916666667
agm005228378,15.1173413803182,1.15535526
agm005230496,17.31956984715815,3.511267975
agm005230499,10.669558021560666,-1.6743380933333334
agm005230618,15.769821918107704,7.066064323333333
agm005231823,10.47516504615239,-2.87235682
agm005235621,11.803902200442284,-4.269213326
agm005248519,19.438005809912298,4.774090301666667
agm005251704,11.648833891371025,0.039894106666666665
agm005252276,15.022590325961877,8.15862704
agm005259933,12.325044841089106,2.2281502360000003
agm005260830,17.066390789448224,1.3713116825
agm005261212,7.109286785930763,0.11711361666666666
agm005266890,13.977874655501763,1.2054541433333334
agm005268058,17.025438619745636,-0.191735595
agm005269005,8.931708222980758,3.8847149366666667
agm005273412,10.720022982750576,0.82862184
agm005275801,13.223930392965443,-0.5248751433333333
agm005280053,17.228757565614572,6.867945155
agm005414294,12.94307260363145,2.039016024
agm005419099,17.88882516147828,5.112440928
agm005463605,9.091364432507591,-3.3017142400000004
agm005478149,15.796021550246804,0.1326212
agm005480439,13.585605414773234,1.92287992
agm005483676,8.73891107340504,-2.390362871666667
agm005529966,5.832691046492821,-2.5845020439999997
agm005529980,15.276844968091865,1.899371606
agm005530016,12.768671794772985,3.7405971940000002
agm005530178,15.624805184021298,3.7630646239999996
agm005530212,16.489439627252416,5.67097833
agm005530623,16.212263519248104,9.523270098000001
agm005531057,14.021016155329804,1.185364004
agm005531143,11.81707867400836,5.326444748
agm005538986,17.60531435795482,8.5413487825
agm005539007,16.094397043031083,5.206668045
agm005539187,14.398322694198479,5.938452975000001
agm005540356,17.09236607165987,6.639969783333334
agm005540382,15.834853737237957,4.518116091666667
agm005540385,9.898318262972651,2.8790318766666663
agm005540400,10.307209785390254,-2.99788039
agm005540462,9.05309081182947,-2.8683267266666665
agm005540504,13.46619811505824,3.82894449
agm005540716,17.018503515991828,5.544757783333334
agm005540725,16.269361132609664,5.254420233333334
agm005540827,11.927606886772898,0.6087271133333333
agm005540859,11.620174413088456,3.9326014766666666
agm005541001,14.511284813880271,2.05060345
agm005541016,13.678833559509664,3.4901662316666666
agm005541251,15.524500460513762,5.544450948333334
agm005541255,16.2090920093742,5.618709175
agm005541394,16.359343682937258,5.178090733333334
agm005541414,13.589696246735246,-4.270208955
agm005541415,14.048145461120356,-2.778229735
agm005541605,18.41171189053451,5.448396065
agm005541629,9.952591438499844,-0.8030424433333333
agm005541810,10.399502978478107,-0.8506513433333334
agm005542205,10.92649544621491,2.5485521383333336
agm005542271,11.346003497709384,3.7274538075
agm005542412,16.387789786123463,6.05061206
agm005542536,18.412962466994887,3.4539300875
agm005542869,16.103182589583362,5.6359428575
agm005543720,17.068121548809643,5.2625947459999995
agm005543759,16.222567063293774,8.36464538
agm005543786,16.65323770642124,5.404896302
agm005543808,16.16896650742189,5.174815294
agm005543809,16.044265315523624,5.157454578
agm005543838,16.41460920033736,5.288343624
agm005543886,12.569084554838973,4.476234042
agm005543948,16.46118380466834,3.9634142900000002
agm005543960,12.66845349175659,5.856632874000001
agm005543980,7.496894124453204,2.3022225179999998
agm005543984,9.782687871277734,0.747356326
agm005544072,14.568594228991824,2.153383004
agm005544076,17.65962139516613,7.317681132
agm005544219,7.477636652695817,-1.2453494539999999
agm005544224,12.587760280731505,3.022174958
agm005544252,12.785738336870853,-0.248897448
agm005544318,20.382257939882884,8.365253208
agm005544322,15.870404530368964,9.291433798
agm005544329,13.218505682952605,5.629297342
agm005544453,13.350957773031714,5.685965276
agm005544454,13.400804379379153,5.705799102
agm005544612,13.67459967322865,2.676676164
agm005544653,17.568647521457226,9.907086398
agm005545095,12.903818149811912,6.183352492
agm005545192,14.441960690866773,-2.6444199619999997
agm005545233,14.501178058262685,10.011819208
agm005545243,10.74756047455672,1.100372216
agm005545485,13.034410679839555,-0.07635759166666667
agm005545487,12.607309437551569,-0.32560292333333335
agm005545534,11.581612121470918,3.6763789283333335
agm005545577,16.31884905072049,8.313243865
agm005545614,13.99872814121928,6.527809649999999
agm005545644,17.569455734232424,5.526428261666666
agm005545674,12.25259298901102,1.3847311666666666
agm005545824,16.358371059343007,5.325961895
agm005545908,19.034497548700337,3.9994325066666665
agm005545913,16.633560416591045,4.961730991666667
agm005545917,18.638802523438052,3.46504137
agm005545951,10.511215663787398,2.8608275266666667
agm005546014,16.337411611844356,3.7448740199999997
agm005546054,15.675620956741625,0.04166289166666667
agm005546069,12.641920431052148,0.9911491766666667
agm005546130,16.813881786185195,-0.374541485
agm005546161,6.835048709173023,-0.9967203766666667
agm005546301,13.32334072586942,7.7790762933333335
agm005546351,15.495104386310624,6.824450996666666
agm005546378,16.89487180626708,7.600390296666667
agm005546385,15.350055108145249,8.00234978
agm005546391,11.20212573216314,2.5747316233333333
agm005546419,13.392201731204912,5.304967975
agm005546530,12.785514609628732,3.8138415783333333
agm005546540,12.69944411956306,3.985310138333333
agm005546637,7.02406434017606,-0.7686043633333334
agm005546716,13.37663894158205,4.275348926666667
agm005580491,16.74556575070073,4.88649533
agm005581560,17.23088404617397,5.674986404999999
agm005581572,17.28776320249576,5.756577256666667
agm005582010,17.00372653594795,5.54867053
agm005582352,13.832640135448765,4.800689648333333
agm005582456,16.67338611845522,4.868228025
agm005583054,16.14078972829446,6.715215643333334
agm005583145,18.179076891165263,7.593812003333333
agm005583358,16.353447807860757,9.652123210000001
agm005584751,12.15070026219331,4.088620418333334
agm005585003,16.76595138959723,5.0103624725
agm005585248,16.680849859325487,5.0509697625
agm005585340,12.606497575272984,-4.281496171666666
agm005585407,18.286854445465554,9.486457056666667
agm005585641,17.28023063238754,4.036499845
agm005585646,17.778605795992785,5.846362698333333
agm005585802,8.437471452835652,-0.5426692416666666
agm005586174,17.002182652003924,5.925820528333333
agm005587043,14.90486537048004,5.918830571666667
agm005587399,14.51428381325081,9.7384548525
agm005587945,15.889611856634735,3.47543157
agm005588407,16.36280490287338,5.253392865
agm005588754,13.748727729891087,1.9818390633333334
agm005589462,12.482648317879558,2.9816771450000004
agm005589799,17.776643035913423,5.89744627
agm005590007,12.030142970890518,-1.71256436
agm005590208,18.245529815401373,6.454827225
agm005590296,16.53169866807884,5.4148570175
agm005591073,16.58419529519931,5.4126724675
agm005591365,16.807887885276706,5.51664162
agm005591392,11.932994852179768,-1.2841049316666666
agm005591457,16.8216026038045,5.4869229675
agm005591736,16.472073720626906,5.38480403
agm005592312,15.218453052995805,7.108332748333333
agm005592421,16.641203994755518,6.267546826666667
agm005592668,15.195188909778297,7.7428185549999995
agm005594027,12.256328926580712,1.5633261316666667
agm005594574,12.715072217745636,1.7759672766666668
agm005594915,14.085826556012554,5.160262235
agm005595080,15.471788285975512,6.17141529
agm005595112,15.572484305572184,4.820905266666666
agm005595341,10.381739032817585,3.1478351025
agm005595570,14.851509992724123,3.098003655
agm005595976,13.709947135248488,3.085263525
agm005596010,14.358880842721376,5.6734685975
agm005596104,20.107308565218602,8.9031238125
agm005596214,12.066013890566053,-0.23817827
agm005596489,11.779378817468038,5.727825513333333
agm005596916,15.177459325665959,10.216414903333334
agm005596934,13.048266727301163,3.2577853283333336
agm005597030,14.061005076196464,5.376922563333333
agm005597043,14.209934204784341,5.44631893
agm005597173,17.66527745667771,5.858121523333334
agm005597347,15.950846464155669,6.690758136666666
agm005597470,18.973809809891794,7.1233599775
agm005597490,13.117958073246369,3.5366325425
agm005597557,16.531276305081278,5.590064755
agm005597589,14.394355320255444,6.539522778333333
agm005599119,16.99043033672786,5.82570432
agm005599432,15.934349996743522,5.895179
agm005599559,14.519651078160855,4.783823661666667
agm005599773,13.449559850125334,3.49512573
agm005600084,14.715550935631699,-2.2472155766666666
agm005600520,11.30303906573439,4.07283788
agm005600630,13.646684131771972,4.646199068333334
agm005600866,14.66060735104722,-1.44611628
agm005600916,13.120795196351134,3.376903805
agm005601349,14.161025987224837,0.6204177716666667
agm005601378,13.809092370814264,0.34802949666666666
agm005601476,13.43796028127369,0.5525501133333334
agm005601522,13.693463502018874,0.7135041516666667
agm005602004,11.258260439900788,4.71694532
agm005602108,17.1119713461021,7.834438913333333
agm005602568,16.11017631179223,7.342566704999999
agm005602691,13.84797005261611,2.5287410525
agm005602875,13.20651146083892,0.7187134275
agm005603554,13.512369193862853,5.564064453333334
agm005603613,16.226027751871374,4.566588411666666
agm005603697,16.084895517156106,2.2410126833333335
agm005603713,13.251083345093463,1.7166594616666666
agm005604092,14.201489633192336,4.566595248333333
agm005604160,15.351451575051493,4.7773352000000004
agm005604440,13.806379785107323,4.259322895
agm005604879,8.69491175371531,0.7410327933333334
agm005605396,15.101357377792224,4.785400046666667
agm005605704,14.436744216640621,5.535866443333333
agm005606391,14.57261700947596,2.9247689083333337
agm005606574,15.179660488102845,4.390863133333333
agm005606651,15.515569956116293,3.9323814716666665
agm005606743,15.142736909323949,2.52939236
agm005607468,17.651896827773992,7.055906703333334
agm005607676,11.583450200886434,2.06863938
agm005608751,15.172188074851208,5.622376243333334
agm005609335,16.9797669056881,6.239285786666667
agm005609365,11.266149707530452,0.7958055
agm005609787,16.78740150416699,7.471671926666667
agm005610635,15.561218432910003,4.523838765
agm005611428,16.50289833443097,7.399317785
agm005611509,17.697634052308448,5.9833444875
agm005612643,11.776058591275193,-0.2917625166666667
agm005612657,11.928965397899125,-0.21235223833333336
agm005612766,13.126146473111563,1.258689345
agm005612957,16.146056348581883,5.5888100949999995
agm005612995,15.605745584078827,5.340373158333333
agm005613185,15.408229455734096,5.09119555
agm005613995,14.866500609596292,2.39041934
agm005614486,17.842381184709183,6.012919078333333
agm005616187,15.73166741818734,4.491514811666667
agm005616359,10.338240376483505,0.4071128583333334
agm005616433,13.31171710929911,0.6675380833333334
agm005616995,18.726483115732446,8.594927466666666
agm005617700,11.097441693905196,-1.9341552225
agm005618941,15.688164225533995,5.700255405
agm005619020,14.432778300680692,3.453641535
agm005619897,11.85540191263427,0.5217940616666666
agm005620115,15.442654291438847,2.417583225
agm005620155,15.074351840957316,1.9044436625
agm005620461,14.71128198459946,4.031944878333333
agm005620956,17.663388539644824,5.282467143333333
agm005621427,14.981596575176566,1.7785033
agm005621431,14.585478062756483,2.050903355
agm005621453,13.019762393083068,2.6102438033333333
agm005621525,15.138909383448642,4.220650621666667
agm005622034,17.272108090907643,5.3700821325
agm005622106,16.590765181924628,5.5559488325
agm005622533,14.865881124000575,6.5380648625
agm005623066,15.354961877545104,3.5815013175
agm005623619,15.4363437146182,4.11769767
agm005624058,13.341599760946506,4.54406581
agm005624618,17.13640063200636,5.512442606666667
agm005624646,19.501189052088204,7.244460288333333
agm005624755,18.78740415451084,6.942044776666666
agm005625912,16.28540211033106,3.4367494
agm005626445,12.863655917870238,-0.52111414
agm005627113,6.492981456720837,-1.0134882083333332
agm005627280,13.001961168967094,-1.5975923625
agm005627399,15.787976172338242,2.7709868275
agm005627455,12.917923389609086,5.115888175
agm005627815,14.03311676606406,4.063309615
agm005627897,12.570466451685038,4.90068338
agm005628209,19.399645841620057,7.541306151666666
agm005628517,15.199122933070033,2.77058668
agm005628938,12.810736729310245,0.3787855566666667
agm005629217,16.597090491751892,2.928040315
agm005630079,12.212389534642824,-1.3389919183333332
agm005630107,14.989247041043548,0.42847404499999997
agm005630212,13.047467658719512,-1.8917544666666668
agm005630353,10.873186980418234,-4.471632143333333
agm005630608,13.499158718346258,-4.91667465
agm005630833,10.65042710882616,-4.488288831666667
agm005630996,15.060877020674878,4.965076305
agm005631153,12.77055382054106,-0.45163461499999996
agm005631568,12.73131521011201,3.9402750366666663
agm005631586,18.243868913265473,4.62943115
agm005632220,16.369762592871936,3.29137616
agm005632287,15.93626950488206,4.182627341666667
agm005632741,13.670722561458023,3.78893813
agm005632931,12.661191602002576,5.968496561666666
agm005633147,18.267019556828696,6.249323323333333
agm005633314,12.97457779414775,3.3041645733333334
agm005633370,14.361662137197357,2.6377130516666667
agm005633541,14.646910303912883,0.08344892500000001
agm005634107,15.542465188064819,3.4633102633333332
agm005634211,13.651723287114066,2.9173295666666665
agm005634234,13.366026686427494,2.918976015
agm005634251,13.828685867010556,2.743142118333333
agm005634305,14.612875200417347,4.0840283516666664
agm005634382,13.877310789686575,3.6272975183333336
agm005634835,16.236063596262508,5.916430995
agm005634875,12.679020779206404,2.6858255883333335
agm005634910,14.989684166005349,3.4669286416666663
agm005635181,16.03631706264726,5.681739686666667
agm005635305,15.495303081228064,4.009621168333333
agm005635408,20.380420639690236,8.039658878333332
agm005635430,18.211942449903386,6.67329634
agm005635661,15.075311820000122,1.7230031733333335
agm005636070,13.926694866604663,2.267425626666667
agm005636112,13.331615956873193,2.2159193683333336
agm005636199,13.47553574254772,3.5702584099999997
agm005636311,14.885649777370077,3.3777377666666664
agm005636516,15.468738151364848,4.570560883333333
agm005636525,17.806183552747076,5.817423268333333
agm005636880,17.382245569171577,6.753109616666666
agm005637049,14.02838622563779,4.855072288333333
agm005637127,16.845978441757097,5.7607255675
agm005637237,14.296149504360274,3.6079127300000002
agm005637631,17.545496037060584,6.346103276666667
agm005637657,14.409027827123815,5.813586603333333
agm005637788,13.053816022069213,2.539011273333333
agm005637795,15.119112032473302,6.022386928333333
agm005637925,15.209468314526836,4.210516135
agm005638274,18.16082349997773,3.8441967333333333
agm005638603,15.522766562436127,2.0207422966666666
agm005638804,16.431467478384754,2.849201386666667
agm005638839,16.411999978165657,5.768245205
agm005639192,16.489982425842946,4.00525794
agm005639915,13.549313801893353,-1.855876805
agm005639976,10.509102984302213,-1.8670120516666666
agm005640127,16.81229907898071,9.160810041666666
agm005641129,17.013426478095827,5.821424473333334
agm005641898,10.873926920131856,-0.7366120966666667
agm005641920,14.601886693036224,5.4186047075
agm005642216,14.651453301464263,5.716862219999999
agm005642258,18.59979666299854,8.194902735
agm005642306,20.039551633222704,5.377892368333334
agm005643129,16.344100848811475,2.0741552850000002
agm005643283,14.745182377771618,1.3206793183333334
agm005643914,15.766999802721566,1.546713925
agm005644070,15.662516285777711,0.5585999816666667
agm005644236,11.273042624741727,-5.451633201666667
agm005644298,13.582477498226035,5.525603823333333
agm005644357,12.91423700578183,-1.1055033966666665
agm005644588,16.64999034027918,3.739430281666667
agm005644954,17.192059370972558,1.9572652466666665
agm005644991,13.383802896870625,3.19893167
agm005645271,16.972283046550128,4.040281678333334
agm005645406,17.29876008142246,4.156452726666667
agm005645663,13.735283576944449,5.9499153
agm005646455,17.628420297144398,9.2371805775
agm005646509,20.37624629205593,6.572492503333333
agm005647164,16.242385860603765,4.230016161666667
agm005648423,14.968070127010847,-2.388430206666667
agm005648768,19.434965747274443,5.344598243333333
agm005648968,12.454155120353263,-3.043682745
agm005649023,15.93769616346006,3.5036188666666668
agm005649113,14.2952985885708,1.906823535
agm005649125,15.37657913683107,2.450681805
agm005649260,15.466302985202075,-1.0149024883333333
agm005649652,15.729917904514993,1.84623067
agm005649657,15.130416753479354,1.8657435933333335
agm005649765,16.902893723231653,2.985964995
agm005649803,14.234372530388063,1.4302270783333333
agm005649856,10.525083975945925,-1.15908551
agm005650071,15.409870703286295,1.5428767616666665
agm005650074,14.912147137211997,1.5235127216666668
agm005650147,14.401890587474787,0.29017364500000004
agm005650273,14.356829579213203,-2.316440955
agm005650359,15.345688310642814,1.55226477
agm005650555,17.543264401148623,4.937967788333333
agm005650995,11.826937218857685,1.9852949866666665
agm005651111,19.16273186154047,6.164804465
agm005651236,19.610163796869347,6.335252805
agm005652123,20.70479856190686,3.929096303333333
agm005652184,15.131110680387906,2.5984526816666667
agm005652223,10.691957572289837,-3.9900448683333334
agm005652264,9.746882716721286,-6.00787107
agm005652281,10.325205405559144,-5.673859435
agm005652426,11.798895312985001,-3.471010521666667
agm005652534,14.996597090903348,1.8633295716666665
agm005652649,20.13915273133249,9.935148543333334
agm005652681,12.231334588750213,2.9008881133333335
agm005652972,12.654244850539214,5.06691175
agm005653772,16.453598554887837,3.0153110033333337
agm005654033,17.41520211802523,2.6686981016666667
agm005654085,17.231757073182926,1.59082637
agm005654133,17.56374275262905,2.155135075
agm005654177,16.685466201500702,3.1471643683333332
agm005654680,16.79854055334925,2.9225666666666665
agm005654842,16.573506724559106,3.047198051666667
agm005654862,12.557323364360785,0.17159991166666666
agm005655232,16.140747252084456,2.805126001666667
agm005655524,11.00373863048493,1.7368358783333333
agm005655762,18.376994348705864,5.11903401
agm005655971,19.64776680934469,5.891183733333333
agm005656815,12.417562246377837,-2.7379342675
agm005657189,14.356358141978149,0.6693093999999999
agm005657198,14.753985089844958,-1.0893135816666668
agm005657305,15.79257476251103,2.8208566166666666
agm005657691,16.28591326278009,1.968527095
agm005657855,16.213196095937615,2.482284375
agm005657871,15.29163422236835,2.0033928133333334
agm005657946,15.648736914248934,2.1042924583333336
agm005658131,14.764607986615992,1.5803579416666667
agm005658294,15.367696113556178,1.6556266283333334
agm005658734,16.486273797353935,1.7673111916666666
agm005659056,10.784840996759542,-4.048670946666666
agm005659085,10.844440125195936,-6.0763342016666675
agm005659150,12.177470841112736,6.140290201666667
agm005659328,14.934903047066742,5.483537201666667
agm005659597,11.514907777244579,-4.251646605
agm005659709,11.317273179941088,-2.2257745
agm005659983,11.985644968552336,-2.1441725333333332
agm005660539,21.296341048344235,5.3337392900000005
agm005662506,15.272538579281003,1.5011044166666665
agm005663619,16.720829685206247,2.1737281525
agm005663660,11.469985559724526,3.186919553333333
agm005663784,15.818146057812505,3.144159398333333
agm005663842,16.68031138371787,5.416078735
agm005664341,17.683434972917976,5.304253545
agm005664999,17.23078284723279,2.728275365
agm005665066,5.13907242768292,-3.0727632225
agm005665311,16.18741086900389,4.661858643333333
agm005665631,17.65042368394796,4.674993546666667
agm005665681,18.860082582795442,5.176638108333333
agm005665734,16.417956180553833,5.296290335
agm005665776,17.00739298908486,5.537588198333334
agm005665795,18.619031056275333,5.612117221666666
agm005665827,18.473403329681826,5.568133311666667
agm005666137,17.696378588358336,3.10621545
agm005666762,14.790649081748889,0.672941395
agm005666789,18.174752159798455,5.347906995
agm005667046,12.277588676531222,5.561077914999999
agm005668490,16.63661207084916,5.408411318333333
agm005668537,17.969584674609948,5.8947405433333335
agm005668545,16.895137960642767,5.382870003333333
agm005669978,14.933406090527736,2.2513019575
agm005670704,14.425290622977391,6.382617675
agm005671259,13.543773440968595,3.693503396666667
agm005672078,18.448237890855605,8.288666323333333
agm005672114,21.214238250524755,9.86236323
agm005672851,15.310143866031439,1.0186415500000001
agm005675910,13.432994540249508,1.36903587
agm005675966,14.958790085702171,-0.59911391
agm005676057,18.720974908141915,8.568251771666667
agm005676379,14.570005173083203,2.755454821666667
agm005676632,19.672837656275252,6.301975005
agm005676668,18.95245676433917,6.288155353333334
agm005676740,16.37813656325229,2.6365831375
agm005677145,13.415917923865232,3.57723833
agm005677210,12.43595914610076,2.387359705
agm005677220,12.638399751761252,2.5088926975
agm005677393,15.507040963292416,-0.5293753083333333
agm005677505,15.412053872098246,3.012219965
agm005677694,19.302332587892348,7.921430248333333
agm005677735,19.866920125242792,7.735224443333333
agm005678969,17.601833697555886,5.146178998333333
agm005679614,15.03106139475566,2.8199329133333335
agm005679645,13.97596006068296,4.969213291666667
agm005680013,11.309466170936679,-0.8799637166666666
agm005680119,11.157140951857334,-3.2015540716666666
agm005680306,16.501419814887615,3.3240767449999997
agm005680318,16.541427900678976,3.7748895183333335
agm005680342,14.34232623158973,1.3473745266666668
agm005680663,14.29164949336107,2.6082549133333335
agm005680702,15.751604568537784,3.4844206733333336
agm005680810,10.137568359251455,-1.5567007549999998
agm005680853,12.952397981334796,3.491784871666667
agm005681081,12.223242461716763,0.7557328466666666
agm005681139,11.519721343937519,0.31489325333333335
agm005681165,12.823703327669428,2.3950307133333335
agm005681191,14.577012631432295,-1.0575025466666668
agm005681244,13.196308332178795,1.6531974433333334
agm005681260,13.258055318418167,-2.101088005
agm005682034,14.111810883047687,-1.1246938666666666
agm005682154,15.671274194747387,4.4790749375
agm005682165,13.160866576771438,2.2298751033333333
agm005682336,14.591175131083434,-2.184280643333333
agm005683187,12.989148853486775,1.3548080716666666
agm005683984,14.118029728718561,0.07233771833333334
agm005684832,12.913449622882853,4.461111558333333
agm005684875,13.310939529683848,4.217309226666667
agm005684967,12.581314634308043,-2.086968605
agm005685367,14.004901358720566,-2.2933628133333332
agm005685513,14.144895428323784,5.048013098333334
agm005685665,13.366640043501027,3.880397353333333
agm005685906,10.441371090423027,-3.77264414
agm005685956,12.765626302207453,4.810822895
agm005686061,12.662865465143474,0.07312547833333334
agm005686362,14.255717553880983,0.81189994
agm005686530,14.509651789030173,6.6819058516666665
agm005686695,13.860862289895122,-1.0720576783333333
agm005686837,12.138029192477115,-0.61548893
agm005686863,12.636932972463145,1.6952791749999998
agm005687138,11.664230561231378,-2.58084123
agm005687448,13.650905352914203,-1.7643037799999999
agm005687526,11.574977787637778,-2.401450796666667
agm005687809,13.921166180431825,-0.6339165166666666
agm005688045,11.078193424574316,0.36560565333333334
agm005688201,18.131388483751365,1.1487698383333333
agm005688376,7.82061966850639,-1.6236252266666666
agm005688537,15.412989031775417,1.8674559116666665
agm005688550,15.085114713847872,3.0943995075
agm005688846,15.589501772719139,3.003669325
agm005688923,15.614442137636438,-0.45606616333333333
agm005689651,15.559147746803564,0.630902685
agm005689739,18.668015009218227,4.769250251666667
agm005689900,10.810226510723682,-2.2760342049999998
agm005690481,16.697924584791185,2.61186995
agm005690501,18.38572441758574,5.680500375
agm005690629,16.574909038734276,4.264157788333333
agm005690814,16.559175095701537,3.524486251666667
agm005691100,13.580093674059777,-3.096914735
agm005691220,14.47447375612515,-1.3022958566666667
agm005691223,12.775169271490752,2.5922721783333333
agm005691259,12.702594775285691,-1.132480195
agm005691277,14.212490198574775,-4.347283966666667
agm005691376,13.090975449114277,0.456335655
agm005691429,12.90550029656165,-3.3871292200000003
agm005691552,13.208358120338383,-0.293029995
agm005691620,12.629790851086765,-3.3456327466666664
agm005691976,14.681303430336298,-5.093631323333333
agm005692077,13.027869847644068,-3.3808136216666664
agm005692101,12.453914520961364,-4.440561274999999
agm005692117,12.454882664984035,-1.2021204483333332
agm005692202,15.397254398175974,3.0133827716666666
agm005692344,10.055641397346783,-2.993324545
agm005692589,18.805178654320347,6.206131431666667
agm005692986,10.336559578101223,-2.361627061666667
agm005693021,13.492196178167847,0.6922780016666666
agm005693356,19.374183833965034,8.323010105
agm005693527,15.051328110089692,3.7560945075
agm005693906,11.56314379353851,-2.2917166383333334
agm005693940,9.125387959821353,0.5948148433333333
agm005693976,13.8322464897308,2.2831593683333335
agm005693996,12.169224795309917,3.7428439499999997
agm005694212,13.472128422801026,-2.1957543383333333
agm005694286,12.383301694039597,-2.9945948983333337
agm005694579,13.342734825408526,0.31978179166666665
agm005695245,13.066190354851306,-1.7850152816666667
agm005696009,10.103050618950817,3.05737211
agm005696103,12.603588794145699,0.3894151266666667
agm005696122,12.784062983714955,0.49673462
agm005696280,14.239248822536515,-0.0711596
agm005696471,11.687634903611867,1.1017201816666666
agm005696771,10.874005889533608,-3.9709776333333333
agm005696874,10.72497852554349,-2.4541605333333334
agm005697047,12.622768688314382,0.021306803333333332
agm005697148,13.2901978692778,1.4500117983333334
agm005697262,13.125878395782907,-1.1427571316666667
agm005697553,15.253073594429425,-2.0896945283333332
agm005697606,21.791287930874162,9.2950291475
agm005697611,14.392582944845543,1.17138882
agm005697643,10.16687190943133,-1.8899676666666665
agm005698477,14.231343270915495,1.0532137416666667
agm005698726,11.138285952048754,-1.5014227783333334
agm005698962,14.73702045520894,4.587476933333334
agm005699635,12.463082822436661,3.3035369716666665
agm005700188,15.594655541608455,4.277501058333333
agm005700732,13.009140920777966,0.345715225
agm005700896,17.687626213697477,2.9211617449999996
agm005701008,15.178926000918617,2.715052813333333
agm005701548,10.30418977454549,1.5307782516666668
agm005701776,12.021756462445985,1.365459255
agm005702045,10.225090978062806,0.7295798699999999
agm005704081,16.327860169453718,3.57919169
agm005704164,14.748462400113846,3.40952317
agm005704438,17.421662466111997,5.764679555
agm005704470,14.656499966099844,6.934114811666666
agm005705880,11.076176916896706,-2.128967395
agm005705911,10.32949072594585,-2.226499951666667
agm005706253,12.899798162418696,-3.6447955983333333
agm005706502,14.668440785254631,2.8210392816666663
agm005706851,15.367668437121852,3.5165999183333336
agm005707251,10.749417871003558,-2.7233228233333335
agm005707792,16.250581733298997,4.777154941666667
agm005708294,14.641185174576144,0.24675723666666668
agm005708927,14.242755295670845,0.35403585
agm005709092,15.709670628233125,6.4985798316666665
agm005709179,14.010494824025416,1.890683795
agm005709401,14.112991651224242,4.0804114799999995
agm005709404,14.021293412038226,4.33247387
agm005709410,14.162274088339124,4.413806645
agm005709417,15.41723882173219,2.696197305
agm005709518,14.986751193807912,-0.19598908166666665
agm005709638,8.581739483263354,-0.7880657875
agm005709639,14.560623420883369,3.9399639966666666
agm005709722,17.094199046662812,5.2049946333333335
agm005710025,16.262452749439834,5.429237215000001
agm005710924,15.521240065747733,6.896221916666666
agm005710962,16.313865747881255,5.838912026666667
agm005711281,16.30093625360686,8.30700554
agm005711375,15.393865149303288,6.787431575
agm005711417,19.079912249392134,7.784001466666666
agm005711522,15.550766558162275,6.742771615
agm005711549,15.978503456010108,6.960445186666667
agm005712111,16.533203714765232,6.2664554316666665
agm005712310,15.998292473918196,5.9884944283333335
agm005712766,18.18265184317058,6.516657006666667
agm005712800,14.199731973702699,-4.3429303275
agm005713801,10.951458914480943,0.041248371666666665
agm005713849,13.634584800853922,2.53022795
agm005714663,15.465811665552495,6.589562231666666
agm005714758,15.455904637274477,4.215851126666666
agm005714869,15.346398136126576,3.1515402249999998
agm005715192,15.911060504384112,4.437103073333334
agm005715690,15.279073603586545,6.739086656666667
agm005716630,11.003737647020493,2.710014081666667
agm005716942,17.44820250232874,5.623649273333334
agm005717407,9.849282263543682,1.3240419683333333
agm005717627,12.444287016599867,2.3062479083333334
agm005717823,14.99591794585708,4.302624503333333
agm005717837,15.155285143173385,4.39781186
agm005718647,15.18400378340374,4.959546358333333
agm005718756,14.491759290078015,4.9107090866666665
agm005718806,14.921290073134758,5.178094168333334
agm005719058,10.758578557196806,2.9295813600000002
agm005719756,15.459478359014971,5.903639016666666
agm005719965,15.324062846859086,4.611845561666667
agm005720559,15.838385728238356,3.8261445383333332
agm005723799,13.69896231989191,-3.2976923433333334
agm005724261,17.367514311713986,6.538941931666667
agm005724341,17.54727308306375,6.626284418333333
agm005724531,18.69695754054786,7.082205666666667
agm005724601,11.168502369069145,1.2892701716666666
agm005724937,17.315969517292938,5.780291956666667
agm005725054,12.766941450145975,-1.37553686
agm005725080,13.624034935778601,-3.74340029
agm005725082,16.72587237103908,6.871417752000001
agm005725319,15.887049433548492,7.746159164
agm005725343,16.28968885405817,6.708056462
agm005725673,15.957521942383975,5.565601314999999
agm005725710,14.495569703581618,3.318743832
agm005725716,18.447364907049252,8.054779688333333
agm005725859,13.516057764909025,2.981588076
agm005726174,14.50978611096963,0.9777718083333333
agm005726359,12.916014704154515,4.95349942
agm005726400,14.811508266104795,2.2913959640000003
agm005726421,14.933878377094128,2.005373646
agm005726758,17.366876961596077,4.845650415
agm005727003,17.960812773173057,5.924907416666667
agm005727289,16.15852182035229,6.956672224999999
agm005727295,16.436241155057616,7.97722963
agm005727306,16.482626348184628,7.213681193333334
agm005727527,17.915978162469482,8.400746383333333
agm005727540,12.728566512168511,4.881931736
agm005727812,16.728643352570653,5.926127546666667
agm005727973,14.42637340811614,4.720696113333333
agm005728056,19.407271674275723,5.894072120000001
agm005728424,13.516676854201764,9.510530993333333
agm005728537,18.49660915174026,5.238223255
agm005730035,16.679230801705327,4.292078825
agm005730171,16.48503268371176,5.026673771666666
agm005730200,16.65826730052054,5.116708038333333
agm005730261,16.241614858722617,4.962355145
agm005730557,16.08271841322792,4.8913041349999995
agm005730622,16.04174352586897,4.900801033333333
agm005730636,16.43462833077297,5.02963193
agm005730800,16.350510035334185,4.982531345
agm005730884,12.897332925813329,4.556968263333333
agm005731217,16.784914819599148,9.577773125
agm005732215,14.932412897480253,10.449218811666666
agm005733992,6.1695194220040275,-2.957642275
agm005734296,17.472330795721337,5.753124395
agm005734703,17.0627065714305,5.59465538
agm005734737,12.31023744075219,4.3742341075
agm005735078,17.480517740601773,5.7744392950000005
agm005735265,16.99252899586148,5.565772903333333
agm005735524,16.64304142199467,5.414590741666667
agm005735593,16.544383136497572,5.337633595
agm005736265,16.603607242648092,5.376738338333333
agm005736599,14.437599875127171,0.804761514
agm005736631,14.90944263286249,1.302615674
agm005737533,14.135198472418608,3.36859173
agm005737791,13.32950086935675,2.1430762116666666
agm005738536,16.12165435229529,3.233190361666667
agm005738973,14.7500273800823,4.644579951666667
agm005739069,13.772498639563535,5.066658866666667
agm005739494,14.279024115562052,4.676468203333333
agm005739560,14.965698125893441,4.511020398333334
agm005739568,14.454572202276147,4.634199333333333
agm005739673,15.048968440779127,5.060456783333334
agm005739857,13.799550563477906,4.171645846666666
agm005740084,18.546469564586495,7.0261972466666665
agm005740179,15.790321807336094,3.402742938333333
agm005741208,16.746480749663494,5.7974395633333335
agm005741249,17.236256311203814,6.820992496666666
agm005741321,15.944088669869181,3.791572808333333
agm005741360,14.509929450712674,2.747257101666667
agm005742017,12.149185443843322,0.15720599999999998
agm005742330,17.92093464227715,5.4064571416666665
agm005743058,15.742145380561775,5.807508958333333
agm005743214,12.313031431702832,2.4232329166666666
agm005743468,18.042024692169928,8.574575186666666
agm005744375,18.74953075109159,7.368973836666666
agm005744518,13.84417424861836,-1.4418240375
agm005745022,13.16248723155212,3.4519236249999996
agm005746064,10.714844485081072,-1.7368962283333333
agm005746420,16.114458801718037,4.760199306666666
agm005746500,13.038048757105388,-5.398563481666667
agm005746952,16.967989304181437,5.050758101666667
agm005747654,16.506115154889343,5.046457645
agm005747698,15.978704069653254,6.051882808333333
agm005747946,16.42326387415366,4.990916875
agm005748632,8.919904245411477,-4.5330604675
agm005748638,17.771617365856894,5.4317350950000005
agm005748853,16.86484286454586,5.478383563333334
agm005748910,16.908216802512705,5.50158552
agm005748983,18.122896652127015,6.9846983875
agm005749024,17.80421663325339,5.934671485
agm005749207,18.158499257426456,3.783912871666667
agm005749249,11.977824659447508,4.030914581666667
agm005750209,16.787636665855526,5.4457458433333334
agm005750268,16.38183427067986,5.293995895
agm005750626,10.98387477020217,-3.178418466666667
agm005751773,12.062546394222126,-3.4761020350000003
agm005752114,17.06983048586513,6.116531953333333
agm005753021,14.896305372824889,5.665006478333333
agm005753251,16.649245080691966,5.020637431666667
agm005753355,17.409175121091447,6.622328045
agm005755331,19.571678732670797,9.25984
agm005755741,17.553529931192184,1.7485872933333333
agm005755854,18.28171208361966,0.9017177833333333
agm005755886,15.630585343743157,5.270060281666667
agm005755978,17.025915323746563,5.561488456666667
agm005755982,17.448155429913246,5.648684081666667
agm005756780,17.448445009332286,7.531505808333333
agm005758419,16.08314042233503,6.182525666666667
agm005758638,19.344812882632638,6.1992034233333335
agm005758688,9.890291583099955,0.31495656333333333
agm005759120,15.543885047206544,1.6599168283333334
agm005759277,18.32202522628882,4.896047708333334
agm005759929,18.00610592546659,1.9994686766666667
agm005760064,12.334241766343878,3.1753603466666664
agm005760584,15.123293441982788,7.2419002133333334
agm005760652,15.800186402834093,7.620932356666667
agm005760917,14.381408773906719,-2.25479109
agm005761385,15.967523916710627,6.374247789999999
agm005761818,12.486882334040269,2.391668105
agm005761825,13.220192211953886,3.064510476666667
agm005761883,11.820650058546155,2.0108889199999997
agm005761896,11.981564881799548,1.972126585
agm005761902,13.173191819811978,2.611998996666667
agm005761943,12.662604834759717,1.9475425233333334
agm005761998,12.695723900172544,1.9700361133333333
agm005762174,15.548061299484992,4.409558673333334
agm005762389,11.89672096982999,3.1368207100000003
agm005762686,13.338862283459248,3.8508368516666667
agm005762812,18.056470932557517,8.662915875
agm005763047,16.845612615104148,8.836161903333332
agm005763089,14.505164996437609,3.8087629283333335
agm005763160,15.474335096867009,4.556583576666667
agm005763167,15.125238936411078,2.9548161433333333
agm005763243,16.62238476700649,5.396315553333333
agm005763390,13.30899277883947,1.781841355
agm005763628,12.917468932639851,5.751884276666666
agm005763689,12.180613610219192,3.1763037766666664
agm005763724,12.573999150005895,4.96784304
agm005763734,12.680616386017817,5.033488528333334
agm005763999,13.236850349931816,4.6715889016666665
agm005764099,12.828884954433212,4.454998791666667
agm005764152,13.046700335789657,4.594337285
agm005764268,12.713753189594321,4.198251636666667
agm005764399,12.584605679352615,4.330184235
agm005764447,15.189138547621253,4.308957135
agm005764472,18.448621363408776,6.642299783333333
agm005764573,16.099762924770946,4.132784261666667
agm005764837,15.660584430893016,6.480820125
agm005764979,17.636832065974968,8.023880165
agm005765146,19.236042080458013,6.297720946666666
agm005765180,16.109119318640822,6.4975140216666665
agm005765570,15.690224875051342,4.65366035
agm005765871,17.272502889759348,7.48307217
agm005767487,12.58520438766677,6.622160806666667
agm005768371,8.816241137017125,0.5666840066666666
agm005768517,15.047999199732104,4.996415065
agm005768955,13.743956189766168,3.75068188
agm005769719,12.261400183524701,3.2244001166666667
agm005770113,15.877283269416857,4.0704957550000005
agm005770367,14.455151036471774,4.244868996666667
agm005770484,14.2201561666008,-2.781979611666667
agm005771035,12.130417050664645,-2.870858055
agm005771162,11.059587077158016,-1.6871095133333334
agm005771389,16.842859944038867,5.54789672
agm005771399,17.294119918780275,5.539542745
agm005771704,8.20068917524098,-4.857191265
agm005771807,14.429170853661075,3.96097182
agm005771959,10.575830045207402,-3.314411273333333
agm005771970,13.212388807504164,0.0581828225
agm005772082,15.821438008882707,4.99331684
agm005772868,10.738824621367877,0.15611356333333334
agm005772927,10.200756536784597,-0.372218275
agm005773607,12.451449065865477,-2.3984475733333332
agm005773704,11.350600688280961,-3.1853249916666666
agm005774011,16.228264930320908,4.397316493333333
agm005774071,15.108878385732853,1.6572767466666667
agm005774223,10.023665089683274,-0.5167791316666667
agm005774394,16.29849300401624,5.569324389999999
agm005774410,8.999648873894417,-2.19623795
agm005774681,14.015426444115024,-2.36555808
agm005774736,16.588484001290194,5.460146915
agm005774778,16.499910722144136,5.427226795
agm005774851,16.41130477729949,5.490808328333333
agm005774917,13.681191045641475,-2.134761475
agm005775070,14.35544136973459,-0.5959219116666666
agm005775208,14.027875698633144,2.1863012025
agm005775397,14.122473406695402,2.349508105
agm005775553,14.925584823838378,1.913221245
agm005775556,17.69891327515886,6.274356223333334
agm005775702,17.037191924993078,5.948202676666667
agm005775996,14.665970871055073,3.622828315
agm005776403,16.290995144731827,5.035900943333333
agm005776464,15.999170536218676,3.5807958516666667
agm005777169,8.023767645079294,2.188962361666667
agm005777700,13.395384452437424,1.309295735
agm005777869,17.09441136490752,7.110037613333334
agm005777908,16.808990349119693,5.856510683333333
agm005778011,16.61358753391175,6.226167993333333
agm005778455,16.13374818218463,6.095660671666667
agm005778523,17.298735166689607,4.757146138333334
agm005778599,16.42142829935739,0.025267896666666668
agm005778965,15.154767926693038,4.10570315
agm005779262,15.540748524273369,4.524805671666667
agm005779558,14.8672405718984,4.194582788333333
agm005779757,14.061256857630852,3.55041204
agm005779982,14.136521350801436,5.419287935
agm005780138,15.02536620810695,6.255759948333334
agm005780206,16.794205966362906,6.478929766666667
agm005780308,14.079918119344905,4.464328081666666
agm005780819,15.45942953602046,6.836843641666667
agm005780858,14.89319448467114,5.274886988333333
agm005781227,14.847128173912294,4.231347123333333
agm005781552,9.682303738029118,2.3232664
agm005781845,14.86550164118674,4.288770125
agm005782376,12.537485806585563,3.3664326083333336
agm005782514,8.480270778963877,1.5221082066666665
agm005782597,15.074294711202862,4.059151671666666
agm005783025,9.875915101589982,-1.2286348966666667
agm005783171,12.069074441272143,-2.3096365383333333
agm005783280,15.943397758739506,5.149261231666666
agm005783353,12.184683896397091,2.301644963333333
agm005783776,9.58603891922175,-0.057386085
agm005784023,13.610043220631802,4.08646786
agm005784074,14.595377797696132,4.573264555
agm005784133,11.574675069759314,2.046302921666667
agm005784384,13.044510995368329,4.515105245
agm005784426,16.902780424801104,5.361637273333333
agm005784760,13.879444474804433,2.2453604075
agm005784897,15.920921669997663,4.8962880066666665
agm005785341,15.042125041251536,0.7168671966666667
agm005785406,16.72639627184573,4.1403462116666665
agm005785420,11.462298403486242,0.9001936466666667
agm005785665,16.57052578018762,4.956206395
agm005785724,12.35908973553144,4.52411718
agm005785861,13.362153797511619,6.673046936666666
agm005785997,12.630765154309065,4.9712664349999995
agm005786090,12.5523948966063,-2.9252429699999998
agm005786147,13.17385866459833,-3.6292425183333332
agm005786200,9.039979893282558,-1.6361542816666665
agm005786316,9.695081193371493,-2.6902050749999997
agm005786352,9.823592406481383,-1.9699810683333334
agm005786429,13.517338451424477,-1.2612076933333334
agm005786548,11.845442813644437,3.28272192
agm005786590,14.209134119997353,-1.9740589483333333
agm005786949,14.195890948866571,4.963975088333333
agm005787170,14.519765250260681,5.156479261666667
agm005787410,15.255534844330787,5.707789733333333
agm005787780,15.79966201095637,3.022832811666667
agm005787958,12.218330804556023,-5.238058298333333
agm005788178,16.66882269845251,5.783540591666667
agm005788214,15.461896972066333,5.238484706666667
agm005788221,15.484517380063878,5.252991828333333
agm005788356,11.779531420769482,-4.700177981666667
agm005789578,15.455631938886023,4.037448328333333
agm005789809,14.436743118253487,3.1091501816666667
agm005789864,14.410082180725256,-0.5191502
agm005789947,17.491165854095588,5.905838328333334
agm005789964,14.087601554473514,-0.7425256166666667
agm005789981,14.117509353161944,-0.7175649516666667
agm005789997,8.22348290006522,-2.5566187433333334
agm005790037,17.23103733701151,5.777920188333333
agm005790119,7.648726161098753,-3.12120443
agm005790157,7.450037840680249,-2.514455995
agm005790203,13.140671627166336,-3.820944668333333
agm005790302,16.382742906048176,5.903585426666666
agm005790340,16.99137394976683,6.130412615
agm005790487,11.32208235257688,-1.662058335
agm005790528,11.87289635784888,-4.203871723333333
agm005790548,14.522343803257954,-1.038018705
agm005790876,15.571467044095298,2.07688198
agm005790980,14.531513389213728,4.158356585
agm005791039,15.49504755548064,2.179984015
agm005791276,20.790118819455877,9.339406895
agm005791535,13.128951123239405,3.260968103333333
agm005791700,14.974340357076843,3.0439497633333334
agm005791712,14.78101332416218,3.9308585383333337
agm005791761,11.672398284208597,0.3763375033333333
agm005791916,11.113506401831756,-4.8684840566666665
agm005792322,15.446794483959332,1.6881485600000001
agm005792888,14.140566279329759,-2.081163236666667
agm005792985,15.142859242678668,-1.2526873316666667
agm005793075,17.746545721196807,10.4268026
agm005793112,17.764064564991518,7.021830651666666
agm005793156,19.026763087012586,6.311543385
agm005793291,13.00624607621787,-2.442728686666667
agm005793314,17.33163963823827,6.79072679
agm005793445,14.585604368192174,3.7735754816666667
agm005793562,14.593402636766795,3.7604247366666663
agm005793590,10.711729166844401,-3.3241259183333334
agm005793597,10.573805441891368,-3.5123299866666664
agm005793654,15.457611047366242,3.842413095
agm005793661,15.628384504952685,3.955502453333333
agm005793677,17.498466263584984,9.13598275
agm005793703,16.757248335714017,7.464472311666667
agm005793748,16.053883758075823,7.078139075
agm005793781,16.70451100698099,7.1325256249999995
agm005793980,16.671367549004714,4.876275281666667
agm005794106,10.395295497861595,0.9320007266666667
agm005794445,11.154255796631071,1.540400515
agm005794659,12.366437371155763,-1.9361412266666667
agm005795070,14.414260879138974,5.327725935
agm005795076,14.62033905697502,5.420139518333333
agm005796437,18.41319840694119,8.636917066666667
agm005798336,14.605887782848946,0.8575269883333334
agm005798657,16.763986500091544,4.3907183666666665
agm005800456,19.002481096172065,5.652915843333333
agm005803552,17.29560005232408,4.011551213333333
agm005805916,14.676514553992252,0.29741237
agm005806151,13.461555200747071,2.5846615159999997
agm005807102,13.04964073191012,-0.876922184
agm005807140,17.411206862597712,7.43816242
agm005807173,18.091786091147576,7.033834928
agm005807185,14.461051131790388,5.00598208
agm005807233,16.752699998790494,5.4694798239999995
agm005807347,12.835966171771878,2.9371637539999997
agm005807471,12.497308887878681,2.410703394
agm005807524,13.724747631924245,3.7342636259999997
agm005807599,16.052039119635754,8.111302358333333
agm005807633,14.23834875827107,3.10547717
agm005807659,12.747728191813348,1.5081842
agm005807683,13.880998371539329,4.977361244
agm005807986,15.100138092280142,5.413509226
agm005808076,14.289959853477836,5.422666202
agm005808200,16.8403819036235,6.797691798333333
agm005808207,19.761385656842613,8.62282741
agm005808280,15.637847926817404,6.781419462
agm005808713,13.98257335532258,0.34875482
agm005808919,13.404179963055526,-0.313439362
agm005808948,13.143838321838553,-2.25137735
agm005810017,14.920906827722929,5.648153295
agm005810291,13.426020169168781,5.712647826666667
agm005810669,16.703388843869106,5.394423426
agm005810708,16.63847743243284,3.202564134
agm005810784,15.937321690664273,4.099271998
agm005810910,15.919785532339313,3.2765153840000005
agm005810947,10.629817135237541,-0.169929212
agm005811675,17.217933691430485,5.636774421666666
agm005811694,16.27856619049554,5.279986118333333
agm005811791,16.809767545193385,5.345663198333334
agm005811799,16.857517648060774,5.374514418333334
agm005812842,16.8102649545753,6.364968286
agm005812920,16.718381322453347,4.153100356
agm005813104,22.37698204142216,9.64990006
agm005813111,9.968097951158935,-4.0540074116666664
agm005813705,10.213641393788917,0.151781735
agm005813863,16.80445873645094,6.893056592000001
agm005813878,16.803654686823485,9.75207432
agm005813998,15.846003968827532,3.6403273599999997
agm005814223,13.595269792506045,1.8854485816666668
agm005814307,10.690373104123209,0.2899563766666667
agm005814484,16.589083324207575,8.762264485000001
agm005814497,22.26126276578459,11.133963086666666
agm005814714,16.143185183470607,5.599768384
agm005817004,17.066933012190198,5.6220113
agm005817085,18.05045420228684,5.481661948
agm005817430,16.746941149049892,5.4507144599999995
agm005817700,11.423377596230443,-2.0448355916666667
agm005818066,16.895611239797294,7.471643951666667
agm005818345,17.03194759897469,6.406001428333333
agm005818705,12.68840075745318,1.6487185666666668
agm005818743,13.071224294134877,2.24889493
agm005818777,14.624166817095878,5.71352402
agm005818943,13.139733282005972,4.7453699600000006
agm005819009,13.242973249362718,2.080281185
agm005819285,17.12975342511473,8.078610741666667
agm005819487,16.654860849763782,5.61269858
agm005819568,17.720026742912786,7.0906361816666665
agm005819608,16.44166720663257,6.9587680700000005
agm005819674,16.03848151335973,-0.8743882016666666
agm005819797,18.342229958816187,9.617973461666667
agm005819801,16.11238784251775,8.046549845
agm005820519,14.772482790640652,3.8038910783333333
agm005820619,16.11785633080346,5.488578038333333
agm005820769,11.409282539435466,1.73020067
agm005820994,16.116554725848122,6.645398288
agm005821130,17.469633836876948,6.1016362583333335
agm005821522,14.445397944356182,-0.2878516466666667
agm005821531,15.580535804813735,9.130387496666666
agm005822057,15.358380303207403,5.772678308
agm005822082,14.345583314223015,4.214006885
agm005822128,15.567201647952592,5.090181488333333
agm005822204,16.34618409307754,8.617038584
agm005822209,18.060131483348595,4.5833343950000005
agm005822522,13.665976441893553,1.536857008
agm005822873,14.18223585992852,4.214456366666666
agm005822895,14.692287724781341,4.462557992
agm005823088,15.856753368358811,6.7160044616666665
agm005823107,17.045653078879813,5.525578566666667
agm005823483,13.347321067251437,-0.281199706
agm005823573,18.61989637476542,5.631801356666667
agm005823802,14.659925844791324,4.170463625
agm005824106,18.128224035486266,5.928746648333333
agm005824177,17.287448848260464,5.6368378266666666
agm005824547,6.752994518175243,-4.720836553333333
agm005825039,11.521377520125679,4.5344372900000005
agm005826178,15.012028648474384,6.134681432
agm005826463,13.225155844451242,0.584004556
agm005826527,13.703013465398707,2.81078735
agm005826632,14.293910833163906,1.143909978
agm005826843,14.535580687284352,3.038766505
agm005826977,12.478881162197885,0.5781664666666667
agm005827008,12.504413609937975,-0.08897338166666667
agm005827052,12.327087820206481,-0.22823917666666668
agm005827392,18.41021723826305,4.170858658333334
agm005827402,18.41315696377411,3.887475286666667
agm005828353,17.393287715134093,5.635748296
agm005828621,16.845570309478422,3.5923509279999997
agm005829441,15.613828953090948,4.368484228
agm005830384,7.262974528327893,-2.504295822
agm005831284,14.72782632177488,3.27569803
agm005831478,11.65199829961104,-0.398226864
agm005831632,17.654244599228,6.868303236
agm005831853,11.954137170525396,1.9875462679999998
agm005832390,12.520639656029662,1.950396686
agm005832452,16.695341648500285,5.566291538333334
agm005832685,12.82268820331025,3.119055756
agm005832698,15.989727248393194,4.525464594000001
agm005833023,14.261891754118379,4.506867803333333
agm005833399,13.112807697309188,0.406163426
agm005833680,18.91477580659788,6.031525340000001
agm005833822,15.806007778003009,-0.46835467666666664
agm005834122,13.82240476722535,-0.7231272433333333
agm005834142,14.26677059367104,-0.055515755
agm005834241,18.415358561749983,8.805090824
agm005834555,13.697662695510626,3.3803551599999997
agm005834751,14.291494121019303,5.695734065
agm005834776,18.88073332600676,2.60825883
agm005835447,15.490967458142729,4.868877984
agm005835522,15.283687995186048,2.311308752
agm005835598,16.575026198681677,4.89544666
agm005835727,17.20238885071908,4.596704345
agm005835843,14.200099681558948,2.507409742
agm005835984,5.296133113095375,-2.854453448333333
agm005836124,13.641757220812114,2.7695607079999998
agm005836184,8.214003945664102,1.18820139
agm005836201,8.205792010362236,0.716977085
agm005836257,7.015291360483971,-1.4481665483333332
agm005836568,8.315157980151312,0.192694245
agm005837175,16.99991160620403,5.41478591
agm005837329,14.733437245744534,1.738197348
agm005837881,16.654253763985718,2.934807142
agm005838058,19.2257480876708,9.347504608
agm005838126,15.020985325488583,6.7810300450000005
agm005838987,16.520894662580908,8.386874872
agm005839159,10.164943357028823,-1.5750425266666666
agm005839174,12.29015270999867,-0.28171037666666665
agm005839257,14.57278909147105,-0.8009795883333334
agm005839399,8.313564034540496,-1.6511109579999999
agm005839515,12.330119519257378,2.884405494
agm005839972,11.16358298731241,-3.8325558033333333
agm005840376,11.962364783168683,0.21638760166666668
agm005840605,12.779907360638907,-2.6438932333333334
agm005840607,16.68052310829142,7.2109592000000005
agm005840615,14.250288603337815,2.614313751666667
agm005840744,11.218111400319053,-3.627254133333333
agm005840839,11.951489988603534,-0.6160156366666667
agm005840892,13.542401691341924,-0.652484925
agm005840915,13.660666371304465,0.11113004666666666
agm005840973,12.411714664290571,-1.6640363983333335
agm005841088,11.7685048471859,2.4994714216666667
agm005841146,16.245847778371022,8.940268106000001
agm005841149,13.80745660406801,0.646013435
agm005841184,13.882371412159825,0.699018105
agm005841275,9.629967641053184,-0.6080124933333334
agm005841332,14.387457235971638,6.842939534
agm005841419,14.731981143718528,-1.8676170916666666
agm005841496,14.450826259276353,-1.5065707616666666
agm005841566,12.363342105480736,2.022251152
agm005841887,15.695792115180165,7.153767546
agm005841908,14.550463967365594,-1.93849533
agm005842217,19.883391157026473,7.806302746
agm005842289,13.811095341786384,-3.17535572
agm005842310,12.419295279430514,-1.1740840799999999
agm005842403,14.400343991035214,-2.7326693983333334
agm005842584,13.984860463520347,4.215654066666667
agm005842618,15.124944180384558,6.716670100000001
agm005842636,11.207444875450676,-1.2326584383333332
agm005842750,12.687623676830775,-1.9652423350000001
agm005842812,12.520794916348203,0.5913749316666667
agm005843054,13.143526165745621,-2.54046971
agm005843133,12.474129760960087,1.9997689933333334
agm005843158,12.743110222833408,2.1418905233333336
agm005843320,11.955288136676714,2.3567520233333332
agm005843702,10.548509414287023,-0.574669905
agm005844093,16.671981074487693,3.103927231666667
agm005844163,11.360244189352391,-3.4755135033333335
agm005844179,14.698633214452906,1.25418611
agm005844427,14.247621756763204,-1.1416064416666667
agm005844602,15.829826628032995,7.474452523333333
agm005844830,13.204645080571629,-1.9003472733333335
agm005844836,17.34299226987818,5.653218818
agm005844868,12.30933357708503,0.880304715
agm005844958,10.301894121984562,-4.850609596666667
agm005845103,14.409183829560368,-1.4495790466666667
agm005845129,14.626583760971421,-1.263727895
agm005845149,15.967217914091417,4.012774394
agm005845166,16.019483228518023,4.3135008280000005
agm005845246,11.204237191032457,-4.683172215
agm005845272,16.12006756282346,3.672647444
agm005845329,11.863999050505116,-3.0667189149999996
agm005845518,21.137012587509012,7.437083599999999
agm005845687,13.976856179528568,1.8769033360000003
agm005845707,16.90129938693257,6.242641302
agm005845791,15.15888265142091,-1.645667715
agm005845870,16.803807998142762,4.51907225
agm005846178,14.342987889928834,-1.1197945533333333
agm005846384,14.496284841490231,1.4728907150000001
agm005846447,15.481823649242346,6.162249678333333
agm005846554,12.714205224487955,2.89262617
agm005846624,14.18634006378213,3.4161652420000004
agm005846627,14.136065848716889,-2.05841243
agm005846972,10.780410833705554,-4.8890575683333335
agm005847037,16.33456781460833,6.151720922
agm005847115,13.941330088386529,-1.875695425
agm005847278,13.990662964461556,-3.7446527799999996
agm005847333,12.272826085685134,-0.7034723620000001
agm005847547,18.02783965155901,5.660043008000001
agm005847763,12.263274411635807,-2.59633688
agm005848653,12.0449001698681,-1.159560465
agm005848893,12.899414454220583,1.801455305
agm005848930,13.083204737467296,2.0804496983333336
agm005849433,13.056105878793746,0.7039546149999999
agm005850074,7.370731843334748,-0.076697338
agm005850334,11.810172077832352,1.964789128
agm005851911,11.950292161703933,2.636622361666667
agm005852563,13.26440211950254,3.647984048
agm005853391,14.867600550654117,2.807393165
agm005853558,9.103035569713624,-0.994595215
agm005853805,9.013236224018984,-1.676579
agm005854203,15.763883649703429,6.529967248333333
agm005855236,15.241307557136901,1.1977981
agm005855260,14.714051282138456,1.383944414
agm005857153,16.482102587006082,7.851865802000001
agm005857568,11.409656069319134,2.5193345783333334
agm005858376,11.39665118634565,1.236053185
agm005859178,14.213749643230958,5.106949741999999
agm005859459,15.621131974762527,7.692621381666666
agm005860117,12.455698458190652,-0.8266075683333334
agm005860125,12.437560334523274,-0.5141287316666666
agm005860319,12.302494823477723,-1.1104218133333335
agm005861058,18.041257850253768,5.4806156716666665
agm005862598,10.979958668653815,-2.083302515
agm005863937,12.976460812575096,2.2990603633333335
agm005863960,16.719940491887044,6.860934421666666
agm005865564,15.039010153485235,4.119603751666667
agm005867674,14.730826953130423,3.489841892
agm005869357,9.894126030598267,-0.2870057166666667
agm005869431,17.07982126390957,5.20299678
agm005870004,17.4144392806047,7.920977076
agm005870626,16.75401367818195,1.591249494
agm005871461,15.958972393529484,8.603729955999999
agm005871482,15.267108796002585,0.306648634
agm005871991,11.966166107930748,-1.69861778
agm005872767,9.601002844508878,-2.7118991599999998
agm005872868,13.088801625223974,-2.674927024
agm005872917,16.72796140146832,5.947416404999999
agm005872922,16.062985530881818,5.627195035
agm005873533,12.515621548765736,4.911575486666666
agm005873667,15.916516045744581,7.0827132079999995
agm005873811,16.418136542183227,5.663711058
agm005873863,9.695786907206825,-1.7421643716666668
agm005874133,15.426822928120032,5.056833488333333
agm005874660,9.76254524332698,1.098241284
agm005880011,13.146005776628208,0.5482050616666666
agm005880071,17.200163217135273,3.781567935
agm005885787,11.556410350557577,-2.0007390183333333
agm005887875,12.9865247555637,0.9396121633333333
agm005889108,13.682026727602395,3.987050084
agm005889608,17.82963011889629,3.235251025
agm005889835,17.68508868534865,3.7863429666666666
agm005890309,18.510162920794752,5.116149266666667
agm005890346,17.77825582755094,4.452859078333334
agm005890499,16.287041075991045,1.7848387916666668
agm005890660,18.330436187784724,5.1781772083333335
agm005890673,17.88055083290106,4.815215256666667
agm005890866,18.365470493940162,5.0481486349999996
agm005891401,19.032208403172444,6.233163078333334
agm005891419,19.041957153636236,6.2471989316666665
agm005891906,19.417068206090736,5.917975384999999
agm005891937,18.436499500562007,5.464435851666667
agm005892036,19.830935409743113,6.194920928333333
agm005892166,18.94492213730906,5.763110768333333
agm005892258,19.065958640915138,5.803514483333333
agm005892870,13.772022842814179,-4.60365981
agm005893875,15.338948854916998,4.607762528333333
agm005894750,15.57852720927066,5.154876248
agm005894769,14.969773054049458,4.833963008
agm005896020,13.54625809250659,3.8463682059999997
agm005897429,18.519198021484378,6.3308520999999995
agm005897791,10.59427586037087,0.42925307166666665
agm005898686,15.158622523557137,2.883676876
agm005899816,13.940219246853626,1.949331686
agm005901596,16.879388294383347,4.530532268
agm005903358,13.785649350976986,3.77888687
agm005904311,14.939995349797675,3.654800814
agm005905659,11.854367614954299,-0.305529765
agm005906452,15.891396021567564,3.6781064433333337
agm005906505,15.496866247573784,4.352804036666667
agm005906609,18.46192855552395,3.974602705
agm005906860,14.571414950962755,0.022150866666666668
agm005906936,15.127826725476325,1.3226196116666666
agm005906955,16.978298700157715,6.560611586666667
agm005907060,17.490769733575846,6.368294866666666
agm005907070,16.569758085431666,5.716595385000001
agm005907111,19.311141278410137,7.896748458333334
agm005907220,16.661520623908235,5.214865658333333
agm005907305,14.40769421912731,-0.10316377333333333
agm005907604,15.88222529545056,4.762808431666667
agm005907820,13.825296947152921,2.8054757616666666
agm005907952,16.627400348815975,5.279501898333334
agm005908029,16.216818967361604,5.17759339
agm005908170,16.148562721220422,5.125991356666667
agm005908360,17.41941245688933,5.7291726800000005
agm005908417,17.447602251973926,5.948140338333334
agm005908519,15.652623765635894,4.9422761500000005
agm005908539,16.527257363792895,5.337533608333334
agm005908570,15.77182481659625,4.9502655550000005
agm005908735,11.42451092726095,4.92600386
agm005908886,10.37387045179129,-2.534517974
agm005908942,18.40043504480569,5.021733552
agm005908976,14.858113251810115,4.37851049
agm005909249,18.938072835794866,7.533393118333334
agm005909257,16.918819177359357,5.928577981666667
agm005909621,15.514609596585673,5.029433215
agm005909659,15.65961634489418,5.70391651
agm005909864,16.507195448400097,5.3879494900000005
agm005910001,16.378209178347984,5.397244318333333
agm005910014,12.841715903349018,3.665088496
agm005910020,18.678806458201525,6.65271326
agm005910273,15.769062379977951,5.372846948333333
agm005910503,14.96425394857411,-0.30133193666666663
agm005910587,18.134981690928676,6.298893836666667
agm005910599,18.44921262714057,6.450082228333333
agm005910763,17.116326917852454,5.417362855
agm005910984,16.205813069873713,5.00287396
agm005911136,16.87269668801913,4.807569585
agm005911184,16.283988215087586,4.5383293983333335
agm005911198,15.655915990100937,4.72627281
agm005911217,15.740531917490967,4.775723681666666
agm005911233,19.61278633039426,8.051621821666666
agm005911238,17.01586493901595,5.862856418333333
agm005911254,17.11561724904523,5.9958437899999995
agm005911350,16.47848418947922,5.634493245000001
agm005911768,16.497128452454245,5.6548444149999995
agm005912660,13.733827931178691,0.261489292
agm005912820,11.730417494996944,-1.3148274683333334
agm005913767,15.060034756269033,3.77133884
agm005913768,9.172027758775165,-3.167084764
agm005913782,14.601562479496058,2.8013130700000004
agm005913810,10.788149797469524,1.818594542
agm005915138,18.442721791922786,5.0356567640000005
agm005915563,12.404950728171768,1.301066172
agm005917845,13.306818943700844,1.5546321300000001
agm005918172,14.923046153445014,3.05784027
agm005918230,15.238179549285759,2.6731718566666665
agm005918235,15.388133361601499,1.650755248
agm005920035,13.72508246371712,4.933535676666667
agm005920143,20.141353300422615,8.620559179999999
agm005920174,12.626622986711157,4.599897668333333
agm005920861,13.869820150293576,-1.9025824783333334
agm005921498,16.910982727578105,5.576029129999999
agm005921526,20.17256042058573,8.573087743333334
agm005922134,13.788850998471242,1.056805062
agm005922224,16.79697890148052,5.473821116
agm005922304,13.29207680930531,0.107488934
agm005922505,15.89121330216589,3.618790592
agm005923438,12.0793926314122,-0.6792151160000001
agm005925240,13.564495978277325,2.253899078
agm005925277,15.146057957595739,4.002042556
agm005925301,13.621461154476233,-5.028333156
agm005925556,15.90245621216767,4.330287188
agm005925670,14.365685620623026,2.607303326
agm005925683,16.110546044620413,4.171105508
agm005925810,15.310160043747691,3.985777264
agm005926294,15.011903234205352,4.2740638099999995
agm005926523,16.062986210973843,5.042256377999999
agm005926644,15.720630729900899,4.941418757999999
agm005926693,16.318649379375273,5.189256748
agm005926731,15.891533847813843,5.030794662
agm005926796,11.032075670675125,-0.47602542000000003
agm005926811,14.974494663816861,8.022232932
agm005926930,16.22658595068612,5.488096236
agm005926986,16.42987672152892,5.513954118
agm005927101,16.064263954899996,5.32589938
agm005927199,16.50434951706951,4.29179817
agm005927659,14.252780405254057,-1.720551948
agm005927748,13.335921636840808,3.657941534
agm005927765,13.603056478068115,1.30967699
agm005927847,17.387817999262566,4.992949272
agm005928127,17.397146523826226,6.187397836000001
agm005928272,16.805970565627028,5.87710916
agm005928287,17.408775889880864,6.217819578
agm005928304,17.01183698314157,5.945328626
agm005928352,18.252211662281304,5.2715200520000005
agm005930089,16.671776322853415,5.479480011666666
agm005930593,7.61062443159287,-0.779274318
agm005930808,13.204925660772966,-2.243702562
agm005931994,11.992764749654143,3.495961465
agm005932597,11.92368050101949,-1.9373867216666667
agm005932741,11.124279138566441,-0.2692871966666667
agm005933040,14.864374814406913,3.1010453466666665
agm005933131,14.737950123603206,3.374629261666667
agm005933229,16.352430450917307,5.545258825
agm005933259,15.511064780568086,5.157559941666666
agm005933278,15.632829960665566,5.217856139999999
agm005933313,13.292169160771877,2.8881430233333334
agm005933324,18.149554075530904,9.257429038333333
agm005933663,15.428345538245182,4.754214613333334
agm005933669,14.94942012219319,4.526648665
agm005933729,14.208419842600998,4.1950884366666665
agm005933813,11.689395935848047,0.41814790333333335
agm005934095,15.108865654883203,4.860203811666667
agm005934098,14.662252164553403,0.10409859666666667
agm005934107,14.79538502967255,1.1317507133333333
agm005934800,16.022174258050054,5.63513913
agm005935726,14.880190047332354,-0.6668373333333334
agm005937019,14.113907006802524,1.346822692
agm005937123,13.389799282049125,3.6538105880000002
agm005938182,12.832389867626793,2.45250068
agm005938437,10.583226504354611,-1.7844245083333332
agm005938558,9.840746147552625,-2.3134642216666665
agm005938677,9.63466497879012,-2.4804117383333333
agm005938690,9.60458013192047,-2.7634020483333335
agm005939227,11.74569614545157,-1.8744693959999998
agm005939355,16.44123185279623,1.48880772
agm005939578,12.230689241489817,2.448953074
agm005940104,17.062322893713592,1.10220366
agm005942162,14.835058354041262,1.324642504
agm005944335,15.186992128348809,4.8465174079999995
agm005947483,16.92722714758181,0.736789732
agm005947570,15.601223702489287,-0.661288962
agm005949803,13.96989932670119,1.86103241
agm005950105,13.90668727523954,2.5430327999999998
agm005950177,14.755758816120633,3.93600712
agm005950314,12.113986902456535,0.948234388
agm005955974,15.782972454129501,0.62490051
agm005956255,13.686753872735443,1.29548678
agm005956505,10.502787531840742,2.098059314
agm005956720,10.560622207695983,2.118015942
agm005956956,15.409193418115814,0.581496968
agm005957118,15.481590238114398,-2.422420862
agm005958042,15.574245955077112,5.695427102
agm005958548,9.916837497828382,-0.053193566000000005
agm005958612,6.176924757408942,-1.482128248
agm005958793,15.917151949217338,6.372395662000001
agm005959307,13.175027672286252,2.7125516860000003
agm005959732,16.518339358829916,0.196486112
agm005960128,16.54207441927679,0.947715662
agm005963512,13.459587882912421,4.854543142
agm005965254,14.220004845610415,4.130495474
agm005965295,12.774448274067744,1.414605436
agm005965482,16.108030264471928,6.717474436000001
agm005972045,17.75377309130535,4.40359939
agm005972058,18.690673770509477,7.07942875
agm005972133,14.357926544404638,3.724908738
agm005972172,14.654036066078428,2.835678012
agm005972311,15.203883733464954,4.325963366
agm005972584,12.765125258319404,2.400945598
agm005972626,14.905776861656417,2.34817295
agm005972680,15.630903878303249,3.747765784
agm005973134,12.817434906156922,2.02659878
agm005973181,14.28347429972536,5.245934114
agm005973259,16.025125021597674,5.83440346
agm005974023,16.17573641631464,4.2335365000000005
agm006185041,19.019111925771675,9.87016544
agm006244508,5.843027430092844,-1.821811104
agm006244514,8.025197409179704,-0.366037754
agm006250425,5.164275089794893,-2.5330980619999997
agm006375724,6.040988026765576,-1.1934955520000001
agm006380137,9.32846023343947,3.6642144699999997
agm006380305,10.623999097547513,4.600993481666666
agm006381615,7.7062637118056,0.266855176
agm006387056,11.219908849597566,1.3144627516666667
agm006391904,11.206217426876107,1.5711666483333333
agm006405482,8.953266575120054,-3.548422144
agm006419766,14.46781985812906,6.8134354266666675
agm006421402,8.451071194745305,-1.2823953080000001
agm006464260,13.006735015588674,3.77912886
agm006471507,9.762747717372116,0.6842969059999999
agm006498905,9.717666593472002,0.55549226
agm006527518,11.585007582853542,1.214475014
agm006616162,6.552501967872126,-2.36723571
agm006617266,13.33576941992778,5.697471971666666
agm006620029,12.471397239409692,-0.7487183916666668
agm006631948,6.542511263819183,-2.331469643333333
agm006632236,6.3290983020212614,-2.8358863816666666
agm006633476,7.756973453926279,-0.4776399316666667
agm006668187,10.183578357727342,-0.6726137633333332
agm006675001,6.734892620555563,-4.799651825
agm006675723,11.70666784508584,2.254536735
agm006676269,9.227492768920126,-1.5140244116666668
agm006716390,9.787224749521785,-1.6123318166666667
agm006716895,11.07521729282997,1.0128909233333332
agm006716973,11.190491974415465,1.7030035666666665
agm006824546,8.596706837523326,-2.432561846
agm006907774,12.009264757757348,3.4093783780000004
agm006912301,12.083331240733552,0.10158034333333334
agm006912508,11.480160749377907,-0.184559315
agm006940460,10.404231845041588,-0.8329194083333333
agm006979682,12.090138312397514,-0.8931940116666667
agm006982603,11.366160119151544,1.0036963749999999
agm006982826,10.311977706608866,-2.8626188383333333
agm006983364,12.215495221964334,0.09377468833333334
agm006993993,9.778915355644708,-0.156484905
agm007043693,11.936895690251921,1.288451095
agm007044399,10.539470526640212,-0.4539163
agm007044488,11.653000871949917,0.768235165
agm007044521,11.004860929098271,0.3139032275
agm007045279,11.542325526154197,1.7441798175
agm007049514,13.757730552997177,3.784456365
agm007056727,12.635189622900437,0.818644735
agm007075807,11.282681382416856,-1.1581867875
agm007076130,12.494107634819253,3.89188388
agm007076918,9.211538026546284,-1.62942041
agm007080800,9.304875867233523,-0.8030707625
agm007081128,13.139502718288753,1.5502299325
agm007100780,11.82354698350171,3.71858319
agm007288464,9.158120061745707,-1.756550758
agm007305751,13.137130044577063,1.9494643520000001
agm007308847,12.82785134724567,0.6712231519999999
agm007309702,13.038934252070504,1.708824486
agm007323518,12.922464900438888,4.540685706
agm007381324,10.309462496593236,-0.6177877875
agm007383408,7.447622326880537,-0.43410985
agm007385582,9.813047878809323,2.8607444525
agm007532809,11.43375998415771,-0.072734785
agm007533558,12.162865233195578,0.8435939475
agm007534159,9.688746734932295,-2.506791225
agm007534170,11.159879075407478,-2.1322791175
agm007534307,12.675132618400323,-0.89953954
agm007549370,11.056404956068231,1.6361623225
agm007553548,10.576802385434435,-1.44135688
agm007584816,10.92577230574828,1.02078027
agm007590735,9.434565854924404,1.8331422675
agm007590751,11.728799755673363,3.37304876
agm007593545,11.540268022343552,4.18986861
agm007836839,16.660867430549896,5.4267984060000005
agm007837299,16.263343405636657,5.22369542
agm007841331,17.27316227672188,5.640515865999999
agm007857457,15.349406131211854,0.6477975619999999
agm007872444,17.739980961571202,8.542002702000001
agm007891523,14.804418816208392,5.403011724000001
agm007899943,12.431540505790348,-3.282264138
agm007905760,18.338285251715693,9.388714766
agm007939000,16.91764690752482,4.721301694
agm007939455,17.11999930354737,5.567157108
agm007943225,17.77363448629505,5.959930154
agm007943412,16.718237858805217,5.464051052
agm007943979,14.296049137938743,3.8836693799999997
agm007953709,12.309184609835196,-0.58531435
agm007955303,17.841858733625504,10.347732292
agm007955453,16.71235929852926,4.438062154
agm007955593,17.40999458082978,5.6275955699999995
agm007955598,17.098800073442543,5.52849092
agm007956468,16.262693472262345,5.256369404
agm007956545,16.449016862218762,4.624465880000001
agm007956576,17.047106824282142,5.610658882
agm007956722,16.30931705145416,5.239382942000001
agm007975486,16.08097136390309,5.1872540825
agm007979304,14.219582611637177,-3.532945885
agm007998851,10.728181069316092,0.855142175
agm007998893,12.871117011891263,-2.019050845
agm007999104,17.36909342819904,5.79033981
agm007999154,16.842227793877107,5.540795636666666
agm007999225,16.102377468478966,5.237840586666667
agm008001808,13.056033023501437,6.072187201666666
agm008003242,16.308449331608124,5.25387972
agm008004413,13.075033360015949,2.51155956
agm008010851,10.187535116311418,-2.4234881533333335
agm008012955,16.663651635245014,4.813536503333333
agm008014034,15.06759945202794,5.7231430025
agm008015918,16.98485520693413,4.905510963333334
agm008016287,17.115799106936375,5.638387126666667
agm008020423,15.7414104753477,3.2527910566666667
agm008021582,16.726988768788893,8.077141305
agm008021714,15.869214300512668,8.572451435
agm008021786,17.477490966922943,4.319246286666666
agm008022428,17.92491391618688,4.425146435
agm008023310,11.939405320447259,-3.396113655
agm008023384,14.27789795714665,0.24344718499999998
agm008024720,16.46241435026194,4.3289331775
agm008029827,8.309723333092947,3.045986785
agm008031180,14.97588438407159,6.1711106275
agm008032343,11.553456296030692,-0.1044543125
agm008032367,12.406547304191655,0.9658458
agm008032389,12.83710779629872,0.69044469
agm008032450,17.059171389351018,5.927460795
agm008033151,17.109619935135875,5.5932830325
agm008034326,16.459959963540484,5.29639941
agm008036097,17.199548325386367,7.31732585
agm008037988,18.273558066767198,11.690523296666667
agm008042403,15.822948689345319,6.9752606275
agm008042460,17.681119517142328,5.856299222
agm008045481,16.860698686912276,5.506051461666666
agm008045564,16.9500588084349,5.551294543333333
agm008047555,17.203027279127532,5.295416538
agm008047717,13.362442237994687,2.953768705
agm008048072,16.63209098461485,5.38476847
agm008049199,12.644789386241738,-0.06390013
agm008049815,14.216288167717527,-3.802259435
agm008049952,14.291699834615642,-2.3140725316666666
agm008050601,13.320229506715984,4.009908265
agm008051615,12.205003728494331,-2.4120305516666667
agm008052549,16.688973315336003,4.3447562883333335
agm008060396,17.589823711375534,5.724463355
agm008061010,16.308067983290837,5.3028998666666665
agm008061071,16.581816331923118,5.411463123333333
agm008062538,16.921482914877174,4.92130519
agm008062985,17.07350391893595,5.409166298000001
agm008063638,16.35957855435549,5.3202286899999995
agm008072144,17.035285836118213,9.41878799
agm008073622,16.447814682724836,5.325687824
agm008073719,17.029203149238903,5.57009898
agm008073831,17.51686195071148,5.785424434
agm008073960,17.496661864415085,5.773812728
agm008074129,15.998496962048876,5.154406454
agm008074199,16.383613501939088,5.321374156
agm008074355,10.117103327876363,-4.079423761666667
agm008076156,16.585119889555248,5.3886852759999995
agm008076716,17.945716614918666,6.0557685900000005
agm008078054,14.019838731486052,2.589238706
agm008078715,8.744531331752736,-1.537193102
agm008081407,16.211155288712092,5.263183351666666
agm008083608,15.150951118291507,6.07144626
agm008084858,13.817208788153417,3.3475426280000002
agm008085817,17.996830537654795,5.995241418
agm008088625,17.22473346847712,10.247205586
agm008089403,16.599826175672778,5.50241464
agm008089523,16.39793079157692,5.379296178
agm008091246,19.91366134297588,7.9673419580000004
agm008091258,19.88348004462416,7.953613108000001
agm008091491,14.29186154837701,7.774437012
agm008094241,13.922664781793054,-3.9846431860000004
agm008094354,11.819738895243265,-1.714666036
agm008095392,17.357550380823604,5.3733308225
agm008095431,17.34928428801562,5.792513535
agm008095483,16.89711835190912,5.1771356075
agm008099709,18.051617097789993,7.05936981
agm008100736,13.840248987484424,6.669873858
agm008107755,13.841298219871295,-3.721176594
agm008107897,13.732706652281271,-2.965239306
agm008108716,13.212142279469697,-5.2539628
agm008109249,10.728264322558369,-3.85772045
agm008111726,16.81499689468388,9.0548416
agm008111762,14.879964015528378,7.022610546
agm008118541,17.566958173161172,5.84010037
agm008123339,15.50582833510081,-0.23293721399999998
agm008134744,16.542059107690587,5.3692002599999995
agm008135991,11.989161177857037,-3.8167614650000004
agm008138810,17.241060154690903,5.56865715
agm008139018,16.495451269546027,4.236943226666667
agm008140436,16.8164108710854,5.561190776666667
agm008140633,16.304641568503374,5.27144408
agm008141670,12.514202964529233,1.62075713
agm008143940,16.856260587857008,5.556246904999999
agm008144658,16.445969161245625,5.349659953333333
agm008146668,12.503006466977842,5.965593911666667
agm008147758,15.250413415348184,8.579167593333333
agm008148637,10.717908300680511,-3.8074051516666665
agm008152052,18.05998120106554,6.048758521666667
agm008152131,16.540835111707157,5.398433973333333
agm008152185,17.234607964466687,5.515755798333333
agm008152303,16.42369447584457,5.35751239
agm008153544,10.90356035949229,3.2116124
agm008159153,14.491483213535863,2.095368275
agm008159848,14.705373194153793,-2.3582318033333336
agm008159901,14.049860561866032,-2.3423770816666667
agm008160735,12.418668873716385,-2.7130265700000002
agm008161821,12.68239268016758,3.95307163
agm008168424,17.42083298720334,5.775722646666666
agm008175934,13.675679863699763,-2.45497084
agm008194169,14.168130239134692,-2.5019305166666665
agm008199382,14.85582184141841,7.74948354
agm008203900,17.36664179874464,7.452949758333333
agm008205227,16.565264482193488,5.418853533333333
agm008205935,16.98009057627642,5.6199640933333335
agm008215645,15.827964852262177,4.666176588333333
agm008216416,16.680788879632896,4.005526036666667
agm008218537,9.653258408631215,0.41485300166666667
agm008225828,17.302315854254296,5.467160915
agm008245098,11.32395593365303,3.452097855
agm008252295,18.30133077957306,3.2821055116666664
agm008253035,16.321499368157777,5.266192606666666
agm008253117,16.409145243222632,5.3109996100000005
agm008259123,12.679722487957884,3.9212189733333336
agm009628081,14.660957194188528,-0.0658720225
agm009902156,13.415202818174352,-4.3438873925
agm010132175,15.327273334318994,4.241265283333333
agm010132331,16.765115993039007,4.935662851666667
agm010139614,16.737971152278238,5.428450071666667
agm010143864,16.402892736624548,8.226500244
agm010152592,17.502868520880686,6.43494726
agm010154292,16.100993974333395,5.181318355
agm010154546,12.228001980169033,-0.7062844583333333
agm010158754,11.712487462783185,0.5769381133333333
agm010163645,10.547268030762579,-3.0113667580000003
agm010165822,16.824668189150405,4.6600461475
agm010167437,15.383106426873288,6.218259335
agm010170525,16.343389263056267,5.27389232
agm010171452,16.46640785434897,6.709733875
agm010174870,16.51284195727774,5.351798893333334
agm010176768,17.382629385364314,5.765443665
agm010181312,16.568717149371192,3.9610419149999996
agm010182303,17.472001051151903,5.510358396666667
agm010182397,16.412651089300557,3.8998451183333334
agm010182911,16.756607756027638,5.4602476075
agm010184473,8.549613745558828,-2.7948684816666667
agm010184881,16.749806216390176,5.461211714
agm010185167,16.76017484582224,5.374502755
agm010185701,14.708017464774208,-3.8579999066666666
agm010186039,16.392434571963502,5.3318947733333335
agm010186361,17.187192265284924,5.370436318333333
agm010187722,16.48321921407025,5.3294008875
agm010188473,16.81566880090787,5.38794589
agm010188609,17.096106819005495,5.6310963175
agm010190999,16.535652662273904,4.065831675
agm010191080,14.07023324977663,1.6844747433333334
agm010192263,16.104340288107526,5.19912373
agm010192272,16.296497924483898,4.930556421666666
agm010192480,17.013524994831865,5.581638795
agm010192624,17.445424349241748,5.606044253333334
agm010193584,17.15587032711316,5.658594455
agm010193744,16.32912874478365,5.23518894
agm010194062,16.23102794903423,5.2322456116666665
agm010195028,16.259753882893396,5.2429658475
agm010195165,12.69533038190117,-1.13982116
agm010195412,13.004388451667962,3.674791935
agm010195919,18.054501069091764,6.040547641666667
agm010196620,17.395068809551404,5.49844464
agm010196640,14.0515029933377,1.6682529766666667
agm010196743,16.185565007431343,5.1833123966666665
agm010196937,16.41100903142536,5.2983175125
agm010197421,16.526906103477472,4.5005875675
agm010197690,16.43018951086272,4.4256222675
agm010198733,16.815501608642442,5.4890947675
agm010200197,18.06290817923865,6.045327611666667
agm010200779,18.018570502639506,6.850263196666667
agm010200959,16.783066729742163,5.34021214
agm010200976,17.620459910851654,5.854366590000001
agm010201574,13.38709818279206,4.970063928333333
agm010201872,17.354201897748347,5.712242506666667
agm010201952,18.66487619401806,9.120356053333333
agm010203349,17.50997831105062,5.789581306666666
agm010203617,15.929283360164748,6.8390379025
agm010204294,13.361083940056751,2.9487716966666664
agm010205616,17.434512809100944,5.311022475
agm010206631,17.243524133524257,5.684108348333333
agm010206765,12.431180446923522,2.9333750233333333
agm010208359,13.388301336223948,3.001670713333333
agm010208499,16.90178808029631,5.426147716666667
agm010210562,16.74576707355591,4.1906022966666665
agm010211755,17.02299773895943,5.1598434025
agm010213342,16.56270710313765,5.3760444466666675
agm010213876,11.542596450831207,4.007503786666667
agm010216264,12.778261974237331,2.0318360666666666
agm010216324,12.650089785394202,-5.29227981
agm010216555,11.102532856961277,-4.13735194
agm010216878,18.501023272242755,8.600954206666666
agm011088416,16.77243992032766,6.4251625919999995
agm011089396,15.314350134853877,5.04197883
agm011090087,14.379863930089257,4.347315184
agm011090679,14.34825646845475,4.648635984
agm011090743,14.966383830383279,5.241959816
agm011090856,17.235641179242478,6.360190922
agm011138262,14.142987623468253,6.973696028333333
agm011138351,9.279748244037256,2.625040565
agm011441659,16.394441842824932,5.2657063675
agm011468141,16.59494406724654,5.2972573575
agm011473752,17.06959381308633,5.465067165
agm011600447,15.680551136950726,4.539496605
agm011696424,13.976013970978455,3.7295206583333336
agm012004566,12.471903555384502,-3.3492342319999997
agm012021056,16.541243264771616,5.953384166
agm012103479,12.00355865168404,-2.7819525400000003
agm012110299,16.075521111895053,6.111013761666666
agm012113023,11.393729758542351,-1.3437812333333332
agm012122720,11.793693849380455,-1.6140633516666665
agm012192686,16.851990706598247,5.8153884116666665
agm012310534,17.101813734489344,7.143760243333333
agm012332217,15.366912204669736,1.4843071366666667
agm012401136,15.719678009164568,2.958642148333333
agm012403874,17.20819196466113,6.237961962
agm012413505,11.970816461830603,-1.45062722
agm012521189,14.43170001514059,1.1576170316666667
agm012560804,10.84305814317972,-0.14521851666666666
agm012567960,12.559447970257537,1.154311726
agm012640057,16.28689717964348,4.252338966666667
agm012737521,17.738066463968888,3.4047021999999996
agm012767450,12.784471564825788,1.4001097716666668
agm012779727,11.035403867327211,-0.29296584666666664
agm012854090,14.361367917700116,6.279592293333334
agm012908513,15.882969917161523,2.5976028816666665
agm012923806,14.86772083178789,2.0189229766666665
agm012977330,14.44982829929963,8.315241212
agm013160744,15.734539546896643,2.1822631283333336
agm013173269,10.892930148493035,2.492936241666667
agm013220847,16.770557296668162,5.363587085
agm013349247,10.547302412842845,1.0509394433333334
agm013362151,14.916944904201701,2.8315882233333336
agm013386778,16.335009873819065,5.220733813333333
agm013462024,11.316258397365555,0.5619918875
agm013688730,15.029933103055638,6.016025901666667
agm013852420,15.999155329758608,4.55429687
agm013873763,12.299254387162103,-2.940621866
agm013916012,15.175817186443217,6.055699061666666
agm013938164,14.087218227883913,5.698582218
agm013975329,18.45091565875924,3.7722141116666665
agm014137181,17.837212670219035,5.882329468
agm014170057,11.113158556459679,-2.087494344
agm014179099,16.830689122939788,5.4047166175
agm014193852,11.275335218706372,-2.016646246
agm014199315,14.772015047838778,-0.941947562
agm014304090,17.25815755414286,5.856230834
agm014345390,13.528687829061658,-0.55932103
agm014407251,13.524762641135064,2.4239137116666667
agm014432366,16.817293677558155,4.805679962
agm014479225,16.73774616343609,4.516278625
agm014524328,11.831760750534277,0.6006115283333333
agm014578292,17.429543716070572,5.688142988
agm014599556,13.576964371658287,4.9675402779999995
agm014713500,11.185531879842978,-1.5615428816666668
agm014777643,14.374569867219886,-0.899519845
agm014793546,10.631443991571135,-1.9985563259999999
agm014808984,12.738727074410383,2.111018044
agm014853698,12.286548083682993,0.6254794866666666
agm014869037,12.695750824537075,1.571726668
agm014915092,14.309263513701117,5.229347622000001
agm015170817,9.990683362829339,-0.9164480766666667
agm015201282,15.85384059537968,0.69237692
agm015207847,17.049985899195413,5.220222132
agm015219380,13.536212026066016,2.1658676833333335
agm015374207,13.6230782514056,-3.1718848025
agm015386376,9.716998848353317,-2.466198306
agm015510645,16.541743343837165,4.66553476
agm015601434,17.388150950022464,4.6414141975
agm015603685,16.42317041256796,6.2942290283333335
agm015725705,15.712064261612568,3.859628316666667
agm015775660,17.098057666644973,6.709025818333333
agm015788544,14.430879501964974,3.802099318333333
agm016203725,12.135537611065352,-1.0380482683333334
agm016261994,14.866218449298787,1.1670388733333332
agm016452139,11.380972369683148,-2.192812175
agm016488082,14.332486430712487,4.76453011
agm016520661,10.419244472600262,-4.185311225
agm016692370,11.030291866756052,0.33112249
agm017108216,13.555606094794115,-3.4772473583333334
agm017358307,15.365134294783076,1.8006810450000001
agm017383628,14.176876985899105,0.710603072
agm017578893,13.648929195374519,3.9440409400000003
agm017787461,16.232711500674075,5.863935801666667
agm017910208,13.192938419048028,2.9504000466666667
agm018237147,13.159447909414133,1.7857640666666665
agm018312543,12.513203956472829,-1.5837442800000001
agm018630176,14.626028798691673,0.83389261
agm018672718,12.619130966247635,3.646734616
agm018846712,11.124495995052932,-2.380808365
agm019052755,14.469449368622538,1.852650465
agm019058405,15.311906768513987,3.9154814075
agm019277158,14.2932857394751,0.6267652583333333
agm019325283,16.69070315617113,5.9334990625
agm019327468,14.951183036087931,0.35920608000000004
agm019383947,18.96922072676939,5.271950893333334
agm019384904,14.945592976152263,1.94380529
agm019390409,18.423849207994785,5.02765109
agm019391716,18.38684252006668,4.9976757625
agm019396523,16.70683539066269,5.0658377125
agm019428951,15.435907764303462,1.0335303675
agm019507614,15.421454934056017,3.223048215
agm019573091,18.460709686085412,4.5580370375
agm019573858,14.310659191065591,0.643592704
agm019789883,17.251736945075216,3.90443815
agm019944708,17.91924796284343,4.4325220775
agm019957202,16.595793542564437,5.32441906
agm020007692,17.695527517673913,1.7159661783333335
agm020149089,16.431262990953805,4.8887037375
agm020266597,9.649634133581971,1.8634177
agm020267873,13.941188888289284,-1.4866523716666666
agm020287097,8.862340531881765,-4.926499006666667
agm020554470,14.462530000800397,0.8991124266666667
agm020590753,15.314474180814956,3.85184176
agm020702133,9.4565547390129,-3.859666203333333
agm020842886,7.466141176127292,-3.2795964266666666
agm021097834,11.728270072886898,-2.511629635
agm021177519,15.512317276273912,5.681579778333333
agm021243229,12.838879968435817,1.1471944916666665
agm021258972,13.95969189949883,2.359940015
agm022169397,12.99702193831493,2.141297728
agm023579109,16.04357522390069,6.2337184379999995
agm028360408,15.174889823571197,-1.44655805
agm031053121,10.458088487591947,-2.2955934816666668
agm031076615,12.467415408623438,2.2513046833333332
agm031081640,13.034030294916661,0.09307308833333333
agm031134027,17.56118551202363,7.675180621666667
agm031181492,16.492810261057574,5.209273358333333
agm031197498,13.846376920620145,1.8377164480000001
agm031226091,16.49588899155183,4.319008662
agm031366540,16.072590320662368,6.0983485816666665
agm031416881,13.77646594492,4.41036571
agm031513630,13.917674083403726,-0.36802442
agm031632681,15.388748910354233,2.4436499366666666
agm031779785,15.436110375461773,-1.9083205766666669
agm031792319,13.982133266840053,-1.7282137316666668
agm031812705,17.727451764351418,3.36134799
agm031819539,14.750682815749592,1.434340285
agm031855991,14.51657678226746,1.9715329659999998
agm031881173,14.488520771720347,0.18588094666666666
agm032006245,14.376398610774936,1.4129509433333334
agm032075365,11.632090144876516,1.8150510316666668
agm032116309,12.002454470129685,-1.1013832983333334
agm032210382,14.129701992544623,-0.44464714
agm032270065,14.886745546657274,0.345203895
agm032281107,10.236866295284118,-1.103407225
agm032302034,11.02759274124056,-0.41983973166666666
agm032414126,17.843019366965972,6.9888125866666675
agm032478274,16.239013986563418,6.631511671666666
agm032551116,9.732359913447342,2.1646212116666668
agm032558563,10.99352013257363,-2.753258028333333
agm032739509,11.08242729530991,0.09990439666666667
agm032764363,17.08643042911255,6.573904946666667
agm032770781,14.72425902935566,-0.09974181833333333
agm032796661,14.872174698765534,-0.11030253666666667
agm032841206,15.074146635322215,-2.1568956983333334
agm032871362,17.05189390391921,4.676614313333333
agm033074582,14.52613892804039,0.6551389966666666
agm033132677,10.65875374236931,0.6405119266666667
agm033134656,12.317857293172182,1.0907304066666665
agm033139417,16.587730866016503,5.808346006666667
agm033139550,18.260556104806195,3.0434368116666666
agm033142293,13.87276562947242,-1.2753521433333332
agm033380449,13.275898242318824,-0.22565042333333332
agm033380460,14.699385595116992,4.92665207
agm033404383,14.509846497339424,0.9386410433333333
agm033417768,13.721985541595629,1.213365415
agm033424924,17.49686603715355,7.322453059999999
agm033505843,13.90945887029286,0.9074038866666667
agm033545494,13.230374666716921,2.8961162933333333
agm033548110,11.06067539521016,1.4277367333333333
agm033548266,12.381343783461245,1.0996853483333333
agm033562785,16.633796659756893,4.607741213333333
agm033578838,12.118584798295148,0.297937695
agm033635963,20.0327784754652,9.455900465000001
agm033671908,22.085836778204722,6.38342526
agm033718521,16.672587399094272,5.6646954716666675
agm033746396,13.391479437457933,-1.5738018800000002
agm033820258,10.809389239964561,1.1473524499999999
agm033903286,21.60571177907593,7.588241796666666
agm033976844,14.283106999518987,1.9225630283333333
agm033996079,12.801631246836266,1.9529340599999998
agm034019527,16.68117132237703,6.42331799
agm034184582,10.70688438249904,0.13191929833333335
agm034293206,14.334167577703118,0.800217965
agm034308768,12.794690673717508,-0.652079266
agm034338280,15.347500788245393,4.480915605
agm034373268,9.172969130714801,-1.311778415
agm034415352,16.195907727343783,3.93776429
agm034416781,16.885021659519335,4.7078468550000006
agm034492254,16.44398964207816,5.2314645183333335
agm034594732,11.605590686593734,-3.811316023333333
agm034712438,13.911803784465114,1.86400783
agm034717620,15.976134179018514,6.037779144999999
agm034743584,13.64669330299675,-1.6691628566666665
agm034755995,11.029074403664296,-0.6248969566666667
agm034787686,14.200905829278938,4.801815516666667
agm034795397,18.457777096342657,8.374886505000001
agm034835730,10.479843674390692,0.21931667166666668
agm034875450,14.706594751967422,6.49179921
agm034878806,17.808209394326443,3.220445253333333
agm034879118,16.42898911304538,5.144290833333334
agm034909723,10.89276942663581,2.6051435533333334
agm034914590,15.587445646207513,4.817369625
agm034976681,12.083963389040077,0.17693071166666666
agm035018476,16.775073240439564,5.357545953333333
agm035086558,15.489351176659337,3.20357926
agm035225697,12.033417448969585,-1.2170182116666666
agm035256291,15.478832440527738,4.576082218333333
agm035286771,13.273559753325669,1.5786687166666666
agm035292838,13.94922634404553,0.15651668
agm035330454,16.613497294389237,6.392677385
agm035336033,18.007669394746326,3.8289881233333336
agm035354220,10.954944277420763,-2.103305563333333
agm035403109,12.12967615047861,0.06646271166666666
agm035444236,14.42151641036824,0.7272351066666666
agm035545656,13.31367201068655,0.8367903383333334
agm035628902,12.670012472158733,-4.338024108333333
agm035722046,15.99146276205566,5.033708335
agm035757346,13.382504995213145,1.533107628
agm035790793,14.768348403400111,1.6960861033333332
agm035917435,11.243725606602561,-0.11185819166666666
agm035972573,15.963478601155053,2.7151090583333333
agm036069595,15.64720546002765,4.362415003333333
agm036210606,12.120504809056266,4.665163346666667
agm036341932,11.91172046541138,-4.648737111666667
agm036493029,15.216856408680478,5.830809976666667
agm036513268,17.60819087018714,5.85625994
agm036563554,18.326989473295274,7.572170005
agm036567873,12.000160723813172,-1.0596709066666665
agm036827060,16.987840559210422,6.846001483333333
agm036946266,11.229567929170978,-0.8620631816666666
agm036970084,15.601459756460747,7.253272655
agm037131534,12.115409287218965,0.27636724333333335
agm037219545,13.025332014378876,1.7195139533333332
agm037262586,16.13665450383328,5.834684968333334
agm037427117,11.118991052016922,-4.320098014
agm037485921,11.226215563540736,-6.378273036666666
agm037535409,13.481176500484892,0.406489466
agm037634837,16.49965476317836,6.750069153333333
agm037641523,15.372997916710055,5.753802443333334
agm037757730,14.585107561026916,0.40526981166666665
agm037874556,15.482230482114131,4.577020476666667
agm037891295,11.783772851390898,-1.30217251
agm037930437,10.84243278769428,0.24132963666666665
agm038144242,13.47797438500205,0.24749664500000002
agm038325840,14.88510025897334,0.3504786266666667
agm038452895,16.602961619583667,5.307635598333333
agm038538948,13.441111208683239,-3.6871940866666666
agm038619238,17.305268329624305,5.626445189999999
agm038643047,16.535199359696353,5.215935618333334
agm038798875,16.780307406407548,2.1470653433333333
agm038827824,16.645111903795005,6.407460306666667
agm039079614,10.514222542505772,0.23950863
agm039214096,13.347460755148626,2.1790896233333332
agm039286936,15.623203736969614,-0.190166225
agm039352188,17.53096633868209,3.39420135
agm039384253,16.985634033960867,2.6763197400000003
agm039391848,15.908890249967662,4.833156471666666
agm039392355,10.931872513267583,-2.495643545
agm039416217,14.02227260893104,-1.4089779116666667
agm039466187,13.695830977456867,1.30314486
agm039482009,12.809260725794054,1.969819825
agm039487101,9.840481606884977,1.09052188
agm039621957,13.352420178154377,-0.003786901666666667
agm039628245,14.198398492811357,4.585997523333334
agm039656398,11.535032916344035,-0.24051155333333332
agm039933136,16.85659732252203,5.382569716666667
agm040011824,12.993637527761171,-0.936194215
agm040189302,12.259081715347826,-1.7579347616666665
agm040214963,10.841010539290393,0.7526743666666666
agm040435954,16.542106666141382,5.277927998333333
agm040444446,12.412835254420811,-2.232900998333333
agm040463022,11.453000034749016,0.304914598
agm040518097,11.790431837299778,-1.282479935
agm040627440,12.878062623234044,3.711694128
agm040645361,15.384110756009965,4.505211171666667
agm040675271,19.821377599665215,3.5279680725
agm040796270,17.664235327860833,8.279013658333334
agm040809534,15.837162545686427,3.418999335
agm040810729,11.379787325270954,1.3592017716666664
agm040853550,14.878432250081893,1.6142469583333332
agm040949986,13.421220538397938,0.811423868
agm041062834,11.102349162997294,-0.5882803783333334
agm041214832,14.490639387954852,0.652099365
agm041237498,11.266704055333767,1.8867844816666668
agm041365543,15.273364271399954,5.887413111666667
agm041423230,14.919914952561228,5.6565713550000005
agm041682032,15.532333780226788,2.2370438960000003
agm041688826,14.40168516571786,-0.5846188316666666
agm041699409,20.71207476929302,6.27025513
agm041726471,14.626731298201578,3.4690804216666664
agm041793581,15.43810091174805,6.0005271533333335
agm041918271,16.158419035545226,6.6926824216666665
agm041977071,11.645742071331311,0.07270655
agm042034097,10.65559389757524,-3.9482005719999997
agm042110408,11.422384761438918,0.6748204616666666
agm042146267,13.294003237333369,3.228434418333333
agm042232268,11.804447044278708,4.1483033916666665
agm042271688,11.599208470612734,2.400930198
agm042407943,19.798939908301957,5.6419876375
agm042428579,11.604266680304512,1.1600039583333335
agm042510531,12.079007709110607,-2.8326003516666667
agm042736050,19.105899459644746,5.0983512625
agm042832020,15.626868338001248,3.637509212
agm042918042,11.49664227057297,-4.503839916666666
agm043102424,19.619859465912125,5.532317943333333
agm043344049,15.12531489496035,3.211536814
agm043350123,10.20678204910667,-2.6722959733333336
agm043577218,12.446763590772994,1.120925715
agm044603963,11.582624067514924,-0.7598917
agm044758917,20.46115693743744,5.66156573
agm044992392,12.398008646976356,1.0546103219999998
agm045249968,13.594863586736963,3.6508902740000004
agm045298996,12.238342423709845,1.48017417
agm045949129,13.478064073149648,2.826419485
agm046066198,13.196946822820019,0.14782562166666666
agm046071820,14.286502507269672,-0.9187205266666667
agm046093453,14.766321151520925,5.331270121666667
agm046110206,14.473115189500252,1.71497728
agm046232287,12.67596975798149,2.3028627166666666
agm046302397,11.683907273385218,-0.5410348766666667
agm046353452,8.611088182213743,-2.6004948716666667
agm046402477,12.942022598951384,0.6650195316666666
agm046448994,13.485560303536309,2.58375813
agm046449671,11.475988281788846,0.5184261849999999
agm046736258,13.81429576538838,2.992008803333333
agm046884723,10.648933808386726,0.303706235
agm046901051,16.99207387726757,6.368953196666666
agm046910527,13.693605575628998,3.060818851666667
agm046982599,13.983109395036017,4.507270583333333
agm047039985,10.59330399963879,0.67641685
agm047085581,13.019895737737693,-0.11001262666666667
agm047139790,14.000989841808824,0.9268252666666666
agm047221883,11.658477712190612,-1.2135367416666667
agm047269073,12.901758249939299,0.8555005883333333
agm047384164,14.591470778233303,2.090340865
agm047695221,12.498510532483017,2.3089601733333334
agm047712724,14.59100976207558,2.3324353233333333
agm047865421,12.450755399282974,-1.6027097833333332
agm047950906,11.900479317685358,-0.8310798766666667
agm047979706,12.476519998150444,-0.35570702000000004
agm048029205,15.399982784919152,6.159021831666667
agm048115678,13.692503634244309,1.7837096033333333
agm048282605,16.424226458658485,4.832324401666667
agm048573830,14.94924980246111,4.6823150149999995
agm048597860,13.54155982702523,1.6649019983333335
agm048696755,12.593546533273335,2.2459482433333333
agm049032731,14.91013758982983,1.977223715
agm049096122,14.03827698382946,0.9985117766666667
agm049189626,12.188853505762275,0.05780271333333333
agm049218422,12.964574013205096,-1.8698741516666668
agm049218651,17.69880574604403,6.7754309600000004
agm049277985,15.219614822528149,10.41560478
agm049495190,14.04875518079774,3.5305631516666662
agm049757473,13.430726844920672,2.9281702500000004
agm049838963,16.362742848792486,5.8750721583333325
agm049859830,11.493736517017863,-1.0362027416666666
agm050033487,13.36111036678126,1.2054308249999999
agm050125160,12.010067307424494,0.2676553116666667
agm050216186,8.732016894379754,-2.5101455466666667
agm050252246,14.414320642322282,4.452220073333334
agm050379828,14.672214572490368,4.248796938333333
agm050559441,13.942556293629693,0.6760771633333333
agm050611168,13.193183912893021,0.72572483
agm050869952,11.588691989338255,-1.0747971475
agm050891097,13.89732756868907,2.8279463766666666
agm051002930,15.735832082801744,5.256736
agm051117696,11.49851387766469,2.8939016666666664
agm051140841,14.014870378046849,4.036301763333333
agm051147917,11.085143810470775,1.432639475
agm051159562,13.741365177497068,3.1875334083333335
agm051193864,12.44854915121138,3.218048835
agm051259667,13.77236252014788,4.398074603333334
agm051285427,11.88596740633769,-1.6828827033333333
agm051286752,13.005256988842106,0.45996391499999995
agm051360377,14.54703182150992,2.8567353316666666
agm051439740,12.506493339118784,4.304644196666667
agm051474563,18.934919243260605,4.442048265
agm051488376,11.321038796320252,-0.04618712333333333
agm051593339,12.035477365297714,2.8575689033333336
agm051704010,16.12417962440651,6.570386501666667
agm052084791,11.89595099609199,-0.6731963900000001
agm052088254,13.910669126618835,3.580703606666667
agm052270463,14.09508293122074,2.455537375
agm052414571,12.224508581050543,-1.398642465
agm052538474,14.877115047631206,5.17029842
agm052563388,11.873990360608074,-0.392867605
agm052574115,12.353467352392917,0.17261713
agm052584940,14.911444187307447,4.967211278333333
agm052678971,15.438356594281508,5.8710797
agm052684671,15.793029784251958,4.918480493333333
agm052696731,11.407954825849117,0.25842680833333337
agm052706368,13.381329420874906,4.298350618333333
agm052902985,18.827023102737495,5.461312425
agm052913920,12.874667657987173,3.6900735050000004
agm052958612,11.067928569347597,-2.54076588
agm053085436,11.740387206160833,-0.7117452366666667
agm053251630,15.424823104692642,6.17041798
agm053384127,11.04118068479312,-1.7983133083333334
agm053445772,17.698768623859163,4.9523934233333335
agm053471436,15.469490417133843,5.999324306666666
agm053492783,15.478175073842001,4.974753821666667
agm053494456,18.8497671338762,5.907515291666667
agm053695294,16.234209775208676,5.425318601666667
agm054000778,13.295266020626281,-0.5243452040000001
agm054191532,13.361897898318174,2.1707489766666668
agm054374296,13.722335817361277,0.3862699383333333
agm054551773,16.04800084835942,4.06611027
agm055028904,12.056015170255426,-0.15616317999999998
agm055052934,13.616055456830681,2.5639545283333334
agm055166540,13.676275109736045,4.66549339
agm055276058,14.312324046963298,4.296484553333333
agm055311908,13.05601020849634,4.593581021666666
agm055402753,18.50261678169509,4.9641088133333335
agm055420943,12.084035486967272,-0.5818672066666667
agm055579385,13.928620041611161,4.802451791666667
agm055637410,13.126617726081191,3.562196018333333
agm055661960,10.84854413484828,-3.8765571275
agm055715306,14.469359843265503,5.611484633333333
agm056233791,13.648835081520183,1.5737160025
agm056491024,12.25643553663665,-0.19397831333333335
agm056518807,16.561615198864146,4.553050473333333
agm056695864,14.3313462464068,0.5662420625
agm056894988,12.920250512639349,1.63680877
agm057023488,16.251715764012886,6.1826218425
agm057063227,11.32327838417735,0.1382660325
agm057268400,12.344500124592251,1.039966062
agm057456046,16.15385366885633,5.07506544
agm057759190,13.019577683762106,0.5299239916666666
agm058131735,15.012035896382189,5.080195695
agm058189357,14.164058886833589,3.42471218
agm059394271,13.710660389638498,-2.1446251
agm059819585,12.034185731217036,0.4796369175
agm059854547,16.382105085781888,5.1787698375
agm059874422,16.173571371927483,6.1469988
agm060163828,19.302701081832268,5.204050475
agm060255427,17.572728642763277,5.685112325
agm060302844,12.903732750484046,4.511851336666667
agm060355585,18.611030926708235,5.36828123
agm060364005,12.467910401160815,3.9774379216666667
agm060428354,17.412085996507724,4.1547794950000005
agm060571038,16.700044181184445,4.958893895
agm060796651,13.944322706709666,-2.764017595
agm060824465,16.29908924070038,5.6049879825
agm061068251,16.86686933944021,5.0099079475
agm061212443,15.60696699318972,4.582573485
agm061420322,15.491049684719142,4.65092833
agm061474413,13.291981012954212,-1.2355762175
agm061543395,17.742002288169825,7.00805555
agm061721407,16.80243103185699,5.06734313
agm061812576,14.263984899370136,0.5127611475
agm061853986,13.970762453448858,0.9634283075
agm061903604,12.82322138711185,2.03221787
agm062234490,13.011122338906256,4.0366754575
agm062312689,16.636877915875335,4.9796803575
agm062830898,13.947610051664395,-0.6999083525
agm063085059,16.439949857305532,6.2269386175
agm063144478,13.028247141278625,-2.5989254575
agm063809045,13.252004743421043,-2.1197730225
agm063870354,16.958220203771532,5.996246845
agm064155564,9.348395522581361,-2.9443590200000003
agm064236107,13.033284660007315,-2.9504579325
agm064833606,12.1684178809191,5.443757066666667
agm065373797,12.46770716648135,-2.2568192425
agm065460782,16.63600105715499,3.3211838266666667
agm065514768,16.337072032866885,6.218449746666667
agm065531945,19.037124074222145,5.775015028333333
agm065622749,16.829461952391384,5.0542564125
agm065932436,16.38784076184324,5.28600835
agm065945107,12.74943407379496,-3.11796462
agm066110763,11.390858281544162,-2.183079285
agm066420234,17.00554475616988,4.6782435125
agm066426256,16.95374751911302,5.1414661775
agm066471272,16.441828667830688,4.862608915
agm067521681,11.703575893607427,0.376872495
agm067554877,13.067771962038409,-0.7869011875
agm067793528,18.765490507055482,6.23596105
agm067901243,13.331658654790061,0.28885687
agm067913213,17.338908402769512,5.2430396125
agm068299497,14.907418960058761,2.9897001116666666
agm068350495,12.977124307434329,4.00433803
agm068421791,15.252449205456283,4.59119365
agm068805815,15.559445112529763,3.8986548400000003
agm068943153,15.908369758227815,4.5472158516666665
agm069119895,13.509569809423631,3.46885393
agm069128259,10.280438031812697,-0.5547193216666667
agm069258117,11.441917838520526,-1.45244309
agm069260712,16.235974139719254,7.318235605000001
agm069283242,16.604789633935784,6.806124621666666
agm069295999,9.870454009552942,-1.0085080383333334
agm069315443,11.455994309857674,1.7542760466666667
agm069395575,14.607129429380398,1.559234498
agm069461818,12.797959639879721,3.473600993333333
agm069497264,13.967705391239186,0.6047219366666666
agm069499209,14.371714715363737,-3.772655
agm069527535,18.959855786750314,8.1881915675
agm069538790,10.488104667286796,-4.286764848333333
agm069542762,16.027434056586035,7.198842511666666
agm069654459,13.482124011202757,1.5959043225
agm069780602,7.583310726111583,-4.4494839025
agm069978030,14.207187156077447,4.730328933333333
agm070019833,16.01158591578968,5.279236176666667
agm070103954,15.864356239040355,6.402581248333333
agm070120908,16.101946513941744,6.51288393
agm070134454,16.184663798265913,5.414314408333333
agm070166615,13.393684711836661,3.137272193333333
agm070190128,15.173951169567983,5.169883605
agm070195390,8.787742558642753,1.8992629166666666
agm070200207,13.929992643512566,3.0377626859999998
agm070260224,13.578170130546729,3.052448866666667
agm070277652,15.009360699498025,3.0658451733333334
agm070325606,12.211341195727918,0.647996665
agm070346469,11.346708862485828,-0.27237763666666664
agm070399565,13.612740342634241,2.4860344883333334
agm070401774,11.962002774716582,0.18727892333333332
agm070404710,14.007987001954396,3.5498937583333334
agm070407576,17.173565848976633,5.3354960049999995
agm070416276,14.868073086850876,2.8428990466666666
agm070480086,16.939566046264666,3.6532184483333334
agm070548142,16.522548240436794,3.97105582
agm070563557,13.46750342237351,4.94352264
agm070599800,17.157087855731746,7.1095212766666664
agm071590064,8.991974213416917,0.7019413050000001
agm071659156,12.315729442826386,3.41688155
agm071710261,14.789704432083708,7.380706591666667
agm071746895,18.015942150532037,5.15212688
agm071755728,15.609406412132271,6.166389668333333
agm071788543,10.251511269393147,-0.4845679683333333
agm071827366,8.515659654376858,-1.4111190466666665
agm071848698,11.241350442336639,3.698243786666667
agm071905563,11.065884690931187,3.36395701
agm071922004,15.333361724058626,6.6754077
agm071947044,12.162724655563943,4.4810814316666665
agm071952880,14.697998246379575,7.630073105
agm071997748,12.109298434293187,4.886838021666667
agm072010787,14.846025325046277,7.646686685
agm072011051,13.467885152474414,-1.6240576850000001
agm072017833,10.509751119864822,-0.5339889483333333
agm072055361,15.241892846966609,8.245470183333333
agm073029910,14.053492554418629,4.434666462
agm073032751,10.779267729054466,1.2837606533333334
agm073035089,7.119517179406339,-2.51476654
agm075736854,16.80626085286527,-0.7525400733333334
agm075752243,15.034071668637942,3.1471090775
agm075757954,19.339200801207507,5.913926518333334
agm075759623,12.719025536257849,-3.4013536019999995
agm075772830,15.949789651798662,4.6483093275
agm075877595,13.655636862964416,5.429695706666667
agm077614787,15.607588274749688,2.9375489150000003
agm077618192,11.501415810958168,-1.3724206325
agm077635730,10.852094276563852,-4.335986741666667
agm077689631,16.296888031305286,3.8263904075
agm077719115,12.634985403938815,1.15727775
agm077739096,15.62154749648547,4.146593086666667
agm077768652,12.754201165593955,-0.58726068
agm077772848,10.723935226868809,1.3139184966666666
agm077805716,18.357229334738104,7.143914523333333
agm077806547,11.524618168609429,-0.5483511933333333
agm077827255,17.088624498074562,5.006757596666667
agm077870433,15.95416092093957,6.7723575983333335
agm077894967,11.575503407450766,-0.08979560833333333
agm077896372,17.075919908364252,4.510009013333334
agm077903872,18.170615490561328,4.60320397
agm077937136,15.843214621852121,8.558042601666667
agm077938356,11.668759321160348,1.056785538
agm077983527,16.982755518800303,3.3932154949999997
agm077993194,13.868955071983217,3.54851232
agm078012823,17.490594845823274,5.7751888375
agm078020845,16.492759671528272,8.89058535
agm078051732,11.110363299138852,-3.837625025
agm078128480,17.25188182606383,5.8847030700000005
agm078134840,10.343128224466488,-3.233822148333333
agm078165825,13.994112746024802,5.302944798333333
agm078188146,12.18592138067354,-1.5825764299999998
agm078208142,13.853164679660741,2.490103035
agm078239464,16.80101730675828,5.4532939275
agm078252032,12.347459549998527,-1.7820671675
agm078282223,11.051496978404792,-5.703592566666667
agm078283996,15.555801723995534,3.291294681666667
agm078294958,13.449758274536938,0.3162954
agm078335224,16.649297141549845,0.7608153049999999
agm078340323,14.088661500434045,4.4899081616666665
agm078341714,16.630592935861603,4.5171219625
agm078404586,10.797570465016221,1.967539905
agm078439128,12.74637301386255,1.9961503433333334
agm078454585,16.469145943037883,3.960445293333333
agm078490819,13.54024050492393,1.95379839
agm078515325,17.442183399463495,3.50883591
agm078547554,12.103907066035374,1.8007801983333334
agm078560408,16.77496090897203,3.084432805
agm078574004,13.06497199040082,-1.553813254
agm078596872,11.57070897041764,-5.837143301666667
agm078635712,15.820575410327901,4.44254685
agm078649580,20.470504812650248,6.0091631025
agm078660711,10.903956248246777,2.7105853349999998
agm078674135,13.660372727678217,2.75616986
agm078702479,5.278061256788846,-2.66739753
agm078703084,15.935449688583335,8.580029810000001
agm078711475,16.53469903319676,5.26168393
agm078789426,14.164864026373417,-3.828483306666667
agm078844528,13.606649663536752,3.9289816766666665
agm078857003,16.85249516521465,5.4472889075
agm078863778,10.910363354132022,2.73387349
agm078875830,14.336864060196689,1.80130612
agm078940507,16.707995006094382,5.402111116666667
agm078987497,12.295170810638792,-1.45199985
agm078999228,12.167759738883765,2.9043836775
agm079004138,12.837864339090057,-0.69838526
agm079077732,16.274203797164674,1.373502354
agm079078497,12.9691933502483,2.820981642
agm079082569,13.810902430573847,-0.22631133
agm079133833,15.150996175008187,3.879957505
agm079136810,13.726405738444706,3.961877916666667
agm079193515,13.745915582292419,-0.02754748
