mat_id,volume,energy_per_atom
agm001000110,24.956007746823886,-5.930051015810574
agm001001040,15.130295565450702,-8.286993718494877
agm001001919,21.157143343958513,-8.457880605718948
agm001003503,25.079745251404088,-4.337329093837736
agm001004359,20.711649956047154,-7.838714649795918
agm001004594,22.52958285340952,-4.668939819526646
agm001006759,16.966391388672843,-8.108161264540506
agm001007227,21.18686794515263,-6.731726667394104
agm001008954,18.63329484815322,-7.541817446704687
agm001009320,20.564850530166243,-5.250822195592433
agm001009484,26.44419633187962,-5.5337691432919405
agm001011011,18.638978121241145,-8.053943293700788
agm001011034,27.76805548487887,-5.459348399005833
agm001011258,28.22918860812319,-5.566788641426766
agm001011276,28.345421822358357,-6.472599201225397
agm001012152,24.29941214959553,-5.447807027152251
agm001012672,20.700684976703876,-4.423424116615556
agm001012673,21.71474696884773,-4.4444044120275965
agm001014575,20.58431695061412,-7.479599402680324
agm001015322,27.354824886749764,-6.654697926425553
agm001017922,15.838149341837651,-5.544938685307656
agm001019652,28.951273470603155,-4.291269163948909
agm001019766,29.60868197706176,-5.014007910454827
agm001020078,32.492114279047414,-5.2518245325024075
agm001021702,26.55058220625364,-7.058801095024523
agm001022068,30.79533153650057,-6.8449285490683325
agm001023885,33.27099150392755,-4.248319320010407
agm001023989,30.888061260360747,-5.171545416083666
agm001024672,17.140173908072576,-6.582525516124217
agm001027517,28.33450834458644,-2.5404915182748105
agm001028442,24.552492412260815,-3.9234393041777267
agm001029255,44.388009202892086,-4.846888986851205
agm001031293,26.931119806626356,-4.008674013663854
agm001031724,15.053703654011777,-5.811791137872363
agm001032058,21.75702910590105,-4.594344508068428
agm001034234,17.134751627982485,-6.29140368736807
agm001035741,26.019722149659586,-4.7848388547300855
agm001036375,14.462733580307166,-3.5924249750544894
agm001037498,19.094990498198214,-8.276073259871595
agm001037555,64.80216281004795,-1.7575689897657052
agm001038997,13.180476307961854,-7.929796107441047
agm001039391,26.307465196616608,-5.3121002253558425
agm001039511,24.455646120325188,-5.286343396330831
agm001039917,18.161919360641633,-5.5896291894967005
agm001039943,23.131978845235242,-7.152928929642517
agm001040193,24.00799299757804,-6.729368075486785
agm001040411,24.67423675611462,-4.500380320066695
agm001042892,22.92801137730622,-3.7003770747768523
agm001043020,16.794113552742278,-6.3131760082185595
agm001043936,25.36863759777323,-3.7590374580316763
agm001044286,15.614689316128631,-4.587740144214872
agm001044489,27.549010073079383,-3.799306863256288
agm001044934,18.301190281060368,-6.4704859827256405
agm001049739,27.149574337304575,-4.246099490173656
agm001053505,12.692838225997356,-7.882719788147778
agm001055435,20.96354449383679,-7.828113619317727
agm001055954,27.89574626672824,-5.202599610707701
agm001056004,16.23433183905035,-10.174779406610304
agm001057112,38.431219614907825,-4.468393282959771
agm001057627,30.869416358978643,-6.206080529478448
agm001058307,26.788544738393366,-2.6969437091362316
agm001058446,22.756146944414812,-6.704032750119602
agm001060460,25.241745584421967,-5.652517217921807
agm001061731,24.912529500853058,-6.173104675250173
agm001062366,30.602930438175857,-4.421284510628523
agm001064415,16.14851946412492,-10.108290416962102
agm001064443,16.041078564818086,-9.396099991447663
agm001064568,24.28552145406826,-5.695494412031991
agm001065948,24.748225756858947,-3.407415879564923
agm001066115,38.683537779302284,-2.0180054976914343
agm001067502,24.542797006757368,-7.784734443115784
agm001067554,22.393117196959736,-6.521366727909509
agm001086200,25.38995853048358,-4.038656978884645
agm001086213,23.92575324887474,-4.0471003224387125
agm001086235,23.109715552406303,-2.611278278899695
agm001086510,23.83408903106661,-6.93949872495967
agm001086550,25.20255199512574,-6.941801938114116
agm001086578,23.813564378654878,-4.572141585626224
agm001087647,47.40992365131361,-4.004701997427786
agm001088240,26.06694881688854,-3.0716858998886885
agm001088337,27.210154067419655,-3.1143909477666316
agm001089246,27.1602570987271,-3.1713219975601064
agm001089717,22.7515247945284,-4.576005909621266
agm001089775,21.60613251447642,-4.59005281446005
agm001090387,29.31667494286407,-5.248202158277953
agm001091522,28.031511347371676,-8.269312408417779
agm001092377,28.90971559744923,-3.0570927147310263
agm001093963,28.159305864830422,-3.11801836343136
agm001094206,21.648493912703586,-3.1051125172658285
agm001095527,16.740046422631316,-4.168317357138595
agm001095605,22.01317820382308,-8.12026802530388
agm001095715,21.81799199499435,-5.783418214877528
agm001095905,22.72129433592511,-4.286275529506998
agm001095916,26.465617069501164,-3.885223975959624
agm001096149,26.662447287647332,-2.955256028476388
agm001097092,20.317470672819315,-10.985315889603088
agm001097533,22.080406094794068,-4.439904291125301
agm001097606,25.29290990300068,-3.5499676207513375
agm001097698,21.2355038556891,-7.19358761210558
agm001098069,22.06995032599471,-3.7203453228568666
agm001098458,24.487977944189595,-7.148351076010759
agm001099198,23.21983255025495,-4.803575334228408
agm001099929,31.819083173349448,-3.3926218787172693
agm001099967,26.74020056570527,-3.4343931657190803
agm001100392,15.373154263871584,-11.049757584912873
agm001100417,15.155644458204529,-10.289058843363007
agm001100499,14.736975510633524,-10.886768097526875
agm001100506,15.218475151957733,-11.9990288680182
agm001100703,28.27962505513662,-4.960931011878647
agm001100706,27.92250506268815,-3.6027080373715323
agm001101352,26.114711917560363,-3.2065352657049693
agm001102145,15.104889058059939,-10.344358653437599
agm001102564,24.41725634987936,-5.093360043053543
agm001102584,24.901337659018083,-6.149309912304714
agm001102681,27.61004472663685,-9.220025182835295
agm001102748,25.379434820048907,-10.787401630218955
agm001102800,27.897414052560045,-7.345201894067001
agm001102864,27.765742546884063,-5.433261705772533
agm001102979,24.303659050319638,-5.523855422652902
agm001103033,22.79208930184992,-5.840471142498865
agm001104968,29.081609820953123,-6.730346680975484
agm001105146,8.390747685901488,-4.809085472646364
agm001105375,10.439047188324889,-5.1866291702736955
agm001105378,10.497808525137057,-6.088741259970153
agm001105682,12.627642170366896,-5.811114821740851
agm001105872,28.722205848327143,-4.717723578682044
agm001105887,26.05964219544551,-4.596658238388307
agm001106082,26.387823081849763,-10.23453684899593
agm001106108,13.245921759205796,-6.559994976016554
agm001106135,12.309861960474173,-8.828088963903726
agm001106214,26.496564744583907,-4.597031983178993
agm001106241,26.091547170320222,-8.179417501858675
agm001106364,11.657426186598405,-7.163631615445292
agm001107189,12.951013959606755,-9.025689822374673
agm001107258,30.779219118201574,-4.874617027828451
agm001107266,25.542924864438028,-5.414829155556157
agm001107272,22.86623472214037,-5.459322278556204
agm001107544,24.985478786846194,-6.159000591036358
agm001108482,22.18233752606426,-5.27458448218292
agm001108637,27.92221773506023,-7.895574289469353
agm001108679,22.7258610544365,-5.292218335817337
agm001108705,24.397107265947056,-5.244193533237302
agm001109069,35.01565475757173,-8.699536250916491
agm001109181,40.17915091796144,-8.047850349508199
agm001109727,33.06613546155329,-12.51395370867112
agm001112024,25.794590142769707,-7.183432391029696
agm001112253,19.04084412418203,-9.367032132728738
agm001114900,20.853286362119782,-8.594194428171782
agm001115160,13.971013896606646,-8.609027785185305
agm001115359,18.33211845326988,-7.75593996386417
agm001115455,14.812131205828312,-7.916175717583285
agm001115631,14.990812784157914,-8.842375809338874
agm001115716,16.78865770640099,-7.516728354304755
agm001115738,15.546004683583305,-7.242092593184276
agm001115883,16.1648837716363,-7.589784424879737
agm001115888,17.333193815884293,-7.976343642250544
agm001115913,16.057775421190648,-7.283475944465964
agm001116011,14.183521987297697,-8.559029362894025
agm001116037,17.59094458212729,-8.666861859679793
agm001116151,15.498078567420647,-9.488930303018785
agm001116156,15.378678707017109,-11.742687532013726
agm001116169,18.174890050582505,-8.145193251161006
agm001116194,18.720491907664528,-7.504883929899573
agm001116328,16.591609584060265,-8.103883378807225
agm001116336,14.50026664229068,-8.007463065903229
agm001116351,18.841888133716285,-5.6567403165555925
agm001116413,12.860238290363872,-6.924956528940773
agm001116690,14.024307690272963,-9.545471282222577
agm001116704,16.690753390316356,-8.475932778717649
agm001116768,20.524044771132285,-5.978584295016528
agm001116944,15.774361201763384,-7.375052067550658
agm001117154,16.487667069639055,-6.497187552673064
agm001118545,15.888413520373376,-5.995843314964106
agm001118658,14.72267954526832,-5.428377954617712
agm001118677,21.799542252942242,-10.265326643554417
agm001118955,30.87274822140626,-3.9916264490914912
agm001118995,13.92695882827296,-6.362650179157951
agm001119026,17.951765395403264,-5.6003664101681165
agm001119133,19.375587215323183,-6.9884628528921695
agm001119442,24.76764630124586,-10.06970003293294
agm001119448,23.54333978032562,-5.353939931610048
agm001119591,24.502206502387164,-5.574851140940525
agm001119684,21.56103547762333,-5.7771947376010795
agm001120270,22.425018892233687,-7.832700298513298
agm001120291,13.149396178395294,-8.78327675889556
agm001120928,26.00072867306901,-5.155369176027281
agm001121188,19.80154911919456,-6.464712436756054
agm001121492,17.11489371884374,-10.521274373732169
agm001121709,17.22178625478551,-8.71353248853626
agm001121728,17.268894245518368,-9.974730509376311
agm001121815,23.11190304720199,-5.78254336103648
agm001121847,19.84616813873654,-11.326347464327052
agm001122000,20.137072829136436,-8.161607639149537
agm001122410,26.195555912983252,-13.01565878842646
agm001122472,18.935489061501457,-7.326711568746576
agm001122478,19.188096520608333,-7.3034282039514835
agm001122498,20.072205463625046,-8.66708017901265
agm001122902,29.675021963235267,-7.133107608853804
agm001122919,29.153358659151063,-5.4930632319750226
agm001122922,29.329506798592178,-4.7670553176897945
agm001123007,21.4772644606231,-6.116812245561764
agm001123037,21.842315537479507,-5.053222238561153
agm001123046,26.732595809320948,-5.5008090720442615
agm001123148,24.610274572203945,-6.874211041514646
agm001123171,28.171375397769832,-4.752683761204758
agm001123366,23.815593082375955,-4.185980489903071
agm001123367,22.696845422863746,-6.216428279540505
agm001123500,20.0497333134471,-8.007770447904392
agm001123534,30.923609041261283,-5.519315499500793
agm001123592,30.54323943890289,-5.187887214619822
agm001123599,27.02287102736412,-4.251970343917716
agm001123625,27.289619250082357,-4.294147529065748
agm001123803,27.34016426946473,-3.660033872363173
agm001123861,20.398954545401345,-7.296493556305054
agm001123923,27.180483191869182,-4.900120355570832
agm001124418,27.86888593408588,-4.179019080820114
agm001124457,34.00496227211319,-7.505562919456917
agm001124485,32.911586254629604,-5.561890720990469
agm001124521,32.666937273986626,-5.102696556961989
agm001124522,31.974188938491015,-5.064969703693811
agm001124525,32.91227289096203,-5.116297185980505
agm001124558,32.88467823120913,-5.090185769303618
agm001124561,32.642481872619896,-5.078172853145829
agm001124567,36.28697061905348,-6.541132656374614
agm001124665,32.48050733400604,-7.88559196538089
agm001124711,30.469583889501617,-4.984880847050401
agm001124713,31.187978604470597,-5.474660059197409
agm001124953,22.943473401244113,-3.8231217107357045
agm001125093,29.561140395843545,-6.3953216664503305
agm001125112,23.389000490721703,-9.047570214101993
agm001125185,36.44917160783146,-2.2655891256291207
agm001125194,32.06244081778068,-3.409525904188398
agm001125293,23.86714043734544,-3.1637684951855753
agm001125325,18.574330759135027,-2.8682673922779314
agm001125402,28.98139701591101,-3.209806978811069
agm001125480,27.708776902353627,-1.8039729852541682
agm001125562,25.34998983083066,-3.529051334875353
agm001125587,23.88827740284261,-3.4809511679227017
agm001125598,27.245328798568593,-4.2411349028234
agm001125842,21.3608095096258,-3.1164126756199413
agm001125905,15.64613906194411,-7.15590303863686
agm001126074,23.97801201158591,-5.925140397076641
agm001126079,25.985438841361244,-6.6667898065084685
agm001126132,29.569618464992875,-2.3462500146135756
agm001126161,28.017862632335866,-8.614198420425613
agm001126221,25.50903608411114,-5.073588040079308
agm001126261,31.36915273931391,-2.3162010624685805
agm001126329,26.519994487715344,-4.791914783976998
agm001126357,24.46721967705906,-3.814621716496592
agm001126446,32.92363002306308,-2.42773635153448
agm001126457,33.48692238030672,-4.034390786328861
agm001126496,30.041572228228326,-3.8928139031444
agm001126526,29.123595365402668,-3.0896358887490507
agm001126541,24.601490751087837,-2.947398686660573
agm001126607,31.21783935834814,-3.892908512245257
agm001126618,32.315440566599975,-3.9423379236645233
agm001126648,29.54094760538721,-3.857686487098192
agm001126745,25.042601860098717,-3.0121577479448463
agm001126796,26.697448123295594,-5.461789553365739
agm001126798,29.01823187814742,-6.18106846766928
agm001126799,26.50322215958358,-5.4556950779752205
agm001126801,30.015616405399857,-8.57775210996437
agm001126824,28.20741910526216,-4.126443843443818
agm001126837,27.88298534628183,-3.7780480197347215
agm001126886,30.281729467269155,-4.6178725612209
agm001126918,28.853809039430505,-4.551848878822477
agm001127174,29.1245191311692,-7.339785206839205
agm001127874,31.10966763107357,-7.259756689516632
agm001128170,22.664275753951845,-5.874156282639348
agm001128219,28.635648120227298,-3.2257722664755746
agm001129674,29.31092251534778,-3.9614406657277703
agm001129701,22.131323770761103,-4.315243838458159
agm001130056,19.584922090136292,-5.02949730644394
agm001130069,19.315093649615388,-7.393408059161422
agm001130346,21.2502059284532,-10.408323326491681
agm001130691,23.658007708448146,-4.5911213074719885
agm001130762,24.041962296511606,-4.600730521973734
agm001130782,23.474703155994074,-4.6162287053362965
agm001130878,22.897267991626773,-4.577956931784805
agm001130893,22.10720052846488,-4.5867367289772
agm001131019,19.715735052424517,-4.595861882922319
agm001131037,25.407141544772255,-4.5208214322832765
agm001131040,20.50726222183691,-4.588279410651971
agm001131141,25.718545476357697,-4.559888327290871
agm001131147,22.167614607708174,-5.938904994667652
agm001131195,20.951838636846073,-4.6007981266888685
agm001131203,20.811980505724865,-4.601553027572614
agm001133177,27.488265299396858,-6.978340049291579
agm001133249,22.81672338872834,-3.657823801578133
agm001133529,26.502089827476677,-4.725184430804488
agm001133775,27.396635938359463,-3.6630992657851893
agm001133821,22.222570814684037,-9.888119061629354
agm001133889,23.960600835525412,-4.043164878896589
agm001133961,22.073442401988626,-5.804000393889067
agm001134085,21.557090022476316,-7.546873200248773
agm001134239,23.179877968180094,-4.29493066641602
agm001134348,32.513535970908784,-4.486071150654434
agm001134445,24.6599619636562,-3.4804779287735483
agm001134456,30.764622504945116,-4.384323036198169
agm001134492,28.668719692263647,-4.330967148044356
agm001134539,28.8397460935596,-4.33571646728376
agm001134573,25.42575632109557,-4.053805055831878
agm001134629,26.649889494631214,-4.2113905401196
agm001134720,27.00220455937894,-4.25341415590528
agm001134733,23.218824625344908,-4.036309074907636
agm001134761,25.634985314173438,-5.443342731746243
agm001134817,26.012638673799575,-5.449310698999112
agm001134821,24.12952057407461,-4.048215615407949
agm001134948,21.62230368467363,-9.140378947217462
agm001135082,16.19867466214741,-7.439671242145309
agm001135293,24.092872113077128,-9.0973400516482
agm001135330,15.903963608167576,-9.056246333823168
agm001135380,21.679039776461387,-4.8627800816370135
agm001135412,18.339729587123546,-6.937623938496668
agm001135431,17.633853161566442,-5.869755483298584
agm001135718,23.183747940310045,-8.967139536634912
agm001136082,15.375877133708837,-2.999940932257679
agm001136149,23.058585390609178,-3.861314846690046
agm001136244,23.47594249278344,-4.59824864868108
agm001136275,13.164789629296662,-4.039124335061836
agm001136354,15.791478567411163,-6.108734917681032
agm001136368,14.028526053601022,-6.791210570606998
agm001136457,18.5845826838786,-5.980887123601894
agm001136472,20.73135237429897,-5.120707973813442
agm001136492,22.65863642947103,-4.915212513511428
agm001136713,20.931343159871503,-5.092911360768037
agm001136728,22.283861412854176,-5.0948237350769965
agm001136902,20.424283357821214,-1.7974933853779964
agm001137008,21.053901097610627,-5.643913975820739
agm001137029,21.863519784525224,-5.62537440563322
agm001137121,26.22125050582606,-4.3238617284035294
agm001137472,24.968329453724284,-3.704275028921912
agm001137483,24.02240730035344,-6.052915030599925
agm001137510,20.24870558531961,-5.478779433150811
agm001137713,26.770576959798625,-5.81798045686676
agm001137773,25.572239969704693,-4.449453656096564
agm001137982,22.922909955943126,-6.755488271540072
agm001138055,21.995227130431033,-4.354695012954027
agm001138099,23.612691026633858,-4.421224092950271
agm001138463,37.328380198431105,-5.541151222542456
agm001138794,16.84206737352959,-3.5801037021014066
agm001138867,20.96236959024217,-3.97545175514123
agm001138874,23.281601182323612,-4.774789206155453
agm001138881,21.6117421916926,-4.341430082034303
agm001138882,23.520898240591112,-5.51748425973741
agm001139144,32.517009005112435,-2.9311225644551433
agm001139188,24.8260342654927,-7.468479357748909
agm001139195,23.756472341456746,-5.024071764247543
agm001139298,23.321911770653596,-3.6524961972619407
agm001139485,18.437352286973976,-6.498034177838237
agm001139504,19.91853205654203,-4.78458461389026
agm001139567,23.66953580755901,-2.5786168863038466
agm001139717,33.383896233302906,-3.9581118776085042
agm001139732,30.673872101741292,-4.043011765069764
agm001139872,23.055094787660423,-3.26678290926898
agm001139925,27.81936158316399,-3.9632818205146476
agm001139983,30.32723420367216,-3.7949527131157956
agm001139988,26.83330063202356,-6.238655141611146
agm001140137,27.33282629962408,-3.9268288400937506
agm001140144,24.59667373938968,-3.92004369666971
agm001140158,25.843978651688463,-4.6812205640271305
agm001140260,19.82492368784736,-3.9678575141109906
agm001140361,18.998188325033244,-6.132393821125763
agm001140405,21.466111575847,-5.198342328037689
agm001140413,21.61993422586384,-5.199550315202974
agm001140523,15.392362749190825,-5.626518667568999
agm001140540,23.195942975103968,-9.978390863817676
agm001140936,26.697455738332167,-4.021690337156265
agm001141195,32.707813832320966,-3.5073277862852743
agm001141254,29.053475675056443,-4.044142308969828
agm001141262,28.05786969880816,-6.391314959919764
agm001141392,26.03951657393976,-4.783938573096224
agm001141401,24.949250969143794,-7.143929492127426
agm001141555,28.33484369966177,-6.010694648309964
agm001141771,23.429994576795718,-4.8035053454314065
agm001141936,27.785659869107675,-3.2063790333446245
agm001141937,25.326149975459536,-3.162667358696991
agm001142028,17.52711041238435,-4.951401811114054
agm001142164,26.72383737389987,-3.8838542177868582
agm001142171,15.165319440812057,-7.348452112109553
agm001142232,20.018239277284977,-4.556993766504823
agm001142484,24.268570244483666,-3.8849659078843253
agm001142635,22.033487145434098,-4.45161198666462
agm001143037,23.347894856000018,-5.728776039695571
agm001143134,17.88652568470061,-10.482304380901228
agm001143217,17.56466043910701,-11.038273171094183
agm001143517,22.967372840358166,-5.281688931456046
agm001144223,28.926043318770578,-2.2661696460713685
agm001144423,23.912807862345627,-4.1553368502287285
agm001144445,39.383397934694784,-2.091484023321248
agm001144568,29.38524703914548,-3.0091908043517464
agm001144594,29.707728582316317,-3.6977910434261005
agm001144844,26.066245943432186,-4.5015090824653665
agm001144893,21.83304227670815,-5.324228297021098
agm001145090,28.977383145078708,-4.356338355510614
agm001145260,25.510700178361407,-4.598918116474247
agm001145285,21.832710189212456,-7.412691675545555
agm001145892,31.56318928126756,-5.051541284247925
agm001145981,28.904145325591276,-4.930689878739357
agm001146097,29.312965496623903,-4.982059394233969
agm001146108,30.392953662797073,-5.033358613658671
agm001146195,16.461011889551624,-11.27225259369614
agm001146233,14.611661824767276,-10.603054707556982
agm001146426,17.59292328537958,-10.785436369931244
agm001146527,13.166154359207637,-10.034774132105884
agm001146803,24.180248933271326,-4.805500481222201
agm001146929,26.084642405161944,-5.319493840120542
agm001147028,20.30728107525771,-8.848798128973566
agm001147035,36.69464356986408,-2.1718270692639656
agm001147066,28.924362118512814,-4.091304992387766
agm001147071,29.019795569576743,-5.20560119005323
agm001147195,31.08141388261993,-3.713262407066727
agm001147198,31.01106547148005,-3.1488590127355143
agm001147346,28.08611978531525,-3.202646795550154
agm001147365,30.869810870683764,-4.688830657994726
agm001147411,24.545178937504247,-4.092447094859156
agm001147420,25.787230525924432,-4.206149988047791
agm001147427,33.585123665058546,-2.848962139326511
agm001147609,28.411106465870468,-4.563780265928374
agm001147623,31.093938512931103,-6.289972153328817
agm001147639,28.97672261004322,-6.279243519228406
agm001147678,29.465423807626475,-4.174793261562251
agm001147685,28.815877657811054,-4.149069577271128
agm001147705,27.94595927272649,-3.861054992588679
agm001147740,29.75383144567146,-4.500112248231929
agm001147743,28.870309188393495,-3.8995646526995875
agm001147762,32.52084457906702,-3.958719477506687
agm001147780,31.215643858325496,-3.704091086585165
agm001147797,28.310419399414727,-4.11352988357966
agm001147922,28.008173354415327,-3.8649944435360277
agm001147958,30.720274597335926,-4.262263904817433
agm001148156,21.490219825684097,-3.4859700801903566
agm001148264,17.002953435013467,-9.03924597988706
agm001148340,26.519926795727372,-4.973223236568194
agm001148404,20.094672058584194,-7.015092860899115
agm001148505,23.421440260843898,-4.920659121638079
agm001148750,13.02420727904907,-5.918861188323028
agm001149092,22.22400439744699,-5.761258560371213
agm001149093,26.511485936257323,-5.219219156278804
agm001149177,21.231561536489796,-5.781160347454122
agm001149273,21.131633109790453,-5.8017403974587225
agm001149440,15.680352458487635,-8.342343781618553
agm001149844,15.16440552921962,-9.738752605316142
agm001149913,18.720888843332048,-10.608923120748027
agm001151294,29.80723168098303,-3.7767632700793605
agm001151351,23.802179692731713,-5.734532901456588
agm001151372,21.969192071432055,-4.636743619627245
agm001151441,32.54320708727911,-2.472771761211659
agm001151556,34.3062709954147,-3.3018742284391176
agm001151587,28.993012700734138,-2.511222443499694
agm001151610,27.73671380599494,-9.576993871648178
agm001151619,26.70836834844742,-4.839010434254279
agm001151630,27.18915964678547,-4.845825402642292
agm001151917,31.107719734349782,-4.646569884550314
agm001151941,28.737177330972802,-3.266775245314311
agm001151991,30.411737879262315,-3.9085350964481
agm001152034,38.2601507531483,-6.573043352774909
agm001152049,30.808199799955453,-3.92109844684841
agm001152080,27.34153174297963,-5.546656661486866
agm001152116,28.61680362662636,-5.186382566473911
agm001152170,26.7870536476824,-3.1540582648083246
agm001152184,30.22969762383822,-3.9143386249856125
agm001152211,29.72768222587707,-4.599739702070913
agm001152223,29.28686525117175,-3.8634382828613725
agm001152631,16.580680456165084,-9.547685844481316
agm001152898,25.300040268004114,-4.861326547650528
agm001153094,20.064923085603542,-9.18460722897822
agm001153166,21.263548588126767,-10.306500568984719
agm001153168,20.608952544477038,-9.169184981573009
agm001153439,22.96254380619998,-10.38024245619938
agm001153696,16.710423742565922,-10.276662508540234
agm001153699,13.962519601220368,-10.613602189352404
agm001154052,20.24938151221361,-6.863163056925624
agm001154093,23.246679346852602,-6.30295359594469
agm001154104,29.30180050210598,-3.5464049020225508
agm001154232,30.913544501819924,-4.268630346714126
agm001154258,30.739950300644836,-4.8290804625516275
agm001154310,28.247694161023446,-4.200441660021587
agm001154334,30.38767528965713,-4.438363258812358
agm001154389,25.97027876130469,-3.517878123457452
agm001154480,27.493385280076097,-4.19066861759107
agm001154500,27.87526126747408,-4.178258400644229
agm001154556,30.710063782503273,-3.9985646308702028
agm001154558,37.51114324494392,-7.0495364356668455
agm001154581,28.462329353021815,-4.307422940410975
agm001154700,26.151380509419056,-4.100390381771454
agm001154705,26.451047134080543,-4.126228767627861
agm001154712,30.64146810766718,-5.144012551085213
agm001154740,26.4081325813424,-6.415177886353707
agm001154820,16.075960209698476,-10.924039551961815
agm001154875,19.40346846280405,-8.213080290260667
agm001155010,23.460524144688847,-10.26030243102298
agm001155333,16.51725675589519,-7.538361776345414
agm001155336,16.82331939246892,-7.5089800231148285
agm001155873,23.593825417293086,-10.709262367579111
agm001156695,30.182685491499754,-2.27262416290738
agm001156707,28.07455345343095,-2.1898728694223375
agm001156711,30.106582347120757,-2.466995205196792
agm001157234,29.989216807862032,-4.983453907859433
agm001158330,37.442857167548105,-4.108409581922762
agm001158363,37.02401278714341,-4.081981048740567
agm001158392,26.209714877489034,-2.31778403622269
agm001158400,26.578197235814958,-2.3314258111689385
agm001158411,36.90955365566181,-5.985437476483393
agm001158501,35.78105645316954,-3.9951923729829355
agm001158578,35.07028845876339,-8.67289595286562
agm001158645,35.207181908268396,-3.9863747500493085
agm001159024,28.54910234920526,-7.277564157832916
agm001159193,24.63844265775109,-4.609842899730445
agm001159209,25.17434549173708,-4.627896711951838
agm001159244,26.176637927671774,-3.79221316357573
agm001159298,30.504046874449195,-4.648710925841755
agm001159306,28.536560135219634,-4.6168396153161755
agm001159326,27.41608541953576,-4.550125532225026
agm001159439,26.429848838018092,-4.492869156372375
agm001159445,27.567879273170117,-4.557173836114373
agm001159456,22.643174890363387,-4.527667662654111
agm001159633,27.43811717242876,-4.565076641806412
agm001160222,33.27891886929956,-3.9675655387498194
agm001160237,32.893694654516466,-6.278000250252032
agm001160251,31.679543240476708,-3.917022442589982
agm001160265,32.67805095712162,-3.9115870243788446
agm001160294,33.45303114687672,-4.681539341708503
agm001160305,33.86831729397351,-4.703923764902974
agm001160342,34.71171478488468,-5.461754351406969
agm001160402,39.776902681247506,-6.781686567792612
agm001160476,35.54443547937886,-7.159696787260307
agm001160482,33.543608647870975,-10.108298765979024
agm001160487,34.66572038086092,-7.1133063512073065
agm001160566,32.55293772516219,-4.642427683013043
agm001160574,34.68776627702177,-5.429429635321317
agm001160578,33.60838965468106,-4.6980018394964755
agm001160851,32.83943763532731,-3.684255512369133
agm001160910,32.266656813331835,-3.8776046116809875
agm001160921,27.16226600203437,-2.968898761382174
agm001160992,27.997081049237664,-3.6919057517300775
agm001161112,25.32302018648548,-2.9148828155855453
agm001161248,32.85113037892178,-4.602858395514538
agm001161313,38.77741367596105,-4.363969401706285
agm001161343,31.761352871184815,-4.576867972735404
agm001161374,32.71982224836121,-6.982861785130989
agm001161378,33.224987846886144,-9.368628220824654
agm001161441,32.33172348128248,-5.313252448423514
agm001161771,31.71890926406207,-4.600338583353432
agm001161782,32.55837629394232,-4.646519893532112
agm001162235,31.532932383643715,-6.9145634306209605
agm001162261,30.47712996497569,-6.285127222150603
agm001162297,30.027024131094652,-4.501016121703652
agm001162358,31.030830766156583,-5.212435889623395
agm001162466,31.414588589167423,-6.923873755638795
agm001162494,32.8330720461972,-7.004239207881735
agm001162677,30.362103626084156,-5.23136698436596
agm001162703,32.23364841034732,-4.6267246687094055
agm001162707,31.146729344629083,-4.575172171645999
agm001162743,30.17175540019334,-4.521253767144442
agm001162825,31.244718813643175,-4.578011302302808
agm001162905,31.729253473694495,-5.273618552270367
agm001162930,31.235884460301477,-4.5756712801558095
agm001169689,21.288516068354415,-3.377782062489777
agm001169874,20.249906091956074,-2.843519404983852
agm001170008,21.28604419528241,-4.182648674016627
agm001170144,20.51541480034177,-6.136313432243479
agm001170224,21.17509015163742,-6.09170765659141
agm001170225,21.822113981490915,-4.603194971230471
agm001170280,21.082862065856524,-4.569772005407469
agm001170300,20.990009988390664,-6.150816632880329
agm001170303,20.75576512543102,-4.554041593476816
agm001170565,18.77431630644466,-5.185864612480912
agm001171188,11.088979550574424,-6.2496438665620415
agm001171197,10.495126114910054,-6.133185339741922
agm001171199,10.654816038899572,-6.300217307475875
agm001171220,10.629479111932055,-4.192800650562274
agm001171337,10.040873436985999,-6.224291117014403
agm001171554,19.313245415685675,-6.354655890434455
agm001171863,15.841713889817933,-5.25173506421374
agm001172002,18.431489379655797,-6.589075765967742
agm001172354,26.610959308514154,-3.4640491025238815
agm001172947,15.142769937150367,-6.481217363067909
agm001173065,15.074826859936982,-6.486865590815516
agm001173171,15.689914799369719,-6.408592584089823
agm001173318,15.433844436827714,-6.435204039655454
agm001173435,14.490318052421891,-7.146615061218007
agm001173531,13.980961124606644,-10.17532013653607
agm001173743,14.14389818486871,-5.005318016140414
agm001173787,15.025471704866243,-5.076929086753706
agm001173958,13.245083129665069,-5.374267887663925
agm001173960,13.042764655989766,-5.7465334229147516
agm001174069,14.525452611552664,-4.998819445388454
agm001174074,14.448645413983323,-5.001668909800535
agm001174080,15.016843284284008,-4.971681978246177
agm001174429,18.217219575563977,-10.114937335552868
agm001174442,19.08089818379965,-8.144599072715893
agm001174562,18.47965895858438,-9.027920425876966
agm001174886,15.59714477309606,-8.828703943010908
agm001174976,12.754982045395257,-8.692470901875735
agm001175046,12.4920225766583,-8.667574510846185
agm001175135,16.147777231236745,-7.228547955023928
agm001175239,15.35204101084764,-9.524393771295285
agm001175656,19.2702364027769,-6.011300104447581
agm001176236,19.137038190948903,-8.257640070477306
agm001176694,17.92627646515963,-10.527767504555888
agm001177035,17.771707414928194,-9.037280203265771
agm001177355,36.6260352015752,-2.0110397848658117
agm001177362,19.633142458240016,-5.678329049350407
agm001177429,18.917939498468904,-8.46119506507142
agm001177467,19.12794567246268,-9.043924099197472
agm001177502,19.589071830162286,-6.71218857000465
agm001177621,19.103552494682873,-9.173117722168628
agm001178810,18.573258280068995,-6.530697029740554
agm001179021,32.13518558873365,-2.1496055332285136
agm001179131,25.96418500872061,-4.21995608535188
agm001179170,27.018950070860324,-2.731013756696367
agm001179195,26.614449322511316,-2.702275344130783
agm001179276,30.83782450521664,-2.126216588369479
agm001179286,29.2466001553292,-2.229606997952111
agm001179291,28.21001596273113,-2.607862842571112
agm001179352,21.292505978096887,-3.1638851645194834
agm001179716,25.82833139340566,-2.811734449441987
agm001179879,13.668399986428218,-8.4872402258171
agm001180457,18.813783587986077,-4.484255297579982
agm001180489,25.77650353383456,-1.2797489204693886
agm001180720,34.06922501405243,-2.0475278343476178
agm001180903,18.248679589937037,-6.248815252960928
agm001180911,17.966739301236764,-6.782221847022378
agm001180965,30.01839935531427,-3.9109055692850903
agm001181032,17.490079022491688,-6.526620711278944
agm001181243,19.407509528072744,-6.6784497367327225
agm001181290,19.52259397746492,-8.251027395418744
agm001181495,13.942451538694899,-5.388282707482909
agm001181527,14.981750656117958,-5.101367003287186
agm001181638,15.045291622047287,-7.422070460186835
agm001181699,15.032308738872636,-5.8479167456366135
agm001181705,14.597930245501614,-6.627166218061237
agm001181712,13.422995423054914,-7.638233706022885
agm001181722,16.29363950520638,-6.659255829366192
agm001181747,14.497224037430414,-5.2956233570386395
agm001181861,15.720866163969513,-7.370450392216745
agm001181864,15.587178481062331,-5.8128414814115175
agm001181916,13.627725114199158,-7.122462303203243
agm001182046,13.554521124076622,-6.038020505544245
agm001182060,15.245361826829352,-6.143738263887297
agm001182138,15.641313927094407,-6.847157443307222
agm001182410,20.783030249239072,-5.688985070982436
agm001183016,19.467547838619062,-6.6660795333123595
agm001183023,18.58266741815114,-9.362864218283347
agm001183098,20.717791657636816,-6.537487194891431
agm001183150,18.7925590924138,-9.180742743271892
agm001183168,18.547219301250557,-8.176901208500487
agm001183211,18.525436807348918,-6.387298257541983
agm001183519,18.480705675555065,-7.8694754111394465
agm001183560,18.34702564226889,-7.979915436579372
agm001183685,18.40695750836412,-6.69635694840152
agm001183725,18.341084369695654,-7.126457454232477
agm001183744,18.328767400914273,-6.696177144316739
agm001183791,17.697901942381602,-6.431635950899142
agm001183866,17.746087905739415,-7.179176040111044
agm001183883,17.974243418051206,-8.222779847440107
agm001183902,17.845280527033108,-8.02138120960043
agm001183903,17.658723028868735,-8.031249155842355
agm001183919,17.61294417706044,-8.027276282923237
agm001183939,18.65320329940045,-10.047628207142518
agm001183975,19.145198447226516,-7.906399819400811
agm001183979,19.00556936240944,-8.464361507489887
agm001184027,18.87882221465068,-8.70629495228405
agm001184060,17.900641736119734,-8.01651081211834
agm001184323,14.853398059576469,-7.654767126249138
agm001184429,14.487522830443417,-7.9697911597537265
agm001184443,18.954795678490118,-9.010320583221857
agm001184445,18.223129255064496,-10.033100861138719
agm001184484,14.640555646251265,-7.711338967000859
agm001184491,12.990204587071426,-6.1592419869153225
agm001184549,17.191060388317343,-7.44422542528287
agm001184715,17.85170631241658,-2.988020389162205
agm001185027,19.187698093625862,-9.93936465986769
agm001185056,18.196417026761615,-9.251677635176046
agm001185496,18.77740817074915,-8.0208295353887
agm001185499,19.05732198704955,-6.445022660199314
agm001185527,31.926549941156896,-3.7566404703407144
agm001185531,30.14730823525728,-5.117934459999245
agm001185536,30.292608218707105,-3.772411805929091
agm001185638,18.96970094048846,-6.686177506832563
agm001185772,18.61177245577805,-10.141931693579252
agm001185858,18.98253543135535,-8.52825392885188
agm001185868,19.27933165680453,-8.490145037872582
agm001186485,17.907973679960048,-9.42172816938721
agm001187193,18.909960216356918,-6.984542642681458
agm001187517,18.245983474308833,-9.588261439765835
agm001188066,15.608072082194818,-3.2737141135662653
agm001188172,15.836475002922208,-3.478340626225346
agm001188242,19.793597216180686,-3.046760634311345
agm001188245,19.692941410867117,-3.0440038432744423
agm001189040,14.263583866171293,-7.618229393061227
agm001190347,30.03845748299144,-4.96528788370505
agm001190666,50.859532566841814,-1.5505963163986038
agm001190984,25.44655159729939,-8.192391607783087
agm001191001,31.90312036398717,-4.546142405653153
agm001191004,35.90480562011183,-7.213531871142758
agm001191046,24.54821681227367,-1.6874100923423152
agm001191126,41.20697572430374,-4.179501821940944
agm001191212,33.49983578804383,-4.690388140227018
agm001191393,27.496779032954763,-4.140627553462903
agm001191421,23.38096056757015,-3.4612202053925585
agm001191573,13.358036733625276,-3.973711308848089
agm001191713,25.978715714917293,-7.251602004858432
agm001191738,17.04397529823667,-5.468446185825335
agm001191765,33.822809409998875,-2.645547056822103
agm001192395,13.930783746375068,-8.226768606801432
agm001192698,15.20217452095744,-6.925420380701648
agm001192699,13.683632504422787,-8.84266112247875
agm001192844,31.156579658723032,-4.8691127256805435
agm001192942,18.738281711645563,-9.17356270869076
agm001192961,22.94830645025597,-8.022873818398141
agm001193286,12.867589465081672,-8.614891854046437
agm001193643,59.77483319614431,-1.798415293887265
agm001193789,30.008435274566992,-4.359181990112261
agm001193807,13.644011849846992,-8.535158068613185
agm001193826,17.39699726786506,-5.631207915562736
agm001194199,30.021487472480857,-3.9421595074867644
agm001194243,21.80400394626311,-8.36222993677255
agm001194392,61.18379966539151,-1.0235110562736567
agm001194458,35.683063550544944,-4.779959522871514
agm001194460,34.41091410737176,-4.733344764817724
agm001194482,35.8839051551279,-4.853199430731347
agm001194483,32.07235409511728,-4.606437695703646
agm001194529,34.005844877320776,-4.714378416772257
agm001194545,34.52541529806643,-4.73794937112401
agm001194603,31.787518495210875,-4.589793330402428
agm001194779,31.68701834025285,-4.603153966270088
agm001194931,17.56633261554924,-11.774581004315044
agm001195117,25.9613377838076,-4.245916736396395
agm001195146,25.53330552125074,-5.419869183821625
agm001195235,25.568036055217902,-4.054920114389083
agm001195255,25.904463228814347,-4.066239835739965
agm001195282,24.932115089410626,-4.05132414628417
agm001195396,27.204281538669896,-3.601069624549662
agm001195955,24.008819816636045,-4.433195084305808
agm001196189,22.297622267859712,-4.528679661132668
agm001196205,11.652225361192508,-6.245266655801918
agm001196264,18.941741362414536,-6.448183833214601
agm001196298,22.677837593892622,-4.5267943097307635
agm001196452,20.98432383747847,-5.885919552900891
agm001196537,23.15951172699741,-4.563700291390987
agm001196547,22.99965065854786,-4.537377380205447
agm001196549,14.219443509551875,-6.433145424976356
agm001196589,22.13601133832891,-4.504537674048705
agm001196627,23.224044582442026,-5.038500532502132
agm001196700,22.587605149038758,-4.262286941226893
agm001196786,25.185881201139097,-3.833099628365519
agm001196931,26.119104073769925,-4.526497870977806
agm001197013,19.49695368814804,-4.558259274140671
agm001197209,28.222568935779428,-4.411297358833997
agm001197221,29.570976720603692,-4.716909865178883
agm001197303,19.47792484725237,-8.642747051427676
agm001197324,29.053037378816487,-4.6709048563619255
agm001197325,28.62677260692488,-4.648054372037875
agm001197623,24.445611729199445,-4.95793912688764
agm001197776,17.98472535334722,-8.953555615552206
agm001197863,19.66161306594586,-7.4366920379911905
agm001198080,25.84020771873956,-4.536678542303237
agm001198114,19.962213054001424,-6.176848451120558
agm001198489,39.13766456922299,-2.7488208080161427
agm001199029,13.003049869935477,-7.328623440327496
agm001199372,24.553109502708626,-2.955504901909926
agm001199543,31.659424985297637,-2.307239490604361
agm001199669,22.290805711149115,-6.97791010389044
agm001199682,25.667253842632626,-5.026469006832272
agm001199819,28.18018610036339,-3.2065263884398347
agm001200314,28.41024964769257,-3.704786910665947
agm001200396,27.39944264061046,-3.5736013221362315
agm001200483,24.705797356358914,-2.4373188789476834
agm001200499,25.151232213414943,-2.6705991518993932
agm001200508,28.213716284942095,-3.121901420901847
agm001200516,28.612133292172388,-3.1532333338177
agm001200559,26.24282497859837,-2.9388505534573754
agm001200562,27.437387529976988,-3.120276534939867
agm001200604,26.634541112320107,-3.059684407634351
agm001200621,26.04652259380187,-3.0979521418489875
agm001200633,26.142697850489117,-3.072726072372856
agm001200640,25.010789598355704,-2.4722161333264516
agm001200682,27.630187849573492,-6.000377652247567
agm001200768,25.404364441292717,-2.97880892322786
agm001200894,26.889261102230808,-3.5137131205979233
agm001200916,25.93530081393308,-3.2178714360121834
agm001200924,24.610608886447665,-3.1547119816280733
agm001200994,25.46494630421468,-3.3690839540417916
agm001201187,28.479321523810192,-3.941851325091815
agm001201689,29.03431887031352,-4.617350908058075
agm001202510,13.072210603739228,-5.9123923049747
agm001202579,18.258494648383373,-6.885376170779967
agm001202671,15.924070004428259,-8.525674452625221
agm001202926,15.67100206344562,-7.323831975236614
agm001203062,21.364702359524756,-6.951772192874008
agm001203078,20.397644008159922,-4.604750868729621
agm001203240,20.822786013372216,-5.061958112894985
agm001203241,22.106548608158782,-5.040196637529963
agm001203292,22.276232349633123,-4.296890924937863
agm001203625,15.342705351976063,-4.526087818700473
agm001203639,15.987211236918403,-4.050215719527266
agm001203647,20.95446045794134,-5.198616751217305
agm001203905,23.67178087396339,-3.9441697483786826
agm001204040,27.601730497832403,-4.210792579819664
agm001204358,26.52360733505206,-3.7372941006290765
agm001204422,31.21117204993545,-5.9486257499302155
agm001204558,31.793710444161817,-4.263423426126178
agm001204881,11.757388452118349,-6.93132587185911
agm001205050,16.64913039039588,-9.52267963042177
agm001205155,18.91177176733694,-5.908989064788215
agm001205312,19.869825492216094,-4.789144374603178
agm001205355,20.887868653703876,-3.734520912964241
agm001205442,22.557879844240603,-5.018771990934977
agm001205545,21.184270496106212,-5.6218413014079625
agm001205853,28.894608890286555,-6.511213188343139
agm001206161,23.305662322198813,-3.704956301157923
agm001206313,27.035984643942783,-3.7129076867989963
agm001206324,27.799147463195155,-4.170820671258692
agm001206407,21.437781488947838,-5.046983943077282
agm001206653,23.82383421452151,-4.322086731137977
agm001206668,24.75455472621239,-4.433502278843173
agm001206810,23.56412849359486,-3.5744095503551683
agm001207010,31.95653617649279,-9.296909151894177
agm001207133,31.41203514966462,-7.624708425307791
agm001207178,26.05508104712936,-5.308415972809561
agm001207244,38.20036902368586,-6.691346959243958
agm001207246,31.9510013379971,-6.956756752130838
agm001207328,20.169552739515968,-5.902917391213338
agm001207657,23.989662524659238,-9.440987183216091
agm001207890,23.662871140490918,-4.098629201058896
agm001207991,24.284382303672295,-2.9004074960434982
agm001208593,17.542751593121906,-11.022279703001823
agm001208730,34.353123438377416,-3.1304752441832977
agm001208773,30.8753894035691,-5.243219550979014
agm001209023,31.251496120510048,-3.8414436334136375
agm001209031,27.58209542905848,-4.272843349885602
agm001209047,27.95049756293454,-5.024978309151731
agm001209077,33.1086848844818,-5.398560113289189
agm001209131,26.024709562476385,-4.068523021439913
agm001209134,32.79722080684793,-4.083939713986689
agm001209143,30.08732549148823,-4.290682749675104
agm001209178,28.041817993856593,-4.197076714354782
agm001209210,28.67745244791225,-6.558622497782396
agm001209249,27.207392058516742,-4.159801608847939
agm001209256,26.979381533475753,-4.115791799576014
agm001209276,25.527592251506434,-3.967983643174646
agm001209278,26.8175861199286,-4.621049664451146
agm001209294,27.885734586517078,-4.734325243179338
agm001209315,26.078961666681668,-3.7112322160468256
agm001209477,30.55828639068732,-5.66517281126402
agm001209484,29.477613687800744,-5.483291053743086
agm001209507,27.631720153920206,-8.759213887098838
agm001209512,28.577089642830188,-6.780677218855898
agm001209618,29.87809659535904,-4.474288378749002
agm001209626,32.085651685036694,-4.594316416947539
agm001209659,28.900261280730497,-3.6222293784792603
agm001209732,32.747927186279796,-7.222140148995721
agm001209734,25.557103828935027,-2.4156907641413636
agm001209745,28.427030925939114,-4.367260979594037
agm001209775,29.28071620504715,-4.429534695880054
agm001209797,28.02379097474732,-5.81894910460211
agm001209833,27.921500448374097,-3.5971850509397316
agm001209983,25.364366538733915,-3.445224027569511
agm001209998,27.04773147397591,-4.3165145092461055
agm001210333,31.428273988913187,-4.404754718242697
agm001210349,32.558229765421665,-4.953483358039707
agm001210406,34.42087174640493,-4.746755294118697
agm001210564,33.71145826779454,-9.39916161135297
agm001210724,35.01024315824578,-4.719784389574927
agm001210830,33.73360716725399,-4.709695328298217
agm001210846,38.83407833561143,-4.370209669732721
agm001211219,21.90327674613011,-3.165677670522126
agm001211252,22.80878961682878,-2.8472003696131147
agm001211305,25.26432579931411,-8.32347062199281
agm001211360,25.706448469460664,-3.950913943900412
agm001211457,27.79931494897936,-3.4870732032212044
agm001211578,13.550315560078648,-4.405251759447793
agm001211610,25.250241960178638,-3.1163771791493
agm001211622,25.447233537052984,-3.5180939175624193
agm001211730,27.5785241485754,-3.975217587041279
agm001211914,25.89177293236849,-3.705114370581703
agm001211932,16.31396262188977,-8.191107463164212
agm001212197,16.217345161930627,-3.5274450935176294
agm001212279,26.740422137512272,-3.153172985859312
agm001212353,16.28305782476854,-7.4496892517275075
agm001212504,13.270334416254817,-5.085135777088736
agm001212541,26.369802819157172,-3.1490951652638994
agm001212729,17.055834585919403,-5.617532611342392
agm001213080,29.7324114569314,-2.5625189432612006
agm001213156,33.94604181435753,-4.466490539840707
agm001213257,25.127813250912205,-5.274704278884481
agm001213267,24.608045670707273,-2.9269100651402677
agm001213320,26.933465280309456,-3.7495645858812354
agm001213345,28.663596790726572,-3.2668866091173347
agm001213352,28.60462180325272,-3.234265504065488
agm001213426,30.36120783749533,-4.620809850179912
agm001213439,25.49811470102992,-3.6134082522807427
agm001213467,34.93044830507421,-3.841180991879091
agm001213473,32.73502453199107,-2.469128894123342
agm001213510,24.699215278044875,-3.104006479573946
agm001213605,24.854754592907423,-3.564455314104112
agm001213663,26.824296822893615,-3.954213480302755
agm001213666,14.207901661502104,-5.847294858731809
agm001213674,25.140937367522,-4.853072393504558
agm001213993,18.00061462247203,-4.728349657094558
agm001214022,18.234582724762937,-4.488875549158159
agm001214040,28.757363578584,-3.94790366357583
agm001214221,25.52818246008224,-2.801884631400079
agm001214227,25.855400048470223,-4.253705945252837
agm001214440,28.156079014392493,-3.1315740910510277
agm001214485,30.27483356477428,-4.075172921561698
agm001214525,18.486445436516398,-5.871650906116601
agm001214735,26.03126884985888,-4.126014429835391
agm001214866,16.53073235093846,-4.195113888656076
agm001214871,20.494745068853057,-3.847510633622953
agm001214914,26.560688932898678,-3.6470944503885785
agm001215006,28.829779647594336,-3.3700846782315264
agm001215011,27.63715305640002,-3.290138308885666
agm001215669,17.67895212172123,-10.854140927119937
agm001215671,18.12833208700773,-9.831363966497799
agm001215872,28.793240106977983,-2.301007216250218
agm001216089,24.893238085088058,-0.8623656540770037
agm001216157,30.531704024867242,-5.41777400626838
agm001216256,27.721931220804787,-1.6933939109282043
agm001216412,24.933437687893715,-2.8757767017836993
agm001216413,40.60338934821634,-1.5713645724988292
agm001216506,29.550934114710152,-3.764934093100073
agm001216595,22.656499503969293,-2.3714602505500055
agm001216640,27.39262768952523,-4.015584728692874
agm001216732,24.561669646280162,-1.9588349543496033
agm001216808,79.95235510439093,-0.9923025545125221
agm001216903,16.744208722457156,-11.060534807256573
agm001216907,16.684674457840142,-11.259098854510874
agm001217017,15.007914589484733,-9.35442384635887
agm001217174,33.14636829291802,-4.657732469987426
agm001217177,33.25417703026405,-4.6630644224227265
agm001217252,33.87416407235546,-4.697130700791625
agm001217344,31.90754902184553,-4.601940137134207
agm001217346,32.07575279911124,-4.612723911819661
agm001217417,32.51970949150027,-6.984279184755907
agm001217516,29.51077638636507,-3.946490799751335
agm001217533,33.97640984110745,-7.057908562561801
agm001217625,28.45734935312048,-4.202831687969965
agm001217900,14.33341144782217,-5.691075669334887
agm001218025,19.157258240898578,-5.078282853383736
agm001218172,15.585603165658691,-10.093126988476625
agm001218270,20.08031104078625,-6.204110844063876
agm001218289,19.786410463108254,-6.442446320962483
agm001218453,17.149096423954383,-9.967436975056016
agm001218668,18.306554188923077,-5.154987697606311
agm001218673,17.356821320479447,-3.517829991454069
agm001218692,17.87061030123815,-5.162186805970761
agm001218770,21.50867734185079,-5.788775576848698
agm001218819,17.91836348120514,-8.5194130578927
agm001219014,23.429402706229922,-7.063500345677108
agm001219015,22.718671490612785,-8.105659341478978
agm001219261,25.365643765025656,-7.966584726779026
agm001219309,23.432027249429012,-4.324340259137939
agm001219453,17.472619419010048,-5.422105549460349
agm001219686,30.345488041470638,-7.152541927229608
agm001219768,30.094175928131765,-4.3207769997711045
agm001219769,32.672292495226955,-4.632035089757682
agm001220019,27.62291649963363,-2.992376823454925
agm001220077,38.0149569317956,-4.3114552264248704
agm001220108,23.645221101884353,-4.7788475074047225
agm001220159,37.37017776353274,-6.918390638862794
agm001220192,36.304014937158634,-4.512113996477522
agm001220198,37.79352315506834,-4.589276827364955
agm001220209,35.35291749275473,-4.750090078869457
agm001220246,34.30645059790797,-4.698896555449899
agm001220351,36.539572255056925,-9.232930703823953
agm001220385,32.99720141737207,-9.329811751782938
agm001220391,32.824373521158506,-6.985288346675826
agm001220431,31.744685274793447,-4.550402024804692
agm001220439,28.710103849390634,-4.202684528281973
agm001220455,35.30327977410664,-4.754905963253325
agm001220498,31.15321182173612,-4.830944996159607
agm001220518,33.647023798523236,-4.68067701323952
agm001220566,32.72497548110154,-4.6353966467331755
agm001220619,34.206354297428874,-4.678996668634616
agm001220821,17.702918935296147,-7.672336318245707
agm001220895,17.89652539321222,-5.468094361926653
agm001220899,18.9203974560077,-6.321391699238831
agm001220969,18.55918914990177,-8.594197677592975
agm001221068,20.717229970895175,-6.8028862192850985
agm001221069,21.81164016348461,-7.941118794106115
agm001221298,21.375665602961497,-11.36419262503742
agm001221346,20.425332365335557,-5.830979504002712
agm001221490,17.309880600246313,-6.854525305304062
agm001221542,19.497057886714135,-7.705789658166356
agm001221588,19.90912885474678,-9.59026621412345
agm001221666,18.85532621120247,-8.952466477294848
agm001221787,19.53878874056631,-7.274312220714162
agm001221860,20.445168350164863,-6.941286771278037
agm001221867,19.917486555355524,-6.983243562985799
agm001222204,24.701592416564516,-5.114307435166486
agm001222397,28.900461177939636,-7.874596421602057
agm001222836,16.730383388656318,-7.252437478973064
agm001222887,19.703527934627015,-5.0889888981955185
agm001222913,17.954051687405585,-6.554020236429603
agm001222936,28.25202841381339,-8.505916443644338
agm001223363,24.5155478395483,-3.48039065062415
agm001223445,16.45430809016988,-6.527347502369373
agm001223499,23.966742934633654,-3.319550485400969
agm001223508,28.908218821965924,-4.928426963748712
agm001223719,21.506545560685446,-5.185587098310524
agm001223721,23.79383585486882,-3.31607139540176
agm001223744,25.434086906642474,-4.561786855732976
agm001224000,31.57250720219637,-5.047622024312183
agm001224030,18.8658962922284,-9.633096253926707
agm001224047,16.800595293468326,-9.440427463406824
agm001224294,30.13512303552421,-5.926739373596261
agm001224340,18.70584106646464,-4.679478093232765
agm001224413,18.42382919970449,-5.0451295907128175
agm001224815,13.26531769697642,-7.2270524726675855
agm001225390,31.712868526245746,-4.6010878236185935
agm001225607,31.16697461847716,-4.575037158513279
agm001225622,23.76114069286551,-5.522002772322477
agm001225639,26.4468693176281,-5.557447194070629
agm001225647,28.72259182009363,-6.670052929176368
agm001225648,27.529109002921583,-7.6455361607616386
agm001225716,25.578896674497848,-6.057809888206206
agm001225911,25.262464790618353,-3.678725825812167
agm001226124,29.594715327105447,-5.825569252438964
agm001226301,29.441433876557248,-4.961150984240651
agm001226308,29.634541245023186,-4.980353463693506
agm001226310,29.2839295938497,-4.525330387300312
agm001226318,29.340705314536628,-9.688649346143098
agm001226379,29.16526953899608,-9.683406526340544
agm001226428,30.03420538216594,-4.997464053653971
agm001226572,30.20186735666232,-3.0852584530111695
agm001226823,34.43352133942622,-3.2483903452834095
agm001226896,29.9188175424483,-2.2605489320947525
agm001226907,32.771884393340486,-3.727965694090985
agm001227051,31.099747057309905,-3.6309044569592785
agm001227154,28.666907562195842,-4.234275246011771
agm001227260,30.222189930192666,-4.522933536899449
agm001227280,26.501974218624273,-5.167896527933163
agm001227364,28.569312595190997,-4.412001150658318
agm001227666,16.159860918646885,-10.25660297300438
agm001228089,13.399463635290665,-8.345438190530674
agm001228282,17.191711389770514,-7.9336942233603995
agm001228451,15.097857694908297,-10.09068765759781
agm001228534,17.789217029126085,-6.487582705150453
agm001229021,14.186747870229565,-5.365371139523499
agm001229187,16.250434792599638,-10.091368150114073
agm001229194,15.647074316144241,-10.654787110460935
agm001229258,14.589682700803724,-10.870406195584986
agm001229294,15.818496412632296,-5.285062997355087
agm001229333,19.282226161900418,-6.6640189939781065
agm001229371,20.770283581370247,-5.71052550607516
agm001229661,13.548781810318497,-9.731577660190803
agm001229673,13.177895886355266,-9.78982533642199
agm001229884,14.010761201331697,-8.767521106786539
agm001230011,11.074893066419815,-7.132411859803908
agm001230213,13.455086616261957,-8.639821808531838
agm001230237,14.29002581537268,-7.338778058373409
agm001230448,15.828038025174518,-10.810186879125537
agm001230509,14.141947115402155,-3.777448277576046
agm001230715,29.836538392963195,-5.382659113884222
agm001230730,33.67793815797939,-7.961139506503451
agm001230732,32.84742623335989,-5.554235679687846
agm001230735,34.68545750605633,-5.634218337525689
agm001230750,33.201663268105314,-7.9267986599432945
agm001230789,32.1852905773716,-5.513346933748492
agm001230798,34.08521789118864,-5.6027436119199665
agm001230803,33.157792801589586,-5.56486583946998
agm001231147,28.53444440857293,-4.6791229010947735
agm001231149,37.66013457700526,-4.762154185458893
agm001231168,27.93253189939798,-4.661993589441312
agm001231190,29.609616075913536,-4.934804932258994
agm001231316,21.349858388939786,-6.238826812745732
agm001231356,28.38263462750916,-4.3605514431927075
agm001231374,33.73456498555685,-5.1048883628267
agm001231378,32.32905798340819,-5.068699386210903
agm001231380,33.6778830336754,-9.830444745807343
agm001231391,29.028369646660373,-4.3644189079896
agm001231413,18.54560659854009,-7.045578756476899
agm001231473,26.738584396739917,-3.4347265900323825
agm001231543,28.977006881693747,-4.712877540082037
agm001231632,23.029779385645416,-5.837800256256807
agm001231741,23.216382414671806,-3.5077836516044565
agm001231945,17.20329532377798,-3.915008950971578
agm001231965,23.609919566253495,-3.254346941039895
agm001231998,24.604422373160478,-3.9170298907181844
agm001232135,23.296540812848463,-6.1279486955996445
agm001232139,24.149714289194335,-3.7705362323357874
agm001232197,25.408100130570975,-3.6918853917130248
agm001232428,18.473210224025685,-3.394993079682814
agm001232463,22.432203596856766,-3.8461406290956246
agm001232660,23.550135509308145,-3.6278420036376606
agm001232709,23.01561712421376,-3.0454308685262457
agm001232788,16.440910139473,-8.842159415358037
agm001232846,21.81489667705107,-4.535073701418178
agm001233025,23.058636369728315,-5.390587741751247
agm001233101,25.019437130823157,-4.569826181355269
agm001233129,30.549768061115177,-2.0946642429513678
agm001233145,24.825480446672177,-3.104221502473292
agm001233209,22.19385940807721,-4.004194996431913
agm001233232,23.66406832458227,-4.605655872580441
agm001233520,17.721756192367994,-9.987480560062474
agm001233647,21.88276504053487,-2.6119796996772218
agm001234809,15.94821554295701,-11.202897045570774
agm001234837,18.35345255082559,-5.038010866232149
agm001234846,17.696748982182406,-5.457014230739694
agm001234977,15.441536562891178,-4.757362898228279
agm001235402,12.976908041753076,-9.459090832195534
agm001235421,24.609295223036042,-3.2891113398971448
agm001235682,21.699355487782423,-4.399669147794783
agm001236295,26.211704026362586,-10.182083013036904
agm001237278,23.867969791108987,-7.5795889619766195
agm001237967,52.964460770012785,-2.696004786598485
agm001238146,29.63756346849223,-3.4429928455354375
agm001238221,15.958970839849037,-6.647414483134234
agm001238849,14.30081127088814,-5.4177040048372715
agm001239551,27.28339597754299,-2.2415104282903666
agm001239572,24.30703713541398,-10.4013767817519
agm001239998,30.201093462427355,-2.0344244511721294
agm001240372,30.359519381671944,-5.299764791320454
agm001240691,28.223316837345422,-6.792886662272345
agm001240984,26.761732330040704,-2.9287213758933337
agm001241570,48.69030157735434,-2.974369164404911
agm001242732,20.22806882270617,-9.471209227881747
agm001243094,23.23099560983761,-6.8281642030821885
agm001248997,25.307256280646587,-5.756524878096657
agm001249158,15.747400159852141,-9.305690216151467
agm001258149,20.145573942684205,-6.814527632837817
agm001258184,20.84992059232358,-9.334228040481868
agm001258510,23.038083954335118,-5.475761835569462
agm001258526,30.909540512592642,-3.049201518529871
agm001258570,22.316126490456966,-4.836821163995933
agm001258611,25.238991699636284,-3.0380330427387023
agm001258629,21.748101463869805,-4.2246082418949245
agm001258840,22.14281745368885,-5.764823621910431
agm001258844,20.64987055658972,-8.909062559045465
agm001258866,20.305976881498193,-5.006502250665245
agm001258878,18.080413249487517,-4.992999508739197
agm001260330,21.92032983557418,-6.513029589440552
agm001260503,26.75694333411231,-4.7127889437640755
agm001260592,22.775694943149094,-7.334371571886696
agm001260604,15.802389559496563,-6.27203731775079
agm001260825,20.62529031577755,-6.747391183000468
agm001261212,17.769980517963265,-7.629782795861687
agm001261282,19.58715445693687,-5.168634813768548
agm001261291,20.837130814689974,-5.26120012258396
agm001261317,18.10275064620954,-9.190696867641584
agm001261372,18.723752718929052,-5.246127215457031
agm001261379,16.548372582401523,-5.189765248970905
agm001262168,26.817792967433704,-5.852149078274915
agm001262402,20.244666195397546,-5.069471510916052
agm001262842,37.452815154069704,-5.073493620577042
agm001263003,36.6281642626932,-1.5848732476150438
agm001263023,23.30883408879639,-3.0905502204094017
agm001263131,24.191458448104612,-2.699472226600372
agm001263272,25.114539334743466,-2.5997158851959017
agm001263273,29.03177323981959,-4.476851216270862
agm001263455,23.915699350375807,-3.535170247177738
agm001263784,25.504484205729486,-4.551807708868884
agm001264050,28.77334818818689,-3.0108564772706625
agm001264317,37.124368560467246,-3.7408969276842967
agm001265113,16.01911904614176,-5.289757040768972
agm001265501,22.660935559478645,-3.3543278915338113
agm001265650,10.831782867838903,-4.229296004178663
agm001265793,12.819775372334739,-4.6892913778291465
agm001265882,19.67106222649505,-4.542811797104535
agm001265922,25.553389649863075,-3.304368886887486
agm001265966,34.08902426789999,-3.245537889788864
agm001266154,30.982036912694113,-3.7954866859144887
agm001266202,40.81669846264111,-4.442338525763174
agm001266508,22.46808602866582,-3.275659444002468
agm001266535,21.00664370759618,-5.416251510375088
agm001266601,26.342843394403275,-3.650834565909999
agm001266608,25.528768171859124,-3.6339458503052584
agm001266843,22.79954286710509,-2.908480571973019
agm001266982,20.7156731538231,-5.046310240106369
agm001266996,18.921245690061024,-5.073379257861667
agm001267198,21.98592710747242,-6.200601448099424
agm001267457,21.374971203131736,-3.5555415167921205
agm001267489,25.635052035229887,-3.313455259790311
agm001267515,20.64702936834948,-5.701234079192653
agm001267517,23.725731359787797,-6.222379597118849
agm001267584,22.38266406710304,-7.9285324154324925
agm001267704,17.631081035025666,-6.311893952784058
agm001267734,15.569157829501052,-5.5896273965548415
agm001268038,30.765813734051033,-4.11275248090508
agm001268192,23.84707042498604,-3.2091662392019487
agm001268634,25.38004168871605,-7.309446215373145
agm001268897,29.006902411904324,-2.88527977587187
agm001268903,24.72241354302238,-3.1178845212450237
agm001269214,24.43874727641787,-2.5201267627810684
agm001269217,22.884066530905375,-5.628904129032861
agm001269227,22.472311999682784,-2.471617236957012
agm001269356,15.560332204536948,-3.844803252266265
agm001269944,25.26446762153701,-3.5878595039138568
agm001269993,23.803392083956073,-7.513304329377106
agm001269997,24.5705301619861,-4.441923164495942
agm001270170,24.628093691294854,-2.640536639944638
agm001270337,17.710409053914304,-6.391411037816879
agm001270530,35.80421732218646,-8.181276389340452
agm001270676,21.043835167893256,-6.662562514753027
agm001270705,36.18706195545277,-2.2793369677474122
agm001271418,28.702143382224506,-6.04612149646985
agm001271441,29.298705556149514,-6.068997322318002
agm001271790,25.91121748634467,-5.727759544530053
agm001272294,15.546774440096053,-7.420875192052358
agm001273874,24.2559641855902,-4.175915234703174
agm001274131,18.9685654732333,-12.328987626365098
agm001275813,35.37256070857284,-4.788808889523058
agm001276125,33.39555701352702,-8.733858886240276
agm001276163,32.84213441829672,-5.563091855440071
agm001276170,35.60553777649566,-6.5002258721993895
agm001276177,34.35371905611124,-7.845192600521277
agm001276290,34.54830465895825,-7.85536192076978
agm001276296,33.71306711290761,-7.811607339599003
agm001276503,32.22947762497453,-7.7469096820682815
agm001277063,16.490115856436635,-5.152690816772428
agm001277190,11.483482388392135,-5.77219363504543
agm001277205,17.42110937518302,-4.957268365595017
agm001279087,22.222576212896076,-6.413827980798428
agm001280062,24.082332366138374,-1.4474417508666169
agm001280088,30.692398606847487,-3.758228812757391
agm001280102,26.923539033462035,-4.667657497358464
agm001280138,20.06979332436833,-3.124952468886163
agm001280216,20.160250069808743,-1.8606621918471928
agm001280254,33.84868362120977,-2.5259637428776527
agm001280413,42.52695412771512,-4.245863108766583
agm001280421,32.91530491153262,-4.663780426213077
agm001280757,14.436785323795796,-2.604519398350078
agm001280786,21.925319742935898,-4.286031927106215
agm001280813,11.828866137110234,-7.4966022794716265
agm001280851,28.587642862855972,-4.895040471367504
agm001281097,61.77126456054651,-1.8464128261543162
agm001281277,30.974138417401115,-4.546323627549365
agm001281307,31.15239522470257,-4.575871785206874
agm001281337,31.229211062054567,-4.574218036229627
agm001281718,18.696087664265843,-8.369789423952097
agm001282042,29.899256249234014,-1.2589178378008512
agm001282045,19.218189244889206,-2.201865671640916
agm001282594,27.78124066943058,-4.515502648722774
agm001282671,15.556316421476142,-2.6530595755510924
agm001282688,20.39586396640727,-3.5029814705211475
agm001282740,17.519611573775098,-1.7868919205101963
agm001282834,29.660956034052354,-2.169134709897706
agm001282850,40.978183020801005,-1.775844029397869
agm001282861,28.654628510418302,-1.2054498304558638
agm001282900,30.336159835331426,-5.027243886039113
agm001283159,55.0583611791344,-3.8833816228773115
agm001283354,19.594775238339707,-10.608014648403355
agm001283470,31.900936941369007,-3.7246044943500554
agm001283703,34.0270042457246,-11.777766413819842
agm001283711,35.459624638824366,-4.758485340990049
agm001283818,33.25704017910604,-4.659074420577148
agm001283833,43.14759086190493,-4.241173515537606
agm001283889,30.35363471188279,-4.4969702417498505
agm001284002,32.03727331106781,-5.26924219202146
agm001284866,13.679895273694676,-8.621249798310416
agm001285511,29.148762424395375,-4.83316103141641
agm001288248,14.542055037897555,-7.764034211187773
agm001288294,16.9163372951117,-4.789571302980947
agm001288302,17.34146035254788,-4.819152706815276
agm001288353,15.099860520127876,-6.67137437887568
agm001290891,14.049899820350053,-6.942139255309497
agm001291082,13.457103440231682,-6.865034695908199
agm001291270,14.888680101284557,-7.477949554078461
agm001291315,15.592479602825057,-10.909921334310898
agm001292002,14.472435996828539,-4.971138540854801
agm001292640,13.71134469473915,-7.48797566716446
agm001293365,13.743997756200384,-7.154823513404441
agm001293411,14.621823060032572,-5.246643577326702
agm001293966,16.536969413792196,-10.501304789617
agm001294122,13.680771695730343,-9.65354776773309
agm001294416,15.016506424131853,-10.176134394890216
agm001294827,12.346161206107665,-8.948432437675024
agm001295563,14.982011742894345,-5.833131750016067
agm001295660,20.824588984625965,-9.702860199499705
agm001295669,20.368026344382375,-7.381810319199694
agm001296232,22.341390032355765,-7.737264291067493
agm001296235,21.682999358101764,-5.395998903999924
agm001296252,20.650925802150173,-5.42670117439678
agm001296935,19.004130935908,-4.830111872087442
agm001297404,20.40808221284235,-5.0328080078326005
agm001298350,20.659646226017603,-5.617468500361695
agm001298435,14.742922186078728,-3.4305044210585187
agm001298616,17.226010343077554,-4.532278871409295
agm001298961,21.94470206282165,-5.318021687815981
agm001299412,19.780150535691096,-6.0841386854360415
agm001299546,14.31517353500753,-4.3975922266772915
agm001299626,15.404532836020225,-4.702533016628861
agm001300435,21.161423169021692,-4.922221084139394
agm001301082,13.258638950488136,-5.923829981949567
agm001301143,19.49135012309915,-5.4091174740915875
agm001301207,13.747610111499954,-5.727538257754439
agm001301294,13.231239439014923,-5.648036430878475
agm001301350,19.69934851680786,-4.590184807592864
agm001301400,19.744048141672163,-4.7997194776681695
agm001301624,21.34130393666039,-4.969425840574311
agm001301858,20.15007826588134,-7.065635394034517
agm001301872,21.025983039286523,-9.380000727132057
agm001301903,20.566654255111764,-7.060470805230963
agm001302668,15.192669459984717,-5.047908564875123
agm001302821,22.12479214243465,-5.394542351169175
agm001302822,22.935717075302552,-5.371961042467301
agm001302831,21.32238563935153,-5.407773434831103
agm001305331,12.679961362028841,-4.5953881368618985
agm001306706,12.008697961014528,-7.108246057479555
agm001306997,10.988951363810092,-6.902743398819682
agm001307650,11.049738180049227,-7.915517271086935
agm001308033,20.66971310184887,-8.780053455670604
agm001308218,20.077754742990308,-7.876101803524261
agm001308270,20.48508461832707,-7.024994062289362
agm001308803,15.490644578132011,-6.000868533549298
agm001309233,17.347218068855017,-7.48233961735996
agm001309848,14.532328056660361,-6.64327611556026
agm001309861,12.895748699503828,-6.801047685299953
agm001310419,15.117133453884689,-9.28446958013563
agm001310506,13.710937317264333,-6.579838470009108
agm001310810,14.99619233415956,-8.312810158162167
agm001310811,15.056455753633507,-7.775697733828161
agm001311188,21.448573938786325,-7.651802530766357
agm001311964,20.92251887670055,-7.736219587961669
agm001312084,15.259192627553132,-9.59960447685931
agm001312201,13.593896125236524,-8.34344898589561
agm001312428,17.15377867355264,-6.4637119987929115
agm001312529,18.385525157784116,-7.578379547717095
agm001312770,15.518190343980855,-10.41776938730882
agm001312786,15.435126362693584,-8.047141049194522
agm001313797,16.99840717494171,-8.92787696306803
agm001314183,19.17020771497092,-7.128346460016304
agm001315431,25.842102895646196,-3.3754733233514354
agm001315528,24.205919092119515,-3.603413007195519
agm001316618,22.57168168468262,-7.335475473500113
agm001316621,21.895411928675166,-4.967910927998648
agm001316644,23.952130252473957,-4.4235937576098605
agm001316647,22.651428573331884,-4.400461550222562
agm001316807,21.42888188879301,-5.652010077746923
agm001317079,21.845661160090323,-5.1250335014839905
agm001317117,20.804094331118264,-3.368185800619081
agm001317132,23.10002670971986,-4.101451701661098
agm001317137,24.563441731325874,-4.141466166599787
agm001317247,23.650996877574965,-4.98388484877067
agm001317286,26.241677563213532,-6.794882890087296
agm001317294,25.712660157892845,-4.419955577827835
agm001317325,23.056659548748488,-5.371840595792163
agm001317529,23.94548298245784,-4.761790541189417
agm001317833,19.795090469298113,-6.674953719438211
agm001318168,25.300849919596708,-4.303804330230134
agm001318505,24.638592580918502,-3.9755271210181733
agm001318578,24.580647381165385,-3.658593916649248
agm001318850,18.804821173769305,-4.4537111723703475
agm001318970,22.431238609630995,-5.748868639755958
agm001319179,24.44806769594742,-4.325278723884651
agm001319181,24.77853202286199,-4.333025460780203
agm001319279,28.472434348550127,-5.446478439795262
agm001321438,26.675856167272894,-4.850805481988457
agm001321440,24.699435749132082,-4.763561872149643
agm001323207,25.92178588676761,-2.135561008667392
agm001323298,27.818131932091852,-6.463447088122865
agm001323338,29.733251871516085,-5.529232320515333
agm001323540,19.95415447881977,-3.2526024376152365
agm001323541,18.235028121915565,-2.9441553205027198
agm001324184,20.48334241848426,-1.8714464799140527
agm001324202,19.143706568349717,-1.6819040427629255
agm001324508,23.210532054289292,-1.8259803574248217
agm001324601,28.29259665255271,-3.6378969178620175
agm001324616,21.948954711040596,-2.4759927484875632
agm001324709,24.171276832773238,-3.524323795361717
agm001324713,24.482714899393844,-3.5313039983171217
agm001325459,26.723283431947088,-3.803121837474017
agm001325496,26.895712715423343,-3.789186361991559
agm001325537,23.309768198385214,-3.6575956174861224
agm001325700,20.569550781295145,-3.0048702976542554
agm001326034,25.504016439115528,-2.5097413177082135
agm001326096,27.137180922950392,-5.606687183882682
agm001326146,25.065130768812814,-3.1705113194932775
agm001326426,22.14376747036424,-4.155860691572886
agm001326475,23.355936873458763,-3.1561541371896427
agm001326782,23.866553135898975,-3.8785817957653665
agm001326914,22.021119622294105,-3.5169741330158555
agm001327039,22.19487492336474,-2.430917596451277
agm001327045,22.61360586601154,-2.4675277099503297
agm001327051,19.344666503531037,-3.3431305322923293
agm001327087,24.719961389348544,-2.94962897994298
agm001327170,28.62452720129271,-2.5757311626463566
agm001327871,27.743799249649378,-2.9781490078308384
agm001328047,25.272664589265137,-6.237564996565365
agm001328117,23.823467028545156,-3.504313490456229
agm001328494,24.146803363943775,-2.5657564037702563
agm001328605,34.11899751798179,-2.1686941555210564
agm001328701,25.813606572478786,-2.6350601806196177
agm001328760,31.09099575800636,-3.3037601419515856
agm001328798,27.704997674705947,-3.9937189367928307
agm001328802,28.397605733862772,-4.862337130306679
agm001328881,18.858816831441075,-5.172686368816924
agm001329427,34.561026684428036,-2.2607460400359396
agm001329437,33.495385266329166,-3.8028105528866942
agm001329638,31.010214890041013,-5.346941154896284
agm001329653,27.08198005589259,-3.1270899353817425
agm001330108,29.6909241493345,-4.409758405996618
agm001330202,28.866139000842633,-3.7050712706164664
agm001330214,29.217509346523507,-5.065293076004726
agm001330304,28.34599369466059,-5.022068684520675
agm001330842,29.055347258507275,-3.9677972208132344
agm001330848,30.287439978618956,-5.365269414593935
agm001330887,33.368519775696655,-5.200455735004508
agm001331546,28.059093213435876,-3.069502884176732
agm001331706,27.75068258330213,-3.0422549561150354
agm001333329,32.382780926405815,-3.675606298841429
agm001333369,27.45655363776713,-4.151927652159957
agm001333417,29.100734188422017,-4.676195917144762
agm001333472,27.101393093487964,-4.607946914421657
agm001333493,28.80648681541575,-6.005513831897839
agm001333518,26.519458214223967,-5.89705744674798
agm001333642,15.777210502117407,-5.1116653096006415
agm001334857,19.784804265678567,-3.004996331260595
agm001335385,17.071932585010767,-6.012814169402928
agm001335409,19.137223436421802,-7.8546383849656785
agm001335534,19.8612646534868,-4.74234880031158
agm001335843,26.356660035677933,-3.3424725577932266
agm001335878,23.30549519153686,-3.2047019866159845
agm001339216,26.462701236026597,-6.311021866163157
agm001340268,19.20844829052599,-3.501050990739438
agm001340305,20.460605548360707,-6.240757954868353
agm001340473,23.52142400502145,-4.300925878782002
agm001340512,23.930355155160267,-6.6561488184043585
agm001340516,23.126278417188157,-6.654334023465732
agm001341023,19.27878912659204,-5.094294372511936
agm001341036,20.339684651842756,-7.435553670167192
agm001341037,20.196827452624213,-7.437588827676839
agm001341059,19.568232257283242,-5.103577133974695
agm001341155,13.513204352175803,-3.9868160608148133
agm001341597,21.79385156232484,-4.477594989318069
agm001341602,23.40920990392209,-6.867431327147041
agm001341663,14.396597957878253,-4.173575249890797
agm001341706,15.089334983785205,-4.09347189944948
agm001342073,24.565974949082236,-3.970061246138461
agm001342137,22.998294629009855,-3.9154442998841823
agm001342162,21.33259258087467,-3.908762869405927
agm001342217,21.794556712959878,-3.9291422708486996
agm001342851,18.94678795634974,-3.489725150299561
agm001343801,17.23682384722574,-7.499511842474015
agm001343815,18.215669442953672,-6.214710658793773
agm001344623,22.04506776934233,-5.174557424345409
agm001344669,21.550769848395586,-7.533914908184093
agm001345590,21.729577140786777,-8.050111321624986
agm001346343,18.798397815677518,-5.317748592497827
agm001347216,23.20875497687675,-3.726265004253518
agm001347235,23.375066405440826,-3.726284714391576
agm001347240,23.539957919256736,-3.7296088029076855
agm001348665,25.581086221723226,-4.267976539645044
agm001348703,24.75399014259729,-6.607040139815896
agm001348719,24.500978155013772,-4.207504127776987
agm001348754,23.705965689670894,-6.586981728035092
agm001348977,17.36266149637097,-3.861639781821857
agm001348984,21.12779446247854,-4.046242146724268
agm001349204,25.717225692720653,-3.022498613683272
agm001349244,18.52830253774004,-3.405562938868381
agm001349274,27.02188296511349,-3.725814977610016
agm001349277,25.977009312542744,-6.068338497578538
agm001349371,23.1617059716123,-6.000834311848267
agm001349376,23.849790639982363,-6.015962742788384
agm001349389,22.483759681710055,-3.6394060426499824
agm001349938,25.570269341452374,-6.773336416800841
agm001350012,24.635609996527588,-4.42668572503927
agm001350094,19.994420835947448,-3.6162349057403365
agm001350100,20.571741080062665,-4.025996485339197
agm001350121,17.720121721736863,-3.328057654881146
agm001350436,22.681851940391173,-2.7671048268727443
agm001350568,19.377550043516344,-6.30303252662266
agm001351610,22.87712039626158,-3.137132296478943
agm001351794,29.61085395586938,-4.061715797678979
agm001351893,25.86425718006592,-6.300814389422281
agm001351933,28.5862482072283,-5.382564810302329
agm001351995,19.82123587613116,-4.0809875138841605
agm001352263,23.697497130355547,-4.897719480201269
agm001352326,21.97216332024957,-4.910222548708059
agm001352332,22.510177280238985,-4.908246813788085
agm001352848,22.15322833615742,-2.7279128559915318
agm001353220,22.362166761247632,-7.771352538491264
agm001353438,25.31171012955544,-3.3978120008296435
agm001353535,22.907720700072687,-2.987719854203028
agm001353552,28.051119193393227,-4.140589201737767
agm001353554,25.938376323107907,-4.077333435758711
agm001353633,25.270977485742673,-4.0849214492842325
agm001354184,26.882819666031263,-3.7448907642150617
agm001354185,29.114716371035062,-5.174649191566178
agm001354286,27.815035349621954,-4.428330502465183
agm001354335,27.47091370231639,-6.7679185758818585
agm001354342,28.432228998188585,-8.163379408139352
agm001354369,27.53446597710307,-5.7565285804996424
agm001354604,22.952188468595008,-4.247577331217287
agm001354653,25.042817271098038,-4.300040964585569
agm001354999,25.747040957759022,-3.5066939857944437
agm001355018,29.172082489666074,-5.683697910370834
agm001355039,24.62380735584986,-3.4705823511829177
agm001355540,15.186976246285909,-5.763897167815302
agm001356999,18.422172963260277,-4.4110676505237105
agm001357178,16.7680851300274,-8.501981674793107
agm001357468,19.791240281697423,-6.616206605600364
agm001357544,15.20418950427363,-6.013190929766294
agm001359910,13.132754067239064,-5.311833438006813
agm001359971,22.102384695729626,-4.301252226827072
agm001359977,21.60186903744339,-4.5554058999613725
agm001360261,24.39309014847523,-3.8778319139293336
agm001360292,25.537222451270544,-3.896078879454681
agm001360382,21.723729847889857,-3.8225083539114983
agm001360604,21.807360737202032,-4.018232020137122
agm001361146,13.099104694767231,-5.853641648395158
agm001361160,14.01799272413955,-6.954242881742916
agm001361503,25.043484708334223,-6.250118180539018
agm001361514,25.69901267591287,-3.9012901582854096
agm001361517,24.561771292080408,-6.242415029986711
agm001361539,25.113879433245433,-3.882898963327446
agm001361552,29.605511641510827,-5.0556446091069915
agm001361758,13.034447108943473,-7.329366104437599
agm001363431,15.7710942261348,-6.683261777081905
agm001363461,14.35612050517873,-7.900873765631095
agm001364196,11.892687299792907,-7.35293674508165
agm001364386,28.216819445140647,-4.3766548129089795
agm001365268,26.500802640379266,-3.046871890304679
agm001365564,27.595952711675043,-3.7629815841858454
agm001365692,26.151696135994516,-6.053542929359268
agm001366454,16.317588150970654,-2.4561254363090192
agm001366795,25.133632806494163,-3.380455885838514
agm001366798,23.89285978812372,-5.704268123253025
agm001366874,26.365598531648864,-4.08156072181168
agm001366875,25.902148560662656,-4.077563162928498
agm001366910,25.91016851750163,-4.033579028285351
agm001366926,23.450070089659928,-4.008057803536856
agm001367248,18.36067266754895,-1.477538397027807
agm001367262,20.19434917282332,-2.5262659392313505
agm001367493,21.952070598059326,-2.3941681334597478
agm001367707,15.224217700439329,-8.125013193888442
agm001367983,20.46726924578272,-5.46697803155632
agm001368614,22.64138293339038,-3.5130189668051868
agm001368917,28.195037747789062,-3.6592418160662743
agm001368947,27.349616178014582,-3.609243736843242
agm001369447,21.87881453983377,-4.523966505207136
agm001369472,22.148795221290133,-4.521015230406551
agm001370071,22.188824988021874,-4.694073082685179
agm001370073,20.837143450487634,-2.26793756985461
agm001370173,23.899146286904063,-3.1589445988370137
agm001370443,20.712234147341878,-5.053515275086697
agm001370456,21.80265205609651,-7.406818521518574
agm001370478,21.008861526554597,-5.068502083365023
agm001370753,30.376366397121124,-3.004220759098486
agm001370944,25.473967737757587,-3.694126974498316
agm001370950,24.623609949942267,-3.67084503334827
agm001371010,25.079887859928096,-3.7107480770356513
agm001371899,25.722591811987268,-3.2479902530855562
agm001372033,25.429869289204454,-3.987765068808276
agm001372072,24.37886932869068,-6.311503004793606
agm001372150,22.575578142619495,-3.913108506754588
agm001372158,23.012522580588506,-3.926681926189925
agm001372183,23.17858731293156,-3.930735837519001
agm001372319,26.695387490335037,-3.1653268566900046
agm001372503,25.2518510531551,-3.0784598844664375
agm001372540,25.880992207324958,-3.1050776618090667
agm001372598,25.124626037166507,-3.1036828566784456
agm001372612,27.197200761395774,-4.527587088731551
agm001373066,16.730928028373555,-4.447909075765459
agm001373144,18.988955475121273,-4.4487931764689055
agm001373206,21.794647428289952,-3.341626633879099
agm001373273,20.168322295024385,-3.7620555110959737
agm001373791,21.868577141227004,-8.508349812968676
agm001373806,20.730430913637104,-6.195809025615892
agm001374190,28.044352777914643,-4.021392139529852
agm001374264,18.035831689444226,-4.885000962358929
agm001374501,22.73064835316285,-4.248065479832845
agm001374977,16.865348646285067,-4.921752094274414
agm001375024,18.749740037556556,-5.83499164422073
agm001375047,20.358764438904238,-4.699207223541778
agm001375296,21.351030093562752,-5.282068077831274
agm001375303,22.1822340813998,-5.272740552334314
agm001376463,23.97519541315512,-3.319772655608981
agm001377061,28.626239056550126,-4.184286742334457
agm001377796,25.88813184593701,-6.23284775308912
agm001377918,18.861435399515635,-6.029616764857443
agm001377921,19.001532063704104,-6.040504404283864
agm001377942,14.536011177963255,-8.075841264865856
agm001378378,22.14089536265153,-5.498217264482744
agm001378450,22.832596782715356,-6.796809304220577
agm001378543,24.81317940685992,-2.7638225728534733
agm001378912,23.43878225090904,-4.133978542098264
agm001378931,18.44151455416336,-6.3183497997945075
agm001379012,23.266051854442313,-4.381035782023014
agm001379017,22.438289268564716,-6.724335588962197
agm001379199,13.14738511774729,-6.479207907784106
agm001379251,24.09453998407948,-2.559047830336154
agm001379692,15.660643223954015,-6.787952601279719
agm001379776,21.113854974775432,-4.517576350436312
agm001379780,19.49397124809478,-4.4466342910432735
agm001380137,15.988796755032821,-5.884767974359596
agm001380472,24.138581260279672,-3.057618775923418
agm001380481,23.85154548769762,-3.0518197541335192
agm001380535,34.15729885528602,-1.8169014817306985
agm001380965,19.822050344340635,-7.458491713203294
agm001381211,17.969592990164912,-8.39534849380975
agm001381523,25.135299161969968,-2.867549946896748
agm001381556,27.095108457757057,-6.1321950037945125
agm001381578,27.746318987243765,-3.779490769277549
agm001381636,27.829295491278906,-5.084682005002531
agm001381706,18.88225150431938,-6.830004907477594
agm001381758,22.232406137561938,-8.122841878422626
agm001382585,26.256016038126297,-3.2596157879545262
agm001382586,26.993607933430887,-3.283225671105103
agm001382598,28.30311789463539,-4.60022826126491
agm001382626,30.563041751302812,-2.3413130343126003
agm001382722,25.663012781945174,-3.9588700264806946
agm001382803,25.82061072830482,-3.962133210807702
agm001383737,18.04774262438314,-8.094099815349209
agm001383751,18.49248410139387,-7.218013179518262
agm001383830,18.67195577436243,-7.687994329716749
agm001385166,22.037820973596475,-7.074045122056947
agm001385193,21.788901874263935,-9.42647887854239
agm001385258,20.371360303865718,-7.178890715381191
agm001385272,19.99232080129081,-7.236991613746384
agm001385654,17.797339091547254,-7.868185887936749
agm001385955,17.08208333327798,-9.550668679899614
agm001386637,34.026682012779034,-2.0639077783328243
agm001387169,25.99529976239217,-2.0353807391218046
agm001387598,29.865422987480095,-2.4735174519208787
agm001387652,26.30037912800339,-2.825219714435595
agm001388406,15.700372102618193,-6.638727801787846
agm001388866,25.35506251547697,-4.151374414682415
agm001388869,24.13478310699401,-4.071619798117622
agm001389498,26.096600926362733,-3.9593699336500543
agm001389511,24.53548501390908,-3.9410376310162154
agm001389618,16.619879048929686,-8.751971306263256
agm001389740,18.443114436515422,-7.639384129391976
agm001391259,13.982349815308929,-9.289263811899648
agm001392269,27.015230169189113,-4.562238679130181
agm001392425,29.05654679296076,-3.6157251933991654
agm001392448,32.36421209606314,-3.4260838409433068
agm001392518,27.342343734161574,-5.897329489691686
agm001392562,29.07574907479632,-4.935596854260599
agm001392909,29.84965524960886,-4.099639690954498
agm001392939,28.341129443377145,-4.011679136362581
agm001393223,30.94041641854641,-2.715968010249169
agm001393321,33.32663003596477,-2.4442741574667526
agm001393571,28.050797024345112,-2.826631989497639
agm001393572,29.00431721597967,-2.8537701783606306
agm001393578,26.92212260682191,-2.7544948602332564
agm001394037,30.047000491377446,-3.5356556135934696
agm001394039,30.36144071566263,-3.5415942681101473
agm001394045,29.76773127018636,-3.531339882308421
agm001394177,27.66398817537153,-3.4057012788944254
agm001394199,29.392322989222603,-4.856777547187292
agm001394201,27.834615966782675,-3.3762899540830937
agm001394209,28.09709886474366,-3.4149073635986538
agm001394214,30.970040790457205,-5.611362375928792
agm001394262,26.1862954224351,-3.3495452037327107
agm001394271,27.7694313564764,-3.4333464532139435
agm001395146,18.127369355530714,-5.4683515558001385
agm001395244,19.306444104369966,-4.352111533271725
agm001397942,14.410021753758683,-8.450631741602892
agm001399512,28.09425618485166,-5.417928810492261
agm001399613,28.863674809450192,-3.8020192534314265
agm001399634,29.383886394886925,-3.8017587178351366
agm001399732,28.259011072268095,-5.068297592554249
agm001400825,26.069761378864946,-3.93572853355493
agm001401353,26.075295486338455,-3.027017324030749
agm001401356,26.245267496734332,-3.03533786664683
agm001402085,16.24388904068901,-7.303416555067186
agm001403992,31.098697370390568,-2.8413495206694885
agm001404323,28.43036611090443,-2.970977081897126
agm001404619,25.867097653930625,-4.360476786292857
agm001404875,29.299959279761943,-3.62122470297726
agm001404887,27.85922088473836,-3.5796263380622095
agm001404911,27.873768302123565,-3.559602114458817
agm001404940,28.659031867934818,-7.330556953967027
agm001404955,25.622976355284045,-3.486159958433742
agm001406691,31.46110737584463,-2.514252667484547
agm001407576,28.59150462332929,-6.068801505553873
agm001407581,27.995662258155495,-3.8271920499131387
agm001409256,27.399875202376403,-6.165187534774293
agm001413558,32.428847351814085,-5.243223253232856
agm001413569,31.392128347865892,-5.18345162639505
agm001413578,31.85504029568808,-5.210614457130735
agm001414224,10.276519293248304,-6.895351578115427
agm001414318,26.213657065196248,-6.34755560265205
agm001415648,26.15980374865907,-5.8779359779116644
agm001416735,18.8068216443236,-5.7597946613768105
agm001416835,33.4872943296909,-5.57504676764119
agm001416850,25.56798646524847,-2.4035214177744972
agm001416911,35.48624862863242,-4.768013173199781
agm001417139,16.302588108948935,-2.9762235144062013
agm001417159,15.0242948822083,-10.177619836704968
agm001417178,31.050283773454982,-3.0191405913765212
agm001417585,32.658129744502254,-10.722591065806865
agm001417661,15.679063312523347,-7.902876189681825
agm001417732,20.780384637842392,-9.974401921839672
agm001417739,27.804542447473757,-4.1660864498714325
agm001417753,27.36011992057252,-4.995670309579797
agm001417758,18.244697355842746,-3.883918065398088
agm001418018,10.5391040594341,-10.174188545089807
agm001418037,18.582491811565568,-6.040079629868226
agm001418252,15.175414808844774,-9.195267552724214
agm001418341,27.289494579060143,-4.940172816238609
agm001610607,18.54172646908094,-7.009153381054366
agm001610664,13.061090853344652,-5.261914615437147
agm001610718,25.070569947284884,-4.454305005744918
agm001610794,23.24075434053035,-4.832403435298273
agm001611072,15.528634063693454,-7.292911517811019
agm001611086,23.530078460279704,-5.347800528415924
agm001611151,12.042518526206948,-3.822466467580548
agm001611853,13.977265576674572,-5.524213170301776
agm001612064,23.07235559202713,-6.525188406733274
agm001612088,16.843744043804826,-7.233335674576959
agm001612096,19.118150263655608,-6.728833080434347
agm001612300,19.917817764056053,-4.975082258135261
agm001612357,23.40484212781347,-4.751903266417119
agm001612486,25.61690309075807,-5.328111306350317
agm001612736,41.101503780882,-2.801956854665966
agm001612848,31.57265585980311,-2.213785413065019
agm001613054,37.62023494596642,-3.411377860435917
agm001613153,14.9423839667387,-7.222791954380237
agm001613393,15.186510791754733,-7.177912863779241
agm001613405,16.221529447471095,-7.572654621869061
agm001613419,19.215601378671636,-7.3561902947000295
agm001613435,9.475639865990725,-5.445289409529517
agm001613466,10.188635565025578,-6.4885055476450715
agm001613557,12.691774475379876,-6.617845648083117
agm001613642,15.120721244485068,-6.03904076010358
agm001613896,24.07955567563978,-4.6595343718594195
agm001614099,14.537444701563757,-4.543557582903038
agm001614304,27.568750219921338,-5.37105908479508
agm001614538,18.110495325330337,-6.271664413598733
agm001614594,19.576460713435367,-7.101228461447475
agm001614609,22.91055833197461,-6.137094493767362
agm001614624,17.476841833321817,-8.097883184951755
agm001614859,10.583614840560807,-7.827523097994711
agm001614946,54.40851227731572,-2.267604743894786
agm001615103,29.27779087911879,-3.3230007256897487
agm001615813,12.52003628989483,-5.460800956446135
agm001615893,9.367769056311518,-7.26626132411416
agm001615899,9.674545330639443,-7.360218549032362
agm001616274,40.80735916586227,-2.984506741342572
agm001616291,40.30135103431009,-3.2885231836938926
agm001616483,9.321443908815189,-6.379286460058635
agm001616834,27.714295485996843,-5.582816297162317
agm001616852,23.10965790163404,-6.36221397015535
agm001616904,20.46919318137648,-6.716211010698165
agm001617264,14.958976287967062,-7.977995785082173
agm001617560,10.76411003638531,-7.292609143793752
agm001617691,14.853411514693073,-9.221608765746584
agm001617764,55.46270072253178,-2.2224015208950956
agm001617859,28.317110770568377,-4.342436579917601
agm001617863,26.690967766165205,-2.979564980922887
agm001618384,10.44131557488298,-6.903640767152282
agm001618587,15.084118264395746,-7.6084495877765095
agm001619062,14.839654966809343,-7.016873577840833
agm001619527,11.777375694936637,-8.597191372819061
agm001619697,20.283081683936587,-7.496811301138299
agm001619870,20.57509980917495,-4.9155487823430875
agm001619912,19.609406791825652,-6.963680105641645
agm001620089,10.8924159229669,-7.060495018719893
agm001620195,15.144340348426965,-6.471356173911306
agm001620210,16.378064560418224,-7.097242158517102
agm001620287,13.155572727180243,-3.891697154637428
agm001620330,14.296340827941743,-6.288960827299386
agm001620389,10.773875883950547,-6.775322442675832
agm001620440,22.53591975385637,-4.792176030386878
agm001620696,11.452310910958044,-5.27048240868199
agm001621751,27.400390928914316,-5.4959257313543946
agm001623557,10.798299098087245,-5.103335785660526
agm001624890,14.002273145422759,-7.55869137961812
agm001624970,23.159591044925822,-3.18479081241166
agm001625101,26.157584133844004,-4.487290480655863
agm001625920,10.805922032408953,-6.253994127585266
agm001625923,11.316173102856645,-7.370205585773627
agm001625936,12.621734299889827,-6.705931075204241
agm001626132,11.067637540077959,-6.703441246736929
agm001627843,23.851324470373026,-3.72591761753869
agm001627868,23.91542050411998,-3.55467286319483
agm001628136,43.45601696599768,-3.0349476632200756
agm001628392,11.453324023700008,-7.814800485096109
agm001629463,11.801258567543957,-9.06474085030862
agm001629852,27.230292141797708,-4.3270298313067865
agm001630417,13.213381586941875,-7.2137822420194
agm001630546,19.13530937966598,-9.637796782443141
agm001630836,23.45995004290464,-3.214774499083743
agm001630872,51.6933654371825,-1.1955903238066485
agm001630995,28.61953170349928,-2.3600700517478383
agm001631232,26.387504275339737,-3.528903148425293
agm001631326,18.837888870836146,-11.682416904995982
agm001632103,15.736518995631192,-8.316752841912201
agm001634272,42.62986738291421,-3.2953323891233834
agm001639992,13.580752326636182,-7.938589140394052
agm001640845,24.586859355544064,-4.334080230717185
agm001641535,11.31780360358269,-7.451264205091843
agm001641570,10.935461756584747,-4.192697950254753
agm001642081,10.421638599898294,-5.86976782532537
agm001647204,13.31869075252745,-6.24476438617315
agm001655882,13.845090194085662,-6.741643326253209
agm001661708,12.581848480457264,-5.218667076054464
agm001662821,20.031095587332782,-3.4580662766455967
agm001663000,11.3002259426525,-6.696819838643296
agm001663980,30.018719427398924,-2.603783598962081
agm001665779,13.317473250026618,-3.526611372167396
agm001817125,34.96523198073538,-4.754991470599682
agm001817391,34.24211329019964,-4.7106064755887065
agm001827922,32.951676382568444,-12.175905753660235
agm001828292,17.237214858271457,-2.4607453171758196
agm001828402,16.86414640814554,-2.9316851277854274
agm001828718,26.341109841336433,-2.468884164068344
agm001828775,26.556120390150113,-8.23812068120812
agm001828851,28.298526456147485,-3.2784264048128238
agm001828900,14.872008271410937,-6.403469983076486
agm001829200,25.11193413138872,-4.5660956835563
agm001829322,53.19590284537933,-3.804191975612077
agm001829494,12.128435213667435,-7.465256315288977
agm001829650,34.35041676383143,-4.667999239001944
agm001829825,30.83069270939805,-4.559736694295913
agm001829853,32.15969841421447,-4.608782963100701
agm001829855,34.169119194334606,-4.6914601169983765
agm001830035,49.250909264096244,-2.1126771659087598
agm001830256,30.1195757074162,-6.716581553242145
agm001830353,19.488540481794452,-3.9529811102720185
agm001830481,16.61124930612295,-12.29141800007703
agm001830562,20.432275332257326,-3.980872984347266
agm001830793,27.060910432313136,-9.596944309751164
agm001830818,26.168292616975254,-6.4730221758264115
agm001830851,25.478058174502525,-6.464582176906063
agm001831316,27.02485102972585,-4.812150891302774
agm001831364,27.155544949156425,-4.36514286003615
agm001831372,27.355817417883134,-4.374818913661776
agm001831381,20.586423211624012,-5.843065583924301
agm001831382,23.034964529606754,-3.9574604957397876
agm001831469,21.66818573083353,-4.685670457734614
agm001831513,29.04953338665128,-4.2632188209665705
agm001831684,26.792394242170186,-5.199433186955944
agm001831685,26.599153268020142,-5.1951641442956955
agm001831742,37.29775552161109,-5.073871958060999
agm001831755,36.08528221585369,-7.12250105254509
agm001831766,32.49274697917728,-5.242442353006759
agm001831816,32.193850247188415,-8.35089276737778
agm001832135,25.64136597523751,-4.135849172514949
agm001832380,31.45768722909048,-3.7183337962927414
agm001832413,31.461223376048807,-3.687396875276475
agm001832511,27.720544872293065,-3.5506384120572254
agm001832517,29.39047856316023,-3.6219879376913826
agm001832535,28.27637969758814,-3.574215151865282
agm001833811,16.276376439575102,-5.812807666462952
agm001835229,17.12045516672847,-2.3713661040566305
agm001835408,17.926874529395906,-6.481111477874532
agm001835613,23.418048325547204,-2.9327670782211896
agm001836470,14.56563197257026,-8.730598190485201
agm001837295,23.714140245005314,-4.2886550383108855
agm001837535,39.290743356606775,-2.554539172299119
agm001837647,25.64107385935013,-6.8470088550797295
agm001837702,25.93456707878327,-3.700318172227225
agm001837826,20.009260827095872,-5.2461261276984485
agm001838386,24.314429714257244,-2.2681449374231684
agm001839280,26.487571959682327,-4.212582145472787
agm001839659,16.699693007795286,-11.38136627601552
agm001840071,28.849750943341576,-4.05353834794741
agm001840108,29.050005504199618,-4.084400082955065
agm001840439,21.794457550173338,-4.073281096318269
agm001841469,30.36046281218721,-3.715618228384251
agm001841478,30.78570329821332,-3.739388087574403
agm001841506,33.53101072119018,-3.45469037179634
agm001842456,28.331604488716533,-4.2854904147963735
agm001842615,25.82461582289319,-10.173606402836475
agm001843653,23.183400944237366,-6.607644889715995
agm001843845,36.506842250724965,-6.913913202845947
agm001844218,27.134369140367454,-7.729582868362063
agm001844518,34.73080107788174,-4.743796249581057
agm001844550,35.22972885951972,-4.75733494827134
agm001844574,33.06593175129097,-4.648646978871905
agm001844597,32.39296345211093,-4.632413013360963
agm001844604,32.826324521968665,-4.658140964204982
agm001844614,34.476590105291024,-5.674415366293748
agm001844638,36.65377076348507,-6.563240635681645
agm001844888,32.067198936098116,-4.584548048554932
agm001844936,36.84860272553493,-6.561060306742358
agm001844985,31.3915273082186,-4.561699563248342
agm001845030,32.02468314222306,-4.617945371516625
agm001845125,34.24521511699331,-4.702571834834231
agm001845326,31.90231575169703,-7.731848506620518
agm001845425,31.679195211139383,-5.508009522919518
agm001845430,30.929448613355422,-4.556107102871207
agm001845452,35.41209440812335,-6.491220464295907
agm001850168,11.896062580252455,-6.58171207124644
agm001850340,23.04394746970836,-4.0125105056723465
agm001850535,38.27995143346073,-2.2615880585691
agm001850626,22.8695401595517,-6.422740951362182
agm001850679,43.4628138270754,-2.035744211551417
agm001850694,31.15718475338123,-1.471812392516325
agm001850704,34.29182395336073,-1.8694009411048642
agm001850843,17.2510520399931,-3.678655903740664
agm001850928,35.17038538771653,-1.915854038136778
agm001851176,33.409377316721745,-4.68545564206417
agm001851178,33.75744314108673,-4.705289946995952
agm001851266,30.36745796730081,-4.489449344972161
agm001851325,32.07046576740843,-4.615729693180686
agm001851473,14.339763870515435,-4.906504450621248
agm001851620,29.3665565013071,-5.157299705639521
agm001851659,19.683149170964686,-10.022042191072197
agm001851945,34.07828836832531,-7.844302469145815
agm001851948,32.48234028326454,-9.593901870721348
agm001907207,14.367360761402097,-5.7278958474726736
agm001907227,19.053483850782104,-10.42601308240293
agm001912337,20.147528572853385,-9.759279722390549
agm001912484,17.903898324693156,-10.579862030063769
agm001913740,25.393507437584013,-6.559201004821465
agm001914792,26.932454081009283,-5.822204483785719
agm001914796,27.354038206653087,-5.851200174860529
agm001916123,18.895652161839635,-7.773523901015764
agm001916328,17.188983877147145,-9.942053115032866
agm001916349,16.968560199565395,-7.97065504772575
agm001917157,19.196348125024812,-7.746399348737167
agm001917162,18.837052723970867,-8.584449906927361
agm001917295,19.9767209641482,-8.948112357672002
agm001920191,19.249976275665308,-9.165883058513147
agm001922333,16.333729119796985,-10.379272856712962
agm001924573,27.165066402187076,-5.8070008705686345
agm001924584,25.358499418820298,-5.738912068776263
agm001924693,26.248642862374716,-6.0157782372211654
agm001924847,20.700043442105144,-4.679220891860806
agm001925548,24.479112119166164,-4.374294958134835
agm001925579,21.161423325653626,-6.853310745718609
agm001925733,33.74636662120943,-5.111055355304857
agm001927454,18.31921954902931,-7.1005593349100025
agm001928086,18.208257206227003,-8.560133753569524
agm001930016,56.05368754966919,-3.0847313537176837
agm001930166,40.887480007551204,-2.9765611242382564
agm001930223,32.587364494295095,-10.694171021049616
agm001930326,26.80675692185849,-5.665396299775875
agm001930363,25.352661328002284,-9.996278595281453
agm001930670,31.74190134469681,-4.182030749883785
agm001930685,33.37527268695825,-4.163304724106144
agm001930920,25.848807698088738,-5.797720598529839
agm001931019,25.620486505266964,-3.743018512953742
agm001931199,25.555483143236867,-8.55951864058649
agm001931287,21.85265574981019,-7.648958091014176
agm001931619,27.03404648710021,-5.8412407711658485
agm001932484,24.726226221087856,-5.829709062218907
agm001932577,29.590678852656104,-5.632605852813638
agm001932794,18.386493742073867,-7.308569150311932
agm001935025,18.1425500862974,-6.650185197149265
agm001935399,23.015328260175778,-6.077163662818256
agm001935556,19.1860887599524,-7.889817322631906
agm001935732,20.85263231969295,-8.172199224021943
agm001935807,29.146094205355933,-5.607920105404489
agm001936267,29.882003972256342,-5.456122741080577
agm001936521,23.902004837539828,-7.101240652802579
agm001937077,34.09222274738488,-5.1665478171508
agm001937248,31.596913720539018,-5.481452048780301
agm001937273,32.4124227344667,-9.775972336745507
agm001937354,32.42965103804008,-5.542059239968392
agm001937370,31.91535064339981,-6.445616391199845
agm001937922,23.437352319913217,-9.860910866806286
agm001937935,33.61295937931087,-1.7120793573397717
agm001938400,24.109537208551714,-4.531504794648884
agm001939074,33.58402246114801,-2.7392319821655082
agm001940001,21.436114486483554,-6.131460439049079
agm001940197,25.030847212733686,-3.689049878515711
agm001940203,23.75124302821308,-2.7609646708636566
agm001942174,26.734109356164023,-6.88042593356476
agm001942769,21.95822673684132,-6.023051235263399
agm001942872,23.367434900647208,-4.980337015006732
agm001943003,26.64918684911929,-6.152484987402846
agm001943020,23.53954170777114,-6.221621539680893
agm001943049,22.098969478358175,-6.118455964254595
agm001943387,27.645863660308475,-5.199964906499882
agm001943427,19.35074365608866,-6.973660084990706
agm001943641,29.04657253373285,-5.808268754205093
agm001943654,25.000197543799874,-5.846988726303675
agm001943838,24.516489559735497,-8.236695707685692
agm001943934,25.22297639745565,-6.405227307590577
agm001944463,21.631004294935877,-5.234844180676804
agm001945402,17.682751619849277,-5.863309204269333
agm001945415,16.212244553958882,-5.896196775175384
agm001947158,30.902689100123638,-5.233951489297384
agm001947241,18.390783633381794,-6.9419089463195505
agm001947243,19.016021563381155,-11.339694785973757
agm001947426,29.011161324544865,-5.1854739553036255
agm001947516,24.886547108045082,-5.8508853708979975
agm001947615,29.686236434166975,-6.224253236405858
agm001947649,26.118866622708847,-2.701803381648256
agm001947974,23.178610449843102,-8.27715156937456
agm001947999,23.9009820352311,-4.579985054851694
agm001948036,23.547799769091174,-7.034677201922399
agm001948048,24.357826959058638,-7.920025465440367
agm001948053,21.60620797540718,-7.738648622137216
agm001948101,25.699641829715777,-6.577526488660987
agm001948109,24.339741887452867,-6.214403855545498
agm001948185,21.90501755828392,-6.714207152113096
agm001948254,20.871436046672354,-9.170550810259616
agm001948274,23.050899152124675,-7.884669364062845
agm001948520,27.14949259546247,-9.048418598612585
agm001948526,31.583290770549134,-8.48508958862098
agm001948778,30.19240873877162,-8.659048769052747
agm001948833,34.56020016410827,-5.961894793465576
agm001949205,31.536946650224586,-7.614213133771594
agm001949338,29.84220073061146,-5.169369141415384
agm001949349,28.48001854545971,-5.036830532281668
agm001949420,28.005636462380107,-4.991053703858798
agm001949717,24.73114019067084,-3.0030668716097932
agm001950195,24.926346596772603,-4.644006450859505
agm001951196,24.784124618606842,-4.101219098610491
agm001952181,21.830372795056398,-2.8786294303662214
agm001953141,17.533887982132587,-6.182645337578518
agm001954466,12.999838486732317,-8.719943703903903
agm001954471,13.0991363070112,-8.720318835555178
agm001954543,22.68480420330926,-5.187512267735727
agm001954552,23.335172879683622,-5.209718568597446
agm001954924,22.96667738745376,-6.147601854224106
agm001954976,16.70666323980342,-8.7886462709205
agm001955095,15.274232315449424,-8.897787064297086
agm001955240,17.78531434226198,-9.220869007964732
agm001955565,87.3629702134331,-0.9858756553993793
agm001956198,19.520076275297956,-8.032898314890053
agm001956502,26.181685650077917,-3.371348670638534
agm001956974,21.316501674569356,-4.002084664400499
agm001956985,21.00756435593895,-6.345752984640815
agm001957367,42.599831665161446,-2.62279054193351
agm001959305,26.149299815458452,-8.642737204271357
agm001959765,42.4622848271189,-7.244065674078733
agm001959841,22.951901289007896,-9.104203135978683
agm001959906,23.706101416380605,-9.58203791531709
agm001960054,30.538169521799023,-5.04409626930162
agm001960200,30.739055155064428,-5.916424506208308
agm001960588,22.380622294877604,-9.609587616143775
agm001960602,23.554790078427413,-8.572972954665339
agm001960994,24.32484171213806,-9.072789644191008
agm001962595,30.260669603847333,-7.3728874593709435
agm001962633,28.586944560399985,-4.941405498419748
agm001963302,32.21929440557981,-7.8166987045955985
agm001963341,41.764223739308186,-2.1794966015420707
agm001965852,28.281760026601564,-6.106317141647604
agm001966353,31.564454990422245,-5.563623809224035
agm001966672,29.509885813951932,-7.574833441075565
agm001966751,33.75725880988198,-7.516190973436602
agm001966765,31.969346145162703,-6.781746245247424
agm001967114,54.98197330767444,-2.5479300552841426
agm001968431,20.94341028258922,-6.951384626510739
agm001968453,21.233686274176,-8.434512247935173
agm001968678,24.57649490357222,-8.981824405763454
agm001968758,23.730577030510247,-7.948248744439981
agm001968858,21.845773757449543,-9.046493490973099
agm001969226,32.97542131463391,-9.751035812429265
agm001969279,55.87777696225674,-3.151644739361901
agm001969682,21.933720204419583,-8.97890713906532
agm001971855,19.700527378428866,-8.408720803543066
agm001971887,19.452612705926647,-7.41176940605975
agm001973632,19.17251033885631,-7.5609802347313
agm001973778,15.171447218145442,-12.684548293143326
agm001974298,33.55512275844271,-5.28574952579079
agm001976158,32.81082033146922,-4.640104402880413
agm001976166,34.49142579861033,-4.734321595700477
agm001976180,35.904853410220774,-4.787242310594534
agm001976209,34.11221015271009,-4.728742710637507
agm001976215,34.987520805738804,-4.754394416935335
agm001976240,35.410552920891,-4.761106674397441
agm001976270,36.0040037366645,-4.52825263218973
agm001976271,42.302595623242894,-5.8365898218486425
agm001976294,33.518442029393626,-4.7075980450125305
agm001976381,33.6719799731935,-4.731482512361775
agm001976383,32.26360228488426,-4.63583190879031
agm001977080,38.53937049054955,-4.35525431916936
agm001977106,31.489388261009626,-4.5557817371501335
agm001977144,33.16283383879989,-9.36805015930006
agm001977250,32.02648852225013,-4.612492495084401
agm001977392,32.84400720818895,-9.346858178216554
agm001977401,32.645419893495955,-6.996980512890408
agm001977686,33.44548302998986,-4.664407850151089
agm001978040,32.29359878802137,-4.619947108696158
agm001978044,31.419584208682732,-4.559074303052902
agm001978061,31.367566019716982,-5.2502882925281
agm001978345,30.32465820619529,-5.227479526185762
agm001978368,31.58720858181713,-4.589881075942668
agm001978395,31.21159744874189,-5.255876461749041
agm001978466,31.766899539149396,-5.285736627437369
agm001978514,32.33436106919232,-4.634891101289642
agm001979449,20.66603949120712,-7.131766407138848
agm001980239,33.47048163307016,-5.59646567640423
agm001984398,34.902504449248255,-4.776582270000155
agm001985178,19.08221599204151,-7.182569056932184
agm001990337,18.056186611857587,-9.335439325294935
agm001990413,17.384984766523914,-6.432770206152158
agm001990429,16.344349581260108,-6.410589455652708
agm002014356,26.423589398114547,-3.3240952065106057
agm002015093,16.12944111182996,-5.436481628262709
agm002017786,23.44539986058189,-7.791485635601528
agm002017833,20.017470155103165,-7.255253232786763
agm002020742,20.751001606813777,-6.336970276579369
agm002025529,58.59415872665513,-1.7942175444512178
agm002027542,19.943222859475892,-8.89003847401295
agm002030090,14.2792794088961,-8.131762031801758
agm002031475,23.788071378387496,-8.616299143925284
agm002031953,35.51146705468561,-2.583125311109075
agm002032633,14.342659709281518,-5.230789158709583
agm002033652,20.39611317471887,-5.811005044693685
agm002040243,17.610736829456087,-5.8752436201819185
agm002041233,46.53147525012432,-2.596449081625052
agm002041311,40.415626540836506,-2.4246398227906325
agm002041756,46.60390641199757,-2.6087403571464276
agm002042401,37.953486763287124,-2.8489351716096887
agm002045531,40.95264064429037,-1.3482336603873302
agm002046808,26.081199152022204,-4.502767146806913
agm002047952,27.467180146046687,-4.334076131020919
agm002055005,33.057210223709994,-2.7899886247942316
agm002055178,51.27894052658394,-2.705216063476325
agm002055281,49.695403456757745,-1.8339813072324938
agm002056902,31.26163773107839,-5.752132045988014
agm002060786,36.483591898021096,-4.313280407194769
agm002060927,23.12867364072084,-4.0935536334841975
agm002065056,17.536542151134896,-6.2770396999590545
agm002067063,24.417073810970958,-3.8812078373635006
agm002067661,37.14291690961563,-3.0526949806881896
agm002070358,23.330053980094473,-3.8149196208905085
agm002071284,19.198896052787013,-3.7344606627909878
agm002072117,16.766123026552773,-4.291106349202768
agm002072200,15.163584362493038,-3.319717195567345
agm002072881,10.878777350790182,-5.062020471125865
agm002074089,21.487153941295517,-4.024075319325429
agm002076459,9.348045662824857,-8.03746985466701
agm002078878,22.176104078111013,-3.3341563404243835
agm002082187,29.619271280279804,-3.9058029744500744
agm002082376,13.996939398811428,-4.448443841709668
agm002083105,21.545470077354114,-3.2405061615032884
agm002084270,33.260405321134364,-3.0185834400680727
agm002087294,30.27855943635458,-3.9344586540671265
agm002088157,57.14414684274436,-2.3582419652610014
agm002088555,38.468577806478194,-2.7424826945047327
agm002088560,30.686787861979496,-3.2694784769412366
agm002088612,27.195406097380385,-1.5183952244891488
agm002088615,27.226576517442545,-1.519118352227696
agm002089504,39.69318951561836,-2.168205334456585
agm002089911,81.98517687581798,-1.0247188454678167
agm002090082,34.612197036197934,-3.3252562869614923
agm002091298,10.357977603905423,-4.22380723441792
agm002091979,25.735335435868652,-3.3405368630007675
agm002095497,26.29865856288731,-3.0630695119825133
agm002095504,21.799550846827387,-3.427953127447399
agm002096048,16.821934799059413,-3.8198288534596
agm002097569,28.69820289167339,-3.3740992658994737
agm002097857,18.58285525350586,-4.870421262760771
agm002098650,43.6317988333085,-2.352622657624892
agm002099669,22.887066335352767,-1.5962817031495604
agm002101401,16.001063841411916,-11.554648172035755
agm002103144,23.033948031267162,-5.214428964170401
agm002104728,16.215677931811104,-6.2820486963377205
agm002106356,11.276533896686166,-10.30113336047868
agm002109148,31.444357842159928,-2.992792933555504
agm002109758,18.692806833040176,-6.107755572991415
agm002110406,15.937545402155708,-3.332747627957118
agm002112799,15.070197433850971,-4.263714241360585
agm002114698,20.320718613505257,-4.386348664672848
agm002115127,18.516019939647066,-3.9795202263165415
agm002126726,21.41316095493,-4.692249603254032
agm002131297,23.561554565763398,-3.4729659282913032
agm002131876,28.390153086744224,-3.7982535619816935
agm002131941,39.70890171268358,-3.4615190855655857
agm002132760,30.743674619119115,-2.8199198695504855
agm002132919,25.18744987235683,-3.5497087930945606
agm002132951,26.465247290493654,-4.175862945692263
agm002133049,22.448245793911113,-4.1015265672852825
agm002133179,25.996303358427472,-4.117880584373414
agm002133224,26.59422557545715,-6.2176838006990955
agm002133319,21.76208832388336,-4.878010977370706
agm002133434,20.873833500497938,-4.6608370808905715
agm002133477,25.189288670239737,-4.60198574532796
agm002133544,12.983072488231567,-5.975729573713857
agm002133787,19.34788233549306,-3.3924881765426704
agm002133856,17.868455727171103,-4.509615350521202
agm002133902,20.02303752499751,-4.428337472281756
agm002134365,20.49746160702216,-6.175815822747193
agm002134375,17.220904459225473,-3.1027255604002253
agm002134384,23.86471049015776,-4.284113319253496
agm002134391,25.777672270039485,-4.311614952569114
agm002134494,28.048563374192607,-3.8778897618308408
agm002134647,16.028109082903633,-4.499005762518619
agm002134714,26.925519322552958,-4.57642586738228
agm002134736,11.618780423434032,-7.217126274503559
agm002134830,22.536407496035228,-5.835197725742076
agm002134865,25.82244369339787,-4.576848795318081
agm002134928,25.245431948322313,-4.518274915495027
agm002135323,20.86793429176485,-4.576110263401098
agm002135328,16.314655125879682,-6.187499838411516
agm002135631,12.55070379213624,-6.993527255515429
agm002135645,15.007338605902882,-7.087130110328501
agm002135720,32.18805215817544,-4.821757583992953
agm002135777,26.277792322019746,-3.9587316477098744
agm002135967,22.121525039589066,-6.432017944843459
agm002136059,17.85226440923182,-6.035077553476335
agm002136066,15.936974795498704,-6.6909953055666636
agm002136244,20.456732843225776,-8.28516708450546
agm002136280,23.180145086414004,-6.5148737584298075
agm002136356,34.58037659163479,-3.5883700328086348
agm002136678,26.480544165856585,-3.576004544567641
agm002136763,10.648136176515187,-7.345370235723325
agm002136849,12.927464372834118,-8.047362363968846
agm002136925,12.697737076192066,-7.527251904111599
agm002136926,11.454349984332573,-7.0013247945981405
agm002137013,7.684641897840591,-7.81325638451379
agm002137173,9.036500668603441,-8.445170583709967
agm002137219,10.228665381478306,-7.387067354018835
agm002137730,10.92567171807899,-7.959911501065843
agm002138016,14.313024545641493,-6.6890060157867355
agm002138019,15.696598822704795,-8.111323034080664
agm002138327,34.78203399209588,-2.482622294447408
agm002138347,32.204329216934305,-4.706388427145091
agm002138673,17.38974764370463,-3.6146274305219115
agm002138718,11.543606033047617,-5.6564099446285505
agm002138873,17.91092115204676,-8.380141545719496
agm002138913,33.71367830557456,-1.6221662215513284
agm002139045,43.459448366205784,-3.1759634572684106
agm002139552,12.269821612573606,-8.000345129344739
agm002139660,15.8833535335225,-6.70399274826103
agm002139868,22.932756077007536,-6.184517571280105
agm002139869,22.600897127493003,-8.124915099323621
agm002139926,21.845477343654522,-7.093057442924716
agm002139936,10.435434723179458,-6.819329564855598
agm002140465,14.282842895200755,-8.569018481978858
agm002140466,13.674198275021357,-9.7551165263797
agm002140556,16.196564890771644,-8.214752803304188
agm002140557,15.504112627814974,-9.39272630615732
agm002140752,23.749601478765385,-11.30585877911622
agm002140805,27.370681660993842,-2.774593078253507
agm002140813,31.45846431479227,-3.9545091487949646
agm002140833,22.6932404508118,-3.2533067137749803
agm002140871,28.341751904814235,-2.171383854213294
agm002141129,34.89833781969586,-2.56719095078566
agm002141175,26.772891145117857,-2.4398476938773546
agm002141179,27.94175825939245,-1.7206412777191054
agm002141318,16.528635127977996,-6.182297034063764
agm002141362,22.880017419639127,-2.275061501800757
agm002141497,28.482297625201518,-3.5166917174875745
agm002141503,28.16024964919572,-2.7399102171231235
agm002141542,25.45763753279085,-2.2775573053573455
agm002141660,26.500133817527203,-4.4082908189494185
agm002141845,32.910490504085324,-3.2782167485084153
agm002141887,22.07472936549775,-1.7959843613582336
agm002141900,22.789687091052517,-2.5349561961773075
agm002142051,18.5818337479431,-3.0028988665823175
agm002142052,23.742412310647136,-5.493335143759006
agm002142192,25.17011917885965,-1.7932106775224874
agm002142244,30.585851568640347,-3.2052038726450145
agm002142371,30.4755986551915,-6.935676333724928
agm002143075,31.88353929560394,-3.9496810407339957
agm002144500,13.005353641541333,-7.9483453106068644
agm002144587,11.967066265878419,-3.9669173279757617
agm002144953,16.12397029742854,-7.920785479580523
agm002145467,11.045837981649239,-7.66826958675305
agm002145832,19.9752486331291,-4.844020531189696
agm002145868,13.792024877536502,-4.982362029987797
agm002146093,12.819286488343655,-4.220028224721634
agm002146260,15.712802635403472,-4.2061994954833395
agm002146261,15.846455548507322,-4.537695790228665
agm002146273,14.88028980700993,-4.371731072520643
agm002146384,28.1933636769836,-2.875669974351518
agm002146581,21.965963015628517,-4.695123480519502
agm002146700,16.18686294635815,-4.9465291162632585
agm002146959,21.09521715257507,-4.776533281817928
agm002147106,20.260712606707337,-4.04690496688454
agm002147119,13.908845528695451,-3.265539399555693
agm002147143,24.233674766795403,-3.936788313882243
agm002147362,18.45844654528267,-6.488301286132618
agm002147375,21.10044962489641,-6.186729556608411
agm002147416,40.76268950446046,-8.488819672973312
agm002147571,14.58372510311675,-5.992790279103092
agm002147574,15.988831619714418,-5.48057413841831
agm002147643,21.329936879351365,-4.690130508910677
agm002149311,19.67047609909891,-6.7323595532718405
agm002149345,20.891914408134515,-6.430610689076848
agm002150180,11.746741029281825,-6.597359805265299
agm002150290,17.828191571653345,-5.774427150337827
agm002150296,18.084172566507057,-5.14082195228959
agm002150664,15.771677019409267,-10.859862402437763
agm002150959,20.33879147431712,-2.9342384344877193
agm002151266,20.257393837011122,-3.1352316418184167
agm002151487,36.68865401421585,-2.6243502484839656
agm002151493,30.76453540319403,-4.096241390666452
agm002151550,20.8843079285904,-6.175409416490511
agm002152086,18.76964690347077,-7.36566243550798
agm002152192,17.19669168577651,-7.099703387221118
agm002152259,21.905564469227212,-5.167809454760416
agm002152284,20.89871708817028,-5.388547719254232
agm002152406,44.51166889381954,-3.271583568137981
agm002152660,17.514957004509363,-6.882298476460082
agm002152664,18.13596566088871,-6.881272735494885
agm002152760,24.520490845661822,-6.436619897633583
agm002152887,30.011707945748668,-5.840242875336814
agm002152998,13.623008887814853,-5.579505456734572
agm002153127,13.239099763789548,-5.505748997445571
agm002153375,12.170618759761213,-3.947886330673477
agm002153735,21.928444965112803,-3.9235471024799757
agm002153805,20.96446777365823,-5.334368632624087
agm002154074,9.709494435729152,-6.8689229756317385
agm002154160,16.664727213061067,-5.273264179770449
agm002155135,30.469761334028995,-6.411593679275215
agm002155445,82.59345091062255,-1.0235963944552546
agm002155925,36.535421824202025,-4.874484118811196
agm002156045,27.749319908343754,-4.686237138143807
agm002156108,18.335996613757338,-2.844104528226536
agm002156115,20.92628133016573,-2.5099558127788995
agm002156166,20.028265097695545,-2.431776005668689
agm002156355,17.41762282805439,-2.954998006427579
agm002156372,20.308235717046784,-2.4830492906017714
agm002156397,17.226424489628776,-2.3908124579289742
agm002156402,16.718888248085676,-2.8419402725162777
agm002156447,13.110352960334382,-6.640247104005439
agm002156536,12.514730018919257,-7.7557874929774
agm002156699,21.157738955710393,-2.992436432917036
agm002156754,19.74233136635286,-2.490387702141935
agm002156835,20.36589003406737,-2.938817633845951
agm002156853,26.648504112998115,-1.759683343168777
agm002156902,24.15965759455005,-3.196452307753755
agm002157013,21.39320179470725,-3.879151216945965
agm002157385,18.639567876489807,-1.6539447374072538
agm002157516,12.571231271691078,-2.9720198622871203
agm002157618,12.547328037506585,-4.061532138465579
agm002157853,18.423402940270552,-3.55548206865211
agm002157882,22.380037558891157,-3.775826739715304
agm002157988,28.293715265039154,-2.2080809090744866
agm002158075,22.046175924044658,-2.4240710638015104
agm002158101,24.754689685121892,-3.104701639164032
agm002158224,22.00917055467967,-3.9703583616052383
agm002158347,11.280671890320606,-5.349577442745973
agm002158660,15.463291528991187,-3.362654367037509
agm002158905,17.72974292139993,-6.223085153256196
agm002158969,20.751081168231334,-5.3989846889612165
agm002159315,20.192627374629897,-3.2357731374347685
agm002159570,20.08002264346046,-6.595396547934062
agm002159582,22.81019401645389,-1.5980394667454731
agm002159627,30.015189228938933,-2.587238671211643
agm002159641,17.94931353428674,-3.0425953504170558
agm002159697,20.584174569537517,-2.1595379376169817
agm002159854,14.402369233264144,-3.7010494602435955
agm002159865,16.49296661653793,-5.270338563502185
agm002159890,25.341095862935898,-2.6051978405753577
agm002160057,25.20707170823358,-2.5134234853272646
agm002160083,22.128202017456495,-5.633108189007484
agm002160096,25.58833088687823,-2.9065073635064493
agm002160243,18.05708319901883,-3.252115838889846
agm002160313,18.59603183156516,-1.6486356461463343
agm002160384,13.72858832065164,-7.055052684339742
agm002160501,14.031672865169796,-3.8173184629202184
agm002160650,24.61416121411613,-4.7530250596322325
agm002160667,17.840715045079254,-5.5080723750483855
agm002160682,21.844234725331294,-1.122278314596506
agm002160915,14.158283447877714,-5.293828394968484
agm002160919,14.60958779037144,-5.266304548303655
agm002161013,18.860109214603927,-4.434408586632651
agm002161228,18.761861383047926,-6.343757709751411
agm002161446,14.692843879546762,-4.520273967216668
agm002161570,18.478979834002924,-2.606463123394816
agm002161583,25.265091841235186,-3.431634383771679
agm002161637,26.31012873966371,-3.056109731036455
agm002161727,10.652632469747392,-9.103735446649624
agm002162266,20.1679482646679,-5.370492540480315
agm002162646,15.545811292030903,-11.636280455370303
agm002162905,18.006677512308624,-9.835951140980335
agm002163007,17.43580181213065,-4.840460394705547
agm002163036,12.688005092091588,-4.6217030320312364
agm002163050,18.62961748145646,-5.92881729576551
agm002163362,14.629620153335805,-6.726841342071232
agm002164344,22.564894915401403,-6.959803996084183
agm002164389,19.082449170355357,-9.721571620951499
agm002164397,24.004643172883203,-7.976376754258525
agm002164449,11.212572923899998,-10.707380200287028
agm002164626,22.736378677582312,-11.337535994104629
agm002164662,9.308284153116233,-9.106106933457495
agm002164804,13.334111629195482,-10.254714961824428
agm002164859,11.52422567789659,-9.239110677889807
agm002164953,13.820481818788654,-8.81372593384946
agm002164998,11.608032548661635,-10.754788523936897
agm002165265,28.242520198147908,-2.537288015928196
agm002165313,24.035281818470526,-2.544966616485551
agm002165903,25.892624321055816,-0.7443664062825811
agm002166317,26.110443521781313,-6.073521147828949
agm002166403,28.769587877148357,-2.610440073089135
agm002166498,28.051751618277116,-2.180707125720821
agm002166694,16.218281249321393,-10.21430642879556
agm002166836,15.235727019723356,-11.001966368703322
agm002166960,16.48531950518226,-8.909142936316977
agm002167004,23.246455441048198,-4.55445275970308
agm002167407,22.02669874644942,-5.52742132174083
agm002167527,13.251177444687286,-6.419997937658287
agm002167583,11.05015273827551,-5.319631170762296
agm002167607,13.05086894882179,-5.070164092020252
agm002167744,14.477768039592547,-5.130930232100874
agm002167922,29.070692207338084,-4.03225159225271
agm002167984,11.218360872793303,-4.924211965454871
agm002168236,18.061970361880817,-8.889208400862923
agm002168338,13.75135841742542,-8.070975578306598
agm002168426,14.465100065397396,-5.307460627034262
agm002168428,14.46704625112373,-5.308176141605142
agm002168548,22.676043641139444,-6.125982308379716
agm002168576,18.693752171108564,-4.91522914542851
agm002168688,25.757226779547405,-4.507156953378927
agm002168852,15.27018577126375,-3.503069143047382
agm002169502,15.647049824644645,-7.045090871283201
agm002170053,16.12679101615364,-6.572139276435079
agm002170203,13.386061170028755,-5.337955023240968
agm002170337,15.19765095695936,-4.9310112699127036
agm002170396,13.742932199607111,-8.352920999185287
agm002170595,16.949559852252612,-7.066321728755767
agm002170822,14.846094334848502,-8.717127402626257
agm002171803,13.822070149837993,-4.915484990296856
agm002173221,11.509547912955894,-6.3889312401169605
agm002173240,11.232678566995538,-6.076089281149102
agm002176088,23.846909066318524,-5.371153669002034
agm002176125,25.488986237177045,-6.639467296312198
agm002176251,18.345418474329414,-6.895065085022151
agm002176429,13.40935822471765,-7.71481020286469
agm002176638,11.474060214156744,-7.818001600821214
agm002176774,36.314247980908746,-3.1900172502371635
agm002176892,19.48576841163216,-7.06313681760379
agm002176925,26.131846461179492,-4.383899718652437
agm002176935,12.786253183300142,-10.287844010520729
agm002177918,21.809333576036828,-6.03677258283662
agm002178262,31.242137415963942,-5.829617228919565
agm002178274,26.03086044172818,-4.480147240230732
agm002178521,31.47183765142023,-6.9989965164619665
agm002179078,19.420468950532427,-6.714693323242057
agm002179104,19.999161539829444,-6.7745283660282976
agm002179175,33.18788436366636,-5.829024445217067
agm002179316,31.693747056630674,-3.6903258500622207
agm002179568,16.129635320401494,-4.633737041340282
agm002179579,16.76647945152268,-5.679197815156374
agm002179733,28.055593651399885,-3.575725422683579
agm002179764,21.304509577760413,-5.830113741680606
agm002179778,22.67567786549574,-4.7014798590769455
agm002179991,34.348998742216985,-4.733760217693301
agm002180017,30.921191248049553,-4.522662031703688
agm002180168,23.510959029439977,-2.4970107122317846
agm002180284,46.30008235093634,-3.014286589630595
agm002180412,18.57533257434793,-5.98424229959244
agm002180504,19.49151081680924,-5.922993958556839
agm002180631,17.753189817064964,-7.2561062208186415
agm002180720,20.56766455160091,-4.617805960217961
agm002180801,19.6427091927342,-6.2062725247270425
agm002180963,17.676379467080125,-8.035283799499995
agm002181018,17.46649826740511,-7.282361593122941
agm002181280,27.7956296380399,-5.029356681444328
agm002181513,20.941383463439514,-5.9746658229872605
agm002181786,20.41141787109655,-4.926588396756227
agm002181825,17.38471638038423,-5.561974828938267
agm002181889,25.25759293512788,-4.01051778198862
agm002182239,20.47034703843988,-4.429446620172157
agm002182336,25.233987053078696,-4.09670623283626
agm002182457,27.190762157411875,-4.332301373038672
agm002183009,17.245501804457664,-5.9662399771802335
agm002183222,24.23075902608691,-4.315953739764549
agm002183264,37.64597565413676,-3.568235069303389
agm002183423,31.48865574040792,-3.896948986108498
agm002183503,20.2019733485474,-3.506482086966025
agm002183792,25.815713986101713,-6.229680497041652
agm002183812,24.845040878426744,-8.917003783762288
agm002183970,18.688784706222147,-5.9713125829496345
agm002184044,18.864193793788797,-6.512340624436355
agm002184147,16.42104830621927,-7.805637813780154
agm002184361,21.291807879717062,-5.451272294598873
agm002184467,17.485046144743837,-5.694754203015942
agm002184487,19.0584700020301,-5.443621731414683
agm002184543,30.949006211715215,-4.692820828902904
agm002184819,25.719394498752543,-5.200422120573232
agm002184935,17.9038037408777,-2.7101135405129226
agm002184983,31.50173751102922,-12.766647986811867
agm002185019,24.10749151823613,-4.76895814134212
agm002185151,25.720455738689825,-6.528120436269177
agm002185264,25.388073939811807,-5.960165522978437
agm002185710,30.184119818135148,-4.107880723374474
agm002185987,18.862377122938927,-5.859432784766613
agm002186368,18.148500270805034,-5.400092903079028
agm002186413,21.158754564944694,-6.347130027096775
agm002186560,16.326478318727922,-6.339105245435731
agm002186615,14.3628108593118,-6.81560614632633
agm002187373,19.761179237632845,-5.706872820023464
agm002187617,32.62373508501447,-5.100904554989211
agm002187852,19.098946455221743,-6.058976727697847
agm002188117,20.41508710945091,-8.197130314801216
agm002188288,19.587740417610096,-7.038494791301204
agm002188371,15.531113622199356,-7.745584873261634
agm002188422,20.681715615335865,-6.101589317858012
agm002188650,16.59111944876573,-9.035181526398535
agm002188798,27.34541292778948,-2.982876882720032
agm002188850,26.233731948695922,-4.776453089927794
agm002188916,25.815561838011487,-4.7026213983085805
agm002189069,21.937201989544313,-8.705615344937566
agm002189079,21.692669610559353,-8.317157239198005
agm002189100,45.5031388386276,-2.870465655286177
agm002189289,54.23483026959215,-1.6771096106254966
agm002189480,46.285508846214064,-3.3490415266466975
agm002189483,54.05963256314144,-3.346344299377581
agm002189498,34.332141463095574,-3.2470552516010063
agm002189504,30.865158170107087,-2.618939656901189
agm002189559,27.940657098590943,-4.5680402865270615
agm002189741,17.96580915766062,-8.562870707464858
agm002190140,36.86661130957742,-3.109806266585025
agm002190369,29.453520554366666,-5.1778307866244475
agm002190385,37.70197109897455,-4.373843861357662
agm002190418,33.25579566536652,-5.393874527615656
agm002190645,16.09323893643527,-7.993319516934593
agm002190697,16.445308074654058,-9.588256191321046
agm002190782,18.634328752679203,-6.888711118348718
agm002190937,12.613014652079427,-6.45365604579708
agm002190991,14.615056028721249,-5.345991570974264
agm002191120,17.81457249702463,-8.168386002839723
agm002191306,15.55687795944837,-7.880013952685038
agm002191399,17.08837695144475,-6.820213070140573
agm002191518,16.856735791627766,-5.270678365626835
agm002191590,30.5508250246919,-6.223667443434513
agm002192446,22.65990488518026,-6.236737082729541
agm002192451,28.738315747625276,-4.83261176641726
agm002192497,20.03469522657327,-8.331858366079341
agm002192705,26.020737954020927,-6.254670272365779
agm002192810,29.734856324573986,-6.143700624839988
agm002193000,23.040577072182188,-2.8474222102789937
agm002193002,21.35720436719053,-2.825309244541927
agm002193190,16.06299232500138,-1.6670112729825692
agm002193322,17.370981212450932,-1.5759672591366753
agm002193508,22.943299513963197,-4.814013197789336
agm002193620,37.13564385670852,-2.2480802420173505
agm002194609,22.02107255515097,-5.446834940831645
agm002194750,25.78769539509457,-8.23165609177665
agm002194774,19.04389518701096,-3.1481519674395
agm002194849,29.380402976187554,-7.592681259727675
agm002194873,22.40904497397708,-6.589563030653125
agm002195580,19.569115654517734,-3.3968565349822923
agm002195692,17.091380216568712,-4.470443754747944
agm002196070,23.283548329151355,-2.9817344798346257
agm002196881,21.01120009549394,-4.598620490424076
agm002197062,21.46177160788822,-5.177988024697925
agm002197303,19.006615622987688,-5.45092932931333
agm002198044,16.90346698668805,-6.029050423259355
agm002198237,21.85439767588362,-8.461181311432904
agm002198239,19.661993114323682,-6.445060113733666
agm002198370,25.793633333594556,-4.95040501328134
agm002198542,34.08099429474256,-5.237899271610841
agm002198643,36.36298749868732,-5.3115387831168475
agm002198783,22.270951607330996,-6.017971126645432
agm002198979,33.21049244831408,-3.3754714084370705
agm002199124,21.175398888628198,-5.1571981353823055
agm002199246,23.307216303615856,-6.964759617504362
agm002199380,15.815719618693327,-7.142752366896412
agm002199437,12.508590008704234,-6.6842342917770505
agm002200004,10.674039805815456,-7.690486701622759
agm002200026,9.76530799296247,-8.67318384761508
agm002200756,15.450417375301214,-8.884109322899299
agm002201316,10.27427660971101,-5.850040191400782
agm002201321,17.758259123560013,-4.978657356506507
agm002201398,34.21794687553527,-1.622376458110302
agm002201433,45.765211545361986,-3.7391707482401197
agm002201918,12.449764923564889,-10.541510885875297
agm002201933,12.760226184442562,-7.35037221698087
agm002202332,23.526474556671317,-5.997924901542541
agm002202336,30.696672045687624,-5.228215617969744
agm002202482,22.76644489031131,-6.050666610445657
agm002203153,21.898194489743485,-4.241125008861263
agm002203187,21.30264277341308,-3.9403118450985763
agm002203325,27.775203806691746,-3.9492410403008202
agm002203339,22.01287869344741,-4.90766886749856
agm002203351,27.61846598327988,-4.293802477203194
agm002203754,22.802353274249068,-4.078765081966295
agm002203815,14.903354153726745,-4.6676638854088806
agm002203864,21.837065217706044,-5.033583053808097
agm002204065,28.55130557650001,-3.222574158815217
agm002204244,26.623397236771886,-2.3575697634573074
agm002204415,18.92105443322855,-5.782051188444356
agm002204507,18.33824291546102,-5.1592234129016274
agm002204511,28.140572395279204,-4.481077214830319
agm002204619,33.40603053799075,-7.016511265090845
agm002205138,28.528305578071983,-4.643104192596918
agm002205368,26.089927376302786,-4.526783468909392
agm002206118,20.456632509907543,-5.4995836452587525
agm002206752,18.600928340822982,-8.986405887583059
agm002206753,19.74159350964304,-5.163328698503525
agm002206913,20.023656108413995,-8.710364318257348
agm002207503,57.986274333333114,-1.88550648282561
agm002207636,19.39373171269161,-4.477042757384181
agm002207642,21.324566738331683,-4.492173430789387
agm002207652,19.15018928345919,-4.442295144082818
agm002207835,21.260831418119164,-5.042311345558647
agm002208047,15.40835753798219,-3.884343741680146
agm002208109,16.017792647422272,-4.0607376474836245
agm002208474,19.468082813169516,-3.308242307339008
agm002208593,21.74223098605368,-4.5395914271368705
agm002208747,14.47810594237803,-5.942426976569131
agm002208780,23.61265838873425,-5.7961131967967505
agm002208929,24.23741359713145,-4.887786694459977
agm002209057,23.097817880912107,-4.463456938206353
agm002209087,28.878225030550503,-3.5603581547747707
agm002209217,16.618300353609992,-5.497737508189061
agm002209291,19.16276444025051,-6.194877527279729
agm002209525,25.18828364032374,-2.9105523055090448
agm002209585,34.54408846254674,-5.924501209912767
agm002210965,37.486270865884094,-2.7724568800783302
agm002212142,18.08497222589349,-5.829826176695366
agm002213018,18.755658209958906,-5.796645908043046
agm002213524,31.38952545400133,-7.26929375178248
agm002213599,19.786732412767254,-5.129486752931432
agm002213606,21.805208471242697,-5.134443687443383
agm002213693,21.873719344056493,-10.524072671795551
agm002214067,17.566310278556504,-8.931659919912255
agm002214173,21.147742772975715,-4.654739699979396
agm002214197,17.53454235678102,-5.839205216406968
agm002214286,18.51412977727368,-7.666204672085572
agm002214429,19.690932658051494,-7.952073736729117
agm002214757,34.466462275552246,-4.962651867466464
agm002214772,31.387258345877722,-5.643473335725328
agm002214829,22.17129116822475,-7.930796050342003
agm002214852,21.9249944625554,-8.1541309986257
agm002214987,22.844884344106802,-7.917726722777254
agm002215267,24.09447923189934,-5.672190560406048
agm002215365,20.12485801638328,-5.7886356054997
agm002215569,21.742540932136937,-10.249425514518878
agm002215653,12.613489645730802,-6.211461340458868
agm002216382,26.50389455105638,-6.211420565370844
agm002216895,50.64226958272449,-2.7245775636051315
agm002216947,30.444077943047674,-3.9323640043237758
agm002216984,24.85524300740856,-3.6980164341245403
agm002217255,26.012387135260557,-3.509020173353297
agm002217274,37.85609979243631,-3.954822543668916
agm002217439,37.66279468324853,-4.217664967842946
agm002217705,22.164583008464636,-5.6403641682228
agm002217714,33.06620143740695,-3.4146359292677
agm002218003,23.423948516736136,-4.572013725271806
agm002218072,48.411652821155236,-2.7367111241086612
agm002218211,18.597840740941763,-5.452377688339231
agm002218466,14.34643341447616,-3.2871553444766373
agm002218477,12.979125591972025,-4.49783312702965
agm002218530,21.72819225446774,-5.517369130031579
agm002218567,18.214214680795518,-1.8291754344425184
agm002218652,25.786408806380425,-2.6531542429811625
agm002218949,15.456437787289682,-3.6801894251789955
agm002219166,16.962146547780193,-4.8020260323280235
agm002219177,15.1814442275746,-5.1502923006123
agm002219300,23.222719636619196,-5.028077767299255
agm002219309,18.062925086738623,-4.788394645859438
agm002219530,21.79571291620549,-5.36087119529972
agm002219584,16.90400990957954,-6.313369371301563
agm002219639,15.022661761322816,-6.18526480762091
agm002219647,26.721673373949226,-3.4522626816886466
agm002219780,22.806130360894493,-1.7807173365262683
agm002219781,24.34404064324136,-1.9988222550397732
agm002219891,32.108318692525316,-3.678108431213785
agm002220314,14.381528616967975,-5.918650627823748
agm002220382,17.89002398862778,-3.8100851883412137
agm002220436,27.404717607931904,-3.1450947091588017
agm002220564,25.937108569589103,-3.8514689908254027
agm002220631,27.143203405556413,-3.134798918302545
agm002220820,18.767816264229136,-5.990395820687961
agm002220984,18.887463558371262,-5.984625924137458
agm002221046,21.753195146802113,-5.63651130434254
agm002221136,20.320159134669737,-4.118287107677781
agm002221461,14.525177903577214,-4.822116341768034
agm002221463,22.559515045481366,-2.3797979073505275
agm002221623,20.512918462068797,-8.589086941032619
agm002221637,18.846721494854478,-6.506308215706646
agm002222472,13.7847751070123,-6.430024828889898
agm002222576,14.720030195255148,-7.435438297579248
agm002223010,17.895550133865925,-8.55218589372652
agm002223034,15.088254087238024,-8.75786834275387
agm002223144,15.150646679140475,-7.137428498884929
agm002223823,24.30111200887322,-9.73855741431078
agm002224156,25.411955932605746,-9.321936187235854
agm002224331,22.628615614535452,-11.867014503397167
agm002224407,25.4784585261696,-7.265465773377834
agm002224582,24.429451769131862,-9.506806823182936
agm002224796,25.76399074596094,-1.907747881363734
agm002225064,20.246905054509952,-3.425630059290405
agm002225142,23.041215314223486,-1.378704723555417
agm002225198,19.12490241554678,-4.8810395980233
agm002225235,17.767411789258013,-4.333526161892153
agm002225498,32.108633836654235,-5.493370341104402
agm002225654,16.47342921690939,-10.305022338753341
agm002225947,14.152416135236024,-5.008781361428939
agm002226069,19.240408507217932,-5.69880769505232
agm002226257,21.275257757571566,-6.371492308266899
agm002226397,20.328142698887667,-6.93020921960151
agm002226415,22.61198576596028,-3.3657850259897897
agm002226433,13.934313817083412,-5.315441044372006
agm002226436,14.509586024035796,-5.304095481416452
agm002226441,14.49331791838963,-5.808859903450979
agm002226449,17.15104705273385,-5.749769194990554
agm002226968,18.134245800210078,-5.0797994680937775
agm002227501,15.734838722752322,-10.070918344489927
agm002227540,22.501771877082522,-5.057076822571631
agm002227636,15.994882068319079,-6.217703530481116
agm002227680,17.338233102127962,-5.702574351543415
agm002227721,14.369112858452254,-5.956381689639852
agm002229172,12.799203498870838,-9.42174691758554
agm002229411,12.54033935329677,-6.981462873648856
agm002231353,30.31903960908519,-7.721134229630003
agm002231520,29.14379493542399,-4.77604323135381
agm002232220,17.059559944588273,-5.486936826555562
agm002232247,13.73249611057256,-6.9443158942071435
agm002232251,13.93915800990752,-6.952295396922537
agm002232271,14.954286181888573,-7.030482652883135
agm002232493,21.9043162840552,-7.205556989928692
agm002232515,16.615871608685477,-7.842520753244235
agm002232596,19.63053141952361,-5.01035654756522
agm002232712,32.84303673068283,-7.483524627881485
agm002232744,20.151592525609612,-5.213894991403035
agm002233433,32.50414380014866,-3.4277594320687794
agm002233446,18.385021044803867,-7.007642629110911
agm002233460,17.987541873062984,-6.9613586817300535
agm002233928,15.387042607551987,-6.520003557001421
agm002233974,30.118022269154192,-8.862730166789886
agm002234193,24.77322268379301,-5.7456548930081315
agm002234243,16.53263380268345,-4.345606002814497
agm002234338,16.42094601800444,-5.035756491731494
agm002234751,19.221833531480712,-8.771093682949205
agm002234836,21.82851389717839,-4.118547862725062
agm002235583,24.107134808581176,-6.152253658609511
agm002235588,24.535741333389996,-6.0405477164935135
agm002235839,24.932855782402353,-6.043718035238096
agm002235979,21.500659802727608,-10.994345148413798
agm002235998,23.49401010648096,-9.30140432837968
agm002236285,24.389093604541944,-6.049594220419832
agm002236681,20.220723775073516,-5.248377166857029
agm002237495,21.54039978022611,-7.417671216365103
agm002237551,23.278997520854052,-7.402783112204919
agm002238421,15.757925689391342,-6.003062881168343
agm002238510,20.36965032702827,-8.362087633142451
agm002238563,16.917395008719684,-7.4702024012372705
agm002238619,17.558197905248182,-7.156311697973788
agm002238925,19.244437131265084,-7.666214265084567
agm002238976,12.953352004183124,-6.759213900173112
agm002239100,24.96658950627624,-5.7551108883564766
agm002239115,29.722219272909406,-5.105608173894249
agm002240001,19.26326550925574,-5.241786135442403
agm002240656,18.050714292218355,-5.417980669050862
agm002240834,17.93530752582355,-5.5187171069959104
agm002241057,18.51987137526557,-5.652868795542905
agm002241510,36.95927919081122,-3.899366718352434
agm002241566,12.880590322289356,-6.468508912997841
agm002241857,44.0458987605002,-3.4784698317263363
agm002243047,20.938171835365665,-9.496887494379184
agm002243904,27.524224610773743,-4.055904222473053
agm002244047,36.225591323041144,-3.88433478488911
agm002244157,31.005026342926232,-3.6242425048981968
agm002244579,41.20673173560953,-5.897880292789924
agm002244648,16.37792516999305,-7.391385786636298
agm002244805,13.516348020919528,-7.0131961896652415
agm002244849,14.539218607188454,-6.795279311686944
agm002244894,14.40484190221885,-7.290921803395978
agm002245320,12.848221963633481,-7.061300256201011
agm002245684,23.3604125424139,-5.891982192812727
agm002245708,37.90685575735046,-5.128102063154633
agm002245757,19.746298400227893,-4.484900772722311
agm002246291,17.282380701283667,-3.848041481594875
agm002246435,18.302395523411622,-6.007672147805299
agm002246553,16.208619536052105,-4.331837266956179
agm002246612,29.472343108682253,-6.495396880485785
agm002246728,20.22444027429201,-6.198761928984126
agm002246752,21.57503733270037,-5.786649953147423
agm002246764,19.506573432324366,-5.833326393920518
agm002246800,20.57983354870881,-6.020879399354482
agm002247024,24.627124289376493,-4.635036621187277
agm002247436,24.16911156967418,-4.03946843804908
agm002247473,23.49922729790262,-3.2768462607109368
agm002247485,33.059586493682815,-3.4657475453028868
agm002247667,26.384606068759428,-4.035861290926458
agm002247726,21.20169735410257,-2.896051394653452
agm002247733,21.54728776596117,-2.9138580985775664
agm002247768,21.94942600187271,-5.272929175682759
agm002247810,25.961507686952313,-2.796862251245993
agm002248287,25.300083778317962,-4.320874365017497
agm002249474,19.569960553191084,-6.928850450840332
agm002249498,31.76867664954243,-4.529172337598225
agm002249715,21.315567730494045,-4.583456774003388
agm002249719,20.256867602442476,-4.596217006802088
agm002250184,18.57120962532959,-5.267841755189267
agm002250249,20.160520045505045,-5.530206105705282
agm002250419,25.941984937306923,-4.236384797786486
agm002250652,13.580082606709006,-8.116859933238533
agm002250858,16.447375493241452,-8.530097998141542
agm002250859,11.843844261037036,-6.813436486448612
agm002252667,17.974305013169623,-7.777498170910945
agm002252831,19.768302063019295,-7.071685498232478
agm002253192,16.91339408634848,-4.980891268168761
agm002253433,23.905555572529554,-6.0936903732626
agm002253723,27.08385201457764,-4.155906116303296
agm002254408,22.39387850528392,-3.8953942043349614
agm002254527,16.00353842344055,-7.830687124372652
agm002254762,8.182599096550641,-6.961055443174747
agm002255292,15.939292288658985,-7.692013822179469
agm002255542,12.50387784442268,-7.583983473330559
agm002258039,33.56332623458077,-8.502295052768064
agm002259699,30.03151186505171,-3.0188557082260896
agm002260090,15.890672232094298,-3.363587798879949
agm002260342,14.994330191606908,-3.921185054010872
agm002260469,31.13282380927873,-4.490855748827416
agm002260473,29.48685334744491,-7.507067243602823
agm002260564,17.93746861172161,-3.274370987144493
agm002261483,23.62222853022388,-6.034065712178594
agm002261579,30.68682794776897,-5.289427970599707
agm002261915,28.612813340131062,-5.405461621782029
agm002261986,35.30550608518571,-5.121827166442183
agm002261998,34.397920996786944,-7.53338000781923
agm002262275,26.366891756486172,-4.54988464867234
agm002263045,22.83364423856844,-5.42859145041352
agm002263104,18.61195419576704,-6.666925139369516
agm002263286,19.80260680562426,-5.114721506326732
agm002263310,15.949529345359348,-6.862460511099988
agm002263369,14.395014961210125,-7.64632282973725
agm002263378,14.159321237069642,-6.968221026757444
agm002264516,16.24430632352793,-8.23860356249028
agm002264645,17.69720413075814,-9.841259124192137
agm002265031,18.48880100076767,-5.711859037999057
agm002265903,27.75207832245799,-6.627415378227771
agm002266630,22.614186189153585,-4.672808553136416
agm002266715,21.99735747356592,-4.041773845125341
agm002266754,16.427551192118138,-5.388824297106554
agm002266857,21.013863463517787,-4.75867273954685
agm002266869,23.326712724838472,-4.772485315895885
agm002266998,16.439995419723036,-5.377366484159018
agm002267131,15.566363301759688,-3.7842459977284135
agm002267147,15.875794403192407,-4.233253511046475
agm002267233,15.345186443429808,-4.377771706452707
agm002267242,14.656402858586148,-4.35288907304867
agm002267460,19.827362365949313,-8.277248512087299
agm002267557,26.560911597627694,-4.6848304075470635
agm002268076,18.907856405662436,-6.813345383313854
agm002268328,14.805572633489135,-5.179628493733803
agm002268334,16.625606793650416,-5.286374025990523
agm002269163,24.16249533805382,-4.825076583541563
agm002272178,14.145775574137083,-7.925070349131392
agm002272430,17.266370002901205,-6.580466840429681
agm002272766,19.743261459122163,-7.574301470597393
agm002274898,18.526954023877966,-5.1808670156725825
agm002275051,17.490410057287065,-6.835220644053625
agm002275092,24.45160716611481,-2.771593773002246
agm002275188,17.667846631418566,-4.902313622355358
agm002275399,19.67883295186481,-6.174778351469011
agm002275476,21.12250349820564,-4.70336720187342
agm002275649,21.863760825809596,-5.385920164589659
agm002275763,16.624887178243828,-6.437191046461865
agm002275768,21.76357103168871,-8.305117102006616
agm002275771,16.760918931570405,-6.419096000480029
agm002275899,19.421020439865764,-8.64175212954218
agm002275940,26.139797903931374,-3.6950687747986053
agm002275953,37.432563645963405,-2.3991875239973006
agm002276184,18.734753090090788,-6.088784816249414
agm002276982,20.478673365791224,-4.330849912191829
agm002277423,19.00711150278672,-6.41293141809758
agm002277804,20.410256552840078,-7.586718984506617
agm002277832,23.751692531096506,-7.103385552307657
agm002278176,22.756026002117114,-8.443196790893438
agm002278395,19.22646576543714,-7.939068974167254
agm002278553,20.022970069010952,-7.31187284302122
agm002279291,18.575536385730775,-9.840531942501231
agm002279973,23.762183418441968,-4.141582874632854
agm002279978,28.25221149159967,-4.327123751857127
agm002279981,27.406030131352537,-4.233569774106735
agm002280877,23.996214284842186,-7.041268603819659
agm002280919,18.476296478539265,-5.5774953906806894
agm002281159,27.316760195062013,-4.3569008385862205
agm002281206,28.043464818645266,-4.186030450151709
agm002281463,26.409035528175746,-3.7499996403645124
agm002281592,28.685401778836994,-5.371336334596338
agm002281612,18.480963766996037,-5.494956680679149
agm002281643,21.34986487979001,-5.84113942916805
agm002281691,26.371732023214836,-6.961642596393795
agm002281746,26.565236753931913,-6.32214019519304
agm002282303,30.593932856306193,-5.413905138894595
agm002282484,30.1115351156829,-6.511840274147482
agm002282486,23.75417140300555,-4.560163134623686
agm002282571,29.379938590855968,-3.5836870796316442
agm002283497,14.174557443533413,-3.9414755638589662
agm002283808,14.409412242079801,-5.1928271045340875
agm002283838,14.35182221347859,-5.987168793731687
agm002283846,14.752164210064693,-6.252385513542521
agm002283856,15.85613925098963,-5.519612912029884
agm002284047,32.864955299017076,-2.9468587627681333
agm002284068,40.62937510132241,-2.337770907559783
agm002284117,25.59507532497129,-5.022283354891248
agm002284945,21.38241436398481,-4.461745529109607
agm002284948,20.751648957420972,-4.762341635502752
agm002284959,26.358206015902436,-4.184934843893948
agm002284994,22.914367250868406,-6.760241864405788
agm002285273,21.338732288119566,-4.673145202522252
agm002285660,13.25536692229293,-7.674200589492519
agm002285799,24.108639752139975,-6.351683200449236
agm002285800,26.292196984983963,-3.4131401213123005
agm002285905,14.959606281865181,-6.874287278840991
agm002286318,21.36162620307793,-1.168003270016467
agm002286333,30.976094936656374,-3.028909447965286
agm002286361,31.676888319058897,-3.0714254246941346
agm002286400,23.735594607518333,-5.295163547753379
agm002286444,18.308409944918147,-6.764683441302491
agm002286803,21.355383850403214,-5.130863469811833
agm002286833,20.897333127708823,-3.9958581994589153
agm002286892,21.588657689899573,-3.633103252152054
agm002287155,18.394808275124287,-7.432083243853849
agm002287665,17.92867973001959,-3.2659485874688343
agm002287668,23.500014586205356,-2.330656674286285
agm002288364,13.747026630026694,-7.132384038218173
agm002288761,12.566439321087564,-10.221565714210854
agm002289146,18.623933803366352,-8.110349479141494
agm002290570,14.983670536332308,-8.397418835668695
agm002290571,15.104058877457888,-9.90414673128404
agm002290589,14.527935797168714,-8.195163103245411
agm002290629,14.758630982194596,-10.491424174715123
agm002290635,13.95856093273153,-8.240948765747506
agm002290788,15.853862308801935,-8.026413621742488
agm002290921,14.678319778295295,-9.626457286028103
agm002290960,11.328472142362903,-8.023006653211013
agm002291021,14.848146776077563,-8.628154941281974
agm002291036,14.399618913347163,-8.652124548172786
agm002291775,25.299606080188447,-5.908139260713566
agm002291791,21.605178444197797,-7.137350618124614
agm002292147,22.91517628289262,-11.200921502397813
agm002292324,16.33912021971451,-9.8679950808376
agm002292378,17.571075212727646,-9.013387593182149
agm002293258,26.55077872342913,-4.799973681382579
agm002293349,20.17922844169701,-4.212032734222509
agm002293395,29.062894733974883,-3.597012524467599
agm002293500,32.63127241253243,-4.369958040235936
agm002294749,22.066572705454714,-6.822696948442188
agm002294796,23.254819607145514,-7.435286559518713
agm002294828,18.700598724730195,-6.61371507984407
agm002294837,18.900139298119147,-5.317437965558066
agm002294851,19.992334113162922,-5.300324310217244
agm002294882,16.347795278216058,-6.872442634379732
agm002294995,19.97296256369014,-3.894392892980471
agm002295178,13.301762031530734,-4.129863882033304
agm002295203,19.559273940247,-4.801336627156712
agm002295287,14.720978339178357,-4.4555183639954254
agm002295460,31.20819525531374,-4.147726848120031
agm002295705,28.076540952009733,-4.859400105468208
agm002295708,30.259862235819327,-4.890147954782312
agm002295727,15.645616514642683,-5.448178631038785
agm002296063,18.89260385230847,-9.223424575866046
agm002296640,18.594146687293314,-6.024019835095111
agm002296659,15.629909144303097,-6.059151399929751
agm002298321,13.217380831542066,-8.111586535065962
agm002304887,23.323094257786988,-6.808234859850809
agm002305053,21.497470576059033,-5.667286171449237
agm002305058,21.224616936424706,-4.856481426404213
agm002305062,20.466075979352713,-4.859708820510798
agm002305070,19.443060038892177,-5.220633357809414
agm002305073,23.342402212779458,-4.969406619209177
agm002305120,16.20942674879931,-10.09868412974395
agm002305349,24.968494968854433,-5.77252402733199
agm002305596,20.677867076457403,-6.751306912065904
agm002305630,17.461887688120076,-9.911287655551732
agm002305868,22.11469484545476,-5.0920202105723265
agm002306192,17.79131775164284,-6.050469598433605
agm002306241,14.293226991479656,-7.008303478700339
agm002306911,17.83101159132497,-3.1844308214762176
agm002306916,21.81350249677328,-4.893975054955653
agm002307086,23.414078795370212,-5.158836427325717
agm002307196,25.613901197992615,-5.194787363726903
agm002307312,24.525340242636933,-6.046073754776771
agm002308042,18.90481205758613,-8.968602168770953
agm002308224,44.097563674064276,-3.0949496515507753
agm002308517,21.093041474048402,-6.127798573413175
agm002308534,23.38211662063001,-6.082375592984172
agm002309062,23.646871809097348,-8.298656270007045
agm002309149,19.74686255909951,-6.867723783562013
agm002309236,22.200614877946265,-6.259221163338756
agm002309339,22.558144826821064,-7.228646519905373
agm002309501,17.557757542270476,-11.281806121615842
agm002309767,19.67944273823937,-7.118414560255771
agm002309857,20.435140047993738,-5.96325336801397
agm002309999,18.626040108703858,-8.74378437158936
agm002310132,21.301981326567976,-5.912004230028554
agm002310154,23.912812844436726,-5.88817330254183
agm002310451,24.303458346248643,-5.587010893334213
agm002311071,26.988353483830238,-6.923457936806519
agm002311443,30.939673290437582,-4.369752066833073
agm002312991,27.764714883858424,-9.292765981605218
agm002313129,26.748171488069925,-7.741435296781344
agm002313670,32.95359361844784,-4.741403176599472
agm002313796,18.150472457209435,-6.923278162980054
agm002313816,19.500052196867237,-5.1389505908423025
agm002314112,25.41077898619151,-4.567223815083413
agm002314306,23.815408922319158,-2.615534155054975
agm002314359,18.995016381855134,-6.130967502125949
agm002315115,35.921963330192995,-4.071972620263372
agm002315176,28.316019002467424,-4.481129191333632
agm002315540,48.547014774623904,-3.9423799614748587
agm002315541,34.644886954784724,-8.298195068989491
agm002316227,13.189611770940013,-7.633412843348045
agm002316478,16.964551860440704,-7.815967803172083
agm002316910,26.69125806778563,-5.726156825533784
agm002317223,19.99622898081341,-5.611535194193745
agm002317279,17.12739180438673,-9.836077781972863
agm002317611,21.306175408744945,-6.907767451853453
agm002318319,16.758445690313295,-9.414709449394971
agm002318725,25.151589183835338,-8.49910351574793
agm002319941,37.63335362460592,-3.847560632050648
agm002320633,29.26264242537967,-5.389339421878337
agm002321004,28.17194686784748,-3.1706563879580085
agm002322064,14.462879490885639,-8.49360875907842
agm002322281,13.452434878919297,-7.419425116610796
agm002322921,14.1202322072072,-6.961097703959202
agm002323441,25.450248591273475,-8.25255673652439
agm002323454,24.572116900380863,-7.707525272538814
agm002323565,27.90556162584756,-4.674310245543683
agm002323593,18.353926833470723,-6.469204196811543
agm002323728,22.119562927294613,-8.579586021734524
agm002324215,27.856318176383585,-3.115975909788403
agm002324409,18.226834103280076,-2.9717320790634822
agm002324410,17.3159022915614,-4.15172109497311
agm002324450,19.82121914141261,-3.7475598898238744
agm002324488,18.451901075536355,-3.304920391548631
agm002324497,17.41676739945614,-4.200791848755752
agm002324795,19.66051286081299,-6.57222038480041
agm002324868,19.072269745288203,-4.82432031521812
agm002324989,14.823678871566177,-5.4536107780161265
agm002325003,19.24532656426794,-6.176655764433894
agm002325158,31.182154431210062,-3.940121688654994
agm002325373,16.27612958491496,-8.730566438797066
agm002325413,25.10772064614705,-4.668434559118561
agm002325812,21.024720651298697,-6.09773004399289
agm002325835,20.51019421284718,-9.599112430922457
agm002325845,20.48682981652387,-9.92369698087232
agm002325899,21.132461275515162,-6.38699964979176
agm002326423,22.22708821974751,-5.204624001246709
agm002326618,25.833648311485657,-4.050906674266043
agm002326661,28.305410957104385,-2.9604445225005893
agm002327056,26.92168380726902,-3.777742566765384
agm002327171,13.235824822383115,-7.73754721601861
agm002327689,24.644577385773314,-4.514144835268012
agm002327706,28.901269422495172,-3.2706946240996566
agm002327721,29.282276693462197,-4.504092447440148
agm002327842,21.36852918702839,-6.873819418877815
agm002327849,20.2024867551601,-5.5813542315508435
agm002329681,20.65518312166271,-8.135336015769273
agm002329682,22.295824459017737,-6.042360987557285
agm002330331,38.56154184643538,-4.740250770148267
agm002330347,35.61986087221286,-4.547211942145141
agm002331197,33.38345983310644,-3.3652795150929435
agm002331718,27.955798470615985,-3.1268097639513344
agm002331738,26.24151068910453,-3.079483254043562
agm002332067,28.689352117183798,-4.1084080251906885
agm002332251,26.201310965792473,-5.78779793987573
agm002332284,23.096554228237228,-6.265996173758391
agm002332292,22.57192699079582,-6.256949569807156
agm002332731,15.429567577109376,-5.0510796721611095
agm002332756,19.79632336034764,-5.636832131059139
agm002332867,15.915625516188872,-6.010332537651273
agm002332899,15.276986651201232,-3.9630802033392794
agm002333119,20.537541906222444,-6.73152588757022
agm002334636,24.399863650544358,-4.509634575474107
agm002334707,23.192050300965022,-4.818891505679299
agm002334777,19.257182225456063,-4.325168465990265
agm002334806,20.450673144656044,-5.317960013574366
agm002334811,20.47613999742719,-6.016714858792774
agm002334836,27.00941069062503,-3.6395344551302187
agm002334890,23.029051443303256,-5.770037637291308
agm002335078,29.326840016373954,-4.169870906701834
agm002335142,20.162201167348517,-6.118225639716866
agm002335655,24.745114017249364,-1.2019656636321834
agm002335680,29.0694659061881,-4.868301137031818
agm002335727,21.445370262576777,-6.063078994031026
agm002335788,29.12336854603032,-4.6978944028090615
agm002335828,17.989262291152055,-8.359001496026229
agm002337307,24.531250852721783,-4.454459221158753
agm002337310,25.84888322462487,-4.500537193742817
agm002337315,24.767128461963384,-4.446276807386863
agm002337317,23.72413535267509,-4.423254154507285
agm002337320,23.103581635815175,-4.383145889141574
agm002337338,23.38007260481758,-3.5900630895835164
agm002337435,19.108598987399876,-5.346444172435362
agm002337664,23.252636261571553,-6.477710264508002
agm002337675,20.332781235126806,-6.87712582349842
agm002337718,20.12198898155101,-6.8838863205320875
agm002337741,22.402138274600624,-6.888467857438878
agm002337792,20.919511924578714,-5.383674121590031
agm002337804,21.13594280491792,-5.389663545280707
agm002337875,19.85807063792621,-6.672614332296183
agm002337916,18.73098776082661,-9.164921087627706
agm002337994,20.190731344867437,-5.637851194111065
agm002338016,21.240832390427556,-5.060016578674688
agm002338855,24.519164571960527,-2.8681941581946964
agm002339009,22.844220477715847,-7.859659651063164
agm002339051,20.482490198415675,-6.837556630676654
agm002340001,26.09835091395749,-3.307919658841008
agm002340004,15.659151785665543,-7.348023845972948
agm002340916,30.313878176681417,-2.6041158002909275
agm002341182,23.729722794863587,-4.378030205425704
agm002341298,22.05783871380064,-10.460516370800693
agm002341319,21.548057456159594,-10.234681929237183
agm002341749,21.00585324022744,-5.035709284404596
agm002342191,30.90328341075811,-3.592423899843951
agm002342265,20.472635943606438,-2.7126842732370067
agm002342336,13.202178035288473,-5.4449414602912185
agm002342375,11.513195650370623,-4.460695112404364
agm002342414,28.05422726202447,-2.5714359960811723
agm002342527,16.698917997355483,-5.982766449086146
agm002342543,18.362187331931242,-5.572337866869828
agm002342549,16.410825145057196,-5.7618802195749765
agm002342582,10.990229297430313,-5.406179378915311
agm002342636,26.406258909164475,-3.3485841114735897
agm002342678,17.225351053976873,-4.773883756457681
agm002342682,18.889258011761473,-5.230140646632972
agm002342717,15.186180254194818,-5.497998157612759
agm002342721,13.605121115775974,-6.477713637932971
agm002342775,16.21205190902595,-5.570635628304782
agm002342802,15.007848250666306,-6.838773010960338
agm002342850,30.10165531652924,-2.904041659358588
agm002343326,18.57037510865874,-5.617396820710332
agm002343392,22.486672049732583,-3.232231318465151
agm002343415,16.319166251528213,-4.275254661128513
agm002343640,25.0100429168938,-3.1177429696375927
agm002343714,20.66950475833078,-3.961050449881538
agm002343979,21.946033780267683,-9.133124590776212
agm002344054,26.519655268484872,-3.1336646658787273
agm002344069,15.815273962540383,-6.181352355657937
agm002344123,24.741003397595666,-6.141896626380434
agm002344125,20.491558754923936,-6.458286285603594
agm002345002,15.109459588656211,-6.668359973599791
agm002345252,18.249796820668273,-9.605727606912689
agm002345368,25.14200459481349,-6.044094772818845
agm002345378,27.349540751908844,-6.872512178972474
agm002345379,24.347887923773886,-6.0208667631199715
agm002345434,19.82063322820425,-7.892513381240308
agm002345477,17.07680076066797,-9.047173173618384
agm002346272,13.83279729678576,-7.13547879250827
agm002346294,17.03565026385671,-7.913478397709248
agm002346309,16.19173294396048,-11.001558876854263
agm002346394,17.583839045785673,-8.015963811953387
agm002346496,18.816911092647025,-10.28896086683724
agm002347336,21.94196757035381,-3.9394923544576215
agm002347342,23.276754355267514,-4.227238563710272
agm002347361,21.789504080884104,-3.497724416230421
agm002347377,31.7490405996334,-3.3197725100309676
agm002347410,19.84590225744807,-5.371542089931282
agm002347831,30.682142888396264,-5.028963928754873
agm002348067,15.891580925103012,-7.576392728884946
agm002348236,17.933416514808027,-5.373805692392885
agm002348274,16.69542508292463,-5.342866193771002
agm002348281,17.575271681901878,-5.347226013444584
agm002348299,18.211130385123788,-7.411286961389999
agm002348584,28.070200540583958,-5.956431263232631
agm002348636,19.489257201542923,-5.748008928539135
agm002348661,22.517944256172317,-4.881027177533116
agm002348756,22.717779413248845,-4.881048615376093
agm002349320,17.100168683964856,-6.741026854146694
agm002349525,14.361284649084382,-5.73026876263563
agm002349571,22.715085206687135,-4.856332271555355
agm002349825,31.08713983813558,-2.710356806515821
agm002350119,19.45817046089812,-7.045154716333509
agm002351569,19.54316101406446,-6.158944945823923
agm002351700,29.822923743501214,-4.402388353737207
agm002351718,21.521560661151028,-5.688239813208279
agm002351755,20.24629471388112,-6.769557223645936
agm002351760,23.002210713695323,-5.949106901301104
agm002351806,20.920205236622202,-6.4917397015765035
agm002351852,20.258241748362995,-9.016711410915915
agm002351929,31.366111485566247,-8.688198247923328
agm002351934,30.8059254338626,-5.5487035998855445
agm002351943,16.4868468844205,-9.74247561054794
agm002352974,26.641738479055135,-7.6632490089746055
agm002352980,25.259904069608464,-5.271006048991906
agm002353139,18.3620150535835,-6.3683474043115895
agm002354309,20.294574322176388,-3.6915570917976233
agm002354321,28.83469043994534,-5.332611446836686
agm002354415,17.60077960289762,-7.290038379169423
agm002354465,14.966110719496584,-6.538419930051159
agm002354582,17.86790047060939,-6.057229455582528
agm002354600,15.459139384360117,-7.548313202348325
agm002354616,16.6116277992678,-7.7301545769344795
agm002355015,26.275582491269763,-4.734608068199554
agm002355097,25.022440272657718,-5.262132135603342
agm002355385,20.00070284095061,-4.755422535323239
agm002355438,15.061595412955636,-7.158531078099346
agm002355565,30.35052725755501,-4.895115177915239
agm002355685,20.754518701856824,-7.887342859094143
agm002355854,18.830538371902897,-7.822407299129722
agm002355863,14.975758513102734,-9.49195652066579
agm002355883,17.810963425035144,-5.900782892471672
agm002355902,15.272115537534035,-5.913000286875636
agm002355941,18.06455851460813,-8.239126661655327
agm002356027,16.75040514597475,-10.22355820066713
agm002356032,17.08258677065316,-7.623218422688388
agm002356155,17.62776233260045,-8.423671785811115
agm002357219,25.292072446618857,-1.2486789690806661
agm002357479,25.67818288517736,-4.35460684681699
agm002357480,19.10198913313795,-3.4247003891892676
agm002357818,26.256377841520326,-3.5336971059121387
agm002358489,17.71511680973303,-5.68671985225555
agm002358798,24.40072871069758,-1.1528920374265026
agm002359395,24.814803048023123,-1.5175440388145784
agm002359633,29.00736189922468,-2.3927211685498766
agm002359675,22.047710375977143,-3.2626591285013555
agm002359956,22.668722617165557,-2.9200834130400293
agm002360004,29.126807492868913,-1.9389269099468869
agm002360094,27.707320444235695,-2.702710492546977
agm002360110,33.48076756694175,-2.702641860055396
agm002360170,22.084981541670512,-4.227258890787855
agm002360175,20.019793537065297,-3.091673364454739
agm002360231,18.918338407046978,-9.364068061513738
agm002360243,16.413271281231854,-3.5280083333213805
agm002360307,24.772843977368513,-4.204324349737019
agm002360344,18.576531861957836,-8.911061533604737
agm002361319,15.869661848097197,-7.01103394274845
agm002362059,29.269354516935834,-6.906713959499855
agm002362107,19.03233389958775,-6.241408378545476
agm002363335,15.192220992914102,-4.318463686417855
agm002363498,13.565390471068183,-10.760109415133519
agm002363530,12.238896348740433,-9.489919266698172
agm002363578,13.27879717180354,-9.372926257703588
agm002363723,24.868593761044337,-5.665021326902535
agm002363730,17.818440382074055,-7.099044182671745
agm002363731,17.727457739780668,-6.674957067793803
agm002367171,18.481170947691933,-8.279306623206972
agm002367345,27.458631842951917,-4.249634455763715
agm002367592,13.55144374230914,-6.852403766092262
agm002369906,18.043833223129916,-7.251097725436269
agm002369965,14.633844046726436,-7.908484696272022
agm002370140,17.03722749208695,-10.690006838910485
agm002370553,15.487673624237281,-7.388303015714756
agm002370609,29.204945603575833,-5.272228481163098
agm002370790,45.57618299309471,-2.6664822849704133
agm002370987,21.75170607704814,-5.640790429730892
agm002371033,20.249162476893595,-4.228028524374112
agm002371119,19.829191022034543,-5.495897753632347
agm002371153,23.262148734658183,-4.513916435166936
agm002371187,20.510999061057472,-5.535157654456913
agm002371193,19.22188746840087,-5.584609696889771
agm002371271,26.245457832597832,-4.405834175763158
agm002371274,30.322814345156132,-4.578368866073762
agm002371759,19.599695801978925,-8.357589176721287
agm002372916,22.43193717953852,-4.003391393607379
agm002374467,33.63020326091296,-6.260262468623303
agm002374582,22.284162822678407,-5.7468518051683155
agm002375174,18.167100566433156,-3.2074259846170063
agm002375313,20.95074438470187,-3.2433942068831527
agm002375409,23.761284721620065,-7.729076639643436
agm002375621,20.079580858041147,-5.8692716288185665
agm002375622,18.716521900586248,-5.841762819652081
agm002375998,16.662249561954017,-3.080706879776154
agm002377249,15.1592974699408,-9.066872633761637
agm002377306,23.196550445714358,-6.085081984741626
agm002377594,23.523154777149223,-6.451244763438288
agm002377612,19.733941277257273,-3.75271234629502
agm002377638,18.095103838984937,-10.265390407365976
agm002377774,14.544259519620047,-4.966241270069412
agm002378078,24.761039373673242,-8.14736124723461
agm002379046,21.079159442854316,-5.224768965824164
agm002379076,18.028523444425247,-7.512643074288893
agm002379240,23.72866695098674,-4.108141070640941
agm002379297,23.35293693726715,-5.8295107046344725
agm002379530,39.40873817324129,-2.9433099775726634
agm002379582,27.318883472081815,-4.044637091508241
agm002379710,21.889500588954267,-6.725759568628241
agm002379756,22.7661150842189,-5.92828543819241
agm002379758,20.837074260347965,-6.7985585436234
agm002380223,23.537847985463486,-8.695389154297175
agm002380239,22.062910256328472,-10.33557837361517
agm002380360,19.973576247112995,-6.347155799217179
agm002383792,13.305738573003573,-8.033808457199981
agm002383806,13.194078405989316,-8.717306627037102
agm002384376,20.218760661010805,-7.910825795595869
agm002384571,15.297183678845546,-3.1405784466049287
agm002384728,16.836550881050737,-5.816145596472628
agm002384729,18.173056132715256,-6.586365375164323
agm002384824,31.39021064996427,-1.6485340387878404
agm002384948,33.94519348831799,-3.3861299959476345
agm002385293,18.68028617975779,-8.254894665297472
agm002385411,20.432402337975454,-3.3230148857061415
agm002385525,31.63516541183709,-5.731005953700543
agm002385594,26.130357060078943,-3.8946866171550254
agm002385637,20.57825613512825,-6.264854905289463
agm002385776,28.423087315597492,-3.7993312822109973
agm002386093,20.461240958618703,-5.177824998950903
agm002386165,15.715634754531488,-6.110159198825805
agm002386180,18.785804323465708,-6.473879969311906
agm002386293,16.636191892301454,-6.65384256298271
agm002386297,18.2381287852928,-5.756500173258606
agm002386485,15.172176086925031,-7.810206285274674
agm002386666,19.739529957956602,-9.341010839743008
agm002386921,24.543452213468388,-3.949234098995777
agm002386978,20.202470334667918,-5.976457981653702
agm002387002,19.855007869626355,-5.686816632435807
agm002387164,20.417566548522267,-5.851510716188981
agm002387204,24.51053662881386,-5.8024147073284755
agm002387255,12.224970421636021,-6.041952605313992
agm002387836,30.72619192435261,-4.53652887667247
agm002387973,14.211280058298028,-7.641665125125943
agm002387986,16.614791718038905,-7.63446882344764
agm002433306,13.645844620971271,-8.948514952832749
agm002437434,41.16799243887225,-2.5905132595264715
agm002441043,37.413445995219924,-5.679646345132907
agm002444968,31.377828240410338,-3.8020122509046352
agm002445134,25.21664847838966,-4.607860682476781
agm002449630,31.21857745549474,-3.428715551044933
agm002479708,23.89746381505575,-4.4601511739171045
agm002486826,12.382714736657052,-6.29708953587462
agm002487107,13.906142366961626,-5.099758035606807
agm002489068,10.23782876059629,-3.978495774244815
agm002489958,9.531278359385938,-6.0681593383637535
agm002490355,17.994259530050158,-6.213625662739842
agm002491523,13.280727382509065,-5.5220613487501335
agm002493090,14.911170861925289,-6.37585787272167
agm002496001,11.317981193130754,-6.967905144026775
agm002496497,12.479046356830425,-5.064232983721412
agm002500500,65.13661059929353,-1.3650366573213515
agm002503810,54.25720543112203,-2.6338283587496685
agm002533104,17.551988750617063,-6.929861883443072
agm002533211,13.888013503880194,-7.535730105441985
agm002538568,22.442941302043458,-4.53389807849087
agm002538862,14.525798885040947,-4.419417322195434
agm002541635,28.77829083296326,-4.313971886665063
agm002541671,14.187245280143964,-8.073447310964733
agm002557126,23.111006021399124,-3.6359424608775215
agm002560965,35.05875276206712,-2.9149297337427083
agm002563541,25.637892656249143,-5.4469534677485285
agm002564031,21.39338237736188,-4.680631889189312
agm002565430,31.356246153593037,-3.1998114052216544
agm002565833,13.664848234497342,-8.431222402792429
agm002565837,13.845889422213858,-7.12416883182059
agm002580039,28.616639386852672,-4.162263004948242
agm002580145,32.76694034553233,-5.975179304682864
agm002588347,37.61183117188424,-1.362832190179552
agm002634309,16.336652096193855,-5.106411410173354
agm002635431,20.16713323867912,-5.167598763340429
agm002643054,31.94811712809975,-1.990101900076453
agm002643914,10.30442174196234,-5.150372633795278
agm002646767,14.28763619357588,-6.07411181915182
agm002655487,24.653685639215965,-3.3642540057678003
agm002656185,26.92590345896863,-2.8287292631852488
agm002656429,34.07253687938214,-1.751307870502669
agm002664428,17.108258018267332,-8.814051432089972
agm002685804,17.48487008217694,-11.040663116141149
agm002690338,15.508498692049457,-3.260464767472986
agm002691451,15.316294580208158,-8.070836171844903
agm002691681,13.77523411254849,-7.5330362781577
agm002693125,17.59330431653265,-2.7448705703293395
agm002693309,23.139148241535676,-2.8444701081813073
agm002693681,16.370703988700416,-3.3958237143131904
agm002694384,18.198365974021392,-2.4101455681185233
agm002694433,17.453404193870362,-6.331199343150616
agm002695685,16.24392483584206,-6.951140503974305
agm002696841,17.09385420055872,-4.3487726644437945
agm002698393,15.804410490199116,-7.0979649424642375
agm002699666,19.33917872918178,-2.204752162883614
agm002709872,24.26319328621517,-0.881155795862092
agm002710296,65.94644032360647,-1.0776227070393045
agm002711444,28.323987732614263,-2.1736460546329637
agm002711640,24.579803793160565,-3.8231889728132717
agm002713600,16.50361484418911,-11.756088901548702
agm002715581,14.9449336650691,-6.383801804058349
agm002724743,18.83172265417662,-4.591589247995972
agm002726005,39.0927451607982,-2.39070825816129
agm002734762,16.119762698791227,-9.807392084378247
agm002735022,15.8838864530983,-10.241116712752225
agm002735310,23.978371405352075,-3.810371193453192
agm002740723,11.221795789797234,-7.6223100170599745
agm002741707,33.02037722138698,-2.5681484348724855
agm002746612,16.114184392269504,-8.391250975494355
agm002748502,13.943402242704238,-8.862432541051295
agm002751012,16.130036277462747,-2.3130650904140624
agm002751663,16.186815201134554,-4.5019489435602935
agm002751911,28.777899341284893,-3.3168765190884666
agm002758040,17.66312782358474,-7.285325747118851
agm002762023,24.186696246741615,-5.53529832913997
agm002766205,40.888195536751795,-2.45350735497758
agm002767482,47.60813945757025,-2.8312568568713705
agm002780850,24.972558493811473,-5.846545592366131
agm002783879,36.61677216593071,-5.29630056594927
agm002784712,29.489503615889195,-5.4657653405481295
agm002908082,24.99057460372109,-3.7141950734439875
agm002908120,21.38689787254295,-4.547887370669199
agm002911883,17.62132616113407,-3.900499095587876
agm002915699,22.500583054355058,-1.4840424509959567
agm002915804,34.94535046432612,-2.2993827956559794
agm002919601,19.35451589492566,-2.6250984570926437
agm002921459,27.613958161679005,-3.6206725770244375
agm002921730,26.261903210472997,-2.746212271351545
agm002921778,20.282588090595276,-5.582304356941367
agm002921877,34.8687482783442,-3.140438779573437
agm002921897,29.262098781447104,-3.1634798900743206
agm002923650,9.940994784924047,-7.535971376055807
agm002924171,10.318487880977276,-7.287995792196673
agm002924355,15.799472947390527,-2.8931421501144476
agm002925122,9.181562871578667,-5.34684446408127
agm002925285,14.232323396671152,-3.85143025963972
agm002925483,10.787918980418736,-8.107556214016729
agm002925861,10.527605076748209,-8.079195170203661
agm002925962,17.903125126943873,-5.020062994900114
agm002926182,27.444228116662554,-4.544328906581716
agm002926251,36.19770406660282,-2.295182724151264
agm002927674,33.80515045148918,-2.088440341251843
agm002927676,33.154149306579164,-1.9771134377322546
agm002927949,23.42799146844792,-6.40015550165734
agm002929161,16.545062716666273,-5.147153322896655
agm002929193,25.736800677010592,-2.488637008724886
agm002929602,22.03024054557481,-3.378736585885959
agm002929617,26.17527745832131,-3.666947925568315
agm002931017,20.775902230791424,-2.779762039735708
agm002931035,22.308170953954185,-2.706119868258046
agm002931091,26.921256734082554,-3.6899420539135894
agm002931248,22.78300061363916,-2.9798783556240593
agm002931293,25.771354184006363,-2.114970694628477
agm002931525,22.63873301340407,-4.019769270693894
agm002931756,23.340312644799887,-3.6002437005797523
agm002934406,19.19867040949738,-4.6091577717067205
agm002939014,14.12464265134788,-6.25899810497011
agm002945981,15.018280953208,-6.632522760982189
agm002946123,18.355446881624204,-3.3680801791361175
agm002950236,20.731723963479233,-9.425636258984962
agm002950623,27.565258773088665,-2.063645407877952
agm002951443,19.932149472725037,-3.6558092640011326
agm003031822,28.750240649290514,-3.3994809835304745
agm003031856,25.12040808423294,-3.044812893726841
agm003036207,27.94779545043376,-3.154460719066654
agm003043138,10.705365172840777,-7.305748311321278
agm003054418,26.39924466816186,-4.2409882944163675
agm003054621,29.07374738995146,-2.3978424621609835
agm003054641,47.2542014766809,-3.0660580350171602
agm003057420,28.972663192632705,-3.077996673549602
agm003057422,28.647903490137704,-3.0976127770794535
agm003058487,30.514990263224966,-2.9174927113440825
agm003061489,21.755336574655914,-3.5915550912851377
agm003062288,22.089925946461094,-6.501118324751228
agm003062395,18.670177857696412,-5.36524736282092
agm003062628,18.944666186640287,-3.9413934741768784
agm003063415,18.72332722760267,-3.359497224778643
agm003065468,25.502494042863088,-2.0529663684269015
agm003066009,36.56146245717512,-2.823744630711232
agm003066332,27.413045765934807,-2.9171426588039195
agm003070364,9.462321737384437,-6.0083836188724575
agm003082154,52.76748533527983,-3.1423429592484142
agm003082642,28.471804846071034,-3.1857887236143885
agm003082742,34.41298872847625,-3.3115853541725406
agm003084782,33.810463464251896,-2.9146917509690327
agm003087673,38.223942585064655,-2.5233147913006326
agm003092240,25.27228471008628,-3.059460660523362
agm003093874,13.428154781977845,-4.6783142008728085
agm003095455,24.202488112593088,-2.3590702340557947
agm003096016,16.50147269049733,-3.6436325525451294
agm003096021,16.895115580627877,-3.609308029134022
agm003101411,28.787905360793204,-2.933885708047249
agm003101955,35.68177656353486,-2.555126881614818
agm003112455,25.29335409260892,-2.9616441543831766
agm003114970,21.891577414571785,-3.9235998683381736
agm003115753,25.034912534106255,-3.551011219921736
agm003116304,28.515798213998014,-2.6838565446474294
agm003116314,28.168132131531806,-2.6854511644346197
agm003117072,29.64831529535725,-2.5757960339537114
agm003117075,29.362516280024447,-2.570608714981418
agm003122048,14.616567571415596,-3.9784745299932722
agm003124886,12.924260430494815,-5.136119987819185
agm003124887,16.47896340566046,-6.6931093812214275
agm003135176,36.7445290572063,-2.6123480311408644
agm003135202,40.18777984148256,-2.6189269458256166
agm003142277,22.197751859666408,-5.117472231379217
agm003142944,20.400490276359395,-3.828725950255537
agm003143786,26.535856585825115,-3.613492330324576
agm003143830,24.911988692949915,-4.504714611594204
agm003146934,26.71016249491092,-2.8611757496999366
agm003147126,26.36694546935227,-3.3161523542519746
agm003147397,30.373574402300616,-3.378371401627094
agm003147491,31.59791454544069,-3.64736664958307
agm003147912,31.454613431698927,-2.6552544359178083
agm003147923,31.74978220639125,-2.6252886607075503
agm003153740,29.282125574570582,-2.6055961024195766
agm003154711,42.52873379208602,-2.868184875768724
agm003154712,43.59760760722735,-2.689339255631218
agm003154955,14.339555238434173,-7.933190324102985
agm003155230,33.83637805784096,-5.315373564795968
agm003156881,30.643986413069513,-3.5979996835560777
agm003156985,33.44999198218346,-7.809939801410874
agm003157199,40.93572280399077,-5.8825657031019105
agm003157286,38.1409921938082,-1.7704339615135198
agm003157405,49.6661201010514,-5.938178528203103
agm003157441,28.37133850356988,-4.012892685399748
agm003157478,24.49881524949476,-6.634014676830846
agm003157490,33.48657461630067,-5.6444713842866046
agm003157501,24.68976932057498,-6.16199305122794
agm003157507,26.46738066634994,-6.211714718193836
agm003157524,17.061086891120347,-11.55966024087912
agm003157546,30.474399510305393,-10.017734595925543
agm003157581,9.850255080453374,-9.03951369053554
agm003157639,25.96009510159535,-4.6006863418347805
agm003157649,28.136730815248917,-4.971395338639604
agm003157659,25.42719631460437,-3.6449287495788836
agm003157668,32.651140049112584,-9.88359398562731
agm003157722,13.576733150236732,-5.615137027111481
agm003157789,42.45840252138954,-3.009088891569454
agm003157799,31.254848894587024,-3.0287467296365174
agm003157852,16.361122162362637,-7.8450205465442435
agm003158066,13.314482558472427,-8.232752858734562
agm003158086,13.379165321364994,-8.202939655041831
agm003158186,28.61076851601494,-3.2955837693743306
agm003158455,18.50018852066319,-2.995857411473594
agm003158787,16.475042624476238,-7.607319796490944
agm003159070,18.332290666176682,-6.266890015693203
agm003159274,19.86061044496783,-3.108112782841759
agm003159573,22.822308168339642,-2.3423427785283617
agm003159581,17.536828392601283,-1.349913539277102
agm003159725,14.661575381721962,-8.056883906086986
agm003159792,18.382518499805126,-4.253473814083663
agm003160066,44.12923408028359,-2.4203609202904803
agm003160263,25.336661848409815,-2.2250977535642416
agm003160348,15.468460373574695,-6.710240272554941
agm003160463,34.53557369746893,-3.1150028806619594
agm003160479,15.043837754524537,-12.430491544959018
agm003160499,22.513141689288897,-4.665088236320343
agm003160506,10.929552657424736,-7.055874202998591
agm003160522,19.599033257568696,-2.2930104057610547
agm003160523,17.364705750815745,-3.9505907616113376
agm003160538,14.90416735590967,-6.76408825046131
agm003160560,14.724775435431228,-8.094353843087754
agm003160619,13.961845047297045,-5.5015827963039925
agm003160624,25.700639365588472,-4.116660782328521
agm003160626,22.099021198434926,-6.436921428799178
agm003160627,21.622895587321793,-6.398422695597016
agm003160644,26.225975218134653,-4.50818220481145
agm003160659,13.67134576683116,-4.471963903090679
agm003160666,25.321301734975147,-5.87047540987394
agm003160712,23.713393542351678,-6.136323512152287
agm003160723,20.95189350475772,-5.347577499942125
agm003160725,17.799623859146305,-5.721392809373082
agm003160766,18.024756928932426,-2.825605880474882
agm003160824,20.296150165080522,-7.912319474211491
agm003160842,19.876436910043072,-3.3423737962556217
agm003160863,32.86369005615021,-2.857588887506294
agm003160930,20.89825153564038,-7.23499098905629
agm003160938,20.936253021323658,-7.891655749434125
agm003160949,20.57787750380102,-5.112172943874505
agm003160967,15.410460044529094,-3.8249764445104244
agm003160975,21.18939521741382,-2.9693697679271254
agm003161021,20.641662410379716,-4.902216566845635
agm003161036,14.038199208366137,-7.807363936017505
agm003161120,20.40939547009462,-5.955851584466934
agm003161156,12.949000418087858,-6.240806120674027
agm003161183,22.96211060686657,-4.271058071730667
agm003161203,29.755512261511072,-2.269720125999731
agm003161205,23.484275608213494,-5.931967954575936
agm003161246,36.004357291755184,-4.457221813622993
agm003161260,14.31715306262472,-7.863463442927682
agm003161316,18.934669717267173,-2.2332925575685016
agm003161325,16.112737038775904,-2.904776017954374
agm003161354,23.946896760306515,-0.6939130181349712
agm003161368,14.593835911009444,-5.511684141390809
agm003161370,12.608035869962888,-3.2298417027562194
agm003161405,30.437133871270728,-3.569154896175542
agm003161469,16.528851811322664,-2.638875737089125
agm003161501,17.38812683776831,-2.0414547960422738
agm003161505,18.194836772807612,-4.383979450221127
agm003161513,13.040947754377191,-8.694125943550253
agm003161521,25.080113985164,-3.932406424152394
agm003161528,31.622030191952433,-3.6003028050268413
agm003161558,10.939387573822707,-8.185201287591953
agm003161630,29.945302887901345,-2.887318496602589
agm003161729,21.861592882496236,-3.287411681030737
agm003161736,19.50913189879178,-7.182610549455743
agm003161741,21.287438859366457,-5.326384133327032
agm003161755,27.624109033312298,-4.740555164889475
agm003161773,19.75576467356731,-3.174351538233921
agm003161826,17.73518456907148,-2.897735708807449
agm003161856,21.41119886234845,-6.0968570490365
agm003161862,22.024916316086717,-5.8284342246247824
agm003161891,25.016183110011475,-3.6769725957197394
agm003161894,27.662846744629263,-4.151034192871855
agm003161912,23.089062552627546,-5.033150873461011
agm003161943,11.744853121660995,-7.508834730189954
agm003161951,29.753463437320782,-3.3672572790040736
agm003161967,19.59066773313394,-3.9628329489683796
agm003161972,23.449880961832196,-3.945258429651702
agm003161976,19.287756086039572,-3.979979693571006
agm003162039,41.05098313245918,-1.635020591451903
agm003162040,40.69846370284793,-1.6265666865206931
agm003162064,25.987064395108202,-3.096365662758468
agm003162076,31.90669332479947,-5.972496746204733
agm003162086,28.297303869520146,-3.2024691631813678
agm003162103,16.83893444121421,-7.101579920472774
agm003162107,15.202749386305253,-3.896148670369283
agm003162112,17.501844155477453,-6.050348774115814
agm003162235,32.8700576595544,-4.6641825794319525
agm003162273,19.05333458091731,-3.1731673461879923
agm003162303,34.181116971089025,-4.706545590430389
agm003162305,31.990000964714994,-4.606707947260564
agm003162324,28.62562686159219,-4.060274638077669
agm003162372,25.054899677734664,-3.860234178885598
agm003162404,28.679553544980486,-3.235584122257741
agm003162431,23.660103762482517,-5.296310776005988
agm003162450,20.551174261890193,-4.9507048651728205
agm003162457,19.111861000616358,-6.919449793594426
agm003162494,30.477797774885598,-1.6501242382806656
agm003162500,28.532742365533828,-2.9729639612864878
agm003162501,35.06666850643011,-4.7516761724573815
agm003162508,32.98152081623326,-6.018841850860957
agm003162519,17.115368772566423,-3.7458915073172
agm003162561,21.016472201670908,-4.9063806422020315
agm003162567,28.50933517605555,-3.832586557434623
agm003162588,32.78766592765532,-4.6407547839518575
agm003162604,25.559429376447667,-4.4353130793552245
agm003162628,24.66597998162919,-3.3216729310094726
agm003162638,25.751687180027034,-3.0412962612721026
agm003162642,25.979543255040667,-5.423977891620413
agm003162650,25.005699130370424,-2.9262744958654627
agm003162667,28.527926106261717,-3.464164172579525
agm003162680,21.00769856288388,-6.787214537103906
agm003162695,27.794594621893594,-6.968767486533763
agm003162700,26.28303999236571,-5.789628777941256
agm003162720,19.882653273016473,-7.550804896499071
agm003162721,18.956245164314986,-6.633877012805874
agm003162867,26.577317067173897,-3.9266133561818535
agm003162897,28.14077905078003,-3.19077064866889
agm003162968,70.71199414768918,-1.2531258239378475
agm003163181,37.58577227596429,-4.142165233936987
agm003163190,37.7588447725757,-4.147406396817472
agm003163314,24.45595100926645,-0.5725475320653552
agm003163335,26.269312186265815,-2.2549811303805956
agm003163438,18.080696503469152,-3.0708898291931694
agm003163468,17.99707830511595,-2.28667065547801
agm003163503,29.49875113538196,-1.96061947521775
agm003163617,10.65292641584779,-7.6986970132040105
agm003163665,13.7896787314736,-8.377458105688227
agm003163695,15.341104977745994,-5.339212572597742
agm003163961,14.086371159976794,-7.599244123516635
agm003164031,15.774056187715,-3.092071271095928
agm003164167,25.803356520168002,-6.666111279683163
agm003164216,13.534388652798643,-10.483866211573691
agm003164376,33.31291811100695,-4.020049666786016
agm003164682,13.799034074198993,-8.064722013295608
agm003164738,14.480610650187916,-9.352952199251984
agm003165086,29.36892419652301,-3.183378886542527
agm003165096,26.65543554403598,-2.674850313727847
agm003165151,28.60615319696139,-2.160472204697221
agm003165302,14.23556263866732,-8.515351286540998
agm003165333,28.074439730577733,-3.3410231854113217
agm003165381,11.903645759309693,-6.126180086275807
agm003165411,11.743280870654942,-6.89383765803292
agm003165428,13.185190586177054,-2.556154129729431
agm003165761,17.661857994721593,-6.762146080079415
agm003165763,33.99059710661653,-3.21812098738861
agm003166109,16.463843625250696,-2.6999587209554123
agm003166184,18.199814072471373,-6.3930754216391605
agm003166254,16.732684726372323,-3.369646612371619
agm003166341,17.919590607969646,-2.907804541338118
agm003166509,32.3939115336253,-2.680050063752497
agm003166610,26.381374976020304,-2.024957725036523
agm003166646,30.152312615329755,-4.34916773610586
agm003166853,21.30957168078807,-1.2343486778832522
agm003167042,17.956282942980394,-1.9858985392464252
agm003167300,36.12045178526962,-1.4255664941573352
agm003167507,20.81852996476943,-2.687101395707522
agm003167697,29.793080145455203,-5.309960787633802
agm003167718,18.307816467956417,-2.218530853759799
agm003167733,23.76624348945993,-3.1254402962897587
agm003167832,24.59144353468179,-4.553346067529955
agm003167913,16.899249180952893,-1.8296816729140541
agm003168156,32.771178267497554,-2.4797911649300373
agm003168385,40.95798738243186,-2.3781185778835727
agm003168736,13.136820406943885,-3.43695111702075
agm003168816,28.426032522641883,-3.887294685711826
agm003169087,14.099740846822716,-5.245362759562633
agm003169394,23.042071557434486,-5.568995148104117
agm003169448,21.107068644027628,-7.035837440868475
agm003169458,14.845183355519692,-8.93613943318435
agm003169517,12.960340262819543,-5.538564899631475
agm003169586,32.74795962678544,-3.3328659819621134
agm003169700,29.56585982899569,-2.3176672338765525
agm003170000,36.37846667433897,-3.9989439462411207
agm003170098,30.817667436801493,-4.748944940962055
agm003170471,16.944743282875915,-2.9861026952445284
agm003170474,16.994157984888616,-2.990390306539531
agm003170659,19.769420323017854,-1.6785470097872501
agm003170745,26.4861770731384,-1.5511904599116157
agm003170781,20.74035549590531,-5.484738539128086
agm003170859,23.702644698135433,-3.454188438348548
agm003171302,23.33549354496328,-4.313742444570636
agm003171558,23.550604633935844,-6.228903301673177
agm003171776,49.778322508830996,-1.8670777430444347
agm003172045,30.883820863738823,-2.728904178129258
agm003172286,48.35242167749688,-1.7228881190298775
agm003172324,23.19179631275429,-2.7361476178458854
agm003172481,24.885860407112645,-4.12146796347099
agm003172523,9.891863902478327,-5.918903993744843
agm003172718,12.39743319316128,-7.788394628295218
agm003173124,23.076095003216317,-1.7004146975011474
agm003173153,26.629143606640014,-2.1579277058790987
agm003173276,22.582310026724652,-4.336085074829999
agm003173278,20.165904699607168,-2.362442082563947
agm003173380,37.57284860678387,-1.76588664136493
agm003173591,33.20826377928261,-4.891131142338296
agm003173654,42.64601333617409,-2.620994551503589
agm003173687,34.42171466828242,-1.8461736419881662
agm003173840,32.607590292893,-3.301848118978794
agm003173846,30.246559273242948,-2.841571853495866
agm003173860,30.343274643996967,-3.206267801309383
agm003173877,27.793998399120778,-2.6522448549342412
agm003173922,25.49977802040536,-2.8599996579610814
agm003173941,29.741608259863142,-4.458530435814408
agm003173960,29.23916500452503,-1.7743118775236404
agm003173994,15.048331007419014,-6.414466329294657
agm003174151,25.7776711292407,-1.65156635009602
agm003174154,25.902786087367808,-1.6512168924389679
agm003174178,25.31573051051626,-1.1682078333985149
agm003174256,28.166846412637597,-2.1252174465996023
agm003174346,28.43136358963012,-1.4715652483996249
agm003174434,21.695598766622755,-4.6828982185490595
agm003174519,22.95030510020857,-1.77953368704361
agm003174535,28.666254959469796,-2.726280325510369
agm003174565,26.67891230424799,-2.023093129149885
agm003174567,27.551463942598744,-2.489040402951151
agm003174702,16.420027243524512,-2.361558410712466
agm003174776,22.46444552507462,-5.3002512063682
agm003174823,22.515967323073276,-2.6528842180236882
agm003175108,15.655701912672198,-1.9574163750536617
agm003175153,15.372115532690241,-1.9619724316556186
agm003175159,23.973171819142536,-1.654115307004427
agm003175299,29.60642717941442,-2.290075459409058
agm003175340,20.461175275536018,-1.6273171419049268
agm003175396,20.12838415685106,-4.194169520052681
agm003175744,18.863755098641793,-2.053741986421039
agm003175983,11.077635419446985,-6.821783437345971
agm003176023,20.805381790704626,-7.237104113537085
agm003176050,16.1876968656409,-8.403893587078052
agm003176375,32.67710282359668,-4.517217202096004
agm003176429,12.249832883060872,-6.210716108933347
agm003177015,15.05647502615611,-10.016803781040839
agm003177108,14.821537773016006,-11.959600368926008
agm003177125,20.400666915722415,-4.079773595336578
agm003177512,20.400009813267808,-5.05919637376542
agm003177613,11.980877041991628,-3.430561347257167
agm003177735,30.273043988697587,-3.5960435146405265
agm003178092,13.0014389425871,-4.357863627512296
agm003178223,12.23145387893031,-7.912594146613262
agm003178231,12.21993978161361,-7.244810255595935
agm003178277,13.814705183589975,-8.864353934767372
agm003178356,12.302155155287654,-7.910413592067967
agm003178363,10.90547810323564,-8.158647572125602
agm003178388,12.444499971687602,-4.995480608497813
agm003178418,13.988379485447602,-8.629386862710197
agm003178452,11.135359480541329,-7.31944400030167
agm003178453,18.28884113010878,-6.158599937925576
agm003178543,13.978393071539484,-8.979815324258134
agm003178740,23.349171267254086,-1.6768551034102872
agm003178742,29.308138423043978,-2.5823784378973027
agm003178759,27.683951250763467,-1.7352978669592845
agm003178769,27.58509019830313,-1.7433851181849929
agm003178777,28.17832875597695,-2.354443913376505
agm003178799,22.666515545096473,-2.646748632427253
agm003178865,28.040535819992822,-2.024956593782827
agm003178873,26.435438177781226,-4.503635336326466
agm003178994,29.730726164946503,-3.205326618306918
agm003179404,15.720575877956565,-1.6761338654031357
agm003179411,25.29314132338048,-3.7902483822742754
agm003179507,29.93970816100353,-2.1724225652052294
agm003179533,30.076749426587273,-2.496200898965265
agm003179686,27.27263544853677,-5.130230152810243
agm003179733,19.893309250461897,-4.401043499439531
agm003179877,25.050699580490896,-3.4915692748815648
agm003179954,32.24177258983209,-5.015507050136145
agm003179975,22.526271389172127,-2.3939647715236614
agm003180014,25.134205400625525,-2.8831043035700326
agm003180047,26.603769032565175,-2.615827033556708
agm003180051,26.719202208473373,-2.2951777756335208
agm003180124,28.17209929192936,-2.9427335123170963
agm003180126,28.03913862561852,-2.946563399760119
agm003180140,28.151910316776824,-2.941373570553852
agm003180241,26.470405217652363,-2.38730705212464
agm003180245,26.201171984074268,-2.366105702354181
agm003180248,13.129291314698214,-8.98558851656989
agm003180281,15.16054862561373,-9.012170254709318
agm003180309,21.705748534708057,-7.165606072504105
agm003180359,30.256843257422304,-2.7748408058965817
agm003180380,17.373422103266133,-2.6097133480361934
agm003180557,22.357146659325977,-5.4459243933094
agm003180692,25.78474586338884,-5.532875575216955
agm003181059,12.48120871450728,-5.515487061282553
agm003181167,17.957489007743764,-9.932032422993965
agm003181296,14.304784498582809,-8.582113382951926
agm003181599,40.825968366188384,-2.4923631460724898
agm003181613,36.58941348969888,-3.195810207204199
agm003181636,32.57732548734809,-3.2904687862758255
agm003181930,19.522430556926825,-6.707408492612542
agm003182104,30.667488895101904,-4.534375860986361
agm003182107,31.23306910967124,-4.523308379276343
agm003182213,16.615742152722223,-1.63775686759403
agm003182222,17.45272188476378,-1.8045834252550126
agm003182302,11.786399926826995,-3.7817223493445136
agm003182306,11.626946379917886,-3.7914013966466626
agm003182397,22.774126886127235,-2.686418631962153
agm003182529,26.253696393374682,-5.3440523524117385
agm003182615,22.6444150952332,-3.929545600516271
agm003182756,28.911391549309315,-2.8409263583407647
agm003182983,21.89367425887517,-2.91747355440487
agm003182998,20.664128544863612,-5.108122163556524
agm003183030,13.933063506199792,-7.716500426114215
agm003183150,15.836156232235105,-11.595867585854274
agm003183192,14.126097850787682,-8.777133204696142
agm003183228,14.991675917700613,-10.121901605149564
agm003183279,15.346909812501469,-9.686526240686474
agm003183311,16.161573191175364,-11.65713574426691
agm003183358,14.236609015935949,-8.974724814737169
agm003183390,15.771512435974772,-11.746765719312558
agm003183866,14.406140247939952,-6.038222535629988
agm003183914,21.95687663296358,-7.001753881415235
agm003184171,20.929953205410374,-7.610701133578407
agm003184408,17.021882786943102,-6.219583313864372
agm003184546,25.18805561510556,-5.556704236967849
agm003184600,25.47695939358155,-7.428200205391238
agm003184947,12.854183489597293,-8.437587689089076
agm003184991,23.63844184391374,-4.42035839626377
agm003185010,14.93275214861054,-6.720802078449629
agm003185204,30.05232555449747,-4.688033402715441
agm003185206,28.42149165692561,-4.652010153656189
agm003185317,28.76610568873722,-2.9498899883766567
agm003185648,20.608094222199725,-5.71782096707179
agm003185701,11.686721351927066,-7.80992129752388
agm003185790,27.20127649932634,-8.301806239097477
agm003185999,18.04089476275415,-3.1951032749068644
agm003186043,22.860092990900995,-6.135591618359821
agm003186082,15.751788603669311,-5.576028178847871
agm003186083,14.20401333180998,-9.114525558919444
agm003186089,14.365436545632994,-8.98210644926451
agm003186093,32.86460862326424,-5.545187141091047
agm003186129,15.404684512716388,-7.7833733781068934
agm003186144,18.62243356802122,-2.5705112983741816
agm003186193,14.122232832885533,-5.7005823381506024
agm003186221,18.03045263960584,-7.430169944035383
agm003186236,29.461056999324487,-3.226467333867889
agm003186250,27.11712583500711,-6.698579080188458
agm003186288,28.439031759278976,-6.293172201435396
agm003186299,18.04684952829128,-2.750217153073605
agm003186361,28.872309605171655,-2.2290036986694006
agm003186370,19.673841975701396,-6.205493420711884
agm003186381,21.794834534550276,-2.7387402282326456
agm003186403,18.127378504168004,-3.2341072147364796
agm003186415,22.23817543944204,-5.2065366346036495
agm003186426,28.361500763626623,-6.262865310629415
agm003186451,15.470562226820876,-3.9936960851756718
agm003186487,19.984281197160087,-2.4818046493917736
agm003186529,15.160898994139092,-7.886551601380813
agm003186542,16.26206056452347,-10.282867651550127
agm003186577,12.850859420816187,-2.8588839712507053
agm003186610,20.12695517100059,-6.288693574724934
agm003186622,15.181474291104124,-9.417491233330857
agm003186625,14.443639698832415,-7.02283723280299
agm003186633,14.146840854453831,-8.613936511061649
agm003186655,26.008992351490146,-6.946566627196696
agm003186661,14.75340969874138,-8.448042219411882
agm003186667,14.484081624475527,-7.502601600053165
agm003186690,29.14952861474788,-3.277031387970591
agm003186750,22.710091579426837,-4.182161035190211
agm003186761,13.933249689455668,-3.5321772133691494
agm003186868,15.238040339175793,-2.0054390091772643
agm003186925,19.21392605282109,-1.753692540139718
agm003186937,23.506566427810217,-6.20590761448295
agm003186960,23.777402998685325,-5.128862417259113
agm003186971,37.60440415983964,-3.0013913784990724
agm003187044,21.748968498101537,-6.666069211259201
agm003187063,18.65798837416661,-8.007457075581812
agm003187134,25.946293464119712,-6.13753217315805
agm003187146,14.942106878898242,-9.735110881104088
agm003187151,15.157376667765243,-9.041112859595415
agm003187167,15.73936520555992,-2.8742505391636484
agm003187249,19.76049658466385,-6.512510603487234
agm003187285,22.616755494854637,-4.382163047564933
agm003187329,23.261697215253495,-4.854075232342891
agm003187349,27.476273836644996,-5.382053378068486
agm003187409,10.508075729374555,-6.948914079911916
agm003187415,22.841691812310007,-4.201052846750921
agm003187508,8.01855716288669,-7.941378414737619
agm003187607,17.332016102589307,-2.7250343204992404
agm003187685,35.12787755568503,-4.366670672354854
agm003187703,22.557930644748502,-2.3630097139389274
agm003187707,21.95990961944618,-5.110407867776572
agm003187719,25.26368026618748,-4.083204987192846
agm003187763,11.411428870279666,-8.783923638783149
agm003187937,18.463416326891725,-5.734013326279912
agm003187961,29.960715091748146,-3.719705931819896
agm003187982,9.540667663061438,-4.372908085376345
agm003187998,28.019714573397575,-3.0046822372773874
agm003188094,28.83814456591382,-2.421199673167173
agm003188136,14.821320340951052,-6.090193109110693
agm003188364,19.771479210092973,-4.705758774817365
agm003188532,13.92074493031553,-8.749652477922124
agm003188638,24.39167738654448,-4.410462911167793
agm003188655,26.783952403293856,-3.459982324181442
agm003188656,22.797421129218222,-1.8196470168539076
agm003188679,24.38647908131529,-2.3769506316391036
agm003188762,27.618722170163572,-2.578683859970279
agm003188770,11.401958171446298,-10.073989344304984
agm003188791,21.841763827724854,-6.036417264371114
agm003188803,22.152527207667084,-5.731389087013504
agm003188821,11.755916655368116,-7.522687505939476
agm003188879,20.90475366356658,-2.562752233030702
agm003188976,28.987604234572252,-4.377951048122226
agm003188992,28.169486908927095,-4.357199840975139
agm003189015,18.916625506729517,-6.008498993022372
agm003189019,35.37698924588814,-2.7388459248947075
agm003189069,14.567823155395597,-7.11767650943912
agm003189146,27.947483360329798,-3.2303037745077994
agm003189291,21.831484988358543,-3.161274233583854
agm003189302,27.979624873263848,-8.297670537408168
agm003189312,21.35793530567761,-11.381708434165338
agm003189319,20.741580951880536,-11.879097308808007
agm003189449,21.162582417095322,-3.069427198584211
agm003189489,26.06406893520207,-3.984125754474074
agm003189501,24.188224714114593,-3.8779325903304533
agm003189576,27.91531573084504,-1.8190085035101677
agm003189628,20.761529176034212,-3.0473847678931176
agm003189697,20.082968710470436,-1.3302155170667698
agm003189708,19.75515339528838,-6.307713934115692
agm003189742,13.93481400259974,-6.0582774412476414
agm003189747,32.13297451254079,-3.905603434524505
agm003189762,14.80353619436355,-6.117663208172432
agm003189921,20.873883391858744,-1.4147502534914815
agm003189933,12.397359113664612,-3.446611594463265
agm003190060,24.539821603195783,-3.7997435802206874
agm003190061,12.464931656836693,-4.786046186154861
agm003190064,12.40833340751887,-4.7694078563882005
agm003190091,14.550262164801149,-10.9946419711517
agm003190095,24.146962844935793,-6.546812865587881
agm003190251,14.696494510251405,-7.647551152223133
agm003190252,14.740393790012991,-7.644014978979921
agm003190277,22.78419422760832,-3.800398143363041
agm003190281,17.302564188006993,-5.414495887704534
agm003190294,36.12315218809825,-3.0740963897972655
agm003190330,16.44193551843104,-2.090583489616522
agm003190355,15.65950955133705,-8.456113641683118
agm003190401,57.184499131609165,-1.9067051243761173
agm003190466,12.329886400104098,-10.091046881734586
agm003190541,22.983550960252202,-5.097621233562924
agm003190600,13.4287884865726,-9.350129589562066
agm003190656,26.702630955328562,-1.5186048748476926
agm003190732,14.46745865271016,-9.435023236259038
agm003190794,16.138426921109367,-12.434797733944594
agm003190817,15.044604184491774,-8.615675899598394
agm003190867,20.4463023506013,-7.422336921731022
agm003190888,17.203800559051505,-11.75705677499656
agm003190901,18.266217515578887,-2.627989590810676
agm003190935,17.044360844840707,-2.9563966370732997
agm003190944,17.95959431094637,-2.9155705983095093
agm003191014,21.26596285860231,-4.389009689139725
agm003191027,30.709059404186245,-2.7683267773062696
agm003191060,29.569498324535672,-4.249620503175311
agm003191063,17.17390799066184,-4.716681135340874
agm003191082,29.392168537116458,-3.3473843632620146
agm003191115,18.16855658996166,-1.9887395728101793
agm003191117,18.124552582531052,-5.713957951343204
agm003191142,24.555278509459047,-3.239931239477102
agm003191178,22.408165005864976,-5.5260991049526185
agm003191196,20.79168986083084,-6.284474286567265
agm003191247,27.58703030816448,-2.9812155816755563
agm003191253,28.63333014692212,-6.549425344161599
agm003191273,18.823177067633623,-6.428718792751079
agm003191304,25.69746546914058,-4.171744506310219
agm003191305,27.48831880868544,-2.749852125304476
agm003191320,19.636634695703552,-2.216207640975079
agm003191373,23.568611477746504,-3.3952661770016532
agm003191397,29.392496710465103,-4.477396920524616
agm003191408,25.25468551270535,-2.612915837544681
agm003191429,15.432931346632722,-3.3507349947893568
agm003191463,53.03909980824712,-1.7974358457937516
agm003191487,38.84598383656061,-2.2413408669679913
agm003191492,42.24350936100245,-1.8137007951260258
agm003191506,20.511504269730047,-4.41098206071646
agm003191524,46.29017391444559,-1.6689420395143153
agm003191584,37.880857494432256,-1.7841850651317572
agm003191590,33.64030544658981,-3.319138503617822
agm003191626,10.083749357785258,-5.078201623152404
agm003191702,38.29790738390718,-1.818358623325935
agm003191726,24.325262772027674,-3.3112243778659565
agm003191737,29.056612933991882,-3.3552572317404348
agm003191827,31.890034997192238,-1.754535391193512
agm003191873,21.412452415235123,-1.2561464200733927
agm003191913,23.383190093859994,-6.283021437790619
agm003191983,27.515133831829303,-5.192284722326755
agm003192021,25.932744963018965,-4.010817456495528
agm003192082,11.31707600006322,-8.058819975917327
agm003192087,13.783488059926603,-9.681068897644792
agm003192128,13.080673153033485,-3.939332937494263
agm003192150,12.691643356834431,-5.097864108928205
agm003192155,18.981700047936247,-4.391153391229535
agm003192156,21.03982430678568,-6.047631802818552
agm003192169,14.886127293575491,-5.743625662105449
agm003192251,29.12100622203036,-1.9428133784883754
agm003192263,29.124844238866142,-3.6114290047995676
agm003192264,31.09481263181033,-4.01985928959471
agm003192293,19.8745990904086,-3.011995308183537
agm003192310,30.44570060236711,-2.514284973261984
agm003192324,30.85883687896774,-2.2862278920887342
agm003192330,33.90201076605387,-1.982569256019437
agm003192338,31.526772367461014,-1.5922917356711508
agm003192359,28.090336107095393,-3.6255965662510277
agm003192510,13.562697891874304,-8.20525873312695
agm003192524,14.787251751358017,-8.75386358197899
agm003192575,15.139957391901365,-10.765061383246767
agm003192631,30.027812155163446,-5.961607751315685
agm003192697,13.668967180790519,-7.589112358045575
agm003192698,28.825842690305073,-3.5156358445342297
agm003192743,25.722765972478282,-2.354923176147314
agm003192777,13.779924164204612,-6.592332611392365
agm003192811,16.506682879502353,-12.266194539245173
agm003192849,21.47793417149406,-6.680844949880985
agm003192889,30.904085266701887,-3.143416440023416
agm003192891,30.879094021657945,-3.1353621625256656
agm003192966,19.245900908579898,-8.248234599996481
agm003192975,13.284341236228657,-6.671164106466774
agm003193023,41.14490457968422,-3.0422192848557126
agm003193081,20.46975532201152,-1.7994896698602698
agm003193117,10.153990106375756,-4.93929942295714
agm003193118,21.08157133685432,-5.053717890630905
agm003193135,16.49282317211137,-6.871790408945666
agm003193151,22.946477676221704,-5.708819859355808
agm003193229,34.39531008975071,-4.367513025222909
agm003193238,17.048821929271806,-7.165235391122448
agm003193278,21.472503033026065,-1.4519759223272302
agm003193321,19.53591438092743,-3.4063046134070554
agm003193376,26.050305461413483,-1.7027407571634843
agm003193407,28.729363303831917,-2.5440730244042276
agm003193456,12.011302779851688,-6.93070819990955
agm003193514,11.156895782696035,-5.090228125643399
agm003193517,13.86894194810454,-6.659852048314359
agm003193582,29.388212113878904,-2.330349633645262
agm003193725,17.207563429719436,-11.592537199246626
agm003193736,13.06444180603403,-6.677880013741675
agm003193789,15.99680964869503,-12.820981831534642
agm003193820,30.713155316634232,-6.387946873930503
agm003193881,17.88028926543355,-4.284098227195874
agm003193956,10.50339067788155,-8.404730052772154
agm003194017,10.708997687199162,-8.678441232011213
agm003194087,27.990284345701735,-3.0740123385855185
agm003194151,22.521345188208006,-5.764036637620786
agm003194162,15.847430694129363,-7.845085994319679
agm003194164,21.323227854927964,-5.41977695180749
agm003194190,9.477843184290009,-7.743964677488695
agm003194196,16.245489909479666,-3.63349481571922
agm003194235,28.609357420132017,-3.2499346122433224
agm003194237,30.467523214422137,-3.8870444536176394
agm003194254,18.789777415212534,-5.299197625897677
agm003194284,13.271716711666244,-6.974349132957608
agm003194330,19.387402859827667,-5.045865317647648
agm003194355,13.867762824670638,-5.175407944139235
agm003194360,11.812284963900305,-7.006238381422659
agm003194416,15.79429953686225,-6.272009556660166
agm003194445,19.227210296260434,-7.765865376286465
agm003194459,15.815881820946908,-7.526617412536052
agm003194474,29.562892655370632,-3.751069901035612
agm003194475,34.395070673819816,-3.976192723427073
agm003194490,20.378348922487874,-7.837942192312065
agm003194502,18.520789926709345,-4.941807556399073
agm003194527,20.91529512301684,-9.314161102889212
agm003194528,14.204092769772917,-7.389843537720809
agm003194533,19.71591895948526,-7.428160871862642
agm003194541,15.26042093310528,-7.699208345205148
agm003194574,17.62636357999743,-7.096848641923013
agm003194577,17.564259763703642,-8.918907204082617
agm003194618,16.954392196273606,-8.31095449802824
agm003194629,23.508101430556884,-4.601046035690468
agm003194643,15.101800297266678,-10.311449748396388
agm003194648,18.1139626765004,-4.489826640523964
agm003194659,14.687145909584094,-6.759217199956422
agm003194703,25.918766782433842,-5.493601286491921
agm003194719,15.747692049637948,-7.384330536458552
agm003194728,17.827353479779653,-7.056851165357817
agm003194736,15.436841617879756,-7.378688769005324
agm003194761,21.345301680978032,-4.881890787954214
agm003194802,20.783780888961722,-4.294722134005989
agm003194803,19.350170144491674,-4.492834512767844
agm003194805,19.17872265950154,-9.74227642749492
agm003194823,16.848785847386786,-8.237143562982139
agm003194838,19.35328456774123,-2.268473396197902
agm003194908,17.354959233730412,-3.465255220647122
agm003194910,21.363817608798673,-5.1377557679918135
agm003194911,19.59267592054544,-4.516912543768482
agm003194932,13.969892281234968,-7.230592859960429
agm003194937,16.222195780582556,-3.438904348256238
agm003195041,30.07530786784501,-3.3038873560823334
agm003195043,30.33186642745929,-2.7966931050525434
agm003195096,14.49180428212039,-7.104110805101587
agm003195112,16.528695438904506,-12.815032912937024
agm003195120,28.020384793158552,-2.3763083642466083
agm003195185,6.699483134705534,-5.41813676587816
agm003195189,12.263012316968643,-10.24173413733689
agm003195191,33.35581264528597,-2.293298433825355
agm003195229,19.086269373661086,-4.648137401388152
agm003195244,13.989350349157831,-6.83271695770594
agm003195255,16.643567424965457,-6.428361483728502
agm003195263,15.93067203989382,-4.382790519782103
agm003195272,18.972974309337655,-6.687263858986557
agm003195341,26.125794765093943,-4.734527436221864
agm003195374,20.371341980191854,-4.55617913367263
agm003195429,13.962078200876194,-8.077853039050796
agm003195474,47.66869000087527,-1.4711374659207308
agm003195486,16.495587348649053,-7.906410454697405
agm003195518,18.655320085262787,-3.474479453248452
agm003195543,24.188878075059506,-6.808102333546489
agm003195550,15.352340491855289,-5.974919852098178
agm003195569,12.839822755061869,-4.144024193206521
agm003195581,11.788822157712971,-7.770515322747322
agm003195639,24.074320072665177,-5.651422272969364
agm003195757,32.37772056812852,-3.775044362623877
agm003195785,21.858449965942714,-6.915523249548909
agm003195806,12.695517438177037,-4.161774362815643
agm003195808,24.397909644832236,-6.124848096007386
agm003195854,16.92115187793998,-5.802035098134144
agm003195889,12.799594016087537,-6.007509039211549
agm003195924,21.5917163495419,-2.798578498242516
agm003195936,9.956417755593382,-5.381637971160839
agm003196134,26.45811738579083,-7.203192307536931
agm003196270,53.60675019993244,-1.8599794086611066
agm003196287,10.564017625077145,-4.008968433323077
agm003196564,26.049539020707666,-0.4658131790715732
agm003196574,24.18239852984486,-0.6684556018953905
agm003196640,20.83157151384415,-1.6980717352170858
agm003196750,22.05709485858118,-2.226404140462843
agm003196919,13.233449685453728,-7.214647259556885
agm003197214,17.74950652942513,-3.9713642996437586
agm003197258,22.550580959149325,-5.376160712547265
agm003197431,29.658863691609657,-2.545882267526739
agm003197533,29.60349564541396,-3.2077574307969656
agm003197750,33.337724204817185,-2.1980792054730904
agm003197776,32.98966259606548,-3.848436449381668
agm003197988,24.311989683107473,-1.9475716023597613
agm003197995,30.07908145672808,-3.355742103176133
agm003198025,23.731344211919772,-3.668968476708877
agm003198086,19.93142160894104,-1.562543751695442
agm003198314,11.571513727119454,-5.993155735653123
agm003198417,14.960521784677598,-11.771395568228222
agm003198487,31.45663433293006,-3.25311134970577
agm003198546,14.768285849661309,-9.113273899202154
agm003198641,14.47461759607616,-9.932109328488394
agm003198798,15.978589138206216,-12.497171666405224
agm003199236,18.677304430624794,-5.1815677901710195
agm003199318,14.092220361403305,-7.779311758635916
agm003199356,20.550907142044927,-5.497654444943013
agm003199428,14.333369257092064,-4.5910278056204925
agm003199459,11.053702226101533,-5.042655539284813
agm003199596,14.320963204941997,-6.079894278922584
agm003199601,13.073018873336894,-6.246519917145871
agm003199672,12.755600993664304,-10.40795218535016
agm003199763,12.538084476894662,-9.788078494382773
agm003199829,17.28052110820521,-7.7521246693344095
agm003199971,18.135526495932954,-10.654417690285062
agm003199986,16.984975616762384,-3.620000977198132
agm003200017,45.699090844429556,-1.7835933447551806
agm003200166,25.2284940518649,-3.0408424848796223
agm003200199,21.845871350449713,-6.703981800556071
agm003200254,23.870696543051263,-3.227680073970555
agm003200311,16.77285530913787,-7.702576297816489
agm003200349,27.518354466079355,-4.166626258526105
agm003200391,36.40280768899642,-3.2286641162393743
agm003200407,7.711000911140403,-8.110009726909198
agm003200457,27.607660186200636,-4.1370435953307805
agm003200486,20.889315504203548,-3.3068423052872027
agm003200491,25.894415708493693,-4.463814416640925
agm003200528,13.913776439117719,-6.621071157053563
agm003200530,15.185369776246782,-10.3014259285945
agm003200763,29.232018627863525,-3.9797075478478887
agm003200790,10.49126830073377,-7.1027132450542
agm003200870,31.3839237164225,-2.8060264224341327
agm003200900,23.133182670789726,-3.4947629800410738
agm003200912,22.257447175760916,-3.4831884262787565
agm003200982,17.769267639061855,-1.6882373719447497
agm003200995,14.107632969510002,-9.175622109945463
agm003201024,17.351165696021187,-11.651293614190891
agm003201026,13.758958127090501,-5.088300867268154
agm003201030,16.057895751124157,-11.908467771634411
agm003201085,15.981619354835908,-2.0213064785695583
agm003201120,12.12300424591074,-9.483125287338966
agm003201129,27.846223884589254,-3.0222789156311785
agm003201191,34.53891241087672,-2.4208917494296442
agm003201203,21.957376338848814,-6.315149528003617
agm003201206,21.687920025942898,-4.586812451772083
agm003201221,14.32391587860677,-5.964484748434926
agm003201277,13.4313501460049,-5.945358073952296
agm003201419,20.83028419832252,-7.139052147208292
agm003201431,19.67336274946504,-10.40897035094419
agm003201441,24.889001567264376,-4.835642745834321
agm003201443,20.838106244542022,-4.66219685222936
agm003201447,16.260596590460228,-7.589171293296641
agm003201489,11.74264756599161,-7.541308310494613
agm003201510,18.62277292100504,-6.598999222455703
agm003201602,12.106029887407702,-6.831848129021623
agm003201613,19.004402689299326,-7.1248507457609485
agm003201674,28.02204460144436,-6.462064093065006
agm003201696,28.026158650563534,-2.5132912784034525
agm003201709,20.46076277723437,-5.287744084364394
agm003201765,18.42823791503003,-12.136785490332334
agm003201812,12.751139916466913,-9.333285373076244
agm003201835,15.583229885573282,-5.416841317113978
agm003201867,22.49661308795963,-6.791483601789092
agm003201885,35.11314542603298,-3.330528151313762
agm003201888,27.20553948422807,-6.641643268725125
agm003201903,39.4378038905251,-3.256428011966952
agm003201928,25.894588981398204,-3.9901969943863906
agm003201935,13.041694463068835,-9.380559495504949
agm003202000,17.94806804900945,-8.255513106662658
agm003202045,15.145806346592245,-10.126465614794656
agm003202067,10.609993513387847,-5.120876585338323
agm003202102,17.7050156578785,-4.368107067456212
agm003202114,8.967465984493074,-4.770154692579454
agm003202136,9.997287508466345,-6.518028725168797
agm003202143,10.107825427121663,-6.753614382371286
agm003202173,25.83756436991952,-5.400968900714244
agm003202177,17.05819628066657,-6.350121643582057
agm003202211,19.49731644934988,-2.9351540881187748
agm003202215,13.49703489281959,-6.137420634424639
agm003202226,60.32830796338606,-1.6331874201194472
agm003202245,13.257610882339305,-8.109242380374218
agm003202270,16.660291992537424,-8.503037701289129
agm003202293,14.422821306509244,-9.041250749294727
agm003202310,21.123270475951774,-2.906266551973628
agm003202337,12.740258888747656,-6.6373932853485895
agm003202338,13.4019089125697,-6.25536232286057
agm003202416,14.811445834480047,-3.763627435570589
agm003202472,14.676729984755907,-4.726116036613772
agm003202527,24.064463883071046,-3.886661013537475
agm003202528,21.37098164321003,-8.805694951337236
agm003202558,15.136496574373396,-5.370054697300252
agm003202659,10.776790695973574,-7.056637087972926
agm003202670,10.564777166057537,-6.962529114441928
agm003202684,10.84069319682054,-7.048466367043841
agm003202686,13.812996964187734,-7.342967623334616
agm003202705,14.932055449268232,-4.390733488923756
agm003202728,24.143451439073782,-6.254535290319371
agm003202774,25.209138012492208,-2.383409652398035
agm003202797,13.64354102829452,-6.136843489231798
agm003202838,15.478229353001916,-10.765680003813195
agm003202880,9.307064731823653,-7.423935033280325
agm003202883,31.69744615843162,-2.9720756793362564
agm003202914,19.556187962595306,-4.3052660199879105
agm003202973,15.954157596149342,-4.189328384075037
agm003202976,18.875686662716376,-5.264475420163849
agm003202979,17.555662417233798,-6.258328774974083
agm003202988,10.679513793889619,-8.758063295311336
agm003203037,14.747612618471551,-7.833683745531649
agm003203060,23.947416335841044,-7.092609316032814
agm003203075,31.118353685013503,-1.9237120455598304
agm003203141,14.58525452104089,-10.260491124081874
agm003203167,18.69867417696977,-11.1708278170562
agm003203198,27.727541896637927,-1.9528678910946777
agm003203260,11.971631189344466,-9.614989107810809
agm003203268,16.731690994810748,-3.6037190880090866
agm003203289,18.042792558001537,-2.9278567917464566
agm003203296,18.116852596852976,-3.215074860282401
agm003203314,20.262101203609777,-1.5908543708590839
agm003203333,33.90606551395094,-4.657353815332261
agm003203401,15.094353562907138,-5.122437899564038
agm003203422,14.063760153912227,-3.8581988261985054
agm003203453,37.71473093315109,-2.7771163296947488
agm003203459,17.661441786410823,-3.005012361070921
agm003203517,15.05185688967907,-6.2154467343711906
agm003203535,16.36417990944982,-6.802279112981533
agm003203545,37.65200857984915,-4.417250393483886
agm003203574,23.192502055379094,-0.7988103676060702
agm003203609,23.466294837745448,-2.0349041299620376
agm003203667,13.58266503905132,-10.68304487045184
agm003203692,11.44453415415182,-4.63943648695554
agm003203763,18.477601042633026,-1.82519744708649
agm003203775,28.738592963141482,-1.0043376510185602
agm003203782,29.068550105126032,-0.6554940800292145
agm003203783,28.48637781629914,-0.6526760228331139
agm003203826,14.340017214357252,-9.01387477520901
agm003203869,20.442168202467887,-1.8414681194207203
agm003203881,22.248794145293143,-1.669940765847863
agm003203915,24.422930606448137,-5.528693244234529
agm003203933,29.172371139623806,-2.2370844697634644
agm003203947,13.509261185600765,-9.24891432475423
agm003203958,14.417237224278557,-8.085741814089818
agm003203970,16.224606207176276,-11.099191250902974
agm003203978,15.986872733653192,-11.558525167177294
agm003203981,15.95370706754237,-11.202930317920377
agm003203987,11.712724676513842,-5.8632283287620846
agm003204024,14.541949257092538,-11.695631004663861
agm003204034,14.253760946965137,-9.90270662963403
agm003204049,13.967156706272116,-9.608907807146165
agm003204057,14.474028400033404,-10.702242550397179
agm003204073,31.1975060998419,-2.8109358986588973
agm003204088,14.169957721675196,-8.731877215790387
agm003204097,14.672367222113431,-10.873560012633064
agm003204105,14.635308946720398,-11.431025086993175
agm003204116,14.887866425126973,-11.750556907514051
agm003204139,14.245966595448174,-7.906392860676003
agm003204152,14.323684221396507,-10.05296501564378
agm003204179,25.819295451526912,-6.336680179829642
agm003204288,17.04485144718115,-10.454659812424497
agm003204325,10.177327005657537,-3.326241893179811
agm003204333,22.60194932427768,-3.5524687653762768
agm003204349,19.298052987451346,-5.128670852473915
agm003204377,21.1881296836453,-5.428094573536364
agm003204393,9.402433721446497,-6.434216521008781
agm003204411,29.920982417779214,-1.886399647204849
agm003204440,14.295352416555824,-9.486345190804274
agm003204447,13.766801165325719,-5.198357249472084
agm003204457,18.616100946541092,-8.288130006073018
agm003204461,12.180401994095995,-9.883528907736444
agm003204464,12.594761175832742,-9.27242547383166
agm003204504,18.664372326297467,-6.745938136676206
agm003204574,21.08772183893291,-1.8706566163106597
agm003269273,14.934582132628973,-8.335211300677244
agm003269282,16.896923227156744,-7.688221083038758
agm003269292,15.634854372635349,-6.180526211176531
agm003269558,10.664521025289764,-7.955935363822572
agm003269567,16.801738614062927,-10.048212832095839
agm003269779,20.67077763171675,-5.305752393887122
agm003269933,19.031292682378915,-6.899423506248348
agm003270005,23.63973435562061,-5.3182358875707125
agm003270328,16.00915924806228,-5.51624162731932
agm003270449,27.27586856110111,-4.637289374862811
agm003272036,25.792303971959644,-3.0601660900732264
agm003272431,18.00023758627153,-7.4283082289364755
agm003272914,24.58574800023712,-3.149199189949925
agm003273177,36.396859923592906,-4.252153952008254
agm003273366,23.03325404765067,-2.681471555168858
agm003273558,18.377556653518212,-8.167074865046445
agm003273559,14.436499377350003,-10.982976675987869
agm003273566,15.999641355388356,-11.558602832712253
agm003273952,21.837067422410204,-4.002009166173046
agm003274055,10.841058452913584,-7.369130809105677
agm003274165,12.302036347592558,-6.0715889958762315
agm003274200,13.524696969268522,-5.849558018220209
agm003277909,21.278640442097252,-6.253679391181124
agm003277918,20.17170451718812,-8.366811720547265
agm003278376,21.434521074943845,-5.511872728541947
agm003278510,16.295942448404876,-3.322997163896939
agm003283080,14.910627669683832,-7.827686968955985
agm003283089,11.398508162674709,-7.656306148299731
agm003283187,23.767299349282684,-4.763443059167042
agm003283350,31.26098806417652,-3.259385815977476
agm003283364,15.552769777636177,-8.696115727400501
agm003283530,17.272960156751665,-2.5395794571872137
agm003283565,17.968633451276734,-2.21652467806085
agm003283567,17.648546330394726,-2.175793214064229
agm003283572,19.425976064325518,-2.292526558304556
agm003284120,46.46310930503934,-3.7615382102884003
agm003285094,39.88595745902253,-4.560668755165898
agm003285335,25.412730889483456,-2.521478017405724
agm003285387,13.319146733223485,-8.259026850633786
agm003286800,28.797977106713113,-4.003166416192862
agm003286817,29.731241446163345,-3.508969801567114
agm003286854,36.26976825520775,-4.852061329932667
agm003286876,32.96146379130177,-4.650752457246265
agm003286877,33.532555918432664,-4.676062273474654
agm003286891,32.61098964262497,-4.647442322516494
agm003286894,32.64664622192247,-4.651063463575536
agm003286964,16.49505449674911,-2.643252215268694
agm003286976,103.99180139639623,-0.8892941536757639
agm003287023,34.39862648015701,-4.763344773390731
agm003287293,14.570687733938106,-6.110420876968929
agm003287798,22.25491470527454,-5.606122937010868
agm003288006,19.098298708153923,-7.405923120235167
agm003288066,17.041177582747636,-4.35349657284516
agm003293639,15.868394640181986,-7.03400766187602
agm003293742,34.212067210427584,-6.160298551512779
agm003293743,33.049238628889796,-6.055563638176144
agm003293826,21.625573200538224,-10.14208397412759
agm003293905,28.148675468869975,-4.999172186096045
agm003293960,16.222151581010944,-10.467224873984815
agm003294113,12.606882999002746,-9.167289003652444
agm003294514,16.332117705658177,-1.8143861137448392
agm003294539,28.096407006430166,-5.046359998213636
agm003294563,29.985840638508375,-2.476262632517311
agm003294671,31.911697125745718,-4.622158183956267
agm003294685,32.749126530708345,-4.657752639822442
agm003294693,31.633141533273413,-4.58675735664817
agm003294694,31.804678065998775,-4.604431120495024
agm003294957,28.16249898576186,-6.677614284278093
agm003295035,27.006513445290683,-4.862052260336715
agm003295190,25.653817769477442,-6.170514617044836
agm003295228,22.407960828355712,-6.414148607215395
agm003295647,16.48476147359806,-8.045730395688517
agm003295735,11.905364862260265,-7.259208554080094
agm003295855,46.48365640103279,-2.226894682110451
agm003295966,31.942058021149663,-6.396303907707268
agm003296157,26.50547820826874,-2.243743524828143
agm003297347,16.824138756760235,-3.584398456313855
agm003297458,31.452623224161464,-3.4379048992638337
agm003297666,35.119127188054776,-4.717944761929983
agm003297787,44.54684370369633,-3.669576932423184
agm003297822,44.48917472917574,-2.9827109108127936
agm003297826,52.487141949861595,-3.120201292771744
agm003297876,30.616819020971935,-5.513567724817672
agm003298008,24.20918437417184,-5.377294769652565
agm003298156,33.48118080595902,-5.236930845995184
agm003298282,31.269426017430277,-7.109808830514129
agm003298293,27.081384303143636,-5.8875705311577535
agm003298298,27.86929928035998,-4.657570657368218
agm003298407,24.175742773818932,-2.1936309723102028
agm003298440,31.56117008925125,-0.9804966020273763
agm003298585,32.79098057203667,-6.156811259125358
agm003298719,31.21478207166527,-7.202494690270478
agm003298784,41.07751020644394,-2.4477871267591245
agm003298924,22.84922298676493,-1.7715816078183713
agm003298929,42.76748170698618,-1.3954385238520397
agm003298971,31.65844691032701,-0.5951872812408439
agm003299062,29.965710114104365,-3.8802110426581002
agm003299063,31.427994625709474,-3.958102698740498
agm003299128,38.835163543586,-2.164778081481757
agm003299160,11.763690674492672,-7.8984086444908685
agm003299310,37.89123781680161,-2.2127697683424548
agm003386930,40.76090443532487,-3.9283737082619354
agm003387149,31.745706540137927,-5.660194192595179
agm003387266,32.39971805842502,-5.717026173838812
agm003387325,24.153318826367222,-4.5383176816071495
agm003387545,29.22509170490245,-4.356329744521753
agm003387821,19.116301714170735,-2.363097875394255
agm003387971,16.904894868638838,-4.665993754360244
agm003388465,21.505890749552538,-3.0487676942438062
agm003388466,20.58044997259606,-3.016756839850076
agm003388799,19.707852119188725,-3.6096730871087095
agm003388923,29.361798266055093,-2.320332091921719
agm003389113,31.56948851200351,-4.078325604466244
agm003389435,31.8604756814829,-4.411102980657352
agm003389460,30.214697444384495,-4.296838261651089
agm003389473,29.713688052374966,-4.277977212702315
agm003389518,28.86795098879798,-4.231769111509676
agm003389540,22.090893211603312,-7.263555602634144
agm003389908,17.646501953494745,-7.873179566530945
agm003390159,20.720781523414594,-4.660593607811397
agm003390209,14.558393622803768,-6.946449932814879
agm003390212,17.234041003760915,-8.722474469584226
agm003391113,22.610650919027698,-9.109595051112143
agm003392121,25.804408691393753,-2.3232132721442005
agm003392880,30.0265936205679,-4.269530147629193
agm003394102,18.578088003820863,-4.6765295506356015
agm003394650,16.552409644763138,-6.380519344590634
agm003395781,16.4970892728111,-8.57888643212181
agm003395811,21.67972848198898,-4.718120578568048
agm003395941,22.38184369231138,-3.8620233418828414
agm003396172,22.079371901720066,-4.710239069370745
agm003396353,22.911599862608384,-5.1694860632926405
agm003396488,18.226903316828377,-4.66977423923155
agm003396549,18.963476390018947,-6.286440151047115
agm003397256,22.805785094189822,-2.1865547038368405
agm003397369,36.96932268762232,-3.4470406469826487
agm003398650,22.039487847219366,-2.9198597911290824
agm003398670,33.31564736360952,-2.169420442277306
agm003398671,19.248639444695534,-3.634616277281741
agm003398688,18.932706986831196,-4.333713684485625
agm003399082,30.369536238147088,-3.8992987110000628
agm003399587,27.208903652472877,-3.0442023501968576
agm003399677,22.42783531275395,-3.5213020102253916
agm003399847,35.63135835157057,-3.6343568506587096
agm003399934,43.98591889217363,-2.5223444114659843
agm003400728,14.422433095958752,-4.319936562526026
agm003401019,21.190439398952652,-7.2996400032232245
agm003404793,23.88692372137623,-3.758730520734737
agm003404824,23.907666586030167,-4.786474143908167
agm003406540,38.512519168103395,-3.6810088401291963
agm003407117,35.872668426841045,-4.32181015422667
agm003407177,23.587093355367294,-7.2801499928833096
agm003407196,37.076584520949716,-4.574621279975576
agm003407271,33.68391693112915,-1.5978536196448772
agm003407272,37.976085478940114,-1.674020680569266
agm003407353,20.044591149453613,-5.272700654333706
agm003407402,20.548770190905387,-7.143529371386546
agm003407453,21.773078446387238,-9.255155271389242
agm003407462,23.839211914232465,-8.543898240496365
agm003407498,22.76826396055612,-7.917129149560469
agm003409592,27.226974050565477,-4.125956132392551
agm003409647,28.22853241233761,-3.583955408688874
agm003410047,25.899791830831447,-2.4690632971151047
agm003410099,27.76612175586411,-3.8480619033678267
agm003410803,29.519172914959096,-5.865914334007379
agm003410914,30.0101766563119,-5.151231332120097
agm003411071,27.11842486413758,-3.4023033039752058
agm003411072,26.79807541594845,-3.38319008787113
agm003411073,29.616968510214218,-4.048810988803221
agm003411095,27.08420919319316,-4.022409457835571
agm003411119,27.101550429991516,-3.799662679050339
agm003411434,22.466169513509044,-6.396965998323105
agm003411435,22.92323138014881,-5.7927845669861115
agm003411518,27.153982589268477,-3.966362873026226
agm003411522,23.93947181368193,-4.367696228291592
agm003411539,21.337184961912744,-6.4624271800549735
agm003411564,22.158779822183607,-4.8761374957485035
agm003411647,22.906886440124993,-5.588376002182353
agm003411733,23.927799576690273,-5.253970332201433
agm003412041,18.270516486944235,-7.94829161894632
agm003412085,21.6965445940213,-3.940822741253143
agm003412102,20.906929589321567,-5.072379899503376
agm003412166,25.308915999390152,-1.9943507194200418
agm003412172,29.218717672997474,-2.7088993080379855
agm003412183,25.206116362294267,-2.58867096385691
agm003412275,25.219197226727093,-2.6078989135462334
agm003412325,29.354630670725,-2.7714410990579097
agm003412331,23.915774072293292,-2.973415267018554
agm003412348,24.467583764289603,-2.3836898373316764
agm003412402,23.538404265822606,-3.363244001961816
agm003412613,21.41338701921529,-3.2176231279883996
agm003412623,21.053576405066895,-3.2203892949495434
agm003412636,25.872408610730435,-4.40300071835029
agm003412657,23.285413713847237,-4.675001652759584
agm003412800,23.975138650651356,-4.270772010334262
agm003412967,25.749991894686868,-2.883144043783284
agm003413000,22.570268928725607,-4.502041709990386
agm003413004,26.38792602373076,-4.318451856844546
agm003413034,25.360377802074257,-5.004871065483697
agm003413072,18.78406418144873,-4.147042657657711
agm003413260,29.08594690828326,-2.528530958012195
agm003413272,23.631063578225664,-3.4346684066594464
agm003413372,26.37689063927111,-4.709541034194602
agm003413414,22.594773305140404,-4.930282784833568
agm003413514,26.281685962555105,-2.01562311751769
agm003413625,25.640294840868634,-3.1362750902647463
agm003413955,16.59165561497444,-10.19408939631528
agm003414109,18.315533024444395,-7.585776610810761
agm003414117,19.45744423725573,-11.668206509305222
agm003414290,20.229529714071354,-3.0528251443197223
agm003414555,23.154819549351313,-3.8912370176614703
agm003414757,22.630157500568654,-3.183313748151169
agm003414991,16.9033909445098,-11.221499550842289
agm003415039,30.058138688035985,-3.9586017946950984
agm003415115,27.19725161145655,-3.8062483725105154
agm003415724,19.754379220278437,-6.975731467814172
agm003415728,24.157582333244694,-10.667177746379272
agm003415757,31.60497621989175,-5.301443062439629
agm003415816,26.72519884000299,-3.7527986209168613
agm003415819,26.89305559690033,-3.766576429391274
agm003415880,26.565296261497835,-4.139476023913358
agm003415907,29.85553751553944,-5.1054117325464725
agm003415994,16.625110374677668,-5.879248461036592
agm003416039,18.776714964229914,-6.678187138154496
agm003416317,22.027288951896278,-5.831303066463293
agm003416401,20.97832274563473,-8.054393691588745
agm003416639,19.513583394901236,-5.244718060378115
agm003416681,28.19358979703034,-3.9052860550763513
agm003416724,26.8120685602883,-3.157604183376606
agm003416773,28.298708332246104,-3.828091553997996
agm003417082,11.190801803487325,-5.164199094095994
agm003417715,19.009613850829393,-2.5384612988893864
agm003417739,25.745264257150982,-3.2447901657271436
agm003417774,34.2168197486179,-3.151910337332477
agm003417835,29.287918260867798,-4.163321928357209
agm003417946,29.79255982496287,-4.516086892580327
agm003417997,29.141518887764065,-3.6929845280018565
agm003418103,28.36502050009835,-5.85179226769687
agm003418112,25.467590609639135,-7.442026437983368
agm003418124,26.16798191110118,-6.1523919804021014
agm003418475,32.66647769760706,-4.9925881517460935
agm003418485,33.059587655255214,-5.522871152601194
agm003418514,29.40740817508315,-5.146153317444018
agm003418654,27.798284320430266,-3.359979520885261
agm003418661,31.89555396732759,-3.389365785771149
agm003418672,25.78463803146765,-4.065162796690616
agm003418713,21.878728515797373,-3.9620318439278708
agm003418715,24.65935897390123,-4.081948742365967
agm003418877,26.07990121028122,-3.6756361801843394
agm003418896,27.820173470627733,-3.120594704996282
agm003419124,24.896685178826317,-9.730891831680209
agm003419268,29.00516877221791,-3.4856186513546894
agm003419316,26.006852495246633,-3.433940955688169
agm003419499,30.788107694174382,-5.540645321077922
agm003419500,31.747690813853623,-5.608161489976335
agm003419753,28.312365551437427,-3.7563590517226437
agm003419787,26.595657217940328,-3.840131151477936
agm003419812,28.91541352170266,-4.2443078330931625
agm003419828,26.30396725609103,-4.118297402732274
agm003419829,27.234109392850552,-4.171701744602053
agm003420075,17.5292429535319,-3.573103521703724
agm003420140,26.345177914701512,-3.0843157703402544
agm003420162,24.777776059579534,-4.0543953315360755
agm003420217,24.05963739693041,-4.436832966138752
agm003420288,23.308110697400792,-4.802546359451384
agm003420344,22.02293528296363,-5.774872358315149
agm003420386,27.666427913652942,-2.9909951323625594
agm003420389,28.51403730990489,-3.009510676191029
agm003420424,25.16617676271198,-2.8867186199215027
agm003420441,26.225738197326873,-2.946676486351839
agm003420447,26.01976080907663,-2.94156530519772
agm003420448,25.916993396328863,-2.937224555990898
agm003420553,30.080160809454316,-3.0300531955780152
agm003420777,14.745941439488837,-4.521635550563867
agm003420849,23.12780835766175,-9.768312439718606
agm003421030,23.364908267826703,-4.53908104483465
agm003421148,34.55643881068166,-2.736219777070012
agm003421173,18.44607402750869,-3.5201767450647736
agm003421460,32.71078550263865,-4.103747347716389
agm003421936,22.07915397629804,-6.542485067146096
agm003421955,22.08319349258136,-6.288908422869651
agm003422074,25.94409077290673,-4.630577130145091
agm003422083,26.207219429768,-4.66134289145904
agm003422160,31.11515596986092,-4.049784292133389
agm003422325,29.43448453111262,-3.6005956972830435
agm003422341,27.13859641135606,-3.4962754029312717
agm003422403,18.693177949555274,-3.739310404144622
agm003422744,27.517703641037816,-4.24884520820154
agm003422973,28.20914899947353,-3.802477512235903
agm003423323,24.151754486197532,-5.808816121058556
agm003423326,22.436630340158207,-5.853465085160266
agm003423530,30.818848271190365,-3.7306546231682858
agm003423532,31.426859717706964,-3.7641274724660114
agm003423556,30.548993365916328,-3.730624230780298
agm003423564,21.54619339567719,-5.948892286983728
agm003424457,27.522645584354184,-2.7166017484941047
agm003424469,24.006199126581667,-3.2655326039563772
agm003424667,32.20278676805356,-5.927773330993592
agm003425374,27.464198311103782,-3.8163346432209644
agm003429030,23.65495718168415,-5.6840500556521505
agm003429160,21.029209921701455,-6.959611485360874
agm003429178,30.04030935489845,-5.847739493926276
agm003429202,29.63492674938397,-5.79580876023368
agm003429263,27.538294923968966,-5.696823399239395
agm003429286,28.255089796893856,-5.57321648670577
agm003429318,24.524141515837485,-6.108588979713126
agm003429324,24.599527812957973,-6.001159104125279
agm003429357,22.567385578258598,-6.025453900634338
agm003429460,25.606158758799157,-9.13436705676549
agm003429491,29.754387272686234,-3.084219515182928
agm003429505,20.83903089208214,-8.333321683364957
agm003429538,18.19267613218386,-7.242020607848365
agm003429542,24.500177511376013,-6.578737414716397
agm003429545,25.756145917124897,-6.629214237747246
agm003429618,20.556322348589536,-9.347652145476806
agm003429652,30.355271554397817,-7.716181989774001
agm003429728,31.842098149816678,-4.5662476884908445
agm003429730,34.57979586190102,-4.493890987610185
agm003429741,31.12104657846828,-4.518079063271178
agm003429786,29.889786620086074,-6.757361811944033
agm003429839,28.67926605086112,-6.746631706905689
agm003429904,32.28029933668013,-5.628838151269515
agm003429935,29.461915510229293,-5.450277042583893
agm003429943,32.28399940486772,-6.491708904912861
agm003429955,29.233660072395082,-5.4453678959225025
agm003430049,31.628200731845496,-5.073109875259959
agm003430052,33.35699964655376,-5.472425711689343
agm003430154,16.895481934936864,-2.6890530690210306
agm003430159,20.27747057728779,-4.9855120651546665
agm003431080,42.10145080518539,-4.0318600750988836
agm003431683,18.721402160401844,-7.204949751430591
agm003432245,14.917089730478862,-9.029901410839928
agm003433895,16.775634171586663,-4.738222661924541
agm003433918,19.244518651075463,-7.288747339581657
agm003433924,19.223659277311786,-7.300642526806752
agm003433933,19.58801300297021,-7.271351603015815
agm003433989,21.339191664986654,-7.074184133404507
agm003434026,26.577809438413002,-3.1977157434447103
agm003434028,24.09163370947392,-3.0771358252367516
agm003434052,26.504942360461442,-3.128623127619122
agm003434093,26.652730362001435,-3.088337808850492
agm003434095,26.837821553830167,-3.0955916352181476
agm003434097,29.7736122908197,-3.0184973528455874
agm003434145,24.898652048550076,-4.236698088507834
agm003434154,20.568955218230126,-4.124133639534596
agm003434157,23.929796220717503,-3.7450967437640226
agm003434198,22.23027686911209,-3.4861733454448225
agm003434223,24.5761408335655,-3.956308633224035
agm003434228,23.206999065060245,-5.87017226407805
agm003434233,26.397881072366804,-4.249932823662384
agm003434241,24.267303577550212,-3.2427887023670325
agm003434250,25.042488797691387,-3.6842296636164114
agm003434263,24.034440411042358,-4.045425474179619
agm003434309,25.133109689713027,-4.4781266885792
agm003434331,25.927709008341107,-3.8143969899091137
agm003434348,24.2726203439683,-3.467704302977486
agm003434350,24.56332370731891,-3.484872965451492
agm003434378,24.751989757979075,-2.3606758628756177
agm003434383,22.354061814076946,-3.698787016750588
agm003434409,23.119096976530482,-3.2816329976646927
agm003434444,21.930474064155884,-3.2363886567460596
agm003434454,23.313567267764583,-3.293168620527742
agm003434455,23.918487344686227,-3.3095865948360625
agm003434457,23.846090296303327,-3.3062775676574705
agm003434495,22.573003093605013,-4.779399165941138
agm003434541,26.407634386488994,-1.6962780697110895
agm003434585,25.99407222074744,-3.6657240481807345
agm003434589,22.436648076008257,-1.7504158105037615
agm003434591,22.708076457888676,-1.8077668357322152
agm003434597,18.63610877172552,-5.94313563480497
agm003434619,22.1379973233488,-6.710365654119518
agm003434624,19.696415771970244,-6.8671029713009615
agm003434645,26.91696045828019,-4.523824226619027
agm003434695,29.195750025961086,-2.873252845039355
agm003434713,26.30914659338107,-3.083030339678015
agm003434719,26.656993510585604,-3.318659788341266
agm003434755,17.60206045811856,-6.268776442010335
agm003435647,18.777489907526903,-7.534718810347457
agm003435683,23.522906440562924,-9.413307203285175
agm003435758,16.12429039664997,-8.864706174091605
agm003435813,12.641852714085845,-6.7439071457636866
agm003435889,15.274938681473495,-10.798308936351908
agm003435922,14.783022532803004,-8.833613876273366
agm003435967,15.961931104227384,-8.494817568467742
agm003435970,14.373137397843427,-8.448069083362528
agm003435985,15.04828838933412,-10.480247005490888
agm003436005,13.606499012989312,-9.13591478359546
agm003436017,14.214253812143534,-9.961700149695643
agm003436059,14.389153394595427,-4.5706651223571635
agm003436070,19.518888450326788,-5.730648042584327
agm003436109,14.970362602118387,-4.63288471233291
agm003436117,19.542986865265416,-6.6129960144445725
agm003436160,13.065324737770494,-7.52110649412312
agm003436188,14.030118204553723,-6.439586954484272
agm003436206,23.939012270680887,-5.613806814731313
agm003436238,17.360772043787428,-7.9834823785741476
agm003436239,17.442766428163623,-7.984938681882473
agm003436293,12.778692429472954,-8.663096573850117
agm003436316,17.752628808688595,-9.277661965608694
agm003436339,18.142773800327404,-6.4525117728643515
agm003436358,22.986449017422284,-6.424306998999696
agm003436359,17.461306032682504,-9.84980867297564
agm003436363,17.787530415239576,-9.430094947115025
agm003436411,31.42169117632181,-3.205327181174859
agm003436419,27.022953807308358,-4.1029893900172505
agm003436452,20.70150116626451,-4.909169589831974
agm003436490,23.96144083004317,-4.66062788994572
agm003436510,21.566258334007156,-4.202752481583088
agm003436512,24.465490489654332,-4.425259248358002
agm003436523,27.00748557226244,-4.71315457827505
agm003436526,23.65933108332959,-3.926508767171122
agm003436534,23.545986488998892,-4.323057319124903
agm003436554,23.612786214151047,-5.424113819551543
agm003436561,20.336751902573955,-8.220872320622565
agm003436565,25.035364958651158,-4.780064210556562
agm003436600,21.534258013168042,-6.09665399566286
agm003436670,26.650279696586995,-3.731073318610728
agm003436703,20.075426556461938,-3.0989139946585382
agm003436704,26.658001027929142,-2.4319768019577923
agm003436751,19.723075588722665,-4.568271139513828
agm003436763,27.683974074398822,-3.70277542578356
agm003436787,28.51788365130436,-3.1874792414524795
agm003436795,26.009099712349627,-3.09548722349834
agm003436835,24.051893181100812,-4.027396562689362
agm003436841,25.0508405915366,-3.362137530463002
agm003436872,30.369371812076395,-1.8626911632305614
agm003436873,29.45317028536776,-1.8427142479892717
agm003436893,33.84906840256099,-1.9716232520448862
agm003436898,30.72100789046456,-3.6176332088161818
agm003436908,38.621471968931075,-1.698229676829903
agm003436947,28.44730082792483,-2.3981203931940485
agm003436966,27.776736543036986,-3.6434243091099634
agm003436982,29.627805180870215,-3.212060794726929
agm003437032,27.194088939314195,-3.7521766947469195
agm003437036,27.74090528718091,-3.7721125957541504
agm003437045,26.84812973481733,-3.460253740912115
agm003437065,21.650394300750445,-3.2657912073344657
agm003437097,18.307546171593508,-5.279555980987223
agm003437125,12.811730409285671,-4.553065806554538
agm003437136,23.895502138757653,-4.528773288122832
agm003437157,13.143216564321163,-3.6712858035025504
agm003437160,23.862507129237216,-4.155592697560629
agm003437175,22.892915145483197,-4.7328277700462005
agm003437182,14.019873819664822,-7.2932466649467855
agm003437184,19.80292215824348,-5.592444821590896
agm003437211,19.599775373742222,-4.8891319154470025
agm003437237,9.033515932636776,-5.183252019139859
agm003437278,16.071709573257237,-8.327880198752693
agm003437319,21.275279630427473,-4.595722743735453
agm003437334,23.560452566403637,-4.5604902132355125
agm003437353,21.564662843728268,-4.589652712075464
agm003437360,21.483027412929797,-4.594925136895248
agm003437375,20.137281056823117,-4.597225468147626
agm003437378,20.77374691175535,-4.577316342520615
agm003437414,15.63766140420965,-3.373842773049694
agm003437417,20.3190011010314,-5.082181288550479
agm003437474,22.956345719260355,-6.354106273162938
agm003437517,22.612234964423184,-4.3088536443184555
agm003437627,31.925394871676875,-1.8627735069707658
agm003437638,27.30379440752694,-3.679195492065794
agm003437676,23.910061820381788,-4.407126656221817
agm003437717,24.936841047613225,-4.053531632296298
agm003437730,25.72071186261312,-4.039039684346056
agm003437744,34.11418457023774,-3.949716731819636
agm003437752,23.392139975981152,-4.026935608218406
agm003437798,20.687702312343056,-4.015565654609809
agm003437834,19.349758200266,-6.464374409817985
agm003437842,11.76916850717229,-5.823517486379057
agm003437868,25.104293824823728,-2.2377573424647723
agm003437873,25.72927521299572,-4.073561364700176
agm003437884,22.69542806844378,-4.655160601186388
agm003437911,13.93093481836621,-6.944042064407387
agm003437913,39.756843122181934,-2.4230202633294757
agm003437923,18.142847605534705,-6.654083210602507
agm003437925,20.613104154417094,-4.497204914170379
agm003437927,21.34463439540889,-5.027546519506996
agm003438002,27.13444868527955,-4.377575819818922
agm003438035,27.945782994476588,-4.362040448686035
agm003438053,24.867385737386712,-2.3936841706362273
agm003438055,26.930091443069163,-3.9076732797657505
agm003438096,18.476464461828957,-4.716452485368759
agm003438120,20.171129530909333,-3.8713262819763075
agm003438152,23.764046830020813,-4.133459167096741
agm003438165,29.08289412000619,-1.8773378327527317
agm003438169,36.80007684057361,-1.776565619675413
agm003438227,30.98661419609321,-1.6147026131244395
agm003438293,30.25474320828064,-3.3411241746797256
agm003438354,25.048290762704237,-3.474691825819764
agm003438375,24.307015970531825,-3.475462893501439
agm003438377,23.07590121663163,-3.4434140591353555
agm003438416,19.707657474745456,-5.569682418548723
agm003438426,21.959872761452573,-5.061776510105173
agm003438483,18.40938509798951,-10.12499780818683
agm003438492,23.5901952449685,-4.529584069492371
agm003438510,25.633219422854935,-3.355939772524082
agm003438511,27.703054638816017,-4.3445854072465915
agm003438513,29.254024291447674,-3.6422713733729584
agm003438519,24.23213531513564,-4.6642320546958045
agm003438520,26.435547326523373,-5.20041422699774
agm003438540,20.91518482772102,-7.301079076278504
agm003438551,29.03040558440262,-3.7086225868839082
agm003438570,24.39691978815306,-4.801854444236739
agm003438577,24.69386624202738,-6.254657412246885
agm003438590,25.384740123743754,-4.677709102858113
agm003438595,22.970457455431006,-6.241466195745111
agm003438606,25.377683684589417,-5.16521359100512
agm003438613,23.805743197608138,-7.716918880687513
agm003438622,45.39961322293425,-1.7886815296894243
agm003438640,24.814992004804598,-6.360760932900029
agm003438642,14.631467913399197,-6.2597327156988785
agm003438667,27.106970564789354,-3.173615004169934
agm003438699,29.87235963775116,-1.8772898905641968
agm003438736,14.551744033012062,-8.519210323919287
agm003438759,13.619301110780413,-6.846021546643205
agm003438781,19.032220619725038,-9.393586768128024
agm003438788,43.42094724650908,-2.2688821732042515
agm003438841,26.792035613548943,-4.4644938869846715
agm003438845,24.681157067608975,-5.864665878644991
agm003438852,19.557982324713773,-5.890645353059622
agm003438873,20.43921685656548,-5.0024527351158
agm003438929,18.581915355244963,-7.83572242770052
agm003438936,24.659140922823315,-4.7157531421203585
agm003438952,16.032634015560244,-6.711128882590077
agm003438972,23.868744009294172,-3.491927641607013
agm003439001,14.389323718005995,-10.931859794464271
agm003439039,14.390497243609142,-10.605338186786101
agm003439040,16.376312446208747,-12.32250402600387
agm003439073,27.43687760129256,-3.423424870547317
agm003439087,29.151972908542277,-5.1499882898206675
agm003439175,30.32476318037131,-4.649881682402689
agm003439257,22.01167273793259,-5.312397696756734
agm003439279,21.07202097527322,-5.77960644907272
agm003439294,9.41481666309941,-6.605946951160131
agm003439321,16.316431904411825,-10.645502888339637
agm003439331,15.984505099543211,-10.614808791197595
agm003439335,16.418386698665675,-5.34626385452917
agm003439412,28.096580404379807,-3.728232000350491
agm003439452,29.45448003010459,-3.6809986949223386
agm003439455,28.619690523156297,-3.2552927185783567
agm003439468,28.4283862238364,-3.1844112001849703
agm003439502,28.774512504178034,-3.226843442946457
agm003439518,32.194408131553054,-3.001872754006767
agm003439523,32.28821950157243,-3.00963575125766
agm003439529,27.092632907215535,-3.323347305498057
agm003439531,27.428480787415072,-3.344427170032198
agm003439544,29.275102373200642,-3.667554533490508
agm003439571,12.956814194273619,-6.430873960966664
agm003439572,12.237018911305062,-7.870710958424406
agm003439605,20.09302074370505,-6.292487356259223
agm003439611,18.544217073465685,-8.106166087779952
agm003439636,19.972969428750087,-9.760611384090303
agm003439643,15.739897196083293,-9.469137473634825
agm003439689,27.803321401227198,-3.2600966194836807
agm003439711,36.220607872536796,-3.473087936181446
agm003439713,30.65792624051433,-3.9357058220329644
agm003439754,16.881221730389516,-8.877581696680023
agm003439758,17.320341828530136,-10.873242535602214
agm003439780,16.438375940579252,-7.984512124554936
agm003439797,17.99927883942409,-9.568160483635753
agm003439799,16.792697717048387,-10.267252286516488
agm003439802,18.560686364161274,-8.788405810533922
agm003439822,34.15878766064397,-1.5609253623901889
agm003439826,30.809663130438935,-2.022562573721119
agm003439832,27.245146042421084,-2.442761015462174
agm003439834,27.698462634205715,-2.4603694480186977
agm003439873,22.207945676476168,-6.168796378951597
agm003439917,31.549708369946487,-2.539910096815469
agm003439939,27.25866205979074,-4.455589553762349
agm003439962,26.0643332732096,-5.884749605145921
agm003439971,26.194571826696905,-5.899636050899599
agm003439981,26.4495310475297,-5.907321343053437
agm003439989,26.870808245802806,-3.6887883259960788
agm003597576,28.01812892913536,-2.1431749554364257
agm003597671,26.624915851652215,-5.346688959566239
agm003597762,32.988789271154054,-5.576405644648674
agm003597944,58.24054151862799,-1.4266666966264954
agm003597952,37.218210665320115,-4.447562042050106
agm003598041,38.95120229396885,-4.095230672378988
agm003598072,37.93319268748106,-3.9638923973235567
agm003598411,31.057308917040885,-5.916998846727398
agm003598736,28.73426213724113,-4.102899740817173
agm003598978,24.135342148996397,-2.6935262740550243
agm003599058,16.01417900917026,-3.9688976015284623
agm003599079,27.89320663741701,-5.235121606370817
agm003599324,16.383866000644556,-7.932188812353876
agm003599411,21.330580273684994,-4.475385717178056
agm003599430,34.0069912937987,-4.692844001285418
agm003599634,30.349615161527666,-5.4758521475939785
agm003599686,20.328866168019246,-6.045550926739929
agm003599856,35.45567745531588,-4.5838664266793705
agm003600117,33.11106312226115,-2.45378577636973
agm003600197,21.804764698401755,-2.732053857942691
agm003600347,29.326788600705928,-3.4735986111873323
agm003600360,22.538506610103056,-3.1278506559407497
agm003600581,22.718500284620987,-3.0323581655180596
agm003600603,19.438368419595474,-5.737770307268005
agm003600734,28.540985426676297,-4.525688283186299
agm003600834,24.59987237031964,-6.566927356658886
agm003600851,21.132568510758624,-4.552618213119184
agm003601037,25.704042542856005,-7.4369973606394515
agm003601364,31.136884718632214,-5.427644752588084
agm003601575,28.543138342164184,-4.8972405984577305
agm003601673,27.450524640629606,-5.954239020617979
agm003601760,22.91855471574215,-6.19898299724742
agm003601785,26.52859769842604,-6.420366252643216
agm003601817,28.392021073776704,-4.473157241345833
agm003601982,47.05593972518347,-2.2768493054966146
agm003601997,35.881940080329166,-2.0405059630187155
agm003602037,38.5587478323662,-3.250119715459902
agm003602120,21.52764079512885,-5.4760587213808725
agm003602131,26.521204662293584,-4.270456019360519
agm003602163,36.24405756677688,-3.172448880122092
agm003602176,32.11704675928709,-5.2181695590117805
agm003602307,26.566440753632047,-3.1583926458060514
agm003602403,23.883093442407045,-4.010435733876203
agm003602496,28.381693764202748,-7.538462564718496
agm003602504,15.554093015599092,-4.108891196930757
agm003602542,27.134373902699224,-1.633225848422821
agm003603153,35.047332176316864,-4.741365092597291
agm003603299,19.058882423442686,-5.2507524445479135
agm003603333,23.440987211839726,-3.7975847691151685
agm003603454,23.94076703551924,-3.4028111510892725
agm003603459,17.404516806322352,-4.054111491850481
agm003603616,22.730433032169753,-3.872220869425519
agm003603627,33.96086216233234,-1.9694804772849963
agm003603781,12.577889669836976,-5.997557618802296
agm003604308,21.91440292832793,-5.575731727363428
agm003604337,25.05142025157443,-6.606893669917383
agm003604689,15.336204305687891,-7.618617398939752
agm003604700,19.908800296002962,-7.110592177529784
agm003604955,30.13725931646411,-2.3101395501978885
agm003604974,25.355512243801027,-4.454836074396831
agm003605123,28.634678423855636,-4.66069530199015
agm003605170,23.31306200602907,-4.5040453891392325
agm003605234,33.036238736338944,-5.245488430809186
agm003605400,9.804768160573856,-6.8965338209940965
agm003605486,46.96719501969243,-3.184106334393172
agm003605751,18.911354564090427,-9.228981624571015
agm003605771,22.98853259119298,-5.644675304172114
agm003605947,20.2805764202344,-3.658220157555338
agm003605953,27.650050300030994,-1.4675940419216238
agm003606023,34.08369562214873,-4.6855599732021584
agm003606036,47.01099439999928,-3.11128053287231
agm003606155,29.611797176177944,-3.685094830424211
agm003606181,27.291264186046575,-5.768701355393261
agm003606217,32.05593728048499,-2.199413969797861
agm003606270,24.795503050762864,-7.5646956224932085
agm003606290,16.12353282996047,-7.57918295711722
agm003606514,29.654206679974255,-5.185788410609974
agm003606651,16.098689449782608,-5.507590992119515
agm003606654,19.000409869539848,-8.553913625145798
agm003606726,16.294946094116984,-6.2689308360931735
agm003606819,34.13411168662372,-4.805496090648904
agm003606825,20.680806793287367,-6.386854096360422
agm003606827,35.063449110452574,-4.852644393294093
agm003606930,41.318413260569876,-3.947085362457978
agm003607006,22.595085716888065,-3.5263503270782586
agm003607211,18.292702652924234,-8.574729403587293
agm003607280,30.14930993803264,-2.7527925066488734
agm003607386,21.129318859526368,-3.5995228277124336
agm003607399,36.301327576084745,-3.0871067187250336
agm003607411,24.705974807115314,-2.717060862978643
agm003607463,17.92975584068044,-6.992177035565124
agm003607573,12.117363357576389,-7.19387232277002
agm003607604,24.55918446450535,-6.016271678388393
agm003607640,40.760020749163125,-3.6014324935281823
agm003607653,21.484276766180795,-3.591757062462857
agm003608020,26.044634970215352,-5.166808454888179
agm003608031,20.028268866208016,-4.34997018222538
agm003608215,22.340579072065584,-3.2772892119989745
agm003608326,22.320464434871834,-5.357782608829564
agm003608355,34.11287930626086,-5.61546798380983
agm003608452,24.876762888096195,-5.080009142299094
agm003608453,25.399171711499125,-5.883259072975322
agm003608569,19.98952142613436,-8.130481730119996
agm003608646,22.28544827516072,-6.433020059107818
agm003608723,17.861335748808546,-7.727623939212734
agm003608732,25.86592361245044,-5.387974591596962
agm003608752,25.771870329918702,-5.816619759381287
agm003608987,31.76304126285198,-5.520102058479201
agm003609013,39.86192328262049,-2.0657625416860466
agm003609059,21.89497793177846,-2.9442945417806445
agm003609083,24.407921626225757,-4.159933039389899
agm003609100,23.75381820582544,-3.349922143763932
agm003609129,23.898279035242282,-4.8719727518971645
agm003609172,38.19446797118422,-1.9986130958782056
agm003609182,10.071172031005654,-4.272149399929488
agm003609206,34.53386611919083,-5.6724695335268995
agm003609230,26.51379530060247,-5.900996723905021
agm003609347,9.201501616945613,-3.5608149015929293
agm003609362,31.581748368201584,-4.5854286735248
agm003609552,22.906786965950797,-6.698541422997529
agm003609725,28.182601816791635,-4.137928046824857
agm003609738,21.083358680583938,-3.903064002543264
agm003610064,21.59776251532384,-4.399375619629343
agm003610090,26.39453431851788,-4.156743426652645
agm003610167,22.718591461327065,-3.234977144508063
agm003610214,32.64938388871308,-4.225745970325127
agm003610383,23.928679650750084,-8.416816373651697
agm003610462,27.131858912952808,-2.4904060895532405
agm003610469,16.305177083527852,-7.2155906658831555
agm003610490,25.115485991119744,-7.123301349980022
agm003610544,23.13142447966389,-4.965105823505996
agm003610789,34.540799856215436,-4.240653462089466
agm003610847,20.093369507543404,-3.6258234906538758
agm003610871,20.15108418132222,-4.299225654643785
agm003611211,27.985849069774165,-4.719050526933139
agm003611328,15.02826507150908,-6.197843549055302
agm003611451,29.149468704935085,-6.2220172353248175
agm003611469,36.57766650434528,-2.1881935710361518
agm003611609,18.67665292002352,-9.36447762371618
agm003611676,30.13719830218987,-2.7016945366728677
agm003611991,24.14717574468243,-4.826914242196621
agm003612127,37.48545684310676,-2.838137946009296
agm003612227,30.934993347316713,-5.514671426046645
agm003612385,19.653152139154567,-1.8340478708136787
agm003612737,12.324225909009295,-5.525107675842715
agm003612959,14.22354062692814,-3.006155575494713
agm003613000,24.508812753849796,-3.5274928899069824
agm003613186,27.507319874979306,-4.18494607040958
agm003613262,33.25374924879362,-4.675564200127593
agm003613382,33.63524580040406,-4.6800730528186545
agm003613817,27.854646831350546,-4.903737475445196
agm003613836,27.97309010703095,-10.120080045146004
agm003613927,24.92102827758734,-4.076946895299734
agm003613938,27.97081023513222,-5.308975568873189
agm003614060,41.674443575642016,-6.455299204022143
agm003614085,30.485172042647044,-5.149272263934942
agm003614136,12.197735729501321,-10.628587415524983
agm003614299,32.968842864272986,-5.441998606271779
agm003614450,35.746766042468295,-5.365415992101055
agm003614481,33.71319488225383,-5.242389496807806
agm003614582,29.661268351171003,-5.173513403706205
agm003614584,30.50907390994601,-5.1967732640674225
agm003614646,31.604842248844935,-5.548111065923765
agm003614657,42.25617341159333,-3.7637676298635707
agm003614659,37.26433360540933,-4.049417039882456
agm003614661,36.782735449109786,-4.041275873805885
agm003615495,40.42190693634861,-2.5430414670165886
agm003615622,34.61110813404687,-4.279379296175738
agm003615652,27.194589947143065,-5.874627591518863
agm003615697,25.43823545793862,-6.055078147068513
agm003615735,24.750857841279558,-6.638648723030649
agm003615748,31.00091158886471,-6.042110501586684
agm003615759,23.484916860333502,-7.371050137487459
agm003615965,25.6605608509643,-5.8888456147700055
agm003616088,23.142224545174194,-5.816356820457399
agm003616101,26.125806873489957,-5.709839363137155
agm003616112,22.98118350905395,-6.517590375287889
agm003616121,22.858525154614462,-8.750944753460162
agm003616131,21.92875920174706,-6.4033239493104075
agm003616164,21.96747853442474,-6.401758709981015
agm003616168,21.253401952800832,-6.370496592823542
agm003616258,31.37724770458714,-5.372197384375502
agm003616273,29.941246214575198,-5.210255116273602
agm003616302,35.554813656098844,-4.606470451896814
agm003616355,27.42056036450228,-6.249714437670438
agm003616364,22.48289885163616,-6.498747705520039
agm003616418,25.425398272520496,-6.174174997548913
agm003616447,25.596461075454908,-6.441899815507623
agm003616450,25.480606714923468,-6.170685781990596
agm003616503,20.884689439023404,-6.978952761333194
agm003616512,30.27387879140155,-7.5932698368395695
agm003616513,29.5586831084973,-5.430469381428692
agm003616526,24.199562905105346,-5.906320706079437
agm003616555,31.445409397572437,-5.578190123021276
agm003616571,32.89669640113867,-6.178925099941544
agm003616574,31.801466219310996,-5.5819050011787645
agm003616586,29.725491522935283,-7.5833652896592305
agm003616612,31.074846991499147,-6.0914555922721325
agm003616614,31.27172071245422,-6.1087383639990955
agm003616622,39.05876548895053,-3.103816003844563
agm003616634,26.565895165898688,-5.641548770933262
agm003616638,19.95911236568402,-10.056368188655838
agm003616701,25.6807050476647,-7.3133103462378095
agm003617190,22.800444174148833,-5.857892848222595
agm003617414,17.909672703540622,-5.53069317508199
agm003617626,23.740042100565283,-4.606462670818204
agm003617946,25.522988044140714,-4.467888799973292
agm003617960,25.47434462585049,-4.445582792138258
agm003618181,19.814667595355104,-4.891439045446157
agm003618386,25.98919988278698,-4.074654979218857
agm003618391,26.577005019091878,-4.136945699906793
agm003618795,29.546615655259327,-3.1335155411892086
agm003619380,29.871054973553058,-2.3462654814018173
agm003619544,25.599394986709218,-5.914419077963132
agm003620488,27.955123455664076,-4.443489183392675
agm003624031,27.513844177564,-6.950143188018266
agm003624604,23.747371662340946,-4.627672310065318
agm003624949,17.27582755603215,-11.34801034918
agm003625363,19.376778812509432,-7.2521064170766
agm003625596,30.765116111723195,-4.030913066314151
agm003625623,43.582168089132814,-1.3773140940781663
agm003625654,24.5609037238454,-2.3696580982624025
agm003625681,48.833063463987685,-2.472332384042611
agm003625718,42.90335289501102,-2.5751026825379766
agm003626092,25.75975019745071,-5.592649236284686
agm003626093,27.427277870634754,-5.481261912926984
agm003626409,23.96186648848131,-4.641434233410235
agm003626534,19.512589388123548,-5.852512673756056
agm003626586,28.17030205346578,-3.383164992750718
agm003626596,17.920822797660236,-6.020111379082454
agm003626685,26.875441851636527,-4.8743711401339125
agm003626700,28.647173044651474,-4.849985141159948
agm003626832,23.377252564301244,-5.8085133666800495
agm003626833,23.240869390170246,-5.807540131659706
agm003626927,18.888870798380516,-8.697446138659691
agm003627261,26.156561797699872,-6.461462288386073
agm003627348,18.418218319336983,-7.100334575722127
agm003627486,26.562491436223887,-2.868588244143857
agm003627580,19.769455467567347,-6.092776265206997
agm003627982,34.97444967181746,-3.9676674690426106
agm003628011,27.574111535992618,-9.455328668562316
agm003628084,22.389375666967652,-5.455487644980234
agm003628364,21.531135130855976,-5.849945665642513
agm003629859,23.83505740656813,-5.703650197909658
agm003629868,23.527990972720644,-7.6712236793709785
agm003629887,22.582646067251694,-9.234153972748238
agm003629904,25.76206181952473,-5.606268283550011
agm003629925,24.286308006609396,-6.7990952583674185
agm003629933,21.69695016851562,-6.605193428131395
agm003630011,22.50971649393461,-5.790568752198085
agm003630174,26.145882324289932,-3.717642949756637
agm003630188,18.367969423495765,-6.084319917108154
agm003630204,17.835954913256998,-6.598504790102347
agm003630205,17.96944781540795,-6.607632963913312
agm003630277,26.056359270818536,-5.396717440176787
agm003630355,24.415468739967064,-6.4376572894542345
agm003630390,22.037633087860534,-6.048355502247862
agm003630391,23.116952898659147,-6.028974573262934
agm003630452,30.614831052609865,-4.0514902586837085
agm003631616,16.416204973310688,-8.978215934208404
agm003631667,25.895517238538428,-4.726558441711793
agm003633112,24.730207592668012,-9.96737772172192
agm003633255,16.26667660934459,-11.7364412729867
agm003633698,32.65308380747686,-4.42672049032065
agm003634659,25.698681954061307,-3.8158888805473272
agm003635168,27.51663349494074,-5.8372318615481635
agm003635677,21.146748792986926,-11.10894039281527
agm003636413,20.97047964554097,-5.990766260882044
agm003636744,23.77649032011012,-5.961373736826824
agm003636845,22.974798687145892,-6.462537871563681
agm003636869,27.201766609041464,-5.8444786569691
agm003636984,49.6768106584245,-2.4827082765634683
agm003637747,23.85704215041703,-7.035347545993599
agm003711950,21.01341053677016,-4.83290322829945
agm003711959,21.334800168524243,-3.1203799485236186
agm003712480,19.796563234519546,-4.074379321063129
agm003715837,17.860082046408987,-5.874637926600833
agm003719819,23.25923404472663,-1.852748292683397
agm003719849,19.68369614695741,-2.131803231305251
agm003719877,26.442433541228574,-2.4780399685736425
agm003719981,32.329376352093064,-3.000047497028798
agm003720872,18.218275031111432,-2.6578590280339083
agm003721150,24.743990713087747,-3.250390308893928
agm003733914,35.252355435531065,-3.1681178927796734
agm003734798,17.258034185995566,-1.7962284315417796
agm003735654,10.458222926328668,-5.160920459251135
agm003736676,29.719228294674235,-2.2974718619862773
agm003737973,33.91383823571906,-4.704236661929525
agm003737993,34.177444029969685,-4.71731727602107
agm003738655,14.80969224798205,-3.116721024279308
agm003739979,19.114730818165924,-4.415668927192644
agm003740506,35.7091641476106,-5.081601548379214
agm003740605,24.104849393115284,-4.601400108087448
agm003740895,13.542348233674288,-3.2802328133814744
agm003741569,21.946701256502905,-4.881022824277675
agm003741571,22.31833974735747,-5.005491781649057
agm003741621,22.308370931274414,-2.0782261378439615
agm003741868,23.61343102142436,-3.2988707450738137
agm003742044,24.93901294472896,-4.619432847550432
agm003742311,25.54115883019533,-1.7045497066376172
agm003742316,31.631720768874786,-1.7004929135442681
agm003742480,20.4586868943589,-4.614995640101081
agm003742573,20.967879297047613,-4.762734362165681
agm003742583,22.473374947029814,-6.010557869499704
agm003742654,30.267875798789678,-6.148132421291098
agm003742817,42.016774537675225,-3.9110824709462277
agm003749449,36.11543990629779,-3.8687151240618576
agm003749944,24.974067793432326,-2.46371539741754
agm003750183,16.750187169041258,-12.365972855007056
agm003750318,25.99428685927326,-3.2751231528973928
agm003750492,39.315103690386934,-3.212700067173207
agm003750771,40.71710480507939,-3.8264757003522
agm003751032,25.6242586866906,-2.8258810419929383
agm003751158,24.028399494993824,-2.264099545033505
agm003751187,25.578241631165913,-2.000646059426725
agm003751514,21.37496104556944,-3.734184804698185
agm003751772,24.622404400949325,-5.902526680666582
agm003755635,21.64021384370186,-4.410422271315411
agm003755654,22.357164407775745,-5.105907296517672
agm003848744,31.72014477979595,-3.3636835146332134
agm003922680,13.790709415633476,-7.076011664138514
agm004017393,18.48152555061328,-4.743298359235684
agm004043699,23.711424822196413,-2.737078681915946
agm004063661,12.957219896510102,-6.32864103365044
agm004081835,37.786415667274895,-2.43377064282529
agm004095660,13.595002710832473,-8.865756339178704
agm004098850,13.280135452864782,-8.881991158627102
agm004107857,14.444723911351948,-4.483912462084524
agm004111069,13.180596671554213,-8.306247637569161
agm004115413,13.662454967831968,-8.087271386364188
agm004125178,13.140652951816671,-8.29888915775351
agm004141992,12.485617000212685,-6.921988551990519
agm004145031,11.523186762592529,-8.021639790506716
agm004158696,35.19611321373832,-2.1649700854182865
agm004164736,12.156553292429113,-9.602488198142602
agm004171858,38.289538918440485,-1.6665335202763716
agm004177081,16.2876738302662,-7.098788173040761
agm004230125,13.891916607519317,-8.290680146320854
agm004234112,14.58785997247088,-7.688350061232963
agm004258749,21.781610857669598,-4.5786848526460915
agm004316581,34.2298648046979,-3.3826968956340138
agm004326454,15.838620179000092,-12.27781946774314
agm004333120,14.030827538688348,-7.198944022474832
agm004408849,32.572075565221446,-2.589245860092668
agm004421625,25.50796259646742,-4.078710215465653
agm004442358,14.703781034893112,-3.8196383029504175
agm004442524,67.40371307639857,-0.057070602631024536
agm004458931,32.596138302140325,-3.7540543392397714
agm004464908,20.186795593986187,-1.9059094771341218
agm004742296,19.150108273666806,-5.487114387607474
agm004742319,20.151984900352637,-5.88884461210835
agm004742342,18.50833824336655,-5.370756747699535
agm004742355,17.413151876948003,-3.925632948526402
agm004742409,20.749531873755313,-4.497081535270992
agm004742456,20.731164559923617,-5.155992870194483
agm004742654,20.99616601180534,-3.3287624169646413
agm004742678,23.55171548324266,-4.229016533024909
agm004742720,18.378551672646857,-3.7073003852443756
agm004742724,19.477162865079865,-4.193451667714252
agm004742747,21.88480881120414,-3.8930999794041234
agm004742749,21.046731057348513,-3.8686467487433482
agm004742752,26.663044224923397,-3.887020274113137
agm004742761,22.4244110528725,-4.458969549124257
agm004742776,20.70632096750209,-4.389945257575434
agm004742810,23.647059183850388,-4.6840476658457995
agm004742811,22.825872398820493,-4.2794199889761435
agm004742829,21.681405414887177,-4.830643037675722
agm004742859,18.370310927640354,-5.747898216486754
agm004742880,23.035319706630016,-5.64283872918768
agm004742888,20.90504062765454,-5.755027206264903
agm004742899,20.424466007287513,-7.1781149049357795
agm004742918,16.06889358410901,-5.403253845716445
agm004743059,21.693379757215713,-6.383393497291121
agm004743064,20.489350957244937,-6.516685271007577
agm004743089,21.617850896662734,-5.994894401261489
agm004743109,19.96266087817784,-4.4420494824609404
agm004743110,21.336700773147673,-4.454103652733198
agm004743195,18.530570471062656,-5.806515225428225
agm004743221,22.98432926576831,-6.282410532274544
agm004743223,22.054042029337705,-6.388729134558063
agm004743225,23.09679664345379,-6.291769457085858
agm004743293,16.702327053170404,-4.982495959465067
agm004743314,18.2399453058151,-4.963991065546945
agm004743323,16.71729486092245,-4.743172908156542
agm004743358,16.395746510793085,-4.6286471767892605
agm004743384,21.642621458340614,-4.659881714504292
agm004743388,19.19003696053267,-6.2599807981690665
agm004743452,18.11901666204592,-5.350989839813064
agm004743459,19.27890836622291,-5.553179547091767
agm004743488,16.455891598846517,-5.426327501718795
agm004743536,21.952893838948,-4.5915487378913475
agm004743553,20.498272971685385,-4.555722769296999
agm004743581,19.41142399472518,-4.540297135516998
agm004743584,20.430993908302746,-4.562225945277263
agm004743598,16.805626678009585,-5.512836197729823
agm004743614,21.230782830743447,-6.056287414904401
agm004743616,21.83586694318207,-6.013800324397536
agm004743631,20.49309625385431,-6.006927979415856
agm004743637,20.58405503038632,-6.018685228563146
agm004743638,19.04937194081666,-4.525610685462316
agm004743665,18.195147006478557,-5.714574325015993
agm004743728,20.510385034810373,-4.729569236227424
agm004743742,19.338583195946267,-6.395578461964533
agm004743743,18.99106517604226,-6.403228301768698
agm004743750,17.405717766653897,-7.001500616146867
agm004743818,24.204093449187805,-2.7147535990467913
agm004743836,33.43855101423843,-2.6301876696670896
agm004743870,20.713933112627025,-3.2246424107642304
agm004743886,22.698395905171825,-3.171760754293486
agm004743909,19.389588768603716,-1.459758061695757
agm004743918,30.41792324371934,-1.8114551280618851
agm004743943,25.92234177989629,-2.4817036843643367
agm004743945,32.39221085572954,-2.584840391727733
agm004743960,38.602485052166706,-2.3975914981826105
agm004744039,27.310152374334354,-4.356248889393847
agm004744052,23.851675470772154,-2.6109471146851253
agm004744056,20.365659873422178,-3.815134719012438
agm004744057,25.271489542759582,-3.4423705483740474
agm004744087,26.35368079441524,-3.6150318944119504
agm004744117,27.62680715259565,-4.10294270859879
agm004744118,25.34653217422957,-4.222403567190359
agm004744177,19.72062015672791,-5.777123446720481
agm004744180,17.844138424412645,-4.992745927044405
agm004744240,17.612468949351953,-3.7874897484713066
agm004744260,20.302540480396978,-4.415324117900044
agm004744266,19.03653873158378,-4.405848021653058
agm004744321,24.933094890203176,-4.533541915550666
agm004744324,24.355329175152477,-4.494524833571357
agm004744329,26.795653271038603,-4.280435530032281
agm004744477,40.278563310857855,-2.761449356551371
agm004744478,42.95704105482934,-2.809540097462516
agm004744495,17.81173440119476,-2.737541374567719
agm004744496,20.16435022158576,-2.9274617269756646
agm004744547,19.715574896593917,-3.5293689196871436
agm004744576,24.95905134147186,-3.936357035191488
agm004744577,22.53983943266904,-5.4333963012366455
agm004744579,18.489042273825643,-1.780836367990351
agm004744599,27.004610410330642,-3.889501232834114
agm004744639,13.31340066999468,-3.874872776237833
agm004744690,21.118690374738808,-5.967269373341523
agm004744750,25.514396716492445,-5.155117907887406
agm004744798,17.784752088791198,-6.493728803160863
agm004744857,17.033114944312562,-6.4889078384782275
agm004744886,19.857542997528604,-3.3078611656630295
agm004744899,20.756269833772,-3.5459094239147055
agm004744900,20.988462755173174,-3.5556907996182687
agm004744927,21.704311284487417,-3.608900273659115
agm004744964,21.49919145100695,-3.0123076835824576
agm004744965,21.1313486926577,-3.00154722462789
agm004745051,20.004613418815843,-6.562803176644034
agm004745099,22.731572207357345,-3.871915937902775
agm004745106,22.520998064748486,-4.414312585504257
agm004745129,22.12328084839783,-4.389336059084956
agm004745141,33.600377816523064,-2.5391786294382115
agm004745147,32.40287628061778,-1.8256275789777776
agm004745166,37.03166652225768,-2.4751418148651116
agm004745175,18.19763780831961,-3.2490367825186133
agm004745188,21.983073769236142,-3.028135979917316
agm004745214,23.709461860269727,-2.217229979592464
agm004745228,20.44656589103952,-3.9737805757685236
agm004745267,24.960768872072183,-3.5548237171417014
agm004745279,24.42717607899166,-3.3750135047522662
agm004745296,26.388430200760713,-3.250819127434786
agm004745329,21.491457891725243,-3.6749669535790273
agm004745345,22.952309539021503,-4.091353430169618
agm004745359,21.28488513426338,-3.813153151226128
agm004745363,20.524208759206225,-3.652391798973845
agm004745365,21.405874748600954,-3.6771399513353713
agm004745387,20.863549936656927,-3.4393089400648207
agm004745440,19.849018301678925,-3.613458638397939
agm004745453,17.54095369172823,-4.641460303994673
agm004745476,19.39187130828886,-3.1166226681658604
agm004745480,24.350002439720825,-3.7511210325269655
agm004745508,19.492467919833256,-3.9971123743766306
agm004745517,21.910314748888993,-3.1734796863190056
agm004745548,22.617924714393705,-4.221116465873124
agm004745552,24.105898521714256,-4.2778504995849085
agm004745638,24.096666127835118,-2.3301450978008007
agm004745671,26.489929348032263,-3.560403713128212
agm004745698,27.08415612830589,-2.279153898297439
agm004745714,24.350777075951825,-1.6467306745054116
agm004745728,22.013534328207047,-2.124952154919653
agm004745749,20.640448217075605,-4.482539788367159
agm004745752,20.800616961101728,-4.491937474941746
agm004745754,22.265726799006703,-4.0573053922864215
agm004745771,20.109340727319513,-5.070737067612225
agm004745784,26.375448671797244,-1.91468140495104
agm004745808,23.432099881899333,-2.087815986090181
agm004745902,23.078224093393576,-5.95717816173931
agm004745914,22.92273282680235,-6.124687259151465
agm004745938,21.293289895635294,-6.9623073211345625
agm004745961,23.25787711474227,-1.4853631291767002
agm004745981,42.184096318725125,-3.07913001830284
agm004746043,21.28275642061751,-5.148758615759313
agm004746047,21.518755982877163,-5.748326002449442
agm004746058,19.63798684920179,-7.232340595825183
agm004746077,20.192256955233727,-6.365647773239942
agm004746095,19.713250689289932,-7.957451175449872
agm004746120,29.074905167306166,-2.891120569248757
agm004746149,25.701184162275496,-3.514218199296208
agm004746151,32.84590022365886,-2.7977604972141035
agm004746187,17.76877070390606,-7.01785120430835
agm004746198,16.890749491428256,-8.630501170045953
agm004747161,15.771645375031168,-6.578997935734762
agm004747467,16.14295868254227,-7.697651472670401
agm004748104,13.806206369879275,-7.553838001345827
agm004748135,15.93234223241086,-8.292452826989212
agm004748400,13.30502846409543,-7.068298364954472
agm004748409,12.972609148598373,-7.653633164068044
agm004748414,13.03278211492608,-7.659872417944947
agm004748859,17.053652021519408,-6.6825241832905276
agm004748883,16.874308560891013,-5.95700974107125
agm004748940,14.078062932707285,-6.94627955155146
agm004749022,13.776817608266349,-6.7733549036439795
agm004749194,16.74949981152007,-5.864672793224053
agm004749906,11.542209928619078,-6.606812496695839
agm004749907,11.623407051107543,-6.612143407398617
agm004749940,16.442154191646658,-7.41040530006734
agm004751511,22.42648996555395,-6.312337018659464
agm004751518,22.415139729966683,-6.24300128738231
agm004751521,21.945499855706654,-6.9697855439295475
agm004751544,19.106197596575488,-6.279599932547662
agm004751553,20.349556043902762,-5.131503659699569
agm004751563,25.16619908881869,-3.886992101683655
agm004751568,22.426352690567327,-4.534054604058376
agm004751574,16.48180502471865,-5.6243840108953265
agm004751601,21.895728635569725,-5.613930457313809
agm004751639,24.07582474954449,-4.698960855058393
agm004751652,18.30081614227749,-5.122104381358333
agm004751659,22.460772421484123,-3.5791743878591
agm004751669,24.77426378923127,-3.663245243855354
agm004751672,24.087130135810167,-3.627549618585801
agm004751701,23.108446141572824,-4.421632624509118
agm004751714,24.666683516546716,-4.46290395681589
agm004751735,22.548409531719233,-6.4562866603704405
agm004751756,22.967411780517242,-5.836114130479373
agm004751841,17.748379496959096,-6.124504033962082
agm004751844,21.983408734537843,-6.701131598141482
agm004751868,16.14371405095133,-6.452309114259708
agm004751871,16.421365811686197,-6.4805426110349265
agm004751926,18.860748986209522,-5.824442668925528
agm004752045,19.05891638404538,-4.038864354849538
agm004752053,25.011926761471873,-3.308561916087566
agm004752092,18.619039933835747,-5.489431474606946
agm004752146,20.68643640206515,-5.107070945220221
agm004752200,20.869960733955182,-5.631484150947666
agm004752204,21.168151980349432,-5.629658214421371
agm004752210,22.187134174086264,-5.519558649225842
agm004752231,21.121860737818604,-3.701262691356289
agm004752271,22.777133040397683,-4.485231359025192
agm004752281,21.687214492432418,-4.373362053676851
agm004752398,23.83783080740606,-6.006311417158884
agm004752442,17.677720561939136,-6.428276401351542
agm004752460,19.704712239023383,-6.274119347519345
agm004752468,19.650747867517925,-6.535899364710119
agm004752469,18.921758979046956,-6.043155402195914
agm004752495,18.53287169621094,-6.853579569648513
agm004752562,20.972389875380177,-5.244430738024008
agm004752599,16.74326927743984,-7.211035255916162
agm004752603,19.588015464046812,-4.751064766423909
agm004752646,20.721935698066375,-5.0505009520188695
agm004752671,17.8916145531871,-7.415930182764634
agm004752672,18.34494191614542,-6.864789225355146
agm004752729,20.28626768038904,-3.8433175276890776
agm004752759,18.988208824267236,-3.1746403724773384
agm004752802,24.013370143866215,-4.577267341143501
agm004752908,20.973564474639275,-3.5141399940041573
agm004752918,24.91011185765315,-2.8639523910960203
agm004752994,34.08230547323844,-1.2004816513929482
agm004752997,21.2082899193444,-4.547483008433647
agm004753037,25.81723924602201,-3.7486257776747727
agm004753055,30.949759700224973,-4.205075187970808
agm004753091,28.93783637595348,-2.9781935633557683
agm004753135,17.503882546301718,-3.7826570968914255
agm004753148,18.238964644536818,-5.050516145905651
agm004753155,21.542648702197656,-4.291523208221154
agm004753188,20.01768868464286,-2.956752790954926
agm004753193,24.284877553945474,-2.9623717425112197
agm004753201,23.640023745040438,-4.542425970363716
agm004753227,20.33058253303353,-3.8773889356105724
agm004753269,26.527815711518887,-3.723480868545735
agm004753309,19.809836424903548,-5.107244774729851
agm004753323,19.450650939695304,-5.069755905649049
agm004753342,18.56955726386624,-5.08098601767956
agm004753400,19.991493346491524,-5.914738734046907
agm004753405,18.972706322053003,-7.410685917765484
agm004753505,16.670246753260564,-7.231360380110878
agm004753522,26.04013846631538,-2.7879623776829097
agm004753546,19.17015119746519,-3.570616154016872
agm004753554,18.209894282407173,-2.9365527329337513
agm004753568,19.93074870117473,-2.3358155106678122
agm004753587,22.65785320532953,-2.9722071529622114
agm004753599,24.399217803887055,-3.0060469785079875
agm004753618,22.621701180964312,-3.395885612082715
agm004753624,23.05581206027347,-3.426788555884256
agm004753664,20.81970221671648,-5.113472130547749
agm004753665,19.94880410360626,-4.692464326104215
agm004753706,24.920533408746678,-3.91847553489537
agm004753729,22.325691117102313,-4.448936551531676
agm004753773,23.35071386263435,-5.711338815692957
agm004753795,23.26716817280554,-6.201712036542882
agm004753833,21.753530405132313,-6.178331681678396
agm004753858,19.691689880822448,-6.165981869237377
agm004753944,20.26909525002072,-3.691235184681167
agm004753945,19.918800648633006,-3.67294449710271
agm004753949,20.192861079402153,-4.097951015919767
agm004753979,22.796817129391275,-5.692427664666432
agm004754008,21.861749759688482,-5.708730063411913
agm004754024,25.057326312884836,-3.737156094450876
agm004754040,21.608505718471225,-4.785617147570838
agm004754044,21.420894898133998,-4.386534416217181
agm004754051,29.412540065840336,-2.699546926207031
agm004754065,30.4038262219795,-5.526761940565844
agm004754089,28.213376430569937,-5.65480361182804
agm004754092,40.1380399626011,-2.1453786395664056
agm004754109,35.18953182005021,-2.3021688102964157
agm004754112,21.319072158513293,-2.642115659339473
agm004754141,23.38863482415243,-3.199560876914352
agm004754166,20.036452959858327,-3.7427221724063764
agm004754170,29.539232494526058,-2.755449128861033
agm004754224,25.74393228111364,-1.938858018394538
agm004754241,23.633264915228875,-4.320688759068295
agm004754242,26.333916105811014,-3.2467641265631664
agm004754253,25.893437661722146,-4.551135673886347
agm004754266,27.085986453660766,-2.2081497886241515
agm004754297,27.74797994306739,-4.351709638802492
agm004754308,29.18524656880173,-5.551144916524634
agm004754383,28.354385188878577,-2.024897526946449
agm004754404,18.6884688563909,-9.452536349112815
agm004754441,20.98819584239666,-6.189216902649124
agm004754442,21.376433918282732,-7.88673914101318
agm004754566,21.6685618473898,-6.842349622620514
agm004754662,16.225726920604323,-9.318187199895432
agm004754680,16.425083692878847,-8.828776127903092
agm004757599,14.409578837942378,-6.489230421383431
agm004757600,14.185953165565335,-6.651366746396842
agm004757908,12.503803597963197,-7.9812629117566445
agm004988168,22.050546016437288,-7.561622076948143
agm004988194,20.957441296757235,-7.489405570327847
agm004988372,21.82371980002267,-5.559906616125862
agm004988429,23.43848658052493,-4.18478245131829
agm004988762,21.964554285874396,-6.224513425335042
agm004988771,22.178240548282133,-5.785037581756383
agm004988788,25.339397011174373,-6.148934312580437
agm004988836,35.91821104874864,-3.0235297083379207
agm004989171,19.76070725475568,-5.926484418702651
agm004989576,25.387337347427724,-5.338873759470845
agm004992385,38.981695852771075,-3.0614407422036742
agm004992909,19.841658522306467,-6.115579433366808
agm004992935,20.749793703735598,-6.158652556835152
agm004992944,18.49791600993384,-6.740043683551138
agm004992965,21.917921732706873,-6.116474052017886
agm004992977,19.95011239021387,-6.510899865784921
agm004992989,20.080885312836763,-6.057607157984644
agm004993019,20.6096816345594,-5.601867673876231
agm004993073,18.800083599567436,-6.883616512240389
agm004993105,18.598365918281853,-6.05697209685376
agm004993127,21.218125302475997,-6.515981751411269
agm004993144,18.355578985119124,-5.718152412397986
agm004993164,20.621647272997492,-7.097334858826615
agm004993168,20.938687792492654,-7.094064966015312
agm004993181,17.66260351028563,-6.535808605890503
agm004993182,17.886474877894727,-6.561659794739256
agm004993224,17.81225218035349,-6.703611608835274
agm004993254,21.94876780410815,-6.388740211399227
agm004999390,20.836041110570395,-7.863999796193065
agm004999569,24.41714603037319,-7.289308333446442
agm004999645,22.2733494670617,-9.043845724811398
agm004999679,22.871731423824407,-8.435865608672731
agm005002905,23.370821022005536,-2.9983526522801234
agm005002938,22.206726484190316,-4.227933983574923
agm005002944,20.79883803384825,-2.739330964505485
agm005003108,27.280076855747012,-2.3260347324632766
agm005003220,28.698537335078537,-2.877873525212857
agm005003278,21.9370771391693,-4.160207935370479
agm005003298,20.509659987511935,-4.829447224892482
agm005003353,19.361679984108314,-3.789588781198584
agm005003477,28.00300289213007,-2.5202388837260847
agm005003522,24.404809225851075,-2.652016475184151
agm005003530,26.36958729237532,-2.338340788616147
agm005003546,23.78247607583368,-3.5697457713366476
agm005003642,32.03868277765696,-2.1270019807410794
agm005003660,26.687549395040634,-2.012512815814859
agm005003670,25.971981233626092,-1.7722856755436471
agm005003682,29.366245003092292,-2.0408044910381133
agm005003692,26.064580830333263,-2.6142009049781385
agm005003712,28.462132025246255,-1.7558353630456929
agm005003778,26.060866258594196,-1.9777245053559358
agm005003800,30.439348742765407,-1.2266821416669913
agm005003905,35.13998052798858,-3.2592592109364205
agm005004111,19.421012977396227,-3.410872473672671
agm005004154,22.174542393842778,-2.8545945281048617
agm005004173,20.28120379778879,-3.2799223200741183
agm005004177,21.039421833153884,-4.1191404477983635
agm005004243,31.971446352997226,-2.9004090886116645
agm005004273,30.646262040537444,-2.196377089644179
agm005004280,19.910320257210692,-3.464242153435331
agm005004304,21.028268805035403,-3.06027984009136
agm005004323,20.14597893394459,-2.5911100702715006
agm005004434,20.716522293580155,-4.4377803035588
agm005004483,31.018722058687935,-1.5024873009258268
agm005004724,31.36211279976289,-2.109652247969466
agm005005506,19.708210497593843,-10.255044521227271
agm005005706,16.806371869768416,-5.306355908675795
agm005005842,18.231451518330147,-5.671426468344385
agm005005928,29.258840356585676,-1.9991834747447357
agm005006342,19.808918045797,-5.086375462565876
agm005006595,19.017541739403136,-5.017826907058009
agm005007031,18.797757696274406,-6.7891806074644965
agm005007186,21.55003108911314,-5.572988216804658
agm005007234,18.94516836737686,-6.628509002601294
agm005009835,26.444507156027505,-4.871889425472584
agm005009947,18.150383981603156,-7.954313770805598
agm005010320,21.199454348383966,-7.2364807828823485
agm005010602,18.768311326135933,-5.903997132354277
agm005010692,25.07586968627192,-3.000332428234611
agm005010802,19.206930795773467,-5.711217015452621
agm005010803,20.495743078244647,-5.686013727590812
agm005010834,22.263039881661676,-5.240581310958612
agm005010843,23.129603740423793,-5.6626635225648005
agm005010845,24.35936749003478,-5.659780824067367
agm005010866,23.62937854246153,-6.01569690536374
agm005010961,24.409920749548085,-5.3091864708107614
agm005011012,22.084630020968778,-5.269061620002049
agm005011030,25.86673888270285,-6.233417143829722
agm005011047,19.03125319392452,-5.6864587862120555
agm005011101,22.23865221836258,-5.43413890093535
agm005011111,18.468358858512637,-5.327143128427403
agm005011112,18.236307962708672,-5.322484968252667
agm005011119,18.83956673573282,-4.673456325794925
agm005011127,20.736937440768955,-5.928150462031605
agm005011136,20.823544473844798,-5.613079119159067
agm005011176,18.44859600054687,-5.937031047131468
agm005011186,26.267769559367217,-4.9770330256291855
agm005011206,26.133636198302042,-5.754404908878048
agm005011212,24.963811915056173,-5.708246772656063
agm005011225,23.855038908479422,-5.619303844657926
agm005011276,26.635214875055986,-5.429753900146418
agm005011291,23.505103938076267,-5.311354378494534
agm005011348,24.05824207915428,-5.793699407965642
agm005011349,24.43106879107028,-5.7966367898172475
agm005011404,22.64750736456279,-5.752999336925965
agm005011410,21.689134566550457,-5.714529039190789
agm005011418,25.809810743149626,-6.081915927896304
agm005011423,23.62244273488476,-5.3480964163552756
agm005011461,22.976679064294537,-5.895472985648146
agm005011472,21.493958823961847,-5.873909653097621
agm005011479,23.600241227397944,-5.88589589984433
agm005011493,22.621945791510612,-5.910579699006372
agm005011497,22.76971130980943,-5.918066284941194
agm005011502,21.24116007877983,-5.8820184496656776
agm005011510,24.68024422336702,-5.301270905035639
agm005011565,15.635463042768517,-7.236791519235379
agm005011610,14.893975582885298,-8.203063692081718
agm005011616,15.827637043012505,-8.87222900744396
agm005011617,15.59214328542637,-8.912036919132273
agm005011620,15.148391966918876,-7.953915155391168
agm005011645,13.39384738974162,-8.157071413624527
agm005011651,12.985422317645904,-8.057269138145873
agm005011654,13.680903991947194,-7.878933452994315
agm005011694,24.933262485830788,-5.8509715683372985
agm005011695,25.59968421012461,-5.828689431218548
agm005011739,23.18856128399309,-6.419837991196372
agm005011777,22.803537470081615,-6.433728858039542
agm005011779,22.980310409248048,-6.04190105176563
agm005011815,25.802270463492988,-6.88245917135134
agm005011878,23.6896486209979,-6.652196747746198
agm005011897,23.58817613405349,-6.702322394198825
agm005011914,23.47003904338882,-6.288070500350715
agm005011934,24.65576764149227,-6.1938202298233636
agm005011936,23.81740188711575,-6.213007385378424
agm005011954,22.7844150367304,-6.598384446217712
agm005011996,23.24200694082783,-6.798555906983667
agm005012013,21.862965512768483,-6.151221865064796
agm005012016,23.751433312547483,-5.762662417653415
agm005012029,24.017939562831508,-5.467530009075885
agm005012043,20.365035812530486,-6.247532594780088
agm005012047,27.960366077331525,-5.122534173464108
agm005012108,24.194652448191814,-5.306279404122738
agm005012111,25.524181613893,-5.075139965870967
agm005012126,25.574400294853724,-6.1509135969733375
agm005012127,24.531333215228795,-5.62498245554694
agm005012130,23.764171295280168,-5.100027397029751
agm005012142,20.749688061273545,-5.843173339148761
agm005012204,21.556330344288803,-5.44526445741876
agm005012255,20.245264309529503,-6.816223574963862
agm005012280,27.96962385193903,-6.0455348521608006
agm005012300,23.780812870429287,-5.972979479788488
agm005012301,25.268804551343347,-5.972502099096718
agm005012307,26.40382943863628,-5.989772020076451
agm005012330,24.386982261680714,-6.025942046821532
agm005012354,22.615380319406743,-6.007755930628894
agm005012448,24.11233650339266,-6.325248066210174
agm005012469,23.080209503509238,-6.30298792523251
agm005012494,14.397064017363888,-7.593208538092533
agm005012515,15.389941770603608,-7.949929842525033
agm005012524,14.894533923117496,-7.739514572054898
agm005012533,16.765926874606684,-6.782808525379733
agm005012556,13.350522651242041,-6.469073303736498
agm005012640,28.376651002585344,-4.695019961130659
agm005012658,27.4593838875801,-4.662522405941732
agm005012700,27.69672237682034,-4.685615137925867
agm005012738,29.120819526054607,-4.505290249266536
agm005012834,22.449641762036944,-5.67100967035464
agm005012856,18.337688412164614,-6.808778027625486
agm005012861,24.422507679132323,-5.333108158856646
agm005012864,25.121115035914382,-5.974701938245852
agm005012914,23.080201495207085,-5.980754951589446
agm005012935,23.586716591172156,-5.879958524995642
agm005012965,22.604246088892403,-5.5008333065443935
agm005013030,21.538122256028664,-4.754737197733504
agm005013107,25.23846327578818,-5.480152331933878
agm005013131,25.388939548825743,-5.9224518171610665
agm005013134,25.44579684495326,-6.43887077192539
agm005013143,23.17081364924372,-7.301803222187817
agm005013151,23.492612148323396,-5.5341653900452545
agm005013162,23.57092105955181,-7.302522084290726
agm005013194,23.20577528355677,-5.57742514901646
agm005013199,22.29173227915133,-5.155926531512484
agm005013245,13.775217537432411,-10.21372330436614
agm005013254,20.070868769658592,-6.69198674440744
agm005013261,27.83906890909182,-5.64511024572387
agm005013263,28.397122416891932,-5.634797053311658
agm005013274,25.3891209276134,-5.625853653698227
agm005013280,27.512468671129472,-5.558467020496607
agm005013307,26.064886785580605,-5.609920887343643
agm005013324,27.28694195691595,-5.567792150878888
agm005013391,23.69705820435981,-5.6578992932802175
agm005013394,24.023719299621384,-5.652522405619525
agm005013395,23.71864710114756,-5.656732426480298
agm005013399,20.000815202136444,-6.186163982356693
agm005013415,26.305787843921514,-6.330798018084638
agm005013429,27.581606064886337,-5.8324235346288855
agm005013430,27.31624359999406,-5.841037968744236
agm005013435,25.820725082476105,-5.854059726729585
agm005013479,22.788316741108762,-5.849601516616865
agm005013481,23.94187328953025,-5.839173956653407
agm005013516,25.18067145567067,-7.678985936331896
agm005013519,25.54559774881744,-5.8752435838581505
agm005013532,24.11075550716926,-5.890844287671257
agm005013553,22.757070951031118,-5.918382891251321
agm005013593,23.39098330189455,-5.739397600036639
agm005013594,23.442290752351003,-5.738704753251911
agm005013614,25.33880231258194,-6.394911274810935
agm005013657,24.044173200613322,-5.920682386026158
agm005013691,23.004762318901925,-5.051988473286275
agm005013720,20.49395236065601,-6.207633572626871
agm005013751,18.984403659657623,-6.1969310446571635
agm005013769,24.781941514040867,-4.6262798988349
agm005013792,24.180948864472477,-5.84131040323702
agm005013814,24.578069476898666,-5.8151791785223725
agm005013827,23.5161356814142,-5.829627211507584
agm005013838,29.390817821158407,-5.411693965669803
agm005013863,21.8891021954965,-5.804206746321645
agm005013930,25.540988845415335,-5.448308484702574
agm005013967,24.456311851030062,-4.729380964056612
agm005013985,29.58787890876524,-5.586322569474315
agm005014018,25.366383389145604,-6.429999192998596
agm005014034,23.46254945191896,-5.959292673714616
agm005014035,24.69733708362363,-5.958653657345029
agm005014057,23.46734700339003,-5.931527238590292
agm005014061,26.89723081074457,-5.728381912414828
agm005014077,24.58826015199027,-6.151830751283095
agm005014082,23.10625558206541,-6.144990831070102
agm005014084,22.894445739825073,-6.136805278479015
agm005014090,23.13744672060948,-6.409256266288177
agm005014093,21.879705736034023,-5.970378892474004
agm005014115,22.54032884627175,-5.977742403188303
agm005014156,30.420024430155145,-5.126569632535519
agm005014179,25.79648583937206,-6.201236514085987
agm005014188,27.699945882534273,-5.938266086519258
agm005014224,24.9057531584816,-5.402065248948799
agm005014239,25.664646828196005,-6.604923873610753
agm005014246,23.696954396700722,-6.469418670350808
agm005014264,22.18234414418692,-6.077831529190465
agm005014275,21.390932321520037,-6.081196494610336
agm005014293,21.79987756370155,-6.095512500416954
agm005014297,22.333267904311096,-6.075701483799427
agm005014312,23.111183490977503,-5.378010070150128
agm005014341,21.847429459751346,-5.4084568720376165
agm005014768,20.82767554011007,-7.704033547613312
agm005014772,20.110386121584085,-7.726581709669524
agm005014780,20.78641490446696,-7.492374391735058
agm005014784,21.19824203929563,-7.488841338320228
agm005014785,21.742078627821293,-7.6104746292260925
agm005014788,20.061345749762015,-6.966853916156043
agm005014876,23.473459397542214,-7.297720996499805
agm005014877,21.623366959103986,-7.599146964530203
agm005014998,18.048231626625352,-7.61135275196907
agm005015022,20.66228705252574,-6.968959250259184
agm005015032,20.36356834388131,-8.485128463136043
agm005015035,22.37920996329178,-7.296468452618254
agm005015060,19.494610077071965,-7.372727581452823
agm005015166,21.71881591168684,-8.654365430757057
agm005015550,18.88593635507481,-10.080084795622222
agm005015568,32.70681637259472,-2.6370753470047035
agm005015608,19.89051439944774,-8.615828731082223
agm005015610,18.569810368339265,-8.643015841520832
agm005015611,20.14583866584026,-8.42144357891504
agm005015671,21.976836459221897,-8.352307405275136
agm005015674,21.16570653826474,-8.370277734034167
agm005015734,18.1174552662847,-6.605112283042115
agm005015794,19.24944276726579,-4.810768395782567
agm005015840,17.797866156548572,-6.4565885462880654
agm005015941,17.955442189428602,-6.894456615518339
agm005015960,18.53488436604279,-6.720322169304252
agm005016055,16.28877967435531,-6.5579313976095195
agm005016059,17.907521994732296,-5.505092397548328
agm005016095,21.59396639497797,-3.48404555791787
agm005016097,23.077433878001468,-3.5293474865108743
agm005016133,25.81088219558031,-3.8475154712781974
agm005016161,16.55691947887488,-6.163192634784435
agm005016289,18.23669517037922,-6.425116315366312
agm005016328,18.84694246800178,-4.168803202554772
agm005016357,20.34099222606156,-4.307399780710485
agm005016362,22.607065423245086,-4.311557249251519
agm005016433,16.375057119625012,-5.492072189561578
agm005016456,18.322501558224573,-6.3890125144800844
agm005016479,17.518640997347934,-6.038064539477413
agm005016502,17.546131905049176,-8.30283944617551
agm005016505,17.362377638808233,-6.542183773103718
agm005016518,17.176199415543913,-6.7472518051615396
agm005016543,20.856678612623213,-4.367941451157732
agm005016565,19.40253464341137,-3.3277754255719225
agm005016571,21.283264641363857,-3.855538237595984
agm005016593,19.713157109506774,-4.843322350323591
agm005016605,22.166159230304892,-3.178908258139341
agm005016641,19.47588750921483,-4.49220398624925
agm005016651,19.84254592948424,-4.8603200093718915
agm005016655,18.573238509272706,-5.631186378671906
agm005016697,21.637351899581915,-4.135829882330333
agm005016775,19.231432661376513,-4.449949763836921
agm005016843,17.506019948911018,-6.9882654883755135
agm005016875,18.80375597144154,-7.274827980110453
agm005016992,19.190102975324823,-5.165243958501131
agm005017128,17.349035909442385,-6.696596962878848
agm005017153,16.918601781961378,-6.3872017584556335
agm005017199,17.07049107459416,-5.9008453462140995
agm005017208,17.10758790557962,-6.576124336065297
agm005017224,18.315149989248674,-7.181829560581853
agm005017239,17.50748313039633,-6.921498203518698
agm005017299,18.139076156689505,-7.140839523878943
agm005017300,19.394169800701654,-6.962715967289985
agm005017354,17.916684762961573,-7.002052755675645
agm005017385,19.88563658593347,-6.506598329232328
agm005017425,19.72079555561149,-6.717654338460603
agm005017476,17.308068264915494,-7.719834897091784
agm005017547,21.26357586156808,-8.16793851735172
agm005017561,19.997784261405307,-9.144481660610014
agm005017566,20.17255389467581,-9.165346218088903
agm005017582,21.011201122956912,-8.821244415818795
agm005017628,23.598900304225758,-5.832329072204106
agm005017630,17.393981600233367,-7.965351197642948
agm005017690,20.100545568528062,-6.4947538266309195
agm005017717,21.426194102784407,-6.011273723589053
agm005017738,18.181014465632536,-5.159445114965901
agm005017786,17.66665700528741,-6.156451382906667
agm005017867,24.61206231674044,-4.159502420329735
agm005017948,19.208939790754265,-5.824578796000455
agm005017981,20.25634755075614,-5.223328423417783
agm005018032,20.077630357982432,-4.805883526762406
agm005018052,21.70953219098393,-5.2368875566963515
agm005018098,24.038897510980057,-5.262841256382584
agm005018108,21.799011381226062,-5.790912852086359
agm005018147,24.001209287501723,-4.419496584492984
agm005018163,19.986080388918598,-5.6107839937853
agm005018193,17.651510714947584,-6.143316080229506
agm005018212,17.04836699612642,-7.064442463788576
agm005018354,17.51767967704207,-8.617924102107889
agm005018364,16.568502397746947,-7.219373583643554
agm005018365,16.25161843996461,-7.232270442547585
agm005018417,15.782276888152143,-8.356589606846741
agm005018431,14.694985933974902,-6.054406919392976
agm005018453,15.962086288969356,-5.969811744496147
agm005018490,16.19251674966978,-5.797400162286388
agm005018518,17.88184049429706,-4.4857304332101835
agm005018519,18.525849157812498,-5.258488522258171
agm005018528,17.280548687769826,-5.159108866129919
agm005018532,17.164748395871236,-4.8719957587632345
agm005018574,16.55448049991585,-6.564341712198498
agm005018585,14.95950393937739,-5.120578428363584
agm005018633,18.689289351059955,-4.416178296849198
agm005018664,15.45639821094395,-5.269799120381441
agm005018700,16.01333161752336,-6.1453425917738596
agm005018717,14.446047881573003,-5.668616533157945
agm005018749,16.425554317977138,-6.756739072521536
agm005018752,15.961687168072462,-6.7836127310255305
agm005018778,16.28864556129286,-6.473998955552881
agm005018822,14.602011145277032,-6.704678323923919
agm005018866,21.416478442270467,-3.826855845950793
agm005018870,18.403353415261,-5.606976373744285
agm005018888,17.771878292111683,-4.564763678155654
agm005018897,16.695909760664946,-5.2698444839430705
agm005018914,20.7237463280698,-4.363174239793356
agm005018942,18.575070456537986,-4.078622695885082
agm005019007,16.471597153991404,-7.432580910809634
agm005019019,16.283322367884104,-9.252587940977419
agm005019028,17.001415561926656,-8.118360852069895
agm005019043,16.573392026780105,-7.998190192690582
agm005019060,16.692976303057655,-7.208511261517719
agm005019064,15.552426620588975,-7.226783714016564
agm005019076,16.841200013525327,-7.798277794699392
agm005019102,15.82304689412818,-8.365973335559332
agm005019107,14.776557060758446,-7.214951209620148
agm005019264,16.920413079891865,-6.137049869835865
agm005019289,16.604278344114242,-6.582203204380283
agm005019308,18.509709983027257,-5.719978066752354
agm005019563,15.468804658480943,-6.9290318904648895
agm005019652,16.37089087850504,-7.6130207697295
agm005019682,16.326153378664152,-6.201554975401215
agm005019731,18.592101300057827,-7.405558828867872
agm005019940,13.351321931407082,-7.768013800313659
agm005020055,17.267354214462912,-5.643950127809916
agm005020060,19.53681499124739,-5.837964606519078
agm005020129,21.969283125312522,-6.6502439713098696
agm005020210,17.99747029805563,-6.790184748894629
agm005020216,20.222939291897816,-6.714348242956907
agm005020222,18.296984109921627,-9.139943653244615
agm005020332,15.110493439333268,-7.734281744873087
agm005020333,15.015914795366731,-7.728541617708942
agm005020350,17.12380996090775,-8.088258622196257
agm005020451,14.939333657832794,-7.620713697169289
agm005020530,27.34164221456421,-3.1893835177677117
agm005020603,24.094940422350213,-2.406758966862415
agm005020606,24.614889558086944,-2.6328944029985664
agm005020626,38.233472719415445,-2.848367333010125
agm005020635,21.410530876406096,-2.784039044633713
agm005020664,27.0883647517985,-2.105915534228795
agm005020679,30.94363237951298,-1.292507318769123
agm005020689,33.944306168323656,-2.2992241196482155
agm005020703,33.878462427172096,-1.1636742332993313
agm005020719,24.811945298420323,-4.212387412889278
agm005020765,26.0956109825289,-4.160821801171169
agm005020774,25.287014427201726,-4.058983471082256
agm005020832,33.19478293548499,-2.736214597181309
agm005020833,39.72393091745649,-3.181487564026174
agm005020870,27.227793460640292,-3.5925125724462736
agm005020880,27.373428494889037,-3.158395325410943
agm005020942,28.55405536826392,-4.586187255437987
agm005021004,15.253000192325032,-7.5040717139695845
agm005021023,10.36853621114027,-7.583364527659043
agm005021056,13.331490355548606,-7.759921862860791
agm005021061,14.781308938502514,-7.922108893819754
agm005021088,12.190506674119897,-7.22045873230905
agm005021138,15.81774395183119,-5.90702917226761
agm005021149,20.473457254249162,-3.5405443626577338
agm005021177,18.963500819616627,-3.9721452439137543
agm005021178,19.547035059995515,-4.663736768024534
agm005021193,18.796408421991757,-3.541420690516542
agm005021194,18.760876798154175,-4.392239835151173
agm005021245,19.09925165679941,-5.395578488121101
agm005021246,20.457067084401892,-5.283964092239815
agm005021341,29.58614466867881,-3.047893205264966
agm005021366,23.054500428065133,-3.120817611781202
agm005021416,25.600974979842768,-3.139723834560619
agm005021526,20.835102157547546,-5.463825999769033
agm005021730,22.342907134456194,-3.056599383151302
agm005021754,19.54945183673022,-3.2598088027734233
agm005021778,21.113630872168418,-2.5161920247422906
agm005021790,35.0875788082313,-2.7713101087375325
agm005021796,19.15195457572306,-3.6267981712210213
agm005021801,19.265426541933344,-3.642114836758495
agm005021838,23.928169687988206,-3.6323787193117405
agm005021873,20.16905066625302,-3.1190390047737435
agm005021892,21.348436508306794,-5.393714315010046
agm005021903,18.16048817382304,-5.894422664982969
agm005021925,19.11245076486656,-5.46252509352879
agm005021959,17.714630483912437,-5.637754828391179
agm005021980,12.409032247202939,-8.339216865166897
agm005022049,25.4869761132077,-3.007895900496196
agm005022155,23.008985151216798,-2.992949348408684
agm005022156,22.15551327465095,-4.550108249760096
agm005022164,22.034214579580755,-3.5960909570029242
agm005022188,31.32582537566818,-2.4751875600868547
agm005022212,28.269124450788013,-3.486270241137415
agm005022249,22.960052711578264,-5.176626624832799
agm005022266,21.59251884126737,-3.64191965934245
agm005022287,22.236882743537343,-3.965179530623933
agm005022302,15.010000774093195,-6.86276134444648
agm005022438,16.13827925374761,-6.2836610016037415
agm005022441,15.116634319202035,-6.335090904495246
agm005022452,22.56352966830324,-8.150006361735034
agm005022471,18.934213410586455,-7.191424312483915
agm005022482,19.54178430378206,-6.178816056827781
agm005022533,21.732520783227166,-7.64903970526912
agm005022571,21.103464598143816,-5.457961031370467
agm005022629,15.769079847982487,-6.543035025314422
agm005022648,13.110587349236212,-7.890270534566161
agm005022767,14.673572013830798,-6.397309987196357
agm005022768,14.952598372777539,-6.102746769756088
agm005022769,13.853263777187205,-7.56435154714579
agm005022847,12.88545999647376,-6.206211158482568
agm005022903,17.419351565653194,-7.668351511395871
agm005022914,16.080433192594334,-7.66268575189567
agm005022957,14.808473535581308,-7.342844544111936
agm005022988,15.58144255920438,-7.891660188817251
agm005023014,17.187061956361916,-7.389976747398322
agm005023016,13.706611240079003,-8.738175358906204
agm005023031,18.29650548588628,-7.1179892538964875
agm005023038,19.735764403582216,-7.3832520240172155
agm005023116,14.912207330725835,-7.523487673320858
agm005023150,15.569945103016352,-7.190271669859508
agm005023171,18.017771632773304,-7.035490798247257
agm005023214,17.522991265155,-6.85603160861601
agm005102633,32.24298821107874,-3.868981051400706
agm005103111,30.581392289742055,-4.894587206288484
agm005103356,10.319316197433725,-9.158014382711974
agm005103457,14.606825754631931,-8.085205773872708
agm005103791,18.859939293463608,-7.6806907552498185
agm005104476,18.331976667727318,-6.450551483799472
agm005104736,42.44227742965775,-2.448830647167
agm005104994,34.482941324584054,-5.856924607436104
agm005104998,34.55069300901407,-3.9638438081607763
agm005105090,41.882286637259874,-2.9315703332761247
agm005105125,29.653391883832874,-5.6943152655375755
agm005105138,37.74235857399536,-2.9639130759850003
agm005105696,34.41917822817852,-4.024886683410171
agm005105977,26.635538720765954,-6.68725927394631
agm005106039,32.89900186954912,-4.067845398573946
agm005107226,26.540868146122733,-6.440462371215311
agm005107333,19.82556389192095,-7.162764259275125
agm005107365,22.386752866268363,-6.829189079666085
agm005107375,22.567121366608394,-6.842735952625236
agm005107384,28.00611952840972,-6.380659912677268
agm005107809,29.62518813329135,-5.444368923731819
agm005108480,31.904837441687334,-5.036359355177213
agm005108495,32.91162745946516,-5.5539522363207965
agm005108533,32.08703279619016,-5.066767103129846
agm005108536,32.57808523418961,-5.10430474185932
agm005108551,34.47547769232445,-5.1722954655549085
agm005108594,32.32541656854364,-5.512798460728597
agm005108603,31.57719911894921,-5.484610387595531
agm005108696,31.99537118817658,-5.070123810083015
agm005108933,20.241443751135094,-1.9168555098264801
agm005109074,36.5643329633824,-1.4437826129150717
agm005109574,27.678609422262863,-2.490734258075193
agm005110902,26.245870397679866,-6.2046717040741335
agm005110957,26.837418170427746,-5.552048921996611
agm005111107,33.58510863416741,-4.88981919795132
agm005111294,25.809588832517345,-5.190070158546569
agm005111652,34.933222804647556,-4.8584008145035185
agm005111958,26.944803755790584,-5.911241920825153
agm005111997,25.958949875608464,-5.8469902543425984
agm005112021,24.764581831623165,-5.770319793620287
agm005112064,23.879187410660435,-5.753332748606944
agm005112897,9.263503019244821,-4.722313298085858
agm005113261,11.487047113534869,-9.170393543478026
agm005113561,27.78997725847321,-5.942039442240812
agm005113901,23.301428225747475,-5.348698596824763
agm005114220,25.712124193680427,-5.258073765002727
agm005114252,28.652581707042472,-5.206144294882604
agm005114516,36.65954861244483,-5.956314339426253
agm005114634,21.16642041056745,-6.292402870382251
agm005114810,24.92145478731156,-7.5997736780845315
agm005114840,40.954814239728215,-4.403146551982433
agm005114841,44.69940001238472,-4.309535828869917
agm005114971,23.166489792701544,-6.402034723062579
agm005115022,26.8283590178018,-4.794533042867582
agm005115237,45.2602369494271,-3.6878202762211987
agm005115345,32.12943171850231,-2.371080677153507
agm005115348,35.90558378494417,-4.400578229572849
agm005115379,27.595211948905163,-7.003146127065266
agm005115532,29.8847918930809,-4.795902238750246
agm005115538,39.09642063724567,-4.441486649511289
agm005115783,28.87847744081484,-5.127847032769841
agm005115874,17.360852660506428,-3.1381414364004296
agm005116301,32.26671652848922,-5.080554647198016
agm005116726,19.896226302922553,-4.409889033714049
agm005117055,14.446386902729166,-9.487441839196773
agm005117060,17.36301875454469,-8.03539986936061
agm005117763,14.571306629178128,-9.09449494242983
agm005117918,22.146683407439,-6.156153686250596
agm005117929,19.341364855385898,-6.152868426634027
agm005117992,25.006367195439523,-6.511537134026734
agm005118198,29.734111134396635,-6.137999346040459
agm005118214,40.48526052655127,-3.3069242132962495
agm005119253,31.297306653871654,-5.451964525455138
agm005119771,39.26207945240657,-1.9926862664249705
agm005120135,25.139202995771164,-1.7540366202646867
agm005120742,29.808115514523234,-4.31166193156484
agm005121731,17.407061272338836,-7.963262477436721
agm005122678,26.185952965643725,-2.3381189212043996
agm005122846,32.00409516411443,-3.085518995635394
agm005124254,45.401503089326276,-2.6778654800861457
agm005124320,39.036415652628705,-3.0801986924765488
agm005124330,25.380144622072915,-6.195603156284667
agm005124997,28.501898450412664,-5.656127376022119
agm005125012,27.751115776677974,-5.9522360485237975
agm005125013,26.0687137774705,-5.77953919357304
agm005125151,40.16973809505853,-3.148687627726469
agm005125414,36.22572891082904,-5.2082310772873335
agm005126354,26.784753715712775,-3.5352085796139545
agm005126580,22.18656997178219,-10.81095809216737
agm005127450,35.68543272468236,-4.014704309949565
agm005128234,34.99125233492317,-5.485583125200929
agm005128242,33.557941754895744,-4.695922286736167
agm005128258,34.621332405019196,-4.75395528626437
agm005128326,37.66387656621956,-4.581535888296681
agm005128344,33.782071126826324,-5.400846688574714
agm005128617,34.849429178956505,-4.726308009415246
agm005128639,33.99006737587791,-4.693918803120919
agm005128719,31.541716232787852,-4.564834026617154
agm005128768,34.174753380553554,-4.699525253225817
agm005128769,34.004944272471256,-4.692625377267982
agm005128796,32.3391382414539,-4.629798033039873
agm005128800,32.56766203015472,-4.629786865521915
agm005128810,34.050400861159844,-4.659215062006325
agm005128878,32.37807336247896,-4.617884547934239
agm005128902,32.32465933253786,-4.630823311306383
agm005128991,31.79973284383998,-4.563579643078507
agm005129040,32.42928966523581,-4.607645115086343
agm005129058,34.753609578489225,-4.710266145932598
agm005129190,30.384403161150093,-4.507526879905384
agm005129241,30.809007211733604,-4.531852258533518
agm005129329,33.01511791346389,-5.34221980450485
agm005129339,32.24432139068233,-4.619773799429267
agm005129388,33.124155696315924,-5.347554121481343
agm005178664,35.747562946175044,-2.96461982767344
agm005178681,33.79179966953589,-5.147175409364408
agm005178702,34.106750729085995,-5.163708757583628
agm005178717,37.10284353670461,-4.995102958341466
agm005178762,31.94900816053098,-5.065481923028439
agm005178801,32.219104611345536,-5.7682424206894645
agm005178873,29.155197991195834,-4.954578740098185
agm005178878,29.9022985906365,-5.714218988289315
agm005178949,34.06038811312788,-4.69613924619408
agm005178994,32.8906557194044,-5.350004971689332
agm005179026,33.72025368362413,-4.677584279374534
agm005179044,32.80065867378653,-4.645640573610067
agm005179088,31.486352250828507,-4.574492894079404
agm005179138,32.4205356320376,-5.325805760386221
agm005179143,33.63348861836044,-5.361829304180995
agm005179173,32.03425980718656,-5.320498810263137
agm005179200,21.93473573986402,-5.1052859259500725
agm005179327,13.661115408246971,-8.112302594123129
agm005179414,29.769043462898832,-5.449460274044336
agm005179432,30.541040129451478,-4.3856609111578875
agm005179440,30.373087236040984,-4.386612235559983
agm005179451,29.526401566785918,-4.3199724144703655
agm005179484,32.62724021876409,-5.77201580481449
agm005179555,30.772630487432096,-3.907494084556125
agm005179599,31.540906920615058,-3.939008597791532
agm005179614,30.443991233970166,-3.898088581232494
agm005179624,29.908758749381647,-3.8640254877421087
agm005179707,26.89469147933047,-3.902113192858925
agm005179758,27.370050345440795,-4.279241994725831
agm005179779,31.560153695661526,-5.78060320298821
agm005179781,30.667055601993862,-5.743081700568946
agm005179796,30.3547741413901,-5.733840815442153
agm005179824,31.11638961549116,-2.6140680503633282
agm005179847,33.02080698254588,-4.040171214377243
agm005179857,32.05276223468087,-3.99175602104197
agm005179896,30.03314043239433,-3.901873132584772
agm005179930,31.166602775882176,-3.9489839696923847
agm005179946,29.966327875622724,-3.8849521902338617
agm005179970,33.8588293075246,-5.391226927372463
agm005179986,32.95286452452921,-5.338067089650643
agm005180117,13.389394931230427,-7.048697580131826
agm005180297,13.808790247315402,-6.7548344047184425
agm005180338,13.456535785880913,-4.743743706487749
agm005180405,16.462001210199684,-5.6604164266039225
agm005180453,13.449176014613624,-7.2483353627597
agm005180461,17.20084751117659,-6.295592122605454
agm005180484,22.31940624976963,-3.801311805616475
agm005180520,19.955508129726955,-1.6894962479424893
agm005180623,18.226075362859472,-4.782999330011867
agm005180770,22.56549538889605,-4.455864447194187
agm005180805,16.275218373399248,-5.696668325175514
agm005180874,17.847984009838832,-5.714266377965883
agm005180889,16.349157137817894,-7.631054705777283
agm005180891,16.002397530976847,-7.147907332143655
agm005180997,19.790730279433493,-2.607765460180359
agm005181029,36.999766345579246,-4.078673887166161
agm005181031,36.39248164521913,-4.040610315073827
agm005181050,34.00376578918015,-3.4948163897222013
agm005181116,29.503700889191773,-3.882096245095246
agm005181120,30.42997781216689,-5.365249187532581
agm005181314,15.97498578807298,-7.680261019358782
agm005181377,13.631471588331015,-7.37744336336516
agm005181439,12.442520322404336,-8.95070557361128
agm005181478,20.55174681303948,-6.962684053081891
agm005181487,22.264591489549293,-6.102988571877775
agm005181493,21.681084154152487,-5.393330720125599
agm005181496,22.774970943674976,-5.414598479793472
agm005181557,16.268262236911745,-5.663804037513467
agm005181573,18.625121889345404,-5.473452144368433
agm005181588,17.27692992018375,-6.818501968770473
agm005181645,24.583358826111095,-4.939935904545696
agm005181680,18.404554219944327,-5.431391272858972
agm005181736,12.7737567777103,-7.65677386572472
agm005181911,20.601836272765738,-7.0681498319197
agm005181995,14.30763407616816,-8.384802608549993
agm005182010,18.600061166499106,-6.034293775076906
agm005182034,13.242961333077929,-9.19797074881009
agm005182081,20.667428091125593,-7.481447604580653
agm005182119,23.163241741949516,-5.9245396811595725
agm005182156,12.049290515294278,-7.984579390346191
agm005182349,20.02786504944759,-7.077942146560604
agm005182467,26.893549824510938,-4.384199909943106
agm005182522,21.48244195864008,-4.386235888412978
agm005182560,22.376635086367056,-6.1936610119848785
agm005182563,21.703208262901526,-6.21394908811066
agm005182569,20.51734786614686,-5.788051521088721
agm005182594,23.18616361502589,-4.136392965463211
agm005182630,25.300851784206056,-4.385010867749767
agm005182637,24.06938564297742,-5.372542525688179
agm005182663,25.884682560254287,-4.8492698257447255
agm005182733,24.902945950954795,-5.000848901165936
agm005182746,23.993334450723868,-3.8246674921347825
agm005182762,20.36783089633529,-5.443537943944525
agm005182782,22.25977639094641,-5.013672623842412
agm005182787,26.51745908222767,-3.745582774362368
agm005182828,21.741247695926944,-6.652493659987684
agm005182830,26.273209871737627,-4.1538584018879385
agm005182846,23.19749224585533,-5.7861891506290615
agm005182847,23.484975950905255,-5.7878596105168
agm005183015,24.869284756800713,-4.813924517892073
agm005183049,20.966891083488132,-3.7104907914840424
agm005183114,22.879160025681124,-3.9601555614652426
agm005183220,25.06208213156253,-3.5570280095055002
agm005183306,22.260525167843195,-3.6043660445737538
agm005183338,30.174223880370647,-3.106023558976797
agm005183359,26.608080541788702,-3.2476369944529684
agm005183361,25.53637158979325,-3.2089361192869004
agm005183369,25.387467158508365,-3.213749320801834
agm005183381,24.140819721981465,-3.1569719226977977
agm005183383,24.16953053433598,-3.1731679189546753
agm005183464,26.18554663370131,-3.9651167889255605
agm005183661,30.71067608805498,-3.329483807169478
agm005183720,24.00594135486883,-2.775697906418868
agm005183731,27.679249643476908,-2.445378709691891
agm005183782,27.879036627994275,-3.1638188550285666
agm005183791,27.496651456848635,-3.170174887643372
agm005183888,30.66401431604049,-2.3337845113081968
agm005183899,27.84686272338958,-2.868200677033463
agm005183939,28.119914034225882,-3.9328833553805724
agm005183949,27.587825122038954,-3.8877841309287984
agm005184192,25.579454734434965,-3.151743306661059
agm005184283,22.626358085333152,-4.319588351559409
agm005184316,20.4250223541642,-5.1152321715672535
agm005184393,25.16440711245003,-3.9844901862422626
agm005184398,23.717599413076748,-3.9481710912839123
agm005184399,24.481351288105422,-3.9446569894919037
agm005184649,20.312689964473357,-5.328961048590806
agm005184720,23.914100367059483,-4.2198300911073785
agm005184789,25.727502430129622,-3.6979673842927117
agm005184800,24.925546018408472,-3.6840858025065923
agm005184828,21.843671234589287,-3.670583320213053
agm005184886,29.242709442082433,-3.6224254244033016
agm005184906,20.951342185300526,-3.1719507849883186
agm005184933,25.019683161572235,-4.428668091332626
agm005185000,24.489264749711023,-2.8369052116414237
agm005185046,24.005162885595812,-3.9140571171303367
agm005185066,29.2992183535292,-4.061596429349798
agm005185095,26.287300461272544,-3.9603757602586596
agm005185181,22.98996010036704,-4.919742548794615
agm005185225,22.02334405835522,-5.465790894070933
agm005185274,26.388267989625366,-4.101277283288284
agm005185292,26.49295100086427,-4.1363764893263655
agm005185387,25.465135058423805,-3.4994760721536755
agm005185389,25.606386185875948,-3.501925061520133
agm005185455,15.16941099760022,-6.069041538920793
agm005185461,14.840300730550657,-6.694042773885931
agm005185497,12.115491503453468,-7.5708285586386825
agm005185566,20.59121311422616,-6.248917018432978
agm005185585,14.27624303156345,-4.817233615024971
agm005185630,23.126991617634683,-4.573894068543424
agm005185632,23.243978152152785,-4.572268196296517
agm005185703,14.320496547072617,-8.177970941553433
agm005185745,26.011782761835118,-4.14772168124118
agm005185815,26.216187875821934,-4.306042879449152
agm005185856,24.156927701546355,-4.469475816616801
agm005185859,25.367361002000564,-4.512900323465975
agm005185871,27.894309965276666,-3.782225312950689
agm005185875,26.281432557642876,-3.753705142838599
agm005185911,25.164717262680114,-3.9286781413152863
agm005185998,23.478544509041296,-4.051958132505652
agm005186008,24.353946548998785,-4.052231080808791
agm005186121,21.960039082388835,-3.520103065790302
agm005186139,32.58826110030004,-2.6637144661860677
agm005186158,29.92495646249736,-3.4466493314577713
agm005186171,25.72718230412202,-3.594468299003244
agm005186211,15.83567157174414,-6.701933230885479
agm005186280,26.53778753629985,-3.2933145290276995
agm005186326,25.869878107414202,-3.758415779791454
agm005186385,26.317129875287353,-2.4845535663016616
agm005186402,25.239440991974508,-3.974200555421218
agm005186432,25.69081925502829,-3.1540958039933584
agm005186440,26.9793899682177,-3.1743122795157577
agm005186444,25.18887724462735,-3.1304866002371012
agm005186479,24.11052053926983,-3.1058436606028996
agm005186510,20.493977139293776,-4.460437446308973
agm005186561,21.095571172547007,-6.196996319161282
agm005186562,21.376071872453277,-6.186962848887858
agm005186581,23.1254381488508,-4.7057650825657555
agm005186596,22.33602030059596,-4.265427400427173
agm005186607,27.69470303438642,-3.699738969391524
agm005186612,26.37691912871223,-3.6882478048665535
agm005186619,25.99624428779186,-4.335106010040493
agm005186630,26.17338091459521,-4.34485376925382
agm005186653,18.322246032295457,-6.157238022972635
agm005186719,22.898449176440888,-5.322505944307828
agm005186790,24.96664913784967,-3.22472790963103
agm005186803,26.483428002430802,-3.9386260709912886
agm005186807,27.34652213133083,-3.897764394401851
agm005187196,18.141099799801474,-6.56127937813581
agm005187226,28.948985874531022,-3.37061551485369
agm005187228,29.376666838822807,-3.3777176925258834
agm005187244,38.00681509061618,-1.6656716239636362
agm005187372,25.754735952242598,-3.210330222951773
agm005187460,29.88857896187392,-3.417042457857433
agm005187538,27.95021681722687,-4.5531227515268
agm005187601,28.51559525560621,-4.50309439572125
agm005187610,28.639626251476397,-4.293125665751716
agm005187745,23.243427855138428,-6.29870850881595
agm005187749,20.195312749383934,-6.3465318745960495
agm005187795,23.066200836389626,-4.340863045853357
agm005187837,26.544752963165138,-2.995478593587214
agm005187849,29.39894096146142,-2.476667120672814
agm005187867,31.29707229341543,-2.9678128152859258
agm005187869,27.287640064838417,-3.0860465880649084
agm005187872,27.426020902467716,-3.092057046098073
agm005188132,29.30100913625408,-4.0973227511373365
agm005188180,26.851583265915696,-3.807954681403422
agm005188230,14.582292488489808,-10.019398284045879
agm005188344,17.019868851393518,-3.7686879173061225
agm005188376,14.191456290020941,-8.438944245893254
agm005188379,14.107694223637345,-5.982904018573193
agm005188400,15.902755624541275,-10.328161148238278
agm005188402,15.339577612154246,-10.549039296309607
agm005188500,29.237513383393864,-4.899629436509577
agm005188534,25.786686191342277,-3.8301902836235273
agm005188538,29.02015625105146,-3.461114877272042
agm005188574,27.433118443871813,-3.5215285094645346
agm005188575,31.957787270313077,-2.436286045353113
agm005188597,25.75791459504148,-3.216900946295361
agm005188617,27.901413776466587,-4.055449009868974
agm005188653,23.337532072772454,-4.320623186142235
agm005188664,14.479302082006418,-4.187486251066899
agm005188687,24.07461580278255,-4.715264343562973
agm005188695,17.59375340389512,-8.579541521181195
agm005188699,23.99730131768454,-2.9828689146123617
agm005188704,25.400305749397532,-4.476242024203048
agm005188834,27.212471684612883,-2.5837637038581507
agm005188867,24.827743966280874,-3.2254653601790997
agm005188883,21.42789410839442,-5.706868367372716
agm005189039,26.724528424497308,-3.745761856434887
agm005189044,30.983373676618687,-3.257857843674109
agm005189064,28.29041668560694,-4.274168728077321
agm005189065,27.69570652168729,-4.271648211668695
agm005189135,30.15808837646996,-4.292314363548669
agm005189140,28.578221922368016,-4.202317428839812
agm005189266,25.61892112550609,-6.059108227466301
agm005189285,29.6964016742342,-4.439941687923133
agm005189295,28.601504135113192,-4.3974794801663535
agm005189304,28.89368090584589,-4.405803870648129
agm005189475,19.630064409809886,-5.965779873013553
agm005189514,23.584858714578832,-4.53760200149051
agm005189531,42.74892812438957,-2.3978762732525363
agm005189680,59.168802331804585,-1.3473329778910417
agm005189686,37.34061260701467,-1.8065492967308432
agm005189695,35.838499660882896,-1.047217828223951
agm005189798,27.46772012677876,-5.468879948251974
agm005189832,29.473375339381548,-2.2464980421853014
agm005189865,31.68185659249657,-3.423736494967723
agm005189876,26.86134117646067,-5.591594120596153
agm005189881,41.68196036326497,-2.307061234288948
agm005189924,46.4111432265212,-2.2339416321154437
agm005189974,34.9687303912294,-3.408134697480259
agm005190017,31.673839746093673,-3.992584560790627
agm005190178,22.218447079466095,-4.21921477276764
agm005190205,23.41196021201606,-5.913000882084624
agm005190223,16.52188015530028,-11.013699336833644
agm005190233,26.765530066359876,-2.907422750545944
agm005190246,22.876110376892917,-5.211182838878831
agm005190267,21.811043322416506,-6.155651027768789
agm005190282,18.22702686038959,-3.8051615797120615
agm005190296,22.70902885077327,-6.160085395476409
agm005190356,27.039353788058985,-4.437178073321819
agm005190450,24.821950200590127,-6.257171698381586
agm005190474,30.200862637227438,-5.8131156915453905
agm005190545,21.90761599428036,-5.99306903979801
agm005190548,21.999158178254774,-6.0056000088211645
agm005190625,27.55780486339447,-5.590938549369102
agm005190649,26.87964131004386,-7.7832611834985235
agm005190650,26.119278219477245,-5.472578139442463
agm005190680,27.081436187964755,-6.142267973563969
agm005190681,26.450657183338528,-6.38698184908532
agm005190823,26.63637504577274,-5.665389425490415
agm005190876,31.278915566743805,-5.483680691083676
agm005190923,27.58455063074541,-6.035791669077712
agm005190936,34.572803102375524,-5.687470976726919
agm005190946,33.4929654359298,-5.585688674172571
agm005191104,28.03630316891591,-2.7101704429038023
agm005191144,33.761388433011085,-2.3783939376697942
agm005191683,28.981872440006203,-2.6206277531390847
agm005191714,31.908780740941268,-5.574937071308219
agm005191723,31.438983621061688,-6.188860983974027
agm005191728,33.625645058373465,-5.420553724742291
agm005191730,35.6530906327914,-4.574925139936635
agm005191790,38.6875139514045,-2.8659445563056996
agm005191841,28.254838315693448,-5.691183791629199
agm005192270,29.002835276237736,-1.828964114794915
agm005192272,30.364405385333978,-2.078829616341533
agm005192303,34.50760976127798,-2.8842758519231486
agm005192373,34.54338047024207,-2.3098687878938238
agm005192543,29.806812960638755,-1.7790280481363396
agm005192545,23.75888653972665,-3.4018337271211565
agm005192626,35.52728847963415,-1.7905723779705434
agm005192737,26.458696797034985,-3.6652388463783687
agm005192860,28.081765966323324,-3.166009810051736
agm005192883,29.843026682509745,-3.457782487320281
agm005192892,26.650387191174904,-3.287241384929669
agm005192900,27.715864870774073,-5.7573151347630676
agm005192927,28.88596658223752,-4.003619952558042
agm005192934,24.629498130605192,-7.725917655504549
agm005192938,25.68213211703841,-7.554729693829131
agm005192953,19.68603516157816,-7.239791536195402
agm005192964,17.90586550522136,-4.172447329812831
agm005193027,15.34603904526696,-5.741084427556246
agm005193100,24.932631018856544,-5.753491446493908
agm005193126,24.31052289778758,-6.4781992592975906
agm005193184,23.519331784785027,-5.223621963855651
agm005193196,22.79927296318685,-5.266227610701582
agm005193208,23.106279692652297,-5.257396728693812
agm005193226,22.97566827449269,-5.707401560183779
agm005193233,22.875889864755305,-5.719063299557519
agm005193245,21.719056641121515,-5.760698982895308
agm005193378,26.293515634100938,-5.255653678234388
agm005193398,23.523229748113632,-5.315898223524805
agm005193448,23.343722735489287,-6.058688626265401
agm005193464,22.951375069915855,-5.786575910995471
agm005193470,23.300042748990492,-8.026914411888194
agm005193567,23.05317034023483,-7.701111748994154
agm005193582,22.945490612374215,-7.416202235327457
agm005193590,26.885841208436815,-6.040884080980939
agm005193601,23.781073863202465,-4.3066327895098455
agm005193612,28.308970344517085,-4.75782344800398
agm005193657,29.975398938460508,-4.343142924834143
agm005193659,28.877596845607936,-5.016630123026791
agm005193670,27.61849934935628,-5.112144973900255
agm005193672,27.87889874729253,-5.1179872284207075
agm005193687,26.97346979417063,-5.07033452272552
agm005193748,29.234820509592996,-4.807179198389306
agm005193768,23.3855663920219,-4.853530138997033
agm005193773,26.078345328588366,-4.852827062765371
agm005193776,25.53519105470537,-4.801183590553988
agm005193804,28.705781371111353,-4.4591205268461716
agm005193814,28.642748369993562,-4.455695157030097
agm005193827,28.217787828992137,-4.444069210276404
agm005193938,29.143924284550234,-5.121118727483834
agm005193985,31.163177804925578,-4.3168435954562465
agm005194007,35.06418801162359,-5.610090191922077
agm005194028,22.884080380201503,-3.8038788686552527
agm005194046,20.40426959714897,-4.769862882281489
agm005194053,22.26738171952971,-4.322119067044828
agm005194107,17.843433462530744,-5.121628236683567
agm005194111,21.26369474878105,-5.969726266451175
agm005194123,36.469607955057235,-1.6443468835615649
agm005194124,38.95125078350642,-1.7035489075266117
agm005194139,21.45841496951334,-5.422226559670839
agm005194214,22.934653611506313,-4.9684834997512635
agm005194290,20.2671980841504,-6.038786152468685
agm005194296,32.673626484591736,-3.2656041098409867
agm005194298,32.811143519464636,-3.271546971052896
agm005194309,32.34171382117466,-3.241286509771439
agm005194310,31.478787073022602,-3.203824062237067
agm005194356,33.9633414541254,-3.7757908366938984
agm005194384,29.22894210233708,-4.5490678898720915
agm005194394,29.707139445918628,-4.593006993368023
agm005194395,28.732935922110567,-4.545990081435733
agm005194450,29.54055936379943,-4.698117222343715
agm005194468,27.558627711265338,-4.651343835306066
agm005194502,28.81954276990897,-4.6560390346555325
agm005194547,26.54078081205379,-4.606376989217649
agm005194581,19.98824933972228,-6.629998968093666
agm005194643,20.67140537286196,-5.038284093581798
agm005194712,29.112792294188708,-4.330573895390602
agm005194720,29.951085556510368,-4.366051000561778
agm005194761,29.472846708090355,-4.340262547303364
agm005194777,27.514322127039872,-4.264387027776497
agm005194799,20.987955857718376,-5.12179739596918
agm005194816,23.008798149361425,-4.39056071776005
agm005194817,23.252808644676648,-4.393532681234479
agm005194833,23.00746441106271,-4.495225119872954
agm005194904,23.804861870366928,-3.6834250430791897
agm005194945,25.189874420775652,-4.312112050025092
agm005194969,26.061012816738312,-2.5433397611835864
agm005194977,26.431501904719447,-3.2704116594460464
agm005194984,38.22206809970979,-2.36755833502792
agm005194989,31.937522275289545,-3.361853810624624
agm005194992,30.69489371385311,-3.33629839653211
agm005195078,28.584355443182343,-3.9927053372595007
agm005195087,31.920069972449213,-3.8614931915929933
agm005195137,31.559752438252655,-3.8325120932888717
agm005195153,27.277007542915065,-3.9311812296156172
agm005195202,26.931996582863643,-5.14167066581781
agm005195261,24.547844854630174,-5.994396764700096
agm005195291,24.08576836983425,-6.117358921941991
agm005195329,21.924604177475842,-6.502612910379254
agm005195330,22.133439325093942,-6.497399505158969
agm005195366,21.107131546143062,-5.084010366381362
agm005195383,28.03788235019508,-4.312056500251815
agm005195425,22.237529041233064,-6.865159668824882
agm005195443,22.565390161217962,-6.407102473085305
agm005195457,21.319576682725717,-4.445097244766496
agm005195557,24.264828716727166,-6.328852538969681
agm005195598,24.40227149069599,-6.020514362908729
agm005195641,19.219809530334924,-4.914945591470017
agm005195653,24.0294274439373,-5.713587341523751
agm005195693,39.400446372474626,-3.0942261160566398
agm005195704,32.248960060118485,-3.249485997968742
agm005195708,35.83384165387655,-3.1318185656256716
agm005195730,31.650346571845883,-4.710114919092292
agm005195756,30.754231354624576,-4.642241839711563
agm005195831,22.478684079659427,-4.892775794778268
agm005195878,22.29761641495027,-5.06837100829792
agm005195900,24.71095451118079,-4.593338732045511
agm005195926,23.03129419853048,-5.860535924390731
agm005196031,29.782585308557852,-4.645418349643471
agm005196046,29.943749886906875,-4.6741621851998065
agm005196064,29.371035898379095,-4.636412631144525
agm005196122,32.461197905982424,-3.931262764895805
agm005196144,31.601564431698996,-3.895144845206572
agm005196148,30.507331962578373,-3.8420981134733405
agm005196151,30.672870516386233,-3.866673300189307
agm005196168,35.946690105668964,-5.220265994316334
agm005196178,31.67591684044827,-3.8737677113398035
agm005196179,33.23253778227551,-3.699925824387642
agm005196180,29.96208934284923,-3.795969713656768
agm005196246,29.947375418077684,-3.8074798950617024
agm005196251,29.242569368473358,-3.769129130769742
agm005196347,24.886367454641075,-4.239824017914696
agm005196523,17.686029722348767,-6.937177453934512
agm005196692,23.52682782444434,-6.414782495995201
agm005196717,24.708259684805263,-5.69332213738765
agm005196733,24.4588111156803,-5.980794518200301
agm005196739,25.527127653845007,-6.881035723537054
agm005196804,15.013959652276267,-8.356787278406639
agm005196976,27.683863426478887,-6.2349627185391165
agm005197147,30.717443448030494,-4.893578345587068
agm005197166,22.5060429217329,-6.025249964816876
agm005197183,22.44453145596047,-6.252731715400638
agm005197257,29.339290285055313,-6.088034442461346
agm005197537,21.932514997261297,-6.275558142599429
agm005197723,31.396776609264595,-5.052532715940787
agm005197767,29.7506755421675,-6.070272614395793
agm005197917,26.658462564320157,-6.036786190911474
agm005197950,28.835869887780266,-5.763312435639071
agm005198075,21.96357450623892,-6.690025887017615
agm005198107,25.90253194085298,-6.432314947548156
agm005198115,32.36743972599232,-5.5290144058564765
agm005198137,22.986193884666402,-6.210001444348222
agm005198145,19.665246685454125,-6.624197456476052
agm005198155,22.237468582097677,-5.525422213252925
agm005198226,28.369916907171266,-5.900055860319458
agm005198235,29.2326100944003,-6.195984432320337
agm005198280,23.044242504491162,-5.792402363904393
agm005198341,25.208552712902787,-5.3818840088495765
agm005198350,25.495680038475047,-6.061661142724474
agm005198351,31.619344375412357,-5.199020651763921
agm005198445,23.88484949050195,-8.466334565365736
agm005198494,36.398172730000745,-4.625856377038401
agm005198514,29.535044311055856,-6.785051449801728
agm005198529,35.949365399189645,-4.768349610758822
agm005198534,31.9650598996639,-4.546971317322187
agm005198593,34.70372903587791,-3.587636004214107
agm005198602,32.514245467527026,-4.6056334422078224
agm005198778,27.5916169228592,-6.233161952828465
agm005198779,28.50803480956787,-6.249130956449351
agm005198951,27.859057312118992,-5.661492794912233
agm005199044,25.852975713575685,-6.43698711032427
agm005199121,23.7801467093978,-8.542291048822579
agm005199189,28.953835947921704,-5.278950348079376
agm005199413,16.946068504626805,-7.358948329424025
agm005199543,27.00584118081404,-6.468228215192495
agm005199550,25.173099682229065,-6.420157748071079
agm005199559,24.632426025102543,-8.57176744307534
agm005199569,24.916979115505544,-6.3702560830265025
agm005199617,23.08809475943472,-8.525126263641344
agm005199677,35.9136869704757,-4.135192236959909
agm005199784,25.69023436816338,-6.697495044784947
agm005199806,23.232380068060174,-6.57318692186012
agm005199808,23.58775798863787,-6.5950527409838555
agm005199815,23.0939338144884,-8.823298893138277
agm005199867,23.0862285444931,-6.592474635106839
agm005199949,21.335916494191384,-7.26823562490164
agm005199974,20.345703815069207,-7.220165099230863
agm005200029,25.12255759305347,-6.949700597061634
agm005200054,21.719900094712578,-6.2179926716343505
agm005200064,23.740627590249613,-6.929812291322147
agm005200146,29.79855924642441,-6.367867875854881
agm005200176,28.683566892498984,-8.56929009015015
agm005200213,32.17213668095181,-7.711222425707316
agm005200214,32.52921698099589,-6.031644428421718
agm005200262,30.27619459151522,-6.14237073958957
agm005200340,26.461258346901424,-8.229500583147516
agm005200403,32.78560665223911,-5.098690356249472
agm005200430,30.300160975299764,-4.952111879248331
agm005200609,24.46027724604654,-5.772949302374254
agm005200616,23.80741229017568,-5.714962444019312
agm005200619,25.514788829569973,-6.416712724711476
agm005200637,24.799351902214063,-6.66446867465964
agm005200687,21.021320268897316,-6.170179480139038
agm005200711,20.394571304322675,-6.440539891845068
agm005200721,19.495738833266813,-6.155777043847315
agm005200734,15.430857722340248,-8.975651743838025
agm005200931,28.466629556227485,-6.216864079587415
agm005201024,28.590672375268415,-5.860168075377076
agm005201025,28.421534762835755,-5.846641471678735
agm005201029,27.54421866184154,-5.791986254530865
agm005201080,31.007842259838572,-5.299650811726967
agm005201093,30.693684055020704,-5.235249453490854
agm005201143,24.31931642751371,-6.361233265410075
agm005201216,31.66497637627005,-6.040760954713382
agm005201228,29.1095366996789,-5.664772390170418
agm005201309,34.441194954042075,-5.535209229224089
agm005201393,32.000305459884856,-5.294650757752363
agm005201396,27.650972492592516,-5.389307484264842
agm005201407,27.57036902497199,-5.397490775684574
agm005201590,27.338938434878692,-5.390961639984866
agm005201905,32.077566615456696,-5.664332447392983
agm005201979,13.759690653173545,-8.230256554310811
agm005203080,15.02352425325062,-9.721895675133604
agm005203308,26.3005367694041,-3.594824475196834
agm005203310,26.42644264542948,-4.137466686383618
agm005203461,26.30872489723274,-4.319190048660664
agm005203462,24.410640841956923,-3.673283054680627
agm005203476,26.068579178573295,-3.437545883785868
agm005204112,14.767490230540202,-8.970689053817024
agm005204571,24.07631191587044,-6.499654977916765
agm005204603,24.397264559170505,-6.040693734231184
agm005204615,22.25433081650253,-6.017801624231775
agm005204641,22.310318062021334,-6.130292660225508
agm005204646,25.154959182352407,-5.710992910216222
agm005204656,23.28330652021188,-5.641482064939269
agm005204690,21.77100108524403,-5.630135931110862
agm005204712,23.95842436386231,-6.3922438472178715
agm005204738,21.587866737967172,-9.897265347538152
agm005204760,23.202653548858606,-4.871983924149947
agm005204781,22.447932476128234,-6.994934452958575
agm005204811,23.939263098289807,-5.566163804739716
agm005204812,23.777271493164292,-5.5577590407186195
agm005204827,27.944994072045844,-3.4021577453669822
agm005204838,23.811166208001072,-4.184732364914177
agm005204847,27.080724816886715,-5.089421565544739
agm005204857,25.45658666782468,-5.049616992430948
agm005204904,23.044110422705685,-4.99157879595356
agm005204925,25.413961253487777,-4.439550947498139
agm005204951,23.136564142661772,-4.388077559651201
agm005204985,23.221881297298147,-5.089842646364347
agm005204989,23.346576014914294,-5.092501983027573
agm005204997,23.49093920064265,-5.119076597121211
agm005204998,23.833977755532562,-5.125940786117193
agm005205100,22.71811007321818,-5.635423861869967
agm005205128,24.331219696753156,-6.150080518963017
agm005205173,21.930650080110503,-10.30783726587365
agm005205175,24.097901714670947,-7.28998459978692
agm005205197,26.085940020046635,-5.137470088239326
agm005205204,24.379167297042443,-5.087254268161594
agm005205207,24.663663736035495,-5.10377100476693
agm005205216,25.34176822146043,-5.086427872958986
agm005205256,24.461673107652942,-6.17106002840249
agm005205293,23.223810559861366,-6.074189799142206
agm005205303,22.731480593763997,-6.541234410968317
agm005205336,23.029369535342962,-6.177350731183562
agm005205385,26.78960139249431,-5.462196782270634
agm005205428,22.639371156933517,-5.851121098554105
agm005205430,22.788260370626567,-5.852232571104402
agm005205449,26.697751796209783,-5.350870809669399
agm005205530,22.117845798672313,-6.833898730513231
agm005205612,23.110191207100602,-5.511858328744725
agm005205690,24.106734814782257,-5.688046115684166
agm005205723,23.680849447822922,-5.921885438618349
agm005205833,24.190222440543,-6.189462493545738
agm005205836,23.08693048195007,-6.177847564658187
agm005205845,24.433107827533366,-6.177796712694697
agm005205860,24.57793430614178,-6.178631766779368
agm005205939,23.593549041049876,-6.941984323108143
agm005205960,22.313221004297844,-7.006851074634139
agm005206024,23.041519175519284,-5.650530926185698
agm005206043,23.751585422737914,-6.2517146119020355
agm005206072,23.896993636814834,-5.217756553846649
agm005206092,22.96944935108899,-5.212963072041065
agm005206115,21.115014496430188,-5.734604371520768
agm005206116,21.42294570910667,-5.736290357154732
agm005206128,27.91901027706443,-4.185479826546759
agm005206164,23.601394608071793,-5.174441750784924
agm005206165,23.44384427374397,-5.166351972496621
agm005206194,23.80153498505516,-5.175931294074779
agm005206223,24.57810338794569,-4.574833669898479
agm005206234,22.429806508615158,-4.512454979890157
agm005206245,22.759780344349892,-4.541018517390876
agm005206255,23.12829988670623,-6.711688367061818
agm005206267,23.422813536894953,-6.697268776565496
agm005206319,24.047712594333653,-6.384192187600618
agm005206322,24.325013151938766,-6.376081347179374
agm005206328,22.98492675651724,-6.328318992568746
agm005206348,22.52336326019142,-6.337608016194736
agm005206356,22.034151222080187,-6.348430706384105
agm005206389,24.947021890835654,-5.2448160991356785
agm005206403,24.35349903415174,-5.256767060890102
agm005206530,21.95032500081671,-5.843604362653282
agm005206541,23.23657662729686,-5.863543520615445
agm005206625,24.597578284165,-5.165716428901541
agm005206646,25.255312867606506,-5.360197667386622
agm005206658,20.83690593211876,-4.904849927123723
agm005206662,21.258393801795705,-4.902164380972652
agm005206676,21.79306226472508,-7.0523935933443616
agm005206680,22.564464282194837,-6.147986549122679
agm005206683,21.135624386882814,-6.157594682791765
agm005206691,21.851129506993736,-6.665160148631085
agm005206706,20.0745082952426,-6.299821546072888
agm005206720,22.59551951254636,-6.484664741487225
agm005206768,21.791996648790036,-5.103610991306799
agm005206770,21.74972206144145,-6.158536035814992
agm005206777,23.919235951969853,-6.26044642602649
agm005206786,23.58753709187406,-5.144723900130175
agm005206811,24.69003770567929,-4.832866766361507
agm005206823,29.650202575327196,-4.896792885264782
agm005206840,26.654183149698152,-4.79255602713962
agm005206854,25.505601937652894,-4.716363234712183
agm005206878,29.877936869057706,-4.497653993296442
agm005206947,29.892331226062563,-4.970342751725222
agm005206948,30.191540682437957,-4.9730829399708245
agm005206975,28.590747075525403,-4.178860988803894
agm005207013,21.49798819469276,-5.1212379500779495
agm005207016,21.729382960823518,-5.099388191915065
agm005207027,21.534481929711283,-5.118760493067549
agm005207117,22.718655825601978,-4.478519986288671
agm005207170,23.171477843899808,-5.722981127330832
agm005207194,21.923109635100214,-5.740524056864436
agm005207224,20.951744894254528,-5.312627854020442
agm005207280,25.76390296810098,-4.913287105475486
agm005207284,25.848426012823538,-4.902439793890983
agm005207315,23.615020115287052,-5.006210014131155
agm005207357,26.127014342445698,-4.312073605207948
agm005207414,21.873750153624844,-6.58758900380974
agm005207425,21.382094827727062,-6.6067492696982875
agm005207470,23.055525666836747,-5.680679135066285
agm005207508,22.16264161756386,-5.699118601935815
agm005207532,22.324184314148113,-6.200081969666718
agm005207533,22.94846285158711,-6.176379156893595
agm005207578,21.490723386497766,-6.9755117648934455
agm005207600,20.970186957715473,-6.597211457648608
agm005207610,19.501079750716798,-5.836806466366153
agm005207719,23.782344565301923,-6.338934125690814
agm005207752,26.462672422633155,-5.150589989569828
agm005207856,23.408520285751457,-5.629433878954593
agm005207948,25.12552954167731,-4.866131751048054
agm005207953,24.18553394106187,-4.698452367746681
agm005208038,23.739585349214774,-5.043181320975757
agm005208044,23.07785025861991,-5.058206668517356
agm005208064,29.99757339141943,-3.247562702153023
agm005208076,24.24164586465546,-6.137664730437642
agm005208107,25.310684843495515,-5.354974323843963
agm005208117,24.511675385761894,-5.308164897575507
agm005208244,25.86320024450889,-6.441379380546727
agm005208302,22.30858307172665,-7.971767138932697
agm005208329,24.67331014248402,-6.335959144076666
agm005208331,23.922095036420508,-6.6144376231161965
agm005208338,24.147312992550386,-6.269903892590586
agm005208341,23.4026352487339,-6.569900757568739
agm005208348,23.76522427333785,-6.277016643268486
agm005208361,23.247292919987192,-6.282729153258006
agm005208374,22.739459077842074,-7.071161472945778
agm005208618,26.2464859228702,-5.743284317625162
agm005208638,24.825111211685282,-5.971457327282835
agm005208679,30.129632550869573,-5.614516156887997
agm005208688,23.72599936792649,-9.034126263335365
agm005208719,29.22113098254997,-5.504365544764766
agm005208732,27.210763733183423,-5.391437761942992
agm005208738,33.237684811441426,-5.295506840645006
agm005208769,24.4342848504259,-9.161405507580513
agm005209195,20.50306778340761,-5.311835178771126
agm005210032,36.55253406633535,-2.867576616793764
agm005210084,16.391536301575073,-7.177106645940267
agm005210104,16.876811059858753,-8.811298985470344
agm005210119,16.69034592580222,-7.779871640388454
agm005210200,21.259056473678875,-6.912325195603491
agm005210224,21.222785679261282,-5.1512125041338335
agm005210251,22.38670664476882,-6.52566834039422
agm005210252,21.382928302563855,-6.5685587069477895
agm005210253,21.647977680633787,-6.556377887434027
agm005210390,23.98096514116587,-4.7779057666011875
agm005210399,24.34767723719551,-4.241201861398563
agm005210406,29.279718992083577,-3.9306432394974697
agm005210411,24.777239111262144,-4.5291972824791085
agm005210419,25.236850308870657,-5.02478843435825
agm005210450,24.997817341570883,-4.940414331081618
agm005210467,25.541037227515496,-4.664716225205327
agm005210519,25.811616985947072,-3.9369337511208657
agm005210559,29.35862644463798,-2.854421538231488
agm005210655,19.961923746361148,-5.037921397140435
agm005210714,26.507493754757984,-3.482190077713001
agm005210744,23.65961060118296,-4.015005797281728
agm005210762,26.59537930694371,-2.9197764458108404
agm005210765,26.761889139809195,-2.946425595633163
agm005210766,27.105266766445478,-2.9588748502275015
agm005210778,25.829036799555393,-3.5930039188944614
agm005210786,26.046889548313946,-3.599327551776808
agm005210796,29.936544202180738,-3.36858563117694
agm005210819,27.810891555321962,-3.303719315662387
agm005210826,11.98745130152524,-5.642581288285942
agm005210875,24.822992632487193,-4.06319717525577
agm005210918,26.366153179387833,-3.8631864032946743
agm005210974,28.753260135855083,-2.960862437257212
agm005210995,31.145582409228684,-1.7235526894417392
agm005211040,27.591794616103225,-4.57219734030764
agm005211057,27.320404765345838,-4.573902856727769
agm005211116,25.36559122343534,-4.463181339767015
agm005211124,24.615252771560577,-4.440202329384191
agm005211174,24.820416892873986,-6.078671240486027
agm005211241,18.360217295349347,-8.071456445260695
agm005211320,23.574844168098714,-4.946209951407528
agm005211328,19.9625232803303,-5.9084983101774995
agm005211872,22.016281304170146,-5.243295311374613
agm005211906,22.652354554805132,-3.304558922604331
agm005211923,20.735014709850365,-5.491139100244188
agm005211929,23.881695292459952,-3.9966198524345344
agm005211939,27.29855839371767,-3.737451766842528
agm005211979,16.526703557549432,-7.080496866283747
agm005212010,30.4922503988254,-2.2053536572807646
agm005212058,28.166706539115257,-3.686645495317882
agm005212067,18.827636711130346,-4.05771742348132
agm005212302,21.50767392615409,-2.7971431607129276
agm005212393,23.677924224599142,-3.006880849068915
agm005212437,23.64363863469945,-4.717659903880855
agm005212452,29.398947607375757,-2.5052502813644395
agm005212456,34.318623774734455,-2.639412433417043
agm005212586,23.12181186237974,-6.076743729586641
agm005212729,24.503639517117985,-6.285709363691077
agm005212742,24.559007493503213,-7.187944270488128
agm005212903,30.98525407558238,-5.186239372979131
agm005212961,23.202798910757064,-10.203879596791595
agm005212967,22.56610269411121,-8.564925692338287
agm005212985,31.033416626493334,-4.574923695502058
agm005213017,30.910969497525876,-4.133785800765805
agm005213035,15.127641504649654,-9.256584049324266
agm005213089,18.591402610707725,-8.867425357153488
agm005213132,14.492460104600468,-9.274819151062928
agm005213199,20.942501198026747,-6.2647795288101324
agm005213201,14.127016907099408,-3.379571183368708
agm005213212,23.17713596054253,-7.060243474872355
agm005213346,17.157935078902483,-7.814616543207645
agm005213348,20.05686235857243,-7.357349662935102
agm005213369,29.168508018629467,-6.381199892436726
agm005213371,27.02422613050175,-6.78654485515747
agm005213395,28.274827110666664,-8.390490099713707
agm005213425,27.47352214327638,-5.700809291595744
agm005213454,18.57567323151368,-6.955074599811497
agm005213557,31.30298462278682,-5.238178010154336
agm005213692,29.161817133728718,-6.201286970397871
agm005213705,28.723352865732522,-6.092913141998412
agm005213718,31.080435271849293,-4.430812690884766
agm005213813,14.60208271909658,-8.264495886325559
agm005213845,16.37454125797515,-3.7051517486964576
agm005213926,13.924547021298773,-8.626545979077276
agm005213981,15.294255399453116,-10.411341817783711
agm005214010,14.279037277892844,-8.577575863574902
agm005214050,16.803649733461402,-6.513470306755053
agm005214134,16.17804567991452,-10.159547017296354
agm005214157,23.822730943680682,-4.513760515232689
agm005214161,24.828842686047402,-4.510087722119337
agm005214182,17.965541719377132,-6.29029615690778
agm005214202,21.26395393941157,-3.8510419304895604
agm005214208,24.333517490424256,-3.655176792333593
agm005214211,22.58942715130502,-3.5097428055843656
agm005214215,23.172202041221773,-5.817449659632672
agm005214248,24.946937322919958,-3.2615002993172277
agm005214266,27.704381991647182,-3.081478240941748
agm005214274,27.44606170883633,-3.846026622380138
agm005214312,25.26363530003157,-2.987598710982417
agm005214317,27.9658239261925,-3.6509060325241847
agm005214352,26.82182811650477,-4.585384658533475
agm005214358,26.790457432975828,-2.9152858799401082
agm005214359,27.37476938651799,-3.4465667242532043
agm005214379,23.199124411336477,-3.894314399871738
agm005214401,21.278904785402734,-3.879170378634312
agm005214419,24.40656254941567,-4.108532842639794
agm005214423,25.1808911443243,-4.722764435880615
agm005214450,20.293096878892204,-3.683038270033024
agm005214510,23.494755890964726,-3.799917535633548
agm005214570,28.369722742787737,-4.092693464630011
agm005214606,30.489090081654535,-3.487092070021823
agm005214621,24.96877923117298,-5.015544013487551
agm005214631,28.257552560768165,-3.7315972780687723
agm005214670,16.38249376865078,-5.9317346957498325
agm005214709,24.125786074600516,-3.7208153507240436
agm005214732,14.34362965836679,-9.807735285338193
agm005214749,13.245218554422005,-8.816262686706345
agm005214782,18.378050951233746,-2.36274610554367
agm005214809,23.064724533305718,-3.234944514370546
agm005214844,22.746315324642904,-3.057176373286582
agm005214956,16.326204974447712,-9.967363424939013
agm005214990,26.66476289277258,-4.642529276295605
agm005215013,27.874981195110852,-3.8245359175402087
agm005215044,25.39887389907769,-5.694274521422961
agm005215051,26.696191686236165,-5.943907828958994
agm005215059,23.676530097944102,-3.5618605831974586
agm005215085,30.172930510456716,-4.323073057705114
agm005217341,44.25178495679278,-2.8956455555908205
agm005219079,20.863136616425592,-5.446755113423678
agm005220322,24.90099296234469,-7.046004937847228
agm005222123,32.00461660317932,-6.744200990450848
agm005223425,24.324101343772707,-6.616078904313944
agm005225922,15.889052065046906,-5.791970257314127
agm005228378,27.53493798789468,-7.311283635857052
agm005230496,27.66667423981969,-6.195507859308226
agm005230499,14.089169427059813,-7.288890939308057
agm005230618,26.693331371413638,-1.9524180170925902
agm005231823,12.923023682836817,-8.258752562189871
agm005235621,14.417033062623954,-10.17136177038214
agm005248519,29.865512580312622,-5.989910760242637
agm005251704,22.30721979214509,-6.657127619661732
agm005252276,41.04218410141678,-1.636001029484374
agm005259933,17.78614474867809,-4.472837965728648
agm005260830,27.647127970265096,-8.233936173668667
agm005261212,10.406495401523832,-3.7620866758084195
agm005266890,23.573500772263614,-6.53832279296537
agm005268058,24.96328215182887,-9.478236255899436
agm005269005,20.896536777194218,-1.8221403021125244
agm005273412,13.760600152504704,-4.765109799019214
agm005275801,18.11272015236084,-7.564902279313553
agm005280053,27.651151601600557,-2.682716918769513
agm005414294,22.181132003724485,-5.275094487706898
agm005419099,36.653493802180094,-5.57573805765141
agm005463605,11.557036293312892,-8.054588236872837
agm005478149,21.160970291197327,-8.258276979931717
agm005480439,19.3744440654355,-5.397899433190403
agm005483676,11.187703108774835,-6.9539593939936175
agm005529966,7.2421783060731855,-5.604083280310977
agm005529980,26.438809230979523,-6.646673600824026
agm005530016,18.112708450442028,-3.1282841698068395
agm005530178,22.21081913720636,-4.6678507751637905
agm005530212,32.1115782015697,-4.213843571077204
agm005530623,57.67594388607496,-0.9866846696127738
agm005531057,17.85429416177422,-6.1085896974809115
agm005531143,26.483874475206324,-1.9303350265202188
agm005538986,44.2641759742979,-3.032973878881104
agm005539007,30.492062969931986,-4.51805297357226
agm005539187,33.47719282764592,-2.947420399993479
agm005540356,28.91479341527831,-3.0426219172497557
agm005540382,25.704716491623902,-4.368900879500456
agm005540385,18.976221444800093,-2.9756411175434985
agm005540400,12.416415565411077,-8.249659248255563
agm005540462,11.364791319717021,-7.5627427128411115
agm005540504,19.1859514497898,-3.350378822468281
agm005540716,32.751234283593234,-4.643873874795846
agm005540725,30.96574909384336,-4.565506815183713
agm005540827,14.644597660449115,-5.500554035242344
agm005540859,19.20653202299577,-2.6362641535736113
agm005541001,23.40325260582358,-6.221878777607301
agm005541016,24.433634074644118,-4.300080354757382
agm005541251,26.998863100391763,-3.4810892964899782
agm005541255,29.30522036731507,-3.80666626612102
agm005541394,33.30641657748297,-4.349039014993289
agm005541414,16.745806812004865,-11.276107590904529
agm005541415,18.755241866863702,-10.247982274345572
agm005541605,30.082102740669765,-4.98419935089938
agm005541629,28.839208916339032,-6.654247676744389
agm005541810,18.300459808194123,-6.605939046184928
agm005542205,22.84175642140244,-3.8652875373964526
agm005542271,17.866248665564658,-2.5606121123538648
agm005542412,38.32381255809998,-4.159778749356439
agm005542536,31.06585222178129,-7.037681756775786
agm005542869,28.11000769191975,-3.722885228428792
agm005543720,33.40528965284003,-5.052984599456485
agm005543759,28.63635390163231,-0.7287720739757295
agm005543786,31.727638143097387,-4.595372093203136
agm005543808,30.40450153638642,-4.515550415895865
agm005543809,30.03692857018665,-4.461882909309207
agm005543838,31.12488628796571,-4.566776783876911
agm005543886,19.013487927816424,-2.459650569954295
agm005543948,31.844862665229716,-6.036045545922469
agm005543960,21.071570681681372,-1.223728907670101
agm005543980,16.83900526066709,-2.3415853876403596
agm005543984,12.667442408109698,-4.374278884733004
agm005544072,25.99833086778009,-6.513555066008264
agm005544076,31.284855293070205,-2.7195955699512018
agm005544219,10.019691457551188,-5.21003666772083
agm005544224,40.60950278884244,-4.641531773266268
agm005544252,15.344182017836564,-6.691950465183692
agm005544318,41.2637063680065,-3.884528362602905
agm005544322,47.87223123532038,-1.6838935017020318
agm005544329,24.815476378286668,-2.247837275445551
agm005544453,25.247216291001003,-2.2724253497221367
agm005544454,25.47059837464035,-2.2805841503985937
agm005544612,19.709998933463737,-4.717922510071955
agm005544653,51.70534427425989,-2.1290900327472126
agm005545095,26.418075033835635,-1.7016638487819435
agm005545192,19.179840912191437,-10.280525436066307
agm005545233,70.04084470900021,-1.2155728509709642
agm005545243,19.85853212157993,-5.108171545795669
agm005545485,16.08370238492415,-6.749991489000133
agm005545487,15.39333550612376,-6.765408968671731
agm005545534,18.793304147362587,-2.8389483424597945
agm005545577,27.59652417718657,-0.8314968205362426
agm005545614,22.4604381577378,-1.2454929152666485
agm005545644,34.8126584144165,-5.037802103793193
agm005545674,15.783558860280037,-4.999582861305282
agm005545824,31.634120862818488,-4.587668073742695
agm005545908,32.79291683957523,-6.950442228126332
agm005545913,30.78396943304088,-4.947297524141056
agm005545917,31.318265564415707,-7.164011173712385
agm005545951,14.149036184506558,-2.7172451490923186
agm005546014,26.828539408672594,-5.389133632687172
agm005546054,23.631844319915135,-8.661236535904171
agm005546069,15.416349564484507,-5.460175065128137
agm005546130,24.3336863443093,-9.523846359796899
agm005546161,14.62972959145773,-4.97906888105227
agm005546301,47.032712600640735,-1.215421725998003
agm005546351,24.59338744592293,-1.792180850493251
agm005546378,25.561762636642907,-1.6217684593346666
agm005546385,29.553484071646604,-0.6929986739360386
agm005546391,29.148226425910853,-4.133098748542708
agm005546419,41.84801829962376,-2.8044394646290876
agm005546530,34.98706626882994,-3.9519652252800337
agm005546540,38.22111516657875,-3.78699822373514
agm005546637,17.132760988904298,-4.892520986091039
agm005546716,36.676983726459916,-3.8153476284687624
agm005580491,32.45752711881258,-5.239398920925643
agm005581560,33.65088289454423,-4.664343288576774
agm005581572,34.08221853206968,-4.6816152024392395
agm005582010,32.813549279368985,-4.633409752571338
agm005582352,32.99973829836042,-3.371003386089193
agm005582456,33.79229512132725,-5.290336774235718
agm005583054,30.918691979544406,-2.7104934397025264
agm005583145,31.054715129546306,-2.6029987569074766
agm005583358,61.882447799504256,-1.0253151327009318
agm005584751,18.76247824723728,-2.6316593657308576
agm005585003,33.02646015645859,-5.095881053072003
agm005585248,32.86149991906503,-5.098622889730771
agm005585340,14.809653064266852,-10.619587169720441
agm005585407,42.039746454086824,-1.3463383947097312
agm005585641,31.872983121314608,-6.2256984269161135
agm005585646,30.77358525306568,-4.422283418981275
agm005585802,18.899258491214354,-5.469265096763198
agm005586174,33.22066210104928,-4.2271983667197945
agm005587043,24.962762859908747,-2.397856236856012
agm005587399,71.31143644876671,-1.0709080444873638
agm005587945,27.610854970408912,-5.829398602648985
agm005588407,28.74399024716732,-4.146946920173554
agm005588754,20.723600592718096,-5.600780067725594
agm005589462,21.216055061198734,-4.094054480629393
agm005589799,35.248135258685046,-4.747291045188175
agm005590007,16.24529156137594,-8.129069754489407
agm005590208,36.53604173756374,-4.5338343356548725
agm005590296,31.812467838141917,-4.560127864783149
agm005591073,32.12929737497447,-4.608198589803166
agm005591365,32.675711312165305,-4.613600958477305
agm005591392,19.924586358856832,-7.965856767662427
agm005591457,32.50389759563191,-4.619315344646422
agm005591736,31.697687223447385,-4.5602965187264255
agm005592312,27.949639658357185,-1.663918105637914
agm005592421,27.5401208273283,-3.1357600367156717
agm005592668,31.396514584864317,-1.641064040407607
agm005594027,17.966264693785874,-5.159214057246704
agm005594574,20.188895113797685,-5.448702390437081
agm005594915,25.7661382790719,-2.976817015655733
agm005595080,28.401560837478964,-2.797190051355867
agm005595112,24.728891208293845,-3.8607406900410477
agm005595341,37.05117216684346,-3.2733489741115442
agm005595570,24.03718172447377,-5.1316803693825035
agm005595976,28.94222893421406,-5.3441305797919405
agm005596010,46.05300243695854,-2.984909926798969
agm005596104,44.263344104160396,-3.06481735448015
agm005596214,24.88272008333005,-7.421829266259203
agm005596489,28.605490870592803,-1.7468818287150987
agm005596916,77.17998354921201,-1.0358123616385317
agm005596934,20.296618640551223,-4.021046850897576
agm005597030,21.814021524665392,-2.438859512305054
agm005597043,22.25391662229467,-2.4612186951607367
agm005597173,32.26539638607519,-4.462963698161655
agm005597347,27.290150474951513,-2.379703082882368
agm005597470,38.38022945566424,-4.347033543031119
agm005597490,25.317916409794638,-4.4578169012136275
agm005597557,24.359120383033925,-3.4356262245306084
agm005597589,30.81318855730402,-2.2694662304319615
agm005599119,27.881880575785534,-3.8139480235760064
agm005599432,24.590553594686344,-2.899575600817348
agm005599559,22.106725922996073,-3.2937024407764675
agm005599773,36.901037117883796,-4.764494341064858
agm005600084,18.76703744771365,-9.92158772882484
agm005600520,17.970533692580272,-2.247017743241664
agm005600630,25.699411612882667,-3.4191812759347964
agm005600866,18.677757779905328,-9.078706508378579
agm005600916,20.979233162225835,-4.029659726469235
agm005601349,19.295927441011727,-6.944848610973114
agm005601378,18.658003610209306,-6.992794955170326
agm005601476,18.536909173064583,-6.658686051087849
agm005601522,19.110563279597333,-6.66313874070584
agm005602004,19.554742375359123,-1.7167420140930378
agm005602108,28.4746525257088,-1.76665151719175
agm005602568,33.34469214951027,-2.020979794900239
agm005602691,22.924789116985586,-5.176336358511948
agm005602875,20.8841965608583,-6.5480032400621955
agm005603554,24.84683972750837,-2.2336242395459656
agm005603613,25.99800705620301,-4.570691517884689
agm005603697,22.914206165107576,-6.5140294081927825
agm005603713,19.869027155140348,-5.610804475668669
agm005604092,22.5954921964987,-3.440738594367257
agm005604160,25.311907723710714,-3.9201193366448437
agm005604440,18.487026880460633,-3.0306211864422865
agm005604879,20.703922317502244,-4.3926617952058065
agm005605396,26.655933474225673,-3.7465845668321247
agm005605704,33.72588700616182,-3.386711682422016
agm005606391,25.093118714535677,-5.530649345480831
agm005606574,26.07012060873414,-4.471270484585173
agm005606651,27.193501968038333,-5.155524556990329
agm005606743,22.521951593281443,-5.831732427291564
agm005607468,42.49329201894884,-3.3860719751466952
agm005607676,23.763038308900807,-4.590876708634786
agm005608751,30.917139345307124,-3.06964268531328
agm005609335,30.993586124196725,-3.6467733958455866
agm005609365,30.45311819974323,-6.101889040053447
agm005609787,40.180444172835074,-2.5882668770317223
agm005610635,27.280907918493238,-4.528943216601031
agm005611428,38.0768341668109,-2.4324764945842885
agm005611509,28.547598766923162,-4.005612946198005
agm005612643,19.687103225016028,-7.064597450652765
agm005612657,20.19973816107729,-7.07496862978834
agm005612766,24.178796375758466,-6.39686555609702
agm005612957,29.13649915391012,-3.80370349000542
agm005612995,28.079466108206233,-3.762580880755955
agm005613185,22.525753993626182,-3.2808977625781828
agm005613995,22.275161255228625,-5.804583243653952
agm005614486,30.132638538400155,-4.192186838838245
agm005616187,26.697790783328625,-4.5741929914098405
agm005616359,15.792298088627101,-5.365933130600337
agm005616433,22.249208352879155,-6.671943168409659
agm005616995,43.968920209129834,-2.9296801749254073
agm005617700,14.95918579017022,-7.811162828681907
agm005618941,30.40904124340263,-3.714856388296308
agm005619020,23.08971853816428,-4.542419909514306
agm005619897,16.28044638455598,-5.82872464263513
agm005620115,24.81268830899934,-6.372217746288711
agm005620155,22.470338708943107,-6.405529095792388
agm005620461,23.714102788402187,-4.315229708469578
agm005620956,29.90976919704107,-4.815070327510266
agm005621427,20.423985146837026,-6.212971005220524
agm005621431,23.548324135994278,-6.335437324763576
agm005621453,21.41579232806775,-4.798154550046413
agm005621525,26.476755357076595,-4.5944141985286375
agm005622034,30.02531595770471,-4.702065879376833
agm005622106,27.46320553174843,-3.9665171491897624
agm005622533,32.23305481285914,-2.6409357655383054
agm005623066,26.891984200179767,-5.194976442102382
agm005623619,26.055644373884057,-4.689954477805922
agm005624058,22.086543456517834,-3.0943845597854724
agm005624618,29.94939719626493,-4.416008479202375
agm005624646,36.024283889292604,-4.176721700209912
agm005624755,34.713645495207906,-4.129154752796146
agm005625912,26.0863816962497,-5.765099333678144
agm005626445,18.294013941254104,-7.514412078407326
agm005627113,8.314352968761023,-4.416964383895375
agm005627280,17.428400342025952,-8.48873294260384
agm005627399,25.957247096061607,-6.3633891985868
agm005627455,30.810472023577358,-2.8589819777617698
agm005627815,31.322111700319947,-4.271231102181835
agm005627897,30.28773652427464,-3.081194699818358
agm005628209,39.1639563921246,-3.839266841834164
agm005628517,26.13807861603357,-5.874155482011655
agm005628938,18.365602872529067,-6.548849027277808
agm005629217,27.3769652299932,-6.4944217392001065
agm005630079,17.868623299339628,-8.093938074938139
agm005630107,22.358332940203738,-7.799621602491281
agm005630212,17.731415899533815,-8.836459364187919
agm005630353,15.366909087700291,-10.339797860638958
agm005630608,16.30497500203321,-11.814673711251283
agm005630833,13.2421426873532,-9.972977286096473
agm005630996,25.797106078017894,-3.4964425482550183
agm005631153,17.90070874296776,-7.341422654291715
agm005631568,21.987804972206643,-3.4452528975585737
agm005631586,31.355619089299882,-6.04530316579137
agm005632220,25.325510290123294,-5.842305891303606
agm005632287,26.69749514522378,-4.959946632820982
agm005632741,21.629266036681187,-3.8484480699284003
agm005632931,33.489590787487515,-1.8070510070535537
agm005633147,33.65015149309501,-4.208528454711771
agm005633314,20.629095856280045,-4.000280588524316
agm005633370,21.142243804446426,-5.180167065587842
agm005633541,21.234940709454175,-7.765264896493377
agm005634107,24.25831407106835,-5.274817492570973
agm005634211,21.000295275982662,-4.732570522852751
agm005634234,20.474046369948617,-4.49939239892734
agm005634251,20.791355996925247,-4.953168747937235
agm005634305,23.110780595096497,-4.1134607120769004
agm005634382,20.792550509266174,-4.040846844298253
agm005634835,26.55300408137923,-3.1407247666080162
agm005634875,21.471628176941717,-4.606499759424409
agm005634910,22.262130562812384,-4.713238040488776
agm005635181,28.628207766887687,-3.7511555820646207
agm005635305,28.636411459885693,-4.8078247982165605
agm005635408,51.43321420998854,-4.473827197771377
agm005635430,42.78880867104175,-4.502597180143167
agm005635661,20.085807671164968,-6.243665585817649
agm005636070,24.350238284872862,-5.89572670351064
agm005636112,21.233719741950193,-5.27088746994937
agm005636199,19.581760415051985,-3.734339343708992
agm005636311,23.03080134300913,-4.895723078964048
agm005636516,24.29350648449379,-3.9656349759181087
agm005636525,27.68073727522965,-4.160924865920262
agm005636880,28.872753087857078,-3.1422616805237324
agm005637049,23.3207554696293,-3.1323964192134146
agm005637127,28.654195853127693,-3.9838159326024343
agm005637237,21.943175338246608,-4.356929896562888
agm005637631,29.901108082587342,-3.717748786795046
agm005637657,27.135255887168757,-2.5855085858311404
agm005637788,19.086763944755724,-4.596404241274512
agm005637795,24.589010064055078,-2.409053575923221
agm005637925,23.248682481013148,-4.160133503915856
agm005638274,32.80949993585969,-6.630460721699609
agm005638603,27.222929025552563,-6.706137990288217
agm005638804,28.907145362736987,-6.332704470526888
agm005638839,29.571200254845877,-3.8420570824001965
agm005639192,33.67961231223797,-6.134462991977969
agm005639915,19.830072683793304,-9.139722167183512
agm005639976,16.336602063904206,-7.634557382854273
agm005640127,39.950264359477366,-1.0716177899577664
agm005641129,29.003651927138378,-3.9018956342819746
agm005641898,14.312549890115262,-6.460860939021107
agm005641920,21.870041114083666,-2.5745963766679747
agm005642216,30.961672759699322,-3.0517953963091102
agm005642258,42.44641775123154,-3.0779316962478678
agm005642306,31.72398553583587,-5.835049587377355
agm005643129,24.06632374983136,-6.876169656595743
agm005643283,21.150190008396248,-6.667765876772884
agm005643914,24.023879476356424,-7.232895094673843
agm005644070,22.473812071693654,-7.967853525582316
agm005644236,14.915382615320999,-11.412275209925296
agm005644298,31.96916168452204,-2.6103901800277174
agm005644357,16.039951706266915,-7.77172461775416
agm005644588,25.789257163598666,-5.526395041198167
agm005644954,24.408124823745776,-7.392177527516718
agm005644991,18.23927898379434,-3.904976260425672
agm005645271,26.79364051788335,-5.500648534210725
agm005645406,26.97229933774031,-5.560143679132859
agm005645663,26.53899019154942,-2.0747189032408806
agm005646455,38.3703104274235,-1.2606611552093372
agm005646509,35.05148857769194,-5.275897403330278
agm005647164,24.846021330150254,-4.777825441216888
agm005648423,23.2229276429721,-10.826816896875954
agm005648768,31.930754463632876,-5.8185450858822945
agm005648968,14.899072370633746,-9.35413987966285
agm005649023,27.738570895958087,-5.831230117166935
agm005649113,21.081449776922568,-5.923551151087657
agm005649125,23.130795964688975,-6.03330030579211
agm005649260,23.19430286351718,-9.547842554780464
agm005649652,23.55774483371164,-6.876407405805192
agm005649657,21.791757391672622,-6.344413111130815
agm005649765,26.246834980664016,-6.47191753834153
agm005649803,20.18235282527107,-6.249708950238026
agm005649856,16.95850742090528,-6.947088575580385
agm005650071,22.325344282665213,-6.839706757445144
agm005650074,21.48980006252955,-6.5783206134135925
agm005650147,20.62254206505482,-7.509655679622701
agm005650273,21.299424183324444,-10.235582118154179
agm005650359,21.647553560323754,-6.730490268681184
agm005650555,28.216060299852945,-4.953727973320862
agm005650995,23.80986250580588,-4.879401343759869
agm005651111,33.22267284233463,-5.024316476144005
agm005651236,34.54643042861955,-5.009819471389863
agm005652123,31.230332614333324,-7.471793983367365
agm005652184,23.992768139725047,-5.812006731568215
agm005652223,14.42647062320932,-9.691399564215258
agm005652264,11.634640310570456,-10.947472501692873
agm005652281,12.50940979461459,-10.947986086712971
agm005652426,15.46020021083639,-9.718187211919497
agm005652534,25.767372773222707,-6.925916408093479
agm005652649,53.38811770090974,-2.4971999386135586
agm005652972,24.693510206351064,-2.5313357399019374
agm005653772,25.24968894212532,-6.142314410749068
agm005654033,25.549667419813172,-6.856521199676536
agm005654085,25.48954705318498,-7.831545497438694
agm005654133,27.213340833162828,-7.621576282275299
agm005654177,25.69472579534845,-6.148747955929218
agm005654680,25.510659964023308,-6.361836576955419
agm005654842,25.44945188330442,-6.177020183597034
agm005654862,16.095769363349056,-6.361049922890083
agm005655232,24.59659212001985,-6.154225792239363
agm005655524,26.955560070354547,-4.958768492322001
agm005655762,29.956190997973454,-5.266670785832761
agm005655971,34.102333715445305,-5.525445725759535
agm005656815,16.41486556350091,-9.326842447234451
agm005657189,20.510592190015434,-7.131106855155334
agm005657198,20.36400935464675,-9.00645873182431
agm005657305,26.940978000707336,-6.702363902669578
agm005657691,24.28054719714922,-6.994743673525047
agm005657855,24.84575097921351,-6.5514726723069785
agm005657871,24.895350449182633,-6.984439218399459
agm005657946,23.717623621908356,-6.586563733792758
agm005658131,21.97244986784844,-6.566085193398828
agm005658294,22.72046690500684,-6.786476551532416
agm005658734,24.50615798747397,-7.523670415198533
agm005659056,13.468886280561266,-9.628357415515415
agm005659085,13.950076120112044,-11.755051552219646
agm005659150,30.167905354955565,-1.664458871858782
agm005659328,35.01673564138695,-3.622462003924785
agm005659597,15.48432436803705,-10.428369705674617
agm005659709,14.732769572322441,-8.16043313434779
agm005659983,15.74354719888544,-8.454513159683202
agm005660539,35.77232697415549,-6.75914584396764
agm005662506,28.633485869132766,-7.350441502048213
agm005663619,24.74325418657802,-7.252059450751559
agm005663660,16.279625925143982,-2.9849185714005366
agm005663784,24.675927666390844,-5.73548218484667
agm005663842,26.808060168107787,-3.9638806162067888
agm005664341,30.380893266531274,-5.026051212228978
agm005664999,25.40736707647577,-6.676422431666712
agm005665066,6.5388363077045994,-5.760720518845244
agm005665311,31.555478066175965,-5.100895069399158
agm005665631,28.03667184242968,-5.241558622985528
agm005665681,30.73416250866261,-5.594087539483676
agm005665734,28.83718774063618,-4.276705364446008
agm005665776,30.823791296716,-4.3929007991379265
agm005665795,30.768811795436033,-5.032724109874443
agm005665827,30.48088310414199,-4.975808165098067
agm005666137,32.55275224548588,-7.723327118182438
agm005666762,23.61348921349911,-7.443038697356634
agm005666789,29.162258670894005,-4.841992616679547
agm005667046,20.473230789931012,-1.3906998929392358
agm005668490,29.65456779539888,-4.341647861229524
agm005668537,32.94217347231375,-4.594118815680269
agm005668545,30.62762161889756,-4.493323989888581
agm005669978,23.431122665643375,-6.130379648248593
agm005670704,31.318627107588195,-2.754811084611054
agm005671259,19.398264558572496,-3.6483037084198284
agm005672078,38.68364140906605,-2.836615176528184
agm005672114,46.51788087486699,-2.9231855602507224
agm005672851,26.060755257423025,-7.466829217307954
agm005675910,25.158459970452082,-6.429537737828338
agm005675966,20.292906207339104,-8.57799848803108
agm005676057,38.0175862802224,-2.620358409676477
agm005676379,25.057878359533465,-5.598579672330541
agm005676632,35.53861041377857,-5.233143097371005
agm005676668,33.6771132605649,-4.801100463906393
agm005676740,30.200247040437166,-6.554734786844367
agm005677145,25.3380858483238,-4.167671925612018
agm005677210,24.08231005012276,-4.727769114564553
agm005677220,24.490083876102588,-4.725490798231535
agm005677393,23.38324658641703,-9.150862307554197
agm005677505,28.838679322549325,-5.948151236310256
agm005677694,35.21065787961005,-3.3758640700518985
agm005677735,34.91826636549202,-3.7583812072550598
agm005678969,27.9899646414006,-4.724742660185823
agm005679614,21.528815341477493,-5.331108135051551
agm005679645,25.77467818648724,-3.14975281384579
agm005680013,14.756549527438873,-6.833139859273296
agm005680119,13.921607988992362,-8.96053091056112
agm005680306,25.49643018473047,-5.922044682517421
agm005680318,24.662283002865223,-5.285515666624787
agm005680342,18.996005953068927,-6.209528998446679
agm005680663,21.416670751758087,-5.257806995914952
agm005680702,34.00635254597889,-5.4644346207461885
agm005680810,15.065032131483036,-7.102937986232732
agm005680853,21.7657195873222,-4.05865025997145
agm005681081,19.362106264545655,-6.0710413029685455
agm005681139,17.801276834875168,-6.041010096818366
agm005681165,22.49001255493577,-5.032741796404524
agm005681191,18.370595853508455,-8.62531823317142
agm005681244,23.30130128401532,-6.039699727575257
agm005681260,16.641802397107615,-8.96374771894432
agm005682034,18.97842915934363,-8.64966376108641
agm005682154,30.876652306890453,-5.052508301342684
agm005682165,20.448159577171108,-5.186072375747074
agm005682336,18.306694633114514,-9.740330804404921
agm005683187,18.149449468436387,-5.652824884249064
agm005683984,18.256651225545404,-7.299633531098994
agm005684832,22.48314156313643,-3.0591062431692646
agm005684875,20.110968242856455,-3.1023942467779015
agm005684967,16.26388480704569,-8.64669097784132
agm005685367,17.51854133022415,-9.525107741863392
agm005685513,30.196819828569968,-3.7192060148168298
agm005685665,27.099132114144936,-4.401657401928308
agm005685906,12.768732692988246,-9.121832095028266
agm005685956,21.37129464142247,-2.4506909839815467
agm005686061,17.15058319637457,-6.690352082193556
agm005686362,18.908790786534635,-6.708965284804454
agm005686530,29.095979680057244,-2.105129472956706
agm005686695,17.771503108441994,-8.31853163709208
agm005686837,16.73408016874836,-7.12807234183379
agm005686863,19.258532843242,-5.302003182533869
agm005687138,14.640256511056549,-8.614088447338906
agm005687448,17.267857849885853,-8.845626794606472
agm005687526,14.727861615906846,-8.420428672775214
agm005687809,18.741929482481293,-8.034115846090865
agm005688045,19.00705922063171,-5.802914667213753
agm005688201,28.790844691713207,-9.170912938575093
agm005688376,12.195224540406045,-6.167897055564136
agm005688537,22.872474384668127,-6.6075314921173
agm005688550,25.22093416186741,-5.747271686146938
agm005688846,25.361383450693538,-5.839220488470535
agm005688923,20.87862471257201,-8.727442559840844
agm005689651,22.34551582271777,-7.834049239369994
agm005689739,30.101807387568495,-5.712333359402346
agm005689900,13.726881702190612,-7.899922907995929
agm005690481,26.511773676827104,-6.776501178728673
agm005690501,29.21215242182442,-4.613162270652207
agm005690629,26.160567958610574,-5.052169375848919
agm005690814,26.055948062637622,-5.811181206227598
agm005691100,17.390157813828235,-10.188248353995517
agm005691220,24.674158404382013,-9.79580662898819
agm005691223,18.468083038136328,-4.359003231867682
agm005691259,17.371256525636547,-7.889191586289381
agm005691277,17.89198519158445,-11.691760351162854
agm005691376,17.32904710995842,-6.435223244791914
agm005691429,16.605686894599874,-10.120616106993129
agm005691552,18.20066166004603,-7.413870346058135
agm005691620,16.142482380611693,-9.922450157109807
agm005691976,18.371954426013158,-12.665868287777714
agm005692077,16.636290072700824,-10.159676459642375
agm005692101,17.077953113500786,-10.992603155800936
agm005692117,17.122279227393822,-7.8430126123231645
agm005692202,24.00004076298876,-5.544509592959659
agm005692344,13.532817959363266,-8.326724826316482
agm005692589,35.65805711407128,-4.407703296588013
agm005692986,13.473406698880206,-7.829642167105046
agm005693021,17.920781280565095,-6.397743638864629
agm005693356,40.25588270845284,-3.302137857728771
agm005693527,23.895077512788355,-4.7069870294520095
agm005693906,15.930450709909595,-8.499105200229405
agm005693940,12.613387741195387,-4.314048584058001
agm005693976,19.78227229738647,-5.197781508339117
agm005693996,20.079252638422656,-3.122661122222597
agm005694212,17.54888305060629,-9.28695997579648
agm005694286,16.76142906507587,-9.601642122631457
agm005694579,17.92922348192339,-6.758227730268523
agm005695245,17.403799563437026,-8.728353900371491
agm005696009,25.615690207325066,-3.2740198180034725
agm005696103,16.883932703960166,-6.295848879340635
agm005696122,17.235050906905535,-6.301864470342347
agm005696280,18.69009273782105,-7.563175451768589
agm005696471,15.424833252946028,-5.0757036410383645
agm005696771,15.657930204642895,-9.914895169523897
agm005696874,13.646809490176691,-8.037282130669963
agm005697047,16.50704385614029,-6.6264977737131
agm005697148,18.328368854363582,-5.6876134190360075
agm005697262,17.639361148725126,-8.066704648934659
agm005697553,19.53827463778619,-10.058358420312468
agm005697606,50.35008070734266,-3.8158507293950903
agm005697611,19.28904411199129,-6.45608709444208
agm005697643,13.617802638450074,-7.292866262047331
agm005698477,19.630650400013383,-6.554326208326067
agm005698726,14.429350157298137,-7.342717995355411
agm005698962,27.18476406155418,-3.786303107670277
agm005699635,30.914110651166244,-4.036935922397338
agm005700188,29.53574853636306,-4.82314535299614
agm005700732,19.06513059455416,-6.795417810599122
agm005700896,26.925526783365488,-6.88626389007442
agm005701008,23.761747545074332,-5.810344735870756
agm005701548,24.01451880228477,-4.284463631269172
agm005701776,17.579942295606198,-5.22992179006953
agm005702045,15.219111400231242,-4.8821582820324645
agm005704081,25.946998590206785,-5.577179092811349
agm005704164,20.32302152865932,-4.452917247462946
agm005704438,33.00884536110048,-4.4278270113946965
agm005704470,37.8530482789508,-2.6465714226494716
agm005705880,14.169742773148114,-7.894694842198509
agm005705911,13.40531111344636,-7.6442605112527
agm005706253,15.900414910875192,-10.284564910111376
agm005706502,22.395041253815464,-5.324113118796096
agm005706851,22.729611136766916,-4.896048559292885
agm005707251,13.425511920726478,-8.276938204468589
agm005707792,24.247703077394203,-4.147571687374234
agm005708294,19.640916926130597,-7.508591626815648
agm005708927,19.583329458415896,-7.259285387941996
agm005709092,27.443175401338312,-2.563933291938488
agm005709179,21.39349148292598,-5.919612032506737
agm005709401,22.904461763222972,-3.912677004267566
agm005709404,22.609473682560942,-3.5899437861512857
agm005709410,23.01466590582473,-3.6037208834583527
agm005709417,22.245163287471346,-5.682819353320735
agm005709518,20.145290205798013,-8.152245660331937
agm005709638,24.211530122242234,-5.765119443300607
agm005709639,25.877898898142636,-4.6214443110871235
agm005709722,28.696867182397465,-4.53669522350821
agm005710025,25.47274537506217,-3.6507725842748484
agm005710924,28.524745385041257,-2.1660584843160726
agm005710962,28.02282107037315,-3.500001695844046
agm005711281,33.42639015805192,-1.5970666665831421
agm005711375,28.963028509289597,-2.359568277048272
agm005711417,34.75328780375385,-3.340368697483882
agm005711522,27.006694543318115,-2.2095120116324525
agm005711549,28.182901868249374,-2.2790309121607266
agm005712111,27.17580618947949,-3.10996141993764
agm005712310,25.848453960065328,-3.0621425512003833
agm005712766,30.36853952326233,-3.8219994493366527
agm005712800,18.04742611182601,-11.757577597766096
agm005713801,13.946307426594247,-5.646203925760555
agm005713849,20.25500410444017,-4.9764475462341595
agm005714663,29.82429485769003,-2.7671282760995823
agm005714758,23.18028463227977,-4.2995722826079605
agm005714869,22.508480376472548,-5.246918356162749
agm005715192,26.136552791057895,-4.607124704070772
agm005715690,26.949811777180233,-2.049234005793995
agm005716630,15.96068950316157,-3.237969879606846
agm005716942,29.659530408541077,-4.400517396858082
agm005717407,13.750151301156363,-3.9600602308613344
agm005717627,19.010966971405303,-4.626202160137801
agm005717823,23.817708213996294,-4.1224278498562015
agm005717837,24.186501563559588,-4.126811203121315
agm005718647,24.98295750407236,-3.7162304375493886
agm005718756,23.84195244922688,-3.3063430197689976
agm005718806,24.85725915757796,-3.3105083676710305
agm005719058,17.62057405923773,-3.106736112052881
agm005719756,27.208576539906602,-3.031027789644437
agm005719965,23.907663445825094,-3.892158582265086
agm005720559,22.98101583066393,-4.801255374409203
agm005723799,17.32122791872294,-10.417142593678696
agm005724261,30.607812120680318,-3.43061412474465
agm005724341,29.51700984333515,-3.327616703944912
agm005724531,32.56764415711579,-3.657542169677279
agm005724601,15.417535233818613,-4.705946541231116
agm005724937,27.402927067440103,-3.903977431661493
agm005725054,17.076604174250853,-8.132538192114804
agm005725080,16.701874879258074,-10.73800469072493
agm005725082,32.774853545750595,-2.9329604493107886
agm005725319,26.865010408125915,-1.2050274381061352
agm005725343,25.82808061197136,-2.4101006220076817
agm005725673,32.96260904718146,-4.227688595547542
agm005725710,20.420196962962436,-4.488906239240293
agm005725716,33.729496928654974,-2.7608697321303435
agm005725859,19.656573057100587,-4.382588140380199
agm005726174,20.178318512389996,-6.821412393925258
agm005726359,21.90321244559354,-2.4576585684438417
agm005726400,20.5448341186239,-5.629430669252497
agm005726421,21.674929140698246,-6.1086149896560125
agm005726758,27.785027116231138,-4.948796793326691
agm005727003,30.373461969989183,-4.296864230558044
agm005727289,28.71215854057704,-2.373270268597699
agm005727295,30.50231025677752,-1.6656083477543604
agm005727306,27.56120159346234,-2.1624038802608143
agm005727527,33.72654376335115,-2.068827566500753
agm005727540,22.308461392371818,-2.401653765801977
agm005727812,62.24456625960922,-4.237450384826109
agm005727973,34.10937143942102,-4.070217908464393
agm005728056,38.469714228433396,-5.6269075167747475
agm005728424,69.48270275179438,-1.099937314831717
agm005728537,36.492708798761605,-5.717501576277432
agm005730035,33.421339113522905,-5.89070719561908
agm005730171,31.57982713090972,-4.889330900355623
agm005730200,32.21109357140838,-4.920354010681037
agm005730261,30.939022531147742,-4.819835302702845
agm005730557,30.411366550253305,-4.789743895585466
agm005730622,30.494793819989383,-4.793361644559346
agm005730636,31.627200286144895,-4.888447804878208
agm005730800,31.233566553130384,-4.873230308758802
agm005730884,18.6048157639793,-2.4238829077015245
agm005731217,49.38646788923088,-1.699775516601424
agm005732215,82.81907596326296,-1.0246255322687472
agm005733992,7.575473998342551,-6.132207713416973
agm005734296,35.09889490061203,-4.7487790015386855
agm005734703,33.37554337044648,-4.670751200212631
agm005734737,33.79977729645767,-2.9892913495782674
agm005735078,34.46158146336786,-4.719109158080485
agm005735265,33.23190864045447,-4.667084565606047
agm005735524,31.93358390151563,-4.587735851161108
agm005735593,31.44416380705735,-4.5761913262561835
agm005736265,31.981938301829356,-4.611839649105902
agm005736599,18.56850448865225,-6.718051609634152
agm005736631,19.476943586194952,-6.4905674212441635
agm005737533,19.809126606421536,-4.21132183989069
agm005737791,17.46494996218092,-4.834207790929932
agm005738536,29.301355956919853,-5.901512250275821
agm005738973,38.92685547751656,-4.175458846350594
agm005739069,33.944050980808136,-2.943814242656773
agm005739494,35.32522628513312,-4.103466938837385
agm005739560,33.890849689970544,-4.390514434160822
agm005739568,33.75265761148599,-3.947021179440189
agm005739673,42.569190112128766,-3.875667720771691
agm005739857,30.19880278043597,-4.040399656224399
agm005740084,36.822795200999536,-3.91962765303316
agm005740179,37.6871580847045,-6.014078581251066
agm005741208,28.77177465361731,-3.855031972607224
agm005741249,41.514522465926426,-3.6893454221958826
agm005741321,25.49201808046566,-5.17560155919647
agm005741360,23.327165246503537,-5.45904282374537
agm005742017,26.86252790142136,-6.815050967264733
agm005742330,39.99277801554103,-4.832574880347697
agm005743058,36.148775805233825,-3.600943951847558
agm005743214,26.339741845416203,-4.7058467193792
agm005743468,47.56312109719457,-2.618084513855203
agm005744375,40.229959209424045,-3.8259935943464733
agm005744518,19.26489338275516,-8.861430577676561
agm005745022,17.463247730644586,-3.4535656426641173
agm005746064,14.076499078444648,-7.39498523203702
agm005746420,30.39428620089696,-4.871001621498523
agm005746500,15.674911961857518,-12.030365916061143
agm005746952,31.796366053311626,-5.052701637736555
agm005747654,31.80626120787159,-4.907547958930911
agm005747698,33.30592597148779,-3.2021203719179367
agm005747946,31.98361270642992,-4.928457990718809
agm005748632,10.577210484691353,-9.045709435463504
agm005748638,33.89643069764049,-5.121739053048492
agm005748853,32.71891029187122,-4.6536472304606455
agm005748910,32.87404865200585,-4.661400258010809
agm005748983,38.09557948061456,-3.410068457193887
agm005749024,35.205974796695344,-4.728912983719008
agm005749207,31.3458909535928,-6.678756741857534
agm005749249,17.994003353676373,-2.5516577398624567
agm005750209,32.33134184382296,-4.637975402041338
agm005750268,31.271729338798895,-4.537091786459821
agm005750626,13.842756118802036,-8.850172006713835
agm005751773,14.07329853094973,-9.562885103648417
agm005752114,28.497142419060847,-3.4945593510310133
agm005753021,25.969083080439052,-2.8268962214361992
agm005753251,32.29956882256047,-4.957452268882448
agm005753355,32.60896769585946,-3.626847000881165
agm005755331,51.18565958205763,-2.5877443290430664
agm005755741,25.637992364994528,-8.058612909613252
agm005755854,25.62275131192479,-8.91938315220792
agm005755886,29.436893126796935,-4.076821748315522
agm005755978,32.65446186177018,-4.5654740076588896
agm005755982,32.31526583979046,-4.600408178289814
agm005756780,44.122355039929865,-2.674689336297112
agm005758419,39.45879813384789,-3.769936777019192
agm005758638,34.74339302172095,-5.170636210018835
agm005758688,15.401739875030025,-5.0955023498477
agm005759120,22.619231956061977,-6.830649220413292
agm005759277,29.376671657218633,-5.405471991522401
agm005759929,31.30623053638043,-8.406514903143984
agm005760064,18.756551076229357,-3.6758441943887554
agm005760584,28.26006984031252,-1.5630356410435302
agm005760652,30.447956881291933,-1.6107562863261302
agm005760917,18.64023710653824,-9.780575119899671
agm005761385,33.72823857473611,-3.028210282835547
agm005761818,18.85752877187041,-4.529806634353181
agm005761825,21.17082446955781,-4.406805064279326
agm005761883,17.49622878959379,-4.527742350350805
agm005761896,18.026812027461393,-4.689320495780458
agm005761902,19.82135470250153,-4.657299901605106
agm005761943,18.384718934179368,-4.9656646791225425
agm005761998,18.470780909797913,-4.965372462315276
agm005762174,23.384097365435622,-4.135332589072543
agm005762389,18.905908872207434,-3.5668517345606237
agm005762686,22.567988868267392,-3.7084825309717506
agm005762812,44.059936107324,-2.5707216805108475
agm005763047,36.741382521183056,-1.0797630797442832
agm005763089,21.979486530989536,-4.213593276301272
agm005763160,24.313972825058045,-4.133475438069596
agm005763167,26.67312947759869,-5.9172944856030325
agm005763243,29.88624710858889,-4.300854495975724
agm005763390,20.68342170562943,-5.668019779778702
agm005763628,22.871988245733892,-1.7235421230176853
agm005763689,18.22428333998511,-3.550636907967372
agm005763724,22.116873951251694,-2.2956495197003743
agm005763734,22.36851236997423,-2.2942310617558803
agm005763999,21.724175442675715,-2.79053001534602
agm005764099,20.892270556857035,-2.77618045238731
agm005764152,21.438425760598708,-2.76621806991567
agm005764268,20.44508632139138,-2.915302708395856
agm005764399,20.37580899970948,-2.765743577020315
agm005764447,23.538832409991922,-4.036169149563904
agm005764472,31.18990497825503,-3.9573010229717753
agm005764573,23.118210500166665,-4.551137929074071
agm005764837,28.813798914544947,-2.6175368140320017
agm005764979,35.582166599100255,-2.2852640860183313
agm005765146,33.19379160302764,-4.857704168183322
agm005765180,29.25976960326776,-2.8659033660298987
agm005765570,26.137844794794827,-4.387731822782289
agm005765871,27.511939272451148,-2.100778967941679
agm005767487,32.666867452945596,-1.9385856277820548
agm005768371,18.525373592371157,-4.62796824733691
agm005768517,26.234479118205968,-3.3129324242518616
agm005768955,22.958433352308255,-4.061636326154071
agm005769719,16.94879044488049,-3.2947823084809436
agm005770113,24.88662759443373,-4.724563894994831
agm005770367,21.853933295772475,-3.751122612380918
agm005770484,18.86553169381561,-10.332386670106018
agm005771035,15.659550093537248,-9.230452641088501
agm005771162,14.797092570240027,-7.564102736514335
agm005771389,29.81121556276692,-4.3726857008019495
agm005771399,28.605533231882244,-4.270681299081611
agm005771704,9.790943004524228,-9.01262696470836
agm005771807,24.888335235295234,-4.391193548191272
agm005771959,13.40276654272663,-8.82223614875962
agm005771970,17.748693307412644,-6.94754806381477
agm005772082,28.732647717893368,-4.267606363337323
agm005772868,13.353716350321621,-5.365245032943406
agm005772927,13.904385245363642,-5.742966972561512
agm005773607,16.92181287458701,-9.07313872508852
agm005773704,13.817208571116351,-8.988346386495708
agm005774011,30.462010870445535,-5.331342083006161
agm005774071,21.824623233743825,-6.551462098290949
agm005774223,12.680111107544944,-5.71265244625211
agm005774394,30.182399524624557,-4.098630665661153
agm005774410,10.999308708417407,-6.797383143862038
agm005774681,18.195975513640278,-9.710406048145455
agm005774736,33.1926506675829,-4.38760947371994
agm005774778,33.08303288240675,-4.382762715717334
agm005774851,31.04504563020238,-4.248526839929232
agm005774917,17.541781273489658,-9.26246568189645
agm005775070,21.468983129327384,-8.586013447569814
agm005775208,25.958066197175107,-6.035521538976043
agm005775397,25.85910550551405,-5.962332574874706
agm005775553,24.230673093499096,-6.498713156223076
agm005775556,34.059016822777956,-4.207623242398408
agm005775702,31.787003924043997,-4.133621979864014
agm005775996,25.85537968820304,-4.849856548711843
agm005776403,31.995320896685588,-4.809464498075216
agm005776464,24.98946069047352,-5.354501491121876
agm005777169,14.830515957242662,-2.5245660190151487
agm005777700,19.30182300803933,-5.9629357184155305
agm005777869,27.124336849343333,-2.3774778892067725
agm005777908,30.405230852627124,-3.855568959762658
agm005778011,29.800802074665842,-3.4667268679566043
agm005778455,29.075298506026144,-3.286366275591299
agm005778523,28.06572564796139,-4.9673373821706575
agm005778599,26.900238917434667,-9.487474987444791
agm005778965,25.947188404497478,-4.4059404294289894
agm005779262,25.94814081614037,-4.35433400151351
agm005779558,23.808462079269418,-4.219864215090866
agm005779757,24.508511841483926,-4.5939413383854735
agm005779982,26.82039805320566,-3.0273927003199836
agm005780138,23.527203528252496,-2.0806343757579433
agm005780206,31.62870321544254,-3.472964835901314
agm005780308,24.385852483201187,-3.7498783433410154
agm005780819,27.0801010249464,-1.9667037271511216
agm005780858,22.760207454272216,-2.9493500422302117
agm005781227,25.523282386738853,-4.358799032016042
agm005781552,15.87672182875503,-3.1652496417028657
agm005781845,23.032724839035662,-3.8826287401216137
agm005782376,18.91996840737205,-3.5535215560833397
agm005782514,14.193083867582986,-3.3574092230921084
agm005782597,24.330283920927126,-4.460429846781616
agm005783025,12.087068219804651,-6.281443347444218
agm005783171,14.68028609786905,-8.473392752959994
agm005783280,24.190323053801453,-3.579950036536084
agm005783353,17.863474847275057,-4.374125231004494
agm005783776,12.842511590579662,-5.1331651537188305
agm005784023,23.447009043889498,-3.6094633276037347
agm005784074,23.28712233325618,-3.676354876514457
agm005784133,16.813377350559445,-4.227418377877242
agm005784384,20.371181665028946,-2.7047469575861296
agm005784426,27.537555921180452,-4.209377574348978
agm005784760,25.25281645907149,-5.930420359589348
agm005784897,26.049219721076497,-4.279749997512671
agm005785341,23.67462096626967,-7.716781094369908
agm005785406,26.34415811756085,-5.201582797838134
agm005785420,16.261007612767227,-5.322322052942839
agm005785665,30.64195625676807,-4.56008256826201
agm005785724,22.583879411706622,-2.6834768172467016
agm005785861,35.54742156067324,-2.291809627739898
agm005785997,21.29526618179381,-2.1226167445057347
agm005786090,15.287101031651959,-9.339429966187515
agm005786147,16.073321762077324,-10.359775142360101
agm005786200,11.19164854100425,-6.290592691335303
agm005786316,11.843689649449589,-7.633499373919036
agm005786352,11.995693028662311,-6.991093591145479
agm005786429,17.207430663301157,-8.304121811295817
agm005786548,18.16368184431023,-3.268226868024726
agm005786590,18.349118323351114,-9.438099533319582
agm005786949,25.88755184980404,-3.164246477614347
agm005787170,28.416546969626168,-3.5633021284649913
agm005787410,24.759382141211887,-2.9743011332969886
agm005787780,28.94808982652512,-6.409070708105253
agm005787958,14.671403347627495,-11.455603087075852
agm005788178,32.593711811265656,-4.219577823768998
agm005788214,28.991939241747506,-4.012957126694925
agm005788221,29.05956278587257,-4.016532289936794
agm005788356,14.552363350506127,-10.768149833272767
agm005789578,24.38355294834763,-4.674823120911658
agm005789809,22.482371005509368,-4.97164172857907
agm005789864,22.535849373297268,-8.658026634700143
agm005789947,32.96574109547881,-4.445567420493663
agm005789964,21.837910836712968,-8.685867324904628
agm005789981,21.941781948669306,-8.682405203641103
agm005789997,10.168217721472297,-6.803808581887973
agm005790037,32.458273501634174,-4.437387195475405
agm005790119,9.780222943122062,-7.085256959678307
agm005790157,9.640741620690372,-6.404484414068293
agm005790203,15.988829392555362,-10.544288079379763
agm005790302,36.578791954238184,-4.350815116391122
agm005790340,35.15555956851265,-4.233207741723166
agm005790487,14.00804770949467,-7.482346825180883
agm005790528,14.347119513090709,-10.25087109651156
agm005790548,19.550870223837308,-8.743497697903404
agm005790876,21.997981504398023,-6.283709675476072
agm005790980,20.144093258740316,-3.601909556353135
agm005791039,22.956737923504075,-6.353665529872802
agm005791276,41.16138056026364,-3.0260969771514623
agm005791535,18.967050034846626,-3.8783653271003
agm005791700,20.82870830506629,-4.950913774066902
agm005791712,20.300420434297838,-3.932886500788314
agm005791761,14.87376033262791,-5.695095631766676
agm005791916,13.40345954051805,-10.53016337137967
agm005792322,23.27636080807999,-6.878302573295735
agm005792888,20.31103474122557,-9.733312007576131
agm005792985,20.57023884365002,-9.324753860932427
agm005793075,62.737759048119244,-1.658695194605052
agm005793112,33.56730308227211,-3.3538363795694814
agm005793156,33.27436839107162,-4.573233870083036
agm005793291,17.821256799267697,-9.413863229949769
agm005793314,32.592399159894306,-3.4088186694055076
agm005793445,24.005530573832104,-4.562758203156444
agm005793562,23.700021814834447,-4.532148330618925
agm005793590,13.847611782368844,-8.963565335346143
agm005793597,13.687900476473317,-9.06272753810355
agm005793654,25.920547505005285,-5.031647024429831
agm005793661,26.5478007715994,-5.050681641068758
agm005793677,38.24425316792801,-1.3884482117469137
agm005793703,31.44102768923743,-2.293477425488381
agm005793748,29.113820381747264,-2.239594705224249
agm005793781,28.323323505641895,-2.422565911354454
agm005793980,28.180677096588695,-4.486937826444111
agm005794106,15.225368646004974,-4.736420838943238
agm005794445,15.38110393065035,-4.416876733283129
agm005794659,15.654529280563823,-8.345638684526167
agm005795070,25.66623655558261,-3.093911349535043
agm005795076,26.329840654538017,-3.1231899474188496
agm005796437,39.821458175065445,-2.3221124103922333
agm005798336,20.378093380118948,-7.011522504369733
agm005798657,28.273704911968768,-5.2642741007002245
agm005800456,32.953170907714785,-5.497615641525305
agm005803552,28.89344205662594,-6.054164589470612
agm005805916,18.582652590924788,-7.312324574743232
agm005806151,19.207343061016097,-4.689001719742673
agm005807102,16.701642176797883,-7.686788558826886
agm005807140,35.396955614843286,-2.7227214860758204
agm005807173,31.787625999680593,-3.303545283709903
agm005807185,24.64672761099464,-3.3089054769935187
agm005807233,27.838007011321718,-4.016267718609541
agm005807347,19.08742895866709,-4.126140747371687
agm005807471,18.40282394822237,-4.443676763496962
agm005807524,20.407780031015285,-3.7715727260079044
agm005807599,38.57749292987035,-1.9967761598815745
agm005807633,20.591547636428082,-4.648304161877066
agm005807659,17.522408637220323,-5.309471113270087
agm005807683,22.890295632832924,-2.859337199872601
agm005807986,25.39362968347837,-3.144828012362884
agm005808076,23.44874589799663,-2.586297525801811
agm005808200,26.832005485025984,-2.515409423410757
agm005808207,38.571723578234575,-2.9818496627896023
agm005808280,28.50612062764957,-2.2176293449919804
agm005808713,18.1971711668835,-6.9927160949747815
agm005808919,17.257591894972034,-7.322914019629122
agm005808948,16.765858177309525,-9.083932323068252
agm005810017,26.099253932964626,-2.950357579808735
agm005810291,26.06212442470624,-2.11566892713925
agm005810669,35.49042605187803,-4.673909800104166
agm005810708,33.285501227242825,-6.779535570967189
agm005810784,31.546104653510742,-5.341579838017239
agm005810910,30.91263902561165,-6.277350377641896
agm005810947,13.177286031146782,-5.627917150238618
agm005811675,31.152247077431383,-4.379211699955716
agm005811694,28.830823148912653,-4.259904479377224
agm005811791,30.395335909920487,-4.480197750190605
agm005811799,30.385962206263702,-4.469246006376676
agm005812842,28.517109935255245,-3.153187409660637
agm005812920,34.899981098746224,-5.755195486414252
agm005813104,51.35826937064739,-3.791323640976144
agm005813111,12.490329769248573,-9.186195349737458
agm005813705,19.9459333858183,-5.588226160871653
agm005813863,30.162925252433148,-2.771587321562727
agm005813878,55.68016467441028,-1.6906230407507779
agm005813998,29.656944153638868,-5.8748690330193645
agm005814223,18.292571079021304,-5.317605622419581
agm005814307,15.953936079813412,-5.55215552811569
agm005814484,48.190645398394025,-2.7736297616987327
agm005814497,55.207486613934556,-2.7205229423288664
agm005814714,31.29542776080042,-4.090833722589654
agm005817004,32.92075884339353,-4.598921662620401
agm005817085,34.67087165533006,-5.272771484579731
agm005817430,32.316377972014344,-4.620485455389033
agm005817700,19.47198827703571,-8.518053468469851
agm005818066,35.440222094638905,-2.5337074589282427
agm005818345,31.837047929665772,-3.49814967011076
agm005818705,33.51202487044328,-5.90604319146741
agm005818743,35.60112731805043,-5.52110129509909
agm005818777,30.484837330061925,-2.7999979387430805
agm005818943,21.336711750543746,-2.6086767491087515
agm005819009,19.44050210623801,-5.228487991876835
agm005819285,31.424622535176635,-1.7658932722081422
agm005819487,28.98170792302058,-3.830370203945739
agm005819568,32.4651075653729,-3.1166154026565622
agm005819608,30.601965590767637,-2.6655893614511377
agm005819674,22.6905405604972,-9.446892749715309
agm005819797,42.01131792475255,-1.2696730665142943
agm005819801,33.71890776600836,-1.369605019324455
agm005820519,22.89670390585529,-4.411184508702607
agm005820619,30.82033549103515,-4.015007121244534
agm005820769,14.598415914182835,-4.203021747053538
agm005820994,38.89529562047265,-3.70093187801717
agm005821130,30.221391852292218,-3.9625673389918723
agm005821522,21.034013186490835,-8.223340112768332
agm005821531,46.645332844357945,-1.7285146597472159
agm005822057,27.04830465674102,-3.013234916443822
agm005822082,23.373478486419927,-3.884186929755384
agm005822128,25.643885786649395,-3.7174231405045504
agm005822204,36.47141145761909,-1.2412023101334593
agm005822209,28.708319024143364,-5.657925597473837
agm005822522,21.510918825969288,-6.101581724432263
agm005822873,22.135331160241318,-3.6643728359106227
agm005822895,24.035548365720942,-3.8302442437240316
agm005823088,24.749278226791002,-2.0382513482042914
agm005823107,30.779678803193978,-4.487896544778638
agm005823483,21.88983247036846,-7.784578429640041
agm005823573,28.879262665604696,-4.7656775129439355
agm005823802,22.758465261750704,-3.9726350357165976
agm005824106,29.48318179972252,-4.268003261319232
agm005824177,28.49190756856977,-4.148577686559419
agm005824547,8.176385666380476,-8.176786588809826
agm005825039,18.627302169640515,-1.8796956272320613
agm005826178,28.09102269419683,-2.594547729010961
agm005826463,19.950983792929566,-6.715874896672612
agm005826527,20.984541918941492,-4.818013851554457
agm005826632,23.728645370267255,-7.031164289499408
agm005826843,20.952093318901323,-4.856144027776989
agm005826977,18.667809791271285,-6.389363723340555
agm005827008,17.958979916184266,-6.9348380023932705
agm005827052,17.556120418523072,-6.949618956185407
agm005827392,32.78272869557801,-6.494052668142847
agm005827402,31.83359280173012,-6.69957002054075
agm005828353,25.531106441584818,-3.8423155585891977
agm005828621,25.24697790186582,-5.657839536643788
agm005829441,27.281490500512596,-4.625392930407206
agm005830384,8.811925940454337,-6.233848996884506
agm005831284,20.828890850691845,-4.624107585419855
agm005831478,16.01905068453516,-6.600461554602171
agm005831632,39.296344878905856,-3.8847509720115867
agm005831853,19.659679890038916,-4.735823674431417
agm005832390,38.16655213016195,-5.600382381054257
agm005832452,27.444152052404423,-3.8562399599788413
agm005832685,20.270347844716095,-4.113902391661756
agm005832698,24.653684275480682,-4.355298952244402
agm005833023,21.33299495170902,-3.2209360794559907
agm005833399,18.599040523671665,-6.667254804490487
agm005833680,33.608768701894526,-5.133490785498171
agm005833822,24.320604719270943,-9.327960546301556
agm005834122,18.930236947805238,-8.132466506088294
agm005834142,19.858339332421156,-7.744984587580023
agm005834241,35.6975186038642,-2.026765070085422
agm005834555,22.11374441517032,-4.355327063448117
agm005834751,30.534189226311344,-2.9411321443330656
agm005834776,26.749111976924866,-7.599777540706133
agm005835447,25.14932248687679,-3.867450764517237
agm005835522,21.967201681740562,-6.00033998887505
agm005835598,24.861490410236726,-4.185046230227374
agm005835727,32.08036323169086,-5.297184771111542
agm005835843,21.47697525123037,-5.386995160692436
agm005835984,6.893958201281251,-5.602002843508203
agm005836124,20.232698784598384,-4.723398054039422
agm005836184,15.137701638737921,-3.8780089878011896
agm005836201,14.381554056720518,-4.26479008307956
agm005836257,9.883435737743012,-5.248686555056826
agm005836568,12.790392866677907,-4.4756745616130305
agm005837175,27.403308105936617,-4.1114762521460255
agm005837329,21.936569439138918,-6.3548876684569136
agm005837881,23.555769111903597,-6.063909900197753
agm005838058,36.39596921345946,-1.7977599648916744
agm005838126,50.1048686937525,-2.509891930845713
agm005838987,36.2600704995234,-1.5395820286692976
agm005839159,12.864786525659882,-6.834915532303373
agm005839174,15.777731460477279,-6.697065761527386
agm005839257,19.1280367089641,-8.47417114697526
agm005839399,14.551477410493115,-6.321100827233172
agm005839515,34.83968830823897,-4.7912421947885875
agm005839972,13.782073788213609,-9.571111494613264
agm005840376,15.879769421620965,-6.108884619244534
agm005840605,16.55698114386097,-9.303600605906935
agm005840607,31.125931943469066,-2.4727370365048813
agm005840615,21.03060085423984,-5.197291402507946
agm005840839,16.128390909025246,-6.98127790730732
agm005840892,18.212851019442557,-7.850862696328645
agm005840915,18.1818105391861,-7.105045433011182
agm005840973,15.857261490185493,-8.118805325247822
agm005841088,16.85048570902744,-3.885673832654902
agm005841146,37.542813525975774,-1.0087054854346058
agm005841149,18.55875267286711,-6.676588816617581
agm005841184,18.70631642923948,-6.666433270705397
agm005841275,13.606792408954172,-5.828316636821288
agm005841332,41.968288086391496,-2.161806512396192
agm005841419,18.649290438069535,-9.514446257908046
agm005841496,18.121216880896423,-8.983539930264255
agm005841566,18.845401760051594,-4.8489398541998865
agm005841887,33.099029793313164,-2.3154615161043637
agm005841908,18.71254819026392,-9.566473302241315
agm005842217,49.164177725846656,-4.1870110112915375
agm005842289,17.64314584283039,-10.343161586075418
agm005842310,17.454289427854977,-7.865130432541686
agm005842403,18.15424238104754,-10.19382184448976
agm005842584,21.812524835989166,-3.506900187466575
agm005842618,26.65084773451365,-1.8918943691507792
agm005842636,14.47752754570336,-7.11678954695103
agm005842750,16.347773013238847,-8.59144455342944
agm005842812,17.198977177331955,-6.112706768749924
agm005843054,16.601107418698614,-9.352858256786433
agm005843133,18.419826738696752,-4.8638326481493275
agm005843158,19.069343785599656,-4.902137929740269
agm005843320,16.87313169236676,-4.102077391217191
agm005843702,14.341566464658849,-6.190145556860519
agm005844093,28.387694604875975,-6.1759594204359205
agm005844163,14.018006430493712,-9.29482298633606
agm005844179,19.442940219152213,-6.483613333145233
agm005844427,18.24783113017805,-8.573466311033377
agm005844602,33.95313150760963,-2.0607747929473903
agm005844830,16.734464896340253,-8.794135449895249
agm005844836,32.90295181392419,-4.9817654173199015
agm005844868,18.210492213172415,-5.885485164099706
agm005844958,12.362280359947865,-10.096687887715692
agm005845103,18.59260150949373,-9.003443618729886
agm005845129,19.081492220324648,-8.970023825607107
agm005845149,32.22867647394968,-5.4767551043108345
agm005845166,31.374332115697683,-4.939709237046189
agm005845246,13.716317089551799,-10.456862258327197
agm005845272,32.00610250263013,-5.824978514242147
agm005845329,15.365577360000836,-9.275691481835898
agm005845518,41.26871181715177,-4.7275393115539135
agm005845687,24.182005838128973,-5.894141024132336
agm005845707,34.6299039870081,-3.821101278008905
agm005845791,19.462902684607883,-9.58609489943519
agm005845870,36.35892971036235,-5.453557378447944
agm005846178,18.657983526517416,-8.660297215270665
agm005846384,21.148984782498406,-6.479354355491195
agm005846447,28.712217434570373,-2.9659863278980048
agm005846554,23.429853937873602,-4.590022009065668
agm005846624,21.356013308542277,-4.402328972353565
agm005846627,18.330370533984432,-9.46271113285605
agm005846972,15.563139762547488,-10.68594078799997
agm005847037,34.30781607975229,-3.6834881870081446
agm005847115,17.830718609495182,-9.142016571569666
agm005847278,17.370088752535967,-10.974994816525006
agm005847333,19.84326641934574,-7.762226145084665
agm005847547,39.71849057683389,-4.965137096403514
agm005847763,15.388092292006215,-8.943323438204729
agm005848653,16.43948488857831,-7.585095561032709
agm005848893,19.74218610069238,-5.347397843057464
agm005848930,20.197850283265563,-5.208302378072628
agm005849433,16.98250337686834,-6.11855116909377
agm005850074,17.41768667568606,-4.203245060902143
agm005850334,34.77434399288258,-5.290611014476643
agm005851911,18.903028863959996,-4.068497870659107
agm005852563,23.982448344413683,-4.033088745862999
agm005853391,19.762153115235524,-5.035084284661052
agm005853558,12.321478114784625,-5.838978685468511
agm005853805,11.506863546768018,-6.359762221571315
agm005854203,26.729048237728474,-2.414366754261179
agm005855236,22.49445398150997,-7.1735886654722005
agm005855260,23.004117119312205,-6.817458280857267
agm005857153,37.47013896192612,-2.256787587553102
agm005857568,18.99272932251877,-4.016980596611297
agm005858376,14.983097412721454,-4.739569527438737
agm005859178,25.166109049677917,-3.18455155344065
agm005859459,37.35717975924303,-2.2079126157882514
agm005860117,15.905685631684854,-7.283192782141115
agm005860125,15.76187802430052,-6.965172388731946
agm005860319,14.884650975882087,-7.382664370064322
agm005861058,33.55885274075272,-5.034169308692973
agm005862598,13.828185891116012,-7.769557121766705
agm005863937,18.73722003402094,-4.75047009251432
agm005863960,30.988788846261695,-2.906775442850685
agm005865564,23.30738286022785,-4.2121598652628265
agm005867674,21.349621137150805,-4.523142966599719
agm005869357,13.969188931093036,-5.60747419417655
agm005869431,26.53972862883162,-4.28430956714645
agm005870004,42.36073798325913,-2.5770517493795566
agm005870626,34.275157641352976,-8.489030258963663
agm005871461,42.3713141989798,-1.586015240095489
agm005871482,21.223502737635023,-7.896388040554219
agm005871991,15.931571261541876,-8.044828363701642
agm005872767,14.733909322541836,-8.185766120032792
agm005872868,16.907056626609116,-9.540778106770247
agm005872917,30.66570752936411,-3.7442987666714203
agm005872922,29.243424279381227,-3.727596109274662
agm005873533,21.0022409270126,-2.241821595085169
agm005873667,24.815150642985213,-1.704323446133427
agm005873811,30.263647002505376,-4.0203480813244905
agm005873863,16.147161110979987,-7.306442253056157
agm005874133,27.368992188501114,-4.0013672081337806
agm005874660,14.212376417690745,-4.211731670431503
agm005880011,19.181327635572437,-6.630951525353993
agm005880071,27.625099894984164,-5.9577380536183
agm005885787,14.559435963920365,-7.96382906255639
agm005887875,16.818095588593746,-5.834863487857838
agm005889108,23.13873089989397,-3.978817767612862
agm005889608,26.031351648101715,-6.50067168693776
agm005889835,28.460915718081797,-6.199718968477799
agm005890309,29.73588118206042,-5.317549879094011
agm005890346,28.430690832400227,-5.528927059869709
agm005890499,23.128040834155957,-7.0332655487500695
agm005890660,30.39720140970135,-5.370032430206849
agm005890673,28.86932046788553,-5.279258503205337
agm005890866,29.5878504677853,-5.315334837710943
agm005891401,32.718205433957586,-4.822591419930969
agm005891419,32.7863591627633,-4.828178538751937
agm005891906,32.10076050254628,-5.080163905812255
agm005891937,30.140636017401743,-4.9683133221139615
agm005892036,33.291441651468055,-5.136920314502661
agm005892166,31.508986519903477,-5.066606909427464
agm005892258,31.706888631673774,-5.0851929376915095
agm005892870,17.08551367314264,-11.712223941553868
agm005893875,27.93420427446716,-4.494777297586248
agm005894750,25.647258143050742,-3.6748718746996274
agm005894769,23.878455007179653,-3.5780458502580834
agm005896020,24.132347592075153,-4.061202085102458
agm005897429,35.23926775065364,-4.54424415487139
agm005897791,13.533761808183016,-5.063530914862368
agm005898686,24.489512471684556,-5.772511148228075
agm005899816,20.228136879453146,-5.666991289993257
agm005901596,29.26245743657022,-5.279328833368717
agm005903358,21.3886419595453,-3.907343204794791
agm005904311,25.071450660286796,-4.86109387118744
agm005905659,16.21215485953747,-6.643817166674044
agm005906452,30.429916540177505,-5.874802049125344
agm005906505,28.481040123262797,-4.8599763589894565
agm005906609,32.86894620576176,-6.771054448276268
agm005906860,20.836410569021517,-7.9613896065895124
agm005906936,21.88968364683824,-6.946027589141504
agm005906955,34.72046521349859,-3.7558171482544505
agm005907060,33.57711883230079,-4.06234982114549
agm005907070,31.144404346688514,-4.132219071706365
agm005907111,38.780812930814236,-3.7000433926522622
agm005907220,29.727743537256995,-4.529449851359044
agm005907305,21.261366993988016,-8.074382376170867
agm005907604,29.619217513556976,-4.642759803568026
agm005907820,17.98866686856591,-4.415745622326434
agm005907952,32.67168037496615,-4.569924272264768
agm005908029,30.468931239427658,-4.458311704071664
agm005908170,29.509148138969838,-4.405794557038498
agm005908360,33.066517727358935,-4.519934960426856
agm005908417,33.36638767265846,-4.384266108581914
agm005908519,28.191472024652253,-4.312284814898384
agm005908539,31.081892346447987,-4.468198853355566
agm005908570,28.543136949380436,-4.364939539578764
agm005908735,26.165187016800463,-2.1342798002096144
agm005908886,16.569992610764828,-8.54018757142028
agm005908942,34.14715208706009,-5.787571088161084
agm005908976,26.935859597297263,-4.39684275855637
agm005909249,38.09305189288379,-3.8008675776407492
agm005909257,32.311271105394844,-4.120774369181482
agm005909621,28.33573770235896,-4.1313754601071055
agm005909659,23.18944389178569,-2.774366760030488
agm005909864,32.159267514871964,-4.503792833231134
agm005910001,29.699503227377452,-4.2639996266731135
agm005910014,19.122373588087722,-3.387353588400373
agm005910020,35.817445299915505,-4.369232907192331
agm005910273,30.506091954278517,-4.132656805035443
agm005910503,20.36130535215455,-8.30376511795586
agm005910587,34.75560444044102,-4.454086178722348
agm005910599,35.572922963986954,-4.463626233925428
agm005910763,33.23523735152945,-4.719495841049914
agm005910984,30.5505007230929,-4.643675452745278
agm005911136,31.13160904380784,-5.11624767813541
agm005911184,29.597031931476778,-5.060980342620913
agm005911198,28.854455260698348,-4.570279065839124
agm005911217,29.171864257571144,-4.588150540936658
agm005911233,39.96948988095405,-3.757139504570342
agm005911238,33.34614855615859,-4.229444861887759
agm005911254,32.715162050663544,-4.1824448027632135
agm005911350,29.681877640708567,-4.031570650377918
agm005911768,29.830215011026578,-4.0400108917084285
agm005912660,20.637082169350887,-7.36798709333065
agm005912820,15.053731924963841,-7.415885315020179
agm005913767,22.545339516765136,-4.501838618263334
agm005913768,11.714639645459613,-7.943695174145192
agm005913782,19.742131550180094,-4.923998484369425
agm005913810,17.578782141174667,-4.373554075861618
agm005915138,34.23458324025702,-5.794405920939583
agm005915563,15.969100177706029,-5.153291505658792
agm005917845,19.778735546474287,-5.769377911310374
agm005918172,20.848482994390974,-4.935732433567655
agm005918230,20.645060275275675,-5.418736464111695
agm005918235,21.924008112603552,-6.690374238453556
agm005920035,19.691496210361375,-2.452258679833189
agm005920143,43.524352808967116,-3.741091966545291
agm005920174,18.57326144061595,-2.2399108709746987
agm005920861,18.71968287983728,-9.293696186034504
agm005921498,36.640987728043086,-4.811925504019729
agm005921526,45.15271776309194,-3.808362336553428
agm005922134,23.6469901002355,-6.558985458020809
agm005922224,34.73172805333741,-4.535292369192469
agm005922304,21.873443350838656,-7.198446621151659
agm005922505,25.728478710631798,-5.454982798793019
agm005923438,16.032268337831653,-7.026309239021678
agm005925240,20.028331586209937,-5.186244261914103
agm005925277,23.25196540291782,-4.413738785634807
agm005925301,16.501225927252957,-12.00636468469435
agm005925556,29.03647894278159,-5.100733100825923
agm005925670,24.1489520643584,-5.6381692207739444
agm005925683,30.1852682277656,-5.397881553154637
agm005925810,23.490009946057125,-4.484603353820956
agm005926294,27.07910719600063,-4.581453254130262
agm005926523,29.250861177847987,-4.389421691693562
agm005926644,28.222568771654306,-4.318642306026399
agm005926693,30.122878075909075,-4.4197953480867715
agm005926731,28.974131391462674,-4.363948110874901
agm005926796,13.84774772899505,-6.165095886804053
agm005926811,41.20355297512103,-1.634142270720042
agm005926930,32.086663396061255,-4.23211433786975
agm005926986,30.89430929739919,-4.177926177375465
agm005927101,29.94989655126251,-4.132167848414894
agm005927199,28.132096168690815,-5.184153651830625
agm005927659,19.01544391936111,-9.287622833626916
agm005927748,22.735440210632998,-4.0337147122351205
agm005927765,21.040939207525156,-6.285141624276466
agm005927847,31.72609108193758,-5.219965915533445
agm005928127,33.68973579687565,-4.123694218498331
agm005928272,30.560610096204936,-3.9410793090960965
agm005928287,32.60060110961736,-4.055405506975656
agm005928304,30.96270343085907,-3.986460031917402
agm005928352,30.72491491776093,-5.115033626641966
agm005930089,29.72607764242436,-4.105012652568729
agm005930593,21.417069358404373,-5.468740488767767
agm005930808,17.444305498979634,-9.118543783049422
agm005931994,18.578992398631396,-3.1745323799046585
agm005932597,15.837792772397648,-8.248998968755279
agm005932741,13.599156568148869,-5.944352082476333
agm005933040,26.459849119345733,-5.627477060078178
agm005933131,26.798059918698048,-5.39532722256678
agm005933229,29.384998529721106,-3.9486057706121405
agm005933259,27.03217059275262,-3.8593465721625724
agm005933278,27.384823139546427,-3.8687166652149627
agm005933313,22.04423058500764,-4.79147129320616
agm005933324,45.54933713200801,-1.8245204450918813
agm005933663,28.125118141522336,-4.207359223972628
agm005933669,27.034855437898518,-4.186799005709916
agm005933729,25.114553667904655,-4.127952688508526
agm005933813,19.424203007209787,-6.440416379968856
agm005934095,26.869091169468835,-3.966490743851716
agm005934098,20.663650413908254,-7.925051394086878
agm005934107,21.45824785774202,-6.972233974598122
agm005934800,28.669785135343947,-3.6588952066851896
agm005935726,20.39501549181638,-8.6314751312307
agm005937019,19.873469056909773,-6.258488545253692
agm005937123,22.015316995658353,-4.003457674344917
agm005938182,19.744482526299088,-4.715435437090612
agm005938437,16.019046146807487,-7.615135756214577
agm005938558,13.804024149342709,-7.730933768562991
agm005938677,13.441821296254735,-7.771729561769297
agm005938690,12.776925086832636,-7.820961630429234
agm005939227,14.331895060227424,-7.88182727020407
agm005939355,23.638242340244837,-7.46309001895874
agm005939578,16.680973128718648,-4.055051379399127
agm005940104,23.95143672844132,-8.085944262338574
agm005942162,25.147011217990585,-6.901233315732672
agm005944335,26.822053752052216,-3.91241648268294
agm005947483,23.011750317832742,-8.301908170812538
agm005947570,20.625853967586764,-8.916734403309771
agm005949803,23.326989154415404,-6.160546235410331
agm005950105,23.13504162613869,-5.427102594105331
agm005950177,23.31232915195008,-4.295991093923461
agm005950314,17.29882683677598,-5.567248370381831
agm005955974,21.99249323582156,-7.854419908786437
agm005956255,21.48937790962836,-6.338799107950578
agm005956505,16.910647322867337,-3.9149883314396674
agm005956720,16.375523483292305,-3.8258452095970625
agm005956956,22.00760184589651,-7.823801263073159
agm005957118,20.031639024644928,-10.659257533228383
agm005958042,31.59606497632928,-3.711510668749132
agm005958548,22.476634510314106,-6.401970542079934
agm005958612,14.344214557053217,-5.05873889134841
agm005958793,27.319225354477446,-2.4245125410268273
agm005959307,31.696914502377705,-5.050948145879632
agm005959732,23.714206749927182,-8.830891077888097
agm005960128,23.774177012277086,-8.085093658800869
agm005963512,31.460522725941452,-2.9845208859619183
agm005965254,23.95197343544016,-3.975557895330195
agm005965295,27.676001474438674,-5.953761161251181
agm005965482,36.872740730372,-3.595189171742701
agm005972045,28.366350788426708,-5.539862951328557
agm005972058,35.34477471977336,-3.8688435469928613
agm005972133,24.98821925157464,-4.537324565068443
agm005972172,23.286901237165615,-5.338845479961019
agm005972311,27.359716457982632,-4.701564983590098
agm005972584,20.457823844691493,-4.955906650774635
agm005972626,22.197782105449424,-5.860499858187971
agm005972680,24.64271541739066,-5.015574393602284
agm005973134,22.155292048866,-5.454274888547633
agm005973181,27.623764182533193,-3.3345549449230996
agm005973259,28.398970553619684,-3.472371143385118
agm005974023,31.177104673251243,-5.504727821227555
agm006185041,33.67564008970655,-0.8672018405778161
agm006244508,7.278893007589294,-4.837983642526356
agm006244514,10.239612698347681,-4.53150587018968
agm006250425,7.584202911395408,-5.407863108161812
agm006375724,8.212069239315861,-4.3351935663430545
agm006380137,24.10220135453186,-2.3999975793916204
agm006380305,29.02425674027707,-2.3088001405642555
agm006381615,23.63594386244059,-4.576395150144621
agm006387056,17.82851410217677,-4.96840332169471
agm006391904,18.030019497492933,-4.668202809143161
agm006405482,11.099298413475882,-8.195790122125924
agm006419766,38.52433893276644,-2.2820364559002946
agm006421402,11.049352117241366,-5.690865878086558
agm006464260,25.712201786024828,-3.8905258595311616
agm006471507,15.288386791804149,-4.768370268327594
agm006498905,16.16613803916916,-5.157845112555784
agm006527518,18.97127945458609,-5.276078453582512
agm006616162,8.954533899616722,-5.844593768142421
agm006617266,27.018798553184173,-2.336177069788691
agm006620029,19.6412855017992,-7.737335246657231
agm006631948,8.958375736538777,-5.851755265250009
agm006632236,8.188087528218109,-6.1669862300006075
agm006633476,11.638762029010268,-4.797844210518572
agm006668187,15.551537362287066,-6.308122789137798
agm006675001,8.206094905936602,-8.237767366473342
agm006675723,24.297443682195162,-4.759759891168759
agm006676269,14.062564355755411,-6.5128860903581405
agm006716390,14.843187238062555,-7.11314173149687
agm006716895,20.6637520711518,-5.323947193308659
agm006716973,20.92108226053094,-4.712170887463816
agm006824546,11.151728853338318,-6.9972258416279205
agm006907774,28.742426486206206,-3.8344140596382403
agm006912301,17.18777475725971,-6.478610020990241
agm006912508,19.333069992143447,-7.046055903738812
agm006940460,14.14302974398541,-6.343615689361687
agm006979682,18.994561560650446,-7.63677501557272
agm006982603,17.011319461909384,-5.247577235926227
agm006982826,15.348148438004449,-8.4838082893614
agm006983364,17.424814401059916,-6.53791543366285
agm006993993,14.66574418690469,-5.552741102280648
agm007043693,21.533507993591183,-5.391666749279588
agm007044399,16.476838472636263,-6.365660299927231
agm007044488,19.044368939560098,-5.870908806626918
agm007044521,17.675538606946837,-5.894311439078637
agm007045279,19.944334551456095,-4.741626713062153
agm007049514,26.479140126490474,-4.1477012544638185
agm007056727,22.696015141946607,-6.30324346926511
agm007075807,14.956643373859222,-7.12475375230793
agm007076130,21.890876559566674,-3.258187265293762
agm007076918,11.934115443658612,-6.5012633813457885
agm007080800,12.619194111453197,-5.743644930359941
agm007081128,18.90284413546791,-5.505220899099272
agm007100780,25.784087822985413,-3.4421722598408353
agm007288464,11.474202951619715,-6.4967010192544254
agm007305751,22.136087755424768,-5.710361703955219
agm007308847,20.397400058959285,-6.511585764213149
agm007309702,19.83963183212016,-5.515843371491927
agm007323518,28.14046830485588,-3.2334329816632703
agm007381324,14.178567098468427,-6.180181792377627
agm007383408,10.416254391273032,-4.408535228854389
agm007385582,24.089565768402416,-3.281504858511051
agm007532809,15.485673692148374,-6.179133457824336
agm007533558,16.805295305389183,-5.666194875564233
agm007534159,12.419725192889732,-7.538712724878015
agm007534170,14.170504535118715,-7.916209337288385
agm007534307,16.973940649777397,-7.64249297242141
agm007549370,16.67552231679082,-4.520754697547405
agm007553548,13.652568380162675,-6.947647332260915
agm007584816,16.176134538135045,-4.982351825602728
agm007590735,24.82049244873758,-3.830919377924995
agm007590751,31.273076928411957,-3.779795111044697
agm007593545,30.60430693497635,-3.0491730741808096
agm007836839,32.18817448980483,-4.601321829419307
agm007837299,30.810068969860673,-4.551813051631001
agm007841331,35.64440009935723,-4.79827637761135
agm007857457,23.242596426500512,-7.8826750038874325
agm007872444,46.330863053511685,-2.0459297180457368
agm007891523,27.612847446140552,-3.423151174091301
agm007899943,15.890132000831793,-9.77621047150968
agm007905760,43.79828869088901,-1.7863454498557019
agm007939000,34.99195120594579,-5.520123296565557
agm007939455,35.01971182770802,-4.784640097754677
agm007943225,35.27824835159909,-4.742279008694233
agm007943412,32.154341094551924,-4.6015974416571055
agm007943979,28.062604546258996,-4.729806680406731
agm007953709,14.779454531584525,-6.847973861590889
agm007955303,58.816460463141176,-1.7660552362851019
agm007955453,32.822739022280786,-5.745181915462266
agm007955593,36.30899119695485,-4.849460338621716
agm007955598,35.71221545728663,-4.824641987969403
agm007956468,30.761134614239257,-4.5258606531240435
agm007956545,31.427337632061658,-5.307931878738456
agm007956576,33.030087233931496,-4.638736977166121
agm007956722,30.811047134021898,-4.551935964584804
agm007975486,30.404731914432094,-4.499257689074238
agm007979304,18.26577387393661,-10.9703578225807
agm007998851,13.809341036038674,-4.728598386329971
agm007998893,17.68980564334309,-8.944827683457042
agm007999104,34.49677557803287,-4.675477621718849
agm007999154,33.19680924087073,-4.655422847947146
agm007999225,30.733643100633145,-4.524804146652714
agm008001808,22.01384888583402,-1.3305048085291549
agm008003242,31.141395107921298,-4.572602001853287
agm008004413,16.69773263091087,-4.276688285310706
agm008010851,12.45408765344604,-7.6315130053982605
agm008012955,32.26862313562912,-5.234889691071032
agm008014034,25.245835211979742,-2.7722204956648495
agm008015918,35.61006705226747,-5.400702222110083
agm008016287,33.74378260902863,-4.673086766620185
agm008020423,25.360962014010592,-5.41472781823316
agm008021582,29.14758821826551,-1.3448786047696288
agm008021714,29.536681888959784,-0.2875336352217357
agm008021786,27.653482085313552,-5.5012606661303165
agm008022428,28.35215804279312,-5.685416415753895
agm008023310,14.121693914912571,-9.421659550100143
agm008023384,18.79454851772556,-7.258142654043936
agm008024720,25.712557064901198,-4.899414820061885
agm008029827,15.06763728250822,-1.750407510824628
agm008031180,29.414213711417155,-2.6716284768622875
agm008032343,14.703920478581088,-6.093052089031596
agm008032367,15.47100056656836,-5.419852554104722
agm008032389,15.595813050729136,-5.850824426886167
agm008032450,33.583875958599634,-4.084797278344824
agm008033151,34.65888251623072,-4.752417823777248
agm008034326,30.37148530228242,-4.385615440715598
agm008036097,29.962196611308094,-2.4443543869552946
agm008037988,103.31705967731482,-0.9148554808885443
agm008042403,29.78641732987298,-2.173704583038282
agm008042460,34.9977356842932,-4.746641825612479
agm008045481,32.81574167785086,-4.657160402813662
agm008045564,33.05746229195335,-4.659984277685989
agm008047555,33.98284553285785,-5.07496899406584
agm008047717,17.10082837622879,-3.991677195477102
agm008048072,31.96060081998047,-4.611781623861168
agm008049199,15.185940646885934,-6.500365316387751
agm008049815,18.268408462278348,-11.262617854048038
agm008049952,19.585560849839737,-9.990507098451511
agm008050601,17.992939486809586,-3.025029396780775
agm008051615,16.642886562595,-8.944370733614248
agm008052549,33.18347269605447,-5.871903244093183
agm008060396,37.30805358348382,-4.846189911461604
agm008061010,31.460606855171985,-4.581876108388969
agm008061071,33.427495097300934,-4.669700969987744
agm008062538,35.989134258510624,-5.405148225961944
agm008062985,35.76666473670761,-4.852297277123323
agm008063638,30.983099954516682,-4.504474177175784
agm008072144,37.729903550488125,-0.7636892285879767
agm008073622,31.42497233636657,-4.5869482643849215
agm008073719,33.36452603797219,-4.68769835780593
agm008073831,34.50273427768103,-4.720594904570769
agm008073960,34.39304559951408,-4.715634895834296
agm008074129,29.986095529376154,-4.461798235669553
agm008074199,31.42383063452083,-4.578390679435188
agm008074355,12.772503407850856,-9.328943380864205
agm008076156,31.971210508663184,-4.611730775127538
agm008076716,38.3751438378814,-4.747387141424812
agm008078054,17.941904820486595,-4.691220253676089
agm008078715,10.813488494187087,-6.04456741760054
agm008081407,31.128806829119302,-4.569822992889207
agm008083608,25.835629899449494,-2.525908001354059
agm008084858,17.543386747943085,-3.8040350903714617
agm008085817,36.52496031635997,-4.797011612990374
agm008088625,56.676824707913134,-1.720996528393759
agm008089403,30.051903206157704,-4.282562855650894
agm008089523,29.26813959817313,-4.247334600444264
agm008091246,41.947018456016636,-4.162860499185156
agm008091258,41.88301483237554,-4.158738463610135
agm008091491,37.97402495548748,-1.9463893463661592
agm008094241,17.40396432960416,-11.189783900999817
agm008094354,14.16868965345949,-7.716576582070505
agm008095392,34.901618042364035,-5.168422754538621
agm008095431,34.6246922011847,-4.699791766625986
agm008095483,33.70384671805604,-5.134794980777591
agm008099709,30.047036444889393,-3.125313885080777
agm008100736,22.600550303446028,-1.0781011424534586
agm008107755,18.04313238862829,-11.02020362607906
agm008107897,17.360508171028513,-10.09597884959911
agm008108716,16.08842179369045,-12.035881945358252
agm008109249,13.426120951725244,-9.387384033278845
agm008111726,34.04045406613235,-0.6313980238666088
agm008111762,24.273854488126663,-1.2534331480472534
agm008118541,34.355586423896355,-4.654909252252026
agm008123339,22.95423019348157,-8.810447382213813
agm008134744,31.65585110848542,-4.588833942989341
agm008135991,14.062806252885723,-9.845207316257294
agm008138810,36.3736615169647,-4.822653408543071
agm008139018,32.18085311014223,-5.834614727355665
agm008140436,33.204294134848006,-4.653281333730452
agm008140633,31.152053299547173,-4.570779138574331
agm008141670,15.973567167741535,-4.866939672369436
agm008143940,33.017037589895004,-4.636539295680721
agm008144658,31.73117402455137,-4.590274558524238
agm008146668,21.163680267456453,-1.0766679011440934
agm008147758,45.39290286445031,-1.956931497301812
agm008148637,13.427927210835767,-9.338337068319813
agm008152052,36.8080255802297,-4.7705122496543355
agm008152131,31.822817478351897,-4.587065639217115
agm008152185,36.91378521402819,-4.858420142563536
agm008152303,31.67049119999328,-4.590155354426782
agm008153544,18.08883172467826,-2.9250888691713013
agm008159153,25.773603891412293,-6.482194100107486
agm008159848,20.60745317321718,-10.354316401031229
agm008159901,17.76938217555485,-9.650275194861367
agm008160735,14.417103333053191,-8.952591302845727
agm008161821,20.743010350924614,-3.1510003741940085
agm008168424,34.82044326072805,-4.690974775424443
agm008175934,18.06547129286777,-9.70273136163383
agm008194169,18.905782023246967,-10.041800223756658
agm008199382,27.172728207891954,-0.6012356742871089
agm008203900,30.671260110294543,-2.4151617496974542
agm008205227,32.0576625606865,-4.600251259711923
agm008205935,33.62204434861849,-4.673010192755598
agm008215645,29.80479249871497,-4.83443951466009
agm008216416,32.775592698631726,-6.158912355515487
agm008218537,12.389223717561011,-4.626594749786309
agm008225828,36.506173770660816,-4.884445186823208
agm008245098,16.358679920417178,-2.6818356687910065
agm008252295,30.98201046656718,-7.215782550160846
agm008253035,31.190661848934468,-4.572818408541623
agm008253117,31.518951253169266,-4.584368155235398
agm008259123,17.806664691750743,-2.861960976277116
agm009628081,20.936841706378225,-8.062129112091105
agm009902156,16.374341902933963,-11.221859064430145
agm010132175,23.97138321617825,-4.3650917329066665
agm010132331,30.903672514320395,-5.014622747246773
agm010139614,32.37310095226664,-4.6319024253587235
agm010143864,28.42228194591898,-0.9578368678602844
agm010152592,37.078501844984224,-4.293637322712699
agm010154292,30.12368462385469,-4.466734239908328
agm010154546,14.69125324215927,-6.9353097289702355
agm010158754,14.816154330178625,-5.493813029700521
agm010163645,13.849197234789724,-8.584769508822864
agm010165822,33.0821378558395,-5.587260892586469
agm010167437,26.366879377945477,-2.545994205381598
agm010170525,31.1868933338483,-4.572772438876055
agm010171452,28.29512240608766,-2.622929270479208
agm010174870,31.768420730662342,-4.602918564743029
agm010176768,34.099341069807046,-4.698992666423942
agm010181312,32.53108990614715,-6.14887704973992
agm010182303,36.71188521394591,-4.893877498809488
agm010182397,32.038030161935566,-6.12269082393681
agm010182911,32.33729560541928,-4.636848744371759
agm010184473,11.036651008907539,-7.295030033638177
agm010184881,32.623832870336386,-4.607055652263728
agm010185167,33.86874197629394,-4.726194678591631
agm010185701,18.312797504256963,-11.42869511145611
agm010186039,31.41909855931455,-4.586098295761068
agm010186361,34.061114952362296,-5.01859066813278
agm010187722,31.57976208068987,-4.596294134899579
agm010188473,35.12361359289045,-4.796073815441021
agm010188609,33.14677147394585,-4.653155984380043
agm010190999,31.9390779424123,-5.9659082188857235
agm010191080,19.539215715553684,-5.869111878226569
agm010192263,30.53136925892257,-4.5179521473062545
agm010192272,30.775356628748295,-4.850350123615166
agm010192480,33.17942605344007,-4.675264883313563
agm010192624,36.530982075675716,-4.860130121662836
agm010193584,33.391777673177344,-4.666013646982497
agm010193744,30.78033823752231,-4.5529113032159465
agm010194062,30.825650281157436,-4.551764403577915
agm010195028,30.78553191523424,-4.519461501945807
agm010195165,18.279777796536248,-8.16549279918395
agm010195412,23.985473933327757,-3.882465457833302
agm010195919,35.9614275500283,-4.765214551474098
agm010196620,36.60901290518732,-4.889860742648074
agm010196640,17.850870869402755,-5.619221588773269
agm010196743,30.629211850653945,-4.541254114531726
agm010196937,31.27865051843546,-4.5763674531203495
agm010197421,31.984887044335743,-5.518173756417992
agm010197690,31.516536513659396,-5.499959212397503
agm010198733,32.3297870449043,-4.624333714238352
agm010200197,35.96266624145727,-4.765275176436629
agm010200779,30.29767581897191,-3.3707344610971908
agm010200959,33.92105315697533,-4.742726917749947
agm010200976,34.463061952304784,-4.693617468496348
agm010201574,19.0197775166915,-2.2294771763644246
agm010201872,34.23597853965854,-4.722700370689711
agm010201952,41.468769406020265,-1.9314193194212115
agm010203349,34.54070762997037,-4.7254233526530225
agm010203617,26.94787113145799,-2.118194435422601
agm010204294,17.12787794108514,-3.986352940689123
agm010205616,34.51197503749927,-5.1796745742912575
agm010206631,33.872824501832326,-4.697830976381469
agm010206765,16.203712340159516,-3.563126674045639
agm010208359,17.132530786853163,-3.9603373167886886
agm010208499,35.038460279380196,-4.797130186529518
agm010210562,29.37435093082405,-5.416799503284744
agm010211755,33.39658665248084,-5.139727921583376
agm010213342,31.795407155731667,-4.607908540465974
agm010213876,15.838960257292984,-2.1193970452436566
agm010216264,16.27371328136753,-4.606022694123088
agm010216324,15.326576193369116,-11.749770746405451
agm010216555,13.703522669358074,-9.83923696620973
agm010216878,49.897020180262295,-2.8905493382939924
agm011088416,33.99070256012696,-3.6675592558933645
agm011089396,28.78920743323768,-3.938753790310135
agm011090087,26.296382722327944,-3.987987195580577
agm011090679,27.884522880199018,-3.857073944532291
agm011090743,30.159269407001204,-3.901383194700626
agm011090856,33.545726965862926,-3.7643754842667283
agm011138262,60.952442076327664,-2.2661203008253596
agm011138351,23.93216108464743,-3.138228249777533
agm011441659,31.131753978382555,-4.574997425952857
agm011468141,32.35387703260844,-4.658361937999968
agm011473752,35.516435187478365,-4.798851784337932
agm011600447,32.02514601576471,-5.094661462370972
agm011696424,20.83769963732103,-3.9125998958738837
agm012004566,15.477078114476686,-9.788377610425098
agm012021056,31.533885248850208,-3.769980214496048
agm012103479,15.261434806566145,-9.029872002256374
agm012110299,25.530819083679962,-2.9216260230274202
agm012113023,15.66489128759474,-7.442657181913859
agm012122720,14.767085343107842,-7.697282433374497
agm012192686,29.256306901366113,-3.9461072747769266
agm012310534,28.51016039566174,-2.583683146070633
agm012332217,21.15374699099883,-6.726205605668043
agm012401136,23.22466563796546,-5.67550177422347
agm012403874,38.80112765049801,-4.190798842558642
agm012413505,15.598278865908062,-7.721178313857441
agm012521189,20.094988315726624,-6.615624487896103
agm012560804,14.193104037371434,-5.845724552931706
agm012567960,17.281507058690543,-5.585830620566151
agm012640057,24.865335334351013,-4.745877221651278
agm012737521,25.385459594272557,-6.181856844091411
agm012767450,26.344717039527254,-6.171222462588183
agm012779727,14.705110280831368,-6.123026686641347
agm012854090,24.55013673869124,-1.8718981117838105
agm012908513,22.56458359710791,-5.97389446730649
agm012923806,21.358809027749228,-6.046827422985472
agm012977330,42.341018253923764,-1.993131653228557
agm013160744,24.30700011604549,-6.62724163576792
agm013173269,15.653118377052607,-3.4451476364935476
agm013220847,29.883297663270223,-4.181199593070192
agm013349247,14.430241890078028,-4.560813816290506
agm013362151,20.207371285288286,-5.09418567533262
agm013386778,26.681645025140224,-3.9419247247557063
agm013462024,14.071368753317742,-5.226142581410267
agm013688730,24.037541364421244,-2.409805843986145
agm013852420,23.636445900883828,-4.204862610654573
agm013873763,15.749925120589287,-9.375117535798069
agm013916012,24.409278838948506,-2.4513570054679006
agm013938164,40.08644060132546,-2.731012079949002
agm013975329,27.02331502381834,-6.308522486960514
agm014137181,36.69438216447017,-4.823451417352905
agm014170057,16.729250641666187,-8.37451045057708
agm014179099,34.21137777990464,-4.775809946099439
agm014193852,17.300010191089015,-8.377819633181797
agm014199315,21.565911050534705,-8.988372449233797
agm014304090,29.229255856932603,-3.960365984539642
agm014345390,20.986922135397343,-7.865440335780468
agm014407251,20.566181791499183,-5.113492731498151
agm014432366,27.846196718017456,-4.831038094506241
agm014479225,34.422909262323664,-5.696111934281085
agm014524328,15.850366712232798,-5.67964002056133
agm014578292,35.65563260202126,-4.7999766021953905
agm014599556,38.87694061747634,-3.1053714037725273
agm014713500,18.187619196555815,-7.850097692012828
agm014777643,24.28384553951383,-9.171753579065957
agm014793546,13.441864459418344,-7.533659856338988
agm014808984,21.068563536009485,-5.194401473756026
agm014853698,17.27487998377904,-5.9813321860553
agm014869037,17.723156942260218,-5.211051049567965
agm014915092,24.829326096319537,-2.977946786726389
agm015170817,13.08094494783221,-6.197572323546004
agm015201282,22.884620683601636,-7.972352414695675
agm015207847,32.85469218535878,-4.986550157399873
agm015219380,19.94698852352432,-5.237662003645176
agm015374207,17.943299432088228,-10.381621935565223
agm015386376,13.11549995584777,-7.655719593973592
agm015510645,25.461898886645717,-4.46046800181141
agm015601434,29.72784720371898,-5.6844342616094865
agm015603685,26.541116579252947,-2.956849386890395
agm015725705,22.14737006732398,-4.574221341468405
agm015775660,30.409329177435634,-3.0121400158059095
agm015788544,21.409808358484597,-4.122157274256582
agm016203725,16.002990576768262,-7.429138512528642
agm016261994,20.36918171026147,-6.718112456887154
agm016452139,14.834785966796536,-8.163143540812696
agm016488082,22.911096164766434,-3.26158256916791
agm016520661,12.812125424087697,-9.518272441731995
agm016692370,13.908043047679968,-5.386492822985012
agm017108216,17.14661827600212,-10.530490141404115
agm017358307,21.988934907386426,-6.500229730764811
agm017383628,18.118277756593194,-6.707374002126995
agm017578893,23.622069325583755,-3.873783738341316
agm017787461,26.076023275367906,-3.3012329267676406
agm017910208,17.064080162185558,-3.9318906978081642
agm018237147,17.46900727398261,-5.184462228637848
agm018312543,15.974213752772442,-8.10735997486874
agm018630176,20.194913816118902,-6.994120863130327
agm018672718,22.041187102393543,-3.5712829170459015
agm018846712,14.424263826590092,-8.205336643592679
agm019052755,21.41419003702157,-6.133028514669329
agm019058405,25.94605831756621,-5.0530488103188045
agm019277158,19.70025928249823,-7.038581469969478
agm019325283,34.51294924274265,-4.591717826545641
agm019327468,20.04985548627453,-7.553164059773906
agm019383947,36.917342181330476,-6.003976729841334
agm019384904,21.735385290325112,-6.216431719936084
agm019390409,29.277882656426602,-5.318262784216652
agm019391716,29.253722764034336,-5.338659406002421
agm019396523,31.577339803530364,-5.036089047850282
agm019428951,22.02878519305503,-7.40010749208414
agm019507614,23.19629167915378,-5.322769799665663
agm019573091,29.54098941876302,-5.837799873985116
agm019573858,22.41828429038558,-7.340778686640658
agm019789883,26.62590110153864,-5.693228759994629
agm019944708,28.095564008412268,-5.602372748337023
agm019957202,32.606425532617166,-4.649379654937798
agm020007692,31.293701170059432,-8.347010462798574
agm020149089,33.7485715622853,-5.29091082849998
agm020266597,14.893382672486434,-3.4394932986766515
agm020267873,18.197639871975575,-8.828571360964366
agm020287097,10.833079417965317,-9.45046225663602
agm020554470,20.064222666458853,-6.860798650115849
agm020590753,26.639440017103162,-5.136288989567067
agm020702133,11.842040971921227,-8.729375179169596
agm020842886,9.464288551826527,-7.1311293595681375
agm021097834,14.72125842313343,-8.56264007177216
agm021177519,26.37112524038739,-3.2162847478159367
agm021243229,18.390492675565813,-5.837599796365361
agm021258972,20.965113893896447,-5.3840435037496635
agm022169397,18.901911351636084,-4.940911436147506
agm023579109,32.02641978782818,-3.328605051428621
agm028360408,21.75410112534324,-9.66898931119626
agm031053121,13.581891846606043,-7.766704811319049
agm031076615,16.92337124340804,-4.365591620771755
agm031081640,17.820385632046285,-6.883991964993638
agm031134027,33.564373148533434,-2.6290070357258806
agm031181492,27.293957465780693,-4.157293034818473
agm031197498,23.771508453310624,-5.951411714394808
agm031226091,32.9885242766043,-5.303432112206408
agm031366540,26.279534764586064,-2.9958687450226793
agm031416881,19.519066926844776,-3.0066470569605763
agm031513630,18.757745847031007,-7.7792182181973315
agm031632681,20.956614467746878,-5.770557218986675
agm031779785,20.74689225804816,-10.15526426473026
agm031792319,17.67356957956458,-9.00726195570596
agm031812705,27.037179725656944,-6.417723535712432
agm031819539,19.00094762604532,-6.262464599829436
agm031855991,21.366847754389124,-6.002857847967048
agm031881173,19.039520232749844,-7.432065369167166
agm032006245,20.665687536329678,-6.384554663324235
agm032075365,17.400516071815158,-4.592012126830223
agm032116309,15.153584309981563,-7.317328924760891
agm032210382,17.689020836807536,-7.732357689132217
agm032270065,20.05858457498152,-7.554511540055554
agm032281107,12.981221731953399,-6.420259513427407
agm032302034,13.894525184852135,-6.128588014523875
agm032414126,29.071534417431966,-3.0636578955576605
agm032478274,30.227320000504733,-2.8472390035872994
agm032551116,18.447651741478577,-3.552624290496779
agm032558563,14.244313457800859,-8.50846133246351
agm032739509,14.212960987347344,-5.681560402219549
agm032764363,26.8413554371777,-2.9632313225718345
agm032770781,20.328219112871583,-7.995987737651263
agm032796661,18.88934213129816,-7.825836313753862
agm032841206,22.260822562118353,-10.43275590332822
agm032871362,27.25382900454436,-4.891286394982404
agm033074582,20.241881181488843,-7.154918237890347
agm033132677,14.208231480325743,-5.008459889472399
agm033134656,16.0850485715921,-5.3419561853600115
agm033139417,30.25325879760085,-3.8477828313472475
agm033139550,26.213096779868707,-6.843247697663639
agm033142293,18.24063922676685,-8.579083155694022
agm033380449,17.425436515047775,-7.198796180699415
agm033380460,27.4143110468453,-3.8203065661982243
agm033404383,20.185643732344758,-6.854825723631944
agm033417768,18.58149872544698,-6.086433980827988
agm033424924,32.992142078270135,-2.7988624246522287
agm033505843,18.756896247685322,-6.477526094517464
agm033545494,17.915413917631565,-4.119146759626862
agm033548110,15.129566191662704,-4.474844113231815
agm033548266,16.21125568509417,-5.3689704745662565
agm033562785,24.30393293719328,-4.442615098410463
agm033578838,15.921379096964145,-6.056184033321543
agm033635963,45.45316129650857,-2.6883275566118017
agm033671908,34.395588010342024,-5.9050264500105625
agm033718521,28.487140051068266,-3.883559920845279
agm033746396,16.50665384406169,-8.45097676743177
agm033820258,13.950510658620805,-4.4779880823087
agm033903286,39.75812357489324,-5.216717942750084
agm033976844,19.73967173872447,-5.700990865423343
agm033996079,16.96739117855235,-4.779550394452738
agm034019527,27.213473371646675,-2.9813335307493425
agm034184582,14.203764564979311,-5.517425660839675
agm034293206,19.811584282376682,-6.8813609607499915
agm034308768,18.418439836566247,-7.648156530446087
agm034338280,23.57569661830615,-4.0406082102047725
agm034373268,11.788032785229937,-6.107304825956113
agm034415352,25.891968374327373,-5.224053094659805
agm034416781,27.193287698590595,-4.805862543216041
agm034492254,28.142105931081403,-4.327756807181107
agm034594732,14.364139762378356,-9.791566696631742
agm034712438,20.28561108115371,-5.740654441318367
agm034717620,27.376855942724188,-3.120211515330786
agm034743584,17.212590528594934,-8.749517182507917
agm034755995,15.145067635763219,-6.538870192444471
agm034787686,22.24215460562716,-3.041488728077457
agm034795397,33.83770232173156,-2.4241869996010483
agm034835730,13.851619082510773,-5.314832866913067
agm034875450,23.51535908365212,-1.6899699217622792
agm034878806,27.710256322943764,-6.922392923676246
agm034879118,28.02758088081138,-4.349546015696124
agm034909723,15.328858117762124,-3.262876816048936
agm034914590,23.785736121600504,-3.723354176984848
agm034976681,14.869065657425852,-6.0111293230623275
agm035018476,27.959577182369767,-4.177256443192017
agm035086558,24.237836744651414,-5.446891074898313
agm035225697,16.2140227861621,-7.5998843993222
agm035256291,24.030954617938487,-4.04537955139315
agm035286771,18.10883913224584,-5.50619654247495
agm035292838,19.05574458302952,-7.304022670340163
agm035330454,27.01428802634369,-2.970222242528943
agm035336033,28.268429131551116,-6.263755186889559
agm035354220,14.309513180171137,-7.832935453170731
agm035403109,15.456477390352768,-6.244159196956726
agm035444236,19.962015943406552,-7.016894836700679
agm035545656,18.351016377879144,-6.278909757363714
agm035628902,15.31990862414768,-10.803651703498913
agm035722046,27.731423008450815,-4.118366138024258
agm035757346,23.014027482941408,-5.963101235995131
agm035790793,23.811594002107928,-6.987327803322141
agm035917435,14.186652336447127,-5.933602070144829
agm035972573,24.258184473367876,-6.136886280859133
agm036069595,24.37692671776874,-4.366120452536239
agm036210606,17.7143093394825,-1.9303687647594874
agm036341932,14.647746692468429,-10.771778199106976
agm036493029,28.831597721304735,-3.249068171671752
agm036513268,28.80428124742481,-4.139523471367775
agm036563554,33.02655024942741,-3.118900642558341
agm036567873,15.68893070910869,-7.361455653801941
agm036827060,26.343538440063696,-2.536150702479125
agm036946266,13.787074960073648,-6.621254484999475
agm036970084,27.699318799789737,-1.7457864388512359
agm037131534,17.156811512389172,-6.286035668922381
agm037219545,16.88890457558094,-5.102163074774713
agm037262586,29.209209858928173,-3.6268908538578377
agm037427117,13.84519989157398,-10.029766744453777
agm037485921,14.789790895096905,-12.28274767996406
agm037535409,21.833995365121513,-7.264080368269158
agm037634837,28.17512217853583,-2.72541844240242
agm037641523,25.505946857359977,-3.037203002457788
agm037757730,20.38319939409767,-7.44971100305334
agm037874556,24.011985353253667,-4.045823722890607
agm037891295,15.523916409213056,-7.5082127642644565
agm037930437,13.730350430957257,-5.393434262026253
agm038144242,17.518760564073446,-6.822522575698969
agm038325840,20.018631307624226,-7.5555120789561885
agm038452895,28.590533597897984,-4.353033825916057
agm038538948,16.669377533128344,-10.619839039662295
agm038619238,29.32450956629596,-4.247731180746153
agm038643047,27.405375214383543,-4.177757364318381
agm038798875,24.750085627310032,-7.10158765555839
agm038827824,27.101024528163766,-2.975323469860646
agm039079614,13.903929740176116,-5.316870842750208
agm039214096,17.52052876547172,-4.8398075268884435
agm039286936,21.53090963599308,-8.562230210442495
agm039352188,26.50337921759886,-6.2550572243654186
agm039384253,25.096580570202775,-6.626037097598412
agm039391848,25.033520537270608,-4.053710581408228
agm039392355,14.12915933750056,-8.214163441559608
agm039416217,18.354237888418297,-8.802514332571404
agm039466187,18.30987430493369,-5.946685013381277
agm039482009,17.901845208930165,-4.876630234250306
agm039487101,13.745862316652774,-4.2302141972459095
agm039621957,20.19854543925772,-7.367873231887537
agm039628245,24.061028582019336,-3.624533109189519
agm039656398,14.420102475145827,-6.180056519612506
agm039933136,28.16459318427864,-4.203494336878335
agm040011824,17.594972724596797,-7.858075051384449
agm040189302,16.205433528354263,-8.21950413374985
agm040214963,14.562224090002871,-5.008972759087576
agm040435954,28.436043686666135,-4.340054477696316
agm040444446,15.428365078960319,-8.634227987180244
agm040463022,17.31529699199184,-5.99776286669256
agm040518097,15.344363952103668,-7.445650142138709
agm040627440,19.093418102764208,-3.348538251535895
agm040645361,23.688162239271623,-4.042190376941061
agm040675271,31.9700745174408,-7.617706342301206
agm040796270,33.43007495948856,-2.1230867950930636
agm040809534,23.86907277773669,-5.359173287977616
agm040810729,15.97311359604013,-4.795301015958177
agm040853550,22.190110119792987,-6.602958332901809
agm040949986,18.682220202471164,-6.427230422674308
agm041062834,15.333302163690478,-6.545161857304863
agm041214832,18.311622136157997,-6.854953493404126
agm041237498,15.579614666083119,-4.170344575962328
agm041365543,29.279877653075218,-3.2843607522956595
agm041423230,27.9710154996994,-3.223175343143511
agm041682032,23.01140239936224,-6.295405504230396
agm041688826,19.014035059828306,-8.163803979790158
agm041699409,33.8468223374122,-5.432115851378981
agm041726471,20.30491407762976,-4.371503421972241
agm041793581,29.777690293964373,-3.296754613617226
agm041918271,29.18062699054464,-2.722384119461003
agm041977071,14.985960648355523,-5.993188423633523
agm042034097,13.657735828484075,-9.494091742636742
agm042110408,15.731104051995258,-5.465313545752239
agm042146267,19.269195693782162,-3.9956588751548736
agm042232268,18.531941455615634,-2.4272444703351232
agm042271688,18.67520240439533,-4.185052000278057
agm042407943,31.88500720255191,-5.521040477742795
agm042428579,15.85942957918293,-5.022162526446219
agm042510531,15.805431610048387,-9.203765573025647
agm042736050,30.700359499709773,-5.6541366033280855
agm042832020,25.244349331630147,-5.199383396826315
agm042918042,14.297485645324494,-10.434099662923202
agm043102424,32.216856457151806,-5.611299058121085
agm043344049,27.94571088903629,-5.521216220785007
agm043350123,12.194928087117615,-7.847645566822677
agm043577218,16.31317692239099,-5.384741274306489
agm044603963,15.50431748470164,-6.898976383314945
agm044758917,33.596711392983764,-5.878919265070991
agm044992392,17.130632124593376,-5.588971432242426
agm045249968,21.617428527548544,-3.9853954900744286
agm045298996,16.806476793815776,-5.050237160451276
agm045949129,21.869501374263937,-4.822173000771303
agm046066198,19.294079831734688,-7.200940521801886
agm046071820,19.026947443329245,-8.46685822685082
agm046093453,32.17193932486929,-3.667384530942684
agm046110206,21.42340938929231,-6.2458423167850725
agm046232287,19.794915726133098,-4.806456354397438
agm046302397,15.41193014347831,-6.6838016652252294
agm046353452,11.043696369378189,-7.058026636279656
agm046402477,18.099551400834674,-6.279121482408759
agm046448994,23.25603489063229,-5.330061332779915
agm046449671,14.937490155082315,-5.500227095309441
agm046736258,20.040084530904775,-4.4296792195915025
agm046884723,13.871255164649833,-5.278879615021665
agm046901051,33.671555928010804,-3.566732027598692
agm046910527,21.593435297215645,-4.5548562461122355
agm046982599,25.21494798040857,-3.6130430802481874
agm047039985,14.398766260047472,-4.965651530450486
agm047085581,17.66970308414756,-6.912484700647357
agm047139790,20.489995886119736,-6.740316614096989
agm047221883,15.843451228482829,-7.432881465468733
agm047269073,17.553236823459176,-6.006960435507245
agm047384164,22.940645456125456,-6.130605095955457
agm047695221,19.92037800493816,-4.758323425931892
agm047712724,24.743008274826092,-5.906497941627502
agm047865421,17.18084339981304,-8.303671636204948
agm047950906,15.019299672798653,-6.998583512378494
agm047979706,17.40843121629978,-7.080843724814787
agm048029205,24.934218467727145,-2.481810111040245
agm048115678,21.148102089056817,-5.772840853216233
agm048282605,26.60516627486057,-4.350331358738019
agm048573830,23.262810002057208,-3.6326870821725095
agm048597860,19.960665759577562,-5.808832927274911
agm048696755,20.686439179294663,-5.045414335258474
agm049032731,22.61547979350587,-6.267816767796159
agm049096122,26.006582481604255,-6.869369742434803
agm049189626,17.741354308172788,-6.712197614121508
agm049218422,19.199053809468495,-9.031890536703976
agm049218651,36.134375884719326,-3.429570749027224
agm049277985,82.26593622755985,-1.0224724744960223
agm049495190,24.208963116289414,-4.637420720121554
agm049757473,20.940290810138766,-4.60439891848282
agm049838963,31.005972587197473,-3.76584754186246
agm049859830,15.632466865881788,-7.1375015051679815
agm050033487,19.368897058527406,-6.104580699088131
agm050125160,17.342804845513665,-6.394883812580324
agm050216186,11.271770937292652,-7.037531037970588
agm050252246,24.969109228849888,-3.9436265696403883
agm050379828,25.93997300972853,-4.266955409374879
agm050559441,20.282530697776973,-7.1034285398226835
agm050611168,19.417450829526146,-6.542216678186055
agm050869952,14.470645315849058,-7.051485449038765
agm050891097,21.678333967143953,-4.983195302509748
agm051002930,28.8017866631593,-3.9166974900345033
agm051117696,17.622852559172753,-3.4812855295669345
agm051140841,24.874541020291563,-4.215481394742883
agm051147917,14.868273282805449,-4.430042732213705
agm051159562,20.227965047977342,-4.281736335213947
agm051193864,17.471856888521316,-3.479700179382942
agm051259667,24.67761074768553,-3.605206575239741
agm051285427,15.085744727624055,-7.85909988223132
agm051286752,18.27912609205427,-6.562195691283583
agm051360377,22.25146515856062,-5.208321116206001
agm051439740,20.294640883987267,-2.7627694960397053
agm051474563,29.708288754336664,-6.231019731996765
agm051488376,16.440883043757058,-6.322001810321606
agm051593339,20.32970660974226,-4.14989131117701
agm051704010,28.5975000370475,-2.727972616800939
agm052084791,16.421678562531582,-7.058645588928134
agm052088254,25.522972953871392,-4.736700538383308
agm052270463,21.44435028640677,-5.446558193429762
agm052414571,16.826318275672058,-7.9016646126067585
agm052538474,29.197315941506734,-3.7750478364687527
agm052563388,17.283942267797965,-6.853071281131425
agm052574115,22.43068796131657,-6.659423766321395
agm052584940,28.18014506421022,-3.7533371887021256
agm052678971,25.139363067025773,-2.811182769804171
agm052684671,28.495305478446834,-4.271715981592554
agm052696731,18.588930090042204,-6.16281221911886
agm052706368,20.944930741127703,-3.1713104206943012
agm052902985,30.595539114216553,-5.186022820570905
agm052913920,19.72371663902187,-3.4936532532888656
agm052958612,13.98608455543985,-8.264535785342808
agm053085436,14.896220326388177,-6.823527625874529
agm053251630,24.986643582135653,-2.4904057109083033
agm053384127,13.754312832632314,-7.497392823404194
agm053445772,33.18492652130105,-5.264080873333864
agm053471436,24.998727758808517,-2.6395975498477715
agm053492783,24.704042838408967,-3.6849601888905092
agm053494456,35.22131719374419,-5.347964014921878
agm053695294,28.31448866745296,-3.9288573493757295
agm054000778,17.736510411874995,-7.543730307089005
agm054191532,17.940863079643822,-4.9098562095154685
agm054374296,19.087661530205168,-6.987692129263709
agm054551773,27.39459958249849,-4.979470430590294
agm055028904,21.003666901069213,-6.7694615099187745
agm055052934,21.331941544004334,-5.0496467231505004
agm055166540,24.3833886653286,-3.271284089541689
agm055276058,22.714712162864867,-3.65735784983929
agm055311908,21.477515439578937,-2.781720013456205
agm055402753,29.8974493616986,-5.504177426942224
agm055420943,17.774948524207144,-7.175948528859425
agm055579385,25.317311797085907,-3.292139008912468
agm055637410,24.20587351914487,-4.20123815919857
agm055661960,13.491661949201339,-9.490961703123174
agm055715306,25.50090030977826,-2.7883414125409125
agm056233791,19.92803597689424,-5.857110825741728
agm056491024,18.018064054158444,-6.875058455443472
agm056518807,32.252099855383854,-5.030882490392764
agm056695864,19.77364575616602,-7.10347522671654
agm056894988,18.784571052037627,-5.449671374425033
agm057023488,27.0257256460736,-3.0408448958285668
agm057063227,14.584514956945823,-5.770588290580902
agm057268400,17.060482988245063,-5.574554769924915
agm057456046,27.130308239414365,-4.150244103065093
agm057759190,23.44800418774,-6.646288751992425
agm058131735,23.84179212092219,-3.406972466527062
agm058189357,26.828830092466443,-4.674136484391462
agm059394271,18.40659074875363,-9.47050771174381
agm059819585,16.59720302380886,-5.9683673244153015
agm059854547,26.554365622747717,-4.105564881602971
agm059874422,26.823335933830222,-3.0313338250055293
agm060163828,33.99136522315966,-6.067846186392725
agm060255427,30.209766134115654,-4.533252276630112
agm060302844,21.14686356236308,-2.7782383488300284
agm060355585,33.34941962203153,-5.447794366773275
agm060364005,20.13131755879783,-3.0755345689968885
agm060428354,31.09356133626721,-5.837175145629172
agm060571038,33.193081192647874,-5.147427564628943
agm060796651,17.881834341408297,-10.019561206099489
agm060824465,26.313694974768502,-3.611059237352041
agm061068251,26.89284582287706,-4.448003439811747
agm061212443,28.335840343074477,-4.433147984747386
agm061420322,25.980016964963674,-4.238989818599398
agm061474413,18.17538983728042,-8.330572591571014
agm061543395,37.897496284627806,-3.629199140464383
agm061721407,32.680581850228364,-5.105049790894586
agm061812576,19.64913302864332,-7.114733977198359
agm061853986,20.115605095413795,-6.641221117959695
agm061903604,18.107518490056847,-4.880834883576343
agm062234490,27.414979019235677,-3.6095367432942354
agm062312689,32.18221296642563,-5.088688774509642
agm062830898,20.599651378919752,-8.500547073425196
agm063085059,26.145927910267474,-3.0119293898613226
agm063144478,16.869590796233307,-9.354452871322282
agm063809045,16.30210417135575,-8.924571437028423
agm063870354,29.368652609225137,-3.711329889427513
agm064155564,15.100479762415533,-8.124305453399788
agm064236107,16.423470693419173,-9.696705370232133
agm064833606,20.66187803200492,-1.467719317435875
agm065373797,16.15340792889422,-8.76338417684495
agm065460782,27.823843876780312,-6.567074791117407
agm065514768,26.09694278854248,-2.8972182780872715
agm065531945,34.886365175709784,-5.313033328909076
agm065622749,32.46535699192586,-5.083757039264599
agm065932436,31.08063894709254,-4.561393109515301
agm065945107,16.346311379463554,-9.73968636340534
agm066110763,14.861702011383354,-8.122305222676935
agm066420234,34.31323111084387,-5.650292714244119
agm066426256,33.06187324582503,-5.112843888365159
agm066471272,31.344573614588317,-5.040187862946073
agm067521681,15.83785056705537,-5.854786925757198
agm067554877,15.889346639440364,-7.461781149216829
agm067793528,33.5122192037453,-5.1446495574172495
agm067901243,18.88848444494678,-6.929189921772226
agm067913213,28.61275595413381,-4.538398518581376
agm068299497,26.70431636567943,-5.483089760001184
agm068350495,19.392893841590187,-3.092980656140456
agm068421791,29.544210247323196,-4.088389024084882
agm068805815,22.412337887892388,-4.5676313227863465
agm068943153,30.934564420332904,-4.92429920107823
agm069119895,17.54900279367786,-3.5852098565475603
agm069128259,13.501135540743144,-5.94930397562499
agm069258117,15.142287895815661,-7.4871238379103024
agm069260712,28.557535636085237,-1.9569190325500188
agm069283242,27.91240102695016,-2.5583732497691174
agm069295999,12.98237598188644,-6.231603477877136
agm069315443,17.881518465918294,-4.637116112844644
agm069395575,26.526403434519572,-7.143625023882407
agm069461818,16.841115002564248,-3.262033247035891
agm069497264,19.65745853701914,-6.91293748842867
agm069499209,18.494584749403547,-11.112261742103698
agm069527535,48.78379221135775,-3.4544594573949987
agm069538790,13.336215425483113,-9.745153654176208
agm069542762,30.094438092111076,-2.188998583493722
agm069654459,23.282969083498678,-5.903769232815335
agm069780602,10.031195874205064,-8.460038007169329
agm069978030,25.360501479989647,-3.315609332799396
agm070019833,26.345313022460207,-3.697958020352912
agm070103954,24.105440520722823,-2.328184723142782
agm070120908,24.613435369952967,-2.3625546685797527
agm070134454,28.447601125388378,-4.074352316802504
agm070166615,21.47728018662824,-4.417965600513472
agm070190128,25.73661235896408,-3.548480082223604
agm070195390,15.545131363880282,-3.2131053289732185
agm070200207,20.487971325190646,-4.595208227097177
agm070260224,19.909757528247294,-4.384306232112326
agm070277652,22.516888622571198,-5.1812474683510015
agm070325606,15.685044335849561,-5.709303580212249
agm070346469,15.256887123963445,-6.365784992901638
agm070399565,19.920964268741155,-4.915069474802017
agm070401774,15.032077952504638,-5.987315425934536
agm070404710,21.048998460544823,-4.172730298650452
agm070407576,26.646542274481575,-4.179437502114134
agm070416276,22.431768396676592,-5.343456472694609
agm070480086,26.375537150908556,-5.769850180831419
agm070548142,24.188565839070836,-5.017773261663678
agm070563557,25.500912770580893,-3.0989987424223817
agm070599800,27.062329799736034,-2.423660049935524
agm071590064,12.573213611738174,-4.168656150989673
agm071659156,18.324406320773143,-3.268328403398901
agm071710261,35.9240820163646,-1.7101187304105505
agm071746895,34.47912600309831,-5.530125270686503
agm071755728,31.107583248060607,-3.111754003176403
agm071788543,13.930829277431842,-5.9075000950808665
agm071827366,11.176168047491194,-5.898900328610357
agm071848698,19.920964019187476,-2.7858335536397303
agm071905563,19.4671869416793,-3.029447139663421
agm071922004,25.30570688473772,-1.9183660890200154
agm071947044,21.4774063172913,-2.564684813405378
agm071952880,31.367717520163996,-1.1354365781647406
agm071997748,22.80192388884031,-2.2906613191760834
agm072010787,33.238296507478616,-1.4001571421170327
agm072011051,17.388841136561798,-8.63619674732599
agm072017833,13.534165455864036,-6.0255574873363535
agm072055361,37.8799397673328,-1.077437980929166
agm073029910,27.739125210252986,-3.95828729540494
agm073032751,15.399318754234587,-4.5913043900307455
agm073035089,9.16485499926377,-6.239576415792203
agm075736854,34.183871906990056,-10.968705390649035
agm075752243,23.43296500629148,-5.250032465960352
agm075757954,31.422333700139216,-4.99758936737783
agm075759623,16.431884470931685,-10.018754399671707
agm075772830,26.381475548856997,-4.3712433366547945
agm075877595,32.5559161697145,-2.8578994710313137
agm077614787,25.358581012236524,-5.878358738969823
agm077618192,17.066806422595246,-7.706088739395069
agm077635730,15.083290815764109,-10.155310210846213
agm077689631,22.869472643169,-4.926416071683975
agm077719115,17.401564945479716,-5.614081892296461
agm077739096,23.117490705331615,-4.410979712797508
agm077768652,18.238139627326245,-7.4769789297963785
agm077772848,17.06050739643515,-4.649256631014572
agm077805716,33.59319523898261,-3.6125127164440247
agm077806547,16.093686152776737,-6.777883890204709
agm077827255,33.29945179386696,-5.274800938288814
agm077870433,39.34281198197457,-3.2552381932757064
agm077894967,17.001027269062828,-6.412503106865611
agm077896372,34.755644106139826,-6.158948613396762
agm077903872,31.097565920217345,-5.909019817541311
agm077937136,30.357306259030395,-0.2855832021183528
agm077938356,18.605116270340883,-5.388112777079537
agm077983527,24.739710453767177,-5.8465731015832985
agm077993194,20.963403515797314,-4.114783438365832
agm078012823,34.47374622975717,-4.723736482546372
agm078020845,29.128731280664425,-0.29429048653734835
agm078051732,14.822747168012723,-9.635530829528703
agm078128480,28.535569292913177,-3.8912967236168825
agm078134840,12.560048978918891,-8.525607840180108
agm078165825,23.476323482727334,-2.669906488452242
agm078188146,16.170938895343454,-8.019065237566384
agm078208142,19.224519344713467,-4.935707996047768
agm078239464,32.53200366326042,-4.6584416337239105
agm078252032,16.36526629566912,-8.299388491691655
agm078282223,14.537452964994662,-11.613257941998404
agm078283996,28.724083355215328,-5.956507631265563
agm078294958,19.05884924645149,-6.936172131313095
agm078335224,26.14146414376539,-8.574696968465288
agm078340323,22.6846273228582,-3.5178731736303432
agm078341714,32.210405111854804,-5.544184815951579
agm078404586,16.146126980969505,-3.9860099285198403
agm078439128,20.395052168866783,-5.229787127168183
agm078454585,31.67614602367708,-5.827032431218519
agm078490819,22.48716288657604,-5.655790429447281
agm078515325,26.513067242775026,-6.141973245534886
agm078547554,26.432708130157362,-5.2483842419216975
agm078560408,28.993275086414744,-6.516149579272597
agm078574004,17.37292623940438,-8.449692888760046
agm078596872,15.144676250484922,-11.90640337906761
agm078635712,27.23781676103389,-4.907764671762985
agm078649580,32.80186203956338,-5.486249149109799
agm078660711,23.56882097000762,-3.68361383205964
agm078674135,23.30036538950463,-5.130085251663395
agm078702479,7.2522461675068675,-5.523174142699705
agm078703084,29.497729383260747,-0.2916574407559897
agm078711475,32.21320307288875,-4.654120395067472
agm078789426,18.442634681606,-11.257848801583648
agm078844528,25.595804979089298,-3.8127954961784085
agm078857003,32.62085142102434,-4.657955593000865
agm078863778,32.168327436317135,-4.06981944672622
agm078875830,23.528833992407364,-6.142660520972775
agm078940507,29.274022722301826,-4.37583163618563
agm078987497,17.179177805989443,-8.057844830555789
agm078999228,16.010616497527383,-3.4479219708353384
agm079004138,19.069771071083245,-7.741639131382056
agm079077732,25.41180451962871,-7.773824370615936
agm079078497,19.10123929388787,-4.2672205702092265
agm079082569,22.751256434791262,-8.346467007018282
agm079133833,23.668294064316385,-4.646751802666488
agm079136810,21.048516169839818,-3.586618288728308
agm079193515,18.301255528809264,-7.401725117539069
