mat_id,volume,energy_per_atom
agm001000110,20.27765809316341,-2.4490190793136293
agm001001040,13.446596997583208,-6.070618820928636
agm001001919,17.872616667900285,-5.440252267977388
agm001003503,18.985451712344414,-0.9854788145866132
agm001004359,17.076786746755634,-4.848602547403985
agm001004594,17.8359846599358,-1.5909744230872018
agm001006759,13.783022115274532,-5.7558207754079485
agm001007227,17.543819698252676,-3.754117526672793
agm001008954,16.634833662078712,-4.828987903742507
agm001009320,17.624572848644792,-2.3031446944368152
agm001009484,16.2401698137032,-2.660628032247463
agm001011011,16.69398064528406,-5.31347275754552
agm001011034,19.499611002659098,-2.046308217268402
agm001011258,19.780820856965374,-2.0916460564440023
agm001011276,20.498919797698537,-2.8993260335010134
agm001012152,20.206530836002788,-2.027102427348925
agm001012672,16.951996733534177,-1.5396700709877953
agm001012673,17.533069147124802,-1.4405299985124131
agm001014575,17.230684823827996,-4.579836392963151
agm001015322,20.448164560538807,-2.92137349672223
agm001017922,12.674024512945822,-3.3725117190908027
agm001019652,20.611577731995958,-0.5822393684793425
agm001019766,22.071779358287305,-1.1256174817706672
agm001020078,22.737764320570147,-1.093549477948298
agm001021702,21.47820704895113,-3.36327290012388
agm001022068,22.344517781155997,-2.943014513980756
agm001023885,23.321257310867427,0.015001816833639362
agm001023989,23.27974359161278,-1.0815230901266268
agm001024672,12.84947429631877,-4.320366104143688
agm001027517,16.943346958684135,0.6723181360500133
agm001028442,16.79748271778793,-0.9677282350633579
agm001029255,17.71751216193297,-1.469590912582068
agm001031293,16.211262568076695,-1.0675529750814245
agm001031724,12.392109920132194,-3.68264101581581
agm001032058,16.61672439354577,-1.6766336554458006
agm001034234,13.974892126360595,-3.886674483439004
agm001035741,19.949186583965115,-1.2990677737688998
agm001036375,12.590165057417728,-1.503941264960858
agm001037498,16.67798275965524,-5.505712073266384
agm001037555,20.30680024916457,2.130764834889144
agm001038997,12.151820617498013,-5.961245060719354
agm001039391,19.206727551356174,-1.8991704167983492
agm001039511,18.500110848138842,-2.0402800101920255
agm001039917,15.34220957125344,-3.0176772767644096
agm001039943,19.086334202301117,-3.9252242734342495
agm001040193,17.722210398905315,-3.438475653986534
agm001040411,18.340370984276866,-1.2449342815306157
agm001042892,18.624503962619894,-0.5258446743370738
agm001043020,14.590639780149345,-3.8761264889540015
agm001043936,17.534036671466566,-0.6476664987118728
agm001044286,13.8676862257331,-2.311475438126974
agm001044489,18.46683280731156,-0.5106924556520008
agm001044934,12.041956556754807,-4.055049426978493
agm001049739,19.2224642202832,-0.7518880136922856
agm001053505,11.405764928614163,-6.043588834204699
agm001055435,15.270686392903395,-5.1899602309979675
agm001055954,21.87035882713729,-1.4123589676873145
agm001056004,14.585531169122214,-7.779852295260059
agm001057112,26.430206152731376,0.33185201357125393
agm001057627,22.14479439384552,-2.3399994644076707
agm001058307,19.520106389612103,0.7481988751472546
agm001058446,18.029216488571244,-3.593041900646689
agm001060460,19.052102367727183,-2.317145880464152
agm001061731,16.61303646405511,-3.1848060811895813
agm001062366,22.434709371194486,-0.43878314211848607
agm001064415,14.441235289191605,-7.729715079772955
agm001064443,14.213738171696916,-7.0517446615110915
agm001064568,17.582826055929747,-2.636314474899356
agm001065948,19.32360959555972,-0.0012880142387382183
agm001066115,23.11212472399207,2.2285459627616118
agm001067502,19.358855202639702,-4.416259879080503
agm001067554,17.857102412687343,-3.4600172340157513
agm001086200,19.957687377857,-0.5911817506248869
agm001086213,19.092590694595422,-0.7686053561843056
agm001086235,18.454372773807457,0.5590041184044163
agm001086510,18.667654203792306,-3.6989270600396527
agm001086550,19.534810404177406,-3.532346518910784
agm001086578,18.69976702735348,-1.3348783718776276
agm001087647,23.731120489662953,0.9134279565711534
agm001088240,20.249067874565974,0.44697397121695825
agm001088337,20.912320858588973,0.5299867809230134
agm001089246,21.219049975513304,0.5074912496287345
agm001089717,17.800740770974542,-1.4964039587026794
agm001089775,17.105264747364362,-1.642763870096788
agm001090387,22.028305042788702,-1.4003826444296572
agm001091522,21.724010118373833,-4.523736554386689
agm001092377,22.33458980113431,0.8265913860409739
agm001093963,21.024585808252482,0.5861789415908571
agm001094206,17.258358751041857,-0.13588373416595756
agm001095527,14.68638135543464,-1.7396619034290883
agm001095605,18.158724636460036,-5.041716463149288
agm001095715,18.050301722707136,-2.723907717835053
agm001095905,18.670698220114705,-1.1120859020430354
agm001095916,21.051198610661096,-0.26868511405728635
agm001096149,21.010953331708926,0.674194726238754
agm001097092,17.441271048283607,-8.09250286565375
agm001097533,17.835245843069288,-1.3877016512269584
agm001097606,20.002115984910063,-0.1079005731810403
agm001097698,17.010211995964802,-4.272440484521052
agm001098069,17.209216072753918,-0.7262523369926073
agm001098458,19.99650721616229,-3.746535915067661
agm001099198,19.21633517310995,-1.5487273960541237
agm001099929,23.447439214145657,0.7386602740159067
agm001099967,21.604927586762102,0.26093191388663195
agm001100392,14.099558285002978,-8.754656500787807
agm001100417,13.875222437127631,-8.039382883931832
agm001100499,13.58709652605815,-8.682984699432904
agm001100506,14.073740349674647,-9.718480070930834
agm001100703,21.074292386797122,-1.254632204209821
agm001100706,21.331907573788637,0.1250163204861625
agm001101352,19.961535262835667,0.27913125577662123
agm001102145,14.046348729426265,-8.058882813457666
agm001102564,19.297869491531863,-1.7587849078003857
agm001102584,19.536668337644635,-2.768975060595366
agm001102681,21.63288409307732,-5.45351427661661
agm001102748,19.65764941555033,-7.356157476126347
agm001102800,21.79496612777807,-3.560373632703134
agm001102864,21.604782482062397,-1.6715825072484485
agm001102979,19.60917705479404,-2.1698954621708264
agm001103033,18.546853824155637,-2.6736164922488364
agm001104968,22.813499238855123,-2.806569848723914
agm001105146,7.307162637879529,-3.5929528473250585
agm001105375,8.872584870585976,-3.6981706455933945
agm001105378,8.857789415056558,-4.610298325622824
agm001105682,11.227988027178565,-3.9423236873625584
agm001105872,19.165918958295546,-1.149881218794924
agm001105887,18.567187176940646,-1.239070888822699
agm001106082,18.631967707711045,-6.862008641445781
agm001106108,11.868938588456796,-4.610354354522785
agm001106135,11.375762393821706,-6.977539007812602
agm001106214,18.885006708824427,-1.190256867879246
agm001106241,18.451543532683722,-4.857545195259308
agm001106364,10.68129607973055,-5.432297827761503
agm001107189,11.916307104774278,-7.086317265862628
agm001107258,23.46937416398456,-0.755982994730541
agm001107266,20.412221150338798,-1.8966826473502896
agm001107272,18.642859244620908,-2.270585182264478
agm001107544,20.241048205461897,-2.7017417704580717
agm001108482,18.148722769305067,-2.1861145608240076
agm001108637,20.651146319332277,-4.2525939795128815
agm001108679,18.186622156492867,-2.1583124751086267
agm001108705,19.70221593298853,-1.8676612121833163
agm001109069,23.98036615855857,-4.3216461510751625
agm001109181,25.48656526568923,-3.2555729173375063
agm001109727,24.122457280477683,-8.205822231471036
agm001112024,20.702926847435045,-3.6424876102556754
agm001112253,16.619156233177083,-6.602103793373855
agm001114900,16.9353838268323,-5.634131665455522
agm001115160,12.52924500063988,-6.552497194452951
agm001115359,15.780237422862557,-5.120757404245538
agm001115455,13.10103155269913,-5.742248591942678
agm001115631,13.247736197450696,-6.6591926808679
agm001115716,14.423400467710723,-5.100937818121901
agm001115738,13.369287556488372,-5.007636265903351
agm001115883,14.41820124377153,-5.219225079694212
agm001115888,15.114339445034126,-5.465161154669268
agm001115913,14.01604079065462,-4.9615470043711
agm001116011,12.762339918952389,-6.46926871276885
agm001116037,15.644392433093302,-6.102559969167186
agm001116151,13.932075404960058,-7.201626597562669
agm001116156,14.223450826664335,-9.435200421656605
agm001116169,15.738347482948583,-5.5174024006595985
agm001116194,16.005018821679947,-4.8241974488147115
agm001116328,14.528149286679108,-5.687169783019481
agm001116336,12.83743346354476,-5.892515943501978
agm001116351,15.527761802081034,-3.010604595946198
agm001116413,11.219886212074433,-5.060278130396701
agm001116690,12.750028150708122,-7.453871087529222
agm001116704,14.200907752028723,-6.10040202806308
agm001116768,17.222870411834357,-3.074523384881499
agm001116944,13.548763338047843,-5.099232999223371
agm001117154,14.140457781084912,-4.129789185592192
agm001118545,14.22870236258716,-3.665324186894336
agm001118658,13.318214502260833,-3.267686029775788
agm001118677,17.768619810642523,-7.234853101688604
agm001118955,22.693480344702618,0.01908958709001718
agm001118995,12.054520784279768,-4.377248714597678
agm001119026,15.202622522410833,-3.0416685808642763
agm001119133,16.698379643097322,-4.202122457081989
agm001119442,19.762077569416963,-6.669526020914768
agm001119448,19.16856864115053,-2.0864947458409824
agm001119591,19.713884516198576,-2.200293197425314
agm001119684,17.71239258879748,-2.7762108600139794
agm001120270,18.51911158002735,-4.701332379624979
agm001120291,12.058905094350052,-6.825297449750609
agm001120928,20.307922045782686,-1.643286470120512
agm001121188,16.492104334011607,-3.6771216304641032
agm001121492,15.552354919123948,-7.979542601124317
agm001121709,14.973615920039707,-6.223180429997651
agm001121728,15.530828201035522,-7.423162468455294
agm001121815,18.720807972049577,-2.581266649867178
agm001121847,16.389716294386496,-8.549656827300291
agm001122000,16.816423083601254,-5.317595762966423
agm001122410,18.51784488182781,-9.699878745255425
agm001122472,16.283760420786816,-4.602969821624308
agm001122478,16.43887606875685,-4.551393568085507
agm001122498,17.371818372720025,-5.765017463897095
agm001122902,21.195543355350967,-3.3233775595652175
agm001122919,21.911032262284195,-1.645253659416238
agm001122922,21.229959787218167,-0.9648946001244108
agm001123007,17.42720656717593,-3.1356825627552363
agm001123037,17.290811203909712,-2.0737816199577135
agm001123046,19.427201519616425,-2.0196652137119027
agm001123148,19.462514876155826,-3.525693026501289
agm001123171,20.540644635016864,-1.0919039581343695
agm001123366,17.33017172037747,-1.163514919184923
agm001123367,18.733647722905282,-3.037970020087605
agm001123500,17.39280247942896,-5.114769541634722
agm001123534,21.68356611061545,-1.5652350667269137
agm001123592,22.09156526132684,-1.2402044851495635
agm001123599,21.116234858368053,-0.6039652340961781
agm001123625,21.322940470393455,-0.6109216795195258
agm001123803,19.697858189410393,-0.1292973289239825
agm001123861,17.26896686388013,-4.3943383697669685
agm001123923,20.428392287253775,-1.3138444175517563
agm001124418,20.77353680413859,-0.5046723553592418
agm001124457,22.966553003090905,-3.2553242913772857
agm001124485,22.923270258002578,-1.3690988875387906
agm001124521,22.745811665408777,-0.939754058470037
agm001124522,22.519375222965788,-0.964498994257807
agm001124525,22.797439023956123,-0.9293941655836395
agm001124558,22.861817987882358,-0.9053920715286781
agm001124561,22.779430107266254,-0.9154534234997991
agm001124567,23.238095224945496,-2.1550020096351834
agm001124665,22.48577140290227,-3.7714068104145757
agm001124711,21.797487934862318,-1.0591972644085446
agm001124713,22.19059489144057,-1.4599139079584083
agm001124953,18.042879074996375,-0.7041938148318074
agm001125093,19.83539019245078,-2.720699496178562
agm001125112,18.022005655352952,-5.892889011939559
agm001125185,22.322074688927128,1.995829771879797
agm001125194,22.98981490614901,0.7244685920082854
agm001125293,18.616911499426823,0.06526324165404951
agm001125325,15.772949431231522,-0.22518087222930383
agm001125402,19.79851972774619,0.39005198946265907
agm001125480,18.895019974952312,1.5833376495785947
agm001125562,19.186420529902037,-0.16027468175115978
agm001125587,18.490480162992384,-0.24002923945720056
agm001125598,20.140104364612018,-0.6593410007329505
agm001125842,17.04422833054719,-0.1997233759906436
agm001125905,14.106027418635021,-4.849769336734844
agm001126074,18.470811672152355,-2.7048916887829355
agm001126079,20.754352467332943,-3.0993203747986824
agm001126132,20.56127710156745,1.4342599354506742
agm001126161,21.608661377441774,-4.849392551687645
agm001126221,19.76481528519239,-1.6276597775683723
agm001126261,22.011196502271076,1.636537659673031
agm001126329,20.256942713398416,-1.2419370273299157
agm001126357,18.939498855637645,-0.5161436759894102
agm001126446,21.887185702327024,1.616959844859596
agm001126457,22.21438990163231,0.08124574866257683
agm001126496,21.24254444123482,-0.07179522670570071
agm001126526,22.12413809386993,0.7851975674622858
agm001126541,19.540617933701267,0.409841470303975
agm001126607,21.93938904724084,0.08756772301498383
agm001126618,22.495228171535853,0.1429015392476174
agm001126648,21.249893303564185,-0.04280314423293019
agm001126745,19.21167191624282,0.3799721068501851
agm001126796,20.580234052410773,-1.877789751622128
agm001126798,20.878701100123134,-2.4301546661772586
agm001126799,20.491007301985515,-1.8878873033653258
agm001126801,21.233223110895644,-4.736606486920994
agm001126824,20.39225758055038,-0.45510100493188377
agm001126837,20.61558183892398,-0.11639476115893288
agm001126886,22.72893969684309,-0.6214552874830472
agm001126918,21.774683029915696,-0.7325464347485253
agm001127174,20.465411272272128,-3.6210472805751768
agm001127874,21.560765563113296,-3.3654525124509784
agm001128170,18.55193687251105,-2.7093701474521503
agm001128219,20.636283400653397,0.45621455476523654
agm001129674,21.77781066722616,-0.11916863863501526
agm001129701,17.678303351711627,-1.2813202587735133
agm001130056,15.757869011643603,-2.3230559135211912
agm001130069,15.553236039146118,-4.721646495756708
agm001130346,17.248678664804764,-7.454313996450045
agm001130691,18.2580220215119,-1.4025875095587832
agm001130762,17.848618659743167,-1.391882058064505
agm001130782,17.53448849767744,-1.4616415849518662
agm001130878,17.894889655091365,-1.4772657205429467
agm001130893,17.420780432717372,-1.5792569221915649
agm001131019,15.949880224551666,-1.8717749585323973
agm001131037,18.79593380979632,-1.177542079107139
agm001131040,16.475101565615283,-1.766033115224348
agm001131141,18.94099722510565,-1.1871819132351509
agm001131147,16.88138054217133,-2.9960600120289147
agm001131195,16.775830715237838,-1.7220448619870128
agm001131203,16.67912011373715,-1.7414745826725677
agm001133177,19.59765048629252,-3.489560176376691
agm001133249,18.01685255587303,-0.5531870130625784
agm001133529,19.851036663365335,-1.2279831502450884
agm001133775,20.19851615188994,-0.08897038787626466
agm001133821,16.859733145646594,-6.8758144514786625
agm001133889,19.095549108124338,-0.7546823806636818
agm001133961,17.88235870818815,-2.7630836118190505
agm001134085,18.17004435039717,-4.484292297086318
agm001134239,18.298517101404357,-1.1308571339195241
agm001134348,22.025201144346617,-0.4496812664133709
agm001134445,19.628126347360187,-0.1101097296150364
agm001134456,21.756141292818327,-0.4667934050467193
agm001134492,20.725093041821832,-0.6264906529855203
agm001134539,20.827609414957895,-0.6098268974205854
agm001134573,19.87127862319121,-0.6200706697207607
agm001134629,19.947861061067695,-0.6900012511379785
agm001134720,20.10209982737358,-0.7006014379456622
agm001134733,18.61293783528925,-0.8486556451615321
agm001134761,19.42748566266642,-2.047782402402233
agm001134817,19.63083734185722,-2.01430235283296
agm001134821,19.16755033445268,-0.7554508946670508
agm001134948,17.006687991609397,-6.19827236365001
agm001135082,13.78868675430516,-5.126871768749907
agm001135293,17.796874142427086,-5.945266175437348
agm001135330,13.963163856449572,-6.739394377746512
agm001135380,17.404086681974807,-1.8750675151993144
agm001135412,15.66067311300018,-4.309512252272471
agm001135431,14.715528737389718,-3.3765251166412606
agm001135718,18.177930817497693,-5.809077183088952
agm001136082,12.871218831249568,-0.8355290159063662
agm001136149,18.078641872903855,-0.7260966939629165
agm001136244,18.81771760220919,-1.3660885384545347
agm001136275,10.807820327828644,-2.2016943515803655
agm001136354,14.239188736739617,-3.779099198480779
agm001136368,12.822276814681224,-4.697260083874108
agm001136457,15.42883179301681,-3.3739060376442844
agm001136472,16.665602164442955,-2.2567336310814072
agm001136492,17.873452041670813,-1.832242915263084
agm001136713,17.145160266528972,-2.173120657026121
agm001136728,17.984883074218843,-2.0170396703860693
agm001136902,15.514809081128492,0.9080848545627118
agm001137008,17.288397375416753,-2.707977848350019
agm001137029,17.80220751610972,-2.591243545866446
agm001137121,19.990600452251293,-0.8192189627942352
agm001137472,18.74435693429418,-0.40619944408383013
agm001137483,17.802981264345835,-2.852688497221742
agm001137510,17.10072909278136,-2.603321437775717
agm001137713,19.88790533222518,-2.319077304258918
agm001137773,19.977404423194507,-0.9904143269706771
agm001137982,18.171179351860232,-3.6314669358273495
agm001138055,17.56190085033943,-1.3411451799876328
agm001138099,18.667980572506185,-1.2090184605619796
agm001138463,23.49028523501917,-1.19550581861186
agm001138794,13.414415016938952,-1.276988569878454
agm001138867,15.826027719237722,-1.2158276804975556
agm001138874,17.44385754152596,-1.691326226723469
agm001138881,17.347424877077245,-1.363588002174259
agm001138882,18.145400689420416,-2.3564118498419018
agm001139144,22.60906814908951,1.1568315768026092
agm001139188,18.167952048707665,-4.261919609744306
agm001139195,18.73880374610073,-1.7868221631880088
agm001139298,18.40189683481597,-0.4789563895449289
agm001139485,15.63274523149963,-3.861424071567059
agm001139504,16.07647001519853,-2.0366940540079455
agm001139567,17.526456682744616,0.513941830259085
agm001139717,22.85969008194245,0.17572468827399979
agm001139732,21.060406819174702,-0.18423284422598707
agm001139872,17.845428779055716,-0.16620949836265586
agm001139925,19.972174810147788,-0.3748253336861902
agm001139983,21.322409457543912,0.050509506249798
agm001139988,19.338826314710865,-2.7686497629848525
agm001140137,19.872115433458507,-0.3751047190082595
agm001140144,19.240533912719318,-0.5928938796800924
agm001140158,18.678058121490288,-1.3607658183760503
agm001140260,15.716616957307888,-1.2599265405137228
agm001140361,16.11126534254487,-3.429489977643287
agm001140405,17.936868320566877,-2.173715056778895
agm001140413,18.01843648544638,-2.1586556119383573
agm001140523,13.591648016668689,-3.382790242248667
agm001140540,19.011753760953194,-6.749825439675599
agm001140936,20.60892963898666,-0.4397591770620046
agm001141195,21.43406789105444,0.39901406334267886
agm001141254,22.122483957781746,-0.17043287370157145
agm001141262,21.482900473082143,-2.634444540584464
agm001141392,20.982232583979666,-1.193336777965877
agm001141401,20.23044002944895,-3.696837101990085
agm001141555,21.72132612399718,-2.231887559394142
agm001141771,19.28751090701492,-1.5348661311362921
agm001141936,20.2699840456794,0.3942322051337621
agm001141937,18.456005605464632,0.10548731056012395
agm001142028,14.385369267608947,-2.502441444677897
agm001142164,16.391413217087162,-0.785661517366778
agm001142171,13.205269727637383,-5.159782293917143
agm001142232,16.030491811972684,-1.8035910980393526
agm001142484,17.56254663081885,-0.7391571877640066
agm001142635,16.460185510887158,-1.5774697934850592
agm001143037,19.113931326290086,-2.47816556066029
agm001143134,16.01096713705357,-7.844928661434567
agm001143217,15.889560147835097,-8.439254964879414
agm001143517,19.012629225238406,-2.0567385854991964
agm001144223,19.394769683519776,1.238595595952658
agm001144423,17.77950930927095,-1.0132447379303713
agm001144445,22.374779689130733,2.2584368275317583
agm001144568,20.299725697852875,0.6611959276496928
agm001144594,20.937452703279682,0.044867683698259775
agm001144844,19.838233054809873,-1.0558300524800655
agm001144893,17.28231428525783,-2.3483842657180913
agm001145090,20.294507495857317,-0.6577693058965726
agm001145260,19.75584489822149,-1.1617667107273815
agm001145285,17.61141128596238,-4.425098303478222
agm001145892,21.922905343394245,-1.0536159117841764
agm001145981,20.86112618331481,-1.1738595216089793
agm001146097,21.032593816011115,-1.1874149614324647
agm001146108,21.417617949639634,-1.126332451284096
agm001146195,15.10733175019337,-8.81191673645616
agm001146233,13.3462984529351,-8.437553522963032
agm001146426,15.85355134370866,-8.187257653777774
agm001146527,12.044701806528481,-8.084037784513042
agm001146803,19.466914645414327,-1.4700967903860995
agm001146929,19.564395511664348,-1.899370331334835
agm001147028,17.500403002583628,-5.940690295449347
agm001147035,23.31384635149336,2.08708125724074
agm001147066,22.45036493538131,-0.20197823752604815
agm001147071,23.00896553054425,-1.2433409652443874
agm001147195,23.101603149160894,0.3653868502494775
agm001147198,22.128971453129687,0.8244067633209431
agm001147346,21.018571503777288,0.47515547265559954
agm001147365,21.220006113189285,-0.8110007425810082
agm001147411,19.13973327009526,-0.7691939196971309
agm001147420,19.793783935111513,-0.7504398376986758
agm001147427,21.77959197713099,1.1627784527777218
agm001147609,22.715671826047267,-0.6712388556234994
agm001147623,21.23496987463675,-2.3810215784631112
agm001147639,21.929611806703722,-2.447200836288688
agm001147678,21.597462441326932,-0.33121012237240954
agm001147685,21.503183662719852,-0.37500728177481424
agm001147705,21.41699092727046,-0.1281171018772258
agm001147740,23.03543380843364,-0.5044596907767382
agm001147743,21.907853029055538,-0.06513207350198069
agm001147762,23.93362432282525,0.2713480349251305
agm001147780,23.195915523443464,0.3886108674453479
agm001147797,21.217782768623138,-0.364410107180841
agm001147922,21.43967378389779,-0.1253022745230994
agm001147958,22.112653204419225,-0.30626111359135155
agm001148156,16.69289784920135,-0.5880729432240077
agm001148264,15.005724656239646,-6.557428449717064
agm001148340,20.407786457762406,-1.3970334020345314
agm001148404,17.176596440686172,-4.138039741946426
agm001148505,18.346427847027662,-1.751487605685747
agm001148750,11.636838238234102,-4.009809577366597
agm001149092,18.26754007735251,-2.6561515624172514
agm001149093,19.78671712694514,-1.7192205964585692
agm001149177,17.631227971482513,-2.7959523427706268
agm001149273,17.558866224263365,-2.8294908198645823
agm001149440,13.520520807115316,-6.077380477284961
agm001149844,13.543168130391805,-7.510323347870781
agm001149913,16.5118866570904,-7.88444877451371
agm001151294,21.857337723595464,0.10762251577935977
agm001151351,18.139525975991088,-2.570083253188841
agm001151372,16.716850327047396,-1.70064891048643
agm001151441,21.020559396044952,1.4657970702105407
agm001151556,22.04075392989655,0.822824690804973
agm001151587,19.65321078367034,1.0877781685169965
agm001151610,20.016254602086622,-5.982750060466683
agm001151619,19.821272332158856,-1.3226796367044993
agm001151630,20.033437089605854,-1.285900376492798
agm001151917,20.48558897142338,-0.8385561468731924
agm001151941,20.34908063539263,0.4066383918945742
agm001151991,21.171344651200894,-0.054182793962778586
agm001152034,22.842816468180033,-2.206667305340561
agm001152049,21.313059104637112,-0.031304907382647684
agm001152080,19.560795628717365,-2.0198384743675533
agm001152116,20.498789901732167,-1.4917749864071213
agm001152170,19.380086301015595,0.313072117334364
agm001152184,21.06557314314217,-0.08064659908776184
agm001152211,21.535019397662133,-0.7590248630334702
agm001152223,20.674730465032866,-0.11711502806094964
agm001152631,14.716614219813703,-7.112490269543647
agm001152898,20.256553398042353,-1.3863535491393888
agm001153094,17.002832830834762,-6.333280957635958
agm001153166,17.86968981798294,-7.303641807972191
agm001153168,17.394367153208655,-6.245058611876635
agm001153439,18.028104027933022,-7.288999737372511
agm001153696,14.897788416077828,-7.8235467366105
agm001153699,12.857549542535114,-8.533927876560583
agm001154052,17.12090992072078,-3.9813136529924225
agm001154093,19.258113936765035,-3.0507642218182283
agm001154104,21.100467938726084,0.227934177426516
agm001154232,23.17999354976397,-0.1988819439524585
agm001154258,23.760170489272046,-0.7085831462054304
agm001154310,21.107310726672917,-0.4831508089857488
agm001154334,21.65209707527373,-0.5514238430032439
agm001154389,20.145974585654916,-0.011084011822983353
agm001154480,21.50854100514723,-0.4715238389637668
agm001154500,21.175805020903244,-0.47126434630728786
agm001154556,22.6458205926619,0.02146808372198228
agm001154558,23.69997023511531,-2.6597925102168203
agm001154581,21.118899263814864,-0.5556793271742237
agm001154700,20.562825902010562,-0.5514684135410168
agm001154705,20.775747676279146,-0.5404487443014112
agm001154712,23.142602358689334,-1.0840226968361906
agm001154740,20.169693107151478,-2.895492473185554
agm001154820,14.71479447974557,-8.54223283581376
agm001154875,16.99228718396912,-5.396443238194499
agm001155010,19.16599844446905,-7.001222461277697
agm001155333,14.185062108184466,-5.163985519687719
agm001155336,14.42480560960639,-5.091343944442502
agm001155873,19.077385055447515,-7.492517030110301
agm001156695,21.623939185099864,1.6412049018339303
agm001156707,21.17700297093247,1.5173144553144096
agm001156711,20.711456556941208,1.3077883917086135
agm001157234,22.761064884175234,-1.0174025148023373
agm001158330,22.94333525339226,0.3059987999100535
agm001158363,22.850229309588563,0.2965593276956988
agm001158392,20.055403833093038,1.1691464125101274
agm001158400,20.225445749511756,1.1949669721235274
agm001158411,22.02359858878131,-1.8095204254270443
agm001158501,23.186029764053455,0.3464363065028957
agm001158578,22.49667413567604,-4.418642321266601
agm001158645,22.853969192000296,0.30552425718049836
agm001159024,21.91224196681677,-3.435419151730816
agm001159193,19.092926303736583,-1.2858531174331422
agm001159209,19.468248933411758,-1.2352713578419157
agm001159244,19.956574636855454,-0.30418902316238094
agm001159298,21.47472404417834,-0.7642489669456727
agm001159306,20.6608314181046,-0.9210277879894577
agm001159326,20.122399301090088,-0.9637446460178554
agm001159439,19.67839317348106,-1.005724565123272
agm001159445,20.191531222159426,-0.9592436023683417
agm001159456,18.024802814031446,-1.4197858092366178
agm001159633,20.147945471675325,-0.9706222605722159
agm001160222,22.585610972792388,0.17584521759559824
agm001160237,22.10049228249957,-2.195200483394552
agm001160251,22.367526079762666,0.07641085437626893
agm001160265,22.216114848014143,0.1862850889404064
agm001160294,22.62858801757509,-0.5046566792146372
agm001160305,22.773217066142266,-0.48108773301991237
agm001160342,23.471279406130787,-1.155743974575206
agm001160402,25.434506342202546,-1.9894545306719862
agm001160476,22.65200325320714,-2.873208753295511
agm001160482,22.716730425741517,-5.899615525175894
agm001160487,22.488525352142023,-2.88351733548792
agm001160566,22.30947834416701,-0.533396990311163
agm001160574,23.404674416637,-1.1175881673937815
agm001160578,22.662167820599766,-0.49522079604684954
agm001160851,23.340485517385385,0.47063607969495047
agm001160910,22.7177501726657,0.22590074484893474
agm001160921,20.726388520775526,0.677345895743382
agm001160992,20.837593707132495,-0.0019912669136119554
agm001161112,20.21001128861939,0.5562637721443502
agm001161248,22.796927550436685,-0.4417491937132416
agm001161313,25.760226275076246,0.41197865493086017
agm001161343,22.389121055168413,-0.5006865004245404
agm001161374,22.417910429968867,-2.8632577941247694
agm001161378,22.391286161877986,-5.213315581037695
agm001161441,23.024138727490172,-1.155082127268563
agm001161771,22.379009417914567,-0.5274718168607269
agm001161782,22.638646953029987,-0.49462467673204324
agm001162235,22.038752963224272,-2.9039198589444775
agm001162261,22.738016273550006,-2.256983293050179
agm001162297,21.613602453297975,-0.6153776151756958
agm001162358,22.556704687050953,-1.165589091222409
agm001162466,21.987118065587694,-2.928380049306982
agm001162494,22.48570999121005,-2.8611280590626853
agm001162677,22.318686184497317,-1.2374026484137466
agm001162703,22.517180843366763,-0.5242257462734328
agm001162707,22.107768895492573,-0.578457795576802
agm001162743,21.70551886049603,-0.6221996050839147
agm001162825,22.18237646256726,-0.5542844429531519
agm001162905,22.82970028882464,-1.1547464482780363
agm001162930,22.187647480819397,-0.5508546196590127
agm001169689,17.5527277433223,-0.41865510462934985
agm001169874,16.863147194131784,-0.008835871835978004
agm001170008,16.762660252760273,-1.2813210457979096
agm001170144,16.660360284295944,-3.2867764347398762
agm001170224,16.777125125250176,-3.206608573767685
agm001170225,17.43710484226138,-1.5964854069294159
agm001170280,17.04270339557711,-1.6463733303929053
agm001170300,16.94176193864364,-3.2466774066841153
agm001170303,16.860317665520288,-1.676558535870112
agm001170565,15.770395690602186,-2.5261468201227864
agm001171188,9.76467204566749,-4.6384120785714416
agm001171197,9.340639231292728,-4.593402930042673
agm001171199,9.502756259334497,-4.7399020844333775
agm001171220,9.38992892664792,-2.638220867928276
agm001171337,8.981608593570451,-4.741545743572755
agm001171554,16.997830476060383,-3.5518266860329284
agm001171863,13.34021819045369,-3.004648170218792
agm001172002,16.10930697717197,-3.9117515616233907
agm001172354,20.170761276809703,0.06261938946775025
agm001172947,12.897395100679416,-4.3258287396081485
agm001173065,12.858048967093445,-4.339286717608376
agm001173171,13.260692304576176,-4.183534412149144
agm001173318,13.05957066300789,-4.248314650741217
agm001173435,12.674490332644664,-5.049511558667683
agm001173531,12.767583891213107,-8.092521258575204
agm001173743,12.34831213240559,-2.9562973022690664
agm001173787,13.058615724008023,-2.918869045131693
agm001173958,11.868910850314391,-3.406595356710397
agm001173960,11.737937066484605,-3.822827394746701
agm001174069,12.608057533319252,-2.910033730023612
agm001174074,12.553779018363825,-2.923385085010137
agm001174080,12.956111800128232,-2.8101009894448423
agm001174429,16.660207043770566,-7.402599932021509
agm001174442,16.95530771217457,-5.366069492261043
agm001174562,16.58983871796753,-6.316799904518665
agm001174886,12.974903017055068,-6.625453203266901
agm001174976,11.492862706669833,-6.828200809438672
agm001175046,11.336285571339346,-6.82925882820318
agm001175135,13.582796876030073,-4.946864950011656
agm001175239,13.192774393077146,-7.3301763531268085
agm001175656,15.992733246807829,-3.3033043207612125
agm001176236,17.025873974168793,-5.458469213880825
agm001176694,16.38194071935621,-7.851786782115984
agm001177035,16.12404504834952,-6.419573529891037
agm001177355,23.214201323235006,2.2312637846650385
agm001177362,17.142729799035862,-2.8382576302287412
agm001177429,16.982118228559752,-5.67567222895524
agm001177467,17.04294512099386,-6.245433817674443
agm001177502,17.356817245009662,-3.8543304424179663
agm001177621,17.182483504285738,-6.362628079394351
agm001178810,16.56186918367042,-3.815935528722303
agm001179021,20.933274833578572,1.7300850747934071
agm001179131,18.520499481986125,-0.9002597011226049
agm001179170,18.98086226129391,0.6871773265747821
agm001179195,18.869973170188974,0.6910933803710707
agm001179276,20.537989274851633,1.6634261627429108
agm001179286,19.79748206735447,1.4086432859960791
agm001179291,19.67615824364861,0.953158872879652
agm001179352,17.347902115432607,-0.2120864249492899
agm001179716,18.347203398420685,0.4854294707895986
agm001179879,12.243032362149355,-6.482755029116778
agm001180457,15.752148440965827,-1.8298617959723316
agm001180489,18.479587294098838,1.9925222433122325
agm001180720,22.003461261759686,1.9507034552494193
agm001180903,15.870284302003542,-3.6064571490181834
agm001180911,15.835314693451535,-4.163122223384582
agm001180965,22.25603206446505,0.008942739420093678
agm001181032,15.358253890209951,-3.977837408197465
agm001181243,17.231021589680733,-3.8426896014170606
agm001181290,17.32078755291206,-5.399808390749965
agm001181495,12.223858353538509,-3.3730683700278568
agm001181527,12.963014039112664,-2.9432482356343037
agm001181638,13.05088331327328,-5.2445127343542985
agm001181699,12.981789189861479,-3.683058281195039
agm001181705,12.818309462111136,-4.496724431693597
agm001181712,12.070356909775343,-5.677039510928917
agm001181722,13.757083614350405,-4.338332668220329
agm001181747,12.668307493978253,-3.1964215458864813
agm001181861,13.538105259540137,-5.106821875890837
agm001181864,13.391905171573029,-3.571871823693156
agm001181916,12.270309844215149,-5.088272348649917
agm001182046,12.074686545298688,-4.061324098998695
agm001182060,13.139843635425267,-3.9523830987556408
agm001182138,13.385393530570285,-4.599953798244222
agm001182410,17.66877001194963,-2.7363397204932984
agm001183016,17.285268409879993,-3.820684782889629
agm001183023,16.76841135727673,-6.622763172200863
agm001183098,18.198742095956025,-3.5279955819884083
agm001183150,16.96187992803608,-6.412788729605681
agm001183168,16.73012957103145,-5.444130658814843
agm001183211,16.73141856281853,-3.642503593626896
agm001183519,16.405305982442574,-5.171465758820516
agm001183560,16.07868304794089,-5.3154526523031596
agm001183685,16.247131276942245,-4.012219444506383
agm001183725,16.1509195667286,-4.45705565872507
agm001183744,16.190323048932886,-4.021617093179333
agm001183791,15.702347321547835,-3.8419658277078086
agm001183866,15.732909633211383,-4.584402052498959
agm001183883,16.01876757106019,-5.585578246971864
agm001183902,15.922314226366273,-5.405215018272549
agm001183903,15.76752383283422,-5.442013245270954
agm001183919,15.754744949781356,-5.441885625688215
agm001183939,16.509522894640472,-7.334328184977097
agm001183975,16.811009408971728,-5.12960567430501
agm001183979,16.821241285225884,-5.698465302509967
agm001184027,16.555063248833516,-5.9597663711954505
agm001184060,15.965806571513324,-5.391913704397204
agm001184323,12.802401483940516,-5.518178437534462
agm001184429,12.829242759824389,-5.856289329298281
agm001184443,16.68001417359378,-6.244318486756868
agm001184445,16.300746798378412,-7.352715094683995
agm001184484,12.706042739129352,-5.598308031302525
agm001184491,11.535369820733907,-4.265457713849948
agm001184549,15.316069175249543,-4.91762065146406
agm001184715,14.428799336020022,-0.512251019180697
agm001185027,17.272820638610202,-7.108610508362823
agm001185056,16.511086526811663,-6.565248495833546
agm001185496,16.310042491834437,-5.298619250398434
agm001185499,16.537314850769903,-3.6886335336240195
agm001185527,23.10141436580351,0.3403705695234181
agm001185531,22.219554019638256,-1.2067250902195497
agm001185536,22.368707902506472,0.1867744491795905
agm001185638,16.90859922520378,-3.9071629898382425
agm001185772,16.498556005644197,-7.427808333974302
agm001185858,16.75472823987113,-5.7632922926372885
agm001185868,16.957086872659183,-5.687756775799907
agm001186485,16.261688242324897,-6.773685369335749
agm001187193,16.85894410088696,-4.213574519862199
agm001187517,16.554431464913122,-6.8911431820828355
agm001188066,13.352295021822448,-1.0623384918689383
agm001188172,13.620923731116447,-1.2364215637356644
agm001188242,15.686166757941917,-0.3502625609473459
agm001188245,15.612788579706319,-0.3594540243935495
agm001189040,12.603612629206951,-5.527298729154727
agm001190347,21.56937009249036,-1.0868014171849132
agm001190666,24.278232943399207,3.524124869713937
agm001190984,21.552802294043854,-4.587418235025842
agm001191001,22.142293338623276,-0.49502602696630404
agm001191004,22.590144338140142,-2.9221348167292924
agm001191046,19.400459058905973,1.639021870160787
agm001191126,27.016024401651663,0.8317943817162003
agm001191212,22.878058622093484,-0.46548618905826356
agm001191393,19.846108372979725,-0.5907073153435456
agm001191421,17.88831752184297,-0.3261053043834714
agm001191573,10.931227544588262,-2.1088567127021784
agm001191713,21.804911675448036,-3.5882136130014506
agm001191738,15.027996616820223,-2.9898386129690144
agm001191765,23.355826662112776,1.5777726424920244
agm001192395,12.440386703764679,-6.1794787055676395
agm001192698,14.007888568805164,-4.650901912500884
agm001192699,12.35576764630447,-6.836551553184653
agm001192844,22.150865334115633,-0.8550967853794239
agm001192942,16.62035316950925,-6.423334834680561
agm001192961,18.973127221983756,-4.812049803505443
agm001193286,11.569682037502409,-6.72328870597003
agm001193643,25.797785711352272,3.5984246489338934
agm001193789,21.816332887206425,-0.45664084908323826
agm001193807,12.245621665677483,-6.540752107864852
agm001193826,15.187168325618972,-3.117354154211617
agm001194199,22.575069224661522,0.014092932975275474
agm001194243,18.37267811501983,-5.260930887775014
agm001194392,21.67101849361026,3.8173898690446264
agm001194458,23.33120207236774,-0.3983580132079319
agm001194460,22.901181925504172,-0.449440737729392
agm001194482,22.921994597184582,-0.555942333947181
agm001194483,22.30746366020516,-0.5205196570378128
agm001194529,23.042618347203696,-0.4330889152284385
agm001194545,23.1382303229678,-0.42044753190557077
agm001194603,22.457323128828765,-0.5064526883008694
agm001194779,22.347044953983062,-0.5322458561471647
agm001194931,15.887608452603763,-9.170032385558049
agm001195117,19.713242555111204,-0.8060211427672068
agm001195146,19.540724629766203,-2.0157877093315215
agm001195235,19.909916728273465,-0.6078973823817906
agm001195255,20.120362774186535,-0.58054229470642
agm001195282,19.572718382852663,-0.6757098463681412
agm001195396,19.94715582719867,-0.03973068280903602
agm001195955,19.373414521562523,-1.1238650901925724
agm001196189,17.750309044974404,-1.4663570271825965
agm001196205,10.486163344767835,-4.514865437580425
agm001196264,15.646011535175978,-3.7893824662486097
agm001196298,18.015920295495487,-1.4184533686102792
agm001196452,17.176345661293173,-2.9763671801831184
agm001196537,18.33149396445239,-1.3962433919045805
agm001196547,18.22394364182245,-1.3888510864998187
agm001196549,12.71639862938887,-4.344261364826691
agm001196589,17.649037877314438,-1.461520684229714
agm001196627,18.363028645776335,-1.8654658201322287
agm001196700,18.031686004553734,-1.1556326054127632
agm001196786,19.6185713607012,-0.41975024421291396
agm001196931,19.504194249042914,-1.066731090192559
agm001197013,15.65034075022979,-1.8721806277705175
agm001197209,21.725346262827223,-0.6150588653074291
agm001197221,21.151345985162216,-0.9163226198574046
agm001197303,16.665596248224567,-5.850345794621646
agm001197324,21.376050698507655,-0.8704979922223979
agm001197325,21.076560960757806,-0.898659744215184
agm001197623,18.514949097453137,-1.690593582099945
agm001197776,15.873243687171444,-6.324722167204839
agm001197863,16.5240553772812,-4.663411849613901
agm001198080,19.38229216039753,-1.101345467071571
agm001198114,17.299026870399995,-3.2916206453324386
agm001198489,25.449941588867688,1.983126832231112
agm001199029,11.761173454100563,-5.419645481639617
agm001199372,18.37405260597727,0.2817511788180722
agm001199543,22.498269139766325,1.7115032003256245
agm001199669,18.049447227011182,-3.889596528544494
agm001199682,18.657740084880107,-1.715272200998966
agm001199819,21.150190141092523,0.4944379104036907
agm001200314,21.323570219540805,0.02404210749137281
agm001200396,21.71168537803719,0.16753375680012184
agm001200483,19.229405793660447,0.8815023452052908
agm001200499,19.618446630266117,0.7278149698759191
agm001200508,21.22315105892301,0.6105605633205378
agm001200516,21.453805539235336,0.6256129679615658
agm001200559,20.3320563688932,0.5801468295204053
agm001200562,20.234646465339384,0.4738889552288996
agm001200604,19.881939400493305,0.46302968623204066
agm001200621,20.27403927128489,0.4027060835538574
agm001200633,19.672795514582926,0.4075646247025473
agm001200640,19.46370185330908,0.8920379821577402
agm001200682,21.58810526747685,-2.2705488032254673
agm001200768,19.513983725950485,0.4569469540538553
agm001200894,20.818591942335704,0.08791206897119164
agm001200916,20.25111242783426,0.27781792008125317
agm001200924,19.374461736898333,0.18236935792383147
agm001200994,19.706593075922207,0.06992254599911618
agm001201187,21.552345253521384,-0.16524977016461406
agm001201689,21.412475368924106,-0.8389125749685156
agm001202510,11.759455717212544,-3.985940201023247
agm001202579,15.733079410380528,-4.250164211367887
agm001202671,14.372665588684947,-6.159742911743495
agm001202926,14.007163527499285,-5.043414675256178
agm001203062,16.91521243993006,-4.031798015075212
agm001203078,16.402242985859576,-1.7966665005140134
agm001203240,16.668872301121603,-2.202689812306194
agm001203241,17.423219270393865,-2.03274571430516
agm001203292,17.790152281021168,-1.242550123953742
agm001203625,13.569439535945525,-2.289038043311854
agm001203639,14.127029795774456,-1.7250603459751503
agm001203647,17.147909109313296,-2.2718833994924346
agm001203905,18.239350714494428,-0.7690790190183074
agm001204040,21.399684199182424,-0.4914998534789543
agm001204358,20.758894515545105,-0.15521436036044278
agm001204422,23.116886180962346,-1.836865709236264
agm001204558,22.38655928058038,-0.17132377511001495
agm001204881,10.536734369666213,-5.198860874763522
agm001205050,14.787510466475027,-7.074814544806825
agm001205155,15.913854303946577,-3.233273760782605
agm001205312,15.894811204220652,-2.049950170299496
agm001205355,16.516601051329822,-0.8997503768702693
agm001205442,18.479051206813494,-1.8890270005036567
agm001205545,17.308565509401994,-2.6841628287568375
agm001205853,19.144194297310246,-2.9340390031728916
agm001206161,18.351032126957584,-0.5445857307730129
agm001206313,20.28809184741544,-0.12095171883120415
agm001206324,20.892694474167122,-0.5008237834240687
agm001206407,17.530038038331234,-2.0566024391597937
agm001206653,18.76312654003771,-1.08662147891329
agm001206668,19.462512114299894,-1.0785184315150746
agm001206810,18.81466374788867,-0.33778149514560685
agm001207010,21.97489114799556,-5.279600215200741
agm001207133,22.63444571471371,-3.547030888356947
agm001207178,20.128862750493777,-1.7596831064677954
agm001207244,25.329784418438308,-1.989369968991885
agm001207246,22.253050019350635,-2.8972362892675307
agm001207328,17.226658397273695,-3.028190758164341
agm001207657,18.866668069067043,-6.171522623404141
agm001207890,18.644490760480657,-0.8850847088505422
agm001207991,19.228124973903356,0.38330377455320574
agm001208593,15.865502861540426,-8.436187176792963
agm001208730,24.69553487114935,1.2962175587097469
agm001208773,22.574293910276705,-1.2055056988233495
agm001209023,23.53134401452252,0.2773723337018623
agm001209031,21.363737132068895,-0.5694935480358709
agm001209047,21.292592475084337,-1.2951669899199487
agm001209077,22.7655871536608,-1.2587861416911474
agm001209131,20.457087696631014,-0.5389696647849873
agm001209134,24.522098339193093,0.24204290914446958
agm001209143,22.559152686514473,-0.28240939289951905
agm001209178,21.84145523867746,-0.4118003979199041
agm001209210,22.173795420323934,-2.7109111519046785
agm001209249,21.303038794418917,-0.4765485018133164
agm001209256,21.10843349703618,-0.4659284476246919
agm001209276,20.015502848696073,-0.5109611772077245
agm001209278,21.50608216396012,-0.9336937810980777
agm001209294,21.74998936918242,-0.9513024552765956
agm001209315,20.283227323303485,-0.20233034171529196
agm001209477,22.60409051287593,-1.6881810193079092
agm001209484,21.79507014567162,-1.644887850900914
agm001209507,21.12886320045902,-5.067584974857205
agm001209512,21.16887595718794,-3.021273802470832
agm001209618,21.73282189630536,-0.5971289357278318
agm001209626,23.163411487808794,-0.45725817432852534
agm001209659,21.409315249247843,0.16704331128264727
agm001209732,22.057239326211562,-3.1853380003490543
agm001209734,20.085088270279186,1.05093551595369
agm001209745,21.081995621185133,-0.626413187837334
agm001209775,21.585577765994714,-0.5914049388451454
agm001209797,21.09243549214332,-2.1307670499148452
agm001209833,20.9596959051454,0.09544568208014992
agm001209983,20.09715662990753,0.01565656986657782
agm001209998,20.40381222480669,-0.7182950499552283
agm001210333,22.56548357934908,-0.38713227962225405
agm001210349,23.606562071671938,-0.7598360000672444
agm001210406,22.681839462519772,-0.5353512937544567
agm001210564,22.36636064382374,-5.238599631862026
agm001210724,23.268500684177884,-0.41285946327028533
agm001210830,22.492486336481278,-0.5473475337513847
agm001210846,25.424406153102126,0.3513418762168792
agm001211219,15.342259333620705,-0.43205371809374293
agm001211252,15.92211054626009,0.01324114613883376
agm001211305,17.823398095421457,-5.076169628622386
agm001211360,18.313687345484745,-0.6332288111760072
agm001211457,19.982636363912743,0.10108885126849865
agm001211578,11.648724253871155,-2.463542774411991
agm001211610,18.749750206245725,0.17324084753544255
agm001211622,18.702135083562517,-0.20223328440677957
agm001211730,18.319321144294975,-0.5896010363573336
agm001211914,18.861761918944683,-0.3395039920503793
agm001211932,14.536661120268187,-5.808504160094364
agm001212197,13.750898644800452,-1.2194380613829945
agm001212279,19.417586747720303,0.2639433238275304
agm001212353,14.159588978229618,-5.101040962232442
agm001212504,11.66344546470151,-3.143421823247109
agm001212541,19.281551401153525,0.24622214577008172
agm001212729,14.628861324849584,-3.172075747366278
agm001213080,20.085192641694594,1.12882550864986
agm001213156,22.179136473634614,-0.35325620906234745
agm001213257,18.67757195185536,-1.9756035085575991
agm001213267,18.53742731207689,0.3398437227894249
agm001213320,20.529443720396298,-0.15409941627602342
agm001213345,20.35252477436049,0.4067783637431752
agm001213352,20.328851653259864,0.42294401609190935
agm001213426,20.438835044729398,-0.8591633863220336
agm001213439,19.1532050181516,-0.2582712849838096
agm001213467,20.971228669733772,0.18541361111042587
agm001213473,21.27585272895295,1.5121803897450454
agm001213510,18.56438309983417,0.141343267277811
agm001213605,18.910724331834327,-0.2551530689711319
agm001213663,19.876199268658883,-0.42221056868797513
agm001213666,12.562804553506298,-3.7756322582442667
agm001213674,19.092521080285195,-1.4931402397918019
agm001213993,14.868870279353096,-2.2217048203644905
agm001214022,15.050000956288066,-1.9450270845888387
agm001214040,19.579590195671905,-0.3605633064297664
agm001214221,19.071805477261506,0.5478773560192765
agm001214227,18.90750866876426,-0.9229073743194487
agm001214440,20.26100262615812,0.49474493224029636
agm001214485,21.842060664993305,-0.18554063392580344
agm001214525,15.691002652376879,-3.229324511101163
agm001214735,20.051358343565255,-0.6321359099408395
agm001214866,13.685862674416907,-1.8829236050871776
agm001214871,16.466045338936002,-1.032248445744489
agm001214914,20.144567361682302,-0.13436238778361975
agm001215006,19.241646905464865,0.1969366666970669
agm001215011,20.063570491456428,0.2901354562661802
agm001215669,15.900844087273489,-8.243342366247962
agm001215671,16.153897559577956,-7.183644303867929
agm001215872,18.50836425780469,1.0848505493187424
agm001216089,17.444242533484775,2.2179950732011933
agm001216157,21.863850709978912,-1.511686539541472
agm001216256,19.160103051368495,1.7238493608979901
agm001216412,18.057661640523772,0.33794064674818713
agm001216413,21.921255089271092,2.805123931282284
agm001216506,21.541943420780953,0.03898657416971929
agm001216595,17.35046290820608,0.652934953534765
agm001216640,20.42759468122304,-0.42692158338274533
agm001216732,18.55218325926895,1.2956979765225243
agm001216808,23.528714920681814,4.536581570282885
agm001216903,15.28299474336794,-8.572790983839496
agm001216907,15.318267629983728,-8.761499042585646
agm001217017,13.87584544370477,-7.095870029616249
agm001217174,22.85834299420442,-0.4674176848262186
agm001217177,22.904904861179883,-0.45779097927765955
agm001217252,23.017296856134465,-0.44446692085290973
agm001217344,22.509834040145765,-0.5177761088270052
agm001217346,22.5524027430893,-0.5005809019813334
agm001217417,22.519102343527063,-2.8688441707913834
agm001217516,22.276343990812915,-0.049040450874930475
agm001217533,22.827732409105444,-2.8167838012179147
agm001217625,21.162671401525508,-0.45660245139095057
agm001217900,12.839000821933807,-3.5909422405649845
agm001218025,15.63946207592875,-2.4078913827254893
agm001218172,14.394394010108504,-7.748277125586739
agm001218270,16.684712428950558,-3.380468322592884
agm001218289,16.554004352660847,-3.642943925507007
agm001218453,15.84780447879379,-7.395627182731554
agm001218668,15.759317628212772,-2.526175650287029
agm001218673,15.030290738833665,-1.0202092219494494
agm001218692,15.47414560538641,-2.5884053882620623
agm001218770,17.83116692088765,-2.766590146396416
agm001218819,15.657921975008696,-5.925954106836669
agm001219014,18.725480812986998,-3.8538968090893633
agm001219015,18.55615094740472,-4.9446764141906305
agm001219261,19.422747800503323,-4.594628502988568
agm001219309,19.013989515278645,-1.0845390814646558
agm001219453,15.603874296647538,-2.855804343270735
agm001219686,22.42340507446015,-3.1819537975255177
agm001219768,22.080641061235866,-0.4098706699562107
agm001219769,22.63246456309121,-0.4876171223646093
agm001220019,20.8381134718546,0.6808844069156472
agm001220077,25.45042878775602,0.3879005102702697
agm001220108,19.4443319594014,-1.478039391352083
agm001220159,24.618759955979126,-2.3351827530439677
agm001220192,24.49163441716891,-0.006048481682798368
agm001220198,25.079820985523536,0.07169487399959662
agm001220209,23.56989588561285,-0.35661937737893057
agm001220246,23.266062640680403,-0.401741438805848
agm001220351,24.119699478549805,-4.748329235662975
agm001220385,22.44249371933151,-5.205254698209275
agm001220391,22.59246469046328,-2.8469159961066124
agm001220431,22.481334617459186,-0.4798522977929083
agm001220439,21.295571015475392,-0.4294478230834895
agm001220455,23.41902912986468,-0.36950201903864066
agm001220498,23.059084960014506,-0.7571183055774746
agm001220518,23.004951740094327,-0.43805095863076415
agm001220566,22.817839754592434,-0.46626472637451366
agm001220619,23.21885166471087,-0.3983893097604896
agm001220821,15.969254699096965,-5.049552247467554
agm001220895,15.66148411824346,-2.869905876975936
agm001220899,16.44019215728745,-3.590339400332579
agm001220969,16.0768593235056,-5.921358877902872
agm001221068,17.520622019226288,-3.853753169982136
agm001221069,17.891148668884426,-4.9071588236652515
agm001221298,18.059616719780788,-8.328460849168437
agm001221346,17.35497217010066,-2.91720274389203
agm001221490,15.428219536749744,-4.3300810557534675
agm001221542,16.921866691369978,-4.886486896537754
agm001221588,16.945374039459637,-6.753826782658603
agm001221666,16.57267799113062,-6.21365569795914
agm001221787,16.702280644524496,-4.476994977741854
agm001221860,17.488705101045117,-4.008094070122864
agm001221867,17.11885915487711,-4.1129584179020355
agm001222204,20.124257103792026,-1.6830296869885886
agm001222397,20.809410435113012,-4.139402407513469
agm001222836,14.471404952612266,-4.840424159773985
agm001222887,16.086077672685104,-2.340584301257799
agm001222913,15.106275426046327,-4.010562168955352
agm001222936,20.63774908345169,-4.802830510892045
agm001223363,19.149630264662772,-0.16263314519389027
agm001223445,13.897700193221036,-4.185406393540935
agm001223499,19.231083134989618,-0.02751098119601858
agm001223508,20.851507934310604,-1.1792241428252677
agm001223719,17.92874969087317,-2.1602151761967336
agm001223721,19.117998284717935,-0.04579544611225783
agm001223744,19.76939390756702,-1.1368473401622397
agm001224000,21.894483523049622,-1.0480229026235457
agm001224030,16.169609015316794,-6.927772847909925
agm001224047,14.9574775576559,-6.9731637570670255
agm001224294,21.42836248513962,-2.040419753355152
agm001224340,15.512943076679553,-2.0416062606523284
agm001224413,14.997305791592723,-2.486895625092209
agm001224815,12.110010845526514,-5.2523482395907095
agm001225390,22.429435074924825,-0.5264857026048686
agm001225607,22.138116122313654,-0.5641261354392384
agm001225622,19.8857924164729,-2.185823453147856
agm001225639,21.567161898566,-1.8867241685980325
agm001225647,21.30497644654854,-2.893942630959735
agm001225648,21.158016504465493,-3.9544844573042734
agm001225716,20.086962977080532,-2.6014862115280097
agm001225911,20.024694201501653,-0.2402536982999317
agm001226124,22.033481272114365,-1.948209009641925
agm001226301,22.089029860628944,-1.0671744288759286
agm001226308,22.23799280151684,-1.062679350225062
agm001226310,22.292078283526724,-0.6276857714530553
agm001226318,21.820782911516766,-5.829518191165114
agm001226379,21.670757722907947,-5.851815796507541
agm001226428,22.45714358655898,-1.0410959024399107
agm001226572,22.32075286068453,0.8412455794869262
agm001226823,24.425272716336412,1.146905209736203
agm001226896,22.155968205899452,1.648979459006307
agm001226907,24.022194507744643,0.5280784720747773
agm001227051,22.695818920736112,0.37967993225303687
agm001227154,21.292906413782635,-0.46435633257240516
agm001227260,21.69987413554315,-0.6243039592895299
agm001227280,20.61897448516347,-1.590170533240384
agm001227364,22.394028477922113,-0.5353249626492627
agm001227666,14.781629656878755,-7.8582143201926895
agm001228089,11.903374639211892,-6.3797927760865445
agm001228282,15.093213464799796,-5.436827565414825
agm001228451,13.72582350496378,-7.853087629565669
agm001228534,14.906277504162823,-3.9844187547916294
agm001229021,12.314815955090324,-3.311174034783118
agm001229187,14.604610683938613,-7.698996854870469
agm001229194,14.28297457197987,-8.316268535509536
agm001229258,13.412353607056176,-8.683854436119955
agm001229294,13.680824439310276,-2.9989255381979185
agm001229333,16.079522926978484,-3.9581112812387365
agm001229371,17.384556501745486,-2.778102657753921
agm001229661,12.328284186611459,-7.733064639516823
agm001229673,12.055593659769539,-7.834584147493132
agm001229884,12.867025302303556,-6.683764989620762
agm001230011,10.122994149708676,-5.501039358753183
agm001230213,11.75898767695411,-6.703702747122011
agm001230237,12.75934741541072,-5.30475858255353
agm001230448,14.429236531941033,-8.471887199231313
agm001230509,12.18006040578683,-1.759889583184461
agm001230715,21.873017787452113,-1.4920399964811315
agm001230730,22.744569381589717,-3.741373835452766
agm001230732,22.55614194069937,-1.4089482517452274
agm001230735,23.21017788955044,-1.3327905173848387
agm001230750,22.84501512881629,-3.7343417522344553
agm001230789,22.659167698087355,-1.3923144471466768
agm001230798,23.305577571714885,-1.3152404785110638
agm001230803,23.073838329903726,-1.3458349000152596
agm001231147,21.200895188921038,-0.9283664652963823
agm001231149,25.407652502860728,-0.08448603608987026
agm001231168,21.263194183067117,-0.9435649816716758
agm001231190,21.729701394864566,-1.0682815449664114
agm001231316,17.703162169173243,-3.2410400735523117
agm001231356,21.677174364506254,-0.5781500113636562
agm001231374,23.127201290337396,-0.8629627860811828
agm001231378,22.699234122565226,-0.9352869499746426
agm001231380,22.76096427020748,-5.6350630012120035
agm001231391,22.038506111205475,-0.5153616040250966
agm001231413,16.114922827650492,-4.3650669617960105
agm001231473,20.454116267220556,0.1725739642848847
agm001231543,21.435824414879647,-0.9147179428343835
agm001231632,18.614446893712202,-2.650766166248219
agm001231741,17.789950719450918,-0.4060060670455683
agm001231945,14.663659952124869,-1.4609707235015366
agm001231965,18.126841446529028,-0.10008576129915525
agm001231998,19.311654043992384,-0.5784187799605878
agm001232135,17.948052526308064,-2.9993414960139484
agm001232139,18.464339888806304,-0.5510522403055336
agm001232197,18.87573985985334,-0.3113657983628726
agm001232428,14.87063390286024,-0.8604021493873764
agm001232463,17.731020669023685,-0.7778310302571425
agm001232660,18.269811992122722,-0.4200978812096312
agm001232709,18.343051845319206,0.10394407243892045
agm001232788,14.94451375354813,-6.411136878843985
agm001232846,17.63597891842315,-1.5183770047255831
agm001233025,18.756392051856196,-2.2044907411889176
agm001233101,20.18487292071456,-1.1214449250029244
agm001233129,20.37384304820051,1.618400640904747
agm001233145,18.87280854242213,0.23495214655862018
agm001233209,17.934216175266368,-0.9324408784295182
agm001233232,18.60429056542682,-1.3899150235542477
agm001233520,15.984474801666977,-7.369378589224006
agm001233647,18.16953055414138,0.4561039488547034
agm001234809,14.66221518718531,-8.816810187727944
agm001234837,15.767636697972078,-2.415111872963203
agm001234846,15.42531548362104,-2.9009746489102057
agm001234977,13.194276019555891,-2.544949506833523
agm001235402,11.12365548636834,-7.580666437421018
agm001235421,16.736339619567918,-0.24535974909226996
agm001235682,17.648735884582578,-1.3788926673802162
agm001236295,20.91770301948469,-6.58884442578394
agm001237278,20.656256402824503,-4.1486244386045925
agm001237967,30.11410992872189,3.076821527473481
agm001238146,22.781090883232654,0.5103666714418716
agm001238221,14.089611696176554,-4.3284678110823185
agm001238849,11.867175287052044,-3.397579607457183
agm001239551,20.00679051162272,1.303040869294876
agm001239572,20.0449081963671,-6.999559307408201
agm001239998,21.533136196500944,1.7965874233663446
agm001240372,24.18301038272445,-1.145928360636719
agm001240691,20.57331140116523,-3.105537986352919
agm001240984,21.368083665196693,0.7548808910661743
agm001241570,30.12667340208957,2.6930238212434703
agm001242732,17.257037701490365,-6.582786626007007
agm001243094,18.62974914432838,-3.612928456137081
agm001248997,19.98943380074205,-2.315669992100917
agm001249158,13.97457753005293,-6.993821833847438
agm001258149,16.84329761379253,-3.9677363906286947
agm001258184,17.048495609479197,-6.445186475957571
agm001258510,18.603528895930225,-2.2793133972173663
agm001258526,18.023768877092195,0.5880510061925927
agm001258570,17.6767959170019,-1.7828318095877396
agm001258611,17.616257232993004,0.23506371434586507
agm001258629,17.3076340301077,-1.2191028231581
agm001258840,17.800019036445867,-2.7049187333486926
agm001258844,16.765691260044928,-6.048087029142015
agm001258866,16.339772121960745,-2.2006041467868998
agm001258878,14.873679232753204,-2.4569880407831226
agm001260330,17.89497209318069,-3.4359043997543512
agm001260503,21.331925527420115,-1.046392233406479
agm001260592,16.76426327121475,-4.284492379995925
agm001260604,14.186258632828164,-3.957631754577028
agm001260825,17.658096185243533,-3.789686758717839
agm001261212,15.139975196241418,-5.081064574744661
agm001261282,16.241697125631386,-2.4299146061352412
agm001261291,17.04587560355911,-2.3560935969172245
agm001261317,15.314315915210598,-6.622784159445618
agm001261372,15.21908421488016,-2.649823272307587
agm001261379,13.776348842084102,-2.855062537939118
agm001262168,21.091951991762432,-2.2004915547830546
agm001262402,15.979893216610074,-2.30059765245388
agm001262842,25.10703602055111,-0.42894804198347103
agm001263003,19.76142469217932,2.1656693722465636
agm001263023,18.119995091657945,0.041575549311261874
agm001263131,17.347898630018165,0.3867356248835243
agm001263272,18.56843051866782,0.6835101153470541
agm001263273,19.00315313195889,-1.0397928615561518
agm001263455,19.143139092947408,-0.2633387549111923
agm001263784,19.544738908063483,-1.076504364574345
agm001264050,21.185219553338957,0.7184205674657319
agm001264317,24.297124630436112,0.7752072986771482
agm001265113,13.559224563835423,-3.008248045590792
agm001265501,17.609581744455262,-0.3063606168651809
agm001265650,9.501878624066764,-2.6453464805306486
agm001265793,11.164066323856751,-2.8331775412019815
agm001265882,15.741724520604125,-1.8222449914579097
agm001265922,17.925083700394616,-0.10583665385680874
agm001265966,20.967354821799614,0.6254829728045935
agm001266154,18.78264154821591,-0.186648408869542
agm001266202,24.52859275765069,0.11464467252500536
agm001266508,17.19603862833583,-0.2938975460660907
agm001266535,18.12531474121875,-2.389513164665684
agm001266601,20.16564492394394,-0.14727586317915828
agm001266608,19.72966187757987,-0.21692468834227263
agm001266843,18.098284527676714,0.19926347427185456
agm001266982,16.32816191178244,-2.1931203140444224
agm001266996,15.206420268794533,-2.439429724752361
agm001267198,18.115550520586797,-3.119343839686367
agm001267457,16.967849769723873,-0.6279108538874016
agm001267489,18.284279207216688,-0.034011968795342774
agm001267515,17.503678057172674,-2.7763043193206083
agm001267517,17.62148694426408,-3.114728125397809
agm001267584,16.685307389589386,-4.945353608997644
agm001267704,15.056085968471224,-3.796662114087782
agm001267734,13.32703135110799,-3.3503286580962133
agm001268038,22.698445467964305,-0.003809280222433505
agm001268192,18.788037617540585,0.03913483519091443
agm001268634,17.936640713677885,-4.11574412647395
agm001268897,21.336798895290396,0.9200416424996997
agm001268903,19.157642160002244,0.22285930897190673
agm001269214,18.703953050231352,0.7393135858346097
agm001269217,17.83724932192659,-2.5369777767832975
agm001269227,17.650800983528978,0.5875420207000405
agm001269356,13.104705812531199,-1.6498869768547086
agm001269944,18.202305072245615,-0.34624595362569366
agm001269993,18.19724756309295,-4.3252137759388285
agm001269997,18.84794797042421,-1.147846006273926
agm001270170,17.940852079197306,0.5202257216002764
agm001270337,15.065045506207701,-3.865970773558249
agm001270530,20.683761485893818,-4.171057105407177
agm001270676,17.008823656135785,-3.7096515115804536
agm001270705,21.673123341319137,2.003050920869463
agm001271418,21.46560575024154,-2.2463121761931
agm001271441,21.703324743290953,-2.2078641912680848
agm001271790,20.107892606622325,-2.2611909425910635
agm001272294,13.25335311075188,-5.216410890918263
agm001273874,19.163155782377352,-0.8824789866623105
agm001274131,15.811561723148289,-9.663013249858942
agm001275813,23.07672508030872,-0.4597630692870798
agm001276125,23.520982655126982,-4.468024168022834
agm001276163,23.514475142715686,-1.32250307627942
agm001276170,22.758318175671118,-2.2053954779735583
agm001276177,22.98032434148313,-3.5684197998121956
agm001276290,23.013601391009644,-3.563315062641754
agm001276296,22.824297685630754,-3.5907993682813575
agm001276503,22.229204015610325,-3.680266438282668
agm001277063,13.235474001192209,-2.873441314770579
agm001277190,10.143672844901136,-4.084749017035023
agm001277205,13.791656773485762,-2.5654666375374195
agm001279087,16.91002219609068,-3.4409648733888183
agm001280062,18.089767756659924,1.723535605803733
agm001280088,23.108245703596857,0.307145328030737
agm001280102,21.105392556281316,-0.9866034400630506
agm001280138,16.50792391966174,-0.34284747223485823
agm001280216,12.13642217647835,0.4416423283274671
agm001280254,23.406681957786656,1.6770957360114895
agm001280413,27.36143662122078,0.857892590245922
agm001280421,22.734711003779537,-0.48605853385463016
agm001280757,12.406389109185008,-0.531389867565953
agm001280786,18.42282011471991,-1.185054552186946
agm001280813,10.642602689837823,-5.753983344598266
agm001280851,20.65303756134805,-1.1849554486546312
agm001281097,26.63876066661205,3.827601630985063
agm001281277,22.085650443842457,-0.5488423589496656
agm001281307,22.12416171568528,-0.5674884896853056
agm001281337,22.189565571090373,-0.5496884352571354
agm001281718,15.763509659813247,-5.711159009259827
agm001282042,16.801036329319025,1.95749060083644
agm001282045,15.974459181782727,0.48926567704433754
agm001282594,19.6067281555958,-0.9548275820752408
agm001282671,11.011762347616635,-0.6749311828060338
agm001282688,16.79503155171313,-0.6562090606096653
agm001282740,11.665324639322538,0.34131077190790515
agm001282834,20.12815244043496,1.4345195845179104
agm001282850,21.804135458471936,2.59069044105231
agm001282861,16.59348736619742,1.9326992407332066
agm001282900,21.329515103666385,-1.1589096417533362
agm001283159,25.22346954367945,1.0121120741040839
agm001283354,17.073261526898214,-7.762235691178806
agm001283470,23.97436903594263,0.4670084302705564
agm001283703,22.098781825511097,-7.6078924204158564
agm001283711,22.993414129634086,-0.45648095704756164
agm001283818,22.752852876395657,-0.477550970898871
agm001283833,27.45102323911632,0.880108367645521
agm001283889,21.624751954371217,-0.5710172134837452
agm001284002,22.83679141290305,-1.1609079173521613
agm001284866,12.503069729106395,-6.5857115063512985
agm001285511,20.956264366529584,-1.090775163603972
agm001288248,13.064385618927817,-5.59748408562265
agm001288294,14.131909217751007,-2.401685732766928
agm001288302,14.442828011477516,-2.3726241960988266
agm001288353,13.16117899423873,-4.498071089297554
agm001290891,12.585185443831485,-4.87621447311343
agm001291082,11.931257645337134,-4.893971390287468
agm001291270,13.321862248568788,-5.287027656106968
agm001291315,14.317630534231341,-8.585507656926271
agm001292002,12.574467736028328,-2.8745976171726935
agm001292640,12.279413824729346,-5.478220014397307
agm001293365,12.263258617131612,-5.1404474288484145
agm001293411,12.443593136381176,-3.1735586499665667
agm001293966,14.91207398986243,-8.061557745177772
agm001294122,12.394676651179658,-7.63555910482063
agm001294416,13.65356529579314,-7.945825496472054
agm001294827,11.198032645649889,-7.132465195604084
agm001295563,12.886513599503271,-3.6934165314773137
agm001295660,17.751648473751843,-6.72139752603381
agm001295669,17.458191702416638,-4.460690280089794
agm001296232,18.24929288317502,-4.623473968018473
agm001296235,17.87500467905757,-2.353122147175225
agm001296252,17.564561308234836,-2.483147002222332
agm001296935,16.16299309563846,-2.1271618094041025
agm001297404,17.085075749277824,-2.1390667338999796
agm001298350,17.26471308365902,-2.700197451542192
agm001298435,12.510048780062565,-1.323670992083024
agm001298616,15.1228109815539,-2.0269162483182317
agm001298961,18.271814029062945,-2.227395522856441
agm001299412,16.683603105872702,-3.275609451682647
agm001299546,12.252335710288245,-2.3496837434331304
agm001299626,13.438664326479035,-2.482230622541447
agm001300435,17.54005224004735,-1.9454512228279306
agm001301082,11.84296568790966,-3.977209135573557
agm001301143,15.965943734011544,-2.6921119966459526
agm001301207,12.12510309744823,-3.727024509814735
agm001301294,11.703163327178187,-3.7166229702689506
agm001301350,16.089660379539847,-1.8497241316174202
agm001301400,16.417861130760087,-2.023179981154149
agm001301624,17.262753016576312,-2.017404979764166
agm001301858,17.483312654186964,-4.155459447763896
agm001301872,18.06152475511491,-6.363746619763425
agm001301903,17.780903883364505,-4.094346463879884
agm001302668,13.296521704077264,-2.8514909419639376
agm001302821,18.091119989725364,-2.3153564259792594
agm001302822,18.61144902894713,-2.1928489555633144
agm001302831,17.554034045194783,-2.4290845819351006
agm001305331,10.914637875349428,-2.78160299797565
agm001306706,10.77998642363687,-5.3388380698269575
agm001306997,10.096303712567355,-5.253782622359364
agm001307650,10.072153724525817,-6.279452539141573
agm001308033,17.06112311486607,-5.884538753256434
agm001308218,17.305839774520646,-4.98520631792715
agm001308270,17.307568287736405,-4.111991295966589
agm001308803,13.954122403748432,-3.723016298461221
agm001309233,15.006918119318364,-4.977270910973071
agm001309848,12.782476902368781,-4.534250401068667
agm001309861,11.599383551479468,-4.905706240169249
agm001310419,13.885259369651996,-7.035652856759242
agm001310506,12.397748314327707,-4.555452772433036
agm001310810,13.741587903590124,-6.080583461836182
agm001310811,13.769926274862216,-5.531059487317696
agm001311188,17.579723654968404,-4.65528204631487
agm001311964,16.742341003871843,-4.851781762377705
agm001312084,14.006262130159275,-7.3336711605317415
agm001312201,12.461394918724388,-6.314069512658486
agm001312428,14.990648022281064,-3.980823892587003
agm001312529,15.89233803085127,-4.923607543954881
agm001312770,14.16730184511881,-8.112255734116635
agm001312786,13.932349270014278,-5.7692804356318845
agm001313797,14.887527781585717,-6.470561181448672
agm001314183,16.511056932136626,-4.3677807003384626
agm001315431,19.533982257726684,0.050408570674497
agm001315528,18.882937713465573,-0.3255624858564343
agm001316618,17.755456831779853,-4.255870836787721
agm001316621,17.387042070812388,-1.9656821156186068
agm001316644,18.365605619526534,-1.2166653156497245
agm001316647,17.69095698469784,-1.3302891892633282
agm001316807,17.469527526554543,-2.6777701691363878
agm001317079,17.557099533391252,-2.115502574278976
agm001317117,16.45076625664412,-0.5413051798068027
agm001317132,18.292524836903382,-0.9490972413019256
agm001317137,19.14239397703622,-0.8248116450726686
agm001317247,18.91381922228586,-1.7337100567516521
agm001317286,20.644992823043232,-3.229962447957023
agm001317294,20.33229643141115,-0.9147111698911154
agm001317325,18.697029184622824,-2.181142694878798
agm001317529,18.845764778369137,-1.4990397918566205
agm001317833,16.481576304320317,-3.884429988677903
agm001318168,19.07796609626524,-0.9486534299538314
agm001318505,19.292788617765467,-0.6376228455758972
agm001318578,18.342655672338452,-0.410102902505888
agm001318850,15.398738812225655,-1.8374382334810666
agm001318970,18.59983369692917,-2.6009109087459144
agm001319179,19.827377565581482,-0.9403545381691987
agm001319181,20.023821027477084,-0.910311821391002
agm001319279,20.266053044280138,-1.8176801219598415
agm001321438,20.76821633462996,-1.24422606579828
agm001321440,19.428698427581068,-1.410503436011092
agm001323207,19.167967772743964,1.2228893021092482
agm001323298,21.648022443884404,-2.713071335090087
agm001323338,22.244223011959374,-1.6130306161906103
agm001323540,16.14417254662039,-0.49822420222412944
agm001323541,14.921607665554891,-0.4140699852159839
agm001324184,14.65384392828701,0.7402740384767208
agm001324202,15.103412404453213,0.91476757328804
agm001324508,17.804498254282944,1.266567241966324
agm001324601,21.45264109017396,0.11366722044545341
agm001324616,17.835838392372075,0.5520945117466982
agm001324709,19.163363325682962,-0.2247862767081621
agm001324713,19.34856631723249,-0.19564276677999803
agm001325459,20.479597798020894,-0.21988903100929047
agm001325496,20.623752429400337,-0.18669452874114656
agm001325537,18.501074549916044,-0.4641620860783888
agm001325700,16.845824332365204,-0.15986679875751397
agm001326034,19.052653199960226,0.845225239111739
agm001326096,20.5089793794275,-2.011033794524651
agm001326146,19.300008835504645,0.19925531430515342
agm001326426,18.296093387868304,-1.0514301889464424
agm001326475,18.596950330301954,0.027738546325234203
agm001326782,19.281851170564554,-0.5822487542918351
agm001326914,16.606169197967613,-0.6140959190311732
agm001327039,16.481572463683918,0.47488194637019454
agm001327045,16.78867069659306,0.49768489015444395
agm001327051,15.095332934979186,-0.7204712572065466
agm001327087,18.472111266318805,0.30593979719465914
agm001327170,19.81966679597375,1.0194918475911234
agm001327871,20.221750121996,0.6060714900338202
agm001328047,19.774590228365053,-2.822922828647583
agm001328117,18.323322145097126,-0.3035956505617565
agm001328494,18.486974966615445,0.6464048281004433
agm001328605,23.166195344648298,2.03402570730228
agm001328701,20.17299342823752,0.8473573441007538
agm001328760,23.304330995947296,0.7885906109788938
agm001328798,22.056231199283047,-0.20088594072140653
agm001328802,21.378518961279074,-1.1242727774752397
agm001328881,16.114184380915592,-2.477344777373737
agm001329427,23.31809036692228,2.0036713707293807
agm001329437,21.70096732017534,0.2042376667305552
agm001329638,22.24867536843861,-1.361023624741315
agm001329653,20.209044648818345,0.44057863429334576
agm001330108,21.184634309843748,-0.6379641129919289
agm001330202,22.02208212309692,0.1439368154424847
agm001330214,21.76790192848681,-1.227191559469146
agm001330304,21.330902451392358,-1.2792886183357046
agm001330842,22.497443011654465,-0.05831765095042307
agm001330848,22.52263416281316,-1.3946063786348786
agm001330887,24.12074754604769,-0.9029818482569403
agm001331546,21.57180161484917,0.6924442830860378
agm001331706,21.404504929687647,0.6813211966618997
agm001333329,23.62762021067408,0.5239614817621763
agm001333369,20.602625966483043,-0.5333324045739642
agm001333417,22.401859912436983,-0.7686863412375651
agm001333472,21.27259104761235,-0.9270120654279426
agm001333493,21.79369159928148,-2.1844730161148167
agm001333518,20.49236366983929,-2.336699859246344
agm001333642,13.20241236118845,-2.8792213378370026
agm001334857,15.02855934688726,-0.3784198198248445
agm001335385,14.561053853744925,-3.556141359457236
agm001335409,15.965338277427065,-5.145063011395818
agm001335534,16.310193583901427,-1.9728648737068957
agm001335843,19.57122979170473,0.10089093465455923
agm001335878,17.75702081613586,-0.10757434222720041
agm001339216,20.851962422014545,-2.712007782633829
agm001340268,15.440914206884013,-0.8511524238423105
agm001340305,16.733336224092096,-3.4014580269562216
agm001340473,18.53611605419012,-1.1039255363088483
agm001340512,18.74749282968361,-3.4133106719747333
agm001340516,18.296498108818327,-3.4997494148333783
agm001341023,15.774584531974584,-2.406933524435881
agm001341036,16.36208187793177,-4.6267980853835535
agm001341037,16.273903343701093,-4.645480130357537
agm001341059,15.961059679637003,-2.3812281087450446
agm001341155,11.446824937639034,-2.074212620547657
agm001341597,17.292506076399523,-1.4903643849088115
agm001341602,18.19112369435181,-3.6983178442986118
agm001341663,12.756514788851813,-2.0719051384926432
agm001341706,12.54980010539075,-1.9863723516737941
agm001342073,18.66259692402576,-0.7048827170941587
agm001342137,17.879377918993583,-0.8078774169682532
agm001342162,16.920063757040356,-0.9923797850434264
agm001342217,17.175519851073094,-0.960851010573093
agm001342851,15.072306887206658,-0.9131398977784619
agm001343801,14.923131787380838,-5.018153882924787
agm001343815,15.32352065436786,-3.626739629552853
agm001344623,17.849508454370838,-2.1267156934915135
agm001344669,17.49865300558224,-4.55044707987778
agm001345590,17.66266525118915,-5.026360356593424
agm001346343,15.435620592533828,-2.6871467890630196
agm001347216,18.601616273547265,-0.5345841374088312
agm001347235,18.694086311681104,-0.5183791043224453
agm001347240,18.787746947089065,-0.5029340996455618
agm001348665,19.83166387182893,-0.8112710817903133
agm001348703,19.380775065104412,-3.2424856640748825
agm001348719,19.295198862792827,-0.8712295578549258
agm001348754,18.76941123353786,-3.3477758584565356
agm001348977,14.347220539589172,-1.4308212629590016
agm001348984,16.942111858331792,-1.1397277565978974
agm001349204,19.250612594544336,0.3719902087267144
agm001349244,15.242871924851078,-0.8139545160218562
agm001349274,20.453343462041357,-0.14157059403719163
agm001349277,19.83405198959237,-2.6040569765089225
agm001349371,18.280324147317053,-2.843546947678626
agm001349376,18.674113627251575,-2.7809317271495084
agm001349389,17.884762711225033,-0.5635879751013069
agm001349938,20.34865951360864,-3.2778805679695355
agm001350012,19.777815781806957,-1.0385812485217638
agm001350094,15.57203225146125,-0.9206832010549602
agm001350100,15.929904493474684,-1.262165237842717
agm001350121,14.55781376785444,-0.8557649770907774
agm001350436,17.481650714533792,0.2688477342877844
agm001350568,16.557141806110558,-3.530117728808949
agm001351610,18.041463784544433,-0.025098371266259356
agm001351794,22.45995274395162,-0.13103775970533604
agm001351893,20.397160642013574,-2.781589760872163
agm001351933,21.49625823776009,-1.6125500255934462
agm001351995,16.194916021158505,-1.3248154400315149
agm001352263,19.100017225559853,-1.6314845277346701
agm001352326,18.005705585556935,-1.8504314078309063
agm001352332,18.35567398920085,-1.7843227746215073
agm001352848,17.695084146272848,0.30495448932147706
agm001353220,18.318028699369,-4.652180159377679
agm001353438,19.405376335350542,-0.007881356625161207
agm001353535,18.451709763447713,0.16749104269406878
agm001353552,21.472815446158474,-0.3921405359666825
agm001353554,20.337320757048396,-0.5572813630081863
agm001353633,19.97651706043269,-0.638501054115757
agm001354184,20.48435038779415,-0.16703153049244568
agm001354185,20.963085689617955,-1.4461589533692525
agm001354286,21.703582715473114,-0.665413723132831
agm001354335,21.43553688870717,-3.0615652331496386
agm001354342,21.473619203416693,-4.39812364192529
agm001354369,21.04866296424928,-2.084049833367945
agm001354604,18.273653221994227,-1.0967670095236284
agm001354653,19.395007342176953,-0.9196734421565744
agm001354999,20.308157740655293,-0.005707683474417635
agm001355018,22.28335395582715,-1.8003584742059093
agm001355039,19.672506122923046,-0.09390555916189713
agm001355540,13.177969051724656,-3.577610726067546
agm001356999,15.020655862339078,-1.850950802534467
agm001357178,14.77700639748014,-6.0527900550561
agm001357468,16.779643270151272,-3.7921424987949717
agm001357544,13.187204734262986,-3.8241320859693757
agm001359910,11.834098137543815,-3.383169586398739
agm001359971,17.41726640891558,-1.286743509236401
agm001359977,17.16929301906368,-1.6060258173285549
agm001360261,18.822398078708765,-0.5900696256867497
agm001360292,19.57077257646933,-0.4811940151971923
agm001360382,17.282333231313874,-0.8427491473244331
agm001360604,17.50424877549949,-1.024940282641305
agm001361146,11.502646416061308,-3.959475714397736
agm001361160,12.585460647409572,-4.887036265621985
agm001361503,18.2381684358026,-2.995316021758717
agm001361514,18.693533141144297,-0.5752903423579308
agm001361517,17.998148867339907,-3.0360563989754468
agm001361539,18.36178993621449,-0.618015157956775
agm001361552,19.98211548072011,-1.3920148680255258
agm001361758,11.872399901009523,-5.398363682393425
agm001363431,14.046228828478993,-4.377939532172636
agm001363461,13.014865034889441,-5.785288241010766
agm001364196,10.763408031359859,-5.609783631922173
agm001364386,21.690159628527244,-0.5870567426297124
agm001365268,20.115239197726876,0.47509286541048334
agm001365564,21.241819343354955,-0.05051816967030387
agm001365692,20.46441704515204,-2.5054363690848636
agm001366454,13.019777248615082,-0.21311085594692303
agm001366795,19.321784006223155,-0.007952558863806303
agm001366798,18.500281622984282,-2.4905101873665254
agm001366874,20.46983326802324,-0.5369219853919698
agm001366875,20.193438400993635,-0.5821566790797226
agm001366910,20.274121317538572,-0.5358334937432709
agm001366926,18.788893808854517,-0.7847523497680888
agm001367248,13.651721455619624,0.9209312437487434
agm001367262,15.081035788306133,0.1287137210814544
agm001367493,16.738396170078826,0.5305549080066663
agm001367707,13.949576242516297,-5.849119538624349
agm001367983,17.18458018653666,-2.571323280886206
agm001368614,18.053045694917447,-0.4032745814244332
agm001368917,21.37113864897811,0.0949358944435561
agm001368947,20.892469019123823,0.04598623476078956
agm001369447,17.710627592163448,-1.4976500157737647
agm001369472,17.897165528942754,-1.46096087225289
agm001370071,17.377709862564522,-1.690839769242983
agm001370073,16.55682970153414,0.5788094584005861
agm001370173,17.9657453373554,0.017020553126998017
agm001370443,17.129833329429996,-2.1529602240732806
agm001370456,17.760933508970354,-4.381155909329225
agm001370478,17.314696170300962,-2.1307808298366386
agm001370753,21.799645339984227,0.9049204905783137
agm001370944,19.71223282631929,-0.2657417154454196
agm001370950,19.240501985729455,-0.3369953790579232
agm001371010,19.529567199068474,-0.31979171093866965
agm001371899,19.004889498830448,0.13345401471114693
agm001372033,19.288454923086565,-0.597618895388869
agm001372072,18.70982204745326,-3.0379250023413262
agm001372150,17.7867416588132,-0.8290500888541859
agm001372158,18.010730742093358,-0.7954888446484056
agm001372183,18.087867711361312,-0.7816067305682797
agm001372319,20.53646125756016,0.41982316187115476
agm001372503,19.737395848297886,0.34335825313650803
agm001372540,20.069464525339317,0.3842982700237192
agm001372598,19.63251124190256,0.29957034614303346
agm001372612,20.39825299953485,-0.9461846698574101
agm001373066,13.887656665711324,-2.1031479745298154
agm001373144,15.504146719953239,-1.810912669691895
agm001373206,16.678695086817683,-0.43113254910194154
agm001373273,16.454536069288636,-0.9524698860304537
agm001373791,18.50100118136976,-5.3984861163556594
agm001373806,17.76482507298961,-3.2226602660451382
agm001374190,20.87102194738357,-0.3503928684007378
agm001374264,15.1719803759943,-2.3293616892729996
agm001374501,18.622240831377677,-1.0822959514542947
agm001374977,14.961542654256649,-2.454014338612878
agm001375024,16.364396146947072,-3.1155007118806957
agm001375047,17.238718470257776,-1.802675642437459
agm001375296,17.91261076259195,-2.26265706858772
agm001375303,18.460046505619143,-2.1509884607287963
agm001376463,19.41195645107918,-0.009675102106691202
agm001377061,21.846447606232335,-0.377202916875905
agm001377796,20.692471975454893,-2.6827384830075554
agm001377918,15.649384645369016,-3.376506432869562
agm001377921,15.746987186478119,-3.366632589054455
agm001377942,13.156435115893773,-5.930679389621568
agm001378378,17.878403756063914,-2.435247669598603
agm001378450,17.978825386588934,-3.680579693428716
agm001378543,16.99114107125985,0.30660449129684286
agm001378912,17.874812103536726,-1.0029873059326864
agm001378931,15.343046088999978,-3.7201022459230724
agm001379012,17.17130816412547,-1.3218497415557469
agm001379017,16.70153375268211,-3.765307607931658
agm001379199,11.563439823811652,-4.571692320217078
agm001379251,17.16787306320022,0.4944849424920106
agm001379692,13.632844426819814,-4.522828303188858
agm001379776,17.080907914988135,-1.6074022959195684
agm001379780,15.9747687778402,-1.7281476002887475
agm001380137,13.999351766671344,-3.571692206047994
agm001380472,17.896387521406123,0.12284130748094046
agm001380481,17.69132628918421,0.09013067028532262
agm001380535,19.854830246342253,2.040222202773874
agm001380965,16.362332437468574,-4.6947335560559935
agm001381211,15.52710974443854,-5.794950878892869
agm001381523,18.893622699309866,0.451057663548764
agm001381556,19.88909141349027,-2.593785514676911
agm001381578,20.190698000075848,-0.17821803020662896
agm001381636,19.724342668565903,-1.5370059050639098
agm001381706,16.016835294509658,-4.137444289520168
agm001381758,17.850259313080443,-5.067277127700889
agm001382585,18.37510047361344,0.07587549541106142
agm001382586,18.727485909813822,0.1360827620273679
agm001382598,18.391611249681624,-1.1490298042237534
agm001382626,21.352583976252276,1.5015121773057212
agm001382722,18.394269260488475,-0.6336023131671946
agm001382803,18.558661306820525,-0.6240241786608021
agm001383737,15.880528020393264,-5.464297320760635
agm001383751,16.05489856740275,-4.545932740155271
agm001383830,16.23350478881302,-4.99031341587469
agm001385166,18.665374354286993,-3.935958065028149
agm001385193,18.449809251547475,-6.3299397175443595
agm001385258,17.5133134113789,-4.25579442930584
agm001385272,17.24665328791736,-4.358450069499993
agm001385654,15.566251640554842,-5.279615036824807
agm001385955,15.228037388662838,-7.036931857188339
agm001386637,21.529967961466404,1.9443657324582984
agm001387169,18.33279391600651,1.2182282293372642
agm001387598,21.105710536678092,1.2692421325336194
agm001387652,19.48736085024876,0.6071764403754076
agm001388406,13.841675219036665,-4.342159610812731
agm001388866,19.356519611302577,-0.7627561210518548
agm001388869,18.599375001809012,-0.8293471885298036
agm001389498,20.48865331891963,-0.4152128406926159
agm001389511,19.50976017583419,-0.583151280465986
agm001389618,14.709699438392795,-6.321172690917043
agm001389740,15.860150292074856,-4.986837557489599
agm001391259,12.763184387978944,-7.201954593581764
agm001392269,19.76154526859335,-1.0600104432987787
agm001392425,21.56421418850153,0.19332649372276212
agm001392448,23.316401595019343,0.7325872409225069
agm001392518,20.619381732675,-2.284120106007788
agm001392562,21.167701986064127,-1.1802399452422772
agm001392909,23.01554660970458,-0.09981581382745475
agm001392939,21.973426997433904,-0.2010108335371772
agm001393223,22.87130746412158,1.3228993385258416
agm001393321,23.349967413227578,1.7172826301637283
agm001393571,21.325013366573106,0.8997713097518951
agm001393572,21.881613856281078,0.9782971241249929
agm001393578,20.55258567518221,0.8294429562963583
agm001394037,23.001047183785055,0.4809207197052001
agm001394039,23.179834253200735,0.5103853731593317
agm001394045,22.83276331407697,0.45400190594661805
agm001394177,21.617284358293368,0.3324355846155993
agm001394199,22.157313241487262,-0.9875270305105008
agm001394201,21.72235684048534,0.38087574357033294
agm001394209,21.902292712289746,0.3774524271293802
agm001394214,23.580211775751646,-1.4900948152138556
agm001394262,20.673012661078182,0.21124785393741252
agm001394271,21.695182968743023,0.3222425413038912
agm001395146,15.298605756714966,-2.893981595032265
agm001395244,16.28672687492293,-1.609953708759912
agm001397942,13.085723906230514,-6.311090142362422
agm001399512,20.472109427681325,-1.7783630737217155
agm001399613,21.487467116893086,-0.0018032895316757447
agm001399634,21.771587279204084,0.05268895235304827
agm001399732,20.71837155695564,-1.3881374024734603
agm001400825,19.520805517359232,-0.4834744709182517
agm001401353,19.927724867595003,0.4538792287120441
agm001401356,20.006522739250187,0.4620135501268843
agm001402085,14.443025593666581,-4.915554963265549
agm001403992,22.822404452005614,1.2071598646893262
agm001404323,21.413142187976803,0.7893691167838202
agm001404619,20.239176240275718,-0.856055035408021
agm001404875,22.446115201012425,0.29462255196403264
agm001404887,21.636475221550825,0.17248505119972135
agm001404911,21.647685698327876,0.19378987722252639
agm001404940,21.656144037843525,-3.531354097403805
agm001404955,20.259945571466773,0.010593852530246473
agm001406691,22.179759506989555,1.4533810200065371
agm001407576,22.079416460233922,-2.2384356629110234
agm001407581,21.938314791285197,-0.039511064773861904
agm001409256,21.066539906224534,-2.4818598356312034
agm001413558,22.755969334049894,-1.0987775295037026
agm001413569,22.326091318093006,-1.150358464526705
agm001413578,22.501081310496797,-1.125162951251437
agm001414224,9.077523914371676,-5.415853804831826
agm001414318,17.667212201674623,-3.092728656434142
agm001415648,19.25835854702209,-2.449223158034211
agm001416735,13.515170447063607,-3.396095965805362
agm001416835,22.849679017747796,-1.3658562123600428
agm001416850,19.596003097012627,1.0010718411609156
agm001416911,25.15611571123669,-0.050466852056589406
agm001417139,11.43626020895265,-0.8915554489331725
agm001417159,14.037659007460535,-7.917894835343537
agm001417178,19.548754584907847,0.6202313684630596
agm001417585,23.421530539795636,-6.516700434574248
agm001417661,14.121891290815205,-5.591840387581864
agm001417732,18.355122462637933,-6.925723340104159
agm001417739,20.120522430064753,-0.6155971000020042
agm001417753,21.82653460726863,-1.2491376774004377
agm001417758,14.170583301825461,-1.4591543819306425
agm001418018,9.865830266282485,-8.592318856193568
agm001418037,13.643363967605938,-3.5713110263394356
agm001418252,13.842654373242087,-6.944817208658028
agm001418341,21.60282659109579,-1.237775628040414
agm001610607,15.592638712594015,-4.378309566773285
agm001610664,11.440905662818095,-3.3617345516768324
agm001610718,18.873912040779924,-1.1964211143678383
agm001610794,17.604451771264436,-1.8005747570850812
agm001611072,13.355075309545237,-5.057943989074756
agm001611086,18.272047810865068,-2.1501139993669027
agm001611151,10.040262813601368,-2.1154462186324254
agm001611853,12.385694659184812,-3.4848234503026747
agm001612064,18.948353069518976,-3.2893266845616864
agm001612088,14.523596136535634,-4.811812130989407
agm001612096,15.964523530036974,-4.040809916592328
agm001612300,15.778059749099532,-2.2582655155849185
agm001612357,17.91742490818995,-1.6302250101894873
agm001612486,19.574935790752725,-1.9175750458838028
agm001612736,26.34456070957997,2.0635438640697856
agm001612848,23.208440297659426,1.8830507756671566
agm001613054,24.163874265698333,1.0365200881459231
agm001613153,12.722790013398038,-5.0989863997869165
agm001613393,13.034400507557867,-4.989745577842285
agm001613405,13.950040803820787,-5.242065390598265
agm001613419,16.217185128845067,-4.622332440349304
agm001613435,8.527231183860104,-4.027534543026341
agm001613466,8.945686962172653,-5.008851821406831
agm001613557,10.959924414378936,-4.78820026271072
agm001613642,12.506055308288266,-3.9019637448600206
agm001613896,18.663470349629343,-1.410789863890334
agm001614099,11.433467917497905,-2.590652383742725
agm001614304,21.2461407472288,-1.6488519032872113
agm001614538,15.065977086986953,-3.7299741239680713
agm001614594,16.34314968276976,-4.337796846434085
agm001614609,18.47215694996705,-2.968117329193399
agm001614624,15.201575719938612,-5.558887337651039
agm001614859,9.718594137447722,-6.248265773788409
agm001614946,31.40303618599948,3.7217602361280866
agm001615103,22.73122326238271,0.6231624904317158
agm001615813,11.193157994524537,-3.6124835994442206
agm001615893,8.514045975369548,-5.8856729419154865
agm001615899,8.847904964526803,-5.929134221411455
agm001616274,26.398234058431587,1.9068939833665197
agm001616291,25.82863264494688,1.4556035553032884
agm001616483,8.315706400187592,-5.0045703884967
agm001616834,21.466996568558493,-1.843588899959144
agm001616852,18.43957594590753,-3.1863210833532603
agm001616904,16.986260266506342,-3.819245122527826
agm001617264,13.01016034078414,-5.7853301739717375
agm001617560,9.807048800087822,-5.688381966217282
agm001617691,13.261242482508095,-7.0524804697625
agm001617764,31.517392721982105,3.829378874181078
agm001617859,19.926111935830807,-0.7422212959316443
agm001617863,19.02525651761409,0.41317722886243297
agm001618384,9.393214226428906,-5.370748283906064
agm001618587,12.988414824593324,-5.465212552728038
agm001619062,12.897739967697007,-4.86543531756031
agm001619527,10.741126584326512,-6.860840429719204
agm001619697,17.15597460554458,-4.616061164710395
agm001619870,16.102986189664477,-2.153986164479364
agm001619912,16.390781757039925,-4.197019414039754
agm001620089,9.924228392287663,-5.447721277644514
agm001620195,12.97125424520227,-4.301736914978617
agm001620210,13.921105421757677,-4.7670218386460395
agm001620287,11.601228685642512,-1.9737809471189969
agm001620330,12.20903241361632,-4.232981161590388
agm001620389,9.597276077032944,-5.161299972224993
agm001620440,17.364639499861063,-1.771381131035131
agm001620696,10.2258364836968,-3.6233564850007243
agm001621751,21.107448926583807,-1.782421236773122
agm001623557,9.707875250385687,-3.5148457800181703
agm001624890,12.369508100979727,-5.503932416024641
agm001624970,17.27735744408049,-0.15379791770809526
agm001625101,18.530442850378456,-1.1352592545637097
agm001625920,9.734550206188796,-4.666468087449823
agm001625923,10.07154967928913,-5.692143877033414
agm001625936,11.36224085914659,-4.869575787764761
agm001626132,9.947379658179425,-5.063886486154394
agm001627843,19.051786566855164,-0.44692258447948313
agm001627868,18.992904878393574,-0.3140330941274712
agm001628136,26.87752369279526,1.9735959981825792
agm001628392,10.561863683345113,-6.1120192978145536
agm001629463,10.953660080578283,-7.299884827410485
agm001629852,18.73099511477076,-0.9139176985494728
agm001630417,12.003397656354228,-5.2558905432600005
agm001630546,16.97314252902944,-6.826233797633196
agm001630836,17.644421281054374,-0.11983302613080937
agm001630872,21.34212626912848,3.2980889350302736
agm001630995,19.58400398189356,1.161354836810867
agm001631232,19.468817773079483,-0.08286443765330927
agm001631326,16.659080819125144,-8.935444097156497
agm001632103,13.789224776742675,-6.006157934138566
agm001634272,27.046845549680235,1.699484064318277
agm001639992,12.312553455975081,-5.932300385434684
agm001640845,18.05916693198434,-1.154475170607586
agm001641535,9.938285413806046,-5.823576557996959
agm001641570,9.64922914377722,-2.59958691892502
agm001642081,9.41206439102614,-4.331001984888909
agm001647204,11.371802018654112,-4.355754021654802
agm001655882,12.51123949014836,-4.711046708379763
agm001661708,11.270946669844228,-3.3726856428684457
agm001662821,15.368463703695364,-0.7800093347192814
agm001663000,10.064794926702682,-5.028172543691356
agm001663980,21.265541720867695,1.1872823751921473
agm001665779,9.62817482634529,-1.8108906804371288
agm001817125,23.038941034696673,-0.4470825018067508
agm001817391,23.091257311434237,-0.4154053948941976
agm001827922,22.120630150211078,-8.035620342426787
agm001828292,14.459948712773812,-0.031859439972032
agm001828402,12.842085747525143,-0.6926680596221009
agm001828718,18.55228947231484,0.8368017003386359
agm001828775,19.105678944708085,-4.801096119205534
agm001828851,21.67469557256672,0.4825727464202294
agm001828900,13.408865761305659,-4.209557553788105
agm001829200,20.47622155881805,-1.079639932743612
agm001829322,25.304129425984684,1.4816620748522946
agm001829494,10.671650178605178,-5.69904629179761
agm001829650,23.038730159984716,-0.40949819964424217
agm001829825,21.91899206351677,-0.5936695471381075
agm001829853,22.429884053244166,-0.5192578424661454
agm001829855,22.77360496862833,-0.45337065042146296
agm001830035,27.523938816204947,3.0916469288655763
agm001830256,23.143587209670557,-2.6761570401994668
agm001830353,15.634250402820413,-1.2721117353669245
agm001830481,15.320957303138641,-9.798916380600513
agm001830562,16.229658668295357,-1.1851026274377183
agm001830793,18.768350810364065,-6.18242542482125
agm001830818,18.62729447546455,-3.089828041777038
agm001830851,18.624243944955328,-3.103158297846742
agm001831316,19.89467111600452,-1.290589939746028
agm001831364,19.634507671496205,-0.8610063305566111
agm001831372,19.732806006586433,-0.8484121205682307
agm001831381,17.242853988416112,-2.923735400816137
agm001831382,18.83536503322136,-0.7682719817695117
agm001831469,17.930307496108536,-1.6431643847088466
agm001831513,20.406728036308635,-0.568451760059301
agm001831684,19.9332952267621,-1.6663996945345907
agm001831685,19.853262243983043,-1.6793847236631194
agm001831742,24.893579400154433,-0.454240331241607
agm001831755,22.911353863148268,-2.77831980213533
agm001831766,22.731449085006826,-1.092126547417945
agm001831816,22.278143131369223,-4.275773146075849
agm001832135,19.302370761896434,-0.7323229699950465
agm001832380,21.85539058244886,0.2423511036884746
agm001832413,22.075462720059942,0.3087763966623888
agm001832511,20.530551609618048,0.09430613878715732
agm001832517,21.24560028087668,0.19173040734954525
agm001832535,20.825146408242404,0.1253916362894915
agm001833811,13.811830449124244,-3.4802315841291844
agm001835229,13.844998148120093,-0.02339124710842455
agm001835408,15.727198873636711,-3.8666588589327078
agm001835613,18.759774614110743,0.2648597043343652
agm001836470,13.303401406346632,-6.55505418158872
agm001837295,17.696072613762873,-1.1636298283652344
agm001837535,23.534685092637485,1.8977753773571902
agm001837647,18.823214737212748,-3.5063275288924456
agm001837702,18.981877779216777,-0.32840746993087677
agm001837826,16.90927324688689,-2.386007999622931
agm001838386,17.5635596691323,0.8433439859344135
agm001839280,18.954616392688312,-0.7954638438223688
agm001839659,15.287989300200714,-8.890837366278932
agm001840071,21.6798540017806,-0.23478408589692515
agm001840108,21.802025772112213,-0.24476101701956013
agm001840439,18.028147870278715,-1.0089610563059839
agm001841469,21.13638821813392,0.12673051327803128
agm001841478,21.24470547846605,0.13160880250100307
agm001841506,22.75030206851657,0.7062333328336811
agm001842456,21.24008025074443,-0.5353866603731513
agm001842615,18.563741300256737,-6.758098540394992
agm001843653,19.361120760067816,-3.3197022447388824
agm001843845,22.99495301806047,-2.5484058256797675
agm001844218,19.79180970607514,-4.17739857499748
agm001844518,22.88736859036493,-0.46411692926275033
agm001844550,23.09600297368182,-0.4389343144338748
agm001844574,22.31592529699428,-0.49509679356685865
agm001844597,22.05830914653251,-0.548867325290006
agm001844604,22.192295762694187,-0.5344675958542986
agm001844614,23.605553188469965,-1.3551108339340534
agm001844638,22.393736910435535,-2.232829361172264
agm001844888,22.54852085806476,-0.47789471678046347
agm001844936,22.868544749255065,-2.1722759705948747
agm001844985,22.280358240766958,-0.5259552052262411
agm001845030,22.51088510783828,-0.5164894689960047
agm001845125,23.1654773666089,-0.40586926172760346
agm001845326,22.09693568669005,-3.692423944245959
agm001845425,23.03846710562445,-1.3793874020243393
agm001845430,22.06598553055935,-0.5706575212716066
agm001845452,22.580746331433883,-2.2163644935296607
agm001850168,10.197101352663616,-4.8709462015101375
agm001850340,18.261459651961335,-0.8767914557860319
agm001850535,22.19800125750874,2.0693476593012243
agm001850626,17.270850373450283,-3.360311580129934
agm001850679,20.265046067239528,1.960340648765861
agm001850694,15.34794903456239,1.6181988156637315
agm001850704,16.017524289250172,1.4473946395350321
agm001850843,15.055570485204854,-1.1869584226438261
agm001850928,20.800459656139623,2.126649994346224
agm001851176,22.440105794064248,-0.4996056778525973
agm001851178,22.499499835671823,-0.4962698207827246
agm001851266,21.834810179867926,-0.5564487089217737
agm001851325,22.53109229569881,-0.5086849977774553
agm001851473,12.733006596322236,-2.8153346559868653
agm001851620,20.926569603829954,-1.3595130332159797
agm001851659,17.001880004702514,-7.185423831034846
agm001851945,22.68795455440841,-3.609714650466962
agm001851948,23.726756185442387,-5.3674883300717084
agm001907207,12.652322523682246,-3.6371882805322584
agm001907227,16.587842280709822,-7.6531296684782015
agm001912337,17.36197951918837,-6.862787971518303
agm001912484,15.83089883237165,-7.976311900098178
agm001913740,19.708786342523112,-3.1319611452014686
agm001914792,20.915305015511912,-2.203438111457562
agm001914796,21.21659017730752,-2.176890679605154
agm001916123,16.040846124784434,-5.063261693289194
agm001916328,15.254534546094972,-7.43018766654086
agm001916349,14.670065960337007,-5.503153517580497
agm001917157,16.42097254839309,-5.008080377390769
agm001917162,16.502273755952768,-5.844633671032776
agm001917295,16.853588099863963,-6.113291216650913
agm001920191,16.345964802389336,-6.431110824056859
agm001922333,14.463284492494306,-8.001878502337583
agm001924573,21.468085195821388,-2.097079139693178
agm001924584,20.174491047128306,-2.2640308275393504
agm001924693,20.952550603013485,-2.4101188605732142
agm001924847,16.46005286397059,-1.847044152755001
agm001925548,15.29138672294805,-1.2811444326872836
agm001925579,16.785994983832815,-3.9487417810739722
agm001925733,24.81598361625032,-0.7340534826513152
agm001927454,15.532578471248048,-4.489304193336535
agm001928086,15.579011705474844,-5.950988147728747
agm001930016,21.72192177578773,1.3461897177963533
agm001930166,22.70517254942162,1.4684755146080675
agm001930223,22.01839825124988,-6.5900636247693285
agm001930326,19.79740154266461,-2.167289542819774
agm001930363,18.889335436261433,-6.666374903003641
agm001930670,19.19294874541634,-0.3018093633012282
agm001930685,20.55600779917843,0.14985885279630873
agm001930920,20.7483789944519,-2.241545510794831
agm001931019,15.424302249114094,-0.6566436382309631
agm001931199,21.98906261018076,-4.890501382082835
agm001931287,18.785825441220055,-4.508534687325151
agm001931619,21.17869377411431,-2.1783493355324337
agm001932484,19.68519761693181,-2.437979045999835
agm001932577,22.88342911229539,-1.6486439136924864
agm001932794,15.80141540769827,-4.678561905614561
agm001935025,14.85176736660259,-4.118623912928594
agm001935399,17.532366509333766,-3.0105829056108684
agm001935556,16.27949641874464,-5.160293911627793
agm001935732,17.584539059080583,-5.205176966681325
agm001935807,23.05682774915878,-1.6279071840273462
agm001936267,21.325161446595104,-1.6063162523602612
agm001936521,19.450724546347175,-3.774234480155445
agm001937077,23.194442427044343,-0.8747336819507492
agm001937248,22.435397270799147,-1.4237644701070944
agm001937273,22.234869330592844,-5.7042256513459435
agm001937354,22.76193529373759,-1.40123886604042
agm001937370,23.46010867787914,-2.259472961029824
agm001937922,17.618557051901796,-6.749812323478416
agm001937935,19.341027892153317,2.0299267983841704
agm001938400,18.809470364173727,-1.215207144815297
agm001939074,24.780630807745517,1.634990501566111
agm001940001,17.432524240060037,-3.1440948629596646
agm001940197,19.367790231807597,-0.3254784990071973
agm001940203,17.640565349303632,0.3166637266788488
agm001942174,21.586278627673803,-3.1714142341394456
agm001942769,18.209386753932367,-2.941834141989981
agm001942872,18.630502445874583,-1.7784002452557686
agm001943003,21.457649052442417,-2.4742845447580737
agm001943020,19.13489158312319,-2.950847595077329
agm001943049,18.083027707917186,-3.0411350421651244
agm001943387,21.351816992842373,-1.4926827993524094
agm001943427,16.46324608418847,-4.212781622958957
agm001943641,23.248790054518427,-1.8115291851683324
agm001943654,20.3986557830681,-2.3701049175063633
agm001943838,20.010699756002303,-4.81726884553062
agm001943934,20.95734044041971,-2.8524328170022764
agm001944463,17.631524477310347,-2.2254362204126603
agm001945402,14.062024456724632,-3.4380339460341487
agm001945415,13.141763623889746,-3.646004279398499
agm001947158,20.96319528543819,-1.2896477116614524
agm001947241,15.647770422435931,-4.308759903277524
agm001947243,15.7464462743097,-8.668985496856777
agm001947426,22.358353811147115,-1.272658734187024
agm001947516,20.208811878460033,-2.3916725189704526
agm001947615,22.936787351687865,-2.2244101554375098
agm001947649,18.68935294729295,0.5781725897330161
agm001947974,19.147509270185722,-5.02509116601207
agm001947999,19.21098315864807,-1.2919078453311323
agm001948036,19.9087856072259,-3.6852483050654348
agm001948048,19.587215220980116,-4.56035465494033
agm001948053,18.20900698023924,-4.671072306501327
agm001948101,20.907074352682944,-3.0128030786043127
agm001948109,19.97521163768865,-2.818276854722726
agm001948185,18.189557321856753,-3.6342002084013902
agm001948254,17.87064169156922,-6.186680573786651
agm001948274,18.672006505771183,-4.693921593190279
agm001948520,19.758909473661852,-5.533599159765666
agm001948526,22.94758704797387,-4.4201756331817466
agm001948778,22.22951298793303,-4.732841022048356
agm001948833,20.976180314662496,-1.8536067599906696
agm001949205,24.438194358462525,-3.373639838304311
agm001949338,23.53595051780877,-1.1027589546660628
agm001949349,22.710825246275846,-1.1302871123666054
agm001949420,22.423520976967676,-1.1346477713825522
agm001949717,19.29167978530885,0.34485465314403596
agm001950195,17.913419942039134,-1.4782347702985161
agm001951196,17.243961541258162,-0.9772902075873988
agm001952181,14.736948394452238,-0.1722415177815244
agm001953141,13.703035824628037,-3.8229409939303616
agm001954466,11.759676214334664,-6.8026210356317645
agm001954471,11.87353446464733,-6.78241153932354
agm001954543,16.832634975803042,-2.207560297798446
agm001954552,17.09547102599819,-2.1620900070588003
agm001954924,18.615265551874227,-2.9775942199765737
agm001954976,14.557790685244305,-6.355551617941841
agm001955095,13.473718560107706,-6.662099813563117
agm001955240,15.45741809193545,-6.650143795912844
agm001955565,23.579243788961882,4.867860755485774
agm001956198,15.202574546499696,-5.46907522539424
agm001956502,19.660870961024877,0.08674852300842639
agm001956974,17.13696645146697,-1.068852726856464
agm001956985,16.82583578017667,-3.4658124100200745
agm001957367,21.829445030508477,1.5032924716134475
agm001959305,19.171926268327994,-4.978212307290555
agm001959765,24.47578867252143,-2.5568858933791985
agm001959841,19.951175085333794,-5.796995420287637
agm001959906,20.789596844557774,-6.140269152989968
agm001960054,23.319796390063093,-0.9784537827174336
agm001960200,24.032694585407352,-1.7414561199970606
agm001960588,18.727825661075673,-6.437737982273639
agm001960602,19.089776313546096,-5.305491553996639
agm001960994,18.021012576854265,-5.889839623949241
agm001962595,21.181131702082354,-3.5168775991236783
agm001962633,20.716071144011675,-1.2342514539332834
agm001963302,21.438502902426826,-3.9257755607719647
agm001963341,23.390741018810246,2.19352304766352
agm001965852,22.361267690623528,-2.2359959062824357
agm001966353,22.6638664968807,-1.4028408130745964
agm001966672,20.852318665326482,-3.783041939804636
agm001966751,23.073005397220882,-3.2925552925227715
agm001966765,21.95163066898337,-2.744541067833448
agm001967114,24.03917654065379,2.077988594333065
agm001968431,17.170302601353686,-4.027141039070834
agm001968453,18.26923286140166,-5.373865424880844
agm001968678,19.865750332198516,-5.5727455589912624
agm001968758,17.503321108214063,-4.5378764289243785
agm001968858,18.58807578268913,-5.920810753445065
agm001969226,20.3189369733642,-5.875100154586443
agm001969279,22.781734699001166,1.714914400431431
agm001969682,17.719181607756784,-5.982482220654575
agm001971855,16.35053769901942,-5.623374231254771
agm001971887,16.1004597550303,-4.6789277697694285
agm001973632,16.33309709921591,-4.820820182609568
agm001973778,13.37741612563439,-10.469128350896531
agm001974298,22.81272554744302,-1.1271612883432391
agm001976158,22.585659812274603,-0.5019561616178092
agm001976166,22.972448387205823,-0.46453412688744233
agm001976180,23.456010399086093,-0.399247807859779
agm001976209,22.780918881193767,-0.4844416615061382
agm001976215,22.91625040144109,-0.4777062472314615
agm001976240,23.327059996874237,-0.41271705730763575
agm001976270,24.08769271512302,-0.06378215843916024
agm001976271,25.76156934996581,-0.9126039213973822
agm001976294,22.497070950784654,-0.5360177658094543
agm001976381,22.54492779782764,-0.5468312750917756
agm001976383,22.303302425467955,-0.548094053627592
agm001977080,25.735074381931785,0.4132744238740038
agm001977106,22.37454191075223,-0.5087625978642705
agm001977144,22.44173241892297,-5.208199226794972
agm001977250,22.583475814625725,-0.5086536638052261
agm001977392,22.284690350417616,-5.233765153902224
agm001977401,22.485793711356294,-2.8660683799606805
agm001977686,23.166200085419998,-0.4330427019758072
agm001978040,22.65538123727126,-0.5001707503022494
agm001978044,22.29706415662442,-0.5232381437399618
agm001978061,22.766300565177417,-1.1579153163532756
agm001978345,22.30910220993382,-1.2478283163300823
agm001978368,22.30088531380651,-0.5430710334232702
agm001978395,22.666596297084396,-1.1842651992346922
agm001978466,22.89652895251118,-1.1606474670667897
agm001978514,22.62632023189142,-0.5044450104710085
agm001979449,17.746259658450203,-4.144702755258421
agm001980239,23.149984667492138,-1.3611829844104308
agm001984398,22.833748190708885,-0.5089255375859332
agm001985178,15.441254919358057,-4.522105462539663
agm001990337,15.44414107109037,-6.752602131649943
agm001990413,14.906737451298326,-3.939431309568591
agm001990429,14.034488870070527,-4.063523945384916
agm002014356,18.719315747726807,0.012930571994640516
agm002015093,13.924996497982542,-3.111003917350302
agm002017786,18.767609302652076,-4.5619814356172155
agm002017833,16.720411238882683,-4.420731390094285
agm002020742,16.378488282709988,-3.515311612075049
agm002025529,26.43791568926096,3.839852782663743
agm002027542,16.845161060345102,-6.055740605572265
agm002030090,13.130687863292211,-5.999257822621299
agm002031475,18.831229689095913,-5.314091532274362
agm002031953,18.93193232704041,1.0872274999068092
agm002032633,12.988999974957661,-3.114411713503156
agm002033652,17.322285303009075,-2.9089607478495654
agm002040243,14.50818651836312,-3.4058024078852944
agm002041233,26.059174915441442,2.3682704458624912
agm002041311,20.538368131828364,1.5588796039812027
agm002041756,21.917154253858566,1.7238160736763088
agm002042401,21.84244996876481,1.322173825376579
agm002045531,19.696055982196206,2.401565839326123
agm002046808,16.692484120878586,-1.4882121413613911
agm002047952,18.33541633776745,-1.037506620712361
agm002055005,17.4475379979248,0.4046374294814541
agm002055178,24.03009979764022,1.8679010280414747
agm002055281,20.22808485680262,2.0762696186819696
agm002056902,18.85745298128633,-2.1566676348531946
agm002060786,25.211498636070484,0.272601395831753
agm002060927,13.434598294592426,-1.6729221161804717
agm002065056,15.033302826642311,-3.756841015899994
agm002067063,17.217397211779716,-0.8608690360516574
agm002067661,22.092444960944068,0.9977055638237982
agm002070358,10.290262347369522,-1.7129591524362338
agm002071284,10.491806091698876,-1.6127710241314415
agm002072117,13.584640807120113,-1.9683129907433112
agm002072200,10.490328538679714,-1.4120335987166162
agm002072881,9.26372146345067,-3.5000173796860734
agm002074089,10.27330081143263,-2.090821322365218
agm002076459,8.70425888105502,-6.616665820884138
agm002078878,11.297464049671023,-1.14539062067802
agm002082187,15.963641364361493,-0.9210039489457639
agm002082376,6.473351350684431,-3.1687392938336454
agm002083105,11.964323043788587,-0.9102869378353787
agm002084270,16.976086495530932,0.30428831126580186
agm002087294,19.086316605233662,-0.08536864623449247
agm002088157,27.28275941873009,2.9822749647218134
agm002088555,24.609154491541958,1.8055646784453518
agm002088560,23.10616669382478,0.7745397637144924
agm002088612,19.507821215823633,1.8939445641573283
agm002088615,19.618922997225837,1.9171648042526481
agm002089504,17.65847751878011,1.3241338508277471
agm002089911,22.7541499101208,4.842310648390193
agm002090082,18.446177224902865,0.1926815044899861
agm002091298,7.534199070697426,-2.8502367116669274
agm002091979,15.757652231999344,-0.40096726083928
agm002095497,18.077819404240277,0.18464766772554717
agm002095504,15.808120221635741,-0.6270319980668289
agm002096048,12.611861355363889,-1.5994349228123488
agm002097569,17.174257919027987,-0.24394030570105882
agm002097857,15.405815217649852,-2.2663844203326193
agm002098650,20.40649146795621,1.5177861091690037
agm002099669,16.37851273703553,1.3226456122815167
agm002101401,14.734475228599594,-9.158929721283101
agm002103144,17.719199663697765,-2.09304125093333
agm002104728,8.487328015331682,-4.683283469848306
agm002106356,10.53339609812296,-8.607347431166284
agm002109148,19.36172016485903,0.6012239189951464
agm002109758,14.69390927873149,-3.599190254865777
agm002110406,12.469313111085647,-1.1697497677408306
agm002112799,13.073086172183531,-2.083558791971685
agm002114698,15.948701353282154,-1.6267531866613654
agm002115127,8.191727408145754,-2.366799725317001
agm002126726,17.79497873795254,-1.6921554053872745
agm002131297,15.992389046062554,-0.3968689747015519
agm002131876,20.339558919045235,-0.179784371261567
agm002131941,27.4184006635827,1.4691440806450526
agm002132760,20.276883399263983,0.9176358697970434
agm002132919,19.743081537358876,-0.1353075490971376
agm002132951,19.634066760050946,-0.7115704678167845
agm002133049,18.573218998551468,-0.9564300873254887
agm002133179,19.463389068892223,-0.6905735884977412
agm002133224,19.38470119801555,-2.805055552134132
agm002133319,16.69243741849941,-1.9276118364297268
agm002133434,16.848068150626226,-1.7732404810202158
agm002133477,18.468378155718096,-1.3399295868524312
agm002133544,11.596587132480678,-4.081235284180322
agm002133783,15.143067942929708,-0.7429414179834481
agm002133787,15.769990207992773,-0.7031365764053923
agm002133856,14.90307111178472,-1.9884665824851673
agm002133902,16.90975030755716,-1.5863094349969915
agm002134365,16.862059416208968,-3.312590499776296
agm002134375,14.581192015108211,-0.665878322784685
agm002134384,18.775689766665927,-1.0311609660959529
agm002134391,19.827361406772162,-0.85191521079821
agm002134494,21.26924231233918,-0.14582563870736287
agm002134647,13.54785723139308,-2.2197943651426977
agm002134714,19.883848118330764,-1.0328565924144093
agm002134736,10.369023925241141,-5.511405554111673
agm002134830,18.771077401305497,-2.622677616587424
agm002134865,19.54505240185168,-1.1221784091416254
agm002134928,19.12703018714456,-1.1385223666749038
agm002135323,16.88436240017051,-1.68517898489957
agm002135328,13.727425678937347,-3.871415777866922
agm002135631,11.203307807548093,-5.141675678808792
agm002135645,13.224872242704981,-4.91751279743297
agm002135720,21.934346855587453,-0.9120364134902896
agm002135777,19.869238593759302,-0.4740071362676823
agm002135967,18.003634945428782,-3.356428677260068
agm002136059,15.434407526044973,-3.447647835693894
agm002136066,14.22864291658658,-4.373593712804768
agm002136244,17.418753846180852,-5.356907359407453
agm002136280,19.583949675853734,-3.2310461133799504
agm002136356,23.221086568273552,0.6375549954824843
agm002136678,21.01842123288604,0.019090927086129472
agm002136763,9.590371921584032,-5.782920315827433
agm002136849,11.802663716934676,-6.139366134892062
agm002136925,11.313922666600094,-5.658567427712967
agm002136926,9.939188108084764,-5.34274341237273
agm002137013,7.163446484122442,-6.6685664405865355
agm002137173,8.545695288123126,-7.011568144427746
agm002137219,9.259205334390616,-5.8754989064145855
agm002137730,10.177599759839236,-6.324825208444609
agm002138016,12.903891476985018,-4.578633317457973
agm002138019,14.192170791228381,-5.7954468497613565
agm002138327,23.34057255927341,1.789725166452173
agm002138347,22.390177873424516,-0.6387471523247156
agm002138673,13.200998651991078,-1.2941818564645076
agm002138718,10.518487474910316,-3.933119058991581
agm002138873,14.737517543023804,-5.85771571712196
agm002138913,20.918761617243653,2.195694038791624
agm002139045,23.65931138066155,1.2935264702510003
agm002139552,10.804587196136794,-6.216637948091911
agm002139660,12.336107098756372,-4.554192246852325
agm002139868,15.934817537873093,-3.403681739301297
agm002139869,16.155446570394272,-5.300382834521176
agm002139926,15.320007320720727,-4.409758227386937
agm002139936,9.54655307281279,-5.265583845710879
agm002140465,13.042233031506171,-6.440792390533329
agm002140466,12.646104633354202,-7.7178491849273
agm002140556,14.42223221308732,-5.8348245179290785
agm002140557,13.939490385504856,-7.101791945651332
agm002140752,18.963107268032505,-8.03206994413641
agm002140805,19.59516620766364,0.7235677025258007
agm002140813,21.736561118558605,-0.023967284225195673
agm002140833,16.961639470072072,-0.2596740386129401
agm002140871,20.50374876772544,1.4660309874509703
agm002141129,23.91013039772303,1.7446778027851497
agm002141175,20.08895304401387,1.088173488494642
agm002141179,19.564713101083772,1.8085702119928948
agm002141318,13.926083310800033,-3.8379171582543705
agm002141362,17.543779156272343,0.7832300443434285
agm002141497,21.20970894828678,0.22010449392830234
agm002141503,20.4132011442465,0.9016001133381941
agm002141542,19.741719254757523,1.1386967737557359
agm002141660,20.553852863329617,-0.8294239253431405
agm002141845,23.016191922229705,0.8652795482334845
agm002141887,15.326081000562864,0.9891412576986346
agm002141900,17.13730450077324,0.4733793676738811
agm002142051,15.996714045978408,-0.33894869807812533
agm002142052,18.859960068155885,-2.261254678223732
agm002142192,18.89715868659024,1.5004575631313943
agm002142244,22.873184911768522,0.7953479416481327
agm002142371,22.053395562122184,-3.0193098886539613
agm002143075,22.21664995048638,0.05124175596716244
agm002144500,11.913540624468581,-6.0146701409630765
agm002144587,10.56946551404806,-2.2210207989906334
agm002144953,13.866877602424603,-5.597781855773627
agm002145467,10.119140168345025,-6.029356408232887
agm002145832,16.740092396311734,-2.0157435652040627
agm002145868,12.321961037612507,-2.958797993422918
agm002146093,11.128924352642295,-2.3725873425761703
agm002146260,13.334906389943912,-1.96616687407188
agm002146261,13.522413754915027,-2.280568369662323
agm002146273,12.72271245967905,-2.241925861627704
agm002146384,19.935041166734106,0.6884463692587424
agm002146581,17.874346954192724,-1.6415844190976894
agm002146700,14.15723989159096,-2.6108331484809604
agm002146959,17.259913672010676,-1.8365957040321117
agm002147106,16.113675500010483,-1.2545931711755856
agm002147119,12.031602087198381,-1.2627795659747403
agm002147143,18.580738502948645,-0.6982548841115066
agm002147362,16.667773199927407,-3.7673600559810048
agm002147375,18.040513661010408,-3.1674425664016663
agm002147416,26.797373375242817,-3.578707685971928
agm002147571,12.42724935763856,-3.910871564680523
agm002147574,12.50541114236676,-3.322787983412198
agm002147643,13.062631901715656,-2.2788916695079404
agm002149311,16.059362871374862,-3.974931587591676
agm002149345,17.080455423518362,-3.5338789672834827
agm002150180,10.536803720181478,-4.882398503936645
agm002150290,15.103522494146446,-3.242373146515554
agm002150296,15.008665759678006,-2.5792961867745468
agm002150664,14.319742946645443,-8.519210163186372
agm002150959,16.01560504393331,-0.1846091655883034
agm002151266,15.764707827949533,-0.4055032998259044
agm002151487,21.920934959863786,1.531792404767585
agm002151493,21.45369168303967,-0.29146962359431033
agm002151550,17.811447662676514,-3.1974960423514713
agm002152086,15.997319498414123,-4.69078207728617
agm002152192,15.306013656941252,-4.584245284551044
agm002152259,17.810880117017714,-2.12136364344854
agm002152284,17.256565387172486,-2.471780918121856
agm002152406,27.123813078921156,1.8580041540852434
agm002152660,15.39912697806173,-4.345420159421834
agm002152664,15.862039887485919,-4.253189730290288
agm002152760,20.2867624200909,-3.001530014982086
agm002152887,20.947737652123784,-2.1404927033770726
agm002152998,11.31480699591546,-3.6671799730332806
agm002153127,9.121540294228172,-3.864932956268021
agm002153375,7.318365173713997,-2.556940073834939
agm002153735,15.463865014526153,-1.0764602204535634
agm002153805,15.275181573538575,-2.6153233044960174
agm002154074,8.228297922913601,-5.494940422963039
agm002154160,13.738905525829777,-2.937062359935549
agm002155135,23.878585184967466,-2.2620478386794685
agm002155445,21.713897938267717,4.705827131233162
agm002155925,25.506549090670966,-0.25071365885563335
agm002156045,21.032211945701054,-0.959179380320902
agm002156108,13.47216246987185,-0.4595461631503124
agm002156115,14.103997280891297,0.09581241805123186
agm002156166,13.451577328877953,0.04827054484749249
agm002156355,12.732201272720491,-0.6589642688784725
agm002156372,14.262095359474172,0.07861442689317188
agm002156397,12.193737128983885,-0.19462750383094063
agm002156402,12.133832386949106,-0.6791192899747898
agm002156447,11.173275739671968,-4.764329420042562
agm002156536,10.421644076370065,-5.985072629077249
agm002156699,15.618586101811097,-0.228084361545271
agm002156754,14.3629480181594,0.07168717650261369
agm002156835,15.087492845800382,-0.27704777158333194
agm002156853,14.180015138729685,1.0695846375811133
agm002156902,16.172882842617245,-0.22957994455078445
agm002157013,15.45448705309177,-1.1103751658891061
agm002157385,13.224782227666639,0.6999674220633926
agm002157516,10.532446929278372,-1.2108676343318026
agm002157618,10.007484082734276,-2.338598304195536
agm002157853,14.432300953968804,-1.0331623067902713
agm002157882,17.003195314552332,-0.7947901294561115
agm002157988,18.563451556825914,1.2452331697162826
agm002158075,15.875388907470805,0.40397608204358004
agm002158101,17.64161662474632,0.06132450819490032
agm002158224,17.564346824234885,-0.9485163157656742
agm002158347,9.47469452156113,-3.749901730664291
agm002158660,12.128218022037464,-1.279701833555144
agm002158905,14.063594174942711,-3.7855654237334355
agm002158969,15.64026629003116,-2.655316859339473
agm002159315,15.597399444351405,-0.5296869694294952
agm002159570,17.32002270489681,-3.708431840510901
agm002159582,16.36045055493746,1.322355897871505
agm002159627,20.422466002545725,1.1583062483081057
agm002159641,14.719280995088324,-0.5324280414536462
agm002159697,15.828526651002367,0.5781756809756837
agm002159854,12.059135127795486,-1.6564735996165927
agm002159865,14.517222790007061,-2.8983877571995236
agm002159890,18.36757094165586,0.6755522196203655
agm002160057,18.27486188155631,0.7423995596349654
agm002160083,17.42311564463168,-2.6261614085223903
agm002160096,19.742273777753372,0.537215396109754
agm002160243,15.649641853802997,-0.6571337625882592
agm002160313,14.253475405953578,0.8355917867969239
agm002160384,12.210664606150736,-5.038220500344803
agm002160501,11.908331681778414,-1.8242237073369438
agm002160650,18.7683345758873,-1.469100550175202
agm002160667,14.777320295121429,-3.016511623683885
agm002160682,16.58957877810859,1.7623303978899474
agm002160915,12.229284572941495,-3.25603902991784
agm002160919,12.563123254664257,-3.168799615631612
agm002161013,15.862273430013957,-1.7708480800028283
agm002161228,15.722360727435543,-3.6971945298333813
agm002161446,12.419486141503095,-2.4209349242942984
agm002161570,14.53845765276166,-0.08135138909270741
agm002161583,19.232493867912726,-0.06020668424785747
agm002161637,17.72365124264281,0.17208547570781718
agm002161727,9.910382041715168,-7.504631891766131
agm002162266,15.861819021804953,-2.6218029455512895
agm002162646,14.303240903984166,-9.322603865622803
agm002162905,16.167069377440935,-7.19444930148976
agm002163007,14.189573841645316,-2.4110883542230432
agm002163036,10.917694567893856,-2.797072426860002
agm002163050,14.601554067713053,-3.412762681716656
agm002163362,12.728237317070485,-4.613608540904419
agm002164344,16.277501415736072,-4.128685441892486
agm002164389,14.211286923487178,-7.289487785106094
agm002164397,17.333221553973637,-4.956142168685104
agm002164449,10.43168593652178,-9.041399473084562
agm002164626,17.717825829648326,-8.24089575378131
agm002164662,8.698259222165905,-7.7564557029298475
agm002164804,11.916723150082923,-8.290065009858278
agm002164859,10.408171860571612,-7.539496237044544
agm002164953,12.394015742074634,-6.791252098214073
agm002164998,11.01143696998354,-9.208991807991513
agm002165265,18.742712347502913,0.8706857477930212
agm002165313,15.709303654960136,0.34816282674374577
agm002165903,17.842604220320517,2.436518966713851
agm002166317,18.846236471864827,-2.719840976252124
agm002166403,20.159399747346978,0.9959811320259822
agm002166498,19.095753697804973,1.2585884499056395
agm002166694,14.854097260710816,-7.795445420138875
agm002166836,14.278390536304318,-8.700233100859009
agm002166960,15.106337743148465,-6.442324677191975
agm002167004,19.178946225539175,-1.312166558327058
agm002167407,17.910911298158226,-2.467991028148723
agm002167527,11.886086090488936,-4.467356012020596
agm002167583,9.956857163774556,-3.6864259253715206
agm002167607,11.540749843141533,-3.1617797111407286
agm002167744,12.609180481217619,-3.0392616221035698
agm002167922,22.079339024201065,-0.18361624103188773
agm002167984,10.070596962707558,-3.2737616911222798
agm002168236,15.558401340808501,-6.2886891962236815
agm002168338,12.818380127026725,-6.013259654690357
agm002168426,12.956678215817275,-3.182805804859372
agm002168428,12.956639501929693,-3.184127916243079
agm002168548,18.69534389465025,-2.931633750804728
agm002168576,14.00526936554754,-2.486110214621565
agm002168688,18.655727276930623,-1.1269370020598994
agm002168852,13.401236151141179,-1.2733505808138332
agm002169502,13.358453103797688,-4.80526820213116
agm002170053,11.24978012215959,-4.454762970458777
agm002170203,9.821728722189066,-3.6691746244508
agm002170337,12.451762455287968,-2.8091433449655128
agm002170396,12.012731640516465,-6.369475440895124
agm002170595,14.321613607655513,-4.64704616230432
agm002170822,13.162081969984513,-6.54878592297772
agm002171803,11.188366671463479,-2.999208145147899
agm002173221,10.252454156704808,-4.7042693469205235
agm002173240,10.077553083079541,-4.431502784014209
agm002176088,16.193995562093285,-2.5084798602876996
agm002176125,17.026192996107373,-3.663552236749775
agm002176251,15.065755860929377,-4.330217307519932
agm002176429,11.719737082526523,-5.765419221848306
agm002176638,9.976502783741859,-6.170212636500645
agm002176774,18.15713459536783,0.361359398702571
agm002176892,14.399212784857717,-4.5842552182793534
agm002176925,19.594618288556834,-0.9429481238033244
agm002176935,11.72176884295928,-8.47387421408512
agm002177918,16.37618332061458,-3.165365207246603
agm002178262,21.239954847148784,-2.054188398678921
agm002178274,17.04289369433117,-1.2236805042580028
agm002178521,21.13938020573875,-3.1854831861107042
agm002179078,16.644285325134575,-3.921221761825013
agm002179104,15.276536186732212,-4.129733859084768
agm002179175,22.483047938651243,-1.8258203256825012
agm002179316,23.842261449975602,0.47737811071383174
agm002179568,14.207985959470735,-2.300407446823906
agm002179579,14.746464925142922,-3.244829974092319
agm002179733,21.242447634246595,0.13848496346712266
agm002179764,17.450673076566645,-2.8549890034438303
agm002179778,18.870402909350187,-1.5122198309318748
agm002180017,23.5435255715249,-0.41437387109744783
agm002180168,18.044947345693178,0.6258103099132875
agm002180284,26.975627007996167,2.146043531169145
agm002180412,16.132509267571603,-3.3017602030383055
agm002180504,16.826573545117427,-3.1169858002237083
agm002180631,15.897644171677136,-4.6406204162802105
agm002180720,17.181361587403668,-1.7172829304896844
agm002180801,17.214939893945807,-3.377013686825322
agm002180963,15.80003951145693,-5.441571250912852
agm002181018,15.54918111399412,-4.726373817742723
agm002181280,21.686864160887207,-1.2677109783765814
agm002181513,14.444993111805891,-3.3052025231605695
agm002181786,16.186874215071317,-2.1423615974284314
agm002181825,14.133398026441716,-3.1262063254258057
agm002181889,18.108412504010545,-0.75419342347126
agm002182239,14.239452554817108,-1.8557404415580414
agm002182336,17.388414573588943,-1.0321137663917603
agm002182457,18.4078840398663,-1.0690539971343025
agm002183009,15.066916769738713,-3.4760716742351483
agm002183222,17.324946753342395,-1.2529999086143622
agm002183264,22.885627743308394,0.5973030349886231
agm002183423,20.2950137813701,0.024165849140142016
agm002183503,16.21168434120431,-0.7226682525978267
agm002183792,19.706180163833285,-2.676122385040092
agm002183812,21.09922511401839,-5.367793359507613
agm002183970,15.594497628501161,-3.3303147137356106
agm002184044,16.228575450251903,-3.802286535269037
agm002184147,14.168474817809406,-5.447211662828546
agm002184361,17.21006722475562,-2.50924182626964
agm002184467,14.570572273014584,-3.2369059908813127
agm002184487,15.630859784988735,-2.7787053735941414
agm002184543,21.870643896363024,-0.7675397312908454
agm002184819,18.77539045029314,-1.8446470399444181
agm002184935,14.551707074558696,-0.22433879661594336
agm002184983,21.28814577931333,-8.810782666363187
agm002185019,18.977677905715222,-1.5077942501483679
agm002185151,18.055316991329963,-3.3723497459155745
agm002185264,19.154632946464677,-2.6028665895282534
agm002185710,21.660604536456987,-0.2874096286567558
agm002185987,14.918139504118688,-3.2634580139476546
agm002186368,15.23151768899154,-2.840875709533893
agm002186413,16.36522198462081,-3.5229212313023717
agm002186560,14.24337310862379,-3.9699452257418057
agm002186615,12.39730505282341,-4.7517289844599295
agm002187373,16.415981709871094,-2.9235936589969165
agm002187617,22.65655195270654,-1.1091771080337207
agm002187852,16.050451625169277,-3.3616344764792925
agm002188117,17.52551003955901,-5.246344234504959
agm002188288,14.847537649678772,-4.4731396771876115
agm002188371,13.586687331558286,-5.486621203937155
agm002188422,15.63249956720515,-3.4392014842587533
agm002188650,14.879108586036187,-6.59351300089485
agm002188798,21.475196888288487,0.7248165519407657
agm002188850,20.62966900698362,-1.2207156947726847
agm002188916,20.35521022254019,-1.1992665141729741
agm002189069,18.564577226868078,-5.576997594458656
agm002189079,18.862476998020156,-5.198166121079503
agm002189100,24.873601845234386,1.9265433767611928
agm002189480,29.72991036121851,2.1370698317306225
agm002189483,33.01122014901352,2.8397031470998004
agm002189498,24.461438236110027,1.1489034520416324
agm002189504,21.749811911308207,1.3012807764596128
agm002189559,19.239187914469912,-1.0905400322622192
agm002189741,16.17619015399619,-5.915991165980795
agm002190140,23.277313136135223,1.1044923585895774
agm002190369,23.06872671026264,-1.1748423825453655
agm002190385,23.91652588862575,-0.04780789810743187
agm002190418,25.228212975596403,-0.9328593842573905
agm002190645,14.187401646251878,-5.644684465201922
agm002190697,14.506759715429256,-7.192978651168595
agm002190782,15.801267714861304,-4.230886358129656
agm002190937,11.246788820681106,-4.609268632443095
agm002190991,12.547592159517405,-3.244739580245651
agm002191120,15.539499892389609,-5.581602575414096
agm002191306,14.051801138308804,-5.5697079619859
agm002191399,14.825116996044807,-4.356063988600949
agm002191518,14.398574391440741,-2.86602444843702
agm002191590,24.08212589778655,-2.037039059486446
agm002192446,18.718397968618593,-3.0646701595182932
agm002192451,21.101982747047874,-1.080736248918735
agm002192497,17.257137953038765,-5.450904527905025
agm002192705,21.174559392594922,-2.6444371125027164
agm002192810,23.16923535808054,-2.1239109619091954
agm002193000,17.01177273943457,0.150885560974482
agm002193002,16.613900031392834,0.06460832589557312
agm002193190,12.867996988634411,0.5268935461529183
agm002193322,13.845771717367107,0.8163440091520675
agm002193508,18.05503550891085,-1.6868312161122616
agm002193620,23.974585329292818,2.197512837542168
agm002194609,17.732904302873298,-2.413004403188884
agm002194750,20.28649367859623,-4.725447948245054
agm002194774,16.28628904066256,-0.42906590216380724
agm002194849,21.427823486759827,-3.8185099342505557
agm002194873,18.445419203700112,-3.4900520555677463
agm002195580,15.915870931803061,-0.6792008510072673
agm002195692,14.3935559021631,-2.0398310638710253
agm002196070,17.852036617464965,0.13860770845053522
agm002196881,16.79131801654246,-1.715970154733439
agm002197062,17.54202962792069,-2.188970972377886
agm002197303,15.645155997272122,-2.7918025873479166
agm002198044,14.217031821219742,-3.6237843625657917
agm002198237,17.76406333427664,-5.414732594346104
agm002198239,16.710709984340816,-3.6251464833968328
agm002198370,17.765292844759745,-1.7551813845823765
agm002198542,23.044392454297128,-1.1398540823187253
agm002198643,23.725770010799273,-0.9934719071778509
agm002198783,18.73422783911492,-2.869691881816577
agm002198979,20.714240312755777,0.34482621341678116
agm002199124,15.707446973186109,-2.4030231805738684
agm002199246,19.26580788653538,-3.703080762676205
agm002199380,11.623936383844455,-5.032064013943006
agm002199437,9.823205645117852,-4.973215167389225
agm002200004,9.68778827953784,-6.111420097583507
agm002200026,8.995352263132967,-7.2199748667726205
agm002200756,14.040468750665173,-6.5753902167702565
agm002201316,9.2275409928928,-4.323379591993391
agm002201321,14.713971325690428,-2.4718418315757784
agm002201398,20.92784851235104,2.195664577539224
agm002201433,20.910573760085995,0.16107374482071832
agm002201918,10.768850065208682,-8.74940068255022
agm002201933,10.545475538381003,-5.583574803515291
agm002202332,18.690861367304453,-2.7747464606879615
agm002202336,17.11387524903428,-1.9721116445634557
agm002202482,18.643811039125502,-2.8680417994689575
agm002203153,17.196628495578942,-1.2632347749480002
agm002203187,16.330532918588293,-1.0844161876779412
agm002203325,20.86316520725746,-0.2835666674616874
agm002203339,17.60007100893791,-1.8861689683604446
agm002203351,20.156347683772022,-0.6861217428171056
agm002203754,18.387342616164272,-0.9445853221733347
agm002203815,12.725685205266272,-2.546160309468833
agm002203864,17.60805642479683,-2.027804653535566
agm002204065,21.35836523855951,0.5235157471039287
agm002204244,19.88033720745421,1.1482991405335707
agm002204415,16.839032598351192,-3.0070091734083086
agm002204507,16.2604373448418,-2.475698069049362
agm002204511,21.0030031636448,-0.7893074767126915
agm002204619,22.833842612423684,-2.8776044738731135
agm002205138,19.57061157660095,-1.1504679566020808
agm002205368,18.223785654725265,-1.3015523907200823
agm002206118,16.115943126780685,-2.726928408137136
agm002206752,15.2913030533767,-6.379906935166007
agm002206753,15.987434655107887,-2.432057991027789
agm002206913,15.36020509058845,-5.917969628434897
agm002207503,28.20835883144278,3.5799193112072705
agm002207636,15.779802067033367,-1.7875579335311342
agm002207642,16.99972049119534,-1.5702976669370472
agm002207652,15.642511746095911,-1.7809999803331653
agm002207835,17.880654566393797,-2.0390395056010022
agm002208047,13.108285814214204,-1.6912913030129602
agm002208109,13.595431782468902,-1.7955626529725566
agm002208474,14.566760432074567,-0.7553526114104588
agm002208593,17.21489174587099,-1.5868112705931747
agm002208747,13.225151903461237,-3.795945461632931
agm002208780,19.85539881222528,-2.486210762236695
agm002208929,19.511191017494202,-1.537442518663024
agm002209057,18.61309319559991,-1.293996593597597
agm002209087,21.13106747920808,0.1958319433202984
agm002209217,13.961509482994686,-3.162433513022504
agm002209291,16.303671921179976,-3.4581673769187904
agm002209525,20.130870824611197,0.5432568386576837
agm002209585,25.199575381324525,-1.4664035519657692
agm002210965,22.61721065101151,1.4352870775302722
agm002212142,15.269769951847916,-3.264408192536449
agm002213018,16.44376048206571,-3.068792076391066
agm002213524,21.801090443117854,-3.3937014557166845
agm002213599,16.130378540318976,-2.377078816811373
agm002213606,17.16995886000939,-2.1712128489070395
agm002213693,17.8353634573015,-7.479715254688362
agm002214067,15.802098610559229,-6.353188303172821
agm002214173,17.72382177139284,-1.6730770734951879
agm002214197,15.203307955836301,-3.3158130884188246
agm002214286,16.28558952060526,-4.982194815723527
agm002214429,16.69012006056706,-5.159213322749041
agm002214757,22.431855083983784,-0.8960703053127993
agm002214772,20.92267325856508,-1.8917414171836768
agm002214829,18.272163976882066,-4.83027114570922
agm002214852,17.918693553015885,-5.108728708803008
agm002214987,19.281471672628765,-4.665778553249604
agm002215267,18.338538785483177,-2.513257651796966
agm002215365,16.775136764286472,-2.9417827501280747
agm002215569,18.134100380666112,-7.165693288664097
agm002215653,9.619395134545362,-4.529825290002417
agm002216382,16.825500611601733,-3.1353381980886232
agm002216895,28.82455256169726,2.732750255024537
agm002216947,23.223020986162382,0.13132734750214725
agm002216984,19.44800971567339,-0.3436097029165743
agm002217255,20.531841516961023,0.03388750244041061
agm002217274,22.95731953137967,0.5445260865418226
agm002217439,21.979279957236617,0.09712760643321398
agm002217705,16.160880114467375,-2.7652306957042123
agm002217714,22.952758400016116,0.7243461976275309
agm002218003,18.045221670557932,-1.4268350068536968
agm002218072,26.63718414691421,2.486062299472098
agm002218211,14.520000793967606,-2.9306894089965305
agm002218466,10.397936592669422,-1.4404984865346917
agm002218477,10.887303691856069,-2.6747546135899003
agm002218530,15.941935980742164,-2.671320866491488
agm002218567,11.40229553629893,0.2966472068561424
agm002218652,18.976212387811366,0.6847837945009987
agm002218949,12.5418717223916,-1.5336745706316526
agm002219166,14.709426874578925,-2.360676357019592
agm002219177,13.19430781854904,-2.957138955950753
agm002219300,16.980405756695056,-2.022693036434046
agm002219309,14.217891086932838,-2.3269270778580737
agm002219530,15.93400421058436,-2.539679900467823
agm002219584,13.876067832710318,-3.9527260069468215
agm002219639,12.64814344987684,-4.071622951229261
agm002219647,17.988320007521455,-0.19676565863223489
agm002219780,16.78620784694487,1.1747865355311484
agm002219781,17.746448178022856,1.1224999511600933
agm002219891,23.121513487627492,0.4395499325135276
agm002220314,12.27759520864822,-3.8570527271417636
agm002220382,14.473784178037757,-1.3219760141763603
agm002220436,19.36199797880589,0.3612235488426836
agm002220564,19.42862362955753,-0.4241466895848869
agm002220631,19.257890025940583,0.34912893260196043
agm002220820,16.650517706212202,-3.249875358614736
agm002220984,16.741342802857908,-3.2263584801403766
agm002221046,17.44451361237627,-2.6368367623281497
agm002221136,15.84708432667113,-1.3667894981924267
agm002221461,12.678874780214956,-2.7196056939657676
agm002221463,17.094957992793425,0.5836027789979923
agm002221623,16.175219600005644,-5.791929199596694
agm002221637,16.859452431324957,-3.7483443680056254
agm002222472,12.0218240563855,-4.434978678049863
agm002222576,13.424974059455506,-5.253669665706747
agm002223010,15.093201558018905,-6.005497311963222
agm002223034,13.026408065803544,-6.582359086709554
agm002223144,12.110271144853147,-4.843291013883249
agm002223823,18.780214843850878,-6.474915466065475
agm002224156,16.980782329617625,-6.277538547022847
agm002224331,17.817370640460762,-8.805692902672837
agm002224407,20.969087661676546,-3.711544078372966
agm002224582,18.89451076703792,-6.223780208624898
agm002224796,17.5228129033653,1.247623331867417
agm002225064,15.773785992021866,-0.6766413520461819
agm002225142,16.031401359017657,1.5019225869372104
agm002225198,14.345864835365843,-2.371176707062567
agm002225235,14.822434278883616,-1.8379197999603551
agm002225498,20.556772172605648,-1.5259056460996683
agm002225654,15.054867291002473,-7.846382620939664
agm002225947,12.307087625631281,-2.970524260838101
agm002226069,15.943486021564453,-2.988935090917131
agm002226257,17.17137488189671,-3.4389820083734235
agm002226397,15.860072556271785,-4.165364740003117
agm002226415,16.495663732562555,-0.4349049674884373
agm002226433,12.208782628607198,-3.289106232649889
agm002226436,12.596760564161961,-3.207189155646729
agm002226441,12.805059225748202,-3.6910285509112324
agm002226449,14.389446291697993,-3.3323749238441165
agm002226968,14.654554721718378,-2.5639129749728147
agm002227501,14.2884584596163,-7.735565824217342
agm002227540,18.24698785639811,-1.9483677374673511
agm002227636,13.704206435011498,-3.9293776926083237
agm002227680,15.271336179194334,-3.1662070809915988
agm002227721,12.78346228005433,-3.8539393014266974
agm002229172,11.52594322037485,-7.53786749244514
agm002229411,11.307966927474448,-5.1416514667504005
agm002231353,18.880389741206315,-4.390759851273166
agm002231520,18.40694423968984,-1.4487689321292003
agm002232220,14.605722465637347,-3.0497198288374268
agm002232247,12.200917338230692,-4.9364141675641795
agm002232251,12.347249149913683,-4.918824566974846
agm002232271,12.827482374439139,-4.882207173793444
agm002232493,16.05618323301755,-4.329198432227775
agm002232515,14.616213967211232,-5.430815150124405
agm002232596,16.173092170653103,-2.2720220281837338
agm002232712,21.6155750750362,-3.5952005795834374
agm002232744,15.416054041703822,-2.472532329551329
agm002233433,21.3500249778137,0.5304361369924576
agm002233446,16.032050543802466,-4.3601429973051
agm002233460,15.692577991033135,-4.376240023655108
agm002233928,13.128224064157493,-4.345359316885912
agm002233974,20.187643234116617,-5.193781625897611
agm002234193,20.092106955788747,-2.319014893751841
agm002234243,14.524365380919594,-1.949013572011312
agm002234338,14.436119287770326,-2.6398376971165827
agm002234751,16.549825262464154,-6.021520940375441
agm002234836,17.87936358609058,-1.0962466387629195
agm002235583,19.242924532305373,-2.8343852956563365
agm002235588,20.44401311130264,-2.5628096756290994
agm002235839,20.697167123821504,-2.5311892631951225
agm002235979,17.905416750304806,-7.966478313501835
agm002235998,19.97072642483163,-5.940700527978897
agm002236285,19.425590716611964,-2.71331376383443
agm002236681,16.29507550228638,-2.4519675629361672
agm002237495,15.012315570787372,-4.774061558098168
agm002237551,16.07521799205608,-4.568984054407578
agm002238421,13.37849444066426,-3.740272615957224
agm002238510,16.213013421451297,-5.565587957661229
agm002238563,14.429690282036299,-5.047964112347954
agm002238619,15.024960926909896,-4.643737193909348
agm002238925,16.303083067674415,-4.936225568875763
agm002238976,11.350010936558325,-4.876628744989847
agm002239100,19.899644100767777,-2.341573368458653
agm002239115,21.40689771012297,-1.282296366057572
agm002240001,16.484138202032433,-2.488046539995272
agm002240656,15.45239825136847,-2.840402775722733
agm002240834,15.093519733634963,-2.976278772656201
agm002241057,15.460225912915453,-3.0464006161951427
agm002241510,23.947574494792047,0.5362135043187349
agm002241566,11.606901223135308,-4.548823805943942
agm002241857,27.393042757929347,1.6872802370267774
agm002243047,17.159284632848337,-6.5387479531577055
agm002243904,21.278051632055515,-0.3647154872867575
agm002244047,23.16012484872449,0.3248735439284019
agm002244157,22.48239076009688,0.3713340285488953
agm002244579,24.414479772301153,-1.1085218300043915
agm002244648,14.15044358164338,-5.031606331678232
agm002244805,12.164865455166732,-5.009914053103011
agm002244849,13.230150349239482,-4.625079131689847
agm002244894,13.020210786106208,-5.148329968071943
agm002245320,11.458424631036822,-5.183440171178454
agm002245684,18.514391632297993,-2.6984106702353388
agm002245708,23.61201917635838,-0.7567146456092338
agm002245757,17.00348769454985,-1.6666210807081634
agm002246291,14.214594958757893,-1.4464162428248393
agm002246435,16.314215032432383,-3.3404976006745044
agm002246553,14.041191056583813,-1.9862972165217585
agm002246612,20.675948813260668,-2.793588795351225
agm002246728,17.596207463746634,-3.2745618713234483
agm002246752,17.93662728327079,-2.7437539837615317
agm002246764,16.544655285463453,-3.0383108519144453
agm002246800,16.976607156287546,-3.136282657519763
agm002247024,18.2997008653498,-1.4114734798983668
agm002247436,19.247105006733133,-0.7326134656440244
agm002247473,18.149946571260195,-0.13115441934202732
agm002247485,24.20507143867632,0.813249838801417
agm002247667,20.989703373766115,-0.4463548221262095
agm002247726,17.436678946239677,0.06103383757591896
agm002247733,17.6579541331207,0.0841778199729526
agm002247768,17.87504757462526,-2.2284735585541045
agm002247810,19.085223700810268,0.5608160033614702
agm002248287,17.40477160541999,-1.1244287771347126
agm002249474,16.43699938380217,-4.163746471780125
agm002249498,19.99723483205263,-0.6073707832135232
agm002249715,16.52026089415554,-1.697017657421085
agm002249719,16.3252967882456,-1.8051440339388267
agm002250184,14.637342140551802,-2.6740384639541666
agm002250249,16.945517075017403,-2.666103619904092
agm002250419,16.241909015456873,-1.3358193739353499
agm002250652,12.35559382212181,-6.07204738181041
agm002250858,13.33425473534888,-6.314924893240897
agm002250859,10.62551260433583,-5.080704283894257
agm002252667,15.672397528878387,-5.16758766250518
agm002252831,17.103274404058432,-4.208818838768893
agm002253192,14.754166018730128,-2.535339325467101
agm002253433,19.489952496852375,-2.749934817950848
agm002253723,19.743593308242147,-0.6340935363503934
agm002254408,19.00946927138996,-0.7202552882967517
agm002254527,11.967365768596201,-5.667764403045519
agm002254762,7.468705805324149,-5.723987244675606
agm002255292,14.078348537166965,-5.3679545521316
agm002255542,11.313893141367911,-5.734123258518004
agm002258039,22.250075088097546,-4.500737180539957
agm002259699,20.890397184432636,0.7608173597910485
agm002260090,13.121458129917947,-1.1318930776077971
agm002260342,12.67530863361039,-1.7855600457363041
agm002260469,23.240394467382362,-0.3609797393293744
agm002260473,21.556398012316876,-3.6998486592689956
agm002260564,14.696588407479766,-0.7793720581318443
agm002261483,19.35958889390233,-2.73771928879189
agm002261579,22.823609490513725,-1.2675757145267954
agm002261915,19.600443050633814,-1.9591672318844893
agm002261986,21.62579393767798,-1.077037676838779
agm002261998,21.095548138563853,-3.571303660359072
agm002262275,18.364931516698054,-1.2970291884608578
agm002263045,17.877412513341124,-2.3440234613139923
agm002263104,15.086103210483207,-4.064889109303185
agm002263286,15.933658687215555,-2.3833261409956674
agm002263310,13.961086363913129,-4.54225913334105
agm002263369,12.869524888498068,-5.517237582448602
agm002263378,12.376633380100253,-4.912922430643937
agm002264516,13.936843409278122,-5.9167923761519585
agm002264645,14.691160972039304,-7.366857711341636
agm002265031,15.560404339590548,-3.0891895648315533
agm002265903,17.280418156303284,-3.4106476652124393
agm002266630,17.312957665499344,-1.669782818881578
agm002266715,17.699390259254265,-0.9918589461542563
agm002266754,14.17414941106486,-3.029033458333418
agm002266857,16.90825919791929,-1.8506667203444447
agm002266869,18.601953601548225,-1.5565052068056677
agm002266998,14.344490601630426,-3.0219445247892516
agm002267131,13.299174650940857,-1.5651318845570603
agm002267147,13.529650924604532,-1.9765883748791564
agm002267233,13.056522846245207,-2.1850024469260876
agm002267242,12.584663265700271,-2.250956126654633
agm002267460,16.006762872772875,-5.542498404458702
agm002267557,20.84829106659493,-1.0947956756334964
agm002268076,15.774215440679182,-4.147623841365056
agm002268328,12.878060199483947,-3.038847659160243
agm002268334,13.865636322740711,-2.9593239487092915
agm002269163,19.09178432206557,-1.546699110561991
agm002272178,12.426345042877978,-5.878632408890632
agm002272430,14.46392828733236,-4.1282060779750465
agm002272766,16.640544384275515,-4.775619932690268
agm002274898,15.913081918019751,-2.527880327965281
agm002275051,15.691059225732717,-4.265162870565479
agm002275092,18.467544627153764,0.46149897296849185
agm002275188,14.72355997016971,-2.434925859272453
agm002275399,16.657314729186655,-3.3678822765607173
agm002275476,17.063205607386244,-1.783311248481655
agm002275649,18.12653783791016,-2.3235312489490196
agm002275763,14.593558096959207,-4.024924966643821
agm002275768,17.766773820355397,-5.253263055914404
agm002275771,14.694603412171238,-3.9901713832528993
agm002275899,14.74721310373228,-6.2188362311036185
agm002275940,20.410503733930994,-0.15755329405235585
agm002275953,21.38474938020852,1.7928146869059798
agm002276184,15.815302235557112,-3.4480283436833776
agm002276982,17.013951372852937,-1.452516962347179
agm002277423,16.536499791541893,-3.6518774230055393
agm002277804,17.414477320057753,-4.676606692112569
agm002277805,17.377690119017558,-4.660547795863356
agm002277832,19.05723901080303,-3.828995813829742
agm002278176,19.3006880776049,-5.198809248964928
agm002278395,16.220228455791723,-5.179007835081228
agm002278553,16.79592033754625,-4.494796467872343
agm002279291,14.717448577739269,-7.237031696372196
agm002279973,16.758599429256538,-1.1815973139163376
agm002279978,19.3003000129819,-0.8526265791325489
agm002279981,18.933034673209697,-0.8664602667729522
agm002280877,19.7869021711649,-3.6936615432372757
agm002280919,16.499012031388006,-2.8708473248652395
agm002281159,21.26309047018631,-0.6741288313436598
agm002281206,21.85222617080348,-0.39145155139728294
agm002281463,21.304740983511696,-0.1132074808010272
agm002281592,22.649856386422822,-1.4528784813815303
agm002281612,16.40594921054444,-2.7897710509623104
agm002281643,18.049310734178867,-2.803742315406525
agm002281691,20.36073826379932,-3.4369023010264974
agm002281746,20.70466034253316,-2.728785475179112
agm002282303,17.713711968594037,-2.307157394316249
agm002282484,20.97004128946377,-2.6977710851753707
agm002282486,18.3098762620925,-1.387667029884009
agm002282571,16.836279141533065,-0.38655757698159876
agm002283497,12.110048240373718,-1.9103292839324626
agm002283808,12.060042832358512,-3.127402253070565
agm002283838,12.393826085390499,-3.918157124144551
agm002283846,12.901316997187246,-4.1127006269019475
agm002283856,13.468893095949715,-3.272867047711015
agm002284047,20.98428906204598,0.9004522040716445
agm002284068,21.617167790516778,1.9861690073541594
agm002284117,18.21634528383908,-1.7722183614568894
agm002284945,16.04388551770303,-1.6341707506348317
agm002284948,15.3676412446752,-2.0463154189900687
agm002284959,19.045399901694264,-0.8070845911651668
agm002284994,19.067019314437363,-3.5228445241920565
agm002285273,17.088210670555014,-1.7367819899030348
agm002285660,11.719815192048282,-5.738096344525619
agm002285799,18.480076053771676,-3.1501512781157612
agm002285800,19.546146660521142,0.060479824288129556
agm002285905,13.375625659641818,-4.663439446535403
agm002286318,16.386228497052528,1.6770633490243547
agm002286333,21.578019628213557,0.8955300635010905
agm002286361,21.891996729257873,0.9143383065054111
agm002286400,17.94365807124994,-2.1644382647603115
agm002286444,15.276435680966115,-4.197759681241508
agm002286803,16.661646376594593,-2.245159969076247
agm002286833,16.418313230559782,-1.162911224858587
agm002286892,16.985410000365228,-0.6934248847478525
agm002287155,16.37372357500562,-4.7368141601337515
agm002287665,15.547165839793717,-0.6795655119631441
agm002287668,18.24146567617359,0.8401851588444704
agm002288364,11.826465014811783,-5.158407539416696
agm002288761,11.799763600448617,-8.318524513716888
agm002289146,14.786552397392683,-5.58945655147911
agm002290570,13.304184872952975,-6.206415784897429
agm002290571,13.527973821222917,-7.681748264726328
agm002290589,12.922032516059838,-6.068597240004335
agm002290629,13.060906167103743,-8.335345527158065
agm002290635,12.481130381641094,-6.1905953291349585
agm002290788,13.963636618175238,-5.713309142100902
agm002290921,13.125000305740112,-7.468651155555435
agm002290960,10.287748013142311,-6.340906376930501
agm002291021,13.164490922933132,-6.457024575532501
agm002291036,12.804785320891,-6.542114355791876
agm002291775,20.41236491804734,-2.3983074004429645
agm002291791,17.84407565797284,-4.112126956111295
agm002292147,18.035785413542378,-8.07601869596867
agm002292324,13.638597694218609,-7.526052738279762
agm002292378,14.933170569329318,-6.501794058200088
agm002293258,19.077185380806494,-1.4025871349467356
agm002293349,14.442842073704503,-1.6306223757012075
agm002293395,20.36051314178425,0.09475698367715897
agm002293500,22.668154599855235,-0.28537878997680055
agm002294749,17.011894449897202,-3.8523233172710336
agm002294796,17.86194043879835,-4.337855764236893
agm002294828,14.5337504275292,-4.093452261163946
agm002294837,15.408806120728872,-2.6869168721188736
agm002294851,16.3319442574795,-2.515876644885002
agm002294882,14.220292527976119,-4.507091207515657
agm002294995,15.674521737776939,-1.1613769943487593
agm002295178,11.797140796771137,-2.181726261956939
agm002295203,15.866249649203354,-2.091952531456498
agm002295287,12.718885404586059,-2.3356334290350382
agm002295460,17.070147473961867,-1.0252497025275138
agm002295705,19.920942138888172,-1.3547219337693275
agm002295708,21.16299843355739,-1.1575099919002276
agm002295727,14.027213865609792,-3.15343284797022
agm002296063,15.901894577345855,-6.542309207813369
agm002296640,14.361131282020716,-3.5085227936608
agm002296659,13.293746327777349,-3.8356414469353672
agm002298321,11.493203449516743,-6.20127335277578
agm002304887,18.790354092435496,-3.6120998402434004
agm002305053,16.206268790481523,-2.8303548470077438
agm002305058,16.331352066363475,-2.0092462173153014
agm002305062,15.832464161216635,-2.1046124571754867
agm002305070,12.955565064073301,-2.8465022188654983
agm002305073,15.010245614002036,-2.358117663059085
agm002305120,14.446742004379846,-7.719103042259555
agm002305349,17.659852642287493,-2.4633693972381088
agm002305596,17.886577541974564,-3.7743692906639805
agm002305630,15.48114732587061,-7.367123920106849
agm002305868,17.989717532289788,-2.015377891419797
agm002306192,15.362239586123483,-3.472013132287749
agm002306241,12.419472926353505,-4.954099580197768
agm002306911,15.383580649881779,-0.6258664345524116
agm002306916,17.86296827633249,-1.8521855103666365
agm002307086,18.54587493773678,-1.955974054187336
agm002307196,20.676362085610954,-1.6533696296562865
agm002307312,18.943184884490417,-2.7221994616270293
agm002308042,16.977594448166098,-6.1973754746862575
agm002308224,24.49617586894952,1.6526476712671716
agm002308517,17.72535898921824,-3.1269731042934383
agm002308534,19.304271928989365,-2.7896351749453423
agm002309062,20.21366743164513,-4.904253594254688
agm002309149,16.863755552871467,-4.044114950555918
agm002309236,18.399869432192826,-3.1452630934749
agm002309339,18.700328148228316,-4.060981573602566
agm002309501,15.72560758203541,-8.702600519833993
agm002309767,16.886474644136037,-4.290176365568191
agm002309857,17.18448514478614,-3.059012983065523
agm002309999,16.084890417696265,-6.053667812223521
agm002310132,17.216994849449787,-2.9880794943160573
agm002310154,19.15394821510835,-2.6006156326518943
agm002310451,19.716931575887553,-2.2169581296426872
agm002311071,18.923899398834173,-3.4653272285655987
agm002311443,20.028967417560853,-0.7562436002496629
agm002312991,18.710693921956384,-5.998768418694551
agm002313129,22.464875031196314,-3.9684682000448657
agm002313670,21.58770848161568,-0.8149628667531864
agm002313796,15.573285459298193,-4.322704882558544
agm002313816,16.163742631338263,-2.405669070271835
agm002314112,20.019989160459303,-1.1105008970355748
agm002314306,18.60181820722812,0.6108700689312299
agm002314359,16.121785508720464,-3.42284307516386
agm002315115,20.615487964641105,-0.34857207540956525
agm002315176,18.7047949572585,-1.1772140821776975
agm002315540,27.673601002196488,1.3941441634665943
agm002315541,22.998016915964868,-4.124825172431412
agm002316227,11.763853249631028,-5.682081908543985
agm002316478,14.646017596782874,-5.387350114797776
agm002316910,18.99496852661203,-2.413918479522442
agm002317223,16.4770009909189,-2.8190120004983066
agm002317279,15.619131099772561,-7.30192386277491
agm002317611,18.032186374995863,-3.8629000144330004
agm002318319,14.822896361333582,-6.965476214815526
agm002318725,17.957579024168478,-5.363242442658396
agm002319941,24.246281182730893,0.5221880863585036
agm002320633,21.77597965798171,-1.5203658352802112
agm002321004,19.723636434071647,0.33543056853111314
agm002322064,12.876867861724874,-6.368498939141343
agm002322281,11.912707458957245,-5.4553339431628425
agm002322921,12.612646941675067,-4.905506090818995
agm002323441,19.22197634353569,-4.816467810610351
agm002323454,19.788167204657753,-4.3160710635337205
agm002323565,21.759654273236404,-0.9031463400925568
agm002323593,16.425528030897294,-3.76634171821895
agm002323728,18.226566305465255,-5.48681764929503
agm002324215,20.64223827011487,0.5305394681323592
agm002324409,15.459342158946507,-0.36024637546757327
agm002324410,14.993336948080794,-1.6526177141506617
agm002324450,15.689328513193162,-1.0465462336995444
agm002324488,15.602202650231535,-0.6699338647695162
agm002324497,14.588916203810355,-1.7639791644952059
agm002324795,16.561539600028357,-3.772887234932258
agm002324868,15.517362378435042,-2.185105086929658
agm002324989,13.495847272621354,-3.2508190453791728
agm002325003,16.375087558288495,-3.4449280484724674
agm002325158,21.207083971845226,-0.15483478104837248
agm002325373,14.560883955178875,-6.3414295010554635
agm002325413,19.537997077180183,-1.274839771469499
agm002325812,15.874885326262183,-3.2670247749820605
agm002325835,17.211286269143862,-6.675042915657718
agm002325845,17.15100268617329,-7.035694546176513
agm002325899,18.041149595473474,-3.362188822320056
agm002326423,18.49911663260141,-2.074240515656583
agm002326618,20.204726168554206,-0.5540148225332908
agm002326661,17.978120632927297,0.14778422426510396
agm002327056,20.788018266877682,-0.15365924851216395
agm002327171,11.966968272523077,-5.768599571198028
agm002327689,19.28513398585522,-1.1692339840150128
agm002327706,18.936731443230816,0.15554499492939536
agm002327721,22.226338902595852,-0.5991624290266437
agm002327842,16.046906347137508,-3.9534536699062204
agm002327849,16.67375268249993,-2.758461148485674
agm002329681,16.216239584832465,-5.322949188652565
agm002329682,18.483028645058535,-2.899698191873745
agm002330331,21.994473264111694,-0.3606127738946469
agm002330347,21.98915780603247,-0.4745513930507094
agm002331197,22.035358580014265,0.6801418779133664
agm002331718,21.35771326339494,0.6037980304174284
agm002331738,20.336116225942003,0.45682960055752897
agm002332067,22.175385535925983,-0.2538537515757868
agm002332251,18.460306536340664,-2.5379896138275857
agm002332284,16.93371586319191,-3.3396795461707725
agm002332292,16.673430710017097,-3.363694830774095
agm002332731,13.278943412131232,-2.8321211312751102
agm002332756,16.177738863790026,-2.883285672153083
agm002332867,13.85149399841287,-3.704803784131637
agm002332899,12.894975646557723,-1.787786860113351
agm002333119,16.642301693200164,-3.843435529257908
agm002334636,19.23210122010424,-1.1954020927702853
agm002334707,17.517196689538434,-1.7484828893939717
agm002334777,15.043209095641501,-1.703457819885526
agm002334806,15.752177080588945,-2.5862734571765236
agm002334811,16.961527784180564,-3.1327864060112622
agm002334836,18.574021975616674,-0.3599431078092863
agm002334890,18.807839654232748,-2.55784135783194
agm002335078,20.2794417260173,-0.592655941686863
agm002335142,16.803697351242214,-3.2700650973677288
agm002335655,19.20850759275338,2.097109534082908
agm002335680,22.56186857843444,-0.9414240624256193
agm002335727,18.143164853989983,-3.010971291997343
agm002335788,20.735115547485986,-1.0402399283644534
agm002335828,15.159329474273282,-5.79076067977074
agm002337307,19.31114301581929,-1.111241496778074
agm002337310,20.040734911500508,-1.0136191581863647
agm002337315,19.484098883676747,-1.0781822885524863
agm002337317,18.80226333573151,-1.183131926020216
agm002337320,18.347365297155307,-1.2313246578705268
agm002337338,17.93914390749191,-0.4824525010323888
agm002337435,15.695148521496959,-2.667550890118096
agm002337664,18.042734544839803,-3.3470736006723594
agm002337675,17.51009691733749,-3.9492950191021925
agm002337718,17.375314778149523,-3.9762594980228414
agm002337741,18.96849541964291,-3.6904119284580226
agm002337792,17.449815472774873,-2.4432177240297235
agm002337804,17.589776634199914,-2.422088036063539
agm002337875,16.85189318279189,-3.84420620798494
agm002337916,16.49565071251553,-6.459023515220278
agm002337994,16.656518076408968,-2.810262240374749
agm002338016,17.180269411073407,-2.1124191587998387
agm002338855,18.6976828634007,0.4104562481001299
agm002339009,18.234903805705066,-4.735173171210414
agm002339051,16.217964771666654,-4.068691728427118
agm002340001,12.443097934397557,-0.982599060010954
agm002340004,13.696322040130639,-5.099689452865731
agm002340916,23.12013005335971,1.4229969559612794
agm002341182,19.263672205302147,-1.0857002402469478
agm002341298,18.661117662023077,-7.310483677852074
agm002341319,18.091003825030057,-7.228475843710902
agm002341749,16.044866434156265,-2.2474839534773507
agm002342191,23.50357961255725,0.5157747101348784
agm002342265,15.713950859277809,0.012535140782917065
agm002342336,11.67033132571546,-3.5226326321996786
agm002342375,9.999764518018797,-2.7915257078723275
agm002342414,19.21641865582461,0.9135353862583866
agm002342527,14.283889489704864,-3.5915720298280776
agm002342543,15.397477793423716,-2.9926355276898597
agm002342549,14.034206502924725,-3.4255021903409264
agm002342582,9.749602715259554,-3.79079407559855
agm002342636,19.589499550003307,0.11315820696060126
agm002342678,14.00034795854878,-2.366982681567505
agm002342682,15.642757386897758,-2.5715479319232597
agm002342717,12.710156895491481,-3.353093110333765
agm002342721,11.882718983680993,-4.497361070294647
agm002342775,13.75408545783018,-3.273878160988705
agm002342802,13.116796744161215,-4.695736821151132
agm002342850,19.728656035801514,0.6742219334570254
agm002343326,15.877438237907828,-2.9611025520732244
agm002343392,17.315656862914206,-0.21035514200500352
agm002343415,13.981518032727383,-1.9389630662244013
agm002343640,18.761131503125423,0.18133532842726902
agm002343714,16.284556721548906,-1.1562031698282393
agm002343979,18.20719703154874,-6.045187238684911
agm002344054,19.735485112219518,0.33107067165960835
agm002344069,13.935989019815864,-3.853986621487329
agm002344123,18.80480006725603,-2.8749273831043336
agm002344125,17.361081428620828,-3.5344222100081604
agm002345002,13.489677328936109,-4.45369800717857
agm002345252,12.940362668708833,-7.328395163830057
agm002345368,18.224297095752615,-2.871282182367908
agm002345378,19.573451012602817,-3.439337895912909
agm002345379,17.843038333467103,-2.9165078730463034
agm002345434,17.100957570326937,-5.043181511908817
agm002345477,14.020398660673889,-6.670682832291919
agm002346272,11.91385714821754,-5.152906865055398
agm002346294,14.91074393022554,-5.440876097802681
agm002346309,14.231326084868064,-8.638385951933705
agm002346394,14.785880932568787,-5.493967014564264
agm002346496,16.029638786329077,-7.594923314161308
agm002347336,15.396608847165952,-1.2076606424569907
agm002347342,16.51644614811006,-1.2993965905905978
agm002347361,16.548374344025344,-0.5873124476452874
agm002347377,20.097782132170924,0.3795658077897762
agm002347410,14.476900423417876,-2.8167724123207947
agm002347831,21.591431381970146,-1.1775462833685624
agm002348067,13.97451095919138,-5.251683504168967
agm002348236,14.83206229776059,-2.8609881215909874
agm002348274,13.338970857941495,-2.9930754137601
agm002348281,14.448890908858354,-2.882178109589165
agm002348299,15.46522966866444,-4.817787810265868
agm002348584,19.93217279373866,-2.467274388333797
agm002348636,16.21250150162108,-3.0005891011169674
agm002348661,17.98200901644299,-1.8014355996359324
agm002348756,18.449278543365914,-1.7286997817664624
agm002349320,14.742281124449908,-4.30400089668504
agm002349525,12.380509708681327,-3.667559606964441
agm002349571,17.424792866750295,-1.8224481605074647
agm002349825,21.13275085955474,1.0754274744760715
agm002350119,16.606328750977006,-4.247558644685223
agm002351569,16.845141196058265,-3.352932940837708
agm002351700,21.758563905831867,-0.5503066824026277
agm002351718,17.94959824059266,-2.637344649072571
agm002351755,17.301664133597754,-3.868709952934447
agm002351760,18.075074907058774,-2.8217667910636455
agm002351806,17.58865471075204,-3.531182369282835
agm002351852,17.298719385270704,-6.123831004831958
agm002351929,19.0626110043129,-4.574201103319511
agm002351934,22.235043529894828,-1.6457347372810844
agm002351943,15.172305824554268,-7.282016290319856
agm002352974,18.683599401910577,-4.252597073346319
agm002352980,18.157891352919055,-1.983833524478614
agm002353139,15.30221405609071,-3.7844402927108227
agm002354309,16.20268818832884,-0.9012670640286538
agm002354321,19.668982236571185,-1.8347350452288034
agm002354415,15.138235039078417,-4.759551767553343
agm002354465,13.0873389632396,-4.364026933347666
agm002354582,15.522310740102611,-3.473755944708604
agm002354600,13.975094967240173,-5.262626706612073
agm002354616,14.780020021410392,-5.297190001876585
agm002355015,20.491825227069704,-1.1809883024446157
agm002355097,20.056098359582233,-1.8242511698967914
agm002355385,16.772948076791387,-1.9350684767333575
agm002355438,13.408581583126061,-4.960063283939915
agm002355565,19.889426438253285,-1.3166303863063447
agm002355685,17.60381144782564,-4.943773757189659
agm002355854,16.75360823598729,-5.033506296018044
agm002355863,13.084657206855576,-7.32312792560013
agm002355883,15.010259442703163,-3.359137844127164
agm002355902,13.137939577632835,-3.718408836216882
agm002355941,15.715347183974297,-5.607440461329003
agm002356027,14.939649009972996,-7.756702315630608
agm002356032,15.216399806565802,-5.116636247829416
agm002356155,15.829356031137438,-5.818625440066626
agm002357219,19.56158261604811,2.115019114878052
agm002357479,20.774307675844916,-0.801871720939519
agm002357480,16.481972722739343,-0.6903675704163401
agm002357818,19.687610487980656,-0.07986872521416473
agm002358489,15.202442107918012,-3.1415599436457455
agm002358798,19.00344938297348,2.107871658541333
agm002359395,19.231352128863417,1.7870691529568135
agm002359633,20.523363195236538,1.232518835696549
agm002359675,17.272869334212384,-0.26939390974211896
agm002359956,18.092946342651302,0.1788657602504113
agm002360004,19.249718856546888,1.602657007220613
agm002360094,18.713342775104376,0.6659496356092222
agm002360110,21.471327505910853,1.3043506708957235
agm002360170,17.958922439912815,-1.1541212412571766
agm002360175,15.723047608920508,-0.34277016214402095
agm002360231,16.80229794764339,-6.654749501234123
agm002360243,14.422714389188716,-1.1602453975396188
agm002360307,18.22887855493493,-0.992478032883224
agm002360344,16.179719534549534,-6.212317229649543
agm002361319,14.133022991779674,-4.698474838980656
agm002362059,22.89623078661496,-2.9423718740724727
agm002362107,15.857634440751523,-3.5592729083158487
agm002363335,10.024938835648076,-2.5083013571138233
agm002363498,12.197252894856499,-8.761741309731908
agm002363530,11.0174664408117,-7.691785113920932
agm002363578,11.926205646411967,-7.423540470971456
agm002363723,20.04224439332917,-2.2396222542732884
agm002363730,14.792331266766013,-4.6180940334746365
agm002363731,14.959612371579613,-4.150044695845321
agm002367171,15.675551701974339,-5.643097232003058
agm002367345,21.24785376006077,-0.5476973577563573
agm002367592,12.25190078752149,-4.853010471878455
agm002369906,15.231789131539031,-4.705078610043628
agm002369965,13.137858765697914,-5.751374708256714
agm002370140,15.25498045821098,-8.182826522485918
agm002370553,13.833993311957043,-5.112018346653233
agm002370609,17.52406167037397,-1.8331714920663302
agm002370790,27.286360395721484,2.4555681253702137
agm002370987,17.764438286522786,-2.6170248948393913
agm002371033,16.198015067170026,-1.4633718652185865
agm002371119,16.44910578549187,-2.7095556280343507
agm002371153,17.55665118613822,-1.437311253305947
agm002371187,16.741169958896943,-2.6784362951476566
agm002371193,15.88151584560395,-2.884791757588053
agm002371271,18.50140462528207,-1.1531762766771159
agm002371274,20.58451076729188,-0.9275873707665389
agm002371759,16.893311913854618,-5.54881281181257
agm002372916,17.453102626462293,-0.9751632365517301
agm002374467,19.775414190458175,-1.6824819057045552
agm002374582,18.17687122478776,-2.6323745576446296
agm002375174,14.300903431965281,-0.7320534917191847
agm002375313,16.770352107574173,-0.36574846156753926
agm002375409,18.919636673139003,-4.469423980891513
agm002375621,16.750132591860663,-3.02879197479938
agm002375622,15.865183008930456,-3.1681802163607276
agm002375998,13.938885456353177,-0.7353066458528383
agm002377249,13.989987114233335,-6.80120129288711
agm002377306,19.460517150435944,-2.7918625389847143
agm002377594,18.87940662241701,-3.1949560710576534
agm002377612,15.671869339410668,-1.0486812799409257
agm002377638,16.330573208338606,-7.620002170854295
agm002377774,12.594230036368161,-2.8717533249781226
agm002378078,20.779598161894604,-4.6569868335672915
agm002378201,16.70311500094501,-1.4913038926490803
agm002379046,17.26960909855324,-2.3136178680787607
agm002379076,16.01562515094954,-4.905234607592771
agm002379240,19.093633877765125,-0.8520659895237065
agm002379297,18.31847052272255,-2.717515156558804
agm002379530,24.332871707140512,1.6077578348483463
agm002379582,20.926334689761482,-0.3784755462174793
agm002379710,18.31400599613499,-3.631903788672858
agm002379756,18.779474267856834,-2.7297215756189197
agm002379758,17.611373409888987,-3.83923680863692
agm002380223,18.875820643608197,-5.445877061610084
agm002380239,17.832830862884347,-7.1959334177556205
agm002380360,16.75858087711821,-3.51632654236802
agm002383792,11.875671219934787,-6.079180417261624
agm002383806,11.747194636891662,-6.786587103383823
agm002384376,17.134183248123296,-5.032485832333102
agm002384571,13.342711210014652,-0.9163435061594667
agm002384728,14.620595240987328,-3.3818025342552005
agm002384729,15.874326039511347,-3.9580571932840605
agm002384824,20.390418049300763,2.1375365536702198
agm002384948,22.722016316908334,0.675680111183981
agm002385293,16.349372692624517,-5.550347525198421
agm002385411,16.927863451126928,-0.4582154366332934
agm002385525,20.22006720191039,-1.9029494949691461
agm002385594,19.667137186755404,-0.4765031977373312
agm002385637,17.667249519918823,-3.3165404043843294
agm002385776,21.730366470523137,-0.02880293973298098
agm002386093,15.891300511488218,-2.3953760085882743
agm002386165,13.483570164825224,-3.8664707310911033
agm002386180,15.267837228541348,-3.8677532629254343
agm002386293,14.081174224439712,-4.287961305748883
agm002386297,15.06921801911686,-3.2012991657931607
agm002386485,13.393296830034686,-5.579072732771176
agm002386666,17.03688359115562,-6.492093196858694
agm002386921,17.219486570913702,-0.8568195547764184
agm002386978,15.220400220143025,-3.293006356113646
agm002387002,14.520372944413994,-3.119580670134134
agm002387164,16.929237051266448,-2.9777965209737842
agm002387204,19.683701756933143,-2.4329238556740207
agm002387255,10.281833179345023,-4.05731997323656
agm002387836,23.355251272718263,-0.47153102622287985
agm002387973,12.435555469075327,-5.546382144905021
agm002387986,14.779855077909788,-5.186591743822636
agm002433306,12.511757614732739,-6.92308744342797
agm002437434,26.048846732173445,2.279579366404716
agm002441043,26.66453624225951,-0.8909243193468811
agm002444968,21.1187448019001,0.04793364636370327
agm002445134,18.09935799958101,-1.3613748529770173
agm002449630,23.376650204440626,0.6662417608057438
agm002479708,19.24646747689284,-1.1585780223243418
agm002486826,10.597289535497685,-4.52824255066586
agm002487107,12.550707315334698,-3.0512452027141093
agm002489068,8.53323474676649,-2.5352033362711652
agm002489958,8.53422673243285,-4.672084681893932
agm002490355,15.197996938936342,-3.6532312391927406
agm002491523,11.932860433062325,-3.5584245687053184
agm002493090,12.784478543457498,-4.230521626669525
agm002496001,10.089158277877125,-5.312296661938889
agm002496497,11.141354650364326,-3.2351138421301355
agm002500500,26.920144657788676,4.193801621995263
agm002503810,29.86511835390538,3.1452571090458896
agm002533104,14.725348120067277,-4.44849756114832
agm002533211,12.305395202657506,-5.514435409426108
agm002538568,17.178771405698285,-1.530401037496795
agm002538862,12.168112923067529,-2.367319484555604
agm002541635,21.50874021927043,-0.510965620102916
agm002541671,12.622649078986797,-6.007596172476034
agm002557126,17.413467946608964,-0.5685975613895444
agm002560965,21.485059622611217,1.1028174933248542
agm002563541,19.75316822635414,-2.0092426687281715
agm002564031,16.581261967012686,-1.796284436400656
agm002565430,19.701945016028997,0.4370576382070272
agm002565833,12.319436944992322,-6.412660169854911
agm002565837,12.17601581120085,-5.109820314116964
agm002580039,22.535703542636238,-0.27155456535074907
agm002580145,24.601014768185454,-1.6296160814702851
agm002588347,25.238942592171902,3.2015352157979757
agm002634309,14.175541132534324,-2.7469974305473737
agm002635431,16.3356613261274,-2.3727796474614986
agm002643054,22.672149844812104,2.036235419827203
agm002643914,9.1553766887999,-3.6459497605104874
agm002646767,12.14742405559037,-4.036635260478132
agm002655487,18.140168025215786,-0.1537855309106071
agm002656185,19.253414551569804,0.6181213417781812
agm002656429,22.598451476257807,2.3629682110722787
agm002664428,15.089028908785936,-6.318616931417447
agm002685804,15.883863192168779,-8.451232276175793
agm002690338,11.82695571242753,-1.1916792939902014
agm002691451,13.712902619984343,-5.820071025927485
agm002691681,12.407452854192364,-5.4956651826501535
agm002693125,13.203895100610692,-0.4377351203438504
agm002693309,15.99910093544197,0.052690092708891356
agm002693681,13.651961271389272,-1.085999595754787
agm002694384,15.218506508898482,0.15362903880093004
agm002694433,14.366513996256847,-3.883850184523413
agm002695685,14.313951584842828,-4.573473183693614
agm002696841,14.60033727107644,-1.9082060154592626
agm002698393,14.061249499195325,-4.78114908175068
agm002699666,15.373611970454151,0.4379891662079034
agm002709872,17.358676208037135,2.184715519656824
agm002710296,22.46319124387278,4.04282791621277
agm002711444,18.287885321015942,1.160598807811498
agm002711640,19.092711961498058,-0.5129399667634571
agm002713600,15.202473271997151,-9.285317987266053
agm002715581,13.456842265517423,-4.186171750863338
agm002724743,16.235366537975576,-1.8995273263697214
agm002726005,23.021518506501994,1.9215577979351326
agm002734762,14.619571110374709,-7.417192973865999
agm002735022,14.470247723786224,-7.874444433737148
agm002735310,19.266422795220098,-0.5101091105461584
agm002740723,10.182406197037256,-5.952328205997009
agm002741707,23.145985693484587,1.592687977926027
agm002746612,14.582251578776763,-6.003776230928287
agm002748502,12.892303782349815,-6.776951368474991
agm002751012,13.793397094565545,-0.007741211016567107
agm002751663,14.029972744695055,-2.173678494762369
agm002751911,21.38841364140672,0.4516296292199744
agm002758040,13.350718997360127,-4.901986450991328
agm002762023,16.953890433690272,-2.424430124309836
agm002766205,18.858225385843557,1.3928633915150086
agm002767482,20.50897671618632,1.2900298043440594
agm002780850,19.117637663863007,-2.490958222918838
agm002783879,19.369269827916142,-1.6770177887742412
agm002784712,20.18405653522561,-1.7787430844924028
agm002908082,16.67887486974469,-0.7201911718263719
agm002908120,17.916472745772904,-1.5334764582057272
agm002911883,12.954749201379105,-1.6013895034748278
agm002915699,17.08657877413302,1.4947325529845545
agm002915804,24.619652635690773,2.1038398432661496
agm002919601,14.92568752904435,-0.02544780930774131
agm002921459,18.63180267758519,-0.25085828305773
agm002921730,19.02122496092477,0.6100430422213996
agm002921778,17.33992615450861,-2.681935572227552
agm002921877,22.402741488942986,0.9797820018016132
agm002921897,20.78543914065144,0.5491127585041952
agm002923650,8.934506938203155,-6.059274152875396
agm002924171,9.252724773104593,-5.7433535327814145
agm002924355,11.780142638624982,-0.8212859073491036
agm002925122,8.095413125658537,-4.014269844257053
agm002925285,9.5542005242613,-2.1692665008056586
agm002925483,9.710560814917109,-6.519981311318372
agm002925861,9.5323223005683,-6.51563000564028
agm002925962,14.059637696940772,-2.5849067673369697
agm002926182,21.346817455621707,-0.8496632293502259
agm002926251,23.661449292203866,2.007304011949425
agm002927674,24.24158988064722,2.2087466393594317
agm002927676,23.084566758743147,2.163546735472628
agm002927949,18.43407646504236,-3.2243938704979813
agm002929161,14.009546066165418,-2.791989766787885
agm002929193,16.79173980592699,0.5917681609342313
agm002929602,15.11920608803357,-0.656542926180153
agm002929617,18.316897330093916,-0.37895982219493585
agm002931017,15.502788699096229,-0.03724113407084708
agm002931035,16.31199344377161,0.19604094563534852
agm002931091,20.562212957421284,-0.10284636650804799
agm002931248,17.467261236657087,0.07903229010470732
agm002931293,19.706245182106294,1.3335950203953526
agm002931525,17.725036599959004,-0.9604355795911836
agm002931756,18.466132237767457,-0.4076339191661223
agm002934406,15.430594679398018,-1.9779628357057923
agm002939014,12.161377546456038,-4.228482075462267
agm002945981,13.107032450877142,-4.457142265402167
agm002946123,14.655561976566137,-0.8448774406517167
agm002950236,18.4577608434856,-6.377236986476129
agm002950623,19.89600895669911,1.4665721804740717
agm002951443,16.545858472267504,-0.856305100956153
agm003031822,20.552476495293764,0.46421920166978126
agm003031856,19.38356392579637,0.3029079359270721
agm003036207,20.668660528085766,0.4461967260987206
agm003043138,9.796468523206434,-5.713976344599018
agm003054418,19.448273958315387,-0.7898375064343922
agm003054621,20.9517788025953,1.323637573558346
agm003054641,27.552358388865393,2.1221791335566054
agm003057420,21.92318699874426,0.7505422198668802
agm003057422,21.276902734308628,0.637830286205214
agm003058487,17.960086848650416,0.34350072499335094
agm003061489,17.097283276069476,-0.645528166039508
agm003062288,17.642098031534072,-3.462116393369007
agm003062395,15.840796642534258,-2.710653406295401
agm003062628,14.757173394949572,-1.3874555677533436
agm003063415,13.973551290905302,-0.9151686037509847
agm003065468,18.556457777150467,1.2161375875511637
agm003066009,20.043546761859357,1.0183515662617377
agm003066332,20.088761168021406,0.6590374720422604
agm003070364,8.410669161579897,-4.618342117920849
agm003082154,28.69637880804978,2.3609861115793818
agm003082642,21.849801618007408,0.607474739370265
agm003082742,21.0482008996563,0.5428474045860856
agm003084782,18.779284092731565,0.6197773168828403
agm003087673,23.586882885387666,1.8220966804202519
agm003092240,17.732011271012016,0.09670309641093293
agm003093874,10.979448758292504,-2.8133287009770642
agm003095455,16.68227709222098,0.6049023481979751
agm003096016,12.931175337899484,-1.4162990201087167
agm003096021,13.238392444259302,-1.3152151984797218
agm003101411,19.21640814485449,0.6808329214129385
agm003101955,19.801070858058267,1.4277449266953037
agm003112455,16.925184397365282,0.10234732671812245
agm003114970,16.58629721091638,-1.0167337852312324
agm003115753,18.351943361481286,-0.29963081683363546
agm003116304,19.501842185136308,0.8252783219810768
agm003116314,19.411797979876603,0.7951335031044326
agm003117072,20.15801140247495,1.049622936973872
agm003117075,20.15107206338922,1.0416155090566654
agm003122048,11.16298838942678,-2.018302131293951
agm003124886,10.755051161675286,-3.3147757635660127
agm003124887,11.441646008816182,-4.570739684829063
agm003135176,23.88006817486089,1.7375202832073058
agm003135202,23.209653188847025,1.8352554641745626
agm003142277,17.612743411582972,-2.0941580960417236
agm003142944,16.191020154824788,-1.0314271670331847
agm003143786,17.9251890385985,-0.4836016877394451
agm003143830,19.12934524984998,-1.1718844838894324
agm003146934,19.221514308506176,0.5658345400906478
agm003147126,19.62012032713805,0.12118155715753609
agm003147397,22.320584209830702,0.5694278054609624
agm003147491,23.004031614367282,0.41908921821101863
agm003147912,21.85107500391236,1.3036153606627596
agm003147923,21.849052609333338,1.3076008619742208
agm003153740,21.062705792873786,1.1538570848505252
agm003154711,22.0796009951768,1.3851593775349442
agm003154712,22.577447040275725,1.5948602962519078
agm003154955,13.118327862978282,-5.808628478307401
agm003155230,22.654523186771957,-1.081767180768778
agm003156881,21.61314041926084,0.2897547451406002
agm003156985,22.623888783670466,-3.6171122473812556
agm003157199,21.509361434369282,-1.4579547352364224
agm003157286,18.734722106231708,2.097170196572471
agm003157405,24.21963760391725,-0.9070152842513357
agm003157441,19.12800331153368,-0.555317172107415
agm003157478,19.91370043183118,-3.2279861219656056
agm003157490,25.669391941165276,-1.1541885366450941
agm003157501,19.998095810119686,-2.734377119100845
agm003157507,21.234748238295573,-2.5611046278230214
agm003157524,15.60211494751176,-9.01463532944713
agm003157546,23.60772905077726,-5.918943744182399
agm003157581,8.978549699696773,-7.560982600459905
agm003157639,19.729046109240382,-1.1501745596837285
agm003157649,22.490454380072066,-1.1044778356644414
agm003157659,20.01556697781941,-0.18970216246629956
agm003157668,24.844906622765734,-5.525367314349738
agm003157722,11.785877991332574,-3.660188758840437
agm003157789,25.296686894700454,1.705580295617029
agm003157799,22.946153777779305,0.9954313347758905
agm003157852,13.6966642004248,-5.526013550133385
agm003158066,12.39731168217873,-6.238067519122185
agm003158086,12.319219003923813,-6.197251519413409
agm003158186,20.033435123354806,0.27836568047756316
agm003158455,14.363838441919421,-0.4973289410681068
agm003158787,14.456577844334532,-5.199041439928646
agm003159070,15.4615709717391,-3.655628551620385
agm003159274,15.768891393312181,-0.3905659268320134
agm003159573,16.677350274967864,0.6148709979552228
agm003159581,13.191837929686185,0.9478897526639809
agm003159725,13.65339219421623,-5.847853251986386
agm003159792,14.929307779399034,-1.72214179936857
agm003160066,24.45537108355428,2.3225819056504484
agm003160263,17.945342026653254,0.9773459496725465
agm003160348,12.010235016464902,-4.596047437435935
agm003160463,21.73792608818067,0.8826198391404722
agm003160479,14.159097841646485,-10.153941777400545
agm003160499,17.492082703270103,-1.614650675254208
agm003160506,9.987481933257756,-5.427097961535637
agm003160522,12.980173341006095,0.06441920476461445
agm003160523,13.74576454257391,-1.583554757305888
agm003160538,12.977336518920808,-4.610432041275985
agm003160560,13.609112451584153,-5.891952681855089
agm003160619,12.294849434224831,-3.4524553571673984
agm003160624,19.611345255948148,-0.6641245034560216
agm003160626,16.982287299195864,-3.4544741505764924
agm003160627,16.823199590840215,-3.457731444173222
agm003160644,21.391393221127974,-0.8558278072107388
agm003160659,10.9381961279799,-2.587832073941134
agm003160666,21.127275729300113,-2.2995850758802217
agm003160712,20.108694277113376,-2.763320973615779
agm003160723,16.715859701864975,-2.458382176236101
agm003160725,15.096349932065673,-3.190580578384781
agm003160766,15.197794958807975,-0.2764487717958651
agm003160824,17.447127505914718,-4.994030697873154
agm003160842,16.257780221757354,-0.5782546965918023
agm003160863,20.6246315588151,0.9844420166473
agm003160930,14.56230612150443,-4.719479646032565
agm003160938,14.748782955250185,-5.3526899638006284
agm003160949,16.399272864562,-2.298164052344033
agm003160967,12.861217051508449,-1.6550320517997499
agm003160975,16.032643836600535,-0.1584144247441118
agm003161021,15.783736970514807,-2.109540680854069
agm003161036,12.901699772837254,-5.708303970137841
agm003161120,17.024481184056903,-3.087828031350387
agm003161156,11.427532072529779,-4.3534692651962885
agm003161183,17.78385335914938,-1.1705702324870983
agm003161203,19.42733439116082,1.3309128465325248
agm003161205,16.901950254125353,-2.8953296916056175
agm003161246,20.16872317968572,-0.5643567523220115
agm003161260,13.282950719799912,-5.71473113570411
agm003161316,15.699869725777416,0.41541556907547655
agm003161325,13.07692313947137,-0.6670557173166959
agm003161354,17.899114538352162,2.399708001742201
agm003161368,13.307285864438406,-3.34483680265568
agm003161370,10.914588419776587,-1.410779861130769
agm003161405,22.42433167716108,0.42276689829467706
agm003161469,13.663392920965805,-0.33397669329105345
agm003161501,13.903939964517052,0.3403219293729303
agm003161505,15.366784015433801,-1.802710368872045
agm003161513,11.94342779322436,-6.756853608813917
agm003161521,18.5735989176732,-0.6033475149747
agm003161528,21.755555433181556,0.29744318167623085
agm003161558,10.057269165354196,-6.581279372029516
agm003161630,19.988674102751453,0.7546245789909319
agm003161729,17.286630017616172,-0.2993178375524659
agm003161736,16.301140361033973,-4.429092428924214
agm003161741,14.783725188570775,-2.5190325484543203
agm003161755,21.029816165184307,-1.0627177263757175
agm003161773,15.109130405122315,-0.5490265966158034
agm003161826,14.818960683106011,-0.39222877782008325
agm003161856,18.08418508152567,-3.0541838183338275
agm003161862,18.451559180270927,-2.712157774397305
agm003161891,19.392109130912253,-0.31316632950146506
agm003161894,21.24846738640223,-0.4420134111879741
agm003161912,18.25951888304228,-1.8780543211042007
agm003161943,10.634954284455576,-5.758508445622426
agm003161951,17.973805894139517,0.374568644518777
agm003161967,16.02599492709552,-1.232312543778507
agm003161972,18.35613185114989,-0.7785233245202567
agm003161976,15.81073274917766,-1.2869150632830784
agm003162039,21.685684156220937,2.7669430959915715
agm003162040,21.796694729667376,2.693539750185519
agm003162064,19.614282786784223,0.35614135984232087
agm003162076,21.137122557056244,-2.097200019840963
agm003162086,21.844290766948117,0.5932254102341923
agm003162103,14.349224536624961,-4.7006430128194525
agm003162107,12.590883473339206,-1.7552534775641584
agm003162112,14.647432454023356,-3.5730947863457905
agm003162235,22.719426868312883,-0.48696524043910916
agm003162273,14.060291622788363,-0.6843999908534513
agm003162303,23.184310042332005,-0.4205580519658523
agm003162305,22.513949183672892,-0.5055249137264197
agm003162324,22.422621083244245,-0.18249789220016455
agm003162372,19.685880520055147,-0.4673608124669446
agm003162404,20.33304149593358,0.44337174973753335
agm003162431,18.35736182547977,-2.099852445897611
agm003162450,17.129873069509628,-2.0469664742934146
agm003162457,16.433675513679532,-4.175172294079456
agm003162494,17.36050871805122,1.6397033608384084
agm003162500,20.74273666614481,0.6995816147711658
agm003162501,23.29218840100331,-0.38777094032338866
agm003162508,23.037104111277827,-1.811007055358143
agm003162519,12.437356528438432,-1.5266793752944119
agm003162561,17.441578794572724,-1.949185306742557
agm003162567,22.160771813273854,0.007518042599735875
agm003162588,22.682901070900687,-0.47776348169222205
agm003162604,20.341241083042043,-0.9420601643423661
agm003162628,18.846086865592824,-0.03329558344489714
agm003162638,20.054222137683738,0.4411127783716875
agm003162642,20.137580226781882,-1.9169684811554362
agm003162650,19.842212036136978,0.48895857576085966
agm003162667,19.613953764118797,0.028721283626009342
agm003162680,17.71337739512968,-3.8071579430407216
agm003162695,20.691972884173225,-3.3359702564090736
agm003162700,20.829741076779868,-2.200017997540307
agm003162720,17.346193789683625,-4.663398342425454
agm003162721,16.22060243642967,-3.915077142650801
agm003162867,21.402551007750187,-0.2661465554706073
agm003162897,22.378434159359383,0.6601725481459022
agm003162968,22.913681648183697,4.342701817827774
agm003163181,22.600739065565623,0.2512832110849761
agm003163190,22.694569887084914,0.24400940035115903
agm003163314,18.1629408287751,2.5842756847688886
agm003163335,19.564230701447983,1.1713608642848716
agm003163438,15.255142103809689,-0.5133238369053741
agm003163468,13.979479872281726,0.12207258732173942
agm003163503,20.949061940963162,1.735833072455136
agm003163617,9.754284976911572,-6.111048783358004
agm003163665,12.844855439725363,-6.3129681905775925
agm003163695,13.526833529353116,-3.1072224998892235
agm003163961,13.057050791589704,-5.494741991107757
agm003164031,13.60109751571451,-0.8207130989379183
agm003164167,17.319887100625472,-3.557467282119888
agm003164216,12.717091531532065,-8.449233373666502
agm003164376,22.568070304377983,0.10609613993653655
agm003164682,12.864612869285857,-5.984918855490886
agm003164738,13.612440309449505,-7.159207992383362
agm003165086,21.819462360032592,0.6658926658231916
agm003165096,19.42210907019149,0.7667291788545461
agm003165151,20.32748251666061,1.4371463585128135
agm003165302,12.853077588356472,-6.429271361048965
agm003165333,19.689493761433503,0.195798976828927
agm003165381,10.796258497076852,-4.369822095188296
agm003165411,10.743048470369052,-5.154763374713443
agm003165428,11.305376280930743,-0.672167336109162
agm003165761,15.481740873197229,-4.201280165007538
agm003165763,21.886158434741496,0.7050048898837651
agm003166109,13.784954241887853,-0.3910931547438672
agm003166184,15.007132532006352,-3.8488404665893126
agm003166254,14.522216076571967,-0.9687555016619425
agm003166341,15.01691157714243,-0.3761019410992916
agm003166509,20.816392726986326,1.2107452446928222
agm003166610,18.01823983661197,1.3556202486818472
agm003166646,23.019171893233434,-0.30978232123724814
agm003166853,16.960790293168237,1.6603319121894469
agm003167042,14.871052925121962,0.5213668490829848
agm003167300,19.377027280761116,2.259827756418163
agm003167507,15.73443273060132,0.025045145663619373
agm003167697,20.88290060836593,-1.5419256654270588
agm003167718,12.596964276261712,0.061335329795947136
agm003167733,17.76281223199261,-0.011085555050814655
agm003167832,17.676606920406844,-1.3607804654804347
agm003167913,13.498029285013068,0.47731417074538385
agm003168156,22.32506740915903,1.5540135956118255
agm003168385,21.447713353906156,1.6522192534130626
agm003168736,11.312156803918697,-1.5448855161399444
agm003168816,20.377235200518875,-0.2502590793255246
agm003169087,12.085476829400793,-3.213827133197796
agm003169394,18.950625147833875,-2.330682435995326
agm003169448,17.272919685161174,-4.098689556130956
agm003169458,13.441254820796306,-6.734964949868696
agm003169517,11.348186486311645,-3.6665497221084924
agm003169586,22.294235291445908,0.7592374692694279
agm003169700,19.952669977497308,1.2083700376231272
agm003170000,23.479051573347725,0.4888229542150815
agm003170098,21.004676763183692,-0.8920755831414473
agm003170471,13.719170194277206,-0.6445263021157763
agm003170474,13.745790742660958,-0.6447820438444309
agm003170659,15.705729769271423,1.0003308623039415
agm003170745,18.719206862674124,1.7614119262397785
agm003170781,17.674866066646103,-2.5265031541509857
agm003170859,18.279441800214638,-0.22797436863203924
agm003171302,18.979502997777832,-1.0784876316021088
agm003171558,19.212941961338228,-2.944509092893308
agm003171776,24.790004315874448,3.240336388928296
agm003172045,22.195327472837107,1.2580033748546997
agm003172286,24.178398875778964,3.100281874780226
agm003172324,17.347591097506935,0.30455426558442644
agm003172481,15.425447060737957,-1.1006814942178895
agm003172523,8.9030369872609,-4.461192213255306
agm003172718,11.11856246334169,-5.946559935464848
agm003173124,16.554574603935748,1.2628166517334996
agm003173153,19.45181672297547,1.2735042618323962
agm003173276,16.904771322731623,-1.3497428742221151
agm003173278,13.955985459022287,0.19393900882343695
agm003173380,20.872925152115858,2.294560523095915
agm003173591,24.765224224726047,-0.5258884288269288
agm003173654,21.47506487352301,1.41434682927411
agm003173687,17.841983406799248,1.7728354798662762
agm003173840,22.69503839747606,0.7665327143121488
agm003173846,21.697449325109663,1.0042301276823005
agm003173860,22.092942519731732,0.708561120264362
agm003173877,19.16234161409668,0.8668497422256136
agm003173922,18.056435271960247,0.3529870952112044
agm003173941,21.796307832521407,-0.5869008693896021
agm003173960,18.169010028117174,1.714602934981151
agm003173994,13.30085236717164,-4.226410764743917
agm003174151,19.056785188947877,1.6747350365556315
agm003174154,19.147332501895637,1.6927796203009873
agm003174178,18.707252598846576,2.0820334875118633
agm003174256,21.092976685384315,1.5481465897642042
agm003174346,20.08212554996524,2.071597105915165
agm003174434,18.159804348425883,-1.6172263358883416
agm003174519,16.98710657850299,1.200544355185492
agm003174535,21.4222120682869,1.0289621366386448
agm003174565,19.841164557256594,1.4483729283794649
agm003174567,20.486188541910455,1.101380586538884
agm003174702,12.827538687873574,-0.13429284630676097
agm003174776,18.5395493112369,-2.1673038792717736
agm003174823,16.72392250002115,0.28018474455940146
agm003175108,12.260816206405165,0.1451593169345342
agm003175153,12.09692231367052,0.12753980689102495
agm003175159,17.496555703330955,1.4441854930814868
agm003175299,21.430321749780635,1.4837874284032035
agm003175340,14.576665121533923,0.9756572658298848
agm003175396,15.90308650110289,-1.432194058487505
agm003175744,15.020162124802004,0.5136514923297995
agm003175983,9.970575240532646,-5.186826453055705
agm003176023,16.45550732364241,-4.375870608411617
agm003176050,14.160134998839915,-6.051197328121235
agm003176375,21.78427983897445,-0.5136715462254196
agm003176429,11.098144479580121,-4.406310337686468
agm003177015,13.877678527198253,-7.776379668988087
agm003177108,13.740527677277738,-9.734322887009455
agm003177125,15.916180407789307,-1.3170511015742843
agm003177512,16.118857420567817,-2.2633554330852554
agm003177613,9.63169815604681,-1.7781364231354164
agm003177735,21.31022575589222,0.2554751303040672
agm003178092,11.517282753279298,-2.4573316068772
agm003178223,10.887040739807425,-6.114771382555571
agm003178231,11.082659776022734,-5.4415038450683175
agm003178277,12.725572262898861,-6.802156199137368
agm003178356,11.182718068648825,-6.095734650110721
agm003178363,9.986878589148397,-6.536388133099707
agm003178388,10.76731826607586,-3.22205562507915
agm003178418,12.767572202018854,-6.5527113124092615
agm003178452,10.063732809562827,-5.676608594929219
agm003178453,15.508489663458192,-3.555695993744974
agm003178543,12.776071232318863,-6.9031460072876065
agm003178740,17.317089527032913,1.3653678468887782
agm003178742,21.6287161352286,1.1909357675416956
agm003178759,20.474158141727322,1.8384927434055403
agm003178769,20.423209654525785,1.8339617796343983
agm003178777,20.695914415108533,1.2656808429008395
agm003178799,18.083962519182634,0.4467656454383242
agm003178865,20.288408527977356,1.5444960545829285
agm003178873,20.47233273208905,-0.9307854670529023
agm003178994,21.1875128068011,0.5666135449332144
agm003179404,12.934004543885875,0.50985232613785
agm003179411,19.149255322511745,-0.47201376907447834
agm003179507,21.675951520068562,1.6405441236841813
agm003179533,22.100740785684884,1.3641358541234316
agm003179686,20.319049790915898,-1.5310063941757694
agm003179733,16.811335575680374,-1.5846077915691295
agm003179877,17.991482965941266,-0.2764668771550802
agm003179954,22.330342145301955,-0.9539018643050885
agm003179975,16.064797895493456,0.4750912032599417
agm003180014,18.06627355446236,0.3255825144931954
agm003180047,18.050557252010137,0.6542330264166569
agm003180051,16.10226072121913,0.704634002992504
agm003180124,20.583982235825548,0.7014513029968303
agm003180126,20.60968356197471,0.6947790966842882
agm003180140,20.754586509203804,0.7239268608106961
agm003180241,19.260920510524347,1.0146523091233917
agm003180245,19.18347794299238,1.013103586997167
agm003180248,12.098348806782765,-7.020625515300069
agm003180281,13.992810351320925,-6.746285930758501
agm003180309,18.11051554796947,-4.1068212781808455
agm003180359,21.899444048441737,1.0920228626340758
agm003180380,12.768917653608428,-0.35603254109124927
agm003180557,18.284459907518077,-2.335127736862512
agm003180692,18.84739075739804,-2.0798421957944098
agm003181059,11.239377333008857,-3.670940507889221
agm003181167,16.215747367758507,-7.268786720015251
agm003181296,13.339860265825696,-6.433551332891838
agm003181599,22.00616135388158,1.72274091249129
agm003181613,20.82325147227987,0.8907562407366196
agm003181636,22.1007848917576,0.6930764521551254
agm003181930,16.509176204081516,-3.9265725474398034
agm003182104,20.79798000884988,-0.7092218262474779
agm003182107,21.44627836918153,-0.6111965967435609
agm003182213,12.31297541382988,0.5290639216391131
agm003182222,11.817792086279882,0.36956607225977023
agm003182302,9.982823412867411,-2.108776541253129
agm003182306,9.907541806532901,-2.125294306263231
agm003182397,15.496876267932295,0.13930260075216472
agm003182529,19.69640853016553,-1.8623576311824044
agm003182615,17.676747142720135,-0.8745387025441484
agm003182756,21.24121494172316,0.9066903296337805
agm003182983,16.439562420380067,-0.014631522149278986
agm003182998,16.526789686942525,-2.25327478688922
agm003183030,11.180037784207824,-5.781480882350069
agm003183150,14.475298501719214,-9.235514689743031
agm003183192,12.979135785023146,-6.677241640257345
agm003183228,13.921144063637664,-7.870579117770696
agm003183279,14.175654375568506,-7.384267853928486
agm003183311,14.877300036619793,-9.240259741411245
agm003183358,12.94696609280118,-6.876960613361403
agm003183390,14.559080169136838,-9.377858077346271
agm003183866,12.780577072557586,-3.9511842668505692
agm003183914,18.352008098095357,-3.9110134519143873
agm003184171,17.777611719890775,-4.624294369690576
agm003184408,14.708989405348543,-3.762734078715889
agm003184546,19.2549017865252,-2.1883270343608663
agm003184600,19.743314551756104,-3.979611752880401
agm003184947,11.79234574242374,-6.516057826293601
agm003184991,18.794199572596128,-1.184042563011849
agm003185010,13.764590223529858,-4.48805361166831
agm003185204,22.064485532061664,-0.7580326781950006
agm003185206,20.926866505935568,-0.9302469825381356
agm003185317,21.098834193203583,0.7470755565710459
agm003185648,17.32262353821134,-2.7971354331655776
agm003185701,10.593488104562308,-6.089360562436014
agm003185790,21.25815970692749,-4.6194771024727
agm003185999,15.775485646435484,-0.5838814156518146
agm003186043,17.596869933939544,-3.0109563800079022
agm003186082,13.670242598240945,-3.322145670549854
agm003186083,13.30048456014044,-6.972487519920781
agm003186089,13.488843716646322,-6.816259608330505
agm003186093,19.064842855683406,-1.977353248302177
agm003186129,14.283450235170086,-5.467116612537369
agm003186144,15.714768850533229,0.0632704595544702
agm003186193,12.804387546076242,-3.6063863617196006
agm003186221,15.334466753756931,-4.85270324830209
agm003186236,19.089153201192605,0.3118056642940039
agm003186250,21.673096244197293,-2.9712223795186303
agm003186288,19.887677461635953,-2.238595091808111
agm003186299,13.285444818757323,-0.41347607357343996
agm003186361,20.51288343147138,1.426906107695681
agm003186370,16.438376928003787,-3.434555273217659
agm003186381,17.82889846391975,0.27641898306174584
agm003186403,14.471824723556136,-0.7393302172867484
agm003186415,18.510683573133225,-2.072997350706753
agm003186426,18.86256470482949,-2.589544666495779
agm003186451,12.771162768710523,-1.8230365160692297
agm003186487,14.37418706020069,0.0719383772037876
agm003186529,13.730900909786694,-5.629997694395187
agm003186542,14.989223377614747,-7.855783453629981
agm003186577,10.068173000731791,-1.1150141157409712
agm003186610,15.880290709031662,-3.5378197247370444
agm003186622,14.031073184487042,-7.14416604061871
agm003186625,13.074145103586122,-4.8881446370091215
agm003186633,12.965574114226357,-6.510888343542241
agm003186655,20.92746442178489,-3.353515463366658
agm003186661,13.636106950322224,-6.2360137988822455
agm003186667,13.37735348079586,-5.335650901275957
agm003186690,20.53686583491553,0.42062014358902067
agm003186750,18.2252270165864,-1.0661343902720777
agm003186761,12.222052280004476,-1.5024846816920332
agm003186868,12.12658019639602,0.07828591033052756
agm003186925,13.0261692785993,0.6109258351792461
agm003186937,18.89289964388123,-2.9541369093400496
agm003186960,17.43749438529774,-2.0326854826905536
agm003186971,22.6467718142047,1.23870425583699
agm003187044,17.481147140435972,-3.6568988434453202
agm003187063,16.10853968117405,-5.316343162984784
agm003187134,20.280467970359208,-2.597631662936513
agm003187146,13.89013434018082,-7.493636226505405
agm003187151,13.996047573545033,-6.787986612504017
agm003187167,12.077646720637535,-0.780931608380653
agm003187249,16.93989964390205,-3.6799544133309015
agm003187285,17.645133447839562,-1.3029015976445444
agm003187329,19.460265744841344,-1.5769978408931733
agm003187349,20.277189172564604,-1.798213183422829
agm003187409,9.401356657293325,-5.399110611954055
agm003187415,18.90789801893841,-0.9998360333105607
agm003187508,7.423526720597039,-6.745004400454276
agm003187607,14.048945935351938,-0.3334639138027691
agm003187685,24.368274408730127,0.046255694723273955
agm003187703,18.361854717435392,0.7655742045081513
agm003187707,18.848881259748556,-1.9652893430261131
agm003187719,19.9785657889788,-0.6377188431243752
agm003187763,7.105766492871191,-7.535057870714583
agm003187937,15.455454697082867,-3.1293162598963775
agm003187961,22.70189652595244,0.2465256850320512
agm003187982,8.38376552398415,-2.986437741910019
agm003187998,21.86066684194986,0.7824676884186932
agm003188094,20.881704184168882,1.2970323539854083
agm003188136,13.238062422610136,-3.920348570427075
agm003188364,16.595559682115958,-1.9119767131533543
agm003188532,12.835284811595747,-6.679968695502371
agm003188638,19.99928061719305,-1.010444991078856
agm003188655,20.833454762456615,0.15037493883945574
agm003188656,18.380949806604164,1.3234215032866148
agm003188679,18.83927592146518,0.9062573062985897
agm003188762,21.037811084532947,1.0976422361368559
agm003188770,10.548799828051903,-8.371947881204704
agm003188791,18.075178845369678,-2.9843582425960644
agm003188803,18.368513052801593,-2.6249020989424285
agm003188821,10.407869452387736,-5.804796967984288
agm003188879,16.29699277841301,0.26517044114478594
agm003188976,22.489598792533307,-0.4760090732885738
agm003188992,21.987158708829202,-0.5555211435698815
agm003189015,16.126856013616006,-3.299585797758092
agm003189019,22.668789146049264,1.465437624674236
agm003189069,13.301099382183368,-4.956375101179104
agm003189146,20.037381109256064,0.37250570023134566
agm003189291,15.886096441936157,-0.3302485338833203
agm003189302,20.993724201567364,-4.616127563960509
agm003189312,18.071876924650496,-8.34812181503969
agm003189319,17.707034894435136,-8.914312067853688
agm003189449,17.21108335354626,-0.1421000965639312
agm003189489,18.68363229470636,-0.6228066415280442
agm003189501,18.569195310738507,-0.623942356732841
agm003189576,21.514588731695945,1.9077729534438346
agm003189628,16.9243416923863,-0.1697012717733677
agm003189697,15.036263632261134,1.2990099089419687
agm003189708,14.582167200585197,-3.7397250851284025
agm003189742,12.64302651562081,-3.9933692556443825
agm003189747,20.023834836753952,0.002571230899159005
agm003189762,13.296316831309328,-3.939499365533682
agm003189921,16.74035320103333,1.4490698314356125
agm003189933,10.79669830313418,-1.6526681073695717
agm003190060,18.963023287624083,-0.5136243003847771
agm003190061,10.551492907409145,-3.0125441425269646
agm003190064,10.538093393810938,-3.0047568136177687
agm003190091,13.652231474878677,-8.805159713860718
agm003190095,19.230508668605783,-3.249125335049035
agm003190251,13.667260892318065,-5.4396510864861805
agm003190252,13.678461110169145,-5.439085986090288
agm003190277,17.52713736643914,-0.7346764180054426
agm003190281,14.620082505081285,-2.9556468645893523
agm003190294,19.27774052574792,0.745231969006809
agm003190330,13.733310574705094,0.2260740287315799
agm003190355,13.94772073928241,-6.165706598261465
agm003190401,25.931206375307806,3.527410509492805
agm003190466,11.521582706179023,-8.23101558668797
agm003190541,17.774288281998935,-1.9952825215487677
agm003190600,12.475138984736846,-7.335815415122692
agm003190656,19.472001538227868,1.8913832589969135
agm003190732,13.61944148686582,-7.24441257978225
agm003190794,14.92234627001935,-10.011142969382576
agm003190817,13.99243365806823,-6.358576917369813
agm003190867,16.406483624571266,-4.599360494700688
agm003190888,15.675347300607234,-9.197525183456918
agm003190901,15.082523723737076,-0.08379929452101953
agm003190935,14.08008478527996,-0.5799290167726379
agm003190944,15.026323413397089,-0.3850136076493458
agm003191014,17.11868824580038,-1.4563569542996326
agm003191027,20.217371101837077,0.9748885963125766
agm003191060,20.91365569727609,-0.4884166034212116
agm003191063,15.233695322827101,-2.2115360474687296
agm003191082,20.831634906971964,0.3932824533606709
agm003191115,14.227866355343814,0.4709031487059363
agm003191117,14.95965731080027,-3.1784038678660442
agm003191142,19.22925749659246,0.052918376105114184
agm003191178,17.652276091695136,-2.463616070475336
agm003191196,17.4186336280335,-3.342497025566822
agm003191247,19.04044932554346,0.4046169604486898
agm003191253,20.10527752155843,-2.714121749192533
agm003191273,15.89053408927995,-3.749569282789271
agm003191304,20.082965036533455,-0.7060643562737883
agm003191305,18.2938667636774,0.6006543385476402
agm003191320,15.479397203434248,0.4528498501820897
agm003191373,18.70745303244688,-0.1895845979412396
agm003191397,21.64482347394859,-0.6348465876205784
agm003191408,16.512138838620732,0.4223804503498809
agm003191429,13.56335701385323,-1.096299707275696
agm003191463,25.788522600901093,3.537179900941859
agm003191487,23.525835164283713,2.2371596129779703
agm003191492,21.66994381995674,2.450359087622529
agm003191506,15.85848377928902,-1.6424754611962764
agm003191524,24.730999217426632,3.183251578873699
agm003191584,21.69145012798923,2.4683018085753408
agm003191590,21.350482871558174,0.7170945220069762
agm003191626,9.025113963122607,-3.599007288705387
agm003191702,22.165038742955552,2.4748634176725126
agm003191726,18.41000850302658,-0.09710856907335641
agm003191737,21.30946812028229,0.4087358740351892
agm003191827,16.883041875379888,1.4982878683804022
agm003191873,16.219107546372292,1.5716881561452491
agm003191913,18.980803020790415,-3.039552250278164
agm003191983,20.30351423544554,-1.5887383920996854
agm003192021,19.404262231984635,-0.5658075696176503
agm003192082,9.936320217574297,-6.416367963036748
agm003192087,12.903161109177095,-7.612510786419753
agm003192128,10.695151692430974,-2.100006015285693
agm003192150,11.395887435659478,-3.2356742241831067
agm003192155,14.868056083852135,-1.8142538740951317
agm003192156,16.734210152564486,-3.1657574292702697
agm003192169,12.969108272685668,-3.594224935379382
agm003192251,20.728607112333755,1.7246057035396278
agm003192263,22.35393258712663,0.27049418057217567
agm003192264,22.71227754561357,0.00999539597432797
agm003192293,15.771832470714623,-0.31088830230063325
agm003192310,22.073854907718665,1.3668495363915452
agm003192324,21.35522150769136,1.4930149830926842
agm003192330,19.746704910367573,1.915419433908283
agm003192338,21.27976036233928,2.2663997852686775
agm003192359,21.61086915574041,0.12590106649754773
agm003192510,12.618964165683579,-6.166787796159882
agm003192524,13.812930227210613,-6.53143123376554
agm003192575,14.107251568674382,-8.49870103814013
agm003192631,21.887153332977547,-1.9854230975206844
agm003192697,12.24336327597803,-5.588592078665397
agm003192698,20.27953358245552,0.12116517950970218
agm003192743,18.680175027577828,0.9467391814577373
agm003192777,12.374034903497195,-4.56190383275132
agm003192811,15.206987209564037,-9.796004328738274
agm003192849,17.375459168137592,-3.7072651430911407
agm003192889,22.619245164603228,0.8471250195186246
agm003192891,22.588605259352963,0.8477232382944204
agm003192966,16.636172353749032,-5.469610646770802
agm003192975,12.037490755255824,-4.696808679118542
agm003193023,20.524183850817536,0.8876602117592012
agm003193081,13.2696436747935,0.6642912104781571
agm003193117,8.36897998850404,-3.5187342765643477
agm003193118,16.988348652787842,-2.1390726826009936
agm003193135,14.139595692916814,-4.503592565260564
agm003193151,17.469776943408664,-2.647221206599209
agm003193229,23.803026711561877,-0.046513611535424104
agm003193238,14.773991382985425,-4.695466703084787
agm003193278,16.971318227530524,1.4321239934738834
agm003193321,16.85105514653084,-0.6095824108812931
agm003193376,17.64120914110443,1.5224203771757339
agm003193407,21.45533075751835,1.216032214897951
agm003193456,10.836185969110492,-5.161995738458141
agm003193514,10.030195977841617,-3.445234340487834
agm003193517,12.68460022767623,-4.600801923019448
agm003193582,21.8697191879664,1.5011479953029592
agm003193725,15.629537002581689,-9.033869485278753
agm003193736,11.943796196650016,-4.727993506589385
agm003193789,14.842232049446121,-10.410563213429267
agm003193820,21.753177427687824,-2.446293355414158
agm003193881,11.196692694424572,-2.2388214724578015
agm003193956,9.470739315475253,-6.887924669013825
agm003194017,9.578809270087095,-7.097118349957812
agm003194087,19.257358216673673,0.39202385556558034
agm003194151,18.361574882348272,-2.6273507583882822
agm003194162,13.714793620423208,-5.563740630603702
agm003194164,16.348134956720987,-2.598272312546137
agm003194190,8.68312787354802,-6.338294455842375
agm003194196,12.029789277162926,-1.5203630003611885
agm003194235,21.424579120459804,0.5105147288799572
agm003194237,20.934351999907,-0.11003132131061974
agm003194254,14.368450440058169,-2.791227393297397
agm003194284,11.496015372359748,-5.061881695691733
agm003194330,16.629685223969233,-2.265970860448408
agm003194355,12.047356268443682,-3.1699091794318286
agm003194360,10.258246882898446,-5.288867324657756
agm003194416,13.6345587716446,-4.0007987157562
agm003194445,16.384411046363688,-5.010248745270121
agm003194459,13.773660284370852,-5.2190419044336505
agm003194474,21.028972833735445,-0.004882227292382168
agm003194475,23.411292304616307,0.24334752228063508
agm003194490,16.34914041953435,-5.023183324024332
agm003194502,15.398561325801367,-2.3369380693253574
agm003194527,17.75788619394046,-6.310647327989825
agm003194528,12.863529082469602,-5.292431831564405
agm003194533,15.943218057964685,-4.699848790555495
agm003194541,13.716875511570265,-5.448061620544724
agm003194574,15.395551325006815,-4.545801984344069
agm003194577,15.803014716760813,-6.327771333622138
agm003194618,15.147744448520559,-5.823093016184661
agm003194629,17.814928233863316,-1.4726427663530295
agm003194643,13.550982044217548,-8.07836239092012
agm003194648,15.131661179855916,-1.9380255560035073
agm003194659,12.922592310561413,-4.6229305528683495
agm003194703,20.53382548006821,-1.9478402302955273
agm003194719,13.684461318864408,-5.106516826919035
agm003194728,15.42249838021707,-4.491495756121539
agm003194736,13.457661324450854,-5.137407891775472
agm003194761,15.234911652522701,-2.142372045314563
agm003194802,16.27332896813217,-1.472225142494833
agm003194803,15.936741574660008,-1.7884295567264281
agm003194805,15.664327284762384,-7.056279786390758
agm003194823,14.631746465378063,-5.810484542493709
agm003194838,16.08906504544739,0.4524426097285971
agm003194908,14.988099111333995,-0.9782153513128243
agm003194910,16.912428003516602,-2.2281255891311678
agm003194911,16.214931089954614,-1.7582661256717675
agm003194932,12.62088054572278,-5.169901396746125
agm003194937,14.217424521852408,-1.0925919778493416
agm003195041,22.394507604090727,0.6303603032599717
agm003195043,21.865207055934633,1.0903271645883224
agm003195096,13.356281743506159,-4.934269411735333
agm003195112,15.27797342009271,-10.335933546651692
agm003195120,19.075143433318235,1.0035389845016112
agm003195185,5.8911217094874475,-4.450317271866948
agm003195189,11.438422964785588,-8.392469516021029
agm003195191,19.87250405243525,1.4412426430329965
agm003195229,15.747596663935449,-1.9733173808159936
agm003195244,12.22633182698886,-4.813588939508235
agm003195255,14.342320198410546,-4.033815973085144
agm003195263,13.412366843731421,-2.1271297297080087
agm003195272,16.906028039846554,-3.908208239815041
agm003195341,19.454059755708524,-1.285758968280014
agm003195374,16.639163746245604,-1.7200012298920901
agm003195429,12.768783375954108,-5.997288368196711
agm003195474,23.5464918483879,2.9416623162886775
agm003195486,12.409838791509722,-5.587391758278515
agm003195518,14.307804509638677,-0.9681262832934134
agm003195543,19.55805666019083,-3.4669869337592316
agm003195550,13.071046731355343,-3.784396265561346
agm003195569,11.17509119753852,-2.2828386104177394
agm003195581,10.347807568433888,-6.07027288036684
agm003195639,17.760579082142563,-2.508377007658788
agm003195757,21.779040707241915,0.24073414631967024
agm003195785,15.53691133090267,-4.229411477274458
agm003195806,11.062176621813656,-2.328415142656867
agm003195808,19.04079759229104,-2.807079839936842
agm003195854,14.999128329398092,-3.3341592483986857
agm003195889,10.855897694786263,-4.184627591908609
agm003195924,17.283951050753277,0.1549219355895127
agm003195936,8.838070091577979,-3.9326615033379912
agm003196134,20.379134788361068,-3.664063716291169
agm003196270,25.230327230672746,3.267930635369966
agm003196287,9.281447395922624,-2.4735948746742396
agm003196564,18.829633008646137,2.809138532692451
agm003196574,18.222700328672634,2.479587385275982
agm003196640,15.934400024160054,1.047669446323889
agm003196750,17.608695126441077,0.779394986147036
agm003196919,12.083479070621943,-5.25024639906965
agm003197214,12.945020039299942,-1.7404167750958737
agm003197258,18.44319988031214,-2.2275336051103474
agm003197431,22.17530035973111,1.3193442302818454
agm003197533,21.952681711044463,0.6527065347440963
agm003197750,21.94237450575801,1.7685467107189083
agm003197776,21.35135810077554,0.10705699118137406
agm003197988,17.22211837832356,1.13673863861792
agm003197995,22.474695262017068,0.5995336368586077
agm003198025,17.880977157489244,-0.5174033232720827
agm003198086,14.905473630632168,1.0635418180450482
agm003198314,10.485579979285754,-4.28385018332441
agm003198417,14.0470065577179,-9.525493373398836
agm003198487,23.233609401564678,0.8130793449823255
agm003198546,13.686739394919051,-6.923843118715972
agm003198641,13.435673361557756,-7.760213055181122
agm003198798,14.792772697979155,-10.0911567148303
agm003199236,16.54292729742269,-2.458224902594804
agm003199318,12.289100779803874,-5.749078504483317
agm003199356,17.755456666776272,-2.532867157191895
agm003199428,12.235261027804334,-2.5404461508388594
agm003199459,9.6022745877319,-3.420592596944715
agm003199596,12.425466389259165,-4.010137513307224
agm003199601,11.208644121005408,-4.370209950853341
agm003199672,11.838650083605161,-8.491078683126645
agm003199763,11.452817260376435,-7.926969170032765
agm003199829,15.568392845925215,-5.2059699170068185
agm003199971,16.497484499794275,-7.956308557470373
agm003199986,14.07866616815424,-1.2321494507735269
agm003200017,23.26996444398942,2.8713284861638866
agm003200166,17.975753960091872,0.19095143812229587
agm003200199,17.131042412273885,-3.7268649033605734
agm003200254,15.05523456877981,-0.36288904516847104
agm003200311,14.590011316735874,-5.273633356261299
agm003200349,20.50944515350888,-0.5400885550582828
agm003200391,21.498001511409168,0.7601621700553421
agm003200407,7.12563544083919,-6.959082224433363
agm003200457,20.291085932809057,-0.5417552963962038
agm003200486,14.03049710239535,-0.748233770311543
agm003200491,18.93906367120175,-1.1213458299136345
agm003200528,12.184339620927188,-4.614553920857021
agm003200530,13.883511156014556,-8.039958732727625
agm003200763,20.675020780468362,-0.2357433703763482
agm003200790,9.62186745885253,-5.524322733535324
agm003200870,22.253262157451214,1.172938922468538
agm003200900,19.145660802848948,-0.2571345354172478
agm003200912,18.6608921808507,-0.3494564936647926
agm003200982,12.237115782045251,0.5193681148234163
agm003200995,13.199552073648418,-7.0527992754641815
agm003201024,15.748999188478455,-9.078284042800659
agm003201026,8.915182272347213,-3.504355023098546
agm003201030,14.803217665307683,-9.4998815201156
agm003201085,12.874946557228848,0.18471129498069594
agm003201120,11.177918791945231,-7.682921538414694
agm003201129,21.011723078300594,0.6475564828327212
agm003201191,22.924600926396128,1.7971490085207666
agm003201203,17.04083308581927,-3.3628618652419906
agm003201206,17.413912639942872,-1.5939616492179496
agm003201221,12.499525509027537,-3.887473988168523
agm003201277,10.753896049809486,-4.100399628457985
agm003201419,17.142660898482504,-4.248112461921649
agm003201431,16.680137988971055,-7.607532097387992
agm003201441,19.54525497638964,-1.3985759762015089
agm003201443,17.21426107455086,-1.7432779347284104
agm003201447,14.557167746524966,-5.202501758218527
agm003201489,10.667333931865002,-5.7970018809096
agm003201510,15.612832768086244,-3.961404768397566
agm003201602,11.104800968372187,-5.029609506430892
agm003201613,16.645656627520598,-4.3666928556823725
agm003201674,23.012904581543392,-2.5361200955291032
agm003201696,16.620930541716508,0.533255946355594
agm003201709,17.17357846687576,-2.3860331727951056
agm003201765,16.870173589516398,-9.378282333199655
agm003201812,11.38532780220123,-7.4669616145256015
agm003201835,13.364137929542729,-3.182676576437333
agm003201867,18.93325196029935,-3.602148267815334
agm003201885,20.94349755638397,0.5565401422675045
agm003201888,16.20491012323731,-3.577079581274179
agm003201903,20.255870652756855,0.4317047422768117
agm003201928,18.641562875033593,-0.6476939233665036
agm003201935,11.775765670009363,-7.453211123036948
agm003202000,16.28671097902857,-5.599700693411961
agm003202045,13.720463771741095,-7.888206952378822
agm003202067,9.498620292902201,-3.5616050887717177
agm003202102,14.822070621671942,-1.888074645503502
agm003202114,7.876500801812294,-3.4654279885147994
agm003202136,9.081754535558959,-5.038671604104128
agm003202143,9.145035095667714,-5.251624724862958
agm003202173,17.21239352560834,-2.1489492739546034
agm003202177,12.453192243464615,-4.145568390378138
agm003202211,15.053923302368316,-0.2776053328033443
agm003202215,11.944210928830055,-4.168749232378798
agm003202226,22.8109772814651,2.8210752914596857
agm003202245,12.088182585732163,-6.133382915965878
agm003202270,14.721574168089008,-6.07869408571172
agm003202293,12.559268586307304,-6.950611352894942
agm003202310,17.096720726703964,0.020626654522831227
agm003202337,11.60876373489652,-4.732978882896066
agm003202338,11.998219056632685,-4.280411775651262
agm003202416,12.792502066943108,-1.62754808141712
agm003202472,12.648555795365224,-2.623491898350261
agm003202527,17.081745154899735,-0.8129485284308308
agm003202528,16.346265148126964,-6.056191433257259
agm003202558,12.675732407650443,-3.2353974091570255
agm003202659,9.778694549247591,-5.458273497791481
agm003202670,9.515851762994489,-5.4039334446009475
agm003202684,9.821293738965702,-5.443359968032351
agm003202686,12.477497042060799,-5.30457448846144
agm003202705,12.848099488904284,-2.238522673088424
agm003202728,16.66981355227453,-3.3296720195260523
agm003202774,18.48960100238639,0.8713573654997475
agm003202797,12.043894535025238,-4.148249709712588
agm003202838,14.13425369897974,-8.46843012583354
agm003202880,8.424700861085979,-6.037688135351238
agm003202883,17.739912980676845,0.41966317813817966
agm003202914,15.913224475006809,-1.5918880951918435
agm003202973,13.431125712842165,-1.933665503583045
agm003202976,15.974100834051482,-2.5790718892647466
agm003202979,15.236322489403713,-3.721052429486965
agm003202988,9.816877370673547,-7.167332855807518
agm003203037,12.621468194511811,-5.743968942086794
agm003203060,16.99793446041558,-4.117482381326748
agm003203075,20.011636842840662,1.8174063301945267
agm003203141,13.721445609062506,-8.059587333308505
agm003203167,16.87605082629405,-8.412136228101259
agm003203198,14.973349493739967,1.024934862885644
agm003203260,11.092410304688583,-7.816889902305597
agm003203268,13.745921218180447,-1.2682843637518157
agm003203289,15.298051481875262,-0.3703206386661891
agm003203296,15.867243415499123,-0.5932963245553488
agm003203314,16.38167150241159,1.2015502687214887
agm003203333,22.396418495012327,-0.5508532774725919
agm003203401,13.003291724944548,-2.924678482389567
agm003203422,12.367744291662321,-1.8145316063465264
agm003203453,22.170990346587505,1.4697912556918087
agm003203459,15.451534573587411,-0.4494570036097351
agm003203517,13.297642044626343,-4.025814843560061
agm003203535,12.55984280332571,-4.603576308633088
agm003203545,23.13128358833639,-0.01871439424312153
agm003203574,17.73487149880587,2.258818495215128
agm003203609,18.3563932844948,1.1417840177374632
agm003203667,12.717861628953505,-8.631197928754414
agm003203692,10.206720435423664,-2.9661100082917766
agm003203763,11.338956960853706,0.29043214875193346
agm003203775,20.117651125633873,2.5376880421839263
agm003203782,19.673265057034545,2.8168911704080486
agm003203783,19.609354966248006,2.8242356032733453
agm003203826,13.423428718415211,-6.847474353883029
agm003203869,12.517022959771475,0.5267724638691215
agm003203881,15.236386819348882,1.0993982186613696
agm003203915,17.87981348320645,-2.3376058939140907
agm003203933,20.821054271583435,1.4423257022709215
agm003203947,12.529428823954214,-7.224548233167191
agm003203958,13.28937272195139,-5.936041352541455
agm003203970,14.881160225861452,-8.679890001059702
agm003203978,14.744009272837472,-9.158749220276523
agm003203981,14.668282261508594,-8.816527252558258
agm003203987,10.651530188950785,-4.129139720791366
agm003204024,13.740814525829421,-9.493586942815567
agm003204034,13.378280529437886,-7.750437702959939
agm003204049,13.082514507125609,-7.501751045267368
agm003204057,13.544854131880237,-8.5133596632722
agm003204073,22.584673684986416,1.1699380572089038
agm003204088,13.195754213152256,-6.601424645607938
agm003204097,13.688140984918057,-8.664794029409686
agm003204105,13.728752528458465,-9.218458469710113
agm003204116,13.95121765686284,-9.499028973920096
agm003204139,13.151591854414818,-5.7842672795461425
agm003204152,13.340795540105523,-7.8950858071105
agm003204179,19.068775368342642,-2.9430200883185833
agm003204288,15.341980368501568,-7.9364103982188325
agm003204325,8.503273371993197,-1.8848626228449579
agm003204333,18.26335038735295,-0.4341949974393291
agm003204349,15.84711607978524,-2.422137072398614
agm003204377,18.179463052920998,-2.3913588993702697
agm003204393,8.450111192996525,-5.047705937715601
agm003204411,15.31640465888244,1.2212621994678117
agm003204440,12.860126989321218,-7.376546136767608
agm003204447,12.06881380364983,-3.1946676838397496
agm003204457,15.90303231835089,-5.623708342534237
agm003204461,11.240336539551992,-8.064898654082922
agm003204464,11.410374311185244,-7.41342102382555
agm003204504,16.258317501590568,-4.042858208079359
agm003204574,15.560452247870808,0.8885170632962375
agm003269273,12.712182667296437,-6.207312434239253
agm003269282,14.673392859157671,-5.244327574659409
agm003269292,13.57992619455178,-3.924255709945146
agm003269558,9.702827845022343,-6.371485111289573
agm003269567,15.0551599039671,-7.5714744821138655
agm003269779,15.268315181320801,-2.6112415415695445
agm003269933,16.88563662363435,-4.119241479986607
agm003270005,17.790270273133416,-2.186949189386658
agm003270328,13.476277161317482,-3.2483428405629335
agm003270449,15.44592479817016,-1.7515398826406925
agm003272036,14.298833124643908,-0.3564118008317025
agm003272431,15.727267992138245,-4.818250691738331
agm003272914,18.92528840590984,0.11975364849975396
agm003273177,22.51968412867643,-0.14427450979403034
agm003273366,16.563036527361934,0.2736777478477241
agm003273558,15.693893005440449,-5.541813309781165
agm003273559,13.058086828006177,-8.852659763780215
agm003273566,14.738839774096512,-9.157946054869628
agm003273952,16.189763313727312,-1.1843742505957835
agm003274055,9.797343624519325,-5.809288607627214
agm003274165,10.161836078266145,-4.329295282963493
agm003274200,10.139257001396746,-4.051225434170241
agm003277909,18.267003338662338,-3.1716633801567338
agm003277918,16.412630471361293,-5.541782950303879
agm003278376,18.640070486164152,-2.4133322882967096
agm003278510,13.263939580757588,-1.0515424113081284
agm003283080,13.275104377069697,-5.649469738338294
agm003283089,10.160253293294618,-5.980283993228753
agm003283187,19.35262726698788,-1.4583747714776187
agm003283350,23.23430658732131,0.819151457764376
agm003283364,14.460998959988169,-6.361647324935785
agm003283530,14.543539616083473,-0.09703752179921743
agm003283565,14.598623895335455,0.28210404493426394
agm003283567,14.395778178008186,0.28447498201080706
agm003283572,15.549188436948105,0.37787155709211506
agm003284120,31.002219815133277,1.9030474397031067
agm003285094,25.675298405424783,0.047057471043495745
agm003285335,19.41484186990126,0.8578214088193695
agm003285387,12.411632179236141,-6.2630063414842105
agm003286800,21.73793079174046,-0.18717986739712061
agm003286817,20.54183032381858,0.2410461564390168
agm003286854,23.164119418296828,-0.497305886885605
agm003286876,22.85096005546001,-0.46311125149756693
agm003286877,23.011277715230833,-0.44081629017491225
agm003286891,22.6997600282675,-0.4915141120186874
agm003286894,22.693996345412625,-0.4910687832109879
agm003286964,12.630171740727167,-0.45146248404368167
agm003286976,25.826295434112872,5.277883668142752
agm003287023,22.618125456481927,-0.5494262116276232
agm003287293,12.633671484436402,-4.0177098337586585
agm003287798,18.236968462569827,-2.505512933113366
agm003288006,15.524516138131464,-4.747154590559201
agm003288066,15.36306488898362,-1.8439859469219961
agm003293639,13.980502660259164,-4.719952839612662
agm003293742,24.00043546410689,-1.8232324090751746
agm003293743,23.891741873647906,-1.7404388533356059
agm003293826,15.318597636511816,-7.245850205671905
agm003293905,22.430921479931698,-1.1285572722883388
agm003293960,14.556327692033413,-8.072325958733547
agm003294113,11.55110947423543,-7.288799578008852
agm003294514,13.068962924190643,0.40435278030772653
agm003294539,20.38984337075094,-1.3919011733867557
agm003294563,21.412259939268566,1.307884845491472
agm003294671,22.485469529477513,-0.5306954950210958
agm003294685,22.697097027784267,-0.48573202907326163
agm003294693,22.145993080258283,-0.5441263380841838
agm003294694,22.349463725838575,-0.5275899356070889
agm003294957,22.78792653358988,-2.7851444807107004
agm003295035,22.483922203568856,-1.069728910626165
agm003295190,18.59413122065401,-2.8176291289203905
agm003295228,16.998163648778043,-3.426203129712018
agm003295647,14.603905636034222,-5.6336523859114775
agm003295735,10.590490448627557,-5.512625989758962
agm003295855,25.91466803716621,2.779425661312621
agm003295966,25.787726632912932,-1.9563771398062002
agm003296157,19.627984384288506,1.2012301469117288
agm003297347,13.546953993644044,-1.254996091509962
agm003297458,23.48401078674357,0.6840366189235383
agm003297666,23.55238629982592,-0.34787921280928275
agm003297787,27.302199679558946,1.5419807294217236
agm003297822,28.29810633697081,2.3043673134071354
agm003297826,30.961187479849393,2.7914473699841396
agm003297876,21.491908138363435,-1.5264163090352114
agm003298008,17.789867480467933,-2.2087881442124844
agm003298156,23.314097295403894,-0.9655861137515288
agm003298282,23.943575379352843,-2.9131832568803575
agm003298293,20.613169430031274,-2.277905717075682
agm003298298,19.509149547228695,-1.1025300469789294
agm003298407,17.400759218299047,0.9186688176833553
agm003298440,20.666170329942048,2.754175000328723
agm003298585,22.898306915371364,-1.974896913595158
agm003298719,23.585241337995118,-3.0496512129869067
agm003298784,22.855031014425467,2.1347155279855454
agm003298924,11.928228192971394,0.6035101104934428
agm003298929,19.726836951958784,2.6584861478461796
agm003298971,20.2286018461889,3.0512182682167475
agm003299062,21.466199044605897,-0.05883308713201707
agm003299063,22.425570787526855,0.0688962585291429
agm003299128,23.328112126269726,2.119314936584265
agm003299160,10.454594340184409,-6.167499809320593
agm003299310,22.213554993070677,2.0796208253550197
agm003386930,25.56262822666256,0.914448545285007
agm003387149,23.226941563182113,-1.5305422025500655
agm003387266,23.49218985764678,-1.5203824804519506
agm003387325,16.383446071986864,-1.6901448010780389
agm003387545,19.809328241927883,-0.7553425635595588
agm003387821,16.161361582794747,0.34695170843627104
agm003387971,13.354695406891006,-2.3778469419278943
agm003388465,15.669322443915007,-0.2741095907757476
agm003388466,15.135042390861065,-0.34317480125571753
agm003388799,15.232090859266805,-0.9634600073754331
agm003388923,19.64586140349867,1.235877126914874
agm003389113,23.34022966602627,0.04665802589773591
agm003389435,23.322662984061857,-0.27219403167871264
agm003389460,22.524651620656577,-0.32304943737272607
agm003389473,22.068056200062756,-0.3794521809542729
agm003389518,21.526954756723384,-0.4254261689169304
agm003389540,17.885525370985867,-4.212561550292817
agm003389908,15.438156840364869,-5.30783525197028
agm003390159,17.478751854598446,-1.7210775109728076
agm003390209,12.76350638180827,-4.835166221734049
agm003390212,15.289340131643211,-6.195573485023597
agm003391113,18.534081414241193,-5.944450259869773
agm003392121,19.41121708462508,1.0288337677994366
agm003392880,22.456785463064605,-0.3129008982066047
agm003394102,15.865443378523224,-2.020131242323377
agm003394650,14.24863712487615,-4.009292221342163
agm003395781,14.71147865417105,-6.143055977689178
agm003395811,17.691425430473156,-1.6999895773251528
agm003395941,17.66250649171108,-0.805991662112239
agm003396172,17.58645637608359,-1.6821363797755846
agm003396353,17.12019572145677,-2.1570241932285863
agm003396488,15.63132258727885,-2.057851959838841
agm003396549,16.04138369477627,-3.5884321570291307
agm003397256,16.827550614487116,0.7867053633794377
agm003397369,20.91917510184055,0.6812858508761167
agm003398650,17.74098322363248,0.1188433142349254
agm003398670,18.222341360327853,1.2985882014877177
agm003398671,16.03477161784982,-0.9122544178348185
agm003398688,14.562593045763085,-1.793604796898094
agm003399082,20.915078068172082,-0.07026343698236773
agm003399587,19.511159652987807,0.4610316674908475
agm003399677,17.874483301104405,-0.44702378760366096
agm003399847,22.702745749869113,0.5554689545933933
agm003399934,26.45840565407486,2.442491137073703
agm003400728,11.998544660464344,-2.3004183930785986
agm003401019,16.097894225455008,-4.442492800174385
agm003404793,18.428232115109743,-0.577207054701151
agm003404824,18.117918155826043,-1.6173616724152207
agm003406540,24.88792878389875,0.9395399263948618
agm003407117,22.430328750667623,-0.17095332258041723
agm003407177,17.033710372748754,-4.214949331081456
agm003407196,24.510193566071376,-0.1472483088751268
agm003407271,18.78713262993689,2.0997967820591925
agm003407272,20.112659228963306,2.2595544325028096
agm003407353,15.285693315116902,-2.5978778317754654
agm003407402,17.086135817133247,-4.264276308061348
agm003407453,18.993708553063758,-6.097384710821439
agm003407462,20.428207333449325,-5.133952222483129
agm003407498,19.374652760512106,-4.678474200587675
agm003409592,21.011044985216348,-0.47380901460267505
agm003409647,20.62286684387701,0.10119838773252236
agm003410047,18.86454230998498,0.866737380757239
agm003410099,21.304384497924215,-0.1344740943648445
agm003410803,23.392972281183475,-1.829984954249764
agm003410914,23.612324378269083,-1.0654600269503003
agm003411071,20.19695609418299,0.16833380122198172
agm003411072,20.037349944993064,0.15411418734509516
agm003411073,22.186226315078258,-0.15210910904981687
agm003411095,20.96208169257532,-0.3811470751038269
agm003411119,20.922276904815735,-0.1641430206057978
agm003411434,18.487928742452635,-3.249457858369542
agm003411435,18.6421182943935,-2.60829171540613
agm003411518,20.239882562873138,-0.4044936798055918
agm003411522,18.214550849889356,-1.1581404125504935
agm003411539,18.09506859486344,-3.4210067931698354
agm003411564,16.999560691598692,-1.8552037484519266
agm003411647,18.466516938179804,-2.4238079713845084
agm003411733,18.889250938325983,-1.9833671782422424
agm003412041,15.800537827562522,-5.3297839000732745
agm003412085,17.2364377822387,-0.9796478666242988
agm003412102,16.835576414601913,-2.191358066755552
agm003412166,18.119787364632025,1.2378897369084843
agm003412172,21.270478286272823,1.068226539544181
agm003412183,18.987408047995945,0.725171397942019
agm003412275,18.30409551675379,0.6594519543832232
agm003412325,21.342448761556422,1.017339708184857
agm003412331,18.57021484385597,0.260955730490578
agm003412348,18.983972324067455,0.9089516126260708
agm003412402,18.149388359787505,-0.20533049221215904
agm003412613,16.18387156194707,-0.38632622470818373
agm003412623,15.935053838315932,-0.43367797908929945
agm003412636,20.303361972633926,-0.878511773187863
agm003412657,18.214329268675193,-1.5073444008284476
agm003412800,18.47936332991824,-1.061870868019095
agm003412967,18.96918385450024,0.4845497083392593
agm003413000,18.12865355189501,-1.3891438184493563
agm003413004,20.606579999305634,-0.7443780366472138
agm003413034,19.667610509041776,-1.5507603072809804
agm003413072,15.246062356389764,-1.5414422293585475
agm003413260,20.372261119566417,1.1412850119533076
agm003413272,18.671825936641657,-0.2195463874393706
agm003413372,20.665122352309563,-1.1241360304340666
agm003413414,17.94180953259206,-1.8588655513408199
agm003413514,18.365234042665488,1.2622446888584602
agm003413625,19.669473695884545,0.2644985292919368
agm003413955,14.986698400042258,-7.73632919405124
agm003414109,15.926995989720615,-4.938486790632164
agm003414117,16.9456690779475,-8.864114188211229
agm003414290,14.470004026681783,-0.4671656160110616
agm003414555,15.47439522755058,-1.1475738772092754
agm003414757,15.847194101415743,-0.3411957776989721
agm003414991,15.41581230298952,-8.707776971806458
agm003415039,22.50733854183338,-0.007305216544749508
agm003415115,20.976357413891822,-0.16061171097331695
agm003415724,16.330106560916736,-4.20204748911996
agm003415728,19.429422700705306,-7.328433399729188
agm003415757,24.721153693426274,-1.0198466221191442
agm003415816,20.719707662717138,-0.16138708250939318
agm003415819,20.80512024989762,-0.15527817524290613
agm003415880,20.52709087632967,-0.5674073687770503
agm003415907,23.25787211781564,-1.0784349852856583
agm003415994,14.251001429657352,-3.5183747216973438
agm003416039,15.931674155178145,-4.003438913624685
agm003416317,18.284267060660778,-2.73878236285494
agm003416401,16.150070984501156,-5.231599588936477
agm003416639,16.24602492958755,-2.493318272214585
agm003416681,21.30270559354234,-0.15962760223144853
agm003416724,19.402809177694984,0.3145995301162898
agm003416773,21.277959493825048,-0.0818696647165229
agm003417082,9.170125945305776,-3.6122401690426478
agm003417715,15.92962428949499,0.14073782982427976
agm003417739,19.828302375821803,0.22819005474784326
agm003417774,24.085629833121427,1.2046149915137299
agm003417835,22.068900289669063,-0.28931637668802007
agm003417946,22.91621452335153,-0.5195892742576375
agm003417997,21.92514770561488,0.1474488873791356
agm003418103,22.809384549586284,-1.9403286811746785
agm003418112,20.64699558727425,-3.914092938155159
agm003418124,21.143028714413877,-2.535145051760209
agm003418475,24.849449280185127,-0.6408875457182776
agm003418485,25.67746719137358,-1.063106995349089
agm003418514,23.29114481601674,-1.131681172244022
agm003418654,21.430563768692735,0.3669950024616296
agm003418661,23.79920424453529,0.7925704203508582
agm003418672,19.351754659526296,-0.6021597145293752
agm003418713,17.397744521896296,-0.9675795071921053
agm003418715,19.117173354723647,-0.7547497545407639
agm003418877,20.198468226158898,-0.15399850678957824
agm003418896,20.71121415262228,0.5608632015124252
agm003419124,18.83991408430021,-6.19430216875337
agm003419268,21.52532309077588,0.31956490885508987
agm003419316,20.359398964928445,0.09418671942764156
agm003419499,23.892808021185292,-1.3803451577210832
agm003419500,24.530079864259097,-1.3275912901439035
agm003419753,20.917642436774667,-0.05240730762227663
agm003419787,19.77821824241808,-0.3961712726126277
agm003419812,22.43141082038873,-0.34890095938888227
agm003419828,20.36374643150388,-0.5795336518973855
agm003419829,21.30004101504536,-0.4890540225550885
agm003420075,15.206615414413891,-1.0463487629951986
agm003420140,20.378550602115098,0.4634766339446017
agm003420162,19.515024396939314,-0.6950357298600469
agm003420217,18.998969011724267,-1.163458284896467
agm003420288,19.233012842882605,-1.546011722054078
agm003420344,18.16981573417821,-2.6947692413057687
agm003420386,21.6112718176043,0.7520753248829118
agm003420389,22.028403008107617,0.8272114407859915
agm003420424,19.765866672319838,0.5678247257763663
agm003420441,20.231952299928427,0.604196649614695
agm003420447,20.647465162234983,0.6108400795521085
agm003420448,20.56542294817693,0.6029962337378899
agm003420553,21.957823330417636,0.8539813351847153
agm003420777,12.917046272850309,-2.3838481163359435
agm003420849,18.276909347415003,-6.63685986672849
agm003421030,18.19950028146244,-1.379407987300593
agm003421148,23.874173283440935,1.5547169636832159
agm003421173,14.652694848324238,-1.0044974511389475
agm003421460,23.94751564543209,0.15800315480956803
agm003421936,18.293218192336695,-3.445553678389039
agm003421955,18.20587645654437,-3.190136136750109
agm003422074,19.223774801086957,-1.2244195543922523
agm003422083,19.320638204039675,-1.228485506906478
agm003422160,21.360133379283145,-0.1263330650459545
agm003422325,21.143807678012035,0.18769600634627834
agm003422341,20.16044453960467,0.08238842427470416
agm003422403,14.841998646400265,-1.1803202828295243
agm003422744,20.38332636593409,-0.6423770207838603
agm003422973,20.33366923203222,-0.17086305515445352
agm003423323,19.39858018848254,-2.478739820543472
agm003423326,18.374808469210095,-2.7255789154657033
agm003423530,21.219860372924256,0.15702127428215226
agm003423532,21.460541802084276,0.17765466062516508
agm003423556,21.067212543710934,0.12650702432107744
agm003423564,17.821237440895526,-2.915852068469881
agm003424457,17.579862736895162,0.4476099610922362
agm003424469,15.873651344303147,-0.3502160753175187
agm003424667,23.235036212284857,-1.6025903018361458
agm003425374,20.320928045310534,-0.19936585011201124
agm003429030,19.18434509162189,-2.4050061027610385
agm003429160,17.560173875383366,-3.994525634223894
agm003429178,23.6050935497319,-1.7661472028473846
agm003429202,23.10583196234631,-1.7793802839499946
agm003429263,22.07640690926978,-1.9096927597940685
agm003429286,22.568453263858686,-1.6931717953321985
agm003429318,19.940744249446016,-2.6981318183709995
agm003429324,20.060905788523314,-2.575252929325835
agm003429357,18.651979186679185,-2.8565788396679035
agm003429460,20.36809351192153,-5.627630062583225
agm003429491,17.40946719695985,0.23812871088545506
agm003429505,17.980043025010204,-5.322498136294925
agm003429538,15.165987868315502,-4.679443589513647
agm003429542,20.110877252827056,-3.1538189700916894
agm003429545,20.936672568824736,-3.051156728060447
agm003429618,17.467499833697136,-6.421059416522797
agm003429652,21.80547166022254,-3.8326553225876556
agm003429728,23.650120510414922,-0.38385871986858433
agm003429730,25.296479642198975,-0.0017636738414784265
agm003429741,23.19579686760321,-0.42113809765469473
agm003429786,23.52479439527113,-2.696751190439258
agm003429839,23.27424905734397,-2.7645042647581364
agm003429904,24.88282354399634,-1.2824595975612414
agm003429935,23.0257248749795,-1.4501527550962923
agm003429943,24.46222218602735,-2.0306896171680417
agm003429955,22.882759557209237,-1.4720967527875615
agm003430049,24.310168078871254,-0.8282347643306748
agm003430052,24.141598843647532,-1.033561985397693
agm003430154,12.128668996136348,-0.5248739013081908
agm003430159,16.340501335798518,-2.186200823850729
agm003431080,28.291953399052844,1.1526470173662329
agm003431683,16.06457764069932,-4.520286532056458
agm003432245,13.115352112834293,-6.865894921450315
agm003433895,14.555849871729615,-2.3193493946985924
agm003433918,16.492741726014348,-4.526292358098856
agm003433924,16.505612752307975,-4.53627485746869
agm003433933,16.73642576326407,-4.467126766511727
agm003433989,17.900754353397065,-4.053465665241984
agm003434026,19.676900447620557,0.3036908681729387
agm003434028,18.792538123283816,0.19554666843663604
agm003434052,19.675996833615613,0.3536034667930643
agm003434093,19.927472621592976,0.44019119989398686
agm003434095,20.02211142837438,0.45112687878682795
agm003434097,22.292329961993797,0.9022939461010241
agm003434145,18.739330134309622,-0.8929442186114377
agm003434154,16.439373955364317,-1.3005416543912007
agm003434157,18.39120904011385,-0.5383846452880512
agm003434198,17.597640408678796,-0.4521794643751124
agm003434223,19.521158508371144,-0.5976312681897884
agm003434228,18.88580742192902,-2.6457757710300016
agm003434233,19.61387353059766,-0.7554241932888471
agm003434241,19.462690123393546,0.09411724333164884
agm003434250,19.77294613674566,-0.2808405208547254
agm003434263,19.09221701680418,-0.7662294103252828
agm003434309,19.650954742419913,-1.075964813369857
agm003434331,19.97870812872424,-0.3359493106713529
agm003434348,18.89343300180162,-0.18961966565733412
agm003434350,19.082459704439046,-0.1692961722109748
agm003434378,17.830511165370115,0.8216528997056128
agm003434383,17.56468658771961,-0.6572145014730472
agm003434409,17.91905981512478,-0.17128091275057855
agm003434444,17.21942271881618,-0.2566819529067601
agm003434454,18.045661587993962,-0.15606829261028388
agm003434455,18.426850465806343,-0.10182062131274587
agm003434457,18.36156555714761,-0.10994282524712655
agm003434495,18.786137743489093,-1.605505946673831
agm003434541,18.64650720362731,1.6170009055625651
agm003434585,19.315389219136513,-0.23299653775609266
agm003434589,17.428198001915295,1.260089941406927
agm003434591,17.806209838759465,1.269116138467292
agm003434597,16.151147352395306,-3.2502272841462347
agm003434619,18.462211554114862,-3.586494417084038
agm003434624,16.788430681553322,-4.052355771950608
agm003434645,21.011011150822437,-0.8797880463843105
agm003434695,22.573755701987682,1.044264408207552
agm003434713,19.867305759922576,0.3991107124978228
agm003434719,20.806596351803698,0.289586272014627
agm003434755,15.467052842522937,-3.699487782739181
agm003435647,16.687745539163863,-4.780078425890378
agm003435683,18.65952423993953,-6.253950924484869
agm003435758,14.240004872783116,-6.512901166669493
agm003435813,11.291517326383037,-4.884368676793787
agm003435889,14.063319093741129,-8.509273584205943
agm003435922,13.000087612958405,-6.694889621298977
agm003435967,14.281970899167383,-6.148757439527546
agm003435970,12.859224451364554,-6.3359695239095295
agm003435985,13.772179611068523,-8.23136540850733
agm003436005,12.309157605921634,-7.125395548348025
agm003436017,13.000706571730014,-7.8503602095678895
agm003436059,12.909485830925798,-2.4523610519531807
agm003436070,16.285776654964625,-2.9830849577442464
agm003436109,12.812997131921684,-2.495040741695234
agm003436117,16.519696530592714,-3.8349519667844185
agm003436160,11.963787670897837,-5.572925535002163
agm003436188,12.735383847522273,-4.361521459454451
agm003436206,19.63189976774022,-2.2763544138707705
agm003436238,15.0782728924015,-5.475225390524078
agm003436239,15.133292131580568,-5.466310977907599
agm003436293,11.687504367834853,-6.764097270473542
agm003436316,15.860576004415362,-6.661470595736901
agm003436339,15.301991233029396,-3.8745368850421067
agm003436358,18.155475553885136,-3.294677723466108
agm003436359,15.690876291588,-7.275767027579892
agm003436363,15.784146969219153,-6.824443161683077
agm003436411,22.52511831189443,0.8479668349955105
agm003436419,20.571020492068026,-0.5111212083880178
agm003436452,16.60766549908526,-2.062222485355088
agm003436490,19.057870175389805,-1.389636845553446
agm003436510,16.937678897963988,-1.2724403365071792
agm003436512,19.0462612033289,-1.1180575132214596
agm003436523,19.448390292400635,-1.2317180177667275
agm003436526,18.259956264776577,-0.7461062665334914
agm003436534,18.460864254137267,-1.1322543573033073
agm003436554,19.436801168318446,-2.1280954374409475
agm003436561,17.435532390478134,-5.3045640588333915
agm003436565,18.20283346580911,-1.515283339194383
agm003436600,17.869476656878557,-3.072094970676593
agm003436670,20.057493124063342,-0.2053796008086645
agm003436703,16.576119931863722,-0.2985719766854376
agm003436704,18.95987282660512,0.9535189456678879
agm003436751,16.635843819352264,-1.76411998192248
agm003436763,21.279130842862045,0.007142786236298567
agm003436787,19.689614663626497,0.406875822987758
agm003436795,18.756452804005992,0.27850979805969206
agm003436835,18.95254435315045,-0.7543239440186559
agm003436841,19.114528147994303,-0.005210826087989062
agm003436872,19.96009753307069,1.8130549729922425
agm003436873,19.949075684403514,1.783677957807578
agm003436893,22.75138023611243,2.1637351324142
agm003436898,21.26755060130233,0.22304632664704313
agm003436908,22.9043407614281,2.686937716390668
agm003436947,19.23225614394709,1.117107458188005
agm003436966,20.358706387549038,-0.02372333292441257
agm003436982,20.825097491571828,0.5259659990895056
agm003437032,20.118824815652797,-0.20354161645560964
agm003437036,20.2902074697394,-0.17083835620770493
agm003437045,20.460570204171486,0.10537208906772773
agm003437065,15.576035833126184,-0.4946049873409164
agm003437097,14.995577306785878,-2.7316885412812053
agm003437125,11.200490605997304,-2.689006481001885
agm003437136,18.51239697055426,-1.3099213552678262
agm003437157,11.355395840433461,-1.7748675017463815
agm003437160,18.341140565632195,-0.9580602254328857
agm003437175,18.58938102233495,-1.5614625581091754
agm003437182,12.909782731944334,-5.2049198445337455
agm003437184,16.404386186792433,-2.806411782051027
agm003437211,15.826123853942706,-2.183614886531806
agm003437237,8.066928933549063,-3.8656329404307486
agm003437278,14.101969835224816,-5.996736644127104
agm003437319,16.865171720656303,-1.6909658133310035
agm003437334,18.244803859476452,-1.3897472908820319
agm003437353,17.10446647312298,-1.6452134889792476
agm003437360,17.079865053052934,-1.6560022992026988
agm003437375,16.243220845695525,-1.8183563527126336
agm003437378,16.62961062046947,-1.7251590735729225
agm003437414,12.710658017292765,-1.2059135141436543
agm003437417,16.504944179386335,-2.268436751479618
agm003437474,19.026481395306682,-3.1267969729846494
agm003437517,18.150641528634253,-1.2042276884259877
agm003437627,21.918727864201404,2.081235853828369
agm003437638,19.566309594555765,-0.15066366251449578
agm003437676,18.70689808383572,-1.1578556619921343
agm003437717,19.61230808108582,-0.6748191328436685
agm003437730,19.624905800078988,-0.5784806640635255
agm003437744,24.066145969469417,0.38828560819712205
agm003437752,18.731375218434703,-0.819458427201516
agm003437798,16.49162098301915,-1.182599934348743
agm003437834,16.327826768443945,-3.7146000814820184
agm003437842,10.522992524416756,-4.086409707868788
agm003437868,17.656842124364676,0.9223526933248559
agm003437873,19.8419398855941,-0.6154048134789107
agm003437884,18.51433705696113,-1.5069796210241304
agm003437911,12.737810883604647,-4.864993051364798
agm003437913,22.529068552308388,1.933494250079449
agm003437923,15.242809781521318,-4.080333237638367
agm003437925,16.22259597760693,-1.6879355925316244
agm003437927,17.005352011845243,-2.1005842509695265
agm003438002,20.459717090878247,-0.7688474087972832
agm003438035,21.196698438908935,-0.647217390801759
agm003438053,17.755879189526976,0.7717365454305405
agm003438055,20.30961465092912,-0.3462212696183323
agm003438096,15.264841658565933,-2.122148869368182
agm003438120,16.046626173782318,-1.1080692386146154
agm003438152,18.604653153440488,-0.9120817597938379
agm003438165,19.057569990196516,1.6436583577897235
agm003438169,21.434351247723082,2.409444029397756
agm003438227,20.692408965251428,2.1598232614598065
agm003438293,22.032284344937434,0.5830346279521503
agm003438354,19.01974380295248,-0.14449372310733408
agm003438375,18.585465635326145,-0.2320322566097488
agm003438377,17.2070831392252,-0.38688993986949843
agm003438416,16.395378289767606,-2.796483888261991
agm003438426,18.24628353190891,-1.9783241479582134
agm003438483,16.40149052424057,-7.418683199821488
agm003438492,19.241571232654067,-1.2517523630504137
agm003438510,19.240446737255468,0.018014456872649614
agm003438511,21.31407627947652,-0.632118444802582
agm003438513,21.66620145447291,0.17481318901976137
agm003438519,19.56453217824357,-1.3162547272209455
agm003438520,19.962178078340685,-1.722907055406899
agm003438540,17.5486327123513,-4.3535023181099595
agm003438551,22.346898914083734,0.18277505983372913
agm003438570,19.92069616056954,-1.4165250327693897
agm003438577,19.49590789876054,-2.8486638808484734
agm003438590,20.586215238725668,-1.1710335162568128
agm003438595,18.963557860381016,-3.0273485015106254
agm003438606,20.358360647594285,-1.6399128786304875
agm003438613,18.655383151550968,-4.462220254368125
agm003438622,20.56103307686219,2.513746057557942
agm003438640,18.64079373202648,-3.1012828972307354
agm003438642,12.511812923286056,-4.178585201553315
agm003438667,18.69293168774401,0.22542050271351263
agm003438699,18.087914437781354,1.5643239048103783
agm003438736,13.342578176025393,-6.35632116793856
agm003438759,12.35417484367197,-4.827637187656782
agm003438781,16.85247060849341,-6.613715132245056
agm003438788,24.05413953078975,2.4211525987804556
agm003438841,20.199070639392527,-0.9381344219445283
agm003438845,19.29655878510727,-2.531233054365582
agm003438852,16.026815857617446,-3.16473305006698
agm003438873,16.173918600980603,-2.202845781799392
agm003438929,15.924406696834737,-5.16713687107148
agm003438936,19.24692917824212,-1.3777546875839093
agm003438952,13.598428522931682,-4.429516079079236
agm003438972,19.05629244304381,-0.22052509573677703
agm003439001,13.22633415343666,-8.792982773803255
agm003439039,13.110535360986148,-8.474313803656502
agm003439040,15.146588207776547,-9.871391007419536
agm003439073,20.35647125416029,0.18148890403504048
agm003439087,23.114613563517683,-1.1713771544048281
agm003439175,23.002638778000602,-0.6301794016013579
agm003439257,17.662276429322233,-2.289892789813463
agm003439279,17.57250024856567,-2.8098776201499187
agm003439294,8.562752952726484,-5.212294083523994
agm003439321,14.971473827104289,-8.210662326442005
agm003439331,14.594230749294715,-8.235743520278248
agm003439335,14.350437829366472,-2.9726566619739003
agm003439412,20.406054164628795,-0.08151193927078933
agm003439452,20.426057155499006,0.04866794693842932
agm003439455,20.267194350557553,0.40943557677659054
agm003439468,20.820109729222995,0.5180272153250373
agm003439502,20.414299904673722,0.4518594901910067
agm003439518,22.157123462779992,1.040934853890959
agm003439523,22.207697041231146,1.0430110520867402
agm003439529,18.85870457856146,0.10731779215740526
agm003439531,19.013736153797776,0.12426541051523839
agm003439544,20.57856327398269,0.06460542515364882
agm003439571,11.649011480901656,-4.516194819968908
agm003439572,10.96229344941326,-6.0698431618494615
agm003439605,16.662538280982684,-3.4725346838398514
agm003439611,16.187549017482425,-5.41372335270984
agm003439636,17.100067893654924,-6.917831799472353
agm003439643,13.887020070918451,-7.181558909609623
agm003439689,20.54341912443644,0.36114232062068
agm003439711,24.442267706603676,0.9841248546704495
agm003439713,21.79745707766943,-0.02786450020343108
agm003439754,14.847419795924907,-6.416912898769488
agm003439758,15.64417305661762,-8.307637039224355
agm003439780,14.188817156758262,-5.617959075556776
agm003439797,15.813247617570829,-6.956236463985724
agm003439799,15.009068093897206,-7.798016595323237
agm003439802,16.172574967089723,-6.1104651073479355
agm003439822,23.305117901378512,2.6309558772389896
agm003439826,22.041531838783353,1.9370404902408318
agm003439832,20.933376051547913,1.1889676237830333
agm003439834,20.768112948712275,1.2334165507247121
agm003439873,18.65533546347236,-3.034440550528729
agm003439917,22.255517569107226,1.4888772597587074
agm003439939,20.36794310765453,-0.8802071532512473
agm003439962,19.529895297574964,-2.489829044779901
agm003439971,19.591310990983946,-2.496106754955376
agm003439981,19.69491704235941,-2.48514418492965
agm003439989,21.356160972349205,-0.02174769240196639
agm003597576,19.261506617604077,1.3912435757488328
agm003597671,22.040567990778744,-1.604765128986959
agm003597762,23.435221304032368,-1.3296371721318134
agm003597944,23.12353947952025,3.568795964808766
agm003597952,24.94467856654555,0.16182410307095374
agm003598041,23.271635735742347,0.37205275644985986
agm003598072,15.002876934763437,-1.0105940795793298
agm003598411,24.244698650330182,-1.699274414401372
agm003598451,7.9247201482653296,-5.9060673016647085
agm003598736,21.71610113290693,-0.28944806641681825
agm003598978,15.642011557074044,0.2612745205432434
agm003599058,13.570161880559203,-1.6832076713028155
agm003599079,21.584078929869325,-1.4955111448124967
agm003599324,14.531778686112249,-5.536507838032603
agm003599411,17.979865402689136,-1.4472674063386286
agm003599430,23.175848413608417,-0.41720697059510964
agm003599634,23.486737162475844,-1.3974842094303874
agm003599686,17.099338739825253,-3.162617078682203
agm003599856,25.656322083550844,0.01295039939018731
agm003600117,22.083188540379012,1.5567460991574833
agm003600197,16.87367034626343,0.21342311333567446
agm003600347,21.35660310034382,0.31503985551099883
agm003600360,17.351027144854555,-0.11980160956645847
agm003600581,16.519641003028962,-0.07108085517834055
agm003600603,16.269771245627137,-2.990847959247651
agm003600734,21.626021159485344,-0.728214532455187
agm003600834,20.290433969367378,-3.1043697429480317
agm003600851,16.223398134036145,-1.7179125198792764
agm003601037,18.17402780704767,-4.222906605551125
agm003601364,22.66718205413146,-1.3982749546347815
agm003601575,22.146906081328652,-1.0489731816033665
agm003601673,21.654109859178153,-2.2040606954236566
agm003601760,18.55629954341651,-3.021642242549983
agm003601785,17.588398110889713,-3.196892803439854
agm003601817,17.68608934844961,-1.1688363523387764
agm003601982,20.65310704566188,1.9599374367225586
agm003601997,20.904790770231646,1.8124229417046909
agm003602037,25.501677913207942,1.4597911818616016
agm003602120,17.714367494905414,-2.4620122429982736
agm003602131,20.083726182636642,-0.738282141702887
agm003602163,24.363783423487757,1.2753101742545212
agm003602176,22.57660324927483,-1.1001413620960883
agm003602307,20.042490646655533,0.35009690580648645
agm003602403,19.50255080439769,-0.6898905586852789
agm003602496,22.759620507328048,-3.6031605573368455
agm003602504,12.130638818401517,-2.005723201790649
agm003602542,18.02129563213554,1.6271996554550274
agm003603153,22.217647099699423,-0.6608886466184115
agm003603299,16.16870658053276,-2.542263344909239
agm003603333,18.638060914505626,-0.5978049772167644
agm003603454,18.566602791342365,-0.17654203921652703
agm003603459,13.154139690297457,-1.730581579136932
agm003603616,15.50754024932702,-1.0980691811479961
agm003603627,22.833480331010744,2.180162813493483
agm003603781,11.30688011110694,-4.139970922933471
agm003604308,17.854039463289208,-2.547465181074493
agm003604337,20.605561363814374,-3.0999329350755978
agm003604689,14.094691796493498,-5.336229582388268
agm003604700,15.61787317814352,-4.393075880261018
agm003604955,20.839637107144522,1.44738190123524
agm003604974,19.653457904408775,-1.0422410830614612
agm003605123,22.161354061008055,-0.8125262213637482
agm003605170,19.287984342245824,-1.2371503442823257
agm003605234,22.960189850325616,-1.0500364749656452
agm003605400,8.884732683809952,-5.456392595660436
agm003605486,25.423596994156483,1.6275818507189765
agm003605751,15.735752598652871,-6.565042630455788
agm003605771,18.28299730389475,-2.489565413063406
agm003605947,16.365706329387447,-0.8581696247684582
agm003605953,18.635875489632355,1.8712595061977837
agm003606023,23.020782439109386,-0.5772530656666083
agm003606036,27.682483083878072,2.1901210533256132
agm003606155,19.228691152539078,-0.2526314016420888
agm003606181,20.101452711573693,-2.1963989570721414
agm003606217,20.752532357618488,1.6022330001436291
agm003606270,19.988500261049783,-4.140219263385295
agm003606290,12.207645766908406,-5.422735723541457
agm003606514,23.05714403192479,-1.1884628811163889
agm003606651,13.44818606085299,-3.224715425821957
agm003606654,16.900960484110048,-5.767310940728071
agm003606726,11.102538800574337,-4.007713268152999
agm003606819,24.976749697590126,-0.3553270343290566
agm003606825,17.302070240745113,-3.467784844785483
agm003606827,25.491039053778895,-0.29590165238642757
agm003606930,26.467356141972477,0.9867936219444639
agm003607006,13.916265202259352,-0.9600124063726877
agm003607211,16.3979432584372,-5.87522527319931
agm003607280,15.211810193289699,0.09188565171007153
agm003607386,16.329657199821092,-0.7446791374713365
agm003607399,20.635193910192395,0.88103401504767
agm003607411,16.776885801286415,0.3426158115872437
agm003607463,15.654738387500851,-4.385281382142369
agm003607573,10.8401859011388,-5.432083878425137
agm003607604,19.244844244000898,-2.6806026752880054
agm003607640,25.119379120067492,1.209667451210987
agm003607653,12.94680504715433,-1.1487654387049127
agm003608020,19.518030812285698,-1.6948781492495566
agm003608031,15.43798901269946,-1.6862603346815845
agm003608215,17.166194794053542,-0.2943492422142236
agm003608326,17.661084635809853,-2.289931252937953
agm003608355,23.891527712748665,-1.265180541542397
agm003608452,20.318839942665722,-1.6132890977298757
agm003608453,20.42930617877244,-2.363183684739307
agm003608569,16.38278439388878,-5.342400045709343
agm003608646,17.06294456014275,-3.4283432206124167
agm003608723,15.995645527552647,-5.1008813841444285
agm003608732,20.68748388313625,-1.8399213088400035
agm003608752,20.64136198791886,-2.268960003877924
agm003608987,23.105077351315185,-1.3741632411932383
agm003609013,22.44601307905636,2.196382851394897
agm003609059,18.2544872893094,0.13287994622364016
agm003609083,19.076346953171104,-0.8629348013984135
agm003609100,17.93363198361527,-0.21630362873299505
agm003609129,19.197807833404244,-1.571958484816444
agm003609172,20.72952002048272,1.894596911622278
agm003609182,8.80611591793725,-2.8182507144980335
agm003609206,23.664198008711086,-1.351031669430684
agm003609230,20.02611513619629,-2.3876992279221194
agm003609347,7.921855503629385,-2.2334767653139505
agm003609362,23.420985155645344,-0.4441381224600267
agm003609552,17.9745811636456,-3.5838319092538966
agm003609725,21.646753711212032,-0.3700810194262735
agm003609738,15.485576427451646,-1.153758354336797
agm003610064,17.387184494829064,-1.4134853239223422
agm003610090,18.859288856704374,-0.7903094679739991
agm003610167,17.41193214786405,-0.18917367295107526
agm003610214,23.923030862651515,0.015779983978977324
agm003610383,20.14760479938601,-4.996104826057816
agm003610462,20.477376793995063,1.0788270579772903
agm003610469,13.447870847257223,-4.930187966137861
agm003610490,17.889098799744524,-3.9488161706706286
agm003610544,18.75282805417961,-1.7368097771260007
agm003610789,18.52277577556823,-0.9519792637079441
agm003610847,15.4541448489556,-0.9470558870672777
agm003610871,15.72676789127639,-1.5647820115579438
agm003611211,21.800183091763586,-0.9358441252209229
agm003611328,12.083918257331803,-4.129276761585125
agm003611451,22.879549892361112,-2.272643866592062
agm003611469,20.37790880313219,1.7633925743961854
agm003611609,16.712629354849756,-6.621011183925983
agm003611676,19.798572693571767,0.9297056080827962
agm003611991,17.745999445288973,-1.6997884861975838
agm003612127,21.144606038663174,1.0489557456251708
agm003612227,21.667296719108307,-1.5670851527595762
agm003612385,14.55153474756522,0.7252502692242815
agm003612737,10.162159726155616,-3.814477611729708
agm003612959,11.239388021884862,-1.0685769225255652
agm003613000,15.922444704040462,-0.5975296286711558
agm003613186,20.986572421393806,-0.5189413855602139
agm003613262,22.60735723465624,-0.5158077315546166
agm003613382,23.013947982375825,-0.4355986405124077
agm003613817,19.885114065505874,-1.3564276726159084
agm003613836,20.05665709444709,-6.50301892849962
agm003613927,16.992322356216565,-1.0266963101775777
agm003613938,20.55874923744221,-1.652725750468389
agm003614060,24.348326722877086,-1.583590199929095
agm003614085,23.805007656812485,-1.0171109577031952
agm003614136,11.107851175046232,-8.809221348010833
agm003614299,23.232918244707705,-1.09269707812186
agm003614450,24.55860849224758,-0.8145293403340368
agm003614481,23.683619495961306,-0.8344472474067186
agm003614582,23.358976395053677,-1.1312943672740823
agm003614584,23.952530440998018,-1.0480006625296077
agm003614619,18.03101478798155,-2.9354175925969783
agm003614635,17.715765539364757,-2.011636929789647
agm003614646,23.227154216625934,-1.4422145145168113
agm003614657,25.725980457225553,1.162811010187946
agm003614659,23.549150018158688,0.40561541986730054
agm003614661,23.455849476425737,0.3829858311420704
agm003615495,20.601502029199782,1.4372082184090496
agm003615622,24.6249829356171,0.16948423137428392
agm003615652,21.665184302492317,-2.1471109478855164
agm003615697,20.191417911396687,-2.57910333558205
agm003615735,20.040099125883522,-3.204418418898329
agm003615748,22.507794046400228,-1.8742684169734742
agm003615759,19.231549900355624,-4.098054870295664
agm003615965,20.853621563567994,-2.326408680179517
agm003616088,18.63221861323251,-2.622531910609589
agm003616101,20.653026790736767,-2.1332751338845015
agm003616112,19.025825436780945,-3.2920471086348337
agm003616121,18.767632419973534,-5.556828940808618
agm003616131,18.298827046881534,-3.3094555736336395
agm003616164,18.319737877754097,-3.304342090079632
agm003616168,17.80336374497139,-3.3658438808163114
agm003616258,24.44107429621122,-1.1260037985942004
agm003616273,23.633358447573084,-1.1275758169185366
agm003616302,24.116926887102654,-0.18403479658607935
agm003616355,20.36409670698843,-2.667318917022062
agm003616364,18.35646979158563,-3.3599866205129767
agm003616418,20.496116393062543,-2.6581224257747915
agm003616447,20.643637212180355,-2.909804730774491
agm003616450,20.53844338639206,-2.6472315286812718
agm003616503,17.251250310470912,-4.043567168350892
agm003616512,21.314543658247157,-3.762035775887344
agm003616513,22.805411378881637,-1.454059124424048
agm003616526,18.973174936320223,-2.5946418074264983
agm003616555,22.38182459198938,-1.3571788562073803
agm003616571,26.14576709257966,-1.6696559212541153
agm003616574,22.577668183721336,-1.3282954728552885
agm003616586,21.002064014558492,-3.769206559990887
agm003616612,22.63750074856995,-1.991649250070465
agm003616614,25.00326617030693,-1.8095728654027963
agm003616622,21.341416614955357,0.9779862957213603
agm003616634,20.871083925251465,-2.0329524628806355
agm003616638,16.95323789100349,-7.208874711396305
agm003616701,21.32886302428213,-3.6970834999614404
agm003617190,18.75465332070164,-2.661535806782704
agm003617414,14.598578390204938,-3.0837419647320914
agm003617626,17.804162992391063,-1.4496067451216024
agm003617946,19.03051152699635,-1.0871170644834565
agm003617960,19.039209510551064,-1.0668751920766426
agm003618181,15.841947104525554,-2.1800337192603045
agm003618386,20.192680349125315,-0.5721056961166564
agm003618391,20.50767305295357,-0.5668029879481149
agm003618795,16.756062962348164,0.15009402097012758
agm003619380,19.011719513350513,1.1507291185974475
agm003619544,20.7087463173995,-2.3651675431905312
agm003620488,20.84284293110382,-0.7856057932173384
agm003624031,18.07396796840329,-3.386088894986868
agm003624604,16.611291481759547,-1.7014116263882904
agm003624949,15.735278432285192,-8.778686895194724
agm003625363,16.567098810119194,-4.475228870704955
agm003625596,20.122094094045863,-0.41029829323862943
agm003625623,21.110888369259833,2.8287596911958413
agm003625654,14.50686134169288,0.3139883795092664
agm003625681,20.856045281161467,1.6500637571180827
agm003625718,21.67230360227669,1.5526259728911875
agm003626092,20.482736854474236,-2.054123884459898
agm003626093,21.55958281941563,-1.746185065426233
agm003626409,17.538194772335626,-1.489066958901268
agm003626534,15.807993591406762,-3.138682292285804
agm003626586,18.67180489517812,0.06079195451208763
agm003626596,14.916042192564122,-3.4923874923057747
agm003626685,21.19825044819969,-1.2032718852611808
agm003626700,21.412305668943723,-1.0093639927698255
agm003626832,18.848328263956613,-2.5705835513076245
agm003626833,18.761417226614896,-2.5856465123365155
agm003626927,16.40460169773954,-5.975885816667691
agm003627261,21.648702594828208,-2.785311416361755
agm003627348,15.394553592400612,-4.506250770537642
agm003627486,20.201972104912898,0.658505430859142
agm003627580,15.949669012543925,-3.3560403412639404
agm003627982,22.955156019413145,0.3060584839017544
agm003628011,21.514806479688804,-5.725554409223141
agm003628084,18.46385326986494,-2.3196883423469385
agm003628364,16.56334486246799,-2.9434926982363923
agm003629859,19.282161956323392,-2.4096951196835197
agm003629868,18.95186272021116,-4.423888852701879
agm003629887,18.86380748493199,-6.042375133271618
agm003629904,20.510831422533812,-2.0700757461724946
agm003629925,20.157417000381642,-3.383569240991036
agm003629933,18.249915448113015,-3.5301365633220425
agm003630011,18.529812667017218,-2.6372827692862444
agm003630174,18.595789517731863,-0.3706695606256618
agm003630188,14.93669215334057,-3.530080331699511
agm003630204,15.079506218354103,-4.060132642257409
agm003630205,15.165550459742832,-4.053701218584654
agm003630277,21.182294817037487,-1.7572800059454665
agm003630355,20.088239635838303,-3.0218440266905553
agm003630390,16.708118011488303,-3.144736185910165
agm003630391,17.04858493908196,-3.0581236569101047
agm003630452,22.392739757096226,-0.10527326126810044
agm003631616,14.906207226447373,-6.550428274996422
agm003631667,20.295145859246237,-1.2266990283309065
agm003633112,15.911187184439292,-6.420374540510689
agm003633255,14.972793753429299,-9.305907405225959
agm003633698,21.217315538877777,-0.4732436079704847
agm003634111,20.560526046826794,-2.2006395717253087
agm003634659,18.745221298014005,-0.5375466950613101
agm003635168,21.82828092131291,-2.068997442078535
agm003635677,16.887011523076584,-8.190697476027772
agm003636413,17.292523230441596,-3.0287122903538606
agm003636744,19.171867059547225,-2.6771003112003937
agm003636845,18.515502793435143,-3.2890999428155414
agm003636869,21.47050347222763,-2.126993831485884
agm003636984,26.892011824868533,2.641103275427639
agm003637747,20.14176123269891,-3.6455731932717783
agm003711950,17.133791306851258,-1.91310169780381
agm003711959,15.867984536489454,-0.3369641874773851
agm003712480,16.288310550307045,-1.3127490074550523
agm003715837,15.201871752882486,-3.3239202621643087
agm003719819,13.982473203500541,0.7839124168827236
agm003719849,15.04629630404784,0.4941777554706334
agm003719877,14.468909858445304,0.3957264474663617
agm003719981,20.971367400014206,0.8581285108316848
agm003720872,14.800190926785344,-0.1271703643562109
agm003721150,19.058723142538778,0.0662806021231038
agm003733914,19.909510289625995,0.6516837856897032
agm003734798,11.389383294157357,0.2889440605211613
agm003735654,7.718598038635345,-3.7838413817464414
agm003736676,20.312104890204456,1.342771338627692
agm003737973,22.971914625957698,-0.44617176304348166
agm003737993,23.02328204349577,-0.43475793053782574
agm003738655,10.8908987708845,-1.1810403914347134
agm003739979,15.573015908384809,-1.7607981664255699
agm003740506,19.416711843824395,-1.4890700322370332
agm003740605,18.97997945839824,-1.3406710207038361
agm003740895,10.192048970258925,-1.4764244797572308
agm003741569,18.387232814091607,-1.7890540418447352
agm003741571,18.523145989838536,-1.8723303809985214
agm003741621,17.346857684315875,0.9112387127091056
agm003741868,17.756599715270436,-0.1509507715648534
agm003742044,19.659353547539766,-1.217952114117254
agm003742311,19.27685366618851,1.6554842009192299
agm003742316,22.229100306987934,2.269903790799217
agm003742480,15.828553461816398,-1.9026921308159244
agm003742573,16.373445627605943,-1.9685485729967356
agm003742583,14.997238732541462,-3.345543421750479
agm003742654,16.33916727062053,-3.1113239841795655
agm003742817,23.529983829437246,0.5084560765079177
agm003749449,19.703205643021217,-0.22509166980810966
agm003749944,19.211168921330664,0.8729936280419034
agm003750183,15.420976804871307,-9.861293420980918
agm003750318,20.22989497788121,0.19970177874319775
agm003750492,23.462301899204334,1.095833679475423
agm003750771,24.96886364586243,0.7427539547971461
agm003751032,19.501441816251464,0.5713003804781392
agm003751158,18.073265843438573,0.8919722916068054
agm003751187,18.714065598898653,1.3030962038077856
agm003751514,17.471920063432858,-0.7638354989706588
agm003751772,19.614172845314528,-2.5323235567104856
agm003755635,16.95708078408182,-1.4681551410088185
agm003755654,18.66797038069501,-1.9787971898969559
agm003848744,18.731318015135017,0.1543968843930057
agm003922680,12.509484165263581,-5.041503443726885
agm004017393,14.784667489558188,-2.236498257326699
agm004043699,18.7601990963815,0.4774654534893754
agm004063661,11.683585352047167,-4.411468453779627
agm004081835,20.978265903109598,1.6485713020613733
agm004095660,11.098627445961824,-7.005689856470236
agm004098850,11.395305648691979,-6.961045766618531
agm004107857,12.840842997526906,-2.3823308361347
agm004111069,12.008867840540578,-6.350384774096723
agm004115413,12.452824645890137,-6.063701628883409
agm004125178,11.790505314376267,-6.367280938479067
agm004141992,11.26343741017172,-5.077706304861393
agm004145031,10.348325289624741,-6.328818398411737
agm004158696,20.403752219333267,1.5169641797614952
agm004164736,11.075108444357365,-7.817343106486385
agm004171858,22.255610840924007,2.5812426145132137
agm004177081,14.1707289299913,-4.77387088573741
agm004230125,12.716996222154291,-6.22790043668739
agm004234112,12.425793814392089,-5.575304235489383
agm004258749,16.856316754852216,-1.6777434304336052
agm004316581,23.605844725113272,0.8913402582829045
agm004326454,14.686148278139017,-9.891907077365008
agm004333120,12.637976906149243,-5.1336210867541325
agm004408849,17.866309969982307,0.7552866798063391
agm004421625,17.128730074420428,-0.9142474476362548
agm004442358,11.973616895927046,-1.7737688065036588
agm004442524,21.435553552933076,4.2475184446739975
agm004458931,23.95198140221391,0.47883899209953285
agm004742296,16.097631895912084,-2.774255802266911
agm004742319,16.674601979218917,-3.0520585672053304
agm004742342,15.351936102768073,-2.7747505870177407
agm004742355,13.628118817170686,-1.5651194917885094
agm004742409,16.344398046096988,-1.666703680734888
agm004742456,16.887208048253147,-2.2689421733362494
agm004742654,15.172501288509814,-0.6705553045250049
agm004742678,18.704655549367256,-1.0055916242529062
agm004742720,14.067401374803461,-1.2526328966301044
agm004742724,15.27004209089654,-1.5561426399952056
agm004742747,15.88779580751857,-1.052993670328515
agm004742749,15.390327935278096,-1.1255820265484562
agm004742752,17.821837089286564,-0.5736612182875902
agm004742761,17.00353832588727,-1.462826076020563
agm004742776,16.07842486101849,-1.588655463109404
agm004742810,18.17860228323393,-1.4950326787746075
agm004742811,17.40562468572642,-1.2278823699474863
agm004742829,16.95500004482562,-1.878652595190039
agm004742859,15.710195958584146,-3.123516387338982
agm004742880,18.37820149113789,-2.470514436766585
agm004742888,17.08323403104799,-2.829362274880598
agm004742899,16.333062305186182,-4.379943723719223
agm004742918,13.637441403817183,-3.112711015074755
agm004743059,17.937205696785472,-3.3305550309037524
agm004743064,16.70519900647997,-3.66846894353496
agm004743089,17.746753633715155,-2.968457552599295
agm004743109,15.598589427864107,-1.7287213881442545
agm004743110,16.738589377517172,-1.5478146025467174
agm004743195,15.752111463752835,-3.1672606907109144
agm004743221,19.115640473930508,-3.043511344222722
agm004743223,18.438150476436025,-3.262953549637087
agm004743225,19.214418970759166,-3.0349449177967114
agm004743293,13.869154326086516,-2.6276796298554315
agm004743314,14.595491844617518,-2.452693933194661
agm004743323,13.810146902842604,-2.399188141238112
agm004743358,13.615161982826626,-2.321790409076017
agm004743384,16.61342018333357,-1.7495461510648571
agm004743388,14.971000846266543,-3.654833012435404
agm004743452,15.019766601197842,-2.802756233847171
agm004743459,15.785964890314384,-2.860844805226064
agm004743488,13.878777066423543,-3.0878556705842244
agm004743536,16.407800725937975,-1.6621758423181665
agm004743553,15.92573021267158,-1.7790373116921971
agm004743581,15.2126904637828,-1.896707105593619
agm004743584,15.8666531122568,-1.7945876477959342
agm004743598,13.801100954366513,-3.1455213347523916
agm004743614,16.941292820020326,-3.124664399816389
agm004743616,17.215886956294593,-3.010144279271568
agm004743631,16.724683465990356,-3.1470335267410636
agm004743637,16.51690520631953,-3.179404547491122
agm004743638,15.23563890754432,-1.9092335238772211
agm004743665,15.27199002257421,-3.1276096750828604
agm004743728,15.979108850421595,-1.9318404070432231
agm004743742,16.17409506986488,-3.656578393090326
agm004743743,15.929835751913648,-3.707138783537049
agm004743750,14.919234303499344,-4.504894341328844
agm004743818,16.857949320086696,0.32191955642330417
agm004743836,21.44390423649024,1.2827617816113144
agm004743870,16.024094856364446,-0.4544979660382946
agm004743886,17.965816872800765,-0.07936361825261488
agm004743909,14.313616971481524,1.059042327589803
agm004743918,17.33482772961348,1.546337510081622
agm004743943,18.77494436205356,0.8265128748936371
agm004743945,21.84628247251355,1.3865003320198994
agm004743960,21.81542812153266,1.7361323003221993
agm004744039,20.788767209115495,-0.6896666941708727
agm004744052,17.01280458984529,0.4220674578505837
agm004744056,16.019323694638096,-1.053023946501586
agm004744057,18.66584602811093,-0.16803819968760614
agm004744087,18.378200034648625,-0.28526501752914335
agm004744117,19.795075976108645,-0.5062956519231854
agm004744118,18.705396407910413,-0.8790750747981525
agm004744177,16.41176619035481,-2.9580127814517354
agm004744180,14.476842344434054,-2.531912280802721
agm004744240,14.220727368177199,-1.347862551290038
agm004744260,15.86569503129391,-1.6417077027392695
agm004744266,15.147987588052473,-1.7888228740787897
agm004744321,18.930174704374455,-1.190870012987217
agm004744324,18.49861014035172,-1.227718220296217
agm004744329,18.438031181482597,-0.9066883405015105
agm004744477,22.44525973635947,1.4886240178408965
agm004744478,24.673951492100745,1.8148859718150252
agm004744495,13.72242473277656,-0.3585977356450873
agm004744496,14.951700553143445,-0.29476885314209067
agm004744547,15.389212379649488,-0.8769440556211693
agm004744576,19.576229499041123,-0.550615849276585
agm004744577,17.811415256189907,-2.357436732327491
agm004744579,13.912915850032022,0.6517257867964409
agm004744599,19.886963518794477,-0.3544537866636291
agm004744639,11.096939173879546,-2.0039747342953453
agm004744690,17.590655103468777,-2.98605262593984
agm004744750,19.519023909990274,-1.7406324343488269
agm004744798,15.154640756321688,-3.953294906429386
agm004744857,14.641107544975677,-4.038255504577049
agm004744886,16.001492485869694,-0.5711683915880336
agm004744899,16.59109404287916,-0.6924849036482899
agm004744900,16.72767641805427,-0.6741378735707407
agm004744927,15.80470902232026,-0.8727604573808136
agm004744964,15.946106873885851,-0.1857485944177005
agm004744965,15.685798461837273,-0.2255930977807298
agm004745051,15.970988601554147,-3.8326467839553757
agm004745099,16.92696576560733,-0.9071301651023553
agm004745106,17.491327436402667,-1.3893469377542076
agm004745129,17.290966688645778,-1.4118973693064774
agm004745141,19.15207552022553,1.2258661176781718
agm004745147,19.585968656982427,1.767654035339427
agm004745166,22.364881665390243,1.6802999170206128
agm004745175,14.044222924971685,-0.791534923207978
agm004745188,17.569774557059304,-0.008740303703626514
agm004745214,16.90760944899901,0.8185603295722116
agm004745228,16.209958039602995,-1.1733502120762136
agm004745267,18.663118742077724,-0.2561010247275088
agm004745279,18.73393143759473,-0.08213379966619054
agm004745296,19.79392889296407,0.2680970964825858
agm004745329,16.920933490158767,-0.7369660428322474
agm004745345,17.72880245878368,-0.9811205592591309
agm004745359,16.349579902191262,-0.9454030705977186
agm004745363,16.32436016169115,-0.8350258117823403
agm004745365,16.83232496457202,-0.7534552924421085
agm004745387,16.200544278208294,-0.6408358834267416
agm004745440,15.063332993775717,-0.9851243019565175
agm004745453,14.660100474655943,-2.174747368375532
agm004745476,15.315156222564397,-0.48580331852239933
agm004745480,18.00988477733433,-0.5701616687787195
agm004745508,15.86387988102205,-1.2902888803223014
agm004745517,17.553066749158695,-0.17023108266122952
agm004745548,17.018111137379012,-1.2176751610919148
agm004745552,17.80071941470791,-1.131599367451157
agm004745638,17.64880382393546,0.7679720164653853
agm004745671,18.551242680213054,-0.22211036079918736
agm004745698,18.13342848034882,1.0089223158055702
agm004745714,16.07456213132253,1.3331238421692817
agm004745728,16.049614707491333,0.7149729724400998
agm004745749,15.762465727542017,-1.7214813945724463
agm004745752,15.858446952703488,-1.70994047292405
agm004745754,16.395796521829883,-1.1505744866389016
agm004745771,15.911609697303383,-2.3341346013327957
agm004745784,18.27665025111229,1.356949458806561
agm004745808,16.60457257327828,0.8599045486437366
agm004745902,19.00155207500569,-2.723608462399147
agm004745914,18.794788427948934,-2.916510201353392
agm004745938,17.565481670267367,-3.966038955444311
agm004745961,16.75082925672689,1.4890572987288524
agm004745981,24.158314312142554,1.4244705671080407
agm004746043,16.289286741131352,-2.213571212851382
agm004746047,17.631349083810452,-2.7286467943383617
agm004746058,15.89843654287688,-4.515799409128093
agm004746077,17.053574813427872,-3.4844800389455677
agm004746095,16.391690023717825,-5.171662032618699
agm004746120,20.01647374531404,0.7580560635676772
agm004746149,19.104545438825344,-0.14007596231768105
agm004746151,21.82357866384932,1.2403023086760172
agm004746187,15.260278714471193,-4.462594302469124
agm004746198,14.939132413923012,-6.165548716951296
agm004747161,13.81218494187204,-4.275670349476019
agm004747467,14.349336247208639,-5.339359286638612
agm004748104,12.27290983705114,-5.522141325136505
agm004748135,14.234923559217442,-5.947804048990899
agm004748400,11.741406199612449,-5.11709923522272
agm004748409,11.648749134411892,-5.741997169493378
agm004748414,11.697657777687432,-5.737973643740311
agm004748859,14.89715139425376,-4.201354253215862
agm004748883,14.531990155816843,-3.534102734863986
agm004748940,12.388212258792755,-4.897649171587735
agm004749022,12.13596332273397,-4.764526078283997
agm004749194,14.63645368096815,-3.4271131424979266
agm004749906,10.208075505282709,-4.92588398141028
agm004749907,10.269535471768368,-4.924763807363305
agm004749940,14.41871441566497,-5.025324370040109
agm004751511,17.86544757527001,-3.215297969720046
agm004751518,17.845398985725303,-3.159905035333203
agm004751521,17.792878295082556,-3.8934439488054466
agm004751544,15.604266446233941,-3.614947222913536
agm004751553,16.42260904220015,-2.3131785051792795
agm004751563,17.770586380430586,-0.6146035775065352
agm004751568,17.52620272494584,-1.4900639692750968
agm004751574,14.124383641847785,-3.2567420014170865
agm004751601,17.454707951536253,-2.57187662772054
agm004751639,18.852763300373837,-1.4291771908065272
agm004751652,15.470753823006305,-2.522351477693328
agm004751659,17.051522217110072,-0.5733772740281721
agm004751669,18.725668858683814,-0.3490267749816856
agm004751672,18.314703780467998,-0.395751772665682
agm004751701,18.019383067419525,-1.2771794856198089
agm004751714,19.27974036120854,-1.116402961369736
agm004751735,17.216787549243367,-3.428126362250238
agm004751756,18.30222400080059,-2.6730595144460754
agm004751841,15.094914746123072,-3.5932754281142536
agm004751844,18.02863550193046,-3.6175447116335673
agm004751868,14.08229759243302,-4.116993756199894
agm004751871,14.314663475637047,-4.103723913191382
agm004751926,15.738248076794846,-3.1560305000166538
agm004752045,15.979057645851583,-1.3452779750333412
agm004752053,18.326193824199162,-0.03272390953712959
agm004752092,15.829246964787522,-2.8412353209791874
agm004752146,16.04345147859932,-2.327538724302885
agm004752200,17.087732264368874,-2.7194208025254603
agm004752204,17.22758200171054,-2.685459328963726
agm004752210,18.070487121357136,-2.4369769824522227
agm004752231,16.405703810976853,-0.8491205735307036
agm004752271,17.128084294857942,-1.4540345755607191
agm004752281,16.758237912117256,-1.4666783671737733
agm004752398,19.80764441450814,-2.6646579622457813
agm004752442,14.82974302225724,-3.924483382974147
agm004752460,15.545673961720512,-3.5331748169347414
agm004752468,16.56600000820761,-3.742907083630909
agm004752469,15.307310451861005,-3.4176337610166567
agm004752495,15.758619321876305,-4.207286911412207
agm004752562,17.3563995482282,-2.2807226884752207
agm004752599,14.49650170295652,-4.780683999026957
agm004752603,15.902606843679175,-2.033720856394346
agm004752646,16.5514252928021,-2.200340158536633
agm004752671,14.881838419109064,-4.87415253975286
agm004752672,15.237578127938592,-4.2670938122763715
agm004752729,16.51163695754575,-1.0295791117785462
agm004752759,15.009577411035254,-0.5959209279726524
agm004752802,18.458742341233236,-1.3544612822899207
agm004752908,17.093827614503375,-0.6093385206717734
agm004752918,18.853072921144772,0.4258708228972002
agm004752994,20.730916616074243,2.5908130250590156
agm004752997,17.383685365320268,-1.589703533377876
agm004753037,19.85014253557099,-0.29778984829402216
agm004753055,21.777785843107676,-0.2562147166730462
agm004753091,20.508868608297373,0.7057623263546761
agm004753135,14.144840927872039,-1.3562641136645865
agm004753148,14.924458220854797,-2.485197097450706
agm004753155,16.932615341698398,-1.342466561911423
agm004753188,15.689106701457797,-0.2385316427334748
agm004753193,17.17530347572533,0.14813879772361638
agm004753201,17.84023230061376,-1.4009157263448095
agm004753227,16.757107837190166,-1.03564513728905
agm004753269,20.076063043924727,-0.19959553843729752
agm004753309,15.666611109717378,-2.4024371081239546
agm004753323,15.499426197099922,-2.393910652755284
agm004753342,14.883676231258379,-2.5157775962645887
agm004753400,16.650230549572743,-3.0869264169016346
agm004753405,16.356305391282643,-4.685208857539201
agm004753505,14.605944436504055,-4.810457007989764
agm004753522,16.658786473609677,0.3615337470313366
agm004753546,15.707427723861919,-0.9040443904731671
agm004753554,14.269068996564974,-0.475925563385674
agm004753568,14.837290602972027,0.28729295209983113
agm004753587,17.077652165966985,0.032142638755631836
agm004753599,18.18795950138155,0.20827733772588827
agm004753618,17.792663905467194,-0.32106808974362505
agm004753624,18.078871444871915,-0.29697267690957635
agm004753664,17.428012510675504,-2.1613772193878074
agm004753665,16.29456646493873,-1.9075344021948961
agm004753706,18.867944365085183,-0.5895220585832798
agm004753729,17.744142841817467,-1.3795339435264609
agm004753773,17.634212425031766,-2.5513678059825984
agm004753795,18.600079952931917,-2.980773574776432
agm004753833,17.743708725732116,-3.1496520487337363
agm004753858,16.09449311262448,-3.409016874692918
agm004753944,15.97432626536528,-0.9329566963848445
agm004753945,15.726865480942351,-0.9650013241917265
agm004753949,16.38702257245141,-1.2864647202503579
agm004753979,18.023395756713683,-2.5795236051461785
agm004754008,17.505259257777023,-2.702540110884559
agm004754024,18.314002344593934,-0.5244308260922228
agm004754040,17.35884954212534,-1.807689551147999
agm004754044,16.996211464468562,-1.4670385846724203
agm004754051,18.58728398925889,0.7204437817254382
agm004754065,19.91947710598799,-1.8023099371491795
agm004754089,19.19214922609995,-2.084556376347416
agm004754092,22.555065582201905,2.15709772139968
agm004754109,21.926294930509098,1.76609522867792
agm004754112,15.101067223145918,0.14356830319142114
agm004754141,17.3690084000129,-0.12104515650977572
agm004754166,15.8245687738008,-1.0162403756355491
agm004754170,18.860264575726944,0.8831762669268173
agm004754224,18.97321937255119,1.4158625373941518
agm004754241,18.79421639410467,-1.0947350142106405
agm004754242,18.18630710889237,0.06498075246104366
agm004754253,19.990590990036832,-1.051307812990202
agm004754266,19.48602687576189,1.2505201165041229
agm004754297,20.862158780490415,-0.6920911193035361
agm004754308,19.313939890683738,-1.9994736159182036
agm004754383,19.96554686262627,1.559755837045337
agm004754404,16.403590631996828,-6.741731205682633
agm004754441,17.199811666757476,-3.250922436838451
agm004754442,17.526673649705078,-4.87726809039495
agm004754566,17.82661221272758,-3.8240519449850705
agm004754662,14.271518568423808,-6.946121531422438
agm004754680,14.534270122630133,-6.420828120262424
agm004757599,12.66524329547295,-4.391227984565309
agm004757600,12.481303358985796,-4.589569141772628
agm004757908,11.298045437657143,-6.145959526953008
agm004988168,17.35614806709886,-4.561858260297802
agm004988194,17.53889580877598,-4.533129094815618
agm004988372,17.841769563813553,-2.538203575421016
agm004988429,15.611986062088667,-1.3044791879101272
agm004988762,17.89129977159879,-3.1630418278196495
agm004988771,18.28218167626572,-2.676870975609584
agm004988788,20.465512528548263,-2.633013254152353
agm004988836,24.8320860774625,1.435136965259121
agm004989171,16.129254380031753,-3.159499609901842
agm004989576,20.453686377499892,-1.8266226484981811
agm004992385,24.377743140124515,1.3992265326705513
agm004992909,16.685485953487994,-3.3023840806431637
agm004992935,17.199251978420712,-3.2362350653554985
agm004992944,15.830211093356604,-4.089589074171487
agm004992965,17.979796596391523,-3.0617268808151334
agm004992977,16.8280829408884,-3.674865855234485
agm004992989,16.92007347826445,-3.199202809257622
agm004993019,16.9431571052604,-2.7249519362449526
agm004993073,16.13564651570896,-4.167825315689951
agm004993105,15.781384107455432,-3.4015475257331502
agm004993127,17.694945880105887,-3.514235939176859
agm004993144,15.326487769328958,-3.1327278729559334
agm004993164,17.4462690166065,-4.159974031628953
agm004993168,17.66796813472762,-4.117366688889496
agm004993181,15.020188190919177,-4.022283561618837
agm004993182,15.213002853398516,-4.011996241480158
agm004993224,15.146062894210308,-4.15703231249938
agm004993254,18.346753702128648,-3.2819934387680547
agm004999390,16.51530014466493,-5.024557926335492
agm004999569,18.867616901154,-3.998408184913201
agm004999645,17.159438149005485,-6.0637621458179645
agm004999679,17.909464162328312,-5.3453626031478585
agm005002905,17.728569131314774,0.10410316977490944
agm005002938,17.923031880382513,-1.1559908122807183
agm005002944,16.106521292432777,0.053400619485913126
agm005003108,19.879306966951933,1.2497551482147542
agm005003220,20.943071003336332,0.8597312717855743
agm005003278,17.996705993138725,-1.097072462045372
agm005003298,16.94211801361679,-1.9657180929093996
agm005003353,15.780112981158217,-1.097522618049983
agm005003477,20.666634283860144,1.1103924904692632
agm005003522,17.805581895401104,0.5186726711965595
agm005003530,18.67032986072207,1.009045737425837
agm005003546,18.628579756983875,-0.33556776138208055
agm005003642,20.66680303156503,1.72061321845042
agm005003660,18.96365961873358,1.4192739491006034
agm005003670,18.922732532788487,1.603604332324426
agm005003682,19.459794608579664,1.5593110331435078
agm005003692,19.554457874745054,0.8404654359513465
agm005003712,20.22886900263081,1.8770703235567947
agm005003778,19.05185248643799,1.3989872833716408
agm005003800,20.6756267348648,2.4685079934030973
agm005003905,22.635669648678366,0.8897947274435914
agm005004111,15.543243332704616,-0.7322882430550397
agm005004154,16.493635406472997,0.043100184760650605
agm005004173,16.056227374733158,-0.5052478341276061
agm005004177,17.07901302740209,-1.2167163910466847
agm005004243,23.10005365029344,1.1837447232104537
agm005004273,21.329170315458246,1.6635636807755319
agm005004280,15.9509932749298,-0.7270218701271034
agm005004304,16.225253791170523,-0.24764889458155537
agm005004323,15.391357039550817,0.10794723540561577
agm005004434,16.293721221502572,-1.622800658413757
agm005004483,18.934811995467406,2.010914065219528
agm005004724,21.00606949370803,1.7352569849992818
agm005005506,15.919717966903281,-7.526635808563465
agm005005706,13.94774624455987,-2.9509221924505242
agm005005842,15.40956406867723,-3.0809094740042875
agm005005928,20.930089859050472,1.7302955977900332
agm005006342,16.858449737751783,-2.2621921559888643
agm005006595,13.96160910307153,-2.55533865334649
agm005007031,14.736761844186214,-4.2491694399089015
agm005007186,16.70043973625277,-2.6603523163191642
agm005007234,14.786412554109365,-4.0841924416737925
agm005009835,20.377807129538187,-1.3176588409558216
agm005009947,14.79528423061203,-5.4276979569704285
agm005010320,16.801942634019788,-4.342313335898714
agm005010602,15.687637716565993,-3.2645691305709734
agm005010692,18.320566400290225,0.2454617970178692
agm005010802,15.512537281311996,-3.0647444930644774
agm005010803,16.31826386743022,-2.883014124744433
agm005010834,17.840057383337857,-2.1670058201286766
agm005010843,18.71933626421657,-2.460372310338105
agm005010845,19.484619897388765,-2.3097755665621933
agm005010866,19.125420831691724,-2.755164001217325
agm005010961,19.546657447668014,-1.9507205970386436
agm005011012,18.062067896182175,-2.1962039072290933
agm005011030,20.480703262698842,-2.7106340764089523
agm005011047,15.278748014192107,-3.0291457343370514
agm005011101,17.606749147421972,-2.406855378849852
agm005011111,14.94252738748988,-2.7540472678699883
agm005011112,14.77290562837411,-2.7816529674707864
agm005011119,15.295706101869849,-2.046678618457802
agm005011127,17.048321332834792,-3.043303777924912
agm005011136,16.731432356535475,-2.7379896716740086
agm005011176,15.527341523135025,-3.30581406569898
agm005011186,20.5263075976687,-1.4437295664030045
agm005011206,20.705526084076723,-2.1934762077583443
agm005011212,20.044038518359983,-2.2761842678011472
agm005011225,19.23891326717096,-2.3375895582367425
agm005011276,20.374120661298186,-1.8674058983085118
agm005011291,18.723244168437656,-2.078657106867999
agm005011348,19.490388924595326,-2.4633622275870923
agm005011349,19.741522324579044,-2.4207511071867014
agm005011404,18.506957165289453,-2.600740313758979
agm005011410,17.803849596915008,-2.6922146981533692
agm005011418,20.364070287758764,-2.5681608423055993
agm005011423,18.639705387052125,-2.1309505024973
agm005011461,18.711661682009925,-2.698406458855616
agm005011472,17.712120805375047,-2.8673898193850853
agm005011479,19.098587482840546,-2.6199688443797813
agm005011493,18.498344807152975,-2.7551473684608783
agm005011497,18.58690687894929,-2.744921788802001
agm005011502,17.540085783140434,-2.906033394998338
agm005011510,19.713719582843474,-1.9124860055474808
agm005011565,13.997958807447594,-4.937910975493354
agm005011610,13.413191151928384,-5.985827171593138
agm005011616,14.425973135679367,-6.523642292296981
agm005011617,14.231281486405692,-6.579030690212292
agm005011620,13.649125499430776,-5.721861022759188
agm005011645,12.17934434130265,-6.174948063085951
agm005011651,11.761981414373352,-6.136054786856659
agm005011654,12.365319206510836,-5.861144269140077
agm005011694,19.50462817853737,-2.4701266491001004
agm005011695,19.83642513379059,-2.375505600429861
agm005011739,18.98425756273747,-3.180575577886553
agm005011777,18.48678272554342,-3.2687431001256586
agm005011779,18.619842103398742,-2.8519534428288713
agm005011815,20.926298015203198,-3.29451405996993
agm005011878,19.219794202064428,-3.3666005331636213
agm005011897,18.807325314902812,-3.453464521887324
agm005011914,19.015910249466184,-3.0295718062588697
agm005011934,20.03391804856241,-2.7724259185020803
agm005011936,19.486520479891727,-2.8911203919257282
agm005011954,18.68469574055322,-3.425393246349821
agm005011996,19.006933391137032,-3.5638193671138403
agm005012013,18.053383015101623,-3.087001901659513
agm005012016,19.358791141932812,-2.453919029630756
agm005012029,18.96971781162969,-2.192728971171923
agm005012043,17.00426819621126,-3.382196390780423
agm005012047,21.03017056398071,-1.4280939262738683
agm005012108,19.06075387091664,-2.024272812668511
agm005012111,19.840243085290393,-1.6299303790229451
agm005012126,20.607313603130525,-2.606920414408924
agm005012127,19.62349714840881,-2.249013984122495
agm005012130,18.899669933578615,-1.840690638100316
agm005012142,17.09056456634431,-2.935811589714085
agm005012204,17.785580989260588,-2.417916089748723
agm005012255,16.84726185926295,-3.956320318161322
agm005012280,21.72753508183812,-2.24053729613889
agm005012300,19.34986293917301,-2.6594408129564187
agm005012301,20.314481055729555,-2.4751307348524234
agm005012307,21.01923891046674,-2.351757074114018
agm005012330,19.788881674607087,-2.6380816444922344
agm005012354,18.594239687075454,-2.841427740565431
agm005012448,19.596149437520964,-2.9761137478131303
agm005012469,18.963641698319694,-3.0737609211346757
agm005012494,12.985477264072903,-5.473055413964735
agm005012515,13.877685389602863,-5.67923904893869
agm005012524,13.471619444089091,-5.537155557677602
agm005012533,14.824321584189565,-4.337263866562175
agm005012556,11.793313437704786,-4.513989371739841
agm005012640,19.60211323166629,-1.1102204023688689
agm005012658,19.215856811601302,-1.1660701239769018
agm005012700,19.052669463268217,-1.1756193530204069
agm005012738,20.310207676075983,-0.8231455657660174
agm005012834,18.254410107380266,-2.5532003140288717
agm005012856,15.463629981166665,-4.200785072015252
agm005012861,19.356641037375105,-1.986741633384462
agm005012864,20.197521239711968,-2.5020261272413964
agm005012914,18.942848466037784,-2.7524593988353883
agm005012935,19.092776391091512,-2.610705229554474
agm005012965,18.008923888061506,-2.3954357085755595
agm005013030,17.301890669879988,-1.8090470717686382
agm005013107,20.087053543676053,-2.0189084887187794
agm005013131,19.89977413273119,-2.474444924269623
agm005013134,20.235405419240944,-2.955176960759199
agm005013143,18.35297342237072,-4.146279427995911
agm005013151,19.101101163336995,-2.2765212717578995
agm005013162,18.650433963643756,-4.08985993587344
agm005013194,18.464226412484646,-2.3912744242031456
agm005013199,17.988911188474297,-2.0802253911643707
agm005013245,12.65275010801673,-8.165282546554987
agm005013254,16.958480304005636,-3.837241038612106
agm005013261,21.301483375224358,-1.9094126849251765
agm005013263,21.698459496393404,-1.8249291496461901
agm005013274,19.81434058643638,-2.1782878657019507
agm005013280,21.423647612766537,-1.8246197877240156
agm005013307,20.580356022712337,-2.047935590869192
agm005013324,21.256341092431775,-1.86049993439523
agm005013391,19.231554096328914,-2.364772030964694
agm005013394,19.406171323606717,-2.327732827644064
agm005013395,19.231293957300856,-2.3639394382635333
agm005013399,16.82749072894324,-3.3511740066595435
agm005013415,20.402292274454148,-2.7797474295160707
agm005013429,21.62243129684636,-2.0732899147372175
agm005013430,21.484892258987127,-2.109956958506815
agm005013435,20.58559692506576,-2.3014123985541617
agm005013479,18.631537061045314,-2.6801540703846602
agm005013481,19.407346269303552,-2.5194199904440593
agm005013516,19.84361314009876,-4.245439221813247
agm005013519,20.440163519096853,-2.3563763098065222
agm005013532,19.55050922407788,-2.5476953344860145
agm005013553,18.27846440196911,-2.776995154322486
agm005013593,18.942928567675985,-2.4891824346257105
agm005013594,18.94212112609447,-2.4884440155753116
agm005013614,19.8646005688515,-2.968948525022152
agm005013657,19.42235553572091,-2.592044409275204
agm005013691,18.530804378810984,-1.878195243611487
agm005013720,17.098263892755366,-3.3216745658849063
agm005013751,15.931803174162471,-3.516399687964102
agm005013769,19.174449877357063,-1.2674137515440722
agm005013792,19.606152236279925,-2.4884830638245514
agm005013814,20.009087958160162,-2.397505870028015
agm005013827,19.290485876344043,-2.5434785189872677
agm005013838,22.90946973822013,-1.4264394192672554
agm005013863,18.095087764020654,-2.737246020075673
agm005013930,20.243338967050946,-1.9427749349651993
agm005013967,18.989927441803385,-1.3991786252894105
agm005013985,22.90271548352112,-1.5876446287193708
agm005014018,20.698941161575657,-2.89970351794821
agm005014034,19.272307556430285,-2.6770183766099755
agm005014035,20.097619577141234,-2.5249647143984575
agm005014057,19.264170515515012,-2.651753790747999
agm005014061,21.432777826370224,-2.0298613134074763
agm005014077,19.76114309545499,-2.763788998720624
agm005014082,18.78380876135049,-2.939800007102478
agm005014084,18.6177707615524,-2.961862984533305
agm005014090,19.106197175719785,-3.160543987915618
agm005014093,18.154381034196497,-2.893781920476264
agm005014115,18.61835942602793,-2.8154298068133654
agm005014156,23.11028158471067,-1.0717428444919848
agm005014179,20.687017151047858,-2.652169505917425
agm005014188,21.822798626026536,-2.172751293962474
agm005014224,19.656297833261803,-2.002355693902342
agm005014239,20.484404907620597,-3.074686607098081
agm005014246,18.881073594546496,-3.2179862131992323
agm005014264,18.32901058286036,-2.965412364378767
agm005014275,17.780868224862065,-3.0711420746434888
agm005014293,18.08769791506928,-3.0313495547705207
agm005014297,18.456380281387684,-2.941243681273869
agm005014312,18.954913107429697,-2.1450894175850848
agm005014341,18.088430943799203,-2.3365158600576414
agm005014768,16.528174796213854,-4.848825392662189
agm005014772,16.046595931049097,-4.960689377645602
agm005014780,16.161276733377832,-4.677410934655329
agm005014784,16.425007463814545,-4.624750811924475
agm005014785,17.108841261285527,-4.653889072305271
agm005014788,15.826137955863581,-4.237841977380221
agm005014876,18.48047237222854,-4.098527573267008
agm005014877,17.052945133126617,-4.655323379499157
agm005014998,14.575844429147134,-5.119041048425197
agm005015022,15.924232680364591,-4.213749488683682
agm005015032,16.711703936127606,-5.640595790052899
agm005015035,17.61879650043296,-4.242876080468721
agm005015060,15.657573870012877,-4.682821092196055
agm005015166,17.136086998471935,-5.703511915915978
agm005015550,15.456941226724222,-7.4543205303164894
agm005015568,21.796344974324455,1.2870594606636054
agm005015608,16.321078950966374,-5.83974764077346
agm005015610,15.274506065418299,-6.056947302082922
agm005015611,15.834051139574271,-5.662624983402063
agm005015671,16.990586419927244,-5.3749925036928206
agm005015674,16.48740265678297,-5.485325781887478
agm005015734,15.903560378556701,-3.9693356823613235
agm005015794,15.599271368865043,-2.1582667486220157
agm005015840,15.345583203729694,-3.9003071941974214
agm005015941,15.71499924797861,-4.286449830596308
agm005015960,15.917279289166075,-4.064456062080467
agm005016055,13.92566426925996,-4.230853638294283
agm005016059,15.306673813715818,-2.947331972453345
agm005016095,17.007924275511463,-0.5600839275437839
agm005016097,18.017536441510707,-0.4192238138271932
agm005016133,18.757224833315377,-0.512091947442795
agm005016161,14.479432706546643,-3.7686880334830084
agm005016289,15.452401541146832,-3.827284599327598
agm005016328,15.148394414264882,-1.5584328048922855
agm005016357,16.254630255795583,-1.5260541782638686
agm005016362,18.12772272255687,-1.1969246245697351
agm005016433,13.927807804416247,-3.1628006600789162
agm005016456,15.04003484455076,-3.8256080147820684
agm005016479,14.87220783178885,-3.5378476829628425
agm005016502,15.128731637283423,-5.786660775756966
agm005016505,15.043492191397215,-4.040020244167347
agm005016518,14.843980270913491,-4.276978199581405
agm005016543,16.63872350977849,-1.519911804188607
agm005016565,14.855013747925998,-0.7449293361633643
agm005016571,16.513061189840226,-0.9906066743564423
agm005016593,16.476079323034522,-2.0653797737944264
agm005016605,16.94295774628774,-0.20165807733546898
agm005016641,15.911834617084631,-1.7911666135154127
agm005016651,16.02351813219105,-2.116145472230318
agm005016655,15.627191088002741,-3.004539644126095
agm005016697,16.607454785737996,-1.232538554996428
agm005016775,15.461578513288012,-1.7968311915859978
agm005016843,15.139402054448027,-4.4683148799010945
agm005016875,16.379913512276733,-4.556202758054518
agm005016992,15.648961867856196,-2.497524340741324
agm005017128,14.855437824950311,-4.210061299523908
agm005017153,14.715558018775534,-3.9456604097008863
agm005017199,14.131215548260519,-3.505705848056776
agm005017208,14.57684623895104,-4.130481407986861
agm005017224,15.720417134447711,-4.561369664171795
agm005017239,14.68870326719819,-4.428654017300796
agm005017299,15.716255405151921,-4.534721077323459
agm005017300,16.524559121481786,-4.201268694206147
agm005017354,15.450571079442051,-4.426001616897848
agm005017385,17.129302748437947,-3.6559502908794435
agm005017425,17.03199509890225,-3.8813569626464726
agm005017476,15.196385982549254,-5.1936662486938925
agm005017547,18.178138665605378,-5.1098532760278825
agm005017561,17.67650729605739,-6.22129853978188
agm005017566,17.81081221261632,-6.215680040488666
agm005017582,18.35789240706664,-5.770980325623389
agm005017628,18.18231001138937,-2.6724535026000322
agm005017630,15.086264465505266,-5.461285761400731
agm005017690,15.886205439114727,-3.752712729290425
agm005017717,17.056559552709427,-3.0694715366232197
agm005017738,15.284605386979072,-2.585413693736456
agm005017786,15.223483587821173,-3.628620662892902
agm005017867,19.996722228497095,-0.7367370261337104
agm005017948,16.32370237047053,-3.0993800974360872
agm005017981,17.025544103019875,-2.359212163683167
agm005018032,16.837622089544432,-1.963154380947591
agm005018052,17.13435351916136,-2.280709207678261
agm005018098,19.134134131035413,-1.9715801241014304
agm005018108,17.98399150741642,-2.741484227439773
agm005018147,19.326162912094418,-1.1006961317977733
agm005018163,16.84610525739847,-2.7792035809952664
agm005018193,14.700960445704315,-3.669123484573757
agm005018212,14.882923153465791,-4.5857987964221625
agm005018354,15.660542758142693,-6.042855880512154
agm005018364,14.461986187351556,-4.823809030342909
agm005018365,14.246539842107783,-4.875097229266169
agm005018417,14.143458728711703,-6.03697187211302
agm005018431,12.665318003607002,-3.950137505459763
agm005018453,13.727110486200791,-3.674360696519797
agm005018490,13.941010508585848,-3.472273132888332
agm005018518,14.921591009113751,-1.9712026825921147
agm005018519,15.79372034221367,-2.61480662868368
agm005018528,14.882897528935029,-2.67395625245733
agm005018532,14.093172477903448,-2.475650333625862
agm005018574,14.6125691898224,-4.147449851911668
agm005018585,12.807226913763312,-2.965135398502449
agm005018633,15.15779398904425,-1.8228692080288305
agm005018664,13.073964079128412,-3.063938302660589
agm005018700,13.931834443487906,-3.82611240068388
agm005018717,12.48734319660922,-3.5964835768763463
agm005018749,13.937579464136103,-4.428577853413973
agm005018752,13.664599377153177,-4.504940746211494
agm005018778,13.97009943763843,-4.131045930062863
agm005018822,12.872451834173578,-4.563363916997588
agm005018866,16.68793391810699,-0.9222604371042579
agm005018870,15.922026026543548,-2.9453388508262774
agm005018888,14.258936125459352,-2.11865206185792
agm005018897,13.977976404077737,-2.908354194889395
agm005018914,16.091877337452747,-1.551345632656039
agm005018942,14.533537559340797,-1.5464509269193243
agm005019007,14.717958717305255,-5.014210523291108
agm005019019,14.32837457503542,-6.9311580320991935
agm005019028,15.115744858706483,-5.625409004939873
agm005019043,14.853342479209621,-5.559325477854764
agm005019060,14.655848961081356,-4.782163096946491
agm005019064,13.850860546042568,-4.946563316908007
agm005019076,14.934683033597214,-5.334509411692291
agm005019102,14.228919168178749,-6.036311532426898
agm005019107,13.084968813459588,-5.057949832388369
agm005019264,14.718086639080653,-3.675372203292894
agm005019289,14.617968113487384,-4.162292688345341
agm005019308,15.72668035782057,-3.06882589774066
agm005019563,13.67899622510781,-4.671857045008315
agm005019652,14.280273156030796,-5.240145296659295
agm005019682,14.014767041996055,-3.8590301696020455
agm005019731,15.771958291101868,-4.756687284532971
agm005019940,11.060637858996044,-5.877322964691063
agm005020055,14.740219418650423,-3.1730405571170666
agm005020060,15.578710103767026,-3.1522049858905468
agm005020129,16.356636832338147,-3.7658009848343768
agm005020210,15.357777676011471,-4.220779503258142
agm005020216,16.647316556762046,-3.9037211111438053
agm005020222,15.901820376270413,-6.493104197642391
agm005020332,13.434869916778572,-5.5221974265819584
agm005020333,13.369651279587533,-5.526149934503505
agm005020350,14.89043030581349,-5.626989610559741
agm005020451,13.312623316202373,-5.4333203904896505
agm005020530,20.940632075537728,0.45025608728178595
agm005020603,17.921091420827388,0.7536707735462759
agm005020606,18.647866774671847,0.6218248281988877
agm005020626,25.184797610276128,1.7516402515110996
agm005020635,17.087353054181996,0.16395222394928802
agm005020664,19.345622922588685,1.3596550460363108
agm005020679,21.18357939833977,2.52603391681682
agm005020689,23.442977147020322,1.9454621921441386
agm005020703,22.203296453451635,2.8488742931504794
agm005020719,19.985434503288904,-0.7947922061496993
agm005020765,21.103994188760133,-0.5550886021129088
agm005020774,19.780426100238824,-0.6228891159925783
agm005020832,22.330165164217068,1.3370139518227517
agm005020833,25.676882545068487,1.5421237890815447
agm005020870,20.36339943362986,-0.022507082749440244
agm005020880,20.364848254014184,0.40857454819455585
agm005020942,21.866844696135985,-0.7866559568454676
agm005021004,13.132788314405769,-5.308860683658194
agm005021023,9.301769348755588,-6.069108321392333
agm005021056,11.104425268962649,-5.881638548007492
agm005021061,12.423756805339002,-5.82375660342392
agm005021088,10.462884924529446,-5.4614335976253585
agm005021138,13.528557388548553,-3.6417945734551496
agm005021149,16.521874052810322,-0.7115082228621858
agm005021177,15.05808747624763,-1.378786682837394
agm005021178,16.196108964836277,-1.9204670796237049
agm005021193,14.914121548699331,-0.9697848872373822
agm005021194,15.34288489135865,-1.780386741030411
agm005021245,16.12477466116957,-2.680070898991383
agm005021246,17.05863935083172,-2.401958746709759
agm005021341,21.287531132307596,0.7629059358090202
agm005021366,17.448794299566046,-0.07288794509387522
agm005021416,19.85654350975269,0.2977031290334544
agm005021526,14.89454873959292,-2.786788950334469
agm005021730,17.667641584304324,-0.01890461206981442
agm005021754,15.297641491340409,-0.6127140193960916
agm005021778,15.890156698010514,0.272016899056737
agm005021790,22.523391637971976,1.3601943569615869
agm005021796,15.692453072020484,-0.9377389570589134
agm005021801,15.786208867435182,-0.9368798099312364
agm005021838,18.831311750735132,-0.4032282026602644
agm005021873,15.118046028086146,-0.4598716367475948
agm005021892,17.24245862634578,-2.469060001150936
agm005021903,15.58058570388902,-3.292451872289848
agm005021925,16.259027364441916,-2.7344115662278954
agm005021959,15.183936374767834,-3.103012421661551
agm005021980,10.911023356125073,-6.542909377578624
agm005022049,19.782414784592245,0.4230014855439794
agm005022155,18.284753027381445,0.15347677012111624
agm005022156,17.667578495060713,-1.5114338350341647
agm005022164,17.231808902936326,-0.620355930329368
agm005022188,20.978569251135433,1.3199345680720278
agm005022212,21.825804907846873,0.30387041020174765
agm005022249,16.554018481753623,-2.2052580431621296
agm005022266,16.129966174957385,-0.804143715768231
agm005022287,17.607832809388654,-0.9324564740764231
agm005022302,13.243382656535454,-4.662286319401123
agm005022438,13.617512491687156,-3.991802008119548
agm005022441,12.972973486473586,-4.165914525551699
agm005022452,19.45740699006684,-4.8882787037696405
agm005022471,15.636176127937489,-4.497102787833147
agm005022482,13.864712330318671,-3.6161853632244045
agm005022533,18.70848153366473,-4.517130449922909
agm005022571,15.356204610165353,-2.7050036138330995
agm005022629,12.866839851289527,-4.402648258945888
agm005022648,11.754580220884908,-5.948881100028078
agm005022767,12.355394106848099,-4.303411037756366
agm005022768,12.43317746249603,-4.025976582148522
agm005022769,11.890484824940138,-5.567230976192744
agm005022847,11.412611203335237,-4.3129394871046625
agm005022903,14.903321817345184,-5.200410635057875
agm005022914,14.29979291746477,-5.310095235487805
agm005022957,12.792851762395072,-5.217251053575049
agm005022988,13.73304433941452,-5.61607929227759
agm005023014,14.367471385478092,-4.96856483987383
agm005023016,12.386543500650903,-6.710988759018514
agm005023031,14.454983834384615,-4.626608357148195
agm005023038,16.212138825250925,-4.624821209078144
agm005023116,13.284748226214145,-5.332093631740419
agm005023150,13.030942119178139,-4.998421203236234
agm005023171,14.328409595394806,-4.573757395482736
agm005023214,13.68837434894262,-4.466256283216552
agm005102633,21.565011515866885,0.048182466626859544
agm005103111,22.78285433090104,-0.88435623776813
agm005103356,9.314188435394865,-7.671566532456386
agm005103457,12.79629389313177,-5.974009941305143
agm005103791,16.21383897106471,-4.9861875063553205
agm005104476,15.07814340164712,-3.8834415684098365
agm005104736,20.025418342413097,1.511584491841127
agm005104994,24.674832171842972,-1.4539238923456925
agm005104998,23.10517677310677,0.263169611936513
agm005105090,23.70734233314464,1.6012254833632102
agm005105125,21.385130078404377,-1.8778717594218017
agm005105138,21.020457069246756,1.1382075655428827
agm005105696,23.689431556969012,0.2400051093213933
agm005105977,21.3643089948934,-3.0271796702453
agm005106039,22.454770230910817,-0.027342318837356938
agm005107226,21.22435378975396,-2.7930880155982027
agm005107333,16.4733395861802,-4.391613703110848
agm005107365,18.530395224877648,-3.69885072753412
agm005107375,18.672771756070638,-3.6842706873167663
agm005107384,20.604344407462584,-2.6998852659077683
agm005107809,21.145058671956196,-1.6285368169643077
agm005108480,22.488474059564027,-0.9368590983731235
agm005108495,22.894877170806243,-1.3756488215282028
agm005108533,22.537252329086197,-0.9648113169470438
agm005108536,22.67800133941917,-0.9415020961638172
agm005108551,23.27196888002757,-0.8523374245759214
agm005108594,22.64762769948002,-1.3922564110695106
agm005108603,22.371556287909744,-1.4238731858398834
agm005108696,22.452150919978028,-0.970142425733469
agm005108933,16.07028602206096,0.8298842302720115
agm005109074,20.18073355700404,2.3912920897698395
agm005109574,20.434721832901065,1.0890053748414643
agm005110902,21.229623400814035,-2.578583582777553
agm005110957,21.641101777296758,-1.8483351038486804
agm005111107,23.71339344223731,-0.6342309195692466
agm005111294,18.732160734963948,-1.8330061425296766
agm005111652,24.42212163619645,-0.44229654730641776
agm005111958,21.570688200074002,-2.212545602291249
agm005111997,20.897660627121102,-2.2705414299104354
agm005112021,20.106956902037325,-2.335101271996955
agm005112064,19.5417923656722,-2.4327224854557157
agm005112897,8.197611627286001,-3.3687200177875014
agm005113261,10.725698787664887,-7.44425189082183
agm005113561,22.350656542205215,-2.108418285484131
agm005113901,17.444879231416856,-2.284110949756658
agm005114220,18.1887145791187,-1.9596319247384546
agm005114252,21.18977401077772,-1.450729287294894
agm005114516,17.329649513976108,-2.5372505302063866
agm005114634,17.637172494361714,-3.328141590400003
agm005114810,20.505145190622528,-4.102487671084775
agm005114840,27.09193849028605,0.5787222315652567
agm005114841,28.44140887502341,1.0437012683148215
agm005114971,18.61193891242906,-3.20312083526506
agm005115022,19.050224576763014,-1.3814854285499107
agm005115237,28.544175528342443,1.6523790507094995
agm005115345,20.337686947103304,1.4054110551578347
agm005115348,23.645518024420863,-0.05313031315574612
agm005115379,22.12692824785308,-3.1907555176862603
agm005115532,20.74523819395695,-1.0324890281591044
agm005115538,26.13298904919581,0.3311714289326133
agm005115783,22.87409933447574,-1.1812653108505775
agm005115874,14.36537652467955,-0.703159524200454
agm005116301,23.591601116089635,-0.8990804352876545
agm005116726,14.847837297580858,-1.8039734038012614
agm005117055,13.04537848449851,-7.3705443103814225
agm005117060,14.81592612399035,-5.570921363501732
agm005117763,13.158909705281753,-6.938402353027774
agm005117918,17.674717464481024,-3.1151465275472736
agm005117929,15.673281115433207,-3.464906435632121
agm005117992,17.764325577406588,-3.3172702191405827
agm005118198,21.946253503715003,-2.26743859542427
agm005118214,22.486190458605673,1.086582324194362
agm005119253,23.768453543086867,-1.2971525471180585
agm005119771,21.25796439670596,2.1130058494984256
agm005120135,18.20401580327669,1.4843011299672235
agm005120742,20.466753824333193,-0.6523572047960338
agm005121731,15.13303475419092,-5.471671528556266
agm005122678,19.016675817952283,1.0305527439292894
agm005122846,23.12965441886251,1.0126150209184321
agm005124254,24.58864328464435,2.1270425773399997
agm005124320,22.643218626686767,1.2237667469075535
agm005124330,19.989794498376348,-2.740421735021619
agm005124997,21.896444797691945,-1.8282711643702672
agm005125012,21.04213948854195,-2.2786254809547537
agm005125013,20.081320372753748,-2.291416391452155
agm005125151,24.509207675770213,1.539081333588221
agm005125414,20.782715245343066,-1.0702245873000868
agm005126354,18.765216709375142,-0.1597916753437567
agm005126580,17.415621741686003,-7.826247175354687
agm005127450,22.999807268113063,0.3209190872061378
agm005128234,23.660090815815128,-1.140421923412013
agm005128242,22.706992778159474,-0.49578332678814885
agm005128258,22.67272561567524,-0.5215565703181793
agm005128326,24.200792472714387,-0.05137643850932605
agm005128344,23.247127877143708,-1.156359661136083
agm005128617,23.328554715223994,-0.3843027488023125
agm005128639,23.099503722770233,-0.42473017772261246
agm005128719,22.337543264877905,-0.5049833037207363
agm005128768,23.114602641868316,-0.4212707755049885
agm005128769,22.9932420053637,-0.4351970086532537
agm005128796,22.580887821847114,-0.49253508078712427
agm005128800,22.677884976199486,-0.4864740763058517
agm005128810,23.2306128564206,-0.3903294878626187
agm005128878,22.610856961262595,-0.48855446977202943
agm005128902,22.59781121096923,-0.5120849644272574
agm005128991,22.437513827163784,-0.4988393283100683
agm005129040,22.668835946270757,-0.48123609536956824
agm005129058,23.385117489526774,-0.3797011223869342
agm005129190,21.763850215596587,-0.5720029329860248
agm005129241,22.015602730710928,-0.5472943317941685
agm005129329,23.26888683139857,-1.100095123431529
agm005129339,22.518634547862963,-0.5106403205393857
agm005129388,23.31129191928312,-1.093513615805854
agm005178664,19.930158094453834,0.8883328289214738
agm005178681,22.772181405894898,-0.9219303157744174
agm005178702,22.832284523839498,-0.9174643381995917
agm005178717,24.666013737367148,-0.429276989755337
agm005178762,22.509577041079144,-0.9683248048904365
agm005178801,23.077721143154733,-1.5930603792612463
agm005178873,20.932176417049387,-1.181134096166486
agm005178878,21.744515761700022,-1.8025321968661516
agm005178949,22.86142666514148,-0.4614385833847643
agm005178994,23.294027407578973,-1.1165055351401265
agm005179026,23.078766802457814,-0.4247925683690892
agm005179044,22.732860248860213,-0.48342097180770605
agm005179088,22.286312481346478,-0.5299144946535486
agm005179138,23.143367693053506,-1.13498016483882
agm005179143,23.49109086316445,-1.0775908417326834
agm005179173,22.96185880404335,-1.1623043793463474
agm005179200,14.092565383837886,-2.494929175753452
agm005179327,12.375808715764506,-6.110263010740214
agm005179414,21.202565100320545,-1.6134596520663242
agm005179432,21.2277984423643,-0.5208954371279928
agm005179440,21.167973644670326,-0.5331245257787316
agm005179451,20.786874386421736,-0.5507317151386775
agm005179484,23.235593833759406,-1.5645763000674884
agm005179555,21.626296396737132,-0.021652696586205167
agm005179599,22.27315370693932,0.06874978463842263
agm005179614,21.65303689826086,0.0009112012943854886
agm005179624,21.40693095220349,-0.01835704360183721
agm005179707,19.596074147204238,-0.4027940922108053
agm005179758,19.57335430832353,-0.7453125280213184
agm005179779,22.364729789602592,-1.7256385648100352
agm005179781,22.03032259710879,-1.7651376960175589
agm005179796,21.912742700314748,-1.78119196293243
agm005179824,21.68236566333852,1.226580296124716
agm005179847,21.988775990030287,-0.005125783221742619
agm005179857,21.607639221607865,-0.03263844182545306
agm005179896,21.010266955097656,-0.08116783514745585
agm005179930,21.522962808691307,-0.02054254791580723
agm005179946,20.95668185935005,-0.07152161488949593
agm005179970,23.29068823223229,-1.1269834091755473
agm005179986,22.943709281351328,-1.1581974553079908
agm005180117,12.178805806960726,-5.066781762882532
agm005180297,12.106743384181799,-4.745036526929741
agm005180338,9.94533886541304,-3.007197709414053
agm005180405,14.059294138298208,-3.314455137867695
agm005180453,11.68327101010792,-5.3042234203400875
agm005180461,14.752107963859334,-3.837024404680865
agm005180484,11.712297336000933,-1.600979485267506
agm005180520,14.792187872516843,0.9118819894396424
agm005180623,14.59093374935083,-2.2629586322784982
agm005180770,17.763914370945958,-1.3738710573620128
agm005180805,13.856582103623376,-3.3739894200501577
agm005180874,15.00797552493374,-3.1937082412425717
agm005180889,13.234404731283494,-5.396231064405981
agm005180891,13.187868134840498,-4.910596926010712
agm005180997,14.685032063680394,-0.016596543961943766
agm005181029,23.18333232897189,0.3315231315302549
agm005181031,23.057996165573208,0.32990791309056533
agm005181050,22.166836396666934,0.6367626290378423
agm005181116,20.957733071307814,-0.09491143443040917
agm005181120,21.1957470011175,-1.5404382971805441
agm005181314,14.446389956466318,-5.321296208200996
agm005181377,12.333434761010015,-5.344091190116608
agm005181439,11.218814596907668,-7.1290040357249005
agm005181478,17.58482845434949,-4.013805668743608
agm005181487,18.120445465092576,-3.0098204814918006
agm005181493,17.63208709756913,-2.3825878675289434
agm005181496,18.30713011537992,-2.274385128935815
agm005181557,14.28365131684445,-3.3017505346716423
agm005181573,16.15954324911103,-2.795896316943163
agm005181588,15.264117233148896,-4.300025051239677
agm005181645,18.815497725970104,-1.6416639001030178
agm005181680,15.976150677750555,-2.7766132309214826
agm005181736,11.532593610171675,-5.766783069761933
agm005181911,17.750780525401915,-4.1046592175725785
agm005181995,13.071398407576519,-6.255672033502944
agm005182010,16.213397351533573,-3.3210151742085876
agm005182034,12.198193907772044,-7.211919806312881
agm005182081,17.474671916909028,-4.540236302386658
agm005182119,18.20343809333332,-2.7731361215134593
agm005182156,10.982679816463515,-6.205053614200743
agm005182349,17.069282517812326,-4.2163620827690895
agm005182467,19.849944301657047,-0.8628438846133677
agm005182522,16.969157370989542,-1.45951347845507
agm005182560,17.805856316016516,-3.109272275099925
agm005182563,17.51222600921638,-3.201556508480725
agm005182569,16.323485833312493,-2.969019331264104
agm005182594,18.255252701166384,-0.9848579973835148
agm005182630,20.01897246992449,-0.9294576043024043
agm005182637,19.24304152256011,-2.0647227803562798
agm005182663,19.377583806576176,-1.4212320262621008
agm005182733,18.588057650006128,-1.7086134180328032
agm005182746,18.238842311309675,-0.6421444273585695
agm005182762,16.541859954917573,-2.620038132305283
agm005182782,17.815877565440474,-1.954546102705979
agm005182787,19.421972140835024,-0.29067167146778816
agm005182828,18.36535267409679,-3.561228214550533
agm005182830,20.05283095438397,-0.6637660018195857
agm005182846,18.875066654528936,-2.562854148388216
agm005182847,19.066568585388556,-2.5305898668815616
agm005183015,19.60239980013819,-1.4291391191875666
agm005183049,16.229179172718474,-0.9031127705534012
agm005183114,18.206701924614645,-0.8328632947052754
agm005183220,19.627463738252683,-0.16655572341094205
agm005183306,17.54719456735638,-0.5718542120776795
agm005183338,21.338652658992963,0.785143591582798
agm005183359,19.618778688284177,0.2572347071912424
agm005183361,19.12738268650864,0.1834804495590978
agm005183369,19.49439574991844,0.18319957280606625
agm005183381,18.785608633437587,0.10435462777521831
agm005183383,18.792651369171946,0.08859307518224524
agm005183464,20.53283856832482,-0.4179484780048863
agm005183661,22.569113598773942,0.6937657043115193
agm005183720,18.56665997194315,0.45125550628854816
agm005183731,19.657780370892322,1.0802738617783691
agm005183782,20.530102857029988,0.47653569861630807
agm005183791,20.350162077670532,0.43652672883148647
agm005183888,21.380198321521263,1.57483226840103
agm005183899,21.4264593114536,0.8514694446025692
agm005183939,20.251518800473942,-0.31330614756708597
agm005183949,20.272035111605838,-0.28364108196356774
agm005184192,19.755494295263777,0.2707151840038784
agm005184283,17.954183700001096,-1.231899110529457
agm005184316,16.318228700179713,-2.306586335032181
agm005184393,18.966363493222303,-0.6491516576658336
agm005184398,18.252698546323604,-0.7666729580707323
agm005184399,18.67692796462157,-0.6783745690507486
agm005184649,16.199827568835843,-2.532849845984348
agm005184720,18.761228313985566,-0.9730332247888498
agm005184789,19.68242534985946,-0.2688185284762037
agm005184800,19.228878439123847,-0.34235938192467597
agm005184828,17.121405131917797,-0.7095145414574988
agm005184886,21.512051102270128,0.18713973241691573
agm005184906,17.425781565009288,-0.22880376252853019
agm005184933,19.94054956489218,-1.0065410518938571
agm005185000,18.526684024196094,0.4057015728534066
agm005185046,18.979033282915285,-0.6380561354897214
agm005185066,21.399955297218384,-0.24897918129081242
agm005185095,20.324301797318107,-0.4046282682977167
agm005185181,18.61062595863326,-1.7361859846757737
agm005185225,18.017001463648814,-2.3944404234919414
agm005185274,20.293991412670493,-0.5527949789978992
agm005185292,20.150883020719956,-0.5860331757691175
agm005185387,19.93428780083934,-0.048882316293501926
agm005185389,20.02122916622132,-0.03310890395196919
agm005185455,13.325522489917182,-3.863820011420845
agm005185461,13.142849031010092,-4.5292339246419155
agm005185497,10.976025889478345,-5.783689019116635
agm005185566,16.84169244201036,-3.3696945072178273
agm005185585,12.673087920467825,-2.724170294951657
agm005185630,18.53306168414753,-1.3815310681314443
agm005185632,18.611702167753094,-1.36426436282275
agm005185703,13.03074242575779,-6.041240296293481
agm005185745,19.950017554096423,-0.6657351609177433
agm005185815,20.022972476072827,-0.7959417974621816
agm005185856,18.20035699479733,-1.270676234374576
agm005185859,18.743067552024204,-1.2021891628989856
agm005185871,20.628813469502308,-0.13140995775348685
agm005185875,19.848123213707492,-0.2572000988564209
agm005185911,18.958427131039183,-0.6297239071541156
agm005185998,18.660496347726756,-0.8419409187580293
agm005186008,19.188352329030113,-0.7397941195571271
agm005186121,17.53957067720725,-0.5101332697829806
agm005186139,22.537134999743277,1.4203913797349252
agm005186158,22.375023251849527,0.49247050854571306
agm005186171,19.96138709708974,-0.12231484111727164
agm005186211,14.086034350194097,-4.37964481949699
agm005186280,19.418107402784674,0.1600805024742793
agm005186326,19.65769492768301,-0.28940199385555143
agm005186385,19.373578841384052,0.9363168952664971
agm005186402,19.265529953187695,-0.6026279975958135
agm005186432,19.378089332257318,0.27499310458782267
agm005186440,20.696586337156948,0.43218469016595984
agm005186444,19.553005000011733,0.2614933675358522
agm005186479,18.960089198605036,0.1685729670845859
agm005186510,16.460778916155043,-1.6410192248690834
agm005186561,17.929825899209952,-3.1881844541240985
agm005186562,18.097998133427122,-3.144975467321931
agm005186581,18.77312807552058,-1.5003612313012566
agm005186596,18.31120495097062,-1.1521877735954722
agm005186607,20.83409782840042,-0.05641601690568976
agm005186612,20.076309391244486,-0.18902909081808073
agm005186619,20.51149572830549,-0.7832737480394552
agm005186630,20.605133665945225,-0.7712135373595848
agm005186653,16.08166463937522,-3.5040131315100123
agm005186719,18.716009642422815,-2.132268284749748
agm005186790,19.307095979656317,0.1192130285946229
agm005186803,20.437596480281037,-0.35187984246409654
agm005186807,21.525199619693883,-0.1839234270908232
agm005187196,15.865793079368038,-3.93764249839934
agm005187226,21.00345010163019,0.3324291707393323
agm005187228,21.226473806497292,0.3669779897873662
agm005187244,21.075665147677775,2.4775751966740613
agm005187372,19.79450905337574,0.23320311424499662
agm005187460,21.625398582139315,0.42709575073159556
agm005187538,21.95801997915909,-0.7486615107710364
agm005187601,21.814736458926653,-0.7044836728791508
agm005187610,22.005784224987245,-0.4604551122656231
agm005187745,18.834182859424985,-3.059929516263409
agm005187749,17.07831675867277,-3.473906925343588
agm005187795,18.814746760443484,-1.1373269431629343
agm005187837,20.289911547608067,0.5341226245115007
agm005187849,20.707284484890188,1.2443632096981379
agm005187867,22.709309427042268,1.0730596031529402
agm005187869,20.424236659720574,0.5113278322019199
agm005187872,20.502361836923228,0.5205986334440311
agm005188132,21.689187711922777,-0.2844852289618385
agm005188180,20.2599379945974,-0.25198152560905207
agm005188230,13.259691162135349,-7.8527885285317875
agm005188344,14.74910011506511,-1.3223606001020132
agm005188376,12.967577883111018,-6.328017620305364
agm005188379,12.60435405039576,-3.9027720923129268
agm005188400,14.425238527154567,-7.986929640805062
agm005188402,14.001418937967104,-8.259388925000595
agm005188500,21.51501431792031,-1.0745415060529804
agm005188534,20.296425266720256,-0.3312714834071513
agm005188538,21.103865891631504,0.2969317648945635
agm005188574,21.209017855228257,0.1510717534678805
agm005188575,21.676381843760776,1.5174332651969777
agm005188597,18.85780640225835,0.11536628781255587
agm005188617,21.255202201171425,-0.33670351186225744
agm005188653,18.356672057634878,-1.1497452128815913
agm005188664,12.803800677663588,-2.0751468730165383
agm005188687,18.92542152280866,-1.4356850796009097
agm005188695,15.375969574247978,-6.020113541614273
agm005188699,17.975657600861027,0.17293444868604801
agm005188704,19.867195910749185,-1.0174753431668648
agm005188834,18.986643413019905,0.8492837424299102
agm005188867,18.491091174071776,0.04435903764857141
agm005188883,17.63273112742323,-2.702878075867596
agm005189039,21.052493292310015,-0.10416071862289522
agm005189044,22.822752919511615,0.7717078949257403
agm005189064,21.086015784381573,-0.5621102486918303
agm005189065,20.769767397871707,-0.6217599489303027
agm005189135,22.07241967727996,-0.3856057731872866
agm005189140,21.24603323439513,-0.45136635238019274
agm005189266,19.24742041827069,-2.6962545304585777
agm005189285,21.828519106238446,-0.5620523363329877
agm005189295,21.17753234142827,-0.6383999476157847
agm005189304,21.3007566722579,-0.608842579622531
agm005189475,13.726822753195192,-3.5592391203356306
agm005189514,15.571788379496747,-1.7710573291113612
agm005189531,19.443013759103835,1.3535582415066196
agm005189680,23.46812140877645,3.2001279857123928
agm005189686,20.237698017472564,2.1573327753023595
agm005189695,18.49777970865437,2.4224252061959923
agm005189798,18.66151821492831,-2.161877246433028
agm005189832,18.92449974446066,1.2555830602457148
agm005189865,18.08991580350646,0.2528989738787204
agm005189876,18.681701074612192,-2.228300407590911
agm005189881,19.200079257259972,1.5586122236209667
agm005189924,20.49039252339684,1.775772661687658
agm005189974,18.684282792269048,0.34911116197962766
agm005190017,22.284425240730215,0.006763308925238132
agm005190178,15.784291038507282,-1.5009854543624486
agm005190205,18.347703573995446,-2.7339774479565517
agm005190223,14.347909454754287,-8.607437246426361
agm005190233,19.45472671132923,0.5336490913702128
agm005190246,18.152453543720156,-2.0789074345188356
agm005190267,18.00372017813946,-3.1014259444529575
agm005190282,14.9886175437991,-1.2612558513998562
agm005190296,18.97373191363855,-2.956651207612979
agm005190356,20.171621204776645,-0.8704728557683823
agm005190450,20.24115410764742,-2.8068558228090397
agm005190474,23.378458852093203,-1.7416133433957
agm005190545,18.174153202193306,-2.9314484596181525
agm005190548,18.291739877327956,-2.9171307296309044
agm005190625,22.125558947107802,-1.7970034591333315
agm005190649,21.37079143696822,-4.108224687080483
agm005190650,21.149232874648977,-1.8602386943085194
agm005190680,21.766819076346096,-2.4081032658882067
agm005190681,21.149485431343955,-2.7606404556743787
agm005190823,21.31153020009488,-2.0000376510385967
agm005190876,24.383301789926545,-1.2468821023528807
agm005190923,21.95529322170292,-2.2451821683211803
agm005190936,26.146258480114117,-1.111828544355303
agm005190946,23.157423810759294,-1.3690029484332609
agm005191104,16.517826162173815,0.7360396845765176
agm005191144,18.071261238183673,1.3644691301762193
agm005191683,19.290359086149014,0.8282053216840919
agm005191714,22.736425852472962,-1.5121309605423745
agm005191723,21.316287865268354,-2.2614884787460534
agm005191728,24.04402407304682,-1.134834185581655
agm005191730,21.643397547934722,-0.45054431132489636
agm005191790,22.5316532219012,1.4089673967998237
agm005191841,22.419950398768897,-1.8177357962672271
agm005192270,17.014356085153747,1.4333801190100308
agm005192272,17.02348053346727,1.2599286177960534
agm005192303,20.394489480835194,1.063994585429925
agm005192373,19.13511985699166,1.4813245599030314
agm005192543,17.745857326579532,1.5762198783881756
agm005192545,17.02282714128946,-0.35065793610210116
agm005192626,20.270306671424247,2.3260290297711497
agm005192737,20.45677437223475,-0.12127821021073215
agm005192860,21.651737519538834,0.58393322259758
agm005192883,21.737177321112096,0.39717941517479716
agm005192892,20.834304395698762,0.31515270868764533
agm005192900,21.54383401991333,-2.0365686693736196
agm005192927,20.57830786969577,-0.30686800349912025
agm005192934,19.125440844847237,-4.413103364219332
agm005192938,19.771559979162074,-4.120610169905578
agm005192953,16.583918215218304,-4.430776253426927
agm005192964,14.514742927037963,-1.6995894969301308
agm005193027,13.509536241128455,-3.506554200803106
agm005193100,18.694018788891693,-2.4727115016921917
agm005193126,19.475952737222684,-3.1406406620418004
agm005193184,18.821135138048373,-1.9923333996892665
agm005193196,18.411308622782904,-2.1167418887029332
agm005193208,18.584964851209634,-2.0743690101404395
agm005193226,18.576263638745402,-2.5338418284260786
agm005193233,18.516369647716147,-2.557328156642461
agm005193245,17.810332051890594,-2.730989434044886
agm005193378,19.400329616732368,-1.8445183586772504
agm005193398,17.944669329626823,-2.1769075950869885
agm005193448,18.743212355773004,-2.845188151608124
agm005193464,18.631694604006395,-2.6026737763741807
agm005193470,18.621696026352677,-4.832545470412259
agm005193567,18.264142061619815,-4.539911990422972
agm005193582,18.63968368541069,-4.238767247079011
agm005193590,19.719714728501224,-2.527613368517797
agm005193601,18.520949411277343,-1.0885556698760506
agm005193612,20.388025172619713,-1.1060156698227281
agm005193657,21.46002402968094,-0.48898654285759724
agm005193659,21.769394052880973,-1.1956834593991843
agm005193670,19.53001001220697,-1.5893866645311032
agm005193672,19.619511577757606,-1.5715562784097408
agm005193687,19.542458040114035,-1.5674838990941917
agm005193748,20.988719441531174,-1.0533646988071723
agm005193768,17.62885546598005,-1.7543799467036996
agm005193773,18.903432527636532,-1.4693080907977523
agm005193776,18.895673005827604,-1.4517596183114558
agm005193804,20.452360451697974,-0.7799686096441723
agm005193814,20.38611951736775,-0.7863359788796753
agm005193827,20.176639852925756,-0.8151178903236898
agm005193938,20.643991486190927,-1.407406749704489
agm005193985,22.28175818171459,-0.34075239552219205
agm005194007,24.519002100592903,-1.1510173922181877
agm005194028,18.027241102256482,-0.6883231432773882
agm005194046,16.44257377038744,-1.9546332871053944
agm005194053,17.70636463083392,-1.2772253586395
agm005194107,15.52981127398674,-2.547575374126247
agm005194111,17.73560833008325,-2.993178443080002
agm005194123,21.352194443617243,2.4179166779584995
agm005194124,21.6362082427735,2.5116019274415082
agm005194139,17.488227620550003,-2.4349158971770755
agm005194214,18.530131609678786,-1.7993557286383535
agm005194290,16.932292554875698,-3.178126364869068
agm005194296,21.37749500213984,0.6909546952598791
agm005194298,21.443057356892524,0.6959280048968504
agm005194309,21.604525797881717,0.7390911129730862
agm005194310,21.296349618743886,0.6977936864070249
agm005194356,23.721026369372805,0.4712560740494851
agm005194384,22.068582562511192,-0.6820917396852293
agm005194394,22.364896658424126,-0.6679619608771525
agm005194395,21.68361372296293,-0.740032801741537
agm005194450,20.69062173240156,-0.9651622004957416
agm005194468,19.46026700792075,-1.1406501592165101
agm005194502,20.404263234582405,-0.9805985996698241
agm005194547,19.31346869413011,-1.151789324043245
agm005194581,16.652835740791026,-3.8176021892594343
agm005194643,16.676655064549163,-2.1786520738420148
agm005194712,21.001917288046045,-0.5782454441661389
agm005194720,21.415309363732188,-0.535382415104273
agm005194761,21.209510181710126,-0.550924760673964
agm005194777,20.220410252130375,-0.6712884495855289
agm005194799,17.005010029511386,-2.216884313402831
agm005194816,17.39559688783335,-1.3336328249020353
agm005194817,17.553929359525913,-1.3070744733675959
agm005194833,18.117332422472902,-1.371387833779008
agm005194904,17.827037817171416,-0.5363270021740347
agm005194945,18.734536043447985,-0.9981690474232363
agm005194969,18.448720638453842,0.7771840235461211
agm005194977,19.33113797168614,0.17136345796870422
agm005194984,22.65432951406813,1.9811948538754995
agm005194989,20.797411603426458,0.5177679188667583
agm005194992,20.13240156931502,0.3963485139337415
agm005195078,20.41800879852848,-0.3239983497444756
agm005195087,22.27248715980523,0.1449881224219718
agm005195137,22.055696859878875,0.13335909518154931
agm005195153,19.689721169870538,-0.39814036759528904
agm005195202,21.18268928761419,-1.4993120167326905
agm005195261,19.22444912295724,-2.6805131860070697
agm005195291,19.42534861050415,-2.7870413201672957
agm005195329,17.93621341272758,-3.460933297830499
agm005195330,18.110417110580713,-3.42058976617911
agm005195366,16.177816772667423,-2.254605684007953
agm005195383,19.883759397056007,-0.7078014856274835
agm005195425,18.11865650452696,-3.780201650912572
agm005195443,18.535130297066974,-3.2471178628870927
agm005195457,16.89588599225229,-1.5308831013689361
agm005195557,19.427765678137273,-3.0076858186467255
agm005195598,19.317945859578888,-2.704813098909875
agm005195641,15.866022364821056,-2.2346962979393448
agm005195653,18.20453054305198,-2.534248578978649
agm005195693,24.055519999430896,1.4811728408799731
agm005195704,21.24905167926594,0.7020887812034515
agm005195708,22.721364512069428,1.1324386294436484
agm005195730,22.499539755652858,-0.670958924604629
agm005195756,22.120967762738164,-0.6889256447705692
agm005195831,18.516752442634477,-1.7475269291532625
agm005195878,17.722895200499632,-2.012021225503301
agm005195900,18.90418864498915,-1.2951283327563154
agm005195926,18.846612328543,-2.650996184173364
agm005196031,20.935553819106726,-0.8741662637917047
agm005196046,20.98933695465106,-0.8941110673092791
agm005196064,21.04694336780017,-0.8601756038690782
agm005196122,22.820921642680307,0.14812755474569173
agm005196144,22.303278605854544,0.0873802493284006
agm005196148,21.715448748716863,0.03227818447077402
agm005196151,21.8010796161114,0.021388607867807163
agm005196168,24.5741933895714,-0.7215189523014298
agm005196178,22.557663024767177,0.16003280050654478
agm005196179,23.61610355671596,0.5008691401759258
agm005196180,21.672219998428123,0.06705775557004134
agm005196246,21.62892715423507,0.04735487916044345
agm005196251,21.283584510944596,0.02316009383608364
agm005196347,18.23011698936813,-1.0428112503996076
agm005196523,14.830744990206508,-4.426049532932816
agm005196692,18.946454528970616,-3.169945289508078
agm005196717,19.6929739148667,-2.30475757442257
agm005196733,19.65475517611989,-2.608321408906896
agm005196739,18.91875620764483,-3.370580176999152
agm005196804,13.336461427391253,-6.174632674792533
agm005196976,19.147528349660494,-2.60918223644056
agm005197147,21.628387506906574,-1.0026904162705867
agm005197166,17.82120911772889,-2.9568222039965666
agm005197183,17.697269971496745,-3.196494963005512
agm005197257,21.339327156759587,-2.288720525484317
agm005197537,17.64075773104868,-3.261306561593845
agm005197723,23.15756732192353,-0.9563437983802587
agm005197767,22.02054969490926,-2.1890755097886316
agm005197917,21.34014601861118,-2.3671025597279995
agm005197950,22.531005425163194,-1.856087297212723
agm005198075,18.122442560369954,-3.6044137588789904
agm005198107,20.799569686948455,-2.8574453703453027
agm005198115,22.77343388088151,-1.2917752991404754
agm005198137,18.411452866515976,-3.0515648287788073
agm005198145,15.920778602602786,-3.890075999380964
agm005198155,17.551044314016874,-2.498337237052465
agm005198226,21.86400474479443,-2.1106801243854734
agm005198235,20.94867741489717,-2.4434189943112408
agm005198280,18.05035772707437,-2.671852203222953
agm005198341,18.741668940084082,-2.066645661305195
agm005198350,18.553001777750428,-2.7978646990684033
agm005198351,22.460474482752986,-1.1744739383371763
agm005198445,19.4271135977121,-5.153413635910074
agm005198494,24.90248887188808,-0.09613284888740026
agm005198514,19.234094014487294,-3.1683485243728664
agm005198529,24.042207399565225,-0.28869116821551133
agm005198534,22.53401899469573,-0.4873519146917129
agm005198593,24.010130582196066,0.747603458022307
agm005198602,22.79162539781266,-0.49899447161010135
agm005198778,22.128857485324424,-2.434193611966969
agm005198779,22.774544217137716,-2.3347872788633994
agm005198951,22.158384948173747,-1.8354261337899587
agm005199044,20.914290839613514,-2.8587324695591287
agm005199121,19.2579188881835,-5.248741205217684
agm005199189,22.66352166810759,-1.3541666301761728
agm005199413,14.52472339973445,-4.918707635089559
agm005199543,19.63724754799276,-2.7487490487622557
agm005199550,20.470461862740585,-2.919020088873369
agm005199559,19.956940004963343,-5.154858616414554
agm005199569,20.335190376334772,-2.900994472395799
agm005199617,18.84086114732084,-5.309349983435682
agm005199677,22.51345966270441,0.07716332808309545
agm005199784,20.88582535070714,-3.129009921802601
agm005199806,19.128356644846896,-3.3208071685559415
agm005199808,19.391137299103477,-3.2965466554007268
agm005199815,18.822801782213002,-5.612518114947873
agm005199867,19.029050259488223,-3.355883552382259
agm005199949,18.008060100684375,-4.230935787405645
agm005199974,17.290376410007973,-4.314463401588284
agm005200029,20.42308587605958,-3.4382929280004326
agm005200054,17.967124328620116,-3.1563720984418295
agm005200064,19.553640599846368,-3.5958112100979296
agm005200146,23.850672958886182,-2.270581723042056
agm005200176,23.149024356214813,-4.614472801887228
agm005200213,22.48576145554525,-3.6016595794659922
agm005200214,26.013502734270794,-1.5638932036686608
agm005200262,23.607760135043925,-2.0330164619182503
agm005200340,21.071886108677507,-4.605018069430944
agm005200403,22.99093565050129,-0.8313040717797069
agm005200430,23.51715550528868,-0.8720085764367469
agm005200609,19.487996070892248,-2.410860465713608
agm005200616,18.91493265742784,-2.454997614943203
agm005200619,20.306448618737846,-2.9127262420845477
agm005200637,19.464021711255498,-3.3069906678104597
agm005200687,16.85689093082158,-3.2765017033781394
agm005200711,16.276395661173524,-3.647379099486375
agm005200721,15.775576219595552,-3.454007596923861
agm005200734,13.751106487645517,-6.708856084769552
agm005200931,20.64948025777332,-2.522827988958604
agm005201024,22.558587504463212,-1.9554669239008642
agm005201025,22.440064728756333,-1.9632068401268956
agm005201029,21.840022965506602,-2.018500670324015
agm005201080,23.44154517719728,-1.2013472858559542
agm005201093,23.345501862039193,-1.1685340793071788
agm005201143,19.75047128991323,-2.9821099342137605
agm005201216,24.426163148781182,-1.792307169474769
agm005201228,22.800092513737354,-1.7127454370760344
agm005201309,23.808467461126014,-1.0960999062920291
agm005201393,24.05329239301302,-1.0733961414425335
agm005201396,21.38304136615652,-1.694619662961935
agm005201407,21.239477238139767,-1.7270656580786339
agm005201590,20.205622090232165,-1.8281305390949592
agm005201905,22.65942680710457,-1.5445982160408027
agm005201979,12.574547823065881,-6.181181876554744
agm005203080,13.896865563317302,-7.465132479193151
agm005203308,20.53221669258273,-0.03387045190330662
agm005203310,21.243986817291702,-0.4954485929428394
agm005203461,20.78307320450372,-0.7228369698520467
agm005203462,18.874440602526416,-0.39899686289956504
agm005203476,20.495125056975773,0.10040418569664444
agm005204112,13.29902665747805,-6.79170857616049
agm005204571,19.763167370728436,-3.132960421019825
agm005204603,20.020333015504406,-2.6326277999265035
agm005204615,18.49555906584715,-2.886453059032105
agm005204641,18.420481161819396,-3.0018348269897923
agm005204646,20.13892521894055,-2.242106512025249
agm005204656,19.05091436246565,-2.3925400769923395
agm005204690,18.076561226579162,-2.5682198972185524
agm005204712,18.395981256015236,-3.084965769620791
agm005204738,16.905552952175487,-6.838317962541394
agm005204760,18.413914397709558,-1.6883510518324165
agm005204781,18.53763947675841,-3.8391755244209516
agm005204811,19.158760743534252,-2.2659116339563954
agm005204812,19.07178865168448,-2.276625353328878
agm005204827,19.691572679151516,0.21586251742762785
agm005204838,18.54211353613957,-0.9562883669438702
agm005204847,20.535138185677134,-1.4643628462043514
agm005204857,19.978787073067593,-1.5778288533372842
agm005204904,18.69585621185698,-1.7908323299400233
agm005204925,19.380260454966173,-1.027660223841167
agm005204951,18.32486441930126,-1.219968814813729
agm005204985,18.964396742647043,-1.8633240635273753
agm005204989,19.05696393200942,-1.8473613632494308
agm005204997,19.169878395925394,-1.8524785193653215
agm005204998,19.364055238789714,-1.8206217789501506
agm005205100,18.43222874733217,-2.4865740260601616
agm005205128,19.715706882744534,-2.781123608471565
agm005205173,17.440302760508132,-7.202748025512999
agm005205175,19.76624723026582,-3.92201393868406
agm005205197,20.056061616540045,-1.6065816941522089
agm005205204,19.394372050498152,-1.735117382112683
agm005205207,19.500618309289912,-1.7173769051121512
agm005205216,19.797717191562135,-1.6272899188943382
agm005205256,19.930251890235343,-2.7655665101598306
agm005205293,18.66979499988461,-2.8685496991935318
agm005205303,18.567057309837192,-3.369787258947514
agm005205336,19.028840576124217,-2.94772172896686
agm005205385,20.26797056133755,-1.8637967227711703
agm005205428,18.16304045926491,-2.7385222800106015
agm005205430,18.252607285691703,-2.7191596465214016
agm005205449,20.90526985622007,-1.7165944557194979
agm005205530,18.539357440666436,-3.7086760767730573
agm005205612,18.672498423947175,-2.3145909711073327
agm005205690,19.74721263736812,-2.322650507631209
agm005205723,19.421166964726964,-2.618588284889129
agm005205833,19.739233574063288,-2.8183465885320262
agm005205836,18.978473977803453,-2.9401432155465006
agm005205845,19.90797441652856,-2.7750135914409135
agm005205860,20.027191444106073,-2.7539731689113776
agm005205939,19.5485324899521,-3.6304389106611508
agm005205960,18.695920343593674,-3.847334678773968
agm005206024,18.68393772049333,-2.447187303513158
agm005206043,19.15434638552233,-2.9632819398330006
agm005206072,18.223257271935402,-2.0116536321120684
agm005206092,17.733824706772037,-2.1018480405519817
agm005206115,17.127713582083484,-2.8062732195883098
agm005206116,17.281948977931272,-2.7749773506648374
agm005206128,20.69210299033606,-0.5251982783795568
agm005206164,18.93745179797823,-1.910937362175566
agm005206165,18.85512051285016,-1.9214738728308856
agm005206194,19.029011353059428,-1.8928988624497993
agm005206223,18.85397629705025,-1.2628165257558783
agm005206234,17.86967650228536,-1.4256379042780774
agm005206245,18.033016643405343,-1.4174608222595806
agm005206255,19.076682033823666,-3.4732599868269065
agm005206267,19.251278505473504,-3.4267497446709694
agm005206319,19.326955911564237,-3.065536402293378
agm005206322,19.55829871582941,-3.023796259436806
agm005206328,18.790563930011714,-3.1257552804955373
agm005206348,18.464280894269443,-3.1936007084506453
agm005206356,18.16936253243183,-3.2630914087331955
agm005206389,19.366089693832993,-1.853497915464017
agm005206403,19.076507354422034,-1.9233566708941234
agm005206530,17.54245618397159,-2.8400017112092315
agm005206541,18.2753494791648,-2.7009115472428498
agm005206625,19.207925002905633,-1.8280529292762537
agm005206646,19.67375448303933,-1.9411240693533394
agm005206658,16.616381538818096,-2.0499039416926323
agm005206662,16.87867441384062,-1.9947990349772549
agm005206676,17.94978761568293,-4.000612847979392
agm005206680,18.084709092456812,-3.036049474886196
agm005206683,17.14374878216362,-3.2249747366786723
agm005206691,17.688242502545883,-3.631644204596249
agm005206706,16.170745675377894,-3.5180195468778472
agm005206720,18.275091270120775,-3.358350538309577
agm005206768,16.995430549882187,-2.1478624873372913
agm005206770,17.77110766663933,-3.1276285833211808
agm005206777,19.32967864485172,-2.939764892562833
agm005206786,18.865039961082836,-1.9017146999180943
agm005206811,19.79711653483537,-1.439984256645761
agm005206823,21.386380694454107,-0.9506746630096208
agm005206840,21.110900504268486,-1.146284573121891
agm005206854,20.40654292595787,-1.2070304489453934
agm005206878,22.32516132261219,-0.5070331326400033
agm005206947,21.061246134679557,-1.0701001283953686
agm005206948,21.162235471466786,-1.0447561243246493
agm005206975,20.255097828761084,-0.5212757259637857
agm005207013,16.952359993863165,-2.183936737670358
agm005207016,17.089996906424627,-2.1306060338456443
agm005207027,16.957825214223945,-2.1792001184478753
agm005207117,17.352935735137514,-1.4279651456904796
agm005207170,18.423452243709644,-2.5412758205428854
agm005207194,17.49510959401336,-2.7061356173301547
agm005207224,16.534662309798364,-2.4442660948961312
agm005207280,19.943616315119534,-1.4304471171192086
agm005207284,19.932671324933242,-1.4133241723078722
agm005207315,17.901523331671218,-1.8550572349147458
agm005207357,19.739948913109757,-0.8448284153839283
agm005207414,18.01237380621279,-3.5255150097457313
agm005207425,17.681021711519637,-3.605239296583077
agm005207470,18.41241941794337,-2.509067532781396
agm005207508,17.83889446941603,-2.6337181738082243
agm005207532,18.037886757126657,-3.1066728246068145
agm005207533,18.440508185888977,-3.0107628685003274
agm005207578,17.923231556270878,-3.94398322250844
agm005207600,17.13601807900038,-3.6799416419691284
agm005207610,15.727084298008041,-3.1235280922882875
agm005207719,18.943090105139074,-3.0299973776127427
agm005207752,19.41593276409965,-1.6716267927186115
agm005207856,18.80507975836618,-2.4069995180725003
agm005207948,19.102450306417957,-1.5152887589921673
agm005207953,18.89403876099411,-1.4089366764532811
agm005208038,18.375491284463592,-1.8246384459133935
agm005208044,17.99681201574693,-1.916700465027244
agm005208064,20.04636527018834,0.42796278222074635
agm005208076,19.630937867762164,-2.759103447089463
agm005208107,20.15634896310211,-1.8786256312772491
agm005208117,19.762458941494902,-1.919636266510468
agm005208244,21.015298466693416,-2.8503877172255843
agm005208302,19.01816675870399,-4.787232095820581
agm005208329,19.86130568078663,-2.9308318802333306
agm005208331,19.346763017625516,-3.2961627111840865
agm005208338,19.579820932625594,-2.9180734415231417
agm005208341,19.114779884781637,-3.306340782152659
agm005208348,19.187928373047484,-2.9762146237291938
agm005208361,18.788787165700498,-3.0522434030416536
agm005208374,19.04480134675757,-3.850405978786007
agm005208618,20.79379664584321,-2.1571566645890137
agm005208638,19.906064239073586,-2.554756345710389
agm005208679,23.147386575352897,-1.575838472543392
agm005208688,19.304745995309954,-5.736615493485171
agm005208719,22.818338142241494,-1.5541977470618824
agm005208732,21.35498350989543,-1.708684693978486
agm005208738,23.11562396381586,-0.9953625856753465
agm005208769,20.23515877976551,-5.733458129233259
agm005209195,16.474307463935087,-2.4858287512732495
agm005210032,22.126280059104204,1.420131003682997
agm005210084,14.271885067743172,-4.78249982064016
agm005210104,14.808015776524687,-6.353851995729206
agm005210119,14.517501664686662,-5.35782754784128
agm005210200,18.06462626992745,-3.875904573176544
agm005210224,17.688215410480467,-2.1655968534588586
agm005210251,18.57171298164748,-3.378568454592653
agm005210252,17.920216142085735,-3.5421715028807204
agm005210253,18.104409948672668,-3.496494494414232
agm005210390,18.730623189823785,-1.5338404827816876
agm005210399,18.957804328371754,-0.9410307665173288
agm005210406,21.311132988935892,-0.13679239334031523
agm005210411,19.301323954103893,-1.1859853107825522
agm005210419,19.140063992710758,-1.6802784648516713
agm005210450,19.878204956725128,-1.5111989534112884
agm005210467,19.68593005322396,-1.2298278587381457
agm005210519,20.33477614641009,-0.4320771266147121
agm005210559,20.856546138204468,0.9309708625025044
agm005210655,16.072681578572492,-2.2781289659404838
agm005210714,20.157328492532127,0.04338385403907585
agm005210744,18.07511500863038,-0.8564332708270967
agm005210762,18.923373327758565,0.46566983374513615
agm005210765,19.06598346538109,0.4710735930639691
agm005210766,19.22838677299195,0.4916946636166637
agm005210778,19.365637957957265,-0.18730553823725993
agm005210786,19.462087719291873,-0.17317650915076976
agm005210796,20.943232714697604,0.4493247383489902
agm005210819,21.47320178090612,0.4212842525974656
agm005210826,10.681121327531283,-3.88176443056705
agm005210875,19.31325179449494,-0.7151333149013417
agm005210918,20.395832987283683,-0.31786274197925257
agm005210974,20.24444619563341,0.7340876976723036
agm005210995,20.743907322897474,2.0588507949105765
agm005211040,20.648551773225428,-0.9608004547057587
agm005211057,20.492808003866358,-0.9904562862619168
agm005211116,20.073148003278135,-0.9984501610434626
agm005211124,19.69827177485438,-1.0568605958860515
agm005211174,19.160205905727747,-2.7242303884338948
agm005211241,15.640386313515483,-5.447811978498731
agm005211320,19.01322158848796,-1.688231752475441
agm005211328,16.50528046705107,-3.1059352359140475
agm005211872,17.98826441882366,-2.182004587693303
agm005211906,15.640125917168954,-0.3499186025084069
agm005211923,17.369589108029825,-2.56155652880993
agm005211929,15.025817583070664,-0.8779647744234889
agm005211939,18.415147310251406,-0.26757065445037354
agm005211979,14.335416549586846,-4.699112105351411
agm005212010,17.754698813355574,1.1274833263664132
agm005212058,21.1035581308099,0.030395428920219292
agm005212067,13.217200043632376,-1.573518391744043
agm005212302,14.056711562558403,-0.08539000989539147
agm005212393,16.976895492778027,0.05154946929325188
agm005212437,18.935776180723952,-1.4792763859246691
agm005212452,19.17943638497849,1.0095003486222667
agm005212456,20.211308510419418,1.1540995495033326
agm005212586,18.54078625593921,-2.888980814756705
agm005212729,19.472194819967953,-2.931896956973094
agm005212742,20.145634410262012,-3.7604411481860662
agm005212903,23.7459633418047,-1.040904825100545
agm005212961,18.885458533744014,-6.977821406428477
agm005212967,17.04027629059024,-5.321951876899462
agm005212985,23.839546077613154,-0.4175944827955327
agm005213017,23.958249119107442,0.02805312407235805
agm005213035,13.493730363441694,-7.036126799143934
agm005213089,15.99884107637809,-6.1903886325993085
agm005213132,13.48699040914318,-7.091122120333694
agm005213199,16.607979372059805,-3.3868659175730276
agm005213201,11.612252079770682,-1.4121606932967214
agm005213212,19.33612645589259,-3.788132131383185
agm005213346,14.671022912610326,-5.350998524466989
agm005213348,16.896103662208027,-4.500823654465822
agm005213369,22.830450476760234,-2.429731052339009
agm005213371,21.487351556182354,-3.0891490400971815
agm005213395,22.845792082546588,-4.492546571758889
agm005213425,19.009989123831467,-2.0732757431037694
agm005213454,15.86984404921244,-4.297651873760214
agm005213557,21.350188652258534,-1.1628330077112206
agm005213692,23.50057142727881,-2.1729428377630375
agm005213705,22.663639783937732,-2.1665943170515027
agm005213718,19.609799412895708,-0.7266595606959325
agm005213813,13.391544858894854,-6.083545706587342
agm005213845,13.494711662520983,-1.4125517720400422
agm005213926,12.62383395398378,-6.565457246746022
agm005213981,14.248498326064537,-8.111464033307168
agm005214010,13.158324554716538,-6.447429586937321
agm005214050,14.695701854464447,-4.075917457652322
agm005214134,14.90305566487785,-7.757184533353457
agm005214157,18.677390126874705,-1.290154146502441
agm005214161,18.768801054051064,-1.2240164323314238
agm005214182,15.637805226110636,-3.6902386703682666
agm005214202,17.18171493036588,-0.9217962612073451
agm005214208,19.10155984010943,-0.35549485354055976
agm005214211,17.879225686497502,-0.4375622542025246
agm005214215,18.55280054890979,-2.6358172409376595
agm005214248,19.26754138047841,0.07901439602891758
agm005214266,20.60895587067415,0.5558086615695754
agm005214274,21.29981442415918,-0.15098322388667995
agm005214312,19.70090446126694,0.41714153018792555
agm005214317,21.433862187663532,0.07033387549034398
agm005214352,21.70909838971829,-0.8764976499325363
agm005214358,20.842513223598026,0.700923131829196
agm005214359,21.8561351620876,0.3082784434302903
agm005214379,18.51406493166273,-0.7302921017329305
agm005214401,16.361943269945005,-1.047085149631397
agm005214419,19.144334649445803,-0.8007680585261832
agm005214423,20.257600637291464,-1.2561852574936299
agm005214450,15.96057322433965,-0.9351246241708759
agm005214510,17.948533374803098,-0.6838315327984588
agm005214570,21.74687169140128,-0.3133299634257951
agm005214606,22.25913905343353,0.4531901672102374
agm005214621,20.000924832914848,-1.5974372335781024
agm005214631,21.83412477598652,0.05455526788814691
agm005214670,14.233210345337955,-3.5723661328355005
agm005214709,19.08618524267371,-0.4425176844247547
agm005214732,13.316405330003263,-7.645904692124901
agm005214749,12.20632088618808,-6.837894733056329
agm005214782,13.765381976884937,0.04621194909096982
agm005214809,17.845537181159568,-0.13812928627291576
agm005214844,18.049979962802283,0.04205355199710814
agm005214956,15.022931477939155,-7.539133795139502
agm005214990,20.142505217707157,-1.106678321650449
agm005215013,20.999224975990302,-0.15797453308659604
agm005215044,20.089158032106837,-2.234584671503061
agm005215051,21.00431356969164,-2.3275141443720853
agm005215059,18.428315340980085,-0.3602117513545955
agm005215085,22.918533151775318,-0.3275168496933225
agm005217341,24.272816833089493,1.8607011694021423
agm005219079,17.255246623375836,-2.5132240810963573
agm005220322,20.035546168190674,-3.613399211112375
agm005222123,22.779310453857104,-2.7044268287481725
agm005223425,17.393422639943388,-3.6047806274043217
agm005225922,13.623163094270426,-3.511838829168724
agm005228378,18.316298017855896,-3.963277148346714
agm005230496,21.56065825065012,-2.463583270915809
agm005230499,12.324563903545721,-5.245026293326457
agm005230618,19.37429553397909,1.4719014372781356
agm005231823,11.801592411592456,-6.34363835824964
agm005235621,13.203117361991167,-8.112409251340456
agm005248519,23.968811712794302,-1.877071644222229
agm005251704,14.664262525041456,-4.034497495596201
agm005252276,21.641094192399578,2.7659237900976987
agm005259933,14.794235222926375,-1.9716913689193567
agm005260830,21.40768505939024,-4.524289007455759
agm005261212,8.552733702979605,-2.3196011905867993
agm005266890,16.931566199343532,-3.575293422303029
agm005268058,20.918314974909364,-5.953135814073897
agm005269005,12.716722666206024,0.5997323797694557
agm005273412,12.160436187390053,-2.7621544299112397
agm005275801,15.479563905861651,-4.97355881380232
agm005280053,21.056239243018236,0.9736192764483113
agm005414294,16.156911628147295,-2.4196707300750306
agm005419099,23.750380231661246,-1.1976300599821876
agm005463605,10.353329197888822,-6.355342567178821
agm005478149,18.484494059674844,-5.193569975428358
agm005480439,15.868399240447443,-2.6980630624052027
agm005483676,10.018594976401276,-5.310586964002936
agm005529966,6.582588014580966,-4.532113984109001
agm005529980,19.144956512181686,-3.2340183927180126
agm005530016,15.10127469087808,-0.5807156031084126
agm005530178,18.530380912576803,-1.5399564191975685
agm005530212,22.16878178974241,-0.23841628008297847
agm005530623,22.013149712951517,3.753468601527564
agm005531057,15.942963197848181,-3.480384392699656
agm005531143,15.872729649859474,1.0795343621672437
agm005538986,25.817225193825216,1.9690458258824988
agm005539007,21.69126903602782,-0.5794835973455772
agm005539187,19.90426732420014,0.8068794919368667
agm005540356,21.378535380727826,0.7186333986224321
agm005540382,19.63301101385313,-0.9595112355491331
agm005540385,13.089984344630613,-0.6200198254829111
agm005540400,11.456411458475477,-6.377792566008
agm005540462,10.196063517100423,-5.8904270415324875
agm005540504,15.673252554592326,-0.6927384411815574
agm005540716,22.81667645394471,-0.4534406706204634
agm005540725,21.87134069036017,-0.5837463381870455
agm005540827,13.311772680405513,-3.339310462261666
agm005540859,14.551766487824613,-0.08909787205562363
agm005541001,18.501819255853846,-3.011906426788862
agm005541016,17.240642077887824,-1.2288166796999729
agm005541251,20.125867032713437,0.09042934609825377
agm005541255,20.933087150447662,-0.058262209106273964
agm005541394,20.838767269514182,-0.4844380023795729
agm005541414,15.295996734857733,-8.789641564441634
agm005541415,16.471921777566553,-7.51207355677549
agm005541605,23.130773966122423,-0.9438729423472877
agm005541629,12.315392094882327,-4.222318672999297
agm005541810,12.79206940698878,-4.408971132651136
agm005542205,14.093384786270926,-1.2881375505626167
agm005542271,13.942296633323469,-0.14541620272085787
agm005542412,22.96749478687919,0.24850813682119766
agm005542536,23.667483658207782,-2.8946761712916915
agm005542869,20.892861782794593,-0.025980639383543114
agm005543720,22.937993023567664,-0.8181541769309298
agm005543759,19.96228018067725,2.764605633917062
agm005543786,22.446941869505572,-0.5240590625651727
agm005543808,21.803564580048636,-0.5934126717911525
agm005543809,21.64969130977304,-0.5707571341874023
agm005543838,22.15075359510994,-0.5594185981179749
agm005543886,15.252722157297953,0.1531755437812759
agm005543948,22.538656992616996,-1.955530513821263
agm005543960,15.705082288460892,1.5070733977637794
agm005543980,10.252821113986458,-0.41826695834543665
agm005543984,11.187160595927512,-2.534192353856054
agm005544072,19.306378818252647,-3.0754586881872963
agm005544076,22.152898018210706,1.2033683290750339
agm005544219,8.72956080799439,-3.75915204099602
agm005544224,16.277285487071858,-1.3602220493394026
agm005544252,14.162986892626558,-4.397811765706642
agm005544318,27.40203536818036,1.1653446605813507
agm005544322,24.356337712202407,3.2698034857738585
agm005544329,17.675916647304444,0.9343942851318982
agm005544453,17.911243766186747,0.9520319340018553
agm005544454,17.97237240989243,0.9576198082021214
agm005544612,16.388037386720764,-1.9751980360780657
agm005544653,26.942033686548776,3.327141910484258
agm005545095,17.720264811838213,1.542109254883395
agm005545192,16.904695091310067,-7.464972550266841
agm005545233,23.804304677863655,4.421568718734473
agm005545243,13.646049973249424,-2.697055200052189
agm005545485,14.615841139078848,-4.377821440410098
agm005545487,14.07155129833314,-4.469059428325184
agm005545534,14.464876278436984,-0.31750024976385127
agm005545577,20.027261811909746,2.6773305039410746
agm005545614,17.15315561969522,1.7180293524772765
agm005545644,23.341546525289687,-0.6969780471088866
agm005545674,13.992249710388052,-2.6956662306012125
agm005545824,22.1607458902874,-0.5454966250244956
agm005545908,24.761746025367525,-2.59214949207931
agm005545913,22.2031859888336,-0.9592250790159517
agm005545917,24.052021938950418,-2.9508358327431696
agm005545951,12.226057732859081,-0.6810592165698394
agm005546014,20.362388691555342,-1.8551609310865989
agm005546054,19.41814267165393,-5.350430478829938
agm005546069,14.116232489086281,-3.1592634564434134
agm005546130,20.0995719014868,-6.118262576515364
agm005546161,8.702236742006805,-3.3874026968958653
agm005546301,19.784174165150223,2.9720542949115867
agm005546351,18.96319925866592,1.4923521781225528
agm005546378,20.247794477146858,1.843990162703017
agm005546385,18.767879619658554,2.695168160823091
agm005546391,14.567568560245737,-1.2913043302076657
agm005546419,17.36815245600641,0.6173736953293266
agm005546530,16.758787696809076,-0.6894723077009699
agm005546540,15.92014616773596,-0.36730207616753585
agm005546637,8.588968475522458,-3.217430589807391
agm005546716,16.823044367207014,-0.3530101179395751
agm005580491,22.67668485490029,-1.0995417294025511
agm005581560,23.03909605081716,-0.4216266804478792
agm005581572,23.170582181406587,-0.41046701784899337
agm005582010,22.862570906775986,-0.4531935432600627
agm005582352,17.84801296616125,-0.04243554077432243
agm005582456,22.7814214265444,-1.0761880949179485
agm005583054,20.814796234731602,1.0408530474602191
agm005583145,22.457322859586416,1.3350583602836839
agm005583358,22.549093215666897,3.826669741118341
agm005584751,14.854474813278882,-0.07816111503439178
agm005585003,22.795905378289735,-0.928100917542737
agm005585248,22.697221152662195,-0.9418275888369552
agm005585340,13.815810767349886,-8.400123021609248
agm005585407,23.524873808932828,3.092512528602749
agm005585641,23.118925502382123,-2.0478583616498356
agm005585646,22.59756302129261,-0.4096823804979799
agm005585802,10.361256652268507,-3.475309961428129
agm005586174,22.538499068108422,-0.07353910121356992
agm005587043,18.292872479354518,0.7988028921741736
agm005587399,22.10045592231236,4.214684971584482
agm005587945,20.903061236841605,-2.137913179332093
agm005588407,20.838850497342335,-0.45520125572927306
agm005588754,16.875162598654743,-2.7128462667745654
agm005589462,15.527088041055592,-1.34128726053628
agm005589799,23.439052306463093,-0.37282544010516006
agm005590007,14.204971476862516,-5.7688464426850565
agm005590208,24.510460323563333,0.0025941881606184047
agm005590296,22.338283864421598,-0.5024125077228812
agm005591073,22.40783698248238,-0.5220724069485496
agm005591365,22.68055782895331,-0.4875476033910191
agm005591392,14.036877576540576,-5.249214506696454
agm005591457,22.752579470503004,-0.47200939257350427
agm005591736,22.288517592957543,-0.5143116249849489
agm005592312,19.01006304014717,1.7524033308625497
agm005592421,20.863486329312277,0.5088867244028634
agm005592668,20.98530289841607,2.1929111973043356
agm005594027,14.798294625601928,-2.645248660923329
agm005594574,16.125789846608807,-2.6776471973688913
agm005594915,17.978083373477652,0.24809223281361406
agm005595080,19.728140489916523,0.7890193168106148
agm005595112,19.2349639331829,-0.5243897963615805
agm005595341,13.38627210938631,-0.5164291729781216
agm005595570,18.052607752316213,-1.9900858744260521
agm005595976,18.996611761417952,-1.957872824747914
agm005596010,18.846573243630697,0.657807951175541
agm005596104,26.580973519618535,1.8077506771991425
agm005596214,15.832508478155388,-4.521079884407235
agm005596489,16.379561079792275,1.4630261796418944
agm005596916,22.290786736467012,4.55978865138933
agm005596934,16.109938318433503,-1.2577700682205772
agm005597030,17.240190977559582,0.5431148338920112
agm005597043,17.418347776752512,0.5608187376699943
agm005597173,22.86804855112433,-0.34210869610997346
agm005597347,19.705319431810654,1.1562129305846625
agm005597470,25.659956880864076,0.3949988945052345
agm005597490,18.067732382974224,-1.2152779574681034
agm005597557,19.859384430091925,-0.04556193643248404
agm005597589,19.68765267613768,1.3476227515288393
agm005599119,21.384504815662556,-0.05607277095998242
agm005599432,19.368423922021474,0.4320066676275521
agm005599559,17.838127480343662,-0.2325067462188913
agm005599773,17.90469468703328,-1.271026394703333
agm005600084,16.819931243409265,-7.1557715403582245
agm005600520,13.955687134724725,0.1647362509394649
agm005600630,17.905520465361715,-0.16890366344655425
agm005600866,16.771635247755402,-6.329253226682117
agm005600916,16.29119369789431,-1.189717582143742
agm005601349,16.692588046801532,-4.168664802153054
agm005601378,16.184395736738335,-4.309328374806365
agm005601476,15.924593897679678,-3.994488794710133
agm005601522,16.29832584773973,-3.9334519953535163
agm005602004,14.20190897764617,0.8108994111737452
agm005602108,21.084649300200986,1.9205200067417927
agm005602568,20.266440867395808,1.7256787965000893
agm005602691,17.052959504964324,-2.2329538502681214
agm005602875,16.235148342435036,-3.747934309354936
agm005603554,16.83443405164699,0.8706626383316977
agm005603613,20.295270106964463,-1.0540981272764907
agm005603697,19.43981027312017,-3.2455416928502263
agm005603713,16.233789919655468,-2.83588653690877
agm005604092,17.846438855263703,-0.3601634739829714
agm005604160,19.201402228983426,-0.5422094673682759
agm005604440,15.911433202732152,-0.37735643512055006
agm005604879,11.076861792614773,-2.3120229914166655
agm005605396,18.08430506367856,-0.3298740898672315
agm005605704,18.12889561389977,0.45649153739825604
agm005606391,18.736625138957198,-2.2166037190692944
agm005606574,19.736586169322234,-1.008606676045985
agm005606651,20.2764322169021,-1.579665697241716
agm005606743,18.5453283119228,-2.679068839404294
agm005607468,22.208160561810285,0.9802740704149014
agm005607676,14.61672079617476,-2.0152952519840213
agm005608751,18.846687949356564,0.3738737723665941
agm005609335,21.85456220980819,0.2980311851910997
agm005609365,15.146798293021638,-3.2030601406645793
agm005609787,21.652723511817886,1.6283264366736663
agm005610635,20.20317360973224,-0.9265224986552489
agm005611428,21.215164179863116,1.6449626548043148
agm005611509,22.100194933660422,-0.16423792221535072
agm005612643,14.903591867326545,-4.343151852785188
agm005612657,14.921562355100798,-4.315503291191061
agm005612766,17.385873458662715,-3.243163072619218
agm005612957,20.850005137314298,-0.0680980859276789
agm005612995,20.313638730957468,-0.1368359608001294
agm005613185,18.331907770386284,-0.1523309755818989
agm005613995,18.096629061063233,-2.7088644978582326
agm005614486,22.37251392504307,-0.23569367434300523
agm005616187,20.2937349045537,-1.007380342890264
agm005616359,12.773471773857807,-3.168304008880771
agm005616433,16.202674497522732,-3.8701689271786073
agm005616995,24.688366397716646,1.9487566017175926
agm005617700,12.95942188053145,-5.650918358138124
agm005618941,21.083675634152733,0.12091084594626207
agm005619020,17.633007559589288,-1.5043490907325752
agm005619897,13.78209030780529,-3.4899374504012415
agm005620115,19.889416774990355,-2.9622378397270945
agm005620155,18.39752025605893,-3.2755973430960097
agm005620461,18.594988840775624,-1.0709164554893895
agm005620956,22.18896794518929,-0.9012136930093918
agm005621427,17.499461473741025,-3.2864297082502305
agm005621431,19.12322890628587,-3.069020447648286
agm005621453,16.580723021589765,-1.920071217258293
agm005621525,19.752278796860086,-1.094380537758429
agm005622034,22.238059766417535,-0.7023702675986536
agm005622106,20.979211732280497,-0.274989194149009
agm005622533,20.23926860572954,1.2039674260987838
agm005623066,19.266403584454704,-1.7235196246298403
agm005623619,19.738329047651526,-1.218372429553514
agm005624058,16.99707427463006,-0.11194383003708334
agm005624618,22.030991158436407,-0.5062689493133744
agm005624646,25.541303939285978,0.42769035307993936
agm005624755,24.774455874990565,0.3287017888613318
agm005625912,20.453729180868258,-2.2117783230734496
agm005626445,15.512732767035262,-4.887303101244458
agm005627113,7.388020744643729,-3.1993403087726286
agm005627280,15.15623911107211,-5.974474246783565
agm005627399,20.94282424623517,-2.7556035000950323
agm005627455,17.44634886168073,0.4987155919285762
agm005627815,17.318972697579756,-0.7714847803882838
agm005627897,17.7630030376329,0.3031940512526982
agm005628209,24.711642091020135,0.7664070554248751
agm005628517,18.987033896033058,-2.4178777319678173
agm005628938,15.266897462275265,-3.9578523707906546
agm005629217,20.75607604238548,-2.806771393865356
agm005630079,14.874648936629745,-5.5409606597348855
agm005630107,17.985047758554654,-4.698978052955428
agm005630212,15.246812151773588,-6.303536714720425
agm005630353,12.941965346103752,-8.133614598629855
agm005630608,15.012567443294293,-9.373069599420603
agm005630833,12.044220934276412,-8.020126676250383
agm005630996,18.548502106381395,-0.23471895786571592
agm005631153,15.27419233899703,-4.772990009309965
agm005631568,16.40666082260246,-0.5475977618603439
agm005631586,23.773093814584822,-1.85480035147125
agm005632220,20.333124848644356,-2.3526274072570725
agm005632287,20.183160726329913,-1.411842389267786
agm005632741,16.663378761063967,-0.9225912203428805
agm005632931,16.659145544767302,1.4720761241490699
agm005633147,23.124805809311727,-0.09779168014083102
agm005633314,16.16041401594111,-1.1936745362112635
agm005633370,17.366753145214354,-2.247644785242233
agm005633541,17.229657196698557,-4.848722454659887
agm005634107,19.45809244767254,-1.9242278836070674
agm005634211,17.00952672221878,-1.8259450685666012
agm005634234,16.447853232174023,-1.6852865935262562
agm005634251,17.077570793819586,-2.043361645690348
agm005634305,18.085083003989304,-0.987978397120664
agm005634382,16.863951664150786,-1.1615967348478844
agm005634835,19.957401674279094,0.33185466948384956
agm005634875,16.287391056381217,-1.7662930314974359
agm005634910,18.149025286054993,-1.6388012867496087
agm005635181,21.08031498929971,0.028794623536314273
agm005635305,19.02264777419035,-1.24711880041298
agm005635408,27.15392669689676,0.804309218335451
agm005635430,25.22357694270929,0.1682028794933276
agm005635661,17.46898294674633,-3.3412279786559758
agm005636070,18.359038216661908,-2.662074653162685
agm005636112,16.504407713640074,-2.382413969287026
agm005636199,16.148552363758323,-1.0003880596527182
agm005636311,18.14515778959579,-1.7445956749932048
agm005636516,18.811479038908985,-0.7155921232640671
agm005636525,22.280594985509765,-0.3504615812734393
agm005636880,21.835759491516768,0.6966669360924337
agm005637049,17.83089491454586,-0.012831402768554767
agm005637127,21.671680649964294,-0.18155226106434785
agm005637237,17.641677578123552,-1.3289441612188597
agm005637631,22.32873985347102,0.2547277474886999
agm005637657,18.548609310223252,0.7567258273309173
agm005637788,15.649501719068796,-1.9205674686968777
agm005637795,18.471327015945004,0.8077187332435093
agm005637925,18.369727753582882,-0.9931872022278494
agm005638274,23.145613734331906,-2.5200530400472947
agm005638603,19.248180355343525,-3.3057007327931633
agm005638804,19.976440424783977,-2.748094959494939
agm005638839,21.373342246673364,-0.012790634713484739
agm005639192,19.634228225705964,-1.5603799466464405
agm005639915,15.998705656841251,-6.4342407618947925
agm005639976,12.383781428979129,-5.417221392321871
agm005640127,22.634428770738058,3.1615207356268886
agm005641129,21.78156829250247,-0.07376104496404956
agm005641898,12.56788925681978,-4.369635669198904
agm005641920,17.61724398349872,0.4279434225426306
agm005642216,19.41405617668876,0.5525484611005739
agm005642258,24.916132610256145,1.600027009715453
agm005642306,24.837402935443517,-1.5386863940060465
agm005643129,19.83796077505394,-3.506083268629382
agm005643283,17.694672250049504,-3.6800900473289233
agm005643914,19.53874066003701,-3.8928315402051603
agm005644070,18.87005877516686,-4.7845380094388394
agm005644236,13.1413278953316,-9.241066496584274
agm005644298,17.784592430877183,0.8020827670795724
agm005644357,14.50534514685424,-5.371671896156247
agm005644588,20.631213055455973,-1.9869358194409579
agm005644954,20.884928194291778,-3.9004624667287726
agm005644991,15.544917956386207,-1.3057295600402228
agm005645271,21.338017674612818,-1.826781273984734
agm005645406,21.662793021286102,-1.8458669324339638
agm005645663,17.752618008448668,1.151525974754517
agm005646455,23.025523619559102,3.01255387857451
agm005646509,26.719283611115298,-0.6027544365053897
agm005647164,20.00336094221044,-1.3503596827758155
agm005648423,18.65873260373905,-7.628193890313629
agm005648768,25.14454923809315,-1.4708936751553214
agm005648968,13.775392005963134,-7.112171755634775
agm005649023,20.95842172183322,-2.1233353713822996
agm005649113,17.38389388869999,-2.96760068336344
agm005649125,18.828691846119376,-2.816503599031696
agm005649260,18.866156461125566,-6.321823960299587
agm005649652,19.349282121087658,-3.588111663031287
agm005649657,18.20438531521021,-3.2697577474169157
agm005649765,21.036879871598057,-2.8459454128794532
agm005649803,17.016979141100045,-3.3838899905117104
agm005649856,12.525156232309067,-4.727668404785475
agm005650071,18.54115097828722,-3.701205036054503
agm005650074,17.934340206125228,-3.5488042032858966
agm005650147,17.285555337540387,-4.600893739580152
agm005650273,17.625691871415505,-7.255435777821852
agm005650359,18.347272619180078,-3.6494197669176898
agm005650555,22.08157214499236,-1.1311300971675688
agm005650995,15.014649907079738,-2.1046970058474628
agm005651111,25.34470387969834,-0.586684882698485
agm005651236,24.84237435419338,-0.4985480756004185
agm005652123,25.302044892642442,-3.1553301246901495
agm005652184,18.488893644133007,-2.612238866720769
agm005652223,12.705853195083447,-7.585134304305627
agm005652264,10.81067329824173,-9.202772993170534
agm005652281,11.468832583032473,-9.092368353570562
agm005652426,13.780052815766789,-7.449879348604916
agm005652534,19.69626795794935,-3.466539556698111
agm005652649,26.814103176357275,2.761480296119103
agm005652681,15.596667762487181,-1.3777289481669097
agm005652972,17.00144483691216,0.5639216771943336
agm005653772,20.37734107835922,-2.6493041587550845
agm005654033,21.105332560873283,-3.271422073104766
agm005654085,20.85309854494535,-4.280752706385209
agm005654133,21.742612401738764,-3.8802222477925103
agm005654177,20.680906326547703,-2.6000768621663553
agm005654680,20.589825391467738,-2.838669417517807
agm005654842,20.51676438135137,-2.6580861506996336
agm005654862,14.27658106773679,-4.010836300410452
agm005655232,19.93377182601602,-2.740792986066357
agm005655524,14.65231475758764,-2.2182049199326426
agm005655762,23.08322946024249,-1.2374651816348379
agm005655971,26.028441521453544,-0.96862758079592
agm005656815,14.50236192421995,-6.923202518493511
agm005657189,17.29599309792036,-4.212745305204207
agm005657198,17.443333755547425,-6.085546611170673
agm005657305,21.595664498188768,-2.9854041672598304
agm005657691,19.81903756980262,-3.6175507883526605
agm005657855,20.145414815348758,-3.1035238268720082
agm005657871,20.222444628329473,-3.5319263279603703
agm005657946,19.341989551587485,-3.2854108491500527
agm005658131,18.123400598668542,-3.4821192517712842
agm005658294,18.726532245530873,-3.607835611798818
agm005658734,20.614993419506575,-4.045688656560971
agm005659056,12.210358623158383,-7.629261649624209
agm005659085,12.450219294437032,-9.714141159136522
agm005659150,17.31694763070494,1.6798803698621831
agm005659328,19.58924963676432,0.18433897323289491
agm005659597,13.652705491956809,-8.170363357548423
agm005659709,13.08177214121099,-6.006635253940168
agm005659983,13.914317335492504,-6.161937084789308
agm005660539,26.926146607600938,-2.033037293965472
agm005662506,19.987471200526127,-3.8016537919503635
agm005663619,20.973998471274786,-3.734193849127773
agm005663660,13.606610061677216,-0.6992577965113508
agm005663784,19.74284193133096,-2.3336078665937676
agm005663842,20.807958353539902,-0.35333659302093895
agm005664341,23.05438723939317,-0.9816949017546198
agm005664999,20.814429670355484,-3.1351020665702887
agm005665066,5.767185031202819,-4.801727373901866
agm005665311,21.837063560170503,-1.1094767911994772
agm005665631,22.056190657945795,-1.421514885692692
agm005665681,24.055630048925547,-1.4033825726706854
agm005665734,21.31458482509026,-0.4892756367915319
agm005665776,22.116023070897814,-0.42471895338396237
agm005665795,23.624632747106787,-0.90418461135689
agm005665827,23.468955380128147,-0.8844475539671913
agm005666137,24.99524643374504,-3.3775342421460284
agm005666762,17.562224881079512,-4.339868670633361
agm005666789,22.666988010408886,-0.9004217539759569
agm005667046,15.385364265221625,1.3017097073147708
agm005668490,21.69202521561679,-0.47040322788801053
agm005668537,23.188985967131387,-0.39334584919088716
agm005668545,21.97933233079503,-0.5399682557395451
agm005669978,18.646685444142207,-2.9143581344568315
agm005670704,20.346199788736683,1.0550676839171562
agm005671259,16.00606620602912,-0.9370684246381383
agm005672078,24.65152276003337,1.7396594444067819
agm005672114,28.23517101747672,2.3707463699533755
agm005672851,18.721590371398776,-4.242400879374201
agm005675910,17.040215487829997,-3.338071148868208
agm005675966,17.5963537886915,-5.649924323535308
agm005676057,24.76031607048088,1.9480297934233732
agm005676379,18.500170730382997,-2.3322886030092325
agm005676632,25.803995303668614,-0.6221586334213866
agm005676668,24.869354964505035,-0.36067077238442735
agm005676740,20.397821937202465,-2.9704485566003056
agm005677145,17.129012622063104,-1.0974668998119448
agm005677210,15.750117592975164,-1.9249085852391143
agm005677220,16.015111038013035,-1.873069669458225
agm005677393,19.607463304080376,-5.8513038987535735
agm005677505,19.827841464946353,-2.4089024526591847
agm005677694,25.21079933166057,1.1410082462831035
agm005677735,25.6682782677961,0.7947226059967486
agm005678969,21.885094671061392,-0.9206164768702466
agm005679614,17.978477628118604,-2.2988716112384537
agm005679645,18.051705103754433,0.0915508509748874
agm005680013,13.049713414182298,-4.673364894363575
agm005680119,12.544618678381314,-6.90831937478206
agm005680306,20.619373478475264,-2.38805139046484
agm005680318,19.929311169938376,-1.8868286646356307
agm005680342,16.56079936683631,-3.458714282003143
agm005680663,17.500321305333376,-2.2812541017540062
agm005680702,19.708037160195932,-1.9412910484325518
agm005680810,12.102673920001479,-5.011879370828258
agm005680853,16.82677197149585,-1.1151228298605986
agm005681081,14.87016541951725,-3.421071319164047
agm005681139,13.890836724385139,-3.6101257110166536
agm005681165,16.37637333584646,-2.093527887108245
agm005681191,16.551451206618783,-5.908575352470997
agm005681244,17.342576518005323,-3.0090386984714708
agm005681260,15.022198317858502,-6.506828991060943
agm005682034,16.539201143268865,-5.8877048166725885
agm005682154,21.25591090270392,-1.1561806352047235
agm005682165,16.588204144169172,-2.35002729551608
agm005682336,16.53861508576581,-7.038387160360372
agm005683187,15.424622324271828,-3.072910759987359
agm005683984,16.2264343126616,-4.630511029632442
agm005684832,16.42298265594774,-0.10517279421227303
agm005684875,16.066474958361578,-0.34003340697876067
agm005684967,14.350816038967325,-6.297560262973817
agm005685367,15.806255025683875,-6.934845018019783
agm005685513,19.681847838669587,-0.07213805345332543
agm005685665,18.500196826778758,-1.0307711770033652
agm005685906,11.730903050398176,-7.221108067019062
agm005685956,16.065199016323362,0.37778269186355873
agm005686061,14.867906989925034,-4.204280978501378
agm005686362,16.571529125868654,-3.966996394643452
agm005686530,19.644883366408262,1.5087166503234826
agm005686695,15.904151227421167,-5.6962450593021074
agm005686837,14.297543143160683,-4.721288926353719
agm005686863,15.507325697254943,-2.6322642270538785
agm005687138,13.216954951255842,-6.457628859700775
agm005687448,15.51875374151583,-6.292070643487805
agm005687526,13.19405497547258,-6.257190838565237
agm005687809,16.3676162341629,-5.325576380515538
agm005688045,13.679880686470943,-3.420294373394441
agm005688201,23.167068641469285,-5.202640603418188
agm005688376,10.18057881161684,-4.454762770029922
agm005688537,18.771263461849777,-3.4170631043864703
agm005688550,20.109874208122218,-2.290097073840876
agm005688846,19.685626527331703,-2.4075952901140614
agm005688923,18.217933710047518,-5.692707773580522
agm005689651,19.016228182863955,-4.642636172178683
agm005689739,23.207632120033278,-1.6820098703284934
agm005689900,12.290441778127507,-5.888097443169351
agm005690481,20.13086177843257,-3.0223602268791763
agm005690501,22.79781642319488,-0.6679221796822263
agm005690629,20.813935924702232,-1.4701699288155556
agm005690814,20.934050630808287,-2.2163893814163713
agm005691100,15.636313778837154,-7.629027745663611
agm005691220,17.750803719483493,-6.407929117300991
agm005691223,15.285434565142497,-1.7671591580717163
agm005691259,14.736875812975915,-5.403914560327159
agm005691277,16.08394455791773,-9.05081418896078
agm005691376,15.145748201096822,-3.926165711134915
agm005691429,14.783964278614027,-7.698753949069439
agm005691552,15.581310732377423,-4.7953035232065195
agm005691620,14.41906169382744,-7.544735945908208
agm005691976,16.568603547102082,-9.963566990359785
agm005692077,14.934869697813548,-7.725506972654119
agm005692101,14.472429158069142,-8.616246407103228
agm005692117,14.686395557228986,-5.408901751571485
agm005692202,18.832763517344723,-2.28405114637711
agm005692344,11.679884703395267,-6.384642380997445
agm005692589,23.467395968115316,-0.30209155907377827
agm005692986,11.977941130671637,-5.839313074680683
agm005693021,15.54101676314739,-3.8132899433539955
agm005693356,25.323673651804544,1.4938364673069955
agm005693527,18.861415618275803,-1.4413455951586793
agm005693906,13.644001690075426,-6.222747505428113
agm005693940,10.74332551784171,-2.5141250266504676
agm005693976,16.48175274732164,-2.416663351688221
agm005693996,15.06779924924637,-0.47656689599229346
agm005694212,15.554242077164027,-6.719306714305432
agm005694286,14.605990091436537,-7.196380263329594
agm005694579,15.60100178143731,-4.169140868410705
agm005695245,15.266895716089538,-6.195575040112092
agm005696009,13.734015203552413,-0.6250413987130456
agm005696103,14.677974855714817,-3.8464034428457836
agm005696122,14.921803065238807,-3.8062449722540896
agm005696280,16.401345106875254,-4.846833815018042
agm005696471,13.48524219329195,-2.829246368738168
agm005696771,12.963218338211044,-7.671765996651082
agm005696874,12.203475643066474,-6.032704835515737
agm005697047,14.573666856362133,-4.220758700587788
agm005697148,15.69918054095095,-3.0513877552815782
agm005697262,15.211000255217849,-5.534901394062902
agm005697553,17.50067459660969,-7.177681760528682
agm005697606,29.330794947132,1.5983547237463727
agm005697611,16.733927669047343,-3.6733665288714152
agm005697643,11.872896509232946,-5.3273563476003085
agm005698477,16.726988280909925,-3.756879856878244
agm005698726,12.804257639005955,-5.231463534691264
agm005698962,18.271740754210338,-0.526355085516118
agm005699635,15.901059931490101,-1.082149488917348
agm005700188,20.265252574701403,-1.1885446443515324
agm005700732,15.766439555578366,-4.1110304711503645
agm005700896,21.791579695734143,-3.1514257000751034
agm005701008,18.927469357786627,-2.5648660881281646
agm005701548,12.21843319577497,-1.944121859362437
agm005701776,14.593674994860029,-2.760650248804995
agm005702045,12.378709546685181,-2.7714718376363394
agm005704081,20.334067162883382,-2.046400188290623
agm005704164,17.197578036105494,-1.570767122276062
agm005704438,22.270173123797665,-0.3095116308249744
agm005704470,21.359006793173226,1.5224388607761696
agm005705880,12.636045901216617,-5.822073120152088
agm005705911,11.872890576222874,-5.687162062598984
agm005706253,14.501248492721485,-7.920341346248734
agm005706502,18.008816886912197,-2.242331728115374
agm005706851,18.59085314628449,-1.741198188350052
agm005707251,12.106896370991054,-6.295738433159518
agm005707792,19.666781929209908,-0.7931530730494073
agm005708294,17.088725961748562,-4.663278708042046
agm005708927,16.728087563257493,-4.458352589036196
agm005709092,20.154286225982588,0.9985957943649938
agm005709179,17.248617377419304,-2.96576033988822
agm005709401,17.79993297666637,-0.8197984186350359
agm005709404,17.62665279722376,-0.5318990726154477
agm005709410,17.84751204633798,-0.49829627559391315
agm005709417,18.43563805219512,-2.5622589025133813
agm005709518,17.526059558349854,-5.233420760976678
agm005709638,10.833912119418203,-3.759401116239925
agm005709639,19.320951770280033,-1.1989925200065439
agm005709722,21.63460185474975,-0.7336196871343917
agm005710025,20.0859183869033,-0.18289113256356515
agm005710924,20.201433485361854,1.439951925082805
agm005710962,20.69929582774198,0.16350935000665126
agm005711281,22.304565564488367,2.4710299820903265
agm005711375,20.46577795845885,1.3169444939011843
agm005711417,24.578680934730613,1.0841620289024654
agm005711522,19.915760942763914,1.3048553717771731
agm005711549,20.552855832549838,1.3636228368683216
agm005712111,20.86470429329996,0.5293757305611729
agm005712310,20.10034852271763,0.4270424232426979
agm005712766,22.841003098027368,0.1950371341976306
agm005712800,16.24811451976868,-9.07332847015827
agm005713801,12.409463236116487,-3.6123202779121093
agm005713849,16.568634604379195,-2.1555851036441016
agm005714663,20.845773047868743,0.9749592506797384
agm005714758,18.799480534896542,-1.0928791908989701
agm005714869,18.538007967427955,-2.10476178156892
agm005715192,20.052504629118108,-1.069890650069891
agm005715690,19.4341671146184,1.3974655992454508
agm005716630,13.071996925082574,-1.0221109043573844
agm005716942,22.516654244031248,-0.4523883154685239
agm005717407,11.571297281116872,-2.0147605541516778
agm005717627,15.377294185302938,-1.9871484574374627
agm005717823,18.70680451033194,-0.8894344668871922
agm005717837,18.921913477972986,-0.8518804504983285
agm005718647,19.360381696652695,-0.35835077726952785
agm005718756,18.339679238504015,-0.11338239432656276
agm005718806,18.935679760247734,-0.0024417162417703273
agm005719058,13.252096341622975,-0.789989689833892
agm005719756,19.844171080307813,0.48298757357632677
agm005719965,18.73624340739196,-0.6639505252133345
agm005720559,19.029819410044922,-1.579705338855307
agm005723799,15.591821225038599,-7.862675813825263
agm005724261,21.847442113203233,0.48601504284114166
agm005724341,21.928567296346543,0.5431485517513845
agm005724531,23.835862155659015,0.564786460063542
agm005724601,13.157117190404504,-2.492873642332359
agm005724937,21.396187250712824,-0.20429685469016454
agm005725054,14.913158502383814,-5.659943703718431
agm005725080,15.267055709227487,-8.24711143073715
agm005725082,21.38196129855461,1.0407200569334065
agm005725319,19.746166922857793,2.2592102281600743
agm005725343,20.09950078463004,1.0742313365409477
agm005725673,21.843841417679254,-0.16048885371357122
agm005725710,17.19711972276266,-1.5934395733385034
agm005725716,23.76958020705398,1.558486918704732
agm005725859,16.381284915045445,-1.6181381968033999
agm005726174,17.160995867792526,-3.9407948041494394
agm005726359,16.482506381131447,0.45447146125542526
agm005726400,17.431269853960593,-2.7141474289284613
agm005726421,17.96060079623393,-3.0600647859700896
agm005726758,21.812952007255515,-1.167297178089603
agm005727003,22.602931602323665,-0.3259700633233778
agm005727289,20.633845292077563,1.3097621275110758
agm005727295,21.436740134109687,2.1634515565135852
agm005727306,20.788087792408817,1.4718973402213258
agm005727527,22.80047868075006,2.1376226020383604
agm005727540,16.0927062068175,0.45608808456078587
agm005727812,21.514359718662863,0.0795176460673949
agm005727973,19.690411260559518,-0.41262255341436455
agm005728056,25.82383803565695,-0.9230235366640294
agm005728424,22.315264360935448,4.239518398225976
agm005728537,24.39781792345641,-1.3089444367913565
agm005730035,22.857872006852475,-1.6768843600129006
agm005730171,22.374824352212173,-0.8346666057676112
agm005730200,22.627945978346165,-0.7996666566826202
agm005730261,22.11543386691599,-0.8280002326619199
agm005730557,21.834352685828886,-0.8591393935514198
agm005730622,21.864851009596247,-0.8528098027993464
agm005730636,22.385969372213893,-0.8291462435018376
agm005730800,22.206734259403344,-0.8525230130412407
agm005730884,15.27574191143277,0.16100416028046757
agm005731217,24.85921498945029,3.332908192619693
agm005732215,22.579001026215277,4.748601744176097
agm005733992,6.900266590470134,-4.999207215339663
agm005734296,23.183111443716385,-0.4189194280377559
agm005734703,22.85901611848126,-0.4510594985602303
agm005734737,16.022416477519222,0.040594001215914055
agm005735078,23.193254984350997,-0.4100162489490297
agm005735265,22.78129915010418,-0.46150240679293414
agm005735524,22.516553006123857,-0.4976098644564472
agm005735593,22.339258363495755,-0.5340731169479517
agm005736265,22.4880200271767,-0.5195957058671977
agm005736599,16.50034350602873,-4.007473391288063
agm005736631,17.11023453274362,-3.6756244892164767
agm005737533,16.678858993723455,-1.4080461271119984
agm005737791,15.278425727444022,-2.3043239427440088
agm005738536,20.080085010138287,-2.321901665614437
agm005738973,18.968530535474834,-0.5169474596021241
agm005739069,17.719769758176017,0.25518190509212485
agm005739494,19.744787137691088,-0.4160400384409411
agm005739560,19.576331867881454,-0.7782775390426208
agm005739568,19.494099187992024,-0.3586694534063047
agm005739673,19.3144381855917,-0.19664591143231766
agm005739857,18.464466574517544,-0.7112875073195729
agm005740084,24.356674973930563,0.5097483715612713
agm005740179,20.474711168621635,-2.1593208137438213
agm005741208,22.110058623098578,-0.028982469690898682
agm005741249,22.334072741409404,0.7431503511105492
agm005741321,20.035779198270806,-1.7181862800073144
agm005741360,18.407106889318204,-2.279954642738597
agm005742017,15.364745139444613,-3.9890163008749884
agm005742330,22.023822926010467,-0.8278767116559234
agm005743058,20.810567476243783,0.25072030374540333
agm005743214,15.713499055258076,-1.8541395268996899
agm005743468,24.849789244390816,2.0708258866558658
agm005744375,24.85840177127591,0.7241911738656762
agm005744518,16.45232187773288,-6.100087731854426
agm005745022,15.131089638454837,-0.9485895152469537
agm005746064,12.35459233494794,-5.355632956352497
agm005746420,21.579908650755073,-0.9545406575003069
agm005746500,14.459021630620995,-9.681325496910553
agm005746952,22.700350166165705,-0.9496323375882744
agm005747654,22.42946920395831,-0.8282478853769041
agm005747698,20.23741645092232,0.5127154696818964
agm005747946,22.030315292408545,-0.8721879831143914
agm005748632,9.847613021264383,-7.4692764239536675
agm005748638,23.393358658611046,-0.8353478927397221
agm005748853,22.743981229111807,-0.4907301675855565
agm005748910,22.78974812142901,-0.4816522110388443
agm005748983,22.428593529304703,0.5785727847908837
agm005749024,23.518804406375214,-0.3551835785954995
agm005749207,23.52076602847391,-2.524112403140482
agm005749249,14.485254877538203,-0.07472230417203907
agm005750209,22.574890933610376,-0.49566872301141274
agm005750268,22.236957899605965,-0.5144479023478112
agm005750626,12.452042523691345,-6.827996859253433
agm005751773,13.178365641432102,-7.443259419485916
agm005752114,21.23458509954197,0.2274131407112107
agm005753021,18.900606034274784,0.521281880545097
agm005753251,22.20466079919068,-0.8754546722983912
agm005753355,22.83631731289043,0.4619419561721377
agm005755331,26.00624690544996,2.349356594182304
agm005755741,21.850007998818736,-4.396425374534782
agm005755854,21.753854103649996,-5.277713698203208
agm005755886,20.977929583463546,-0.28806306628044
agm005755978,22.46856318243842,-0.44661178482481806
agm005755982,22.69930777418956,-0.4873125376714924
agm005756780,22.265484288762625,1.4848524956255222
agm005758419,22.248927055383415,0.3855336240428393
agm005758638,25.813589129527585,-0.5866119647285828
agm005758688,11.82966558244234,-3.0726343874390616
agm005759120,18.871234567964194,-3.633854561747023
agm005759277,22.90901728816257,-1.4246477469195444
agm005759929,22.58314058527264,-4.280808328188922
agm005760064,15.17605586579574,-1.0727872291350355
agm005760584,19.439750036414175,1.9475196375245905
agm005760652,20.279372690339404,2.08798336141949
agm005760917,16.470851164381077,-7.055178527355115
agm005761385,20.6387444230165,0.7754374018662702
agm005761818,15.225040467023916,-1.9247664206760282
agm005761825,16.475238696925874,-1.5350325928611872
agm005761883,14.360612097304575,-2.087166542575627
agm005761896,14.721414146492899,-2.1870109989860325
agm005761902,16.03550261570071,-1.9183659405283855
agm005761943,15.214747133448226,-2.3918912025868164
agm005761998,15.263004607362356,-2.3830031837645733
agm005762174,18.854440140221268,-0.9155176879465164
agm005762389,14.92215210039916,-0.9793151408465555
agm005762686,16.753766197829982,-0.7813479606737385
agm005762812,24.481537998574648,2.2194137643254783
agm005763047,21.601876005967668,2.929969931381945
agm005763089,17.75521200836778,-1.172720981530939
agm005763160,19.17461084215674,-0.8145596554702337
agm005763167,19.848355965427686,-2.386939940729064
agm005763243,21.621178403172852,-0.43147656840824905
agm005763390,16.603818984714923,-2.8270689915486353
agm005763628,16.572949063545874,1.2268919452271325
agm005763689,14.891253764061299,-1.0108612624208912
agm005763724,16.04401191184329,0.5571023158376004
agm005763734,16.175236063558177,0.5839634017889992
agm005763999,16.397121045992183,0.08915162625639184
agm005764099,15.914847619273786,0.014381653501087222
agm005764152,16.182479087748963,0.0715100856486286
agm005764268,15.744210279329282,-0.17745080064916477
agm005764399,15.638516923969926,-0.026158578734186477
agm005764447,18.317838717178113,-0.8685781611076262
agm005764472,23.649604704335925,0.16612806075113382
agm005764573,19.098076197678612,-1.3259704330334667
agm005764837,20.11645074359935,0.9990390521176877
agm005764979,22.58891873873058,1.825430742585315
agm005765146,24.684741399709665,-0.4880139450142759
agm005765180,20.71085490703956,0.8573664794491211
agm005765570,20.16872636397877,-0.8551747877601024
agm005765871,21.045442186324117,1.5600352794921293
agm005767487,18.811214083842177,1.7582660571663993
agm005768371,11.244681586614467,-2.5380340376478405
agm005768517,18.2331815600799,-0.16354721313044251
agm005768955,17.23711964356487,-1.027723799074129
agm005769719,14.31005615593695,-0.8965510467653953
agm005770113,19.604071252894784,-1.366870723335427
agm005770367,17.75430368894776,-0.7248726140406383
agm005770484,16.643351931224718,-7.5809800621298224
agm005771035,13.939815409336646,-6.937086815811977
agm005771162,12.900653884509651,-5.415487609867458
agm005771389,22.634173144201803,-0.4090591030815429
agm005771399,21.81403236294753,-0.4572800389654459
agm005771704,9.098049102858617,-7.548626620866615
agm005771807,18.600263607291428,-1.1076163446676377
agm005771959,12.038951735417129,-6.8408957949149185
agm005771970,15.471804096990459,-4.378086929280768
agm005772082,20.595251210572535,-0.5486623744682082
agm005772868,12.064743552669379,-3.398833108140201
agm005772927,11.714253815507993,-3.794163434302807
agm005773607,14.73525534204883,-6.628396591768344
agm005773704,12.676000568793027,-6.933387309269072
agm005774011,21.81058370010662,-1.4009418189784146
agm005774071,18.107988962161535,-3.4899339250244004
agm005774223,11.39311620888155,-3.8482390304538847
agm005774394,21.62118795111624,-0.19429341505567224
agm005774410,10.053274589132444,-5.163950456982885
agm005774681,16.07356754067333,-7.062971496352827
agm005774736,21.996220070588844,-0.33136395648561745
agm005774778,21.895404759360332,-0.3381389931067809
agm005774851,21.581108874930298,-0.30841672919579227
agm005774917,15.645928734303624,-6.693669214179306
agm005775070,17.85792737943436,-5.564599404888644
agm005775208,18.472994260559076,-2.6977886180688344
agm005775397,18.648878484795617,-2.6149398570532734
agm005775553,18.605116199429855,-3.239279061287815
agm005775556,23.205643540772403,0.03592756780809244
agm005775702,22.368335218317913,-0.06614472656372546
agm005775996,18.970116018875796,-1.500292733543331
agm005776403,22.06190576620976,-0.764381696251915
agm005776464,19.861035100048245,-1.9379479802789696
agm005777169,10.471440418209292,-0.6352189079488207
agm005777700,16.066318003161047,-3.2433394276561374
agm005777869,20.83961784055785,1.2441276920196198
agm005777908,21.444351609972202,0.006003776558247391
agm005778011,21.647912963651788,0.3908229817044481
agm005778455,20.874275919659997,0.4354598720825192
agm005778523,21.450624987717074,-1.2356565635651713
agm005778599,21.030716115620752,-5.852583460890256
agm005778965,18.43552583023625,-1.1123131616232154
agm005779262,19.665299887816357,-0.8954153994022688
agm005779558,18.76784060448956,-0.9803178159312574
agm005779757,18.179471857799815,-1.3739195906014974
agm005779982,18.9005471898049,0.38813404197149265
agm005780138,18.306876457073976,1.0879362450830683
agm005780206,22.200148059452943,0.5489227409884082
agm005780308,18.37516411606485,-0.5265618453124544
agm005780819,19.528479827601426,1.484647519429716
agm005780858,18.173085787713386,0.17311193377896691
agm005781227,19.194477931050212,-0.9890843425080119
agm005781552,12.07887990010626,-1.0496977544309545
agm005781845,17.957795032811408,-0.7890691421287516
agm005782376,15.284108424207913,-0.9355440086570818
agm005782514,10.659413815916137,-1.4716875519967472
agm005782597,19.106196123553467,-1.1604857872250953
agm005783025,11.04858283118052,-4.481224776142326
agm005783171,13.444234608291845,-6.290921270504758
agm005783280,19.27335894453263,-0.2832557003022422
agm005783353,14.756552812146168,-1.8733478681892572
agm005783776,11.202428028262,-3.278344469512408
agm005784023,16.850982358544027,-0.6370682355130256
agm005784074,18.308766419711258,-0.5066972730043672
agm005784133,13.772905533113418,-1.8859218989383466
agm005784384,15.850298226223622,0.03382382560040605
agm005784426,21.219385947054047,-0.5035682213786536
agm005784760,18.39059549681925,-2.6421377857715664
agm005784897,20.476517606937193,-0.7421411674703483
agm005785341,18.5932775591581,-4.4739347668097516
agm005785406,20.687199612845415,-1.631904765360084
agm005785420,13.60756426905433,-3.013533101039114
agm005785665,21.296922244028774,-0.749584130616641
agm005785724,15.940664262251326,0.17008810914683478
agm005785861,19.75098485391163,1.614223914117814
agm005785997,15.563966753302344,0.6095673584585747
agm005786090,13.977140035647269,-7.066015039478098
agm005786147,14.758950251163887,-7.967813509103775
agm005786200,10.172337045676981,-4.624130715815311
agm005786316,10.7152174003982,-5.8801165976649195
agm005786352,10.984668358029708,-5.2039168089515435
agm005786429,15.385665194759502,-5.768689350728104
agm005786548,14.369446925304908,-0.7864753845331508
agm005786590,16.344795554857342,-6.740947188733798
agm005786949,17.805586920760124,0.030676654601604625
agm005787170,19.258265143002955,-0.018302031850700118
agm005787410,19.29439892509667,0.3612245350550734
agm005787780,21.199248225254163,-2.6054545402419453
agm005787958,13.533255740727476,-9.260079372159739
agm005788178,22.32140184152185,-0.12310017650198368
agm005788214,20.77943080508494,-0.2671774627210688
agm005788221,20.8186272642954,-0.2615092453117332
agm005788356,13.265597301855829,-8.608901885448374
agm005789578,19.434353604029415,-1.335700288349696
agm005789809,18.048671034770653,-1.8679222120454455
agm005789864,18.407720567783148,-5.517102220197425
agm005789947,22.984870278064303,-0.2532814969451209
agm005789964,18.012166653553155,-5.635396786348533
agm005789981,18.06778802274339,-5.619812516429998
agm005789997,9.255180024880998,-5.29088912204407
agm005790037,22.687638242245786,-0.2985660904315388
agm005790119,8.624582613361909,-5.681352683609618
agm005790157,8.415959910023782,-4.994313919748454
agm005790203,14.654231269385322,-8.156378937479937
agm005790302,22.935674054947597,0.008307528923496102
agm005790340,23.1211435350842,0.08570554671842541
agm005790487,12.739674108185817,-5.411883129598253
agm005790528,13.195862275055068,-8.112463412332781
agm005790548,16.934662929530074,-5.921367196964659
agm005790876,18.365855300966825,-3.1929774581182193
agm005790980,16.993307051083324,-0.7519817322829244
agm005791039,18.84198086719734,-3.147898765459656
agm005791276,27.28158377238593,1.9753102593646361
agm005791535,15.65414738772718,-1.223946738323499
agm005791700,17.455554248783447,-2.0120877944493967
agm005791712,17.29026948182035,-1.0400757196086392
agm005791761,13.287067861876254,-3.5156494260160023
agm005791916,12.348913951461164,-8.533411596881374
agm005792322,18.947591036304626,-3.6405996635726523
agm005792888,16.859066366391506,-6.867604997291252
agm005792985,17.785204473796064,-6.365668092929897
agm005793075,25.635025530211383,3.9738136840942926
agm005793112,22.903512721326923,0.7639245234677059
agm005793156,23.96438075971599,-0.3132682712956143
agm005793291,15.377452462391568,-6.842159542100485
agm005793314,22.730097025071867,0.6903811386687515
agm005793445,18.765323918774367,-1.30556536462176
agm005793562,18.64576299456352,-1.301232106539496
agm005793590,12.393618554389983,-6.900523007990404
agm005793597,12.244782025983794,-7.036195496178543
agm005793654,20.03403282246937,-1.547357528281907
agm005793661,20.34976844688328,-1.50543065418376
agm005793677,22.720717340590074,2.944339192500245
agm005793703,21.346920199120515,1.5979079630343709
agm005793748,20.487473517280534,1.4550270979512614
agm005793781,21.451187329795903,1.3192830328891094
agm005793980,20.618448827026626,-0.8549102120935661
agm005794106,12.451075401511376,-2.614605464351691
agm005794445,13.135450501109972,-2.218919932158071
agm005794659,14.031811712803169,-6.051792031077512
agm005795070,18.719561176110435,0.25715215411313136
agm005795076,19.01299458216901,0.2804413411415118
agm005796437,24.09560809270049,2.125199146014806
agm005798336,17.286011937808773,-4.103780790441095
agm005798657,21.379102160891467,-1.4935285539307273
agm005800456,24.62728861744587,-1.149447110078454
agm005803552,22.555303004622235,-2.1535882186023354
agm005805916,16.69854788732177,-4.583263711807064
agm005806151,16.02436697664099,-1.9851998033077145
agm005807102,14.918080468958758,-5.23350583039622
agm005807140,22.223656864759185,1.3256078040297374
agm005807173,22.816333922454756,0.7434158496022938
agm005807185,18.520622702418198,-0.05036693130067853
agm005807233,20.996276276623536,-0.3361617208282553
agm005807347,15.612646066692415,-1.4670265013634585
agm005807471,15.232121567142386,-1.860256592131065
agm005807524,16.639109065301152,-0.9436126293088989
agm005807599,22.154987318372715,2.320315165446924
agm005807633,17.198308248328505,-1.7411320024204975
agm005807659,15.010185571490279,-2.798913012180821
agm005807683,17.280764112064276,0.1641052101677122
agm005807986,18.98437676286337,0.19020145994063925
agm005808076,17.73204178266417,0.5010540691311188
agm005808200,20.443042323974577,1.020944382844889
agm005808207,25.606734168082887,1.6575062732913985
agm005808280,19.832397039758696,1.3314323169550053
agm005808713,16.09434924927581,-4.329257345467395
agm005808919,15.34310010372855,-4.7961631725985265
agm005808948,14.967633151206138,-6.6242379453156035
agm005810017,18.828873638116796,0.4556887942747358
agm005810291,17.30028860887764,0.992080878502831
agm005810669,22.010494678270867,-0.5089139152533277
agm005810708,22.565936536959256,-2.685796504481386
agm005810784,21.143247298160254,-1.5399456917634708
agm005810910,21.554288512984712,-2.488529769808302
agm005810947,11.911814635334764,-3.6892391773357867
agm005811675,22.262385458346316,-0.38221009461868444
agm005811694,21.298460537972385,-0.4773307523702896
agm005811791,21.87425867406819,-0.5490286833643871
agm005811799,21.90098183145904,-0.5335835711533315
agm005812842,20.934379233762087,0.5411032229980606
agm005812920,21.00543260517557,-1.6421842362917745
agm005813104,29.537396542461046,1.7293793889500406
agm005813111,11.325506144762912,-7.366816145871464
agm005813705,12.538304233192008,-3.3831027825120876
agm005813863,21.265608731566715,1.0114387206716096
agm005813878,25.187589731649496,3.5739307098914055
agm005813998,21.28622962894805,-2.0176323834140817
agm005814223,15.796028945807493,-2.6856255986424564
agm005814307,12.750394430225448,-3.3678354261098655
agm005814484,26.73064167460271,2.457843024884784
agm005814497,30.766424486643103,3.1994065280781605
agm005814714,21.560134476507315,-0.13777016683202986
agm005817004,22.776206147625853,-0.44007643217854453
agm005817085,23.76753445412511,-0.9044832307897785
agm005817430,22.554788158978116,-0.510401748933969
agm005817700,16.18507383699976,-5.77753387539657
agm005818066,21.82510769092852,1.486225518305993
agm005818345,21.809036434897013,0.46062806926041827
agm005818705,16.641872972146576,-2.827720387546352
agm005818743,16.927674078943063,-2.3216963077583954
agm005818777,18.789761186803535,0.5943443186082954
agm005818943,16.189353736074814,0.21373962253232026
agm005819009,16.249622440646352,-2.4840438383158587
agm005819285,21.46345884549612,2.137699469751533
agm005819487,20.54428332297537,-0.11636679847744287
agm005819568,22.261202101050632,0.9534502505886208
agm005819608,21.156154026081524,1.1841569949426305
agm005819674,18.805160297939405,-6.196867226586787
agm005819797,23.601338466027496,3.1549441339474456
agm005819801,20.60237335335258,2.402904931990548
agm005820519,18.111358297054156,-1.2988732720961451
agm005820619,20.880101444915233,-0.19500802845375986
agm005820769,12.946058811819425,-2.0738455127906352
agm005820994,23.140879258369928,0.7857155679884869
agm005821130,22.179742349631425,0.011754814012930955
agm005821522,17.50673216643667,-5.272858021228253
agm005821531,24.110400916930345,3.1588133335937374
agm005822057,19.46326260465077,0.4325706009370972
agm005822082,17.928250567933574,-0.7651363568004493
agm005822128,19.516121456578688,-0.3021872400373707
agm005822204,21.612755537860075,2.8177658383114865
agm005822209,22.815279104568532,-1.718910505293395
agm005822522,16.956012025391082,-3.188216698336274
agm005822873,17.50206670665731,-0.6460040947070341
agm005822895,18.523302062139294,-0.6238467840568713
agm005823088,19.254785597168873,1.2779213088502956
agm005823107,22.173857869706925,-0.5029252251429946
agm005823483,16.56804178365532,-4.834362603601645
agm005823573,23.015840486446024,-0.8147821109580669
agm005823802,18.00561091564179,-0.8780623628724425
agm005824106,22.563709327051498,-0.33821471450956747
agm005824177,21.70321779367872,-0.3389948854850828
agm005824547,7.536079412789069,-6.941054808416752
agm005825039,14.047855655712866,0.5712793868848621
agm005826178,19.323178971964293,0.887904384925801
agm005826463,16.078301614133586,-3.9913248280420417
agm005826527,16.858187368646032,-1.9294537833342726
agm005826632,18.10430603849548,-3.8541185498139114
agm005826843,17.49572070719967,-1.897529321336732
agm005826977,15.458679521875572,-3.7643681739503165
agm005827008,15.132026434808358,-4.385111099885427
agm005827052,14.848262999854898,-4.4513863533890055
agm005827392,24.081360937414612,-2.222738198928923
agm005827402,23.762715516627537,-2.498100792866237
agm005828353,20.89196499471711,-0.2872137594899343
agm005828621,20.306547306985667,-2.160899720100275
agm005829441,20.15454032832746,-1.060235761730183
agm005830384,8.05384988729201,-4.929391370685851
agm005831284,17.4781583665545,-1.684369351507658
agm005831478,13.680118959779591,-4.300570558433396
agm005831632,23.90958555818616,0.519578386779434
agm005831853,14.929164590590299,-2.1501467268603984
agm005832390,16.328404368374358,-2.458963257120304
agm005832452,20.94765363581163,-0.21553200734610675
agm005832685,15.950030411592465,-1.350618386938488
agm005832698,19.628284121317296,-0.9825161507353861
agm005833023,16.957148211968114,-0.3314468505495878
agm005833399,15.620811019311105,-4.040845539319692
agm005833680,24.868401304839214,-0.6855158022131894
agm005833822,19.613619692263764,-5.964892906768669
agm005834122,16.4132067887724,-5.392178379693121
agm005834142,17.013899821147227,-4.892445558929836
agm005834241,24.041267345296912,2.3243099788152604
agm005834555,17.004259817257825,-1.3781560264603503
agm005834751,19.063347833264345,0.617410718856164
agm005834776,22.5051069628442,-3.814423115984555
agm005835447,19.267754210094886,-0.5126703529715634
agm005835522,18.298550836660198,-2.895899563199409
agm005835598,19.93700794343759,-0.7722354834726085
agm005835727,22.04964930423857,-1.3358122560274535
agm005835843,17.421710798968963,-2.4100581000529795
agm005835984,6.06250866355667,-4.611794782920264
agm005836124,16.487214645851626,-1.9078706063569704
agm005836184,11.236663826307487,-1.8734115832241143
agm005836201,11.174696875638778,-2.3041174857025415
agm005836257,8.389423272324356,-3.83878285296047
agm005836568,10.293050794479374,-2.7072696218921934
agm005837175,20.9825672455949,-0.4655934799417018
agm005837329,17.996864639682762,-3.2975859609832403
agm005837881,19.72317508007037,-2.7248560349672832
agm005838058,24.52329798339263,2.6300276452866695
agm005838126,20.311890155427726,1.4474058133666354
agm005838987,21.824137204451127,2.554466012884194
agm005839159,11.544178993813182,-4.950152003238315
agm005839174,14.007496250602843,-4.380597731806469
agm005839257,16.884020559974932,-5.686373555132376
agm005839399,9.699604244848535,-4.4568296520127335
agm005839515,16.602122749065195,-1.476600229178216
agm005839972,12.538541933974715,-7.523539375897105
agm005840376,13.855249048272833,-3.8032105202911324
agm005840605,14.708444978143286,-6.890139478457676
agm005840607,21.324839046997546,1.3603129188306304
agm005840615,17.343137675190132,-2.2565917465204293
agm005840744,12.664817112960769,-7.353585566862706
agm005840839,13.953426942942807,-4.647901847530171
agm005840892,15.871834770903627,-5.220437426032306
agm005840915,15.865514546189432,-4.4786416625475285
agm005840973,14.150596873992049,-5.794043756689445
agm005841088,14.043750167968604,-1.5138106742706565
agm005841146,21.79250395161327,3.083989336787046
agm005841149,16.12279405496055,-4.002394439047939
agm005841184,16.22156696068051,-3.9785268627476515
agm005841275,11.564351385719727,-3.8750833183535867
agm005841332,18.39555400878654,1.7899706154500976
agm005841419,16.748950810745956,-6.7658474608171595
agm005841496,16.36464633766575,-6.309943681305479
agm005841566,15.17357271015326,-2.247496823396023
agm005841887,21.048382955077155,1.6003021693696404
agm005841908,16.709410367419945,-6.8158773793580805
agm005842217,26.44551643826689,0.7534533370520947
agm005842289,15.713901243528959,-7.783145971507143
agm005842310,14.597740524712874,-5.403853801535017
agm005842403,16.38332194451504,-7.520113485035739
agm005842584,16.996014029543137,-0.5761996155617632
agm005842618,18.66988184619895,1.4315692649091645
agm005842636,12.86189953696883,-4.988043361256843
agm005842750,14.54797317852583,-6.197179357297231
agm005842812,14.716863756561194,-3.638796585387201
agm005843054,14.933540753704252,-6.9065818510946
agm005843133,15.226941348323905,-2.2735651560199552
agm005843158,15.652305452282008,-2.2357399124817605
agm005843320,14.185340051421475,-1.7052961704930667
agm005843702,12.311467677537697,-4.130005004775427
agm005844093,20.475323853210075,-2.612476732625213
agm005844163,12.715737591169736,-7.2267511961463455
agm005844179,17.01432876409437,-3.665849824139373
agm005844427,16.29029728624473,-5.8945213686362665
agm005844602,21.062594482688702,1.8471463212832877
agm005844830,15.03477708984488,-6.326637849761409
agm005844836,23.97006175449153,-0.7423156876422944
agm005844868,14.956889703068073,-3.3551823390128894
agm005844958,11.423073923447737,-8.231809761421625
agm005845103,16.565245174980813,-6.278064767826148
agm005845129,16.91168524602181,-6.182642376401993
agm005845149,21.357081298676412,-1.616446997539316
agm005845166,20.490290511908416,-1.301103588442254
agm005845246,12.551826449684313,-8.402768370129058
agm005845272,20.718991733998763,-1.9920075351431272
agm005845329,13.749496051996703,-7.011651013626239
agm005845518,26.947859386282584,0.06865953623734455
agm005845687,17.20401056197663,-2.9102911307726105
agm005845707,21.97217846326661,0.23980472781910436
agm005845791,17.45559554961364,-6.713828290574476
agm005845870,21.269025188616254,-1.333921280055892
agm005846178,16.55365865154459,-5.9350793829181105
agm005846384,17.673430638825987,-3.478705341681478
agm005846447,20.41970039796381,0.7080271703862415
agm005846554,16.36690754783546,-1.664920869383841
agm005846624,17.201859417832996,-1.44515018214133
agm005846627,16.188986582762,-6.765749455363118
agm005846972,12.85515256645129,-8.512323199075789
agm005847037,23.315605577451485,0.4713946880334433
agm005847115,15.91715483332289,-6.527172320266398
agm005847278,15.837160984995428,-8.389669383101067
agm005847333,16.013944742756202,-5.006400039614691
agm005847547,23.06208268896863,-0.5821220433439024
agm005847763,13.951394497160514,-6.67199154332912
agm005848653,14.133882564513364,-5.222988743803072
agm005848893,15.875817928574685,-2.6167014571542317
agm005848930,16.230940356120183,-2.412054824400315
agm005849433,14.959404362976663,-3.649411106892584
agm005850074,9.030744117954598,-2.6376580957141673
agm005850334,15.724215956853365,-2.242324832410429
agm005851911,14.824270946559876,-1.4935716768987641
agm005852563,17.08280251193682,-0.9777396972536838
agm005853391,17.177300995566544,-2.188168573063221
agm005853558,10.623950273707914,-4.065969498656855
agm005853805,10.193958125568544,-4.684294609285195
agm005854203,19.735109492553807,1.0564218864632267
agm005855236,18.51314418523954,-4.024555941598917
agm005855260,18.21203406460133,-3.676748305452429
agm005857153,22.12286722197916,1.9762786748155996
agm005857568,14.417800297772258,-1.4796226109639428
agm005858376,13.101116008916009,-2.568220686311892
agm005859178,18.44942462123111,0.09985656596890138
agm005859459,21.597452974166995,2.0194480887072626
agm005860117,14.143049633789113,-4.966011129532421
agm005860125,14.129334520814886,-4.649091832653959
agm005860319,13.627446251636611,-5.162714430163981
agm005861058,23.476105368739184,-0.8073923896298094
agm005862598,12.510961912929949,-5.726903339786656
agm005863937,15.64025905895521,-2.097297236978577
agm005863960,21.51994460470939,1.003388163125658
agm005865564,18.373397025776757,-1.04912653629805
agm005867674,17.67250865022058,-1.527848230126342
agm005869357,11.713987974419469,-3.634216512221998
agm005869431,21.0356524385847,-0.6606669934664975
agm005870004,22.94806690119791,1.7497820163782045
agm005870626,22.486419366532235,-4.289751958372056
agm005871461,22.697336612060727,2.8672309736025205
agm005871482,18.106476472160967,-4.863193790187765
agm005871991,13.917981750532283,-5.728671180563322
agm005872767,12.48151508489763,-6.0827281414889685
agm005872868,15.090675432079475,-7.044494884099905
agm005872917,21.383115737070735,0.14918215497356732
agm005872922,20.839996280526915,0.03158412757618775
agm005873533,15.90213934705529,0.5566879546122211
agm005873667,19.25960461402512,1.6125941811612605
agm005873811,21.51262326416795,-0.12788863400408915
agm005873863,11.831737249435312,-5.073977516150202
agm005874133,20.311166655067854,-0.40528079265266
agm005874660,11.693000417797968,-2.2257632032899854
agm005880011,16.003170928382506,-3.9433789364015923
agm005880071,21.701503908053017,-2.204835245686746
agm005885787,13.157182924577336,-5.824215937099525
agm005887875,14.854181785526206,-3.3870021315914056
agm005889108,17.80119095355836,-0.8496508786098058
agm005889608,21.614225592515968,-2.832445375233936
agm005889835,22.149328505022055,-2.3508072714796846
agm005890309,23.30607294327224,-1.2745792534325606
agm005890346,22.142664603382826,-1.6781941247348466
agm005890499,19.536637513665795,-3.7354105343614967
agm005890660,23.39720904506703,-1.2803415568908587
agm005890673,22.40552899935467,-1.3795021906782072
agm005890866,22.95543916755648,-1.3215697681583773
agm005891401,24.403968678257986,-0.5079864035994976
agm005891419,24.441699120609794,-0.5051199534358725
agm005891906,24.31400847858869,-0.831792583428804
agm005891937,23.13581005866351,-0.9322765877490937
agm005892036,25.016120515432444,-0.7454830635402653
agm005892166,24.00959579752941,-0.8691316825420253
agm005892258,24.121260417542317,-0.8662964628303094
agm005892870,15.583998445778343,-9.163491341679219
agm005893875,20.502864404749026,-0.8340024520445036
agm005894750,19.632246287064415,-0.24453561396495332
agm005894769,18.72600011159468,-0.34376204890340495
agm005896020,17.377627298693547,-0.920958243142147
agm005897429,23.866814738725882,-0.15354444932951167
agm005897791,12.040541740979295,-3.0836114849528116
agm005898686,19.30114590304415,-2.4392654089866492
agm005899816,16.78449249177127,-2.8191374737752355
agm005901596,21.767658885450466,-1.4167334391934439
agm005903358,16.854032401047128,-0.9924815706053369
agm005904311,19.06686706463828,-1.5213993681444002
agm005905659,13.934674357015767,-4.310300741841686
agm005906452,21.367549545439505,-1.9789032040255947
agm005906505,20.75188019451154,-1.147643694767287
agm005906609,24.124892728127534,-2.4804369963331347
agm005906860,17.726289243593484,-4.983880688975389
agm005906936,18.227480486636583,-3.854625124103628
agm005906955,22.867765090286543,0.514359460898468
agm005907060,23.230561518267617,0.17957191510422157
agm005907070,22.039640870357786,-0.13797876956398566
agm005907111,25.94921863878071,1.061595079825036
agm005907220,21.781556367984653,-0.6292588035675942
agm005907305,17.73223828426025,-5.072240489950066
agm005907604,20.92480363915828,-0.8377310570671769
agm005907820,15.787207602903337,-1.809368648269393
agm005907952,22.078320466864852,-0.5253406244371721
agm005908029,21.34891459448012,-0.5622657857924107
agm005908170,21.235658827306676,-0.5778125362418773
agm005908360,22.738373824424727,-0.3678051744552076
agm005908417,23.021789281865534,-0.1876706825003751
agm005908519,20.723211348233324,-0.6151368053332925
agm005908539,21.83977456514897,-0.49836905941377435
agm005908570,20.86038811980639,-0.6410823012434914
agm005908735,15.631173697480355,0.8304438232381862
agm005908886,13.5095619565215,-6.24698292748941
agm005908942,24.16438157843571,-1.4193499630476842
agm005908976,19.637843397651864,-0.8876404360194741
agm005909249,25.261763015263124,0.8579289841185105
agm005909257,22.329472926196317,-0.04002855998702929
agm005909621,20.526704948534753,-0.4523454287512987
agm005909659,18.59436834081157,0.38759013700564393
agm005909864,21.915095555668007,-0.4844131555004984
agm005910001,21.6860717633456,-0.3857027278592338
agm005910014,15.623113945270987,-0.7239880117807189
agm005910020,24.46767401277191,0.10894325682069272
agm005910273,21.104758796998606,-0.25644736241431093
agm005910503,17.594743178357174,-5.362899371507434
agm005910587,23.92950886322193,-0.07121490522992839
agm005910599,24.264410737069543,-0.015042108830819245
agm005910763,22.49278686432206,-0.5896482301984468
agm005910984,21.571651512368305,-0.7169530577331761
agm005911136,22.155605043243828,-1.1085829428309804
agm005911184,21.500998560458502,-1.1993495524233022
agm005911198,20.919134221602473,-0.816460892058067
agm005911217,21.044921372097335,-0.7990967379090245
agm005911233,26.376349298412208,1.105848761495168
agm005911238,22.361698028814036,-0.09269974956790665
agm005911254,22.498585997761904,-0.06451874738879582
agm005911350,21.560910844821297,-0.16612383182337176
agm005911768,21.63273123136307,-0.15510914830178044
agm005912660,16.995995808397446,-4.468814725288468
agm005912820,13.352446396249341,-5.208424770632356
agm005913767,18.304029243734195,-1.3799654810278514
agm005913768,10.433616407779326,-6.230163798493095
agm005913782,16.87186588286013,-2.1043852683560793
agm005913810,13.830297417658254,-1.973334944284728
agm005915138,24.187719253836523,-1.4180021826637266
agm005915563,14.083800682170235,-2.830430329552645
agm005917845,16.207089802217137,-3.0085134813657994
agm005918172,17.54239353858077,-1.9810472019926255
agm005918230,17.77027424907229,-2.446289346390453
agm005918235,18.488479050433853,-3.574003235493362
agm005920035,16.195291066583753,0.2903064306105175
agm005920143,27.682416679028584,1.325999363538763
agm005920174,15.018666424616015,0.31547712130905153
agm005920861,16.31285731458819,-6.5866843144842635
agm005921498,23.368714802463757,-0.4291444613720425
agm005921526,27.55395940401401,1.4357951429155715
agm005922134,16.848627430272693,-3.6682551410057207
agm005922224,21.98086390112304,-0.4704263961946985
agm005922304,16.01154086875259,-4.442406695932261
agm005922505,20.296689118971557,-1.9377046167005108
agm005923438,13.958940031098455,-4.697875872071281
agm005925240,16.327480147868112,-2.4034460781764926
agm005925277,18.468045905336105,-1.2403911925118283
agm005925301,15.184587713387518,-9.533632071222067
agm005925556,21.07361736359399,-1.3261123311179284
agm005925670,18.32388038256233,-2.4246723418344613
agm005925683,21.34949793723886,-1.5302649468432263
agm005925810,18.564110570163102,-1.291023047229474
agm005926294,19.69524373538872,-1.0413893663284692
agm005926523,20.95226861293585,-0.6128085449528612
agm005926644,20.55636442586988,-0.6280322582552259
agm005926693,21.326591349143918,-0.5622495781646301
agm005926731,20.96693565236614,-0.6012353417667115
agm005926796,12.421155101570564,-4.144605911485468
agm005926811,21.421271742783595,2.6031741597730367
agm005926930,21.716676554640195,-0.2392615127628602
agm005926986,21.476893079503817,-0.2736158683844181
agm005927101,20.956319862991982,-0.32638728882158147
agm005927199,21.252816618829705,-1.456327671503893
agm005927659,16.649143416956516,-6.51637550515442
agm005927748,17.098394371283717,-1.020906525647708
agm005927765,16.804887919515647,-3.3887100682245923
agm005927847,23.02805854064028,-1.1124871702010026
agm005928127,22.659276360876774,0.08219095744479646
agm005928272,21.758976264560776,-0.022791395890222787
agm005928287,22.794719298999038,0.07333516030979652
agm005928304,21.980429785434584,-0.023168618873409486
agm005928352,23.235837436957155,-1.0464629179893727
agm005930089,21.163909676702996,-0.28352937890737984
agm005930593,9.74018259782046,-3.4628273810352717
agm005930808,14.858301155134914,-6.671055552026028
agm005931994,14.765889401071943,-0.6414050919269405
agm005932597,13.905531667359702,-5.947253699886045
agm005932741,12.40435362180248,-3.9235302953342015
agm005933040,19.437280446929186,-2.167803176004263
agm005933131,19.677665200055234,-1.8859423803299127
agm005933229,21.087133755124352,-0.17284486768778962
agm005933259,20.052911105692445,-0.3079927619049639
agm005933278,20.198176945611674,-0.2838895767460829
agm005933313,17.00994176994286,-1.8165501917338212
agm005933324,24.09194380269427,2.882001824124293
agm005933663,19.963473352315944,-0.6154448755408227
agm005933669,19.48393139622856,-0.7017057500821776
agm005933729,18.5446800417623,-0.83871366720479
agm005933813,15.248518279460631,-3.783036704352458
agm005934095,19.689427737120308,-0.46758082211831703
agm005934098,17.76466076024987,-4.9601237890446095
agm005934107,18.005142599410387,-3.932351186978064
agm005934800,20.684059670122284,0.05404130246521236
agm005935726,17.56859429701522,-5.697598759774462
agm005937019,16.756918600532593,-3.418469109113457
agm005937123,17.10243347177203,-1.0419792307370734
agm005938182,15.860865570964055,-1.9882977930050383
agm005938437,13.75722601062307,-5.306197691664539
agm005938558,12.051986722043402,-5.733201724569169
agm005938677,11.738834365859313,-5.828425322661179
agm005938690,11.118425244084193,-5.981157921807391
agm005939227,13.122363040964936,-5.746747643029887
agm005939355,19.788858930077502,-4.119215793472543
agm005939578,14.232407088824399,-1.6637705963706195
agm005940104,20.34017316383503,-4.667635163371557
agm005942162,18.434297318249115,-3.64610966846476
agm005944335,19.116167156596955,-0.45215884223522557
agm005947483,19.93582723980993,-4.973083729421653
agm005947570,18.111873569805248,-5.905023605885497
agm005949803,17.89876085458647,-3.0321863026834697
agm005950105,17.780789041607694,-2.3159942892273984
agm005950177,18.326114510702585,-1.1443005401956898
agm005950314,14.45981477414746,-3.154416712589426
agm005955974,18.715534264641192,-4.717042378458405
agm005956255,16.885749702842222,-3.4187027477174228
agm005956505,13.336666012524395,-1.6203448847887505
agm005956720,13.162954008825807,-1.585231654386233
agm005956956,18.599860783134996,-4.674640298151135
agm005957118,18.118546839648126,-7.685731286422245
agm005958042,20.85240765637114,0.17302920857645318
agm005958548,13.999256247357925,-3.8398600151751516
agm005958612,7.806994087042904,-3.643342394136846
agm005958793,19.252404695765044,0.9310801735670602
agm005959307,16.72707186987042,-1.8942391486449268
agm005959732,19.81141230365335,-5.461711020594591
agm005960128,19.820896495694512,-4.716639820221428
agm005963512,17.005893176252034,0.19033900487680172
agm005965254,17.8004535926801,-0.8280007980073225
agm005965295,15.886432103246625,-3.0386640707289576
agm005965482,23.216416273505303,0.7983255946260087
agm005972045,22.025098648048775,-1.7238340890790531
agm005972058,24.287411843124755,0.5180492279506594
agm005972133,18.56474807771539,-1.2535490755393774
agm005972172,17.91989730550703,-2.227018254301121
agm005972311,20.797519116321393,-1.0607658822290653
agm005972584,16.407234607121417,-2.119184356943445
agm005972626,18.144218807155983,-2.761110485442091
agm005972680,19.637411913103346,-1.6442445655442424
agm005973134,16.946689658380958,-2.5083484785877133
agm005973181,19.41348793635047,0.17358469753014988
agm005973259,21.210363115744304,0.2618040304326385
agm005974023,21.675963822609564,-1.5850253983056597
agm006185041,23.421736295129744,3.269552603027477
agm006244508,6.574229280592936,-3.7622402071611085
agm006244514,9.078635915620733,-3.0381609374524325
agm006250425,6.288272566517204,-4.339628492685609
agm006375724,6.883496893433303,-3.2235260196134403
agm006380137,13.244260203211198,0.20207370974338593
agm006380305,14.993192312309558,0.6843643787722442
agm006381615,10.1545974272703,-2.5138689041194895
agm006387056,13.739219390334766,-2.5903460954973583
agm006391904,13.633675464397085,-2.28802481202082
agm006405482,10.089075918559812,-6.526056919105512
agm006419766,19.79922949061523,1.609164032430641
agm006421402,9.69923066768484,-4.0922601060098796
agm006464260,16.923752618783677,-0.787085832073414
agm006471507,12.135298912736655,-2.679224147265941
agm006498905,12.878875010651184,-2.9340283766618334
agm006527518,14.245873100854459,-2.7901468684735913
agm006616162,7.674658663284501,-4.558719801392394
agm006617266,17.7020172821578,0.9505297410126854
agm006620029,15.32324047492208,-5.083445526156598
agm006631948,7.774969304085853,-4.560187282438021
agm006632236,7.2971940218648585,-4.9690576846171135
agm006633476,9.528184900838731,-3.16628551430741
agm006668187,12.496563471349338,-4.165429336774751
agm006675001,7.536261331250324,-7.005485905102124
agm006675723,15.431785832221351,-1.849398039244046
agm006676269,11.060451554779627,-4.635486749940108
agm006716390,12.196631166699277,-5.0373478391792
agm006716895,14.131237426325574,-2.8385163329755403
agm006716973,14.280996367124134,-2.1918871542538656
agm006824546,9.848999092726242,-5.354217729655753
agm006907774,15.915839512577941,-0.8109285853178495
agm006912301,14.442440894438604,-4.027140103790069
agm006912508,15.618739972828479,-4.37049240574516
agm006940460,12.145817022004131,-4.3431950825773145
agm006979682,14.8742010122254,-5.069117533025241
agm006982603,13.854236531821554,-2.902025483307252
agm006982826,12.462707574085956,-6.3705475934593885
agm006983364,14.725572097119715,-4.081160798516509
agm006993993,11.88307983607474,-3.519611841750548
agm007043693,14.796716069628204,-2.8061218634863665
agm007044399,13.284429186418595,-4.085978519881301
agm007044488,14.74002836604798,-3.288695463898542
agm007044521,13.854142163347449,-3.489506289333039
agm007045279,14.349288034275993,-2.2219153008351635
agm007049514,17.573674081410463,-1.0075179029418324
agm007056727,15.87828742104025,-3.5443369183465885
agm007075807,13.04082474255832,-4.959322397514032
agm007076130,15.762886721772643,-0.44202822952907717
agm007076918,10.629280738073323,-4.727011244659717
agm007080800,10.85455392305678,-3.9354347479556533
agm007081128,15.556682502803929,-2.880976004079531
agm007100780,15.26337595649202,-0.4361318148617275
agm007288464,10.289511574217727,-4.797056480206201
agm007305751,17.145436251154578,-2.7196258641913356
agm007308847,15.80575393585858,-3.7551923465454693
agm007309702,16.027834823957477,-2.7605997741063177
agm007323518,16.88409729554092,-0.054320921902403896
agm007381324,12.192565395101575,-4.135940022972173
agm007383408,8.735909778010319,-2.9421362957629285
agm007385582,13.538739247202795,-0.694283921474244
agm007532809,13.340549689988162,-3.9445464331033975
agm007533558,14.295328429026199,-3.268111982071538
agm007534159,10.992512200078307,-5.728366898876027
agm007534170,12.680627080879786,-5.8397746593928925
agm007534307,14.776873973599754,-5.180271674751034
agm007549370,13.577726788802282,-2.1966294445025776
agm007553548,12.160199904847453,-4.936036113202926
agm007584816,13.36885954832676,-2.727305159326226
agm007590735,12.21455075121394,-1.509413011887442
agm007590751,14.747333413266535,-0.992255594060095
agm007593545,15.842788943304765,0.04210205295500513
agm007836839,22.543750290258213,-0.49031773744339163
agm007837299,22.022196288138744,-0.578065805837008
agm007841331,22.956014786922875,-0.47490020738852934
agm007857457,18.857511849783204,-4.652952788644568
agm007872444,22.800020557553193,2.3143459961772748
agm007891523,19.725067485699,0.12560023193235068
agm007899943,14.231482627247681,-7.438526129603443
agm007905760,23.913872313738448,2.94162904202049
agm007939000,22.859266309858143,-1.246404929887921
agm007939455,22.87573169262344,-0.4950777743978406
agm007943225,23.548643544722147,-0.35666596734295625
agm007943412,22.58111243242685,-0.4941332956968211
agm007943979,19.023372781985294,-1.2189225063571172
agm007953709,13.610975498131296,-4.638190601792722
agm007955303,26.544301681397872,3.8343064047381477
agm007955453,22.881618080614867,-1.5572490279859301
agm007955593,23.18623818348411,-0.4920955681071824
agm007955598,22.913594472958312,-0.5105061169191515
agm007956468,22.01133691117672,-0.5504637848169821
agm007956545,22.304359784338878,-1.2594149284834686
agm007956576,22.910400088092373,-0.43937522798036566
agm007956722,21.98176976568367,-0.5778179298370801
agm007975486,21.82416100088737,-0.5658413434624796
agm007979304,16.368720039097365,-8.280095396420222
agm007998851,12.21940300601648,-2.723635525661751
agm007998893,15.316759118479277,-6.3941441588407235
agm007999104,23.122997428693694,-0.39497206181912564
agm007999154,22.540398059312114,-0.478841427382271
agm007999225,21.813782896842127,-0.5618462795937725
agm008001808,16.405236848310306,1.54014473813141
agm008003242,22.138076244940418,-0.562186862208494
agm008004413,14.875265092988474,-1.8325744159988284
agm008010851,11.39192094684811,-5.778903950325862
agm008012955,22.51846419915015,-1.1122745419498365
agm008014034,18.815187672838768,0.5317129175120807
agm008015918,22.995168302079875,-1.0892829540756683
agm008016287,22.970837394503878,-0.42908184347109685
agm008020423,19.03740676751269,-2.13049031724876
agm008021582,20.571091513749668,2.277718405574878
agm008021714,19.39007037500052,3.13579819383702
agm008021786,21.780615325675683,-1.7351706664925413
agm008022428,22.560158880980726,-1.7990748856508976
agm008023310,13.14394649049909,-7.297207604991903
agm008023384,16.50094239895453,-4.534199806305373
agm008024720,20.452594183215727,-1.3467539522925192
agm008029827,10.671274040143414,0.13254670403341762
agm008031180,19.475281878978937,0.865778744760473
agm008032343,13.070763109321762,-3.9449095764748985
agm008032367,13.946296698888263,-3.145186385907521
agm008032389,14.28231853972203,-3.5368666021288218
agm008032450,22.116305545530352,0.016751797840900196
agm008033151,22.829847911671877,-0.46605277832094005
agm008034326,21.529443715779795,-0.5140991529911387
agm008036097,21.52731538462426,1.3659026475022693
agm008037988,24.85307509416126,5.135569839964794
agm008042403,20.065520541700785,1.425321710942685
agm008042460,23.32080038924061,-0.3874699420116364
agm008045481,22.72007654471355,-0.48399584984864735
agm008045564,22.81280677703172,-0.46423544995974925
agm008047555,23.04955031913885,-0.8037633110996978
agm008047717,15.211518132404342,-1.4930684062195574
agm008048072,22.499407983246574,-0.5148733001584518
agm008049199,13.993052865762143,-4.232571445984468
agm008049815,16.39693220974967,-8.567734058295676
agm008049952,16.97912289346033,-7.16717126096771
agm008050601,15.406573877443899,-0.4585464922386251
agm008051615,14.405293540879429,-6.5536897171368755
agm008052549,22.900563435077363,-1.678649234909664
agm008060396,23.313127449092477,-0.4876959882367296
agm008061010,22.100687213474668,-0.5555174967193471
agm008061071,22.399107712410697,-0.5167835777363011
agm008062538,22.90400672647823,-1.1145641813598306
agm008062985,22.864273815800058,-0.5592988782645996
agm008063638,22.080053062395656,-0.5183082146371255
agm008072144,22.16866898083312,3.4330638439115297
agm008073622,22.30458085437522,-0.540026948109815
agm008073719,22.854691780659785,-0.4613414463165341
agm008073831,23.199046202795625,-0.40448416460905534
agm008073960,23.174691716440098,-0.40839996865730865
agm008074129,21.641304055922777,-0.571013005778277
agm008074199,22.292167884756516,-0.5335188628820348
agm008074355,11.527932760597373,-7.443198604894893
agm008076156,22.49528110720368,-0.5162458556982635
agm008076716,24.177478573953703,-0.19808941867619154
agm008078054,15.971882910125805,-2.0569421542559754
agm008078715,9.826658444398722,-4.442188958417089
agm008081407,21.94215905331919,-0.5724407348944643
agm008083608,19.08809230625977,0.8394137910407142
agm008084858,15.679428848071833,-1.2325175805241546
agm008085817,23.73385434231745,-0.35253339872467465
agm008088625,26.386007833850574,3.8176636144819347
agm008089403,21.912629095286366,-0.3631658854342632
agm008089523,21.58034036692232,-0.4097248600593758
agm008091246,27.22113380330534,0.9143508873638879
agm008091258,27.175929716554624,0.9093805505411012
agm008091491,21.563287832719816,2.295257810155649
agm008094241,15.807244179928768,-8.594341602407505
agm008094354,13.085465190872332,-5.596324527222082
agm008095392,23.28153077832179,-0.8442855589039144
agm008095431,23.14753382898882,-0.4002211655865997
agm008095483,22.921491771128323,-0.9017088189393085
agm008099709,22.621408018458105,0.8363131952547797
agm008100736,17.10644552337572,1.890058543844437
agm008107755,16.05368573666449,-8.369028290914056
agm008107897,15.646810157322482,-7.5325505642285036
agm008108716,14.781242821677631,-9.623991424547878
agm008109249,12.141698380231828,-7.423922228911293
agm008111726,21.14441643101401,3.184069439707651
agm008111762,18.234537167422754,1.9129614528810552
agm008118541,23.107837616618728,-0.4089539534111438
agm008123339,19.06834682284125,-5.586138105045967
agm008134744,22.215875703150544,-0.5431262380384325
agm008135991,13.15545049088035,-7.730492757275646
agm008138810,22.93954842648397,-0.5225461418363881
agm008139018,22.51545897833799,-1.718165171845006
agm008140436,22.584896089930183,-0.47686224848593994
agm008140633,21.95766409728481,-0.5751673896705789
agm008141670,14.17027370096232,-2.5464389368191855
agm008143940,22.68747169714024,-0.47187406525957876
agm008144658,22.18901581858144,-0.5396460372037174
agm008146668,15.432220722459647,1.636706120699909
agm008147758,23.739753588170245,2.8563354729969213
agm008148637,12.137580707522437,-7.376494469396223
agm008152052,23.745740457808665,-0.3366403124379917
agm008152131,22.297233215340317,-0.528878814881533
agm008152185,23.000541639110754,-0.5522013899435384
agm008152303,22.10111717456049,-0.5383847225676709
agm008153544,13.570286359326134,-0.5535597485698617
agm008159153,19.27214730319378,-3.06662023050891
agm008159848,17.65848508857085,-7.393421444592323
agm008159901,15.989756520300745,-7.026059477248072
agm008160735,13.537947878816924,-6.7738100104918475
agm008161821,15.749878982479226,-0.41345928717485797
agm008168424,23.169030122536608,-0.4021239035012905
agm008175934,15.951087570665342,-7.060718144797384
agm008194169,16.62366108267958,-7.287117813811601
agm008199382,18.218016650395704,2.6366902899063906
agm008203900,21.663362555070567,1.4276330513344468
agm008205227,22.370931709193442,-0.5201002200489769
agm008205935,22.811397732689397,-0.4595836277381409
agm008215645,21.388900511304314,-0.9828945950025479
agm008216416,22.916629309016898,-1.9783785915548389
agm008218537,11.00729342203774,-2.8187135861726524
agm008225828,23.026193200342764,-0.5588808846235344
agm008245098,13.502318863446456,-0.404191461900646
agm008252295,23.74596984994636,-3.0513017206566837
agm008253035,22.17287085002444,-0.5534732956794256
agm008253117,22.28229209089731,-0.5308617849786579
agm008259123,14.90271875002257,-0.35437773486831387
agm009628081,17.701737125910135,-5.081254957258956
agm009902156,15.016071241140411,-8.77858182201009
agm010132175,19.0072754307274,-1.0730025225224817
agm010132331,22.392558610578973,-0.9988992092762145
agm010139614,22.622719074981635,-0.5001244322053525
agm010143864,20.06682493211114,2.5695080369595678
agm010152592,23.756892302598313,0.18358454747109518
agm010154292,21.701079826228607,-0.5611779305971739
agm010154546,13.52408008208175,-4.735294614131061
agm010158754,13.266590795124076,-3.3179016278270654
agm010163645,12.33274133970394,-6.55583641011294
agm010165822,22.87745466240481,-1.3670258183499224
agm010167437,19.336212349550667,0.855758777524187
agm010170525,22.196148781023197,-0.5538353661389621
agm010171452,20.633305930641956,1.0083973093276537
agm010174870,22.43677681456205,-0.5277215979450176
agm010176768,23.135386192073103,-0.42351090803038494
agm010181312,22.829291368548173,-1.9945185835160402
agm010182303,23.20287273596622,-0.5340416271683264
agm010182397,22.605218268216817,-2.013032194855486
agm010182911,22.612561475802234,-0.5056215318963533
agm010184473,9.756313679217962,-5.682489863739822
agm010184881,22.50642883990573,-0.4941530715527037
agm010185167,22.498720431303934,-0.5404271898839363
agm010185701,16.509339777262415,-8.70761662046075
agm010186039,22.287233059496042,-0.5412236835419506
agm010186361,23.070311933191004,-0.7418538627998869
agm010187722,22.3847666334955,-0.539140994162628
agm010188473,22.71003922521695,-0.5527000864717024
agm010188609,22.81657751254212,-0.4566335930886902
agm010190999,22.604973554574993,-1.8701101489067624
agm010191080,16.686978809465483,-3.0688542993918255
agm010192263,21.9219145235149,-0.565600688016452
agm010192272,22.018044715887985,-0.8849408467122343
agm010192480,22.832028409735354,-0.4696760088158678
agm010192624,23.130208467841882,-0.510506032081573
agm010193584,22.89471271237487,-0.44720577902457403
agm010193744,22.028237724544095,-0.5834180318858739
agm010194062,22.029320288599177,-0.5730576704678683
agm010195028,21.921716800222573,-0.5502179381165937
agm010195165,15.684772184288358,-5.565088359495825
agm010195412,16.49076200974798,-0.8336052434419855
agm010195919,23.733291345117973,-0.32412005479995304
agm010196620,23.10575706816344,-0.5480391641768309
agm010196640,15.977302190063156,-2.9963306628132087
agm010196743,21.900595276282385,-0.5915595759059347
agm010196937,22.151326935629022,-0.5512672495321822
agm010197421,22.481360184368807,-1.4203170965373886
agm010197690,22.295816130854377,-1.4501444421414411
agm010198733,22.662520853474447,-0.49698341284619474
agm010200197,23.751948637813133,-0.32388895595496986
agm010200779,22.62292641444137,0.602593531026189
agm010200959,22.50233302536136,-0.5371812798996056
agm010200976,23.374958846870452,-0.3763691091326944
agm010201574,15.766315668476077,0.42970833072221676
agm010201872,23.100148790638087,-0.42011069599544015
agm010201952,24.300363873548466,2.550776893305667
agm010203349,23.26603756919347,-0.39520044301593177
agm010203617,19.80180692774757,1.3580732327228797
agm010204294,15.22097835641857,-1.4853444160183982
agm010205616,23.29316998700013,-0.8640148133805674
agm010206631,23.073126037232456,-0.42088291130571537
agm010206765,14.231109987937835,-1.2133587632080831
agm010208359,15.255780758415192,-1.4522691350842394
agm010208499,22.785858397401526,-0.5314172510526879
agm010210562,21.435909079362418,-1.6159858026900633
agm010211755,22.94756391985236,-0.9112609566714118
agm010213342,22.460485655055745,-0.5271892767421651
agm010213876,13.43423143657027,0.13060815627608177
agm010216264,14.480199983354048,-2.225051323777764
agm010216324,14.099407331176073,-9.459221579531313
agm010216555,12.48840480090731,-7.819209543374773
agm010216878,24.063676983468664,2.1065823244628312
agm011088416,22.48892548884475,0.44551038337430315
agm011089396,19.902011583020087,-0.34450938708723805
agm011090087,18.525366958984808,-0.6690480350030281
agm011090679,18.901304035755118,-0.3897417630765162
agm011090743,20.58663901468004,-0.16808672257951401
agm011090856,22.410608522554735,0.30603492359046386
agm011138262,18.942386259515082,2.0060545365360536
agm011138351,12.260962375843327,-0.6893879650944044
agm011441659,22.083303854789932,-0.5570481950923334
agm011468141,22.347256809995734,-0.5405359912126899
agm011473752,22.743944058791755,-0.5616704221578677
agm011600447,21.943578749565336,-1.115619496345733
agm011696424,16.875183020143886,-1.0285401144518242
agm012004566,14.082309370614658,-7.479824941430479
agm012021056,21.474631680172813,0.09041572845075833
agm012103479,13.69939574329961,-6.785875564914254
agm012110299,20.332339360142306,0.5684250299533377
agm012113023,13.443845356284706,-5.200621367024136
agm012122720,13.3583319663311,-5.512971462107257
agm012192686,21.86564234423797,-0.08221538764655278
agm012310534,21.472271250349223,1.1831829281924293
agm012332217,18.085148458702523,-3.7129631610311833
agm012401136,18.880949377940592,-2.435240270765735
agm012403874,23.235062502726244,0.053740793771077475
agm012413505,13.789708965383932,-5.4546929425422706
agm012521189,17.063557806351536,-3.7191213764854965
agm012560804,12.505557737194048,-3.7790065895978286
agm012567960,14.86107922648281,-3.0979318672786103
agm012640057,19.842982507798826,-1.336853465919427
agm012737521,21.151185826744,-2.603076564928314
agm012767450,16.35976702621832,-3.050061396824686
agm012779727,12.719036584917447,-4.016122903266158
agm012854090,17.880327183388886,1.3039175152588012
agm012908513,18.904393263368362,-2.792557405647575
agm012923806,17.81212102849722,-3.0421970072382987
agm012977330,23.123492698305462,2.667944472669408
agm013160744,19.567492480315554,-3.2726498539025424
agm013173269,12.944279542703548,-1.2428036548327182
agm013220847,20.604441455108148,-0.4544110430712009
agm013349247,12.308448333225273,-2.5157987072032135
agm013362151,17.45552296175077,-2.186522252009111
agm013386778,20.10424941772325,-0.4153683754365183
agm013462024,12.701596585784147,-3.1572995920399807
agm013688730,18.671859239394717,0.8333368709768975
agm013852420,19.31336891050981,-0.9226749438471812
agm013873763,14.184255578236762,-7.078056280745227
agm013916012,18.86177470578465,0.8264463941397739
agm013938164,17.93614890893434,0.7406390689373602
agm013975329,22.369091546486143,-2.5037145846749507
agm014137181,23.56911845863657,-0.4052392204743619
agm014170057,13.985615660727046,-6.0035538604935486
agm014179099,22.690172738671425,-0.5246878138372546
agm014193852,14.261812198256333,-5.928544548810078
agm014199315,17.8903331125341,-5.959886464983877
agm014304090,21.591035758983587,-0.15426874393517878
agm014345390,16.4956241885643,-5.036334019924165
agm014407251,16.63371644209258,-2.2545194150316212
agm014432366,21.5472902762635,-1.0814277890407566
agm014479225,22.88387647666727,-1.4141495169077891
agm014524328,13.753036225517683,-3.3866021530318413
agm014578292,23.11691293289702,-0.45772401890342634
agm014599556,17.193662384832102,0.20510237240381102
agm014713500,13.595535885365871,-5.39664987375539
agm014777643,18.156370526819412,-5.992032580758627
agm014793546,12.096925119982249,-5.526507911956749
agm014808984,16.227231665266537,-2.377259705194803
agm014853698,14.571915083134497,-3.538075347745816
agm014869037,14.825998924371353,-2.721175722195255
agm014915092,18.077532396441097,0.23570170722796355
agm015170817,11.444318458203334,-4.293009608421948
agm015201282,19.057379108775432,-4.738791712456375
agm015207847,22.975987819408196,-0.7944757689296076
agm015219380,16.342751315250627,-2.464974637900252
agm015374207,15.89329228133219,-7.757546970378244
agm015386376,11.487540856916993,-5.757348479525833
agm015510645,20.046344744225575,-0.9984011866967872
agm015601434,23.231113416802835,-1.6461274458583088
agm015603685,20.331980738569687,0.62145439860632
agm015725705,18.53536659254368,-1.4542524320022487
agm015775660,21.135943371813557,0.8082410082040177
agm015788544,17.406383253739527,-1.1545793555685027
agm016203725,14.108301318429925,-5.102627610294504
agm016261994,17.263720159323825,-3.824270282741996
agm016452139,13.163042346364298,-5.996049576126585
agm016488082,17.487496368198382,-0.18107129804532285
agm016520661,11.686517334324845,-7.631050321601832
agm016692370,12.48403617931838,-3.3368170249302196
agm017108216,15.467893716023253,-7.9961050539558896
agm017358307,18.355422494907327,-3.413307049975245
agm017383628,16.17319564665442,-4.029478746810353
agm017578893,17.320138289845527,-0.811556225348942
agm017787461,20.33093514665552,0.2149624097426409
agm017910208,15.026793819706102,-1.4515105679728635
agm018237147,15.203163402942678,-2.648072251993408
agm018312543,14.302504371396454,-5.765925579603869
agm018630176,17.214607175647927,-4.107454085844339
agm018672718,15.979361699403807,-0.7344796334823961
agm018846712,12.837576680727693,-6.091793249589298
agm019052755,17.67462703243411,-3.129076653983424
agm019058405,20.206204156684873,-1.5299835891271796
agm019277158,16.844187118054958,-4.218713393354604
agm019325283,23.961661502994797,-0.24968156045515189
agm019327468,17.47217709627917,-4.647124783628754
agm019383947,25.298795325174158,-1.454788646693616
agm019384904,18.03671852755438,-3.1560828270338015
agm019390409,23.057353449743026,-1.3273075958509795
agm019391716,23.050474013368493,-1.3487877704962576
agm019396523,22.709094568291242,-0.9783383447629279
agm019428951,18.68194196386089,-4.256000914109645
agm019507614,18.90769201400455,-2.0982887978170286
agm019573091,23.17970900493647,-1.820670976401845
agm019573858,17.73044120913696,-4.305667696106658
agm019789883,21.410924437432197,-2.021943904509135
agm019944708,22.479618657069263,-1.7447022094887514
agm019957202,22.483179584392737,-0.5160953848711922
agm020007692,22.122686318426982,-4.396677536565584
agm020149089,23.066245518368987,-1.071601860359372
agm020266597,11.707754517647608,-1.4232251951992885
agm020267873,16.085075483512405,-6.164098898454644
agm020287097,9.940963821107964,-7.854291768513611
agm020554470,17.072199184088863,-3.9990840306915523
agm020590753,20.316735397035806,-1.550606952598034
agm020702133,10.72744984097168,-6.988717747864662
agm020842886,8.509214575601026,-5.782233834481338
agm021097834,13.28641545251233,-6.397380534555748
agm021177519,20.099861368668016,0.28839021915461654
agm021243229,15.359206501099218,-3.241803780624186
agm021258972,17.22031833248668,-2.453472452916383
agm022169397,15.68182025371623,-2.2853571690574337
agm023579109,21.322315766065064,0.5680601372410209
agm028360408,18.074437778902357,-6.607081584901328
agm031053121,11.922582543371549,-5.784725674613075
agm031076615,14.536988161839316,-1.9490739966818922
agm031081640,15.334679345138744,-4.31677123162481
agm031134027,22.80528730613213,1.4971623729882186
agm031181492,20.87841339834617,-0.5113731374070323
agm031197498,17.15281004301307,-2.948978356737297
agm031226091,21.394762454863375,-1.5015001616032855
agm031366540,20.63177276234809,0.5663504892887232
agm031416881,16.2619192866534,-0.27123588590024283
agm031513630,16.27980667833933,-5.069001596583298
agm031632681,18.007216701806602,-2.7540661992649103
agm031779785,18.101859363069153,-7.114503095502296
agm031792319,15.978732469175094,-6.379539237832752
agm031812705,21.62644866626684,-2.7031227754228566
agm031819539,16.830867007092312,-3.48386162182279
agm031855991,17.658466772116093,-2.9845799270399582
agm031881173,16.76147366980447,-4.658188796892174
agm032006245,17.336352471925583,-3.461880484864123
agm032075365,14.152743183407587,-2.1814750537351957
agm032116309,13.583418197216917,-5.092460825782594
agm032210382,15.980754174406725,-5.111933024402102
agm032270065,17.384770603964686,-4.666283996841047
agm032281107,11.67919915933471,-4.5011408515724405
agm032302034,12.492304242029684,-4.08213817247094
agm032414126,22.29426604024329,0.8173223046768102
agm032478274,20.994611006271846,0.9251527978778119
agm032551116,12.656984968779698,-1.2636879106118892
agm032558563,12.679148020495889,-6.419429670925371
agm032739509,12.653255298582087,-3.6053953681575117
agm032764363,21.145045854664332,0.6858397625121887
agm032770781,17.373737720994217,-5.078303572416378
agm032796661,16.912560320034213,-5.055461789889642
agm032841206,18.264101564240075,-7.333433991762562
agm032871362,21.305028784087423,-1.2101378995911147
agm033074582,17.16739884198818,-4.272322223464219
agm033132677,12.37080006552795,-2.9540475042630234
agm033134656,14.132462321770412,-3.0175940400482077
agm033139417,21.34607133818126,-0.006550103684168936
agm033139550,21.91851370497137,-3.145699889039427
agm033142293,16.030999210909364,-5.924077339090719
agm033380449,15.280689916171097,-4.661206870278679
agm033380460,19.76120225575603,-0.2832846324922305
agm033404383,17.14007917037652,-3.979514937612801
agm033417768,16.00926424176091,-3.4113917726720153
agm033424924,21.941897076955833,1.2358021927561318
agm033505843,16.229401917060923,-3.7744666878145963
agm033545494,15.404459007685084,-1.571135084952493
agm033548110,12.914917819747956,-2.3169878397943457
agm033548266,14.203931730009716,-3.031137512377871
agm033562785,19.917511639411895,-1.059232580712811
agm033578838,13.946757659547151,-3.7542478611600534
agm033635963,26.811789440278986,2.344408730312695
agm033671908,27.28780184453956,-1.199230529060075
agm033718521,21.88321261482787,-0.06738339744881176
agm033746396,15.023932702812152,-6.003920498413865
agm033820258,12.319791494013193,-2.446915187712525
agm033903286,27.714913189287838,0.0012784039369731677
agm033976844,16.826687415744594,-2.8844733599702543
agm033996079,14.807807578703526,-2.3331395229308787
agm034019527,20.679504262501457,0.6609736144506861
agm034184582,12.394460604999757,-3.4695228317396807
agm034293206,16.891249023317272,-4.051731873620447
agm034308768,15.38862191189823,-5.045709070404564
agm034338280,18.86864248013943,-0.8079762061302151
agm034373268,10.536165578242429,-4.376420788573751
agm034415352,20.31523456783437,-1.7075746514553825
agm034416781,21.269016229618043,-1.1273318983752247
agm034492254,21.25926570039297,-0.590729582222521
agm034594732,13.089697192986309,-7.665333644424294
agm034712438,16.6949844758242,-2.8991735134660126
agm034717620,20.24391351008504,0.47055483027238115
agm034743584,15.531208723957311,-6.202714680047485
agm034755995,12.987264862746246,-4.357630988575199
agm034787686,17.380531876596063,-0.04306978024892416
agm034795397,24.067788979625433,1.880886836031393
agm034835730,12.117287222554339,-3.306751981414699
agm034875450,17.865588664455966,1.4154476808716272
agm034878806,22.96302333099179,-3.031264724718417
agm034879118,21.378488533295126,-0.6095392835572658
agm034909723,12.87393823446459,-1.089754563954996
agm034914590,18.70837476241621,-0.5017436805988028
agm034976681,13.504385760219874,-3.8154277350518
agm035018476,21.22494351052691,-0.46174548828224893
agm035086558,19.141196467440064,-2.132873991938087
agm035225697,13.958889721571566,-5.265929401983751
agm035256291,19.08723621594845,-0.7666696382500339
agm035286771,15.578527325650446,-2.900575575162685
agm035292838,16.393044727966863,-4.561489455832215
agm035330454,20.586646668490815,0.6547943265417846
agm035336033,22.47631057831367,-2.387097158416944
agm035354220,12.674264065183584,-5.728113479715049
agm035403109,13.785577633435883,-3.9765943509234845
agm035444236,17.029812737376336,-4.165440270887483
agm035545656,15.6654039458134,-3.659199784082896
agm035628902,14.091158815275662,-8.510202720492297
agm035722046,20.02680090983581,-0.5144693703075127
agm035757346,16.519385284586306,-3.0821396371115117
agm035790793,19.500715609120647,-3.672381037751437
agm035917435,12.736898032677672,-3.8421767350564173
agm035972573,19.70354347384909,-2.765039235197697
agm036069595,19.357224210207406,-1.038770972317402
agm036210606,14.444622763642734,0.5234860073705662
agm036341932,13.387853427334393,-8.600514099114916
agm036493029,20.477529190940917,0.44274625391026134
agm036513268,22.340729254414484,-0.2636546350837605
agm036563554,23.43732671888983,1.1415206799205535
agm036567873,13.842343778153731,-5.086336264437203
agm036827060,20.621648289497653,1.0192929813657094
agm036946266,12.577787601690632,-4.57324684446391
agm036970084,19.875038596917317,1.7940621133950205
agm037131534,14.419794472121174,-3.8527963739316786
agm037219545,14.901662140464422,-2.646973483508853
agm037262586,21.240494687849104,0.1622119328254706
agm037427117,12.569908572625874,-7.976214627803122
agm037485921,12.943338840984696,-10.134263674756795
agm037535409,17.042104808870732,-4.283424791177795
agm037634837,21.051105810104406,0.9796297270980515
agm037641523,19.936193164191415,0.41596834844590447
agm037757730,17.27007038639976,-4.5454721720180755
agm037874556,19.087647810162657,-0.7672666282166389
agm037891295,13.638925392386838,-5.246481824525186
agm037930437,12.297914871190878,-3.37137311590766
agm038144242,15.506036906430234,-4.272157951456216
agm038325840,17.379141557098134,-4.665908576691105
agm038452895,21.494345981131232,-0.5638456034278221
agm038538948,15.142981131420212,-8.14960404476644
agm038619238,21.876712144106033,-0.3869970991684279
agm038643047,21.42501334169982,-0.47250047826036773
agm038798875,20.518500728945764,-3.6182364592691134
agm038827824,20.632428511509648,0.6578047968295243
agm039079614,12.159530298028992,-3.299222370251782
agm039214096,15.337702214677664,-2.288073969078232
agm039286936,18.457927807897743,-5.476434261365296
agm039352188,21.33854640512254,-2.6008998473131983
agm039384253,20.60916874635593,-3.1194893964610397
agm039391848,19.72250936321245,-0.6515308678256518
agm039392355,12.596854500774727,-6.140765386968134
agm039416217,16.202304460467214,-6.117082720590331
agm039466187,15.894923275640872,-3.2951466683728086
agm039482009,15.086906125084973,-2.352187530387514
agm039487101,11.662543473754788,-2.248673531050873
agm039621957,16.22790912875414,-4.593836556569903
agm039628245,18.4516755646019,-0.4069434877486214
agm039656398,13.009690868603938,-4.060406989728279
agm039933136,21.332592583046537,-0.4657153834832073
agm040011824,15.344081274731748,-5.309111650663053
agm040189302,14.247257978335583,-5.865096841825303
agm040214963,12.61664166419137,-2.907990152207262
agm040435954,21.39533764404463,-0.5746375298359864
agm040444446,13.989958008315028,-6.350193541010757
agm040463022,14.00505738332846,-3.6022799381161903
agm040518097,13.56970203883001,-5.207428365001584
agm040627440,15.592981403024515,-0.6831614133509202
agm040645361,18.93115486503565,-0.7975133355928641
agm040675271,24.71714749192366,-3.3160120734943024
agm040796270,23.110130280494857,2.0397349857543556
agm040809534,19.354651851937994,-2.042048321104583
agm040810729,13.511458083154638,-2.5183996812503566
agm040853550,18.273965393023822,-3.4883387761059854
agm040949986,15.956579609393966,-3.755440199733566
agm041062834,13.092255285412685,-4.349808066426307
agm041214832,16.438471741157866,-4.153651285571539
agm041237498,13.270435801943366,-1.9358872482461236
agm041365543,20.62517942543667,0.44585028893408857
agm041423230,20.02183792661285,0.3732275025676615
agm041682032,18.83488145273237,-3.0895028595095164
agm041688826,16.73781869674541,-5.4094785132189775
agm041699409,26.08209336407517,-0.8827536184909528
agm041726471,17.253215946552153,-1.4800065754152942
agm041793581,20.90124253003215,0.48996796095390965
agm041918271,21.2422538431233,1.05447391012462
agm041977071,13.316094210907515,-3.7981825475238167
agm042034097,12.234411791816386,-7.493947168535202
agm042110408,13.437456175313208,-3.2049749360099606
agm042146267,15.890245615682778,-1.2919661772170097
agm042232268,14.571284997458271,0.0847876973196889
agm042271688,14.524642708051681,-1.638018302666057
agm042407943,24.859945917304035,-1.2024601616747823
agm042428579,13.597799653752142,-2.745744208736994
agm042510531,14.045024095198066,-6.885243197982959
agm042736050,23.97156554882789,-1.4934409785656455
agm042832020,19.46602588931875,-1.8356642990612415
agm042918042,13.020582022577782,-8.316810611580365
agm043102424,24.840917807931774,-1.2720539060506197
agm043344049,19.32100239670938,-2.1221808407714744
agm043350123,11.269792291710736,-6.0374174407558465
agm043577218,14.284705390923515,-3.033618676280234
agm044603963,13.455709724632039,-4.6660094578241305
agm044758917,25.59546118440962,-1.409527071424272
agm044992392,14.683660448952281,-3.1241163327599875
agm045249968,16.8013386532001,-1.0533885672424872
agm045298996,14.413314934625564,-2.6457609581429793
agm045949129,16.95295209921937,-1.8728288999149585
agm046066198,16.25364200966974,-4.46868300149172
agm046071820,16.635499896206184,-5.717379073442867
agm046093453,19.6235983783754,0.0664788648958942
agm046110206,17.557417065437512,-3.2475738273181776
agm046232287,15.717378563274863,-2.0957229488481772
agm046302397,13.473915948437726,-4.462418249071207
agm046353452,9.838922015863242,-5.4828468914448685
agm046402477,15.365475920303991,-3.7219522999729904
agm046448994,18.172398809632597,-2.1737906607037707
agm046449671,13.140402592446897,-3.3298154879157984
agm046736258,16.30915796237616,-1.672387794047222
agm046884723,12.219617578634356,-3.25547415778367
agm046901051,21.174535944804102,0.5047599861018414
agm046910527,16.857974906802536,-1.637811685662137
agm046982599,18.02348070026419,-0.3805595832304493
agm047039985,12.399580744061067,-2.8793414073504593
agm047085581,15.060054696297906,-4.416868292439723
agm047139790,17.312356115240753,-3.8331429289413848
agm047221883,13.771061737996353,-5.145672274998404
agm047269073,14.979621702888926,-3.490832956844381
agm047384164,18.43726380824705,-2.9546488338689088
agm047695221,15.63653018424617,-2.046534210595726
agm047712724,18.36054856950112,-2.637665244564688
agm047865421,14.59468352900472,-5.8354583564180444
agm047950906,13.465765941095412,-4.791873449726021
agm047979706,14.91526024473545,-4.579980513969272
agm048029205,19.102257491072866,0.8433052949609822
agm048115678,16.55723818230145,-2.8728238348453914
agm048282605,20.101959691749204,-0.8327105350724953
agm048573830,18.316708557855126,-0.47378425052384365
agm048597860,16.57292197047395,-2.9899908554140318
agm048696755,16.184794618931125,-2.236049377950308
agm049032731,18.00436303139816,-3.1312547961627133
agm049096122,17.27412326418738,-3.826019834059103
agm049189626,15.032163165586923,-4.188090922183637
agm049218422,16.631011297709126,-6.241846299685513
agm049218651,22.045205715492298,0.6788173796128945
agm049277985,22.59767149366037,4.742882381587565
agm049495190,18.099626613350313,-1.4325331191484179
agm049757473,16.638028667217423,-1.7100344292327414
agm049838963,22.238407717809697,0.21310757814131578
agm049859830,13.480740767912707,-4.890491503339065
agm050033487,16.08393430995874,-3.369658993798874
agm050125160,14.626040733425379,-3.928993539892613
agm050216186,9.997370783485351,-5.43506178918095
agm050252246,18.715289876713772,-0.6445715730881266
agm050379828,18.96748082141435,-0.8809774248467223
agm050559441,17.343671346456144,-4.183089538528528
agm050611168,16.334717787758073,-3.7902968765200833
agm050869952,13.048345107662774,-4.919496039947193
agm050891097,17.367129952405936,-1.979031301604109
agm051002930,20.2359356623221,-0.29053002656473187
agm051117696,14.17258256006044,-1.0488567209745934
agm051140841,18.549989303321237,-0.9313122443911741
agm051147917,12.859275587059516,-2.2954068623981225
agm051159562,16.377737659746046,-1.4804565467201025
agm051193864,14.748398898977548,-1.0089569757246537
agm051259667,17.761690142352375,-0.4213979788284454
agm051285427,13.521410794004716,-5.638974851602268
agm051286752,15.497225960466373,-3.9496738945559713
agm051360377,17.767616694286435,-2.1660535684552458
agm051439740,15.605603335154932,-0.03147649215247602
agm051474563,23.787065524079445,-2.1450965738246697
agm051488376,13.932343290824127,-3.9626738043207688
agm051593339,15.669273976720442,-1.4158139562617438
agm051704010,20.535874905029164,0.9407499354321835
agm052084791,14.10228529123667,-4.696010439479611
agm052088254,18.687978184073394,-1.4152698044028469
agm052270463,17.62023625308057,-2.4377871770965225
agm052414571,14.431395316707034,-5.5082540928849575
agm052538474,19.80611481246317,-0.12487855620880772
agm052563388,14.222167459803886,-4.434653312533265
agm052574115,14.921006828264842,-4.029496580374879
agm052584940,18.70983385991742,-0.16806251004236886
agm052678971,19.19851464615134,0.5336679204632203
agm052684671,20.549227617276713,-0.5929344108123639
agm052696731,14.280347756274637,-3.704386128130555
agm052706368,16.51714568573341,-0.32228338512060145
agm052902985,23.68842307439618,-1.058484784255053
agm052913920,15.907120379312955,-0.7682994724973581
agm052958612,12.55617280423507,-6.2099003224425875
agm053085436,13.329120462533417,-4.6295602238753615
agm053251630,19.145773314208625,0.8431962072452167
agm053384127,12.489022366889175,-5.463258509575275
agm053445772,22.36243828318467,-1.2103868618917442
agm053471436,19.15714761284025,0.6836690962175181
agm053492783,18.991857905284405,-0.3723636647002717
agm053494456,26.628841526969524,-0.6726310121476041
agm053695294,20.400171328867422,-0.23332436652855706
agm054000778,15.446572700071561,-4.98430144876898
agm054191532,15.454278214045715,-2.332737846043192
agm054374296,16.220152177877434,-4.264427121550333
agm054551773,20.101325276650346,-1.4673243364180077
agm055028904,14.503699756272452,-4.258037673384923
agm055052934,16.7010676947741,-2.136488385663552
agm055166540,17.606715726804193,-0.11939619756826876
agm055276058,17.489679179692477,-0.6307381357584797
agm055311908,16.256044310967987,0.07313821604476119
agm055402753,23.32386051944904,-1.4497504469378104
agm055420943,14.497904059433674,-4.70266633512442
agm055579385,17.997330570296118,-0.061571689218440064
agm055637410,17.223916435019717,-1.1047445474122093
agm055661960,12.2677281520054,-7.481288918878247
agm055715306,18.665899209425472,0.5347571800044495
agm056233791,16.35852820846938,-3.081269618412825
agm056491024,14.709113330489629,-4.370489953052644
agm056518807,20.831826873678065,-1.1889600427198197
agm056695864,16.85851794964426,-4.277335492615258
agm056894988,15.696612403431004,-2.785687280250437
agm057023488,20.348622243024906,0.5476143431130791
agm057063227,12.943047358308235,-3.6430192235288845
agm057268400,14.623055458814179,-3.1205927273497718
agm057456046,20.39185884070596,-0.5452868768031935
agm057759190,15.74191788293023,-3.9081237094103436
agm058131735,18.944279986534724,-0.15368375292527237
agm058189357,17.893711119887303,-1.4875394907663086
agm059394271,16.227364007246315,-6.770629519635657
agm059819585,14.158811664144526,-3.5924819089284075
agm059854547,20.6700987689419,-0.5236852968349299
agm059874422,20.859173189445844,0.5808830589842047
agm060163828,23.969668607190567,-1.4541216598170834
agm060255427,22.4909109648938,-0.503433938770852
agm060302844,16.06818749147992,0.04203541802301084
agm060355585,23.413615828179893,-1.068769130281109
agm060364005,15.618084428664547,-0.3451576582171354
agm060428354,21.793452131056583,-1.8498248976243155
agm060571038,22.625423552497434,-0.955401080766503
agm060796651,15.915085323391487,-7.399762964977967
agm060824465,20.516988128900778,-0.0567456733957572
agm061068251,21.068914643982943,-0.8113347154132344
agm061212443,19.58249392363623,-0.8350247660963076
agm061420322,19.769000082378803,-0.7525689823321713
agm061474413,15.778854991163595,-5.679251199548432
agm061543395,23.00042896729256,0.7427890525818417
agm061721407,22.748525588082597,-0.9299526277512675
agm061812576,16.773569726767814,-4.304872370048372
agm061853986,16.877304953498406,-3.7930478672637498
agm061903604,15.137690882569881,-2.318711396245597
agm062234490,16.27532978189041,-0.4633355932597949
agm062312689,22.562652228461108,-0.9609304671817887
agm062830898,17.311109136833426,-5.599254646851371
agm063085059,20.491578713330362,0.5315377004953317
agm063144478,14.897531225360975,-6.930451797264878
agm063809045,14.858299927660543,-6.505700442655021
agm063870354,21.426515302141322,0.09605415858771948
agm064155564,11.334507239546818,-6.150894677889635
agm064236107,14.814329419469733,-7.2732712634318295
agm064833606,15.235972446411276,1.2099531058324906
agm065373797,14.27589793219556,-6.400121171390333
agm065460782,22.19603459406238,-2.743478923664181
agm065514768,20.161041106692934,0.5856308617320577
agm065531945,24.12757121313469,-0.849745232648015
agm065622749,22.736411021370767,-0.9351288420756436
agm065932436,22.12423208594443,-0.5479772536852225
agm065945107,14.588235706157107,-7.329964215906056
agm066110763,13.091294173539055,-5.981398834581135
agm066420234,22.975769831938848,-1.3623465446736978
agm066426256,22.906581497446677,-0.8988016195222066
agm066471272,22.235729660499967,-0.9995597378050776
agm067521681,13.768687579501863,-3.5700773287856484
agm067554877,14.563580231864677,-5.099909899399131
agm067793528,25.655037024563132,-0.648356068968214
agm067901243,16.004995881065913,-4.235062043735832
agm067913213,21.881892044284033,-0.7233303531370896
agm068299497,18.328569889197762,-2.1364454338228067
agm068350495,15.70565685055179,-0.42186374330647
agm068421791,18.85500171251456,-0.6751588110747808
agm068805815,18.677940148102618,-1.4214763780629767
agm068943153,21.25095966747143,-1.1522495340276884
agm069119895,15.438619893125084,-1.039600270913608
agm069128259,11.902758538280592,-3.998709419397302
agm069258117,13.23911639640317,-5.295205409477283
agm069260712,20.43532195353275,1.6644556587066373
agm069283242,20.612205265505757,1.0514406655972017
agm069295999,11.4430209397975,-4.351232344090625
agm069315443,14.075265829292952,-2.2110004715809475
agm069395575,19.49294761829328,-3.668053306866691
agm069461818,14.742453312151733,-0.8147670790374409
agm069497264,16.580471823097568,-4.124181776513642
agm069499209,16.249819801156555,-8.492458146593435
agm069527535,24.476245565292867,1.5018161040106248
agm069538790,11.987138471359644,-7.779071841053612
agm069542762,20.739194726451146,1.5704709386193414
agm069654459,16.34895166277676,-3.0231545076992266
agm069780602,8.71909313955312,-6.991395476732285
agm069978030,17.629831774427494,-0.15047276744389335
agm070019833,19.68654688249574,-0.23940313923403642
agm070103954,19.25257836032529,0.9825901717742251
agm070120908,19.559784098706093,1.006883317286886
agm070134454,21.519080862165495,-0.30078656843775714
agm070166615,16.682298158816597,-1.5038450258324971
agm070190128,18.830977543566835,-0.07402842643698371
agm070195390,11.274082953693997,-1.2063185405678543
agm070200207,16.82703466286619,-1.7223194652180358
agm070260224,16.416251614064844,-1.5970792613500404
agm070277652,18.332166677382506,-2.0591843064859816
agm070325606,13.886534893582287,-3.4165449447618492
agm070346469,13.288479397979138,-4.140904102938879
agm070399565,16.255821435984718,-2.15758306649687
agm070401774,13.51539239397436,-3.782191348768978
agm070404710,17.106831366626,-1.2559014399724286
agm070407576,21.02014264037842,-0.551241772771696
agm070416276,17.644300641866348,-2.2595187255990834
agm070480086,20.9301675594311,-2.165142742903536
agm070548142,19.887756604760977,-1.6335423512084681
agm070563557,16.785843177082697,0.27758436197306074
agm070599800,20.976975662595898,1.2086352387845025
agm071590064,10.72172154030951,-2.3621825704022448
agm071659156,14.747748300193512,-0.7580342474650305
agm071710261,19.942479459922925,2.089116072091132
agm071746895,23.074869448408876,-1.1962462747943956
agm071755728,20.510923140464072,0.6367704973528424
agm071788543,11.96730481267162,-3.942035516235458
agm071827366,9.818042353410469,-4.277267397383203
agm071848698,14.437719742513444,-0.20860855498717168
agm071905563,14.371514641136947,-0.48036788160552124
agm071922004,18.71586800426548,1.3582216675257552
agm071947044,15.467200437184493,0.1830692746961041
agm071952880,19.196749990618244,2.4067910305541904
agm071997748,15.947014941864657,0.603934025062113
agm072010787,19.93230238433317,2.3437631870175877
agm072011051,15.433809974434212,-6.088621025223607
agm072017833,12.027573755708644,-4.023129893650069
agm072055361,20.423600433940546,2.8187269325513626
agm073029910,18.564869105600195,-0.5497364741925264
agm073032751,12.819055514841287,-2.4145990217212225
agm073035089,8.185699461785639,-4.883561133498729
agm075736854,22.54232065607169,-6.730458315127739
agm075752243,18.604502780222422,-2.0470235955255034
agm075757954,24.271685500458375,-0.77628057764275
agm075759623,14.505398664432295,-7.622776928370212
agm075772830,19.99325174540182,-0.8789811567252919
agm075877595,18.929072526560514,0.6802765049379159
agm077614787,20.643427676615925,-2.3592596267487647
agm077618192,13.591023816518035,-5.262484351227162
agm077635730,12.890096808553572,-8.00718847036513
agm077689631,19.191206858679784,-1.6862462119495327
agm077719115,14.863655828213519,-3.1188264167253092
agm077739096,18.916984064278402,-1.201475715507123
agm077768652,15.238747808950803,-4.91150612619633
agm077772848,13.09915946612058,-2.376257609222682
agm077805716,23.834573236694382,0.6621354143359751
agm077806547,13.715294728944984,-4.468683470465998
agm077827255,23.022167240319806,-1.0374499635577752
agm077870433,22.00204523782322,1.0533032164061478
agm077894967,14.076751958557507,-4.042752781413829
agm077896372,23.944555285766565,-1.7982798102796178
agm077903872,23.411213025372827,-1.785940742437446
agm077937136,19.33669192749806,3.1347277163246043
agm077938356,13.66033450721601,-2.9441712903038946
agm077983527,20.434183446293407,-2.3874928374254587
agm077993194,16.95156117234905,-1.2195371148606127
agm078012823,23.193446250733082,-0.3981578226851923
agm078051732,12.791168102293875,-7.541892163152777
agm078128480,21.719495650385493,-0.09913593309070794
agm078134840,11.558374420128452,-6.653162607793607
agm078165825,17.574732559742476,0.43094476975948304
agm078188146,14.218152142882639,-5.667660402576403
agm078208142,16.25994292547291,-2.195695057619228
agm078239464,22.719242475496596,-0.484386190257037
agm078252032,14.35848378427557,-5.925469373348037
agm078282223,13.023872819436411,-9.477439472357917
agm078283996,20.813100452732197,-2.2351731628194833
agm078294958,16.015724179246977,-4.248459416520099
agm078335224,20.77301479159099,-4.99037136717265
agm078340323,17.880568598628958,-0.4309389315751613
agm078341714,22.644871275917513,-1.4090763639417734
agm078404586,13.063692448703646,-1.7477722682514412
agm078439128,15.68678503437536,-2.4295181474510796
agm078454585,21.756854687509136,-1.8500785551329724
agm078490819,16.920293993665783,-2.70868416286448
agm078515325,21.420327142154218,-2.472770600659126
agm078547554,14.984792231614295,-2.350909872057312
agm078560408,21.53496075157883,-2.7474502089508457
agm078574004,15.16302403621378,-5.93840215289141
agm078596872,13.371005642402485,-9.712482385358856
agm078635712,21.658471932396854,-1.160240526147674
agm078649580,25.557367096091756,-1.0532599590042344
agm078660711,13.734860077588996,-1.1345033711651356
agm078674135,17.550831341105646,-2.025643964853717
agm078702479,6.227777727059407,-4.4635605135376375
agm078703084,19.4446338997706,3.1467394223628147
agm078711475,22.290298554936676,-0.5532893467728801
agm078789426,16.34148974800686,-8.582300497962136
agm078844528,16.850764729168805,-0.7946288459245432
agm078857003,22.765303166474553,-0.49255218749977603
agm078863778,14.708434408937654,-1.1302731416092164
agm078875830,17.572558352999614,-3.0559553100543972
agm078940507,21.764389149481946,-0.5208564139893094
agm078987497,14.475927926676263,-5.615191046167782
agm078999228,13.931571823132925,-1.1352021273837951
agm079004138,15.63177419657489,-5.079163251393831
agm079077732,20.394280914551704,-4.265090597786689
agm079078497,15.681379385243215,-1.6035266996977662
agm079082569,18.579641496707108,-5.174552649837742
agm079133833,18.985439192245504,-1.3942834364479826
agm079136810,16.451020475106407,-0.759071851399408
agm079193515,15.711937095507905,-4.785505236668156
